time_s,dc_link_voltage_v,active_power_w,reactive_power_var,phase_a_current_a,phase_b_current_a,phase_c_current_a,line_ab_voltage_v,line_bc_voltage_v,line_ca_voltage_v,blocked
0,799.99999994,0,0,0,0,0,485.431753129,2.55795384874e-13,-485.431753129,0
2e-05,800.000344495,-1109.92025034,-2.63141085524,-2.26686295746,1.12574822521,1.14111473146,801.817299541,7.68325308513e-05,-801.817376374,0
4e-05,800.003055107,-223.477518098,14.6306580137,-0.455811473161,0.197079335945,0.258732136876,801.806311552,0.000308264003138,-801.806619816,0
6e-05,800.002157367,652.803701393,51.2867917208,1.33382921173,-0.735817544681,-0.598011668401,797.591801146,0.000689029377952,-797.592490175,0
8e-05,799.997703694,1524.36172754,107.774022575,3.11375704141,-1.67967102385,-1.43408601829,797.573728566,0.00122792502162,-797.574956491,0
0.0001,799.997565898,139.566690132,86.5609769314,0.290271252031,-0.290330797915,5.95446823483e-05,-801.800460899,430.672571772,371.127889126,0
0.00012,799.998264049,-35.0356090088,3.83399944912,-0.0711716224912,0.0264786342021,0.0446929878833,801.798744291,9.10717679403e-05,-801.798835363,0
0.00014,799.996622422,836.616070499,98.4970754097,1.7142010227,-0.966053248636,-0.748147774392,797.583213163,0.00108952736576,-797.58430269,0
0.00016,799.991426113,1705.50770024,212.867869628,3.49578175886,-1.97236373616,-1.52341802386,797.564077397,0.00224472855029,-797.566322126,0
0.00018,799.982692661,2571.87912963,346.640604177,5.2745809134,-2.99246578723,-2.28211512655,797.541349439,0.00355175328565,-797.544901193,0
0.0002,799.97696981,2299.47386128,428.481261004,4.73387776505,-2.86796287075,-1.86591489363,-801.814971004,0.00501023986044,801.809960764,0
0.00022,799.974898885,1764.90389736,201.981322113,3.61925935606,-1.9505623496,-1.66869700608,797.547041789,0.00140932671053,-797.548451116,0
0.00024,799.965970936,2628.41994203,378.704585051,5.4010680749,-3.01856075125,-2.38250732432,797.523864805,0.00318026711875,-797.527045072,0
0.00026,799.953517383,3488.67672512,574.637081213,7.18052028754,-4.10041319593,-3.08010709213,797.497104729,0.00510153049345,-797.502206259,0
0.00028,799.937554567,4345.46311413,789.705406588,8.95771209206,-5.19612943606,-3.76158265646,797.466777373,0.00717273386215,-797.473950107,0
0.0003,799.927328208,4176.76329017,927.703517662,8.64763116848,-5.26316448544,-3.38446668408,-801.796874177,0.00939348895986,801.787480688,0
0.00032,799.923511365,3567.07680158,336.716988624,7.30049304302,-3.6107561464,-3.68973689693,797.468947132,-0.000394903750703,-797.468552229,0
0.00034,799.907404303,4420.98948649,595.20544268,9.08229843684,-4.75600809755,-4.32629034003,797.438204783,0.00214858877689,-797.440353372,0
0.00036,799.887795017,5270.69835534,872.618304735,10.8622634953,-5.91517034599,-4.94709314947,797.403899861,0.00484038595846,-797.408740247,0
0.00038,799.864698742,6115.99824614,1168.87342491,12.6404830634,-7.0882493966,-5.55223366781,797.366047094,0.00768007860552,-797.373727173,0
0.0004,799.84931618,6049.89701259,1370.09081556,12.5637121076,-7.34858129063,-5.21513081813,-801.748869639,0.0106672523091,801.738202387,0
0.00042,799.844806727,5345.98225372,305.74087053,10.8708379154,-4.73117363492,-6.13966428048,797.366788683,-0.00704245319258,-797.35974623,0
0.00044,799.821830012,6188.99213268,645.912666751,12.6554938788,-5.95584386152,-6.69965001696,797.328765338,-0.00371903075859,-797.325046307,0
0.00046,799.795367734,7026.86444185,1004.70111994,14.438819748,-7.19446102166,-7.2443587273,797.287193345,-0.00024948852689,-797.286943856,0
0.00048,799.765434053,7859.40018332,1382.01544382,16.2209089807,-8.44702834674,-7.7738806348,797.242086382,0.00336573854287,-797.24545212,0
0.0005,799.744369857,7895.10299533,1653.49324278,16.3803153675,-8.90277872166,-7.47753664491,-801.67077732,0.00712621034813,801.66365111,0
0.00052,799.737286979,7270.40824649,482.319775333,14.7501110772,-6.13363372309,-8.61647735391,-2.20441871298,799.424864765,-797.220446052,0
0.00054,799.709694978,7959.94501194,532.302772963,16.134848701,-6.62861530562,-9.50623339429,797.195869673,-0.0143880903714,-797.181481583,0
0.00056,799.676652655,8784.61516538,972.454872048,17.9243458489,-7.94873112005,-9.97561472943,797.147279286,-0.0101344179963,-797.137144868,0
0.00058,799.640148004,9603.03225994,1430.79325825,19.7131085045,-9.28281072866,-10.430297776,797.095160424,-0.00573743520783,-797.089422989,0
0.0006,799.612885614,9739.29834812,1779.6426946,20.1114971008,-9.93598781662,-10.1755092833,-801.563115032,-0.00119760732764,801.56431264,0
0.00062,799.603226335,9146.64810938,645.521432973,18.489073213,-7.2488145357,-11.240258677,-2.2286894276,799.28326112,-797.054571692,0
0.00064,799.571444965,9721.89072975,450.087493281,19.5346227663,-7.13126872359,-12.4033540433,797.038107525,-0.0263604264666,-797.011747098,0
0.00066,799.532065633,10530.8379275,971.037080981,21.3330612863,-8.53411740021,-12.7989438865,796.982721757,-0.0213241323248,-796.961397624,0
0.00068,799.489226712,11332.6345026,1509.80402638,23.1312601127,-9.95092513656,-13.1803349757,796.923807804,-0.016147049115,-796.907660755,0
0.0007,799.457687015,11454.7143804,1917.79029151,23.5398497392,-10.6869581735,-12.8528915657,-801.42881305,-0.0108296669069,801.439642717,0
0.00072,799.447008597,10815.6312034,904.010404063,21.8128727494,-8.19896098388,-13.6139117643,-2.25005915742,799.11992585,-796.869866693,0
0.00074,799.412991783,11261.3497942,346.542480469,22.407047666,-7.2387482837,-15.168299383,796.864754822,-0.0396477552985,-796.825107067,0
0.00076,799.368391914,12052.6595006,946.437835749,24.2181320081,-8.72595877899,-15.4921732294,796.803663479,-0.033831072083,-796.769832407,0
0.00078,799.32032409,12835.9500288,1563.76081918,26.0294667055,-10.2271067711,-15.8023599339,796.739033242,-0.0278762656751,-796.711156976,0
0.0008,799.288006959,12831.5411695,2000.95118934,26.2205335878,-10.9318817426,-15.2886518438,-801.273761032,-0.0217838503974,801.295544883,0
0.00082,799.277017696,12141.1732757,1101.70703957,24.3932761782,-8.64491611224,-15.748360066,-2.26519095013,798.941492485,-796.676301535,0
0.00084,799.241921148,12483.6797134,172.611539346,24.540266604,-6.84389000248,-17.6963766018,796.684992386,-0.0542624327251,-796.630729953,0
0.00086,799.193614522,13255.877993,849.054945457,26.3681595964,-8.41724864555,-17.9509109506,796.619679502,-0.0476683112868,-796.57201119,0
0.00088,799.141818229,14019.2215653,1542.52080319,28.1967890618,-10.0045070571,-18.1922820055,796.55080377,-0.0409388745371,-796.509864895,0
0.0009,799.110200531,13889.5247445,1999.81090407,28.1746301952,-10.6798490269,-17.4947811675,-801.104464926,-0.0340746605324,801.138539587,0
0.00092,799.099505116,13143.393641,1209.21179744,26.2513141901,-8.59565033743,-17.6556638514,-2.27423481127,798.75419706,-796.479962248,0
0.00094,799.063242638,13435.8238059,10.7934080027,26.0710285376,-6.18707467008,-19.8839538681,796.501944144,-0.0684843956476,-796.433459748,0
0.00096,799.012453594,14186.942942,761.448015452,27.9196201483,-7.84780644868,-20.0718137008,796.433608483,-0.0611200359551,-796.372488447,0
0.00098,798.958141335,14928.4054048,1528.7010382,29.7694287705,-9.52238426346,-20.2470445087,796.361674293,-0.0536233009583,-796.308050992,0
0.001,798.92831724,14674.4945795,1997.1601529,29.5380613827,-10.1695554764,-19.3685059064,-800.926847325,-0.0459947519197,800.972842077,0
0.00102,798.916515477,13953.3738219,1233.89796548,27.6382380549,-8.17365365558,-19.4645843993,-2.27905944716,798.560052836,-796.280993388,0
0.00104,798.878798988,14227.260845,-182.804007158,27.1922260781,-5.27479433283,-21.9174317448,-2.26233509074,798.495577814,-796.233242724,0
0.00106,798.826736427,14944.5580347,584.868860442,29.0072464631,-6.90852554039,-22.0987209232,796.247149591,-0.0759509765341,-796.171198615,0
0.00108,798.770845897,15662.659145,1424.30520499,30.8818283039,-8.6717738174,-22.2100544871,796.173069912,-0.0676914030098,-796.105378509,0
0.0011,798.740417491,15394.6613688,1934.25916991,30.6761968484,-9.40778692058,-21.268409928,-800.740829413,-0.0593031147405,800.800132527,0
0.00112,798.7274667,14698.4563574,1198.88569471,28.8029796225,-7.50127935094,-21.3017002717,-2.28152128346,798.35845661,-796.076935327,0
0.00114,798.686774038,15017.7051372,-158.750753581,28.3837011478,-4.69196084383,-23.6917403031,-2.26537829863,798.291767156,-796.026388857,0
0.00116,798.634858933,15655.6461573,344.787862583,29.8788998158,-5.72110264205,-24.1577971744,796.056850948,-0.0921834722007,-795.964667475,0
0.00118,798.577838812,16348.6005929,1255.46808321,31.7813045419,-7.57403250866,-24.2072720351,795.981054154,-0.0831661972164,-795.897887957,0
0.0012,798.547057889,16065.8059666,1806.31402363,31.6044631824,-8.39988755768,-23.2045756242,-800.547071647,-0.0740234399626,800.621095087,0
0.00122,798.535321736,15303.9176874,1169.23991105,29.6453383076,-6.69934091709,-22.9459973907,-2.28172338471,798.154080471,-795.872357086,0
0.00124,798.492045672,15667.0178043,-128.805583347,29.2560683267,-3.98030592854,-25.2757623971,-2.26618185995,798.085560407,-795.819378547,0
0.00126,798.440269439,16245.0768602,105.951740834,30.4347640548,-4.40569725662,-26.0290667999,795.866059161,-0.108116847176,-795.757942313,0
0.00128,798.382756036,16910.8791673,1086.27696365,32.3682352985,-6.34899814023,-26.019237159,795.789161898,-0.0983511946021,-795.690810703,0
0.0013,798.355298261,16506.7088192,1631.8165845,31.9923158945,-7.14981638244,-24.8424995115,-800.351000929,-0.088463415203,800.439464344,0
0.00132,798.34274544,15767.5705085,1019.86286206,30.0665838917,-5.54052699186,-24.5260568991,-2.27803554303,797.947809809,-795.669774265,0
0.00134,798.297013333,16173.9088559,-217.880098726,29.7107744103,-2.91288799434,-26.7978864147,-2.26311830071,797.87758036,-795.614462059,0
0.00136,798.244936904,16723.6217202,-142.70425838,30.6919873149,-2.96678942711,-27.7251978895,795.67663505,-0.123792041693,-795.552843009,0
0.00138,798.187525795,17360.3510453,905.695111815,32.6597120929,-5.00106016173,-27.6586519319,795.599213965,-0.113287958285,-795.485926006,0
0.0014,798.160419259,16941.1333348,1486.48624044,32.3190539941,-5.89300460695,-26.4260493872,-800.151471561,-0.102665223388,800.254136784,0
0.00142,798.147100931,16223.8502984,900.240706114,30.4294027939,-4.37530422978,-26.0540985638,-2.27402352375,797.73869898,-795.464675456,0
0.00144,798.099024507,16671.3776114,-276.019405189,30.1097233509,-1.8393786053,-28.2703447456,-2.25974549848,797.666861697,-795.407116199,0
0.00146,798.046251292,17205.0105158,-361.859053523,30.8961725385,-1.52221568657,-29.3739568531,795.484151383,-0.139258705136,-795.344892678,0
0.00148,797.989056902,17810.4002014,753.597711382,32.900784548,-3.64771886427,-29.2530656836,795.406306417,-0.128026733456,-795.278279684,0
0.0015,797.962362069,17374.9265782,1369.0930469,32.5980184759,-4.63103894329,-27.9669795321,-799.948499366,-0.11667970236,800.065179069,0
0.00152,797.951169101,16581.7645677,870.19371709,30.6315776229,-3.32066329727,-27.3109143254,-2.26976119325,797.531209869,-795.261448675,0
0.00154,797.901288001,17068.0971604,-244.151483452,30.350878147,-0.876433330596,-29.4744448153,-2.25613654611,797.458289967,-795.202153421,0
0.00156,797.847667033,17605.424818,-264.24705511,31.1785781671,-0.654524744629,-30.5240534221,795.288493552,-0.149347642641,-795.13914591,0
0.00158,797.790530497,18175.8837407,916.083928436,33.2224244181,-2.87025566186,-30.352168756,795.210059132,-0.137409564784,-795.072649567,0
0.0016,797.767574009,17620.5885095,1510.09391836,32.7289718811,-3.82847474778,-28.900497132,-799.750353255,-0.125360111295,799.875713366,0
0.00162,797.756289156,16844.4420149,1033.41111577,30.8040605604,-2.60909528824,-28.1949652716,-2.26706576791,797.328351831,-795.061286063,0
0.00164,797.705341041,17366.3897328,-18.8430141539,30.5648883808,-0.255976689682,-30.3089116902,-2.25410431408,797.255068392,-795.000964078,0
0.00166,797.651212911,17903.5864495,-312.464521733,31.0910414226,0.561946767918,-31.652988191,797.198559464,-2.26107466349,-794.9374848,0
0.00168,797.594860138,18438.0367737,932.661361701,33.1787247811,-1.7475502954,-31.4311744869,795.0202208,-0.148418120216,-794.87180268,0
0.0017,797.572586606,17865.7678848,1555.72730701,32.728767092,-2.79692946557,-29.9318376258,-799.550207103,-0.135674540123,799.685881643,0
0.00172,797.56110637,17106.6210917,1102.01599612,30.8481021024,-1.66906383712,-29.1790382651,-2.26258581838,797.123548525,-794.860962706,0
0.00174,797.508890804,17662.9157227,114.790094944,30.6548324028,0.589096716878,-31.2439291197,-0.150328677678,794.949717712,-794.799389035,0
0.00176,797.453782276,18216.7623082,-341.076577132,30.9952399909,1.77632360153,-32.7715635931,797.007679721,-2.27273942461,-794.734940297,0
0.00178,797.398229812,18712.9710094,969.379412818,33.1308681345,-0.63027585092,-32.5005922854,794.829416131,-0.159351581375,-794.670064549,0
0.0018,797.376645738,18122.7050176,1621.01577678,32.7268257058,-1.77078224471,-30.9560434599,-799.349125794,-0.145926305347,799.4950521,0
0.00182,797.368081268,17277.4883415,1242.61050641,30.7773933648,-0.849804623399,-29.9275887403,-2.25813597865,796.922684376,-794.664548398,0
0.00184,797.315059839,17865.6441555,321.182408556,30.633118766,1.31279697876,-31.9459157438,-0.146601608203,794.748758315,-794.602156707,0
0.00186,797.258993649,18448.2495073,-297.39755361,30.7897145922,2.87103571258,-33.6607503048,796.819392284,-2.28265891867,-794.536733365,0
0.00188,797.204451896,18903.9664042,1075.18270571,32.9745386763,0.370394630453,-33.3449333074,796.741423206,-2.26857662835,-794.472846577,0
0.0019,797.187022098,18199.3389417,1691.39383972,32.389048288,-0.747054942658,-31.6419933452,-799.152694632,-0.154474691241,799.307169323,0
0.00192,797.178549541,17368.427506,1332.87603833,30.4895001755,0.0823199806653,-30.5718201558,-0.152035900214,794.625270881,-794.473234981,0
0.00194,797.124917974,17986.7870626,477.970002044,30.3971745396,2.14898553928,-32.5461600781,-0.141240944295,794.551434287,-794.410193343,0
0.00196,797.067534687,18616.3522637,-358.4425657,30.3150807687,4.19351127594,-34.5085920432,-0.130607846811,794.474016212,-794.343408366,0
0.00198,797.014430748,19035.9897955,1016.99589397,32.4927052268,1.71712296705,-34.2098281936,796.560544869,-2.2796347444,-794.280910124,0
0.002,796.998032869,18308.1922484,1718.52344162,32.0218279943,0.382246016218,-32.404074011,-0.158197909099,-798.961956489,799.120154399,0
0.00202,796.989776193,17471.6821108,1554.57527072,30.3531687943,0.762750825025,-31.1159196179,-0.147952089107,794.430374884,-794.282422795,0
0.00204,796.935725457,18117.3667301,764.677146248,30.3125071454,2.73878563929,-33.0512927834,-0.137868606841,794.356767109,-794.218898502,0
0.00206,796.878001614,18773.3013398,-6.51886931382,30.2824248712,4.69292133045,-34.9753462015,-0.127947517064,794.27965232,-794.151704803,0
0.00208,796.824978342,19178.6932429,1202.03192435,32.2814139746,2.58836835009,-34.8697823243,796.376505148,-2.28729074194,-794.089214406,0
0.0021,796.809411777,18430.0986584,1926.2223248,31.8638051859,1.16344562314,-33.0272508097,-0.153501797046,-798.780357282,798.933859079,0
0.00212,796.804680637,17493.4192902,1824.19370424,30.1336895864,1.33839361754,-31.4720832026,-0.143976479124,794.240620298,-794.096643818,0
0.00214,796.75057077,18164.1595862,1099.54571502,30.147122355,3.22434167127,-33.3714640263,-0.134613902745,794.167583786,-794.032969884,0
0.00216,796.692859265,18844.1997244,393.780931986,30.1714675616,5.08864869498,-35.2601162563,-0.125414093706,794.091107487,-793.965693393,0
0.00218,796.639822612,19247.656979,1435.6088409,31.9942962268,3.35636100631,-35.350657233,796.196624972,-2.29353507973,-793.903089892,0
0.0022,796.628409062,18388.7443444,2109.30717517,31.4018043812,1.95723572214,-33.3590401044,-0.147222842559,-798.604982465,798.752205308,0
0.00222,796.624132111,17457.3035812,2023.10824218,29.7284448049,2.04237486606,-31.7708196697,-0.138430349002,794.055058185,-793.916627836,0
0.00224,796.570059901,18151.6129161,1364.27932239,29.798560569,3.83839359255,-33.6369541618,-0.129800834233,793.98267521,-793.852874375,0
0.00226,796.512451719,18854.272103,724.490904429,29.8799058654,5.61304672991,-35.4929525941,-0.121334295071,793.90691377,-793.785579475,0
0.00228,796.45895551,19290.4866056,1489.9420998,31.413962801,4.48354891785,-35.8975117197,796.024295478,-2.30190529168,-793.722390186,0
0.0023,796.44859564,18412.7891128,2182.03529019,30.8799463918,2.99464744579,-33.8745938371,-0.139426494033,-798.432933872,798.572360366,0
0.00232,796.444675801,17486.5825479,2112.47894697,29.2656175642,2.9899568388,-32.255574402,-0.13137830297,793.868440193,-793.73706189,0
0.00234,796.390263939,18203.0267816,1520.81692399,29.3946769003,4.69604450035,-34.0907213996,-0.123493161382,793.796322159,-793.672828997,0
0.00236,796.332378517,18926.8644424,948.327274466,29.5352657661,6.38105822552,-35.9163239918,-0.115771037124,793.720883655,-793.605112618,0
0.00238,796.278397983,19390.2736558,1551.55563327,30.8980789251,5.62378088238,-36.5218598075,795.852018532,-2.3107281919,-793.54129034,0
0.0024,796.269046279,18493.0140488,2261.79880819,30.4245129938,4.04562105471,-34.4701340492,-0.131894459036,-798.261617082,798.393511541,0
0.00242,796.268792795,17461.1502082,2241.34959971,28.7558875889,3.83634894361,-32.5922365327,-0.124597692604,793.686641918,-793.562044225,0
0.00244,796.214322101,18197.3953683,1717.0844245,28.9460796584,5.45330212158,-34.3993817789,-0.117463887097,793.615050732,-793.497586845,0
0.00246,796.15643336,18940.0843856,1212.09528143,29.1480857917,7.04948939388,-36.1975751855,-0.110492981437,793.540190088,-793.429697107,0
0.00248,796.101781972,19442.7100673,1655.35065872,30.3418772974,6.66513325518,-37.0070105532,795.683390293,-2.31836070745,-793.365029586,0
0.0025,796.096558434,18443.7913948,2302.97294123,29.7005431576,5.11372094862,-34.8142641072,-0.12293411043,-798.096190389,798.219124499,0
0.00252,796.096752956,17415.5698321,2295.6680308,28.0955207093,4.8157966553,-32.9113173642,-0.116398619688,793.508109438,-793.391710818,0
0.00254,796.042243,18170.0027113,1839.41294261,28.3491870315,6.34401990366,-34.6932069341,-0.110025835089,793.437048919,-793.327023084,0
0.00256,795.984364965,18929.9312196,1402.51260921,28.614935018,7.85180157554,-36.4667365939,-0.103815666693,793.362764328,-793.258948661,0
0.00258,795.928813702,19484.2571204,1689.08752122,29.6420729043,7.84068313733,-37.4827560415,795.519798796,-2.32661718426,-793.193181612,0
0.0026,795.924635286,18467.6222915,2350.90424633,29.0656636508,6.20125353152,-35.2669171823,-0.114322050025,-797.931968171,798.046290221,0
0.00262,795.928622341,17330.410094,2382.37893267,27.4107873299,5.70012201018,-33.1109093403,-0.108553326056,793.334559238,-793.226005912,0
0.00264,795.87429572,18100.6861692,1994.33862242,27.7299503408,7.14057127088,-34.8705216105,-0.102946894835,793.26423231,-793.161285415,0
0.00266,795.816644299,18875.5173775,1625.70342789,28.0614465279,8.56091890187,-36.6223654288,-0.0975026376426,793.190719933,-793.093217295,0
0.00268,795.759066182,19529.091456,1651.88550874,28.8087393727,9.15438729115,-37.9631266646,795.360786466,-2.3355875581,-793.025198908,0
0.0027,795.758956759,18418.5525437,2242.91255111,28.0692218859,7.54257287757,-35.6117947636,-0.102633244529,-797.774720629,797.877353874,0
0.00272,795.763399287,17284.3354014,2284.56341352,26.4824164107,6.95381013401,-33.4362265448,-0.0976430308953,793.161441159,-793.063798128,0
0.00274,795.708992805,18069.4494636,1965.81117629,26.8694788206,8.30657390787,-35.1760527282,-0.0928145240994,793.091571728,-792.998757203,0
0.00276,795.651300706,18858.1742284,1666.49187023,27.2691072716,9.63959182635,-36.9086990976,-0.0881475767856,793.018551308,-792.930403731,0
0.00278,795.591969942,19591.3322283,1545.72555493,27.8542147039,10.6071820373,-38.4613967416,795.205726824,-2.34534288217,-792.860383942,0
0.0028,795.59295897,18465.7153355,2147.97719467,27.1839822053,8.90843978662,-36.0924219918,-0.0913777116368,-797.617955313,797.709333025,0
0.00282,795.601250142,17220.4882786,2218.55435607,25.551652129,8.1176836753,-33.6693358029,-0.087169841833,792.992307102,-792.90513726,0
0.00284,795.546934724,18018.0246934,1969.29588316,26.0084596755,9.38387247273,-35.3923321473,-0.0831229355981,792.923045759,-792.839922823,0
0.00286,795.489366404,18818.2360244,1739.46923411,26.4780495046,10.6306860089,-37.1087355122,-0.0792368170826,792.850661355,-792.771424538,0
0.00288,795.428569066,19620.8859972,1529.05894087,26.9604561665,11.8581951363,-38.8186513029,-0.0755113047737,792.775176893,-792.699665588,0
0.0029,795.432792014,18430.4712468,2000.42272728,26.0735612542,10.3039664374,-36.3775276926,-0.0788479736895,-797.46619152,797.545039494,0
0.00292,795.441563418,17187.2776828,2077.93813624,24.513183121,9.42737955841,-33.9405626782,-0.0754290174358,792.824715765,-792.749286748,0
0.00294,795.387252063,17995.4512533,1898.83042664,25.0417269611,10.6077033495,-35.6494303093,-0.0721701176975,792.755958454,-792.683788336,0
0.00296,795.32971542,18805.3669505,1739.12712605,25.5832513057,11.769037174,-37.3522884791,-0.0690710703132,792.684100852,-792.615029781,0
0.00298,795.268976116,19616.7923032,1598.80409545,26.1377875994,12.9114544352,-39.0492420345,-0.0661316654903,792.609164694,-792.543033028,0
0.003,795.272807383,18460.8393051,1975.3135253,25.2085016281,11.5030571642,-36.7115587927,-0.068527221977,-797.3138725,797.382399722,0
0.00302,795.28550448,17104.2807939,2071.0334202,23.6061043237,10.4269272345,-34.0330315585,-0.0658958851168,792.663196746,-792.597300861,0
0.00304,795.231538875,17920.0360765,1961.73657037,24.2078223643,11.5231124427,-35.7309348067,-0.0634235492907,792.5952607,-792.531837151,0
0.00306,795.174368144,18736.6165855,1871.78512267,24.8227031404,12.6007066374,-37.4234097768,-0.0611099822092,792.524239623,-792.463129641,0
0.00308,795.114013685,19553.7938662,1801.14639143,25.4507749338,13.6597856775,-39.1105606111,-0.0589549459871,792.450154016,-792.39119907,0
0.0031,795.118414663,18423.0029778,1890.18425328,24.1355218926,12.7438824052,-36.8794042988,-0.0569581971525,-797.166523135,797.223481333,0
0.00312,795.12813773,17181.8469999,1981.64974816,22.723528829,11.6996314426,-34.4231602703,-0.0551194866564,792.497515834,-792.442396347,0
0.00314,795.073925731,18003.2582344,1943.50162929,23.3999906969,12.7122786676,-36.1122693641,-0.0534385598792,792.429795053,-792.376356493,0
0.00316,795.016526409,18824.5757356,1924.61064824,24.0897782484,13.7067468683,-37.7965251152,-0.0519151566406,792.359002112,-792.307086955,0
0.00318,794.955959958,19645.5753288,1924.93556791,24.7929165713,14.6831142791,-39.4760308505,-0.0505490112082,792.285156296,-792.234607284,0
0.0032,794.961753835,18505.5911064,1829.74977638,23.2083649423,14.0302283181,-37.2385932603,-0.0458906828916,-797.018089983,797.063980666,0
0.00322,794.971928038,17264.8757729,1928.75387832,21.872864867,12.9038098588,-34.7766747254,-0.044845274817,792.333517679,-792.288672404,0
0.00324,794.917536026,18089.4444141,1961.81905061,22.6255607241,13.8343047288,-36.4598654526,-0.0439562797566,792.26605724,-792.22210096,0
0.00326,794.859968538,18913.0114833,2014.02361394,23.3917276802,14.7470456586,-38.1387733381,-0.0432234098917,792.195531508,-792.152308098,0
0.00328,794.799244589,19735.3573029,2085.31787132,24.1713875892,15.6421131665,-39.8135007556,-0.0426463719003,792.121958585,-792.079312213,0
0.0033,794.810054997,18483.4075807,1806.8024163,22.2042412981,15.1385320701,-37.3427733697,-0.0353285459635,-796.872453565,796.907782111,0
0.00332,794.817158409,17357.7245901,1912.15483344,21.0619856783,14.0467160678,-35.1087017445,-0.0350763478771,792.171373385,-792.136297038,0
0.00334,794.762621648,18182.9538348,2016.45575588,21.8923164206,14.8965083788,-36.7888247985,-0.0349790400339,792.104187048,-792.069208008,0
0.00336,794.704915452,19006.285359,2139.74888817,22.7362459411,15.7289844546,-38.4652303949,-0.0350363072571,792.033936444,-791.998900137,0
0.00338,794.64757756,19743.1299671,2134.23673516,23.2484539176,16.7168970907,-39.965351008,-794.380227399,791.964158386,2.41606901255,0
0.0034,794.657861637,18534.7784562,1717.03162473,21.1307178553,16.4211945614,-37.5519124172,-0.0235476163516,-796.727719215,796.751266831,0
0.00342,794.665408615,17409.3283909,1833.33625756,20.0681437782,15.2498849535,-35.3180287313,-0.0240912940026,792.012561113,-791.988469819,0
0.00344,794.610958981,18233.4094732,2008.71565957,20.977894452,16.0202581603,-36.9981526111,-0.0247881813343,791.945858994,-791.921070813,0
0.00346,794.55333906,19054.7084056,2202.91564729,21.9013533463,16.7737660941,-38.6751194403,-0.0256379361324,791.8760867,-791.850448764,0
0.00348,794.500456513,19687.3087702,2065.37164978,22.0329726722,17.9132781453,-39.9462508176,-794.221047042,791.811150937,2.4098961054,0
0.0035,794.510579166,18496.4211868,1656.44368236,19.9964809105,17.5392605577,-37.5357414679,-0.0122861017026,-796.58594622,796.598232322,0
0.00352,794.515007717,17485.4516755,1789.68113652,19.1300999932,16.4052978239,-35.5353978173,-0.0136240107781,791.855296307,-791.841672296,0
0.00354,794.460621875,18305.8790851,2036.11613737,20.1204862221,17.0978262001,-37.2183124209,-0.015113300034,791.78903325,-791.77391995,0
0.00356,794.403059408,19122.6525388,2301.17070122,21.1246720359,17.7739519089,-38.8986239443,-0.0167536005513,791.719688599,-791.702934998,0
0.00358,794.354256692,19661.5445363,2025.46558523,20.8771450561,19.0665310872,-39.943676143,-794.06330182,791.659197726,2.40410409397,0
0.0036,794.362254626,18552.8367587,1532.99554643,18.808139137,18.8456354767,-37.6537746135,0.000187481697481,-796.444743723,796.444556241,0
0.00362,794.367126714,17541.3485433,1680.7792407,18.0242587837,17.6351011811,-35.6593599648,-0.0019457880037,791.700646478,-791.69870069,0
0.00364,794.312979784,18356.2976935,1998.11038507,19.0968781978,18.2511873957,-37.348065593,-0.00422845398998,791.634975589,-791.630747135,0
0.00366,794.255643324,19166.7334837,2333.8356272,20.1833700244,18.8513458154,-39.0347158399,-0.00666012101203,791.566205087,-791.559544966,0
0.00368,794.210605267,19623.4766254,1914.32061088,19.5585143885,20.2982920305,-39.8568064197,-793.906898438,791.509821846,2.39707659206,0
0.0037,794.218286883,18534.8040149,1433.41852728,17.5734602307,20.0020808716,-37.5755411027,0.012143103144,-796.30616704,796.294023937,0
0.00372,794.220011047,17636.2353002,1608.84860745,16.988351474,18.8318784997,-35.8202299727,0.00921763508268,791.546742576,-791.555960211,0
0.00374,794.166024074,18443.1807419,1997.00028069,18.1442316042,19.3732115923,-37.5174431951,0.00614489990994,791.481562872,-791.487707772,0
0.00376,794.108829513,19244.7670506,2403.29117682,19.3140386295,19.8991023961,-39.2131410259,0.0029253188186,791.413260368,-791.416185687,0
0.00378,794.067111162,19630.3994233,1835.01257368,18.313103971,21.5019976392,-39.8151016112,-793.751158755,791.360517739,2.39064101596,0
0.0038,794.072258815,18632.1101925,1278.25594171,16.2980873337,21.3619605145,-37.6600478478,0.0253193657775,-796.167360906,796.14204154,0
0.00382,794.074420403,17731.7031597,1471.94946358,15.7979250588,20.1183391143,-35.9162641731,0.0216020701694,791.39423946,-791.41584153,0
0.00384,794.020714851,18528.7908391,1930.7519313,17.0384736212,20.5864310579,-37.6249046782,0.0177397870946,791.329650245,-791.347390033,0
0.00386,793.963777425,19319.6867861,2407.41424625,18.2929847994,21.039577466,-39.3325622642,0.0137329632648,791.2619088,-791.275641763,0
0.00388,793.924914139,19646.253614,1685.96207807,16.917595115,22.799829867,-39.717424982,-793.595495027,791.212319939,2.38317508857,0
0.0039,793.929570243,18670.0964627,1144.59006266,14.9888653138,22.5876980473,-37.5765633621,0.0379941634778,-796.0303836,795.992389437,0
0.00392,793.932240478,17767.3359582,1356.04737535,14.5747435731,21.2726799111,-35.8474234843,0.0334896815226,791.246632035,-791.280121717,0
0.00394,793.879131076,18552.2889887,1884.71333593,15.901043881,21.6695704788,-37.5706143585,0.0288426328451,791.182922226,-791.211764859,0
0.00396,793.822758239,19330.2373977,2430.93428205,17.2413247769,22.0520226487,-39.2933474246,0.0240534892387,791.116023464,-791.140076953,0
0.00398,793.786544308,19609.5256733,1551.91225925,15.4927693341,23.9715723134,-39.4643416479,-793.444142357,791.069356814,2.37478554304,0
0.004,793.790782533,18655.0598856,1026.20853029,13.6513384203,23.6894117844,-37.340750205,0.0501903665696,-795.895925395,795.845735028,0
0.00402,793.794022961,17749.4557501,1254.96500099,13.3242579737,22.3050668391,-35.6293248118,0.0449040441026,791.104343079,-791.149247123,0
0.00404,793.741791465,18520.045948,1852.69189054,14.7373011937,22.6328441364,-37.3701453296,0.0394777145162,791.041768594,-791.081246308,0
0.00406,793.686257895,19282.8385253,2467.64386084,16.1643251321,22.9467000106,-39.1110251418,0.0339118742229,790.975961346,-791.00987322,0
0.00408,793.652440163,19526.8557309,1427.28357261,14.0437918543,25.0275384262,-39.0713302801,-793.297513495,790.931937897,2.36557559884,0
0.0041,793.656325771,18593.6371907,917.568451928,12.2905777059,24.6774614915,-36.9680391982,0.0619344186185,-795.764545328,795.702610909,0
0.00412,793.656554458,17795.8254594,1190.73445852,12.166342114,23.340801071,-35.5071431836,0.0558722945058,790.962306813,-791.018179108,0
0.00414,793.60500432,18549.5538697,1857.33052477,13.6667812275,23.6013531509,-37.2681343774,0.0496728593683,790.90064896,-790.950321819,0
0.00416,793.550109061,19294.7070515,2540.79290449,15.1811824823,23.848509276,-39.0296917572,0.0433366337517,790.835710134,-790.879046768,0
0.00418,793.518149465,19515.2170334,1336.58899287,12.6895339699,26.0924179255,-38.7819518951,-793.151127112,790.793769695,2.35735741754,0
0.0042,793.518982611,18684.062559,765.129322834,10.910316759,25.905970654,-36.8162874133,0.0749782691,-795.632585956,795.557607687,0
0.00422,793.519745469,17881.2681288,1059.45967952,10.8748204009,24.50353002,-35.3783504205,0.0681435477547,790.820328145,-790.888471693,0
0.00424,793.468884967,18616.2788879,1794.72570283,12.4636858316,24.6985564248,-37.1622422551,0.0611743526601,790.759573053,-790.820747405,0
0.00426,793.414630827,19341.9512871,2546.47516745,14.0664757845,24.8807214325,-38.9471972163,0.05407122797,790.695483313,-790.749554541,0
0.00428,793.383806819,19551.6817819,1176.58224113,11.2049492298,27.2892945194,-38.4942437488,-793.003377161,790.654881208,2.34849595315,0
0.0043,793.384070905,18743.0556003,625.696580925,9.51553576478,27.0385292839,-36.5540650493,0.0876149671576,-795.502025932,795.414410965,0
0.00432,793.385424359,17934.6388564,940.782563799,9.56949818789,25.572513014,-35.1420112019,0.0800150737305,790.681843817,-790.761858891,0
0.00434,793.335457026,18648.7371963,1743.85130859,11.247496312,25.7042314143,-36.9517277252,0.0722836751502,790.62216931,-790.694452985,0
0.00436,793.283958813,19317.9697688,2397.50782255,12.5946169116,25.9960047616,-38.5906216741,-792.916943942,790.561017761,2.35592618115,0
0.00438,793.251995033,19564.0939149,1025.55604002,9.70885868653,28.398986889,-38.1078455754,-792.858536461,790.519452952,2.33908350961,0
0.0044,793.251750355,18777.3454264,495.725472322,8.10988846089,28.0861427972,-36.1960312576,0.099881271182,-795.373153283,795.273272011,0
0.00442,793.253741535,17962.6769177,831.187621774,8.25393629765,26.5587934811,-34.8127297778,0.0915242854596,790.546876,-790.638400285,0
0.00444,793.204841299,18653.7046763,1701.17536065,10.021680899,26.6294593375,-36.6511402351,0.0830388917774,790.488430383,-790.571469274,0
0.00446,793.156435578,19265.2148993,2198.48641816,10.9990188716,27.0904595234,-38.0894783954,-792.775970445,790.43052797,2.34544247461,0
0.00448,793.122771715,19559.360382,880.61074478,8.20454013731,29.4326523462,-37.6371924835,-792.716623225,790.387414573,2.32920865146,0
0.0045,793.122069633,18793.8183434,372.344410232,6.69655981105,29.0600045718,-35.7565643828,0.111817223245,-795.246144536,795.134327313,0
0.00452,793.124736915,17972.2744304,727.832267276,6.93122704576,27.4736002924,-34.4048273379,0.10271186572,790.41533686,-790.518048725,0
0.00454,793.077049033,18638.1066853,1663.83894307,8.78923937653,27.4855041069,-36.2747434834,0.0934813231844,790.358239878,-790.451721201,0
0.00456,793.031328749,19204.113883,2001.99122546,9.397534126,28.1179112173,-37.5154453446,-792.637718935,790.303154049,2.33456488568,0
0.00458,792.996088237,19544.5026024,739.522706463,6.69480375811,30.4016250674,-37.0964288253,-792.577546203,790.258590052,2.31895615132,0
0.0046,792.994971361,18799.4711354,253.356578218,5.27826772604,29.9714821517,-35.2497498775,0.123466071511,-795.121069581,794.997603509,0
0.00462,792.998344898,17970.4297891,628.548148751,5.60399604749,28.3283339401,-33.9323299876,0.113621688895,790.287033662,-790.400655351,0
0.00464,792.951986899,18608.9716385,1629.65728062,7.55270498496,28.2837984937,-35.8365034773,0.103655467025,790.231377474,-790.335032941,0
0.00466,792.90851051,19141.8015122,1806.48146154,7.79259910943,29.0898261801,-36.8824252907,-792.502016448,790.178641337,2.32337511038,0
0.00468,792.871794286,19526.6104849,600.743902074,5.18199445257,31.3174020977,-36.4993965514,-792.441109321,790.132702378,2.30840694348,0
0.0047,792.870296662,18801.3652506,137.239290047,3.85726548557,30.8321032316,-34.6893687171,0.134874188056,-794.997896083,794.863021895,0
0.00472,792.874398902,17964.202013,531.840244585,4.27440472399,29.1345524999,-33.4089572241,0.124300738258,790.161673438,-790.285974176,0
0.00474,792.829461541,18573.385515,1597.11858763,6.31414701879,29.035930074,-35.3500770915,0.113608914708,790.10752359,-790.221132505,0
0.00476,792.78775546,19085.438753,1611.09178016,6.18618716363,30.0178224799,-36.204009644,-792.368589358,790.056638385,2.31195097248,0
0.00478,792.749641983,19512.7974072,463.399346762,3.66799488999,32.1916291558,-35.8596240471,-792.307015887,790.009377804,2.2976380832,0
0.0048,792.747789279,18806.5819572,23.1411392352,2.43534484912,31.6535414466,-34.0888862968,0.146090982257,-794.876493479,794.730402497,0
0.00482,792.752635481,17960.6660732,436.883756094,2.94415349682,29.9039573999,-32.8481108958,0.134799018841,790.038867226,-790.173666245,0
0.00484,792.709183694,18538.4473542,1565.3807245,5.07517411565,29.7536269897,-34.828801104,0.123392263753,789.98626364,-790.109655904,0
0.00486,792.668744294,19042.1685552,1415.62774941,4.57981217261,30.9136555331,-35.4934677056,-792.237067153,789.936700765,2.30036638789,0
0.00488,792.629289591,19510.1562177,327.282322125,2.1542292044,33.0360862466,-35.190315452,-792.174872382,789.88814967,2.28672271185,0
0.0049,792.627099276,18822.1785328,-89.1230272563,1.01383983313,32.4476019751,-33.461441808,0.157168809924,-794.756636558,794.599467748,0
0.00492,792.632698023,17966.8692642,343.518833027,1.61448564398,30.648379002,-32.2628646448,0.145169466064,789.918133892,-790.063303358,0
0.00494,792.590771895,18511.225806,1534.26569681,3.83693820105,30.4487435178,-34.2856817174,0.133059025919,789.867091857,-790.000150883,0
0.00496,792.551067084,19019.0727367,1220.5591715,2.97453284461,31.789203544,-34.7637363895,-792.106985807,789.818294473,2.28869133473,0
0.00498,792.510304807,19525.7163239,192.847456062,0.641667346472,33.8626731007,-34.5043404483,-792.044191855,789.768461828,2.2757300276,0
0.005,792.507803704,18855.135326,-138.514954506,-0.282742466869,33.1643937585,-32.8816512915,794.475031451,-794.638025994,0.162994543308,0
0.00502,792.514030656,17988.3852548,485.109555722,0.761537712845,31.1420890118,-31.9036267243,0.151902755735,789.798794166,-789.950696922,0
0.00504,792.473172698,18496.1186446,1736.62878614,3.07451361574,30.8960566505,-33.9705702662,0.139107714479,789.748831652,-789.887939367,0
0.00506,792.433905331,19018.9390841,1258.89109481,1.84436449965,32.4197454747,-34.2641099748,-791.981020504,789.700478143,2.28054236097,0
0.00508,792.39232024,19560.4849957,293.619445383,-0.394599181581,34.4461048463,-34.0515056649,-789.818108809,789.649824277,0.168284531575,0
0.0051,792.389753139,18902.9020454,-11.5394810558,-1.22429596826,33.7011005571,-32.4768045877,794.364372188,-794.52063473,0.156262542316,0
0.00512,792.396727309,18018.5218117,631.822024351,-0.0851816801889,31.6325459543,-31.5473642733,2.25858862688,789.680819848,-791.939408475,0
0.00514,792.356924331,18487.6820942,1943.15859083,2.31858613726,31.3424132546,-33.6609993903,0.145119134861,789.631899358,-789.777018493,0
0.00516,792.317699492,19037.804375,1302.35693199,0.720860784609,33.0516717384,-33.7725325237,-791.856037516,789.583570561,2.27246695518,0
0.00518,792.275285582,19612.0308993,402.605495962,-1.42032738735,35.0314027506,-33.6110753639,-789.693019021,789.532065282,0.160953739078,0
0.0052,792.272646639,18966.5594372,122.507253527,-2.15875485275,34.2438062274,-32.0850513736,794.254651512,-794.404282994,0.149631481856,0
0.00522,792.280355197,18063.9201141,783.223326145,-0.928871656528,32.1334394021,-31.2045677454,2.26531154397,789.563657252,-791.828968796,0
0.00524,792.241571763,18492.4371732,2155.18538929,1.56952038598,31.7996925084,-33.3692128946,0.151150859856,789.515719327,-789.666870187,0
0.00526,792.201971211,19082.0297188,1353.96700031,-0.393573037036,33.6958118976,-33.3022388606,-789.631516377,789.466973049,0.164543328295,0
0.00528,792.158700753,19686.734144,519.802593489,-2.43928693301,35.6324542851,-33.1931673529,-789.568334138,789.414564737,0.153769401331,0
0.0053,792.155975584,19052.4585775,265.274225782,-3.08662643566,34.8047383388,-31.7181119023,794.145424476,-794.288581903,0.143157426617,0
0.00532,792.16439983,18130.9077839,942.918536047,-1.7661718047,32.6550341255,-30.8888623197,2.27210601829,789.446672439,-791.718778458,0
0.00534,792.126676463,18534.6982666,2206.36846679,0.481781430313,32.4525759022,-32.9343573327,-791.666814572,789.39973389,2.26708068248,0
0.00536,792.086163898,19157.6360739,1417.16944592,-1.49727560796,34.3632175408,-32.865941934,-789.506853524,789.350010193,0.156843330846,0
0.00538,792.041984915,19790.7621877,647.74373913,-3.4517238065,36.2612327242,-32.8095089186,-789.443412225,789.2966233,0.146788924827,0
0.0054,792.039151513,19166.722784,419.30225414,-4.00824323223,35.3958824841,-31.3876392518,794.036164211,-794.173061191,0.136896979413,0
0.00542,792.051395137,18134.8547024,1044.97876011,-2.7121653228,33.0946655504,-30.3825002267,2.27903414297,789.334001401,-791.613035544,0
0.00544,792.014823792,18515.3055183,2255.49121917,-0.599547621326,32.9686479136,-32.3691002927,-789.446974907,789.288127144,0.158847762563,0
0.00546,791.973691743,19165.1474218,1532.48884562,-2.48491512248,34.8416817638,-32.3567666414,-789.387050852,789.237691595,0.149359256848,0
0.00548,791.928967417,19824.3684597,828.121751425,-4.34866946283,36.7040465636,-32.3553771019,-789.32369593,789.183662393,0.140033537495,0
0.0055,791.92988711,19102.8129882,665.791699286,-4.70036533857,35.5748564728,-30.8744911337,793.93125529,-794.062125918,0.130870628322,0
0.00552,791.942823722,18053.1045056,1303.37264512,-3.31480378295,33.2402363008,-29.9254325175,2.282775189,789.226987472,-791.509762661,0
0.00554,791.907055391,18434.1136638,2347.33509896,-1.57181856901,33.3104790392,-31.7386604704,-789.332635997,789.181801788,0.150834208753,0
0.00556,791.865632772,19108.7200932,1689.52470126,-3.36686015052,35.1502503033,-31.7833901533,-789.273039314,789.130956665,0.142082649304,0
0.00558,791.820684668,19791.7588705,1050.51838425,-5.14056155714,36.9799423583,-31.839380802,-789.210074243,789.076580148,0.133494095557,0
0.0056,791.821775063,19077.3281222,910.560166846,-5.40268467241,35.8190779436,-30.4163932706,793.827875948,-793.95294449,0.125068542366,0
0.00562,791.83537371,18009.2803936,1559.76466751,-3.92806401163,33.4535389443,-29.5254749316,2.28690800334,789.120470736,-791.407378739,0
0.00564,791.799966899,18403.0846438,2438.96138568,-2.5549358816,33.7224223414,-31.1674864602,-789.218572202,789.07550945,0.143062752178,0
0.00566,791.758108969,19100.2798925,1847.38673522,-4.26011254172,35.5314207464,-31.2713082047,-789.159143398,789.024087421,0.13505597764,0
0.00568,791.712787858,19804.9595189,1274.75606625,-5.94423796707,37.3309298431,-31.3866918757,-789.096404114,788.969191846,0.127212268907,0
0.0057,791.713995033,19096.7847331,1157.693764,-6.11728063091,36.1408797567,-30.0235991245,793.725277908,-793.844809499,0.11953159187,0
0.00572,791.72822272,18009.8694961,1818.2601158,-4.55410871047,33.746910715,-29.1928020032,2.29150508567,789.013516252,-791.305021338,0
0.00574,791.692309037,18454.6343892,2425.84570358,-3.78032924786,34.331407256,-30.5510780089,-789.10174245,788.967888707,0.133853743136,0
0.00576,791.649622016,19172.8991417,1901.90255104,-5.39571196681,36.1118843849,-30.7161724177,-789.04207613,788.915473829,0.126602301622,0
0.00578,791.60353093,19897.6940247,1397.01719027,-6.99034831705,37.883460691,-30.8931123738,-788.979153982,788.859640163,0.119513819686,0
0.0058,791.604718539,19195.4795077,1303.77461333,-7.07441636472,36.6664797029,-29.592063338,793.623415093,-793.736003327,0.112588234304,0
0.00582,791.622565191,18008.3488601,1896.78076115,-5.53743179888,34.1317255299,-28.5942937298,2.29834577515,788.908927192,-791.207272967,0
0.00584,791.586208232,18494.5983039,2346.00657389,-5.13343309438,34.9195970568,-29.786163963,-788.985935178,788.862671525,0.123263653727,0
0.00586,791.542725725,19232.249012,1890.36342963,-6.65941934124,36.674289038,-30.0148696974,-788.926049281,788.809272029,0.116777251197,0
0.00588,791.495892698,19975.4766643,1453.86643639,-8.16498045536,38.4206682193,-30.2556877645,-788.862956553,788.752503017,0.110453535993,0
0.0059,791.5009489,19167.9416477,1411.44975411,-8.04598928254,36.95046192,-28.9044726361,793.525923231,-793.630215647,0.104292416246,0
0.00592,791.519530428,17964.7490889,2012.26433689,-6.42123338409,34.392745382,-27.971511997,2.30406988231,788.807701239,-791.111771121,0
0.00594,791.482417616,18504.2511189,2306.21723405,-6.3877287868,35.3868525773,-28.9991237913,-788.873536808,788.760479833,0.113056974457,0
0.00596,791.438370435,19258.8751767,1919.13838681,-7.8252661028,37.1187285503,-29.2934624481,-788.813642561,788.70630158,0.10734098119,0
0.00598,791.391019583,20018.1304017,1551.26517689,-9.24271520085,38.842879412,-29.6001642123,-788.750583709,788.648796465,0.101787244548,0
0.006,791.396173446,19214.5566055,1529.34889847,-9.03616500227,37.3514588826,-28.3152938795,793.428103641,-793.524499285,0.0963956439041,0
0.00602,791.418235658,17918.6457134,2054.01108494,-7.4389854032,34.6586668547,-27.2196814504,2.31048824974,788.708836015,-791.019324265,0
0.00604,791.379098859,18560.0170923,2090.60498509,-8.0052307323,35.9760896208,-27.970858889,-788.759184356,788.659356216,0.0998281402844,0
0.00606,791.334239397,19330.5351197,1773.20726802,-9.35440195402,37.6876317857,-28.3332298312,-788.699021328,788.604127189,0.0948941389116,0
0.00608,791.286118983,20104.7344312,1475.0516021,-10.6838377786,39.3920338884,-28.7081961101,-788.635731725,788.545609933,0.0901217912069,0
0.0061,791.295263978,19192.9953957,1494.2580264,-10.2753736036,37.6529368799,-27.3775632748,793.334897607,-793.420408555,0.0855109479287,0
0.00612,791.318101136,17884.0701553,2023.79470805,-8.59152201243,34.9426239847,-26.3511019724,2.3176707184,788.611624607,-790.929295325,0
0.00614,791.27711623,18606.2515963,1915.25154103,-9.52891729955,36.471466521,-26.9425492222,-788.647106411,788.560038252,0.0870681591778,0
0.00616,791.231624504,19390.1759753,1667.79218834,-10.7908249983,38.1656222268,-27.3747972284,-788.586834369,788.503914508,0.0829198607358,0
0.00618,791.182908062,20176.8401569,1439.58184155,-12.0333650073,39.8532212594,-27.8198562534,-788.523467233,788.444534777,0.0789324558362,0
0.0062,791.192167096,19267.9364469,1476.5076824,-11.5386003396,38.0983541075,-26.5597537679,793.240343947,-793.315449713,0.0751057667659,0
0.00622,791.217839857,17896.1170625,1870.56785821,-9.99818423162,35.3157151423,-25.3175309118,-788.591262461,788.514665728,0.0765967330178,0
0.00624,791.174861729,18689.5524042,1674.49291425,-11.1925891163,37.0012567298,-25.8086676135,-788.533884601,788.460804209,0.0730803921205,0
0.00626,791.128667244,19485.0207845,1497.66760414,-12.3679363221,38.6807170065,-26.3127806844,-788.47341608,788.403691858,0.0697242214631,0
0.00628,791.079279144,20282.2903639,1340.07138808,-13.5242983347,40.3542008713,-26.8299025375,-788.409878751,788.34335073,0.0665280206816,0
0.0063,791.09268925,19262.4903535,1408.01590373,-12.8295380994,38.3573930189,-25.5278549181,793.148615984,-793.212107568,0.0634915837762,0
0.00632,791.11913172,17906.0864651,1508.79271528,-11.7772639666,35.6774678166,-23.9002038507,-788.481850163,788.421235464,0.0606146991177,0
0.00634,791.075771965,18710.1539817,1383.36807605,-12.8857341777,37.3508983051,-24.4651641267,-788.424580905,788.366683756,0.0578971494557,0
0.00636,791.029220727,19515.3215864,1277.15700279,-13.9755418531,39.0188261463,-25.0432842932,-788.36424099,788.308902278,0.0553387119239,0
0.00638,790.979499509,20321.3613219,1190.13028995,-15.0467619704,40.6813556037,-25.6345936331,-788.300851025,788.247911867,0.052939158049,0
0.0064,790.997190226,19189.9412172,1281.83506564,-14.1530887103,38.4458282229,-24.2927395125,793.060176891,-793.110875145,0.0506982537574,0
0.00642,791.024879223,17819.3080557,1191.91696871,-13.3606861074,35.7571103535,-22.3964242471,-788.379282344,788.334103653,0.0451786904725,0
0.00644,790.98168291,18631.5705281,1136.66061463,-14.3847708814,37.4218172395,-23.0370463592,-788.322642073,788.279380696,0.0432613771728,0
0.00646,790.935311413,19444.015823,1100.55460656,-15.3906027212,39.0815981616,-23.6909954415,-788.262942512,788.221440549,0.041501963394,0
0.00648,790.885785028,20256.4200503,1083.56119789,-16.3782589983,40.7365565903,-24.358297593,-788.200203055,788.160302862,0.0399001927737,0
0.0065,790.899686673,19240.6097101,1179.57072787,-15.5160559583,38.7232726341,-23.2072166749,792.970875396,-793.0093312,0.0384558033907,0
0.00652,790.930632676,17784.3003508,951.369702652,-14.8127626099,35.8563168677,-21.043554258,-788.277279382,-2.38449934371,790.661778726,0
0.00654,790.888718157,18571.4091886,919.218070236,-15.8111271433,37.4578804606,-21.6467533179,-788.222365224,788.193187093,0.0291781307269,0
0.00656,790.842589385,19388.6489864,953.396080747,-16.7343666356,39.1123856893,-22.3780190546,-788.163347728,788.135129466,0.0282182619539,0
0.00658,790.793314882,20204.9447047,1006.58556559,-17.6398556838,40.7626399429,-23.1227842605,-788.101294509,788.073879866,0.0274146427464,0
0.0066,790.807513881,19190.2553509,1116.32042107,-16.6961266956,38.7456501375,-22.0495234403,792.884714847,-792.91148183,0.0267669835897,0
0.00662,790.836753032,17800.9834447,790.371124888,-16.1407618626,35.9901789475,-19.8494170845,-788.176090433,-2.37919796826,790.555288402,0
0.00664,790.799151231,18476.2616144,634.882915512,-17.2864862106,37.3598196855,-20.0733334764,-788.125911806,788.11197757,0.0139342362591,0
0.00666,790.753518589,19296.4957636,739.324756339,-18.1283536683,39.0121414148,-20.8837877463,-788.067808219,788.054031049,0.013777170321,0
0.00668,790.704742357,20114.8931545,862.652525593,-18.9529095543,40.6607794112,-21.7078698561,-788.006666019,787.992891217,0.0137748014399,0
0.0067,790.715191204,19215.6020278,987.193245969,-18.043267419,38.8718974129,-20.8286299932,792.79975911,-792.813685923,0.0139268128014,0
0.00672,790.744182506,17841.0807985,664.198551161,-17.4077737285,36.1159617914,-18.7081880615,-788.076555934,-2.37412073739,790.450676671,0
0.00674,790.708359131,18469.3737108,476.86311227,-18.5879743329,37.3708664228,-18.7828920898,-788.028557033,788.027582445,0.000974588779911,0
0.00676,790.663006277,19289.4164701,651.839648546,-19.3502080532,39.0235740212,-19.6733659682,-787.971129474,787.969513684,0.00161578956698,0
0.00678,790.614507572,20106.7414966,845.542234031,-20.0955801454,40.6731586559,-20.5775785101,-787.910655985,787.908245994,0.00240999181108,0
0.0068,790.62525053,19207.0689248,987.467603186,-19.1074018836,38.8861741088,-19.7787722254,792.715210493,-792.718567345,0.00335685169216,0
0.00682,790.652207108,17908.1721577,573.049923388,-18.6227610976,36.2472870696,-17.624525972,-787.977848974,-2.36935905336,790.347208028,0
0.00684,790.619756731,18441.8340652,250.91940906,-19.9533500466,37.2758997306,-17.3225496836,-787.93360259,787.946756591,-0.0131540017493,0
0.00686,790.574885026,19259.8705866,496.362973966,-20.6372891679,38.9320217807,-18.2947326127,-787.877030579,787.888743362,-0.0117127827174,0
0.00688,790.526858497,20074.3197073,760.348267239,-21.3048294163,40.5855760834,-19.2807466682,-787.817398578,787.827518991,-0.0101204136897,0
0.0069,790.533849604,19288.0906306,927.829256904,-20.3538338582,39.0322146808,-18.6783808213,792.630771931,-792.622394666,-0.00837726514271,0
0.00692,790.560483534,18006.0907696,519.384458216,-19.7921847257,36.3984063495,-16.6062216227,-787.879522686,-2.36502312804,790.244545815,0
0.00694,790.530871613,18455.6763441,56.6196235856,-21.2747694113,37.2034869365,-15.9287175265,-787.83847244,787.865202699,-0.0267302592905,0
0.00696,790.48643422,19269.1901953,372.569736841,-21.8820399692,38.8657708429,-16.9837308746,-787.782687275,787.80717882,-0.0244915453507,0
0.00698,790.438827706,20078.2593917,706.847838823,-22.4733856189,40.5260352563,-18.0526496376,-787.72382271,787.74592639,-0.0221036797957,0
0.007,790.446147021,19290.3991668,895.29698882,-21.4468492578,38.9802866181,-17.5334373588,792.548274785,-792.528707726,-0.0195670593971,0
0.00702,790.472499851,18025.1922716,492.796084034,-20.8100910838,36.3547541577,-15.544663073,-787.786667733,-2.35949707436,790.146164808,0
0.00704,790.445549388,18401.7848324,-116.562268025,-22.4465839413,36.9395113613,-14.4929274206,-787.748611021,787.788379303,-0.0397682824046,0
0.00706,790.401913739,19208.4866484,269.216074602,-22.9791121249,38.6111586543,-15.6320465293,-787.693954495,787.730689822,-0.0367353277942,0
0.00708,790.355087063,20009.9048584,673.082888333,-23.4962008477,40.2813286588,-16.7851278121,-787.636191525,787.66974689,-0.03355536501,0
0.0071,790.362830898,19219.8311835,881.942063993,-22.3960635622,38.7463637491,-16.3503001855,792.468535121,-792.438306304,-0.0302288167325,0
0.00712,790.386707042,18041.8018076,397.242009249,-21.9150165495,36.2466977581,-14.3316812071,-787.69589058,-2.35289188306,790.048782463,0
0.00714,790.361841342,18357.2942819,-363.452470945,-23.706910021,36.6140552807,-12.9071452605,-787.660228625,787.714227449,-0.0539988235327,0
0.00716,790.319121908,19155.3663753,92.0773318243,-24.1662010793,38.2979807288,-14.1317796497,-787.606793109,787.656965216,-0.0501721068973,0
0.00718,790.273183349,19947.3281642,565.431834229,-24.6105494075,39.9809636207,-15.3704142128,-787.550217894,787.59641857,-0.0462006757427,0
0.0072,790.27734196,19267.3908307,813.477956308,-23.5526698004,38.6883439136,-15.1356741124,792.388539116,-792.346454137,-0.0420849782296,0
0.00722,790.300781744,18108.6266944,338.311442901,-22.9997378619,36.2025108961,-13.2027730335,-787.604762611,-2.34702640791,789.951789019,0
0.00724,790.27740756,18374.3067749,-577.794573942,-24.9488040131,36.3551092686,-11.4063052553,-787.570880105,787.638592598,-0.0677124934508,0
0.00726,790.235471333,19161.2285534,-52.5575308262,-25.3366438745,38.0539401554,-12.7172962818,-787.518510524,787.581607262,-0.0630967376481,0
0.00728,790.190283087,19941.2271527,490.211222372,-25.7100473931,39.7523543554,-14.042306962,-787.46296319,787.521301891,-0.0583387018643,0
0.0073,790.19487575,19257.1661544,762.386214757,-24.5818860942,38.4760002757,-13.8941141802,792.310157269,-792.25671841,-0.0534388593028,0
0.00732,790.217927696,18117.4306375,296.938567239,-23.9591258088,36.007075984,-12.0479501752,-787.518088798,-2.34027511909,789.858363917,0
0.00734,790.195755781,18345.1219433,-778.71844224,-26.0674364098,35.9479934221,-9.880557013,-787.485670743,787.56660514,-0.0809343965794,0
0.00736,790.154886278,19118.6536408,-184.508257875,-26.3859035313,37.664802132,-11.2788986002,-787.434624861,787.510159886,-0.0755350242777,0
0.00738,790.110724793,19884.468606,426.915486321,-26.6904506086,39.3817121113,-12.6912615036,-787.380356091,787.450352037,-0.0699959451753,0
0.0074,790.115839246,19195.5834842,722.727198402,-25.4940991452,38.1246668157,-12.6305676699,792.233925164,-792.169607507,-0.0643176570546,0
0.00742,790.135986813,18153.2400237,186.010525922,-25.032384517,35.7900652307,-10.7576807135,-787.431866676,-2.33273871806,789.764605395,0
0.00744,790.114275153,18355.4474371,-1052.05499303,-27.3015793528,35.522088333,-8.22050898083,-787.400148927,787.495554278,-0.0954053513827,0
0.00746,790.074506547,19113.7386953,-388.970428821,-27.5523228218,37.2596499035,-9.70732708147,-787.350438796,787.439663775,-0.0892249782557,0
0.00748,790.03140035,19863.5330258,290.985347287,-27.7896722418,38.9978214167,-11.2081491748,-787.297454996,787.38036261,-0.0829076149204,0
0.0075,790.033094849,19279.6687342,639.612030039,-26.6411097533,37.9914627833,-11.3503530298,792.156249801,-792.079796018,-0.0764537832354,0
0.00752,790.052678659,18258.1804483,116.86377598,-26.1130828653,35.6790628581,-9.56597999294,-787.343710044,-2.32622520262,789.669935246,0
0.00754,790.031147862,18432.6388405,-1340.1857785,-28.6022957344,35.1474678601,-6.54517212597,-787.312391158,-2.30846318839,789.620854346,0
0.00756,789.99281813,19159.7896915,-662.659871983,-28.8442372666,36.8512724516,-8.00703518474,-787.264332695,787.368518705,-0.104186009889,0
0.00758,789.950775308,19891.6865612,85.7115225317,-29.0160901233,38.6134156942,-9.59732557132,-787.212619893,787.309713716,-0.0970938222743,0
0.0076,789.953041656,19301.1089665,461.786558436,-27.802706357,37.6318031607,-9.82909680295,792.080206293,-791.990338246,-0.0898680473207,0
0.00762,789.972006782,18300.8842161,-46.55979124,-27.2103286101,35.3447710568,-8.13444244703,-787.259223398,-2.31739605593,789.576619454,0
0.00764,789.948617753,18525.5776465,-1451.87442199,-29.6354110858,34.8388458883,-5.20343480158,-787.226238582,-2.30021139195,789.526449974,0
0.00766,789.912502411,19186.1109713,-925.717139288,-30.0424430168,36.3401266051,-6.29768358872,-787.180581677,787.299305474,-0.118723796547,0
0.00768,789.871720685,19897.8959521,-109.710487308,-30.1510177258,38.1291477601,-7.97813003458,-787.130311973,787.241176411,-0.110864437902,0
0.0077,789.874632947,19299.7400237,293.398767025,-28.8750362926,37.1751717972,-8.30013550443,792.004876078,-791.902001575,-0.102874503427,0
0.00772,789.893024981,18320.3232602,-200.095135575,-28.2205401855,34.9163843675,-6.69584418067,-787.177332473,-2.3080611312,789.485393604,0
0.00774,789.867943631,18593.5462836,-1552.35777583,-30.5837391944,34.4389988603,-3.85525966442,-787.142822055,-2.29147128117,789.434293337,0
0.00776,789.833578795,19199.4232447,-1181.11709903,-31.1581084608,35.7406174462,-4.58250898669,-787.09907728,787.231955277,-0.132877996706,0
0.00778,789.794227116,19888.9142148,-298.273565944,-31.20566046,37.5593673677,-6.35370690844,-787.050394093,787.17465386,-0.124259767137,0
0.0078,789.797847949,19282.3251182,131.477466149,-29.8693414773,36.6358626408,-6.76652116198,791.930366061,-791.81485196,-0.115514100999,0
0.00782,789.815706239,18323.2406107,-346.680012949,-29.1549955078,34.4081405349,-5.25314502684,-787.097882674,-2.29830641632,789.39618909,0
0.00784,789.789076015,18643.2498531,-1644.57778364,-31.4585933112,33.962107816,-2.50351450476,-787.061964625,-2.28232810019,789.344292725,0
0.00786,789.755645105,19223.3310369,-1320.45852014,-32.0883290755,35.1811206508,-3.09279157636,-787.019289973,787.16426766,-0.144977686771,0
0.00788,789.717637732,19887.7470305,-371.719110781,-32.0773800883,37.0321564826,-4.95477639435,-786.972082166,787.107695183,-0.135613017792,0
0.0079,789.721929835,19271.1763285,84.1738525999,-30.6832497139,36.1416654512,-5.45841573646,791.856046503,-791.729922333,-0.126124169256,0
0.00792,789.739391922,18331.1217685,-378.263276417,-29.9115869189,33.9475383988,-4.03595147927,-787.020088412,-2.28991743794,789.31000585,0
0.00794,789.711562078,18695.2654528,-1620.62568462,-32.1581274931,33.5353795704,-1.37725207748,-786.983086659,-2.27456314687,789.257649806,0
0.00796,789.679007927,19240.7490455,-1456.27805087,-32.9600203478,34.5600563893,-1.60003604241,-786.94139966,787.098199581,-0.156799920743,0
0.00798,789.642460739,19877.9886675,-442.521372156,-32.8928898324,36.4461138225,-3.55322399053,-786.895757838,787.042456166,-0.146698328476,0
0.008,789.647465992,19250.616136,39.1192486244,-31.4432713958,35.5913555242,-4.14808412858,791.78263122,-791.646155284,-0.136475935654,0
0.00802,789.664557632,18329.0905994,-407.094211529,-30.6166223454,33.4335280016,-2.81690565628,-786.944298997,-2.28125215688,789.225551154,0
0.00804,789.635623843,18735.5691722,-1592.66648041,-32.8084481855,33.0579387373,-0.249490551165,-786.906284026,-2.26653713511,789.172821161,0
0.00806,789.60340444,19278.3135891,-1362.94277558,-33.552372219,34.1234350948,-0.571062876747,-786.865017521,787.029924067,-0.164906545887,0
0.00808,789.567943529,19885.0641622,-285.410438032,-33.4318823935,36.0467109302,-2.61482853802,-786.820542681,786.974627949,-0.154085268507,0
0.0081,789.573510557,19244.6869186,221.250626153,-31.9296010046,35.2298670765,-3.30026607155,791.709299991,-791.566153317,-0.143146673949,0
0.00812,789.590461716,18339.5677898,-208.567161964,-31.050795978,33.110508299,-2.05971231969,-786.869647312,-2.27585109171,789.145498404,0
0.00814,789.560959703,18784.8776488,-1335.43244661,-33.1896813732,32.7747136003,0.414967772937,-786.831129847,-0.161798728328,786.992928575,0
0.00816,789.529002366,19309.0161834,-1266.18480424,-34.1088030213,33.6528572232,0.455945797941,-786.790186183,789.063009916,-2.27282373273,0
0.00818,789.494686505,19883.3299924,-124.545452889,-33.9359644682,35.6173271358,-1.68136266786,-786.746912166,786.908185174,-0.161273008195,0
0.0082,789.500834693,19229.1567095,406.688005899,-32.3834036203,34.8409864523,-2.45758283076,791.636948738,-791.487319635,-0.1496291032,0
0.00822,789.517659955,18339.909014,-6.26690438855,-31.4548321739,32.7626701013,-1.30783792605,-786.796564562,-2.27035252878,789.066917091,0
0.00824,789.487644187,18822.1443706,-1072.53985424,-33.5424168872,32.4699934789,1.07242340857,-786.757574254,-0.156987849567,786.914562103,0
0.00826,789.455494069,19337.3012596,-1278.60772818,-34.7555501506,33.0469238078,1.70862634164,-786.716473818,788.998794689,-2.28232087105,0
0.00828,789.422586846,19877.7222997,-71.731268741,-34.5305539086,35.0573407362,-0.526786828481,-786.674639492,786.844658327,-0.170018834551,0
0.0083,789.429416178,19209.6138668,483.862879738,-32.9298895161,34.3242579387,-1.39436842277,791.56567901,-791.408001405,-0.157677604678,0
0.00832,789.446021457,18336.4259456,88.4856720239,-31.9537334839,32.2897229201,-0.335989435083,-786.724796294,-2.26312855046,788.987924844,0
0.00834,789.415298555,18854.3854117,-915.251534136,-33.9916015193,32.0434983193,1.94810319974,-786.685115176,-0.150476974846,786.835592151,0
0.00836,789.382593959,19379.6824453,-1284.6797294,-35.386677786,32.4361910324,2.9504867541,-786.643471735,788.935157546,-2.29168581124,0
0.00838,789.351103501,19884.0203403,-15.5087628648,-35.1139290931,34.4930452767,0.620883815162,-786.603060749,788.881734802,-2.27867405315,0
0.0084,789.35861417,19201.1182432,565.714337862,-33.4659192615,33.8073451408,-0.341425878555,791.494972588,-791.329350122,-0.165622466086,0
0.00842,789.375004217,18343.3040333,190.111098721,-32.4429421834,31.8207006177,0.622241567145,-786.653678122,-0.155992294473,786.809670417,0
0.00844,789.343587161,18894.8906699,-751.591847624,-34.4352122598,31.6216760499,2.81353621125,-786.61329484,-0.144040698473,786.757335539,0
0.00846,789.309485219,19447.328024,-1395.6790226,-36.1289962999,31.7182222345,4.41077406541,-786.570241247,788.872940087,-2.30269884031,0
0.00848,789.279624021,19914.1295713,-66.3307699186,-35.8120778374,33.8227713304,1.98930650638,-786.531441896,788.820448806,-2.28900691027,0
0.0085,789.287944633,19213.027571,599.043875729,-34.0590286862,33.2469786637,0.812050022664,791.424466767,-0.162174642394,-791.262292124,0
0.00852,789.304320118,18360.0452773,414.028280988,-32.8176542271,31.4846220732,1.33303215395,-786.582800857,-0.150757948842,786.733558806,0
0.00854,789.272432294,18942.38971,-465.550764919,-34.7677882141,31.3341491424,3.43363907221,-786.541914728,-0.139502549653,786.681417277,0
0.00856,789.237041606,19532.2989981,-1271.22381712,-36.648686658,31.2509478131,5.39773884394,-786.497535555,788.807767671,-2.31023211596,0
0.00858,789.208305048,19958.4597325,116.720538347,-36.2905366959,33.4050448119,2.88549188466,-786.459819262,788.755699393,-2.29588013142,0
0.0086,789.217230087,19238.2907735,804.981616736,-34.4969724704,32.879412126,1.61756034333,791.354104107,-0.156309258132,-791.197794849,0
0.00862,789.233602288,18393.0950925,638.575584513,-33.2156229503,31.1676862914,2.04793665938,-786.511677863,-0.145598747432,786.657276611,0
0.00864,789.201194916,19004.1837688,-177.816532659,-35.126079601,31.0680594336,4.0580201672,-786.470216343,-0.135050195657,786.605266538,0
0.00866,789.165092326,19626.0321512,-975.939978062,-37.0250512655,30.9788933848,6.0461578822,-786.425064725,-0.12466367689,786.549728402,0
0.00868,789.136501022,20027.3826733,302.335236013,-36.7996398345,33.0132947545,3.78634507899,-786.387428472,788.690358385,-2.30292991305,0
0.0087,789.146011332,19287.3454289,1013.06246424,-34.9680270708,32.5400719491,2.4279551224,791.283543925,-0.150560583381,-791.132983341,0
0.00872,789.162360568,18449.2535222,865.680626127,-33.6491711278,30.881212871,2.76795825796,-786.43970077,-0.140566272363,786.580267042,0
0.00874,789.129361885,19087.0202954,113.514093651,-35.5224190831,30.8346522196,4.68776686372,-786.397568651,-0.130734426126,786.528303077,0
0.00876,789.09274366,19734.6043323,-620.179457265,-37.3847680416,30.7988930648,6.58587497714,-786.351817478,-0.121065089833,786.472882568,0
0.00878,789.06365764,20127.5494939,493.031291174,-37.3517390177,32.6586158756,4.69312314209,-786.313597989,788.623822288,-2.31022429925,0
0.0088,789.073727134,19366.8263089,1225.81753703,-35.4845548822,32.2399777629,3.24457711911,791.212341895,-0.144977002494,-791.067364893,0
0.00882,789.09352121,18428.9236434,1138.43930896,-33.9022028296,30.5219128826,3.38028994801,-786.371392755,-0.135708113994,786.507100869,0
0.00884,789.060280695,19091.1223606,450.767613405,-35.7412054728,30.5308065105,5.21039896255,-786.328912758,-0.126602037107,786.455514795,0
0.00886,789.02348923,19762.2010568,-218.254147571,-37.5698978452,30.5508277845,7.01907006173,-786.282877726,-0.117658788026,786.400536514,0
0.00888,788.993203211,20178.3325688,620.079532024,-37.8463574155,32.124087985,5.7222694308,-786.243343108,788.561186231,-2.31784312264,0
0.0089,789.007266147,19309.570718,1301.94750995,-35.832159774,31.5342837205,4.2978760535,791.144090463,-0.136182037654,-791.007908426,0
0.00892,789.027124838,18377.4808724,1230.39891797,-34.21776041,29.8742785259,4.34348188479,-786.306656767,-0.127653982567,786.434310749,0
0.00894,788.99350702,19063.3673464,608.175457879,-36.025016701,29.941399657,6.08361704521,-786.263667062,-0.119288912462,786.382955974,0
0.00896,788.956402307,19757.1906718,4.7586534825,-37.8225518195,30.0199574226,7.80259439675,-786.217181885,-0.111086814574,786.3282687,0
0.00898,788.925442799,20193.8642464,680.785865873,-38.2968732674,31.4236252377,6.87324802932,-786.176832431,788.502683026,-2.32585059485,0
0.009,788.940267891,19306.3948818,1380.58429146,-36.2525583367,30.8934873169,5.35907101868,791.075990219,-0.127672080853,-790.948318138,0
0.00902,788.960155236,18379.4183995,1325.37217127,-34.6085995581,29.2935417564,5.31505780177,-786.240636653,-0.119892419174,786.360529072,0
0.00904,788.926009227,19086.7869633,769.628644691,-36.3865952197,29.4208733408,6.96572187919,-786.196964009,-0.112275756747,786.309239765,0
0.00906,788.888435918,19801.1483399,232.819395394,-38.155458595,29.5599345356,8.59552405934,-786.149851077,-0.104822051857,786.254673129,0
0.00908,788.85543055,20296.8313342,640.288645968,-38.9443136795,30.6817703425,8.26254333741,-786.107292255,788.443326529,-2.3360342734,0
0.0091,788.871065908,19390.4086678,1358.18664568,-36.872137447,30.2134651463,6.65867230067,791.006486022,-0.117773963639,-790.888712058,0
0.00912,788.894477949,18358.8245368,1350.76570201,-34.9724407076,28.5615153622,6.41092534655,-786.176800293,-0.110752949525,786.287553243,0
0.00914,788.859850625,19086.0598638,862.149013415,-36.7239093369,28.7514330022,7.97247633595,-786.132466038,-0.103894782812,786.236360821,0
0.00916,788.821849979,19819.3446774,392.569354305,-38.4668344667,28.9533565714,9.51347789629,-786.084741149,-0.0971993928895,786.181940542,0
0.00918,788.78727099,20363.5283781,643.989385639,-39.4587954191,29.9098677997,9.54892761825,-786.0404198,788.385458403,-2.34503860346,0
0.0092,788.806792433,19357.6165449,1299.19266797,-37.2475961817,29.2772459524,7.97035022782,790.939408745,-0.10653447809,-790.832874267,0
0.00922,788.830279408,18330.1364673,1305.12053833,-35.3238109964,27.6900596909,7.63375130593,-786.11520218,-0.100281541424,786.215483721,0
0.00924,788.795188021,19075.579918,884.303241947,-37.0514825975,27.9448547958,9.106627803,-786.070198459,-0.0941911344929,786.164389594,0
0.00926,788.756771784,19826.1305691,482.600481922,-38.7711986929,28.2119151777,10.5592835157,-786.02184834,-0.0882631578686,786.110111498,0
0.00928,788.720263559,20431.1171791,581.591735742,-39.968999773,29.0053539583,10.9636458131,-785.975383917,788.330047133,-2.35466321616,0
0.0093,788.740611793,19408.0017195,1251.11165801,-37.7356277859,28.4389146438,9.29671314134,790.871476607,-0.0957110070339,-790.7757656,0
0.00932,788.767769905,18272.5543293,1294.70559116,-35.5618148231,26.8040329404,8.75778188322,-786.055932792,-0.0902312548349,786.146164047,0
0.00934,788.732432233,19033.8273247,941.945355609,-37.2686495763,27.1256804792,10.1429690982,-786.010452709,-0.0849135564804,786.095366265,0
0.00936,788.693811547,19799.2726551,608.348554822,-38.9681161762,27.4598365101,11.5082796671,-785.96166391,-0.0797577838166,786.041421694,0
0.00938,788.655088965,20476.5651769,558.751095473,-40.3747232355,28.0921394895,12.282583745,-785.912746778,788.276033301,-2.36328652309,0
0.0094,788.679134189,19361.1060454,1157.2070444,-38.0080331153,27.3656247758,10.6424083395,790.805994581,-0.0836160817635,-790.722378499,0
0.00942,788.706422347,18228.463687,1210.88039962,-35.8158115295,25.7996382648,10.0161732655,-785.998337225,-0.078917324602,786.077254549,0
0.00944,788.67079988,19003.8464312,926.853919382,-37.5045214723,26.1902588294,11.3142626428,-785.952318106,-0.074379980561,786.026698086,0
0.00946,788.631930953,19782.468544,662.014007023,-39.1864484611,26.5936135555,12.5928349056,-785.903022771,-0.0700038928995,785.973026663,0
0.00948,788.590529492,20543.9887239,468.725253473,-40.8045784645,27.0668585596,13.7377199041,-785.851164435,788.223875915,-2.37271147998,0
0.0095,788.615367287,19413.3857709,1078.21033363,-38.4213699553,26.4105336552,12.0108362984,790.739518908,-0.0719984864243,-790.667520421,0
0.00952,788.646415141,18170.2066953,1159.40983437,-35.9847918693,24.8008178227,11.1839740475,-785.94247922,-0.0680842185355,786.010563438,0
0.00954,788.610670236,18957.2903183,944.33682714,-37.658313877,25.2622135794,12.3961002989,-785.896059726,-0.064330566081,785.960390292,0
0.00956,788.57170902,19746.6887771,748.444658547,-39.3256361366,25.7365524868,13.5890836497,-785.846390205,-0.0607373438822,785.907127549,0
0.00958,788.529554472,20538.1700606,571.715994607,-40.986863629,26.2238679545,14.7629956755,-785.793492942,-0.0573043611082,785.850797303,0
0.0096,788.55702994,19344.2499054,1050.39530045,-38.5333514337,25.3540081968,13.1793432371,790.676458842,-0.0608733244941,-790.615585517,0
0.00962,788.58825344,18102.4014587,1138.02103155,-36.0842304695,23.816741113,12.2674893572,-785.888740709,-0.0577462584897,785.946486968,0
0.00964,788.552515886,18898.7832013,992.086245527,-37.7454869651,24.3506289173,13.3948580478,-785.842027435,-0.0547788540733,785.896806289,0
0.00966,788.513585908,19696.5641976,865.29775141,-39.4011242178,24.8976519159,14.5034723024,-785.792084156,-0.0519708978072,785.844055054,0
0.00968,788.471485246,20495.5162052,757.629667566,-41.0512466009,25.457840389,15.5934062128,-785.73893194,-0.0493221706341,785.78825411,0
0.0097,788.496409845,19383.6240781,1040.61915858,-38.8155333045,24.4331148246,14.3824184785,790.61264519,-0.0502534814794,-790.562391708,0
0.00972,788.527781717,18142.4216543,1135.32607479,-36.3562995576,22.9697047234,13.3865948342,-785.831143824,-0.0479155492064,785.879059373,0
0.00974,788.491712104,18945.6072087,1059.39370353,-38.0077047405,23.5774693397,14.430235401,-785.783778363,-0.0457361694645,785.829514532,0
0.00976,788.452470267,19749.2798826,1002.54169469,-39.6540662679,24.198543232,15.4555230357,-785.733199349,-0.0437151007627,785.77691445,0
0.00978,788.410076729,20553.21546,964.735652107,-41.2954877819,24.8329535148,16.4625342673,-785.679426652,-0.0418520960286,785.721278748,0
0.0098,788.434472842,19472.4322554,965.220317689,-39.1659703098,23.4266286679,15.7393416424,790.547427942,-0.0384364349356,-790.508991507,0
0.00982,788.465982959,18231.9086693,1067.46603781,-36.6992719285,22.0388646198,14.6604073087,-785.772284405,-0.0368922863712,785.809176691,0
0.00984,788.429441498,19040.0170127,1062.14450791,-38.3434627625,22.7222734023,15.6211893614,-785.724104946,-0.0355054200268,785.759610366,0
0.00986,788.389743217,19847.7045514,1075.81044058,-39.9831807571,23.4191470564,16.5640337011,-785.672723708,-0.0342755666054,785.706999274,0
0.00988,788.346907449,20654.7513227,1108.42096646,-41.6185286951,24.1295094921,17.4890192043,-785.618159389,-0.0332024512734,785.65136184,0
0.0099,788.376089167,19456.1999485,931.306700567,-39.2558007671,22.3434300628,16.9123707032,790.484077427,-0.0271552966624,-790.45692213,0
0.00992,788.404030922,18330.0677429,1037.55914972,-37.0133075672,21.1471822237,15.8661253449,-785.713220603,-0.0264052842618,785.739625887,0
0.00994,788.367073048,19140.603516,1102.92287187,-38.6531382672,21.9076822413,16.745456027,-785.664261076,-0.0258111309424,785.690072207,0
0.00996,788.32696788,19949.8215114,1187.15170609,-40.2890623044,22.6817851511,17.6072771531,-785.612105773,-0.0253725398632,785.637478313,0
0.00998,788.284904113,20728.5888865,1241.92232418,-41.8640842005,23.3553168252,18.5087673747,2.426096993,-788.009128979,785.583031986,0
0.01,788.315473889,13720.3881597,582.134832013,-39.4634910273,21.201857968,18.2616330588,790.41879274,-0.0147011244723,-790.404091616,0
0.01002,788.343219501,13225.8188516,665.104631073,-38.0705221345,20.5077774687,17.5627446659,-785.650320133,-0.0147251639404,785.665045297,0
0.01004,788.303505813,14097.8809863,763.045574841,-40.5583626995,21.7649029511,18.7934597494,-785.591881615,-0.0148572159339,785.606738831,0
0.01006,788.258962056,14968.7796222,875.909615992,-43.0410374293,23.0302240778,20.0108133513,-785.52859788,-0.0150970535574,785.543694934,0
0.01008,788.215632922,15741.4634984,831.698917447,-45.2331707993,23.7328717655,21.5002990338,2.4448302006,-787.926787905,785.481957704,0
0.0101,788.244975181,15189.5397391,558.199484743,-43.6562605861,22.0503464208,21.6059141652,790.373500323,-0.00222216126701,-790.371278161,0
0.01012,788.267413648,14771.0722456,660.374533971,-42.4841244271,21.5232498681,20.9608745592,-785.547368908,-0.00281187653081,785.550180784,0
0.01014,788.219147674,15641.0720602,816.754862465,-44.9640591884,22.8328670868,22.1311921031,-785.480155174,-0.003508374901,785.483663549,0
0.01016,788.166095518,16509.2137057,987.894760677,-47.4391866919,24.1507344157,23.2884522776,-785.408138045,-0.00431141066895,785.412449455,0
0.01018,788.119559449,17210.5525425,859.161908871,-49.3958983653,24.4495078522,24.9463905114,2.46922701874,-787.817067156,785.347840137,0
0.0102,788.144958429,16710.3080387,535.373005726,-47.9271839376,22.7069399867,25.22024395,790.298121157,0.0125665197538,-790.310687676,0
0.01022,788.184675592,15964.5325586,634.907265032,-45.8362032962,21.7774016317,24.0588016652,-785.446599699,0.01140700011,785.435192699,0
0.01024,788.129995826,16831.1111478,847.526719894,-48.3123235624,23.141957599,25.1703659645,-785.372716553,0.0101420417765,785.362574511,0
0.01026,788.070558477,17695.1652474,1074.73186097,-50.7839985951,24.5148083918,26.2691902033,-785.294056576,0.00877190901372,785.285284667,0
0.01028,788.034928356,18161.3106352,500.581807757,-51.9392091766,23.2717274224,28.6674817537,2.47605467061,-787.707941706,785.231887035,0
0.0103,788.070046489,17487.1075137,445.916920246,-50.0139996874,22.0438088971,27.97019079,790.23032764,0.0296319093161,-790.259959549,0
0.01032,788.114802479,16658.6780226,542.363509252,-47.6955219172,21.0578552826,26.6376666361,-785.371027726,0.0278990566276,785.343128669,0
0.01034,788.056641582,17520.8551526,808.192450702,-50.1729127917,22.4802340568,27.6926787351,-785.293367981,0.026062223261,785.267305758,0
0.01036,787.993731782,18379.8770268,1088.4293097,-52.6462260733,23.9109438502,28.7352822238,-785.210938067,0.0241216917474,785.186816375,0
0.01038,787.960854666,18770.6332096,340.011566929,-53.4615756119,22.0419853652,31.4195902466,2.4775177925,-787.613958764,785.136440971,0
0.0104,787.99877033,18051.8120847,353.906925579,-51.4259494829,20.9876004241,30.4383490584,790.160830189,0.0472537429353,-790.208083932,0
0.01042,788.046359229,17182.0727083,446.246756783,-48.9974909989,20.0039383073,28.9935526926,2.44500713431,0.0449480717015,-2.48995520601,0
0.01044,787.988486143,17998.2296158,758.696365486,-51.3653266513,21.4286650193,29.9366616335,-785.224508318,0.0425399828578,785.181968335,0
0.01046,787.923417374,18850.7761491,1090.51407489,-53.843624173,22.9188343744,30.9247897991,-785.139597216,0.0400297769236,785.099567439,0
0.01048,787.893396482,19179.4073005,161.695877019,-54.3226088755,20.425886268,33.8967226068,2.47374246335,-787.526034423,785.05229196,0
0.0105,787.934599362,18412.5807259,240.083615674,-52.1798938215,19.5465547694,32.6333390522,790.093223715,0.0654339210868,-790.158657636,0
0.01052,787.982514578,17542.808684,331.070574001,-49.7589086975,18.6238071441,31.1351015525,2.441913567,0.0625564717292,-2.50447003873,0
0.01054,787.923364206,18351.8000494,693.143720489,-52.1341982707,20.109271963,32.0249263076,-785.16213899,0.059578271425,785.102560718,0
0.01056,787.856969227,19196.4263904,1075.59512373,-54.6203049791,21.6601886237,32.9601163561,-785.075558894,0.0564996383794,785.019059256,0
0.01058,787.827391777,19503.6340904,35.0239311649,-54.8797960203,18.7726419072,36.1071541136,2.4682621773,-787.440711339,784.972449162,0
0.0106,787.868732471,18737.6940206,115.079989646,-52.7464815755,17.9552156163,34.7912659593,790.022233068,0.0841802512943,-790.106413319,0
0.01062,787.916951645,17868.2170403,204.540128275,-50.3352878181,17.0943862747,33.2409015446,2.43714835828,0.0807325759461,-2.51788093422,0
0.01064,787.856887645,18668.560594,615.782978066,-52.7203331729,18.6415747113,34.078758463,-785.100070241,0.0771859183725,785.022884322,0
0.01066,787.792548896,19465.5908427,936.808212997,-55.0453671042,19.9118525983,35.1335145064,2.47478608614,-787.416432711,784.941646624,0
0.01068,787.75986655,19798.2898512,-106.237873039,-55.2589203679,16.9731986582,38.2857217084,2.46116058282,-787.35329606,784.892135477,0
0.0107,787.801342919,19033.4513505,-24.6258562798,-53.1372964683,16.2186266008,36.9186698665,789.948114645,0.103500215811,-790.051614861,0
0.01072,787.849844847,18164.5956816,63.1828878341,-50.7381775879,15.4206511129,35.3175264742,2.43079413135,0.0994843763091,-2.53027850766,0
0.01074,787.789207845,18954.8308249,523.140737794,-53.1352467706,17.0304809653,36.1047658052,-785.038371342,0.0953714237228,784.942999918,0
0.01076,787.727661625,19698.6295046,742.565399528,-55.2444834606,17.9070480029,37.3374354567,2.46575764499,-787.330501813,784.864744168,0
0.01078,787.690845253,20069.875914,-265.11039401,-55.471428253,15.0323299244,40.4390983276,2.45251877862,-787.263803536,784.811284757,0
0.0108,787.732455312,19306.3490708,-182.008647271,-53.3637491711,14.3414929828,39.0222561873,789.870973634,0.123403815405,-789.99437745,0
0.01082,787.781220415,18438.4352789,-95.9266117283,-50.978952697,13.6072387932,37.3717139036,2.42293094534,0.118822374958,-2.54175332029,0
0.01084,787.725833009,19138.7978906,391.915535608,-53.1624933773,15.1666677051,37.9958256722,-784.98417934,0.114145789265,784.870033551,0
0.01086,787.665405508,19858.5226707,582.10751966,-55.1727908328,15.8788790496,39.2939117815,2.45525833714,-787.24832247,784.793064133,0
0.01088,787.627055711,20237.7914262,-362.350428296,-55.3585415213,13.1257306463,42.2328108734,2.44242134863,0.145535400408,-2.58795674903,0
0.0109,787.670885777,19446.2651096,-251.443936428,-53.2104315548,12.5560300634,40.6544014902,789.799710198,0.140491856432,-789.940202054,0
0.01092,787.719832932,18579.3503115,-168.042382076,-50.8426263688,11.8858295759,38.9567967945,2.41364226766,0.135354835416,-2.54899710307,0
0.01094,787.664884783,19266.9379629,364.323561591,-53.043146743,13.5091013404,39.5340454031,-784.93211568,0.130124719663,784.80199096,0
0.01096,787.606995999,19947.5111573,447.144952076,-54.8427040108,13.8290258386,41.0136781727,2.44335863703,-787.171064863,784.727706226,0
0.01098,787.565537177,20361.872141,-461.667202209,-55.0467411132,11.1409109101,43.9058302014,2.43093824796,0.163824595637,-2.5947628436,0
0.011,787.609557315,19570.9490566,-351.108044953,-52.9174338164,10.6360360846,42.2813977314,789.727316778,0.158226807443,-789.885543586,0
0.01102,787.658664846,18705.4017644,-270.382312731,-50.5687853147,10.030625396,40.5381599177,2.40299704154,0.152537671846,-2.55553471338,0
0.01104,787.604407087,19378.95961,306.058673151,-52.7884447972,11.7184636086,41.0699811887,-784.881864682,0.146757587167,784.735107095,0
0.01106,787.547292445,20044.638938,356.165303081,-54.4934956901,11.8749776944,42.6185179953,2.43184235476,-787.09356687,784.661724516,0
0.01108,787.502951045,20492.5527726,-516.032153953,-54.7177245083,9.25212953312,45.4655949738,2.41984925811,0.181067326298,-2.60091658441,0
0.0111,787.547164042,19701.9694267,-405.859820497,-52.6091210505,8.81229799489,43.7968230557,789.654263251,0.174922624429,-789.829185876,0
0.01112,787.59643321,18837.6009667,-327.826002484,-50.281523023,8.27188230118,42.0096407209,2.39276701466,0.168688791255,-2.56145580591,0
0.01114,787.542892302,19495.4670492,292.170379022,-52.5222015732,10.0244766326,42.4977249411,-784.830151049,0.162366240731,784.667784808,0
0.01116,787.487292484,20136.652651,231.456804726,-54.0206658305,9.7898494827,44.2308163478,2.41905256447,-787.015079778,784.596027213,0
0.01118,787.44005358,20617.2137773,-603.113134891,-54.2671880758,7.23290176148,47.0342863124,2.40750043715,0.19900692176,-2.60650735891,0
0.0112,787.484454502,19827.2397938,-493.282248519,-52.1813826818,6.85873295041,45.322649731,789.579647195,0.192319582941,-789.771966778,0
0.01122,787.533868515,18964.3969979,-417.866280894,-49.8769210007,6.38391835537,43.4930026461,2.38130418487,0.185545420526,-2.5668496054,0
0.01124,787.481260244,19605.3471619,245.213898876,-52.1406946461,8.20186086526,43.9388337814,-784.779539605,0.178684863687,784.600854741,0
0.01126,787.426508651,20231.0167819,72.3748647473,-53.4347204109,7.57683228529,45.8578881247,2.40505775146,-786.9350955,784.530037748,0
0.01128,787.376344679,20743.2747729,-723.544512657,-53.7055937326,5.0863528946,48.6192408368,2.39395972117,0.217664438623,-2.61162415979,0
0.0113,787.420930776,19954.1571956,-613.962539418,-51.6446377603,4.7783991778,46.8662385825,789.503038076,0.210439195972,-789.713477272,0
0.01132,787.470476054,19093.1626896,-541.041097703,-49.3653553022,4.36972485661,44.9956304449,2.36867538895,0.203129526926,-2.57180491588,0
0.01134,787.424310901,19641.8861103,132.742729436,-51.4265332271,6.13967897087,45.286854256,-784.736471979,0.195735875447,784.540736103,0
0.01136,787.369392205,20269.2035356,-75.6755650425,-52.6326285874,5.3529937752,47.2796348119,2.38992809986,-786.859751129,784.469823029,0
0.01138,787.321685278,20745.1911264,-787.365875871,-52.8160622974,3.04328629907,49.7727759971,2.37929673109,0.233647447322,-2.61294417841,0
0.0114,787.366410162,19957.0550172,-678.879665874,-50.7824250344,2.80156715485,47.9808578788,789.434322239,0.22589645249,-789.660218692,0
0.01142,787.416008092,19098.125535,-609.267056718,-48.5307785619,2.4590390187,46.0717395439,2.35494907613,0.218063501536,-2.57301257766,0
0.01144,787.3714554,19628.2815337,103.470345859,-50.6195967505,4.29489299118,46.3247037591,-784.696875091,0.210149052789,784.486726038,0
0.01146,787.316403771,20260.4568305,-141.140151481,-51.7397804412,3.34635307862,48.3934273622,2.37543065572,-786.791160529,784.415729873,0
0.01148,787.266848748,20763.5140801,-815.275765956,-51.9518101919,1.10308730248,50.8487228876,2.36527447565,0.248728176682,-2.61400265233,0
0.0115,787.31171436,19976.1152333,-707.841896338,-49.947216042,0.927562883819,49.0196531571,789.366080371,0.240460450164,-789.606540821,0
0.01152,787.361369571,19119.0747316,-641.462388899,-47.7249212464,0.651128919601,47.0737923269,2.34188023912,0.232113315876,-2.573993555,0
0.01154,787.318378041,19629.2029869,109.657383602,-49.8430855043,2.55281803338,47.2902674715,-784.656390664,0.223687246072,784.432703418,0
0.01156,787.263033111,20267.0194964,-249.142655072,-50.7651969797,1.21463238386,49.5505645955,2.35989913502,-786.72134558,784.361446445,0
0.01158,787.211550878,20796.2658852,-882.780935566,-51.0106329845,-0.95603441672,51.9666673993,0.250272991588,2.36461349726,-2.61488648884,0
0.0116,787.256605097,20010.7185562,-732.94120355,-49.1000917804,-0.938805254309,50.0388970362,0.240806431427,789.311485726,-789.552292157,0
0.01162,787.306457758,19157.2912504,-548.390166611,-47.0857412117,-0.795414952603,47.8811561634,0.231451630138,2.34338284386,-2.574834474,0
0.01164,787.264731358,19645.5364575,242.307304641,-49.2375337788,1.17722827974,48.0603055001,-784.612649688,0.23441538493,784.378234303,0
0.01166,787.208655986,20297.0313824,-152.052250505,-50.0776426983,-0.321897195341,50.3995398923,0.248778726271,-784.555040942,784.306262216,0
0.01168,787.155820266,20849.4438103,-744.522365153,-50.357924333,-2.42051671043,52.7784410419,0.239687036914,2.37599477688,-2.6156818138,0
0.0117,787.201098865,20062.1385451,-595.821349252,-48.4794599971,-2.3379160145,50.8173760116,0.230707718759,789.266867443,-789.497575162,0
0.01172,787.251252475,19205.7163543,-414.547243392,-46.4974693215,-2.12929358275,48.6267629052,0.221840877584,2.35378027067,-2.57562114826,0
0.01174,787.210704269,19670.5364526,415.246798573,-48.6848001965,-0.0852902498245,48.7700904474,-786.66769885,2.34427689176,784.323421958,0
0.01176,787.153642764,20339.7368486,-35.9468159734,-49.412797361,-1.80897848622,51.2217758459,0.238019093184,-784.488481135,784.250462041,0
0.01178,787.099499335,20913.8297148,-588.698235388,-49.7263820798,-3.84203376112,53.56841584,0.229421740447,2.38705223607,-2.61647397652,0
0.0118,787.145003277,20124.6554358,-441.125648714,-47.8816415396,-3.6941636513,51.5758051917,0.220937388337,789.22134524,-789.442282628,0
0.01182,787.195456808,19265.1962054,-263.15565544,-45.9336481413,-3.42042340188,49.3540715445,0.212566122634,2.36387246291,-2.57643858555,0
0.01184,787.156046116,19705.3005282,602.865592095,-48.1549478705,-1.31157564793,49.4665235187,-786.621821386,2.35389048406,784.267930902,0
0.01186,787.097857893,20394.2361756,141.666448496,-48.8397376008,-3.12538494111,51.965122541,0.228571762156,-784.422397498,784.193825736,0
0.01188,787.042553398,20988.2448967,-370.760559774,-49.1881007862,-5.09328613584,54.2813869216,0.22047407215,2.3968733533,-2.61734742545,0
0.0119,787.088281007,20196.8177972,-224.403751834,-47.3785517947,-4.88057015697,52.2591219518,0.212489907126,789.173971587,-789.386461494,0
0.01192,787.139025323,19334.012311,-49.8620740833,-45.4660139238,-4.54214716529,50.0081610879,0.204619332769,2.3727515294,-2.57737086217,0
0.01194,787.105352374,19684.7593474,767.922982728,-47.4380631875,-2.59675318562,50.034816373,0.224206548888,-784.442186668,784.21798012,0
0.01196,787.045715635,20401.7710466,233.571396378,-47.98851402,-4.68701042057,52.6755244405,0.216507516915,-784.358895104,784.142387587,0
0.01198,786.994799658,20940.8700857,-205.772259623,-48.2598752248,-6.47540246643,54.7352776909,0.208922362747,2.40605338876,-2.6149757515,0
0.012,787.040707507,20147.9907794,-61.273996861,-46.4879375957,-6.19771021102,52.6856478069,0.201451135916,789.135116416,-789.336567552,0
0.01202,787.091673778,19282.7235233,109.169619547,-44.6132618853,-5.79448529805,50.4077471843,0.194093881966,2.38101115051,-2.57510503247,0
0.01204,787.058661429,19628.0861241,803.813573007,-46.3951731873,-4.24057794515,50.6357511328,0.210772975157,-784.384271926,784.173498951,0
0.01206,786.998007112,20365.3772222,313.866825887,-46.9842871779,-6.26529641789,53.2495835947,0.203594952782,-784.300424856,784.096829903,0
0.01208,786.946267461,20921.5846792,-86.5582956512,-47.2945637658,-7.98834043777,55.282904203,0.196531115658,2.41635621112,-2.61288732678,0
0.0121,786.992362905,20127.4786022,56.3271878842,-45.5619024652,-7.64560364618,53.2075061122,0.189581493147,789.096620574,-789.286202067,0
0.01212,787.043567961,19260.0381813,222.889331838,-43.7267433553,-7.17752104967,50.9042644064,0.182746110615,2.39040891533,-2.57315502594,0
0.01214,787.01123597,19597.3222838,872.586653851,-45.4342001913,-5.78697136713,51.2211715582,0.19823614313,-784.326187399,784.127951256,0
0.01216,786.949595669,20353.1616865,427.726883059,-46.0633753358,-7.74658335039,53.8099586862,0.191583958969,-784.241805103,784.050221144,0
0.01218,786.897057186,20924.9268268,66.8080323155,-46.4139553572,-9.40472328805,55.8186786441,0.18504615942,2.42611699753,-2.61116315695,0
0.0122,786.943341982,20129.3412954,208.130328719,-44.7219499125,-8.9973990057,53.7193489197,0.178622753641,789.056917841,-789.235540595,0
0.01222,786.994786583,19259.5477028,370.830995262,-42.9276766659,-8.46492713744,51.3926038023,0.17231374678,2.3992876427,-2.57160138948,0
0.01224,786.962000599,19606.9016017,898.967119118,-44.4481058737,-7.4660708204,51.9141766931,0.184910174342,-784.265091505,784.080181331,0
0.01226,786.899163932,20380.0936004,500.075282499,-45.1189174757,-9.36059632343,54.4795137978,0.178791604868,-784.179955526,784.001163921,0
0.01228,786.845641414,20966.3832699,179.457073654,-45.5113654784,-10.9538645038,56.4652299815,0.172787504009,2.43709546024,-2.60988296425,0
0.0123,786.892128519,20169.4777877,319.514525374,-43.8615749684,-10.4820026585,54.3435776267,0.166897860715,789.016248541,-789.183146402,0
0.01232,786.943836775,19297.5545742,478.626927598,-42.109735943,-9.885203798,51.9949397428,0.161122659919,2.40940070566,-2.57052336558,0
0.01234,786.914387054,19603.7935724,834.557606807,-43.2171109551,-9.39178921012,52.6089001648,0.169126607879,-784.204375751,784.035249144,0
0.01236,786.850343342,20393.5051049,482.247128724,-43.9315539533,-11.2210866341,55.1526405868,0.163552335779,-784.118466851,783.954914515,0
0.01238,786.801551655,20915.8738969,225.523629219,-44.2539027366,-12.6354038083,56.8893065441,0.158092493851,2.44762353952,-2.60571603337,0
0.0124,786.848205683,20118.431935,363.886679664,-42.6485252735,-12.099114948,54.7476402215,0.152747050864,788.98243158,-789.135178631,0
0.01242,786.900120424,19245.2468286,518.96283437,-40.941304903,-11.4381104411,52.3794153458,0.147515971572,2.41908761684,-2.56660358841,0
0.01244,786.869196247,19581.7617449,754.666778804,-41.8655359601,-11.3363005645,53.2018365235,0.152646176215,-784.146497706,783.99385153,0
0.01246,786.804138575,20386.5837356,449.311238417,-42.6253134041,-13.1007563619,55.7260697659,0.147622784473,-784.05999659,783.912373806,0
0.01248,786.754569369,20920.9010099,231.364938125,-42.9932100058,-14.4504759985,57.4436860024,0.142713669323,2.45947079771,-2.60218446703,0
0.0125,786.801406541,20123.0187854,368.4385894,-41.4336853041,-13.8499292885,55.2836145938,0.137918779389,788.947066382,-789.084985161,0
0.01252,786.85355707,19248.7320838,519.862489301,-39.7725123493,-13.1249003592,52.8974127088,0.133238059284,2.43011155319,-2.56334961247,0
0.01254,786.825817135,19545.9183476,657.328574685,-40.4013151516,-13.3008370508,53.702152202,0.135502389826,-784.090794335,783.955291945,0
0.01256,786.759922326,20364.4316404,399.29079758,-41.2080699547,-15.0008933099,56.2089632639,0.131035882569,-784.003865189,783.872829306,0
0.01258,786.715533608,20830.4391666,238.715597819,-41.5092197631,-16.1725429545,57.6817627159,0.126683383409,2.46927151601,-2.59595489942,0
0.0126,786.762511792,20032.4892672,373.911158564,-39.9973932941,-15.5084289954,55.5058222892,0.122444820882,788.91757517,-789.040019991,0
0.01262,786.814824902,19157.5665535,521.077976124,-38.3840996107,-14.7200755889,53.1041752009,0.118320119518,2.43912124175,-2.55744136127,0
0.01264,786.784476895,19502.2876286,540.744429469,-38.83312937,-15.2882969895,54.1214263579,0.117724161314,-784.037420424,783.919696263,0
0.01266,786.717897899,20333.0644716,330.380734139,-39.6884438101,-16.9244499752,56.6128937844,0.113819968605,-783.950203327,783.836383359,0
0.01268,786.673033219,20808.1780053,206.736094955,-40.038347412,-18.0324671217,58.070814533,0.110029400901,2.48051639587,-2.59054579677,0
0.0127,786.720171573,20010.2071388,340.535567659,-38.5755387714,-17.3050653209,55.8806040921,0.106352366721,788.886092042,-788.992444409,0
0.01272,786.772681551,19134.7590104,483.910612275,-37.0114327815,-16.45367856,53.4651113421,0.102788770594,2.44959393726,-2.55238270786,0
0.01274,786.740556874,19509.0484679,463.02647499,-37.3958674671,-17.1867039512,54.5825714176,0.101045817074,-783.981702643,783.880656826,0
0.01276,786.673216862,20350.208525,300.879071858,-38.300785734,-18.7597237525,57.0605094855,0.0977053094186,-783.894107843,783.796402534,0
0.01278,786.627816399,20832.8808451,214.615127844,-38.7004776044,-19.8048901883,58.5053677923,0.094477936608,2.49155127745,-2.58602921405,0
0.0128,786.675126329,20034.5167038,347.210634324,-37.2877161938,-19.0149986571,56.3027148524,0.0913635872265,788.851707019,-788.943070606,0
0.01282,786.727849264,19158.2441166,486.96949535,-35.7738163521,-18.1013870869,53.8752034378,0.0883621458844,2.45988294032,-2.54824508621,0
0.01284,786.697198914,19514.5148118,366.731993483,-35.8670588333,-19.1138018693,54.9808607025,0.0837662844013,-783.926717748,783.842951463,0
0.01286,786.629219461,20364.6006323,253.101125395,-36.8230424669,-20.6242859518,57.4473284175,0.0809937821701,-783.838853536,783.757859754,0
0.01288,786.583373751,20853.7345343,204.440394778,-37.2739716053,-21.6072093502,58.881180954,0.0783338108838,2.50244193901,-2.58077574989,0
0.0129,786.630849846,20055.1474031,335.839041305,-35.9126923349,-20.7554443979,56.668136734,0.0757862393064,788.817959875,-788.893746114,0
0.01292,786.683774713,19178.2988545,471.978032004,-34.4504210219,-19.7802344993,54.2306555215,0.0733509322464,2.47005443775,-2.54340537,0
0.01294,786.659653486,19443.8424272,260.936534319,-34.1400521524,-20.9588747787,55.0989269294,0.0659058865387,-783.879356625,783.813450738,0
0.01296,786.59157222,20301.3666815,195.603128708,-35.1487487745,-22.407720136,57.5564689106,0.0637051428742,-783.791743423,783.72803828,0
0.01298,786.545688132,20795.8923576,184.261474369,-35.6525469044,-23.3293042181,58.9818511216,0.0616162131237,2.51155576414,-2.57317197726,0
0.013,786.593294276,19997.4684744,314.004560642,-34.3443532882,-22.4165639556,56.7609172447,0.0596389463649,788.789173805,-788.848812751,0
0.01302,786.646357955,19120.5219753,446.05820195,-32.935300047,-21.3806624406,54.3159624878,0.0577731877431,2.47848311225,-2.53625629999,0
0.01304,786.62278132,19383.4396688,131.006846811,-32.3367578879,-22.8402037935,55.1769616818,0.0474827702346,-783.83268764,783.78520487,0
0.01306,786.554673901,20246.9509468,114.257560236,-33.3995020564,-24.2281074187,57.627609474,0.0458569729592,-783.745387465,783.699530492,0
0.01308,786.502852131,20826.8778253,134.254886483,-34.0713858317,-25.2029537581,59.2743395889,0.0443421601466,2.52238645412,-2.56672861427,0
0.0131,786.55061513,20028.532437,262.934296892,-32.817353022,-24.2297207109,57.0470737332,0.0429381613408,788.756991226,-788.799929387,0
0.01312,786.603863594,19151.4663362,391.48650044,-31.462581585,-23.1336211073,54.5962026921,0.0416448021806,2.48864910655,-2.53029390873,0
0.01314,786.58551393,19338.6976127,-22.6351768175,-30.4630065146,-24.7608214073,55.2238279218,0.0285109253939,-783.785582831,783.757071906,0
0.01316,786.517441894,20206.7259025,9.47008413669,-31.5810679563,-26.0885272321,57.6695951872,0.027462703484,-783.698643431,783.671180727,0
0.01318,786.465677986,20789.9939686,69.6907682064,-32.3083943729,-27.0034893532,59.3118837254,0.026524524966,2.53157685274,-2.5581013777,0
0.0132,786.513566377,19992.1039452,196.924944647,-31.1099998618,-25.9707598316,57.0807596939,0.0256962000225,788.728816099,-788.754512299,0
0.01322,786.566943151,19115.3858869,321.592018611,-29.8109737105,-24.8154666929,54.6264404039,0.0249775349627,2.497209523,-2.52218705796,0
0.01324,786.550450279,19277.3576311,-130.420664858,-28.639510198,-26.4975050027,55.1370152005,0.010710025923,-783.742269826,783.7315598,0
0.01326,786.482670965,20147.9999148,-49.5769028018,-29.8138691064,-27.766275886,57.5801449922,0.0102379660508,-783.655931009,783.645693043,0
0.01328,786.431171652,20733.0095135,50.7183477114,-30.5976054164,-28.6226244272,59.2202298418,0.00987490489647,2.53921425865,-2.54908916355,0
0.0133,786.479170209,19935.4053338,176.290551002,-29.4557978048,-27.5316711033,56.9874689093,0.00962063345924,788.701758033,-788.711378667,0
0.01332,786.532647491,19058.9510528,296.85268782,-28.2134528261,-26.3184650368,54.5319178618,0.00947493889907,2.50425190197,-2.51372684087,0
0.01334,786.51499803,19239.5054131,-262.776384798,-26.7572613858,-28.2841539256,55.0414153107,-0.00763446266092,-783.698362333,783.705996796,0
0.01336,786.447528303,20111.2893982,-132.970885668,-27.9890606419,-29.494821955,57.483882597,-0.00752880652794,-783.61262693,783.620155736,0
0.01338,786.390352097,20778.1876798,8.74450377027,-28.944227765,-30.4072890003,59.351516764,-0.00731530614021,2.54879401608,-2.54147870994,0
0.0134,786.43849305,19980.6948386,133.316874842,-27.8598932739,-29.2587311753,57.1186244501,-0.00699418947192,788.670371953,-788.663377763,0
0.01342,786.492125309,19104.3915576,250.43493593,-26.6751041823,-27.9882418485,54.6633460309,-0.00656568829811,2.51325792683,-2.50669223853,0
0.01344,786.477942553,19230.4268813,-418.153393884,-24.8210504165,-30.1245543356,54.9456047525,-0.0265175194625,-783.652583907,783.679101427,0
0.01346,786.410786219,20101.8588729,-239.182724805,-26.1113665916,-31.2779939744,57.389360565,-0.0258331367846,-783.567441596,783.593274733,0
0.01348,786.353896166,20768.0020504,-54.5507477773,-27.1251330484,-32.1335676776,59.2587007253,-0.0250421730207,2.55696132923,-2.53191915621,0
0.0135,786.402153911,19970.9955806,68.7333978261,-26.099559236,-30.9285342378,57.0280934738,-0.0241448748885,788.641929174,-788.617784299,0
0.01352,786.455893576,19095.3070816,182.1239638,-24.9735995462,-29.601898142,54.5754976891,-0.0231414928634,2.52088696655,-2.49774547369,0
0.01354,786.442292227,19211.1089553,-529.529877439,-22.9506919175,-31.7961173227,54.7468092401,-0.044227126805,-783.609569743,783.65379687,0
0.01356,786.37564806,20080.3067939,-301.612072214,-24.3003120322,-32.8937190819,57.1940311131,-0.0429670350333,-783.525201459,783.568168494,0
0.01358,786.319213244,20744.0295171,-74.2924415141,-25.3734522583,-33.693797449,59.0672497069,-0.0416017257454,2.56380522296,-2.52220349721,0
0.0136,786.367577057,19947.3298334,47.5330464038,-24.4073966343,-32.4336895083,56.8410861435,-0.040131464169,788.61394306,-788.573811596,0
0.01362,786.421403849,19072.1598299,157.029745436,-23.3410110866,-31.0523149739,54.3933260593,-0.0385565192438,2.52722819253,-2.48867167329,0
0.01364,786.410382501,19147.6179239,-670.326238961,-20.9221653136,-33.4197722588,54.3419375718,-0.0624880344139,-783.571566102,783.634054136,0
0.01366,786.344647124,20013.1730369,-393.780726006,-22.3322858936,-34.4627384715,56.7950243646,-0.0606522625864,-783.48835046,783.549002723,0
0.01368,786.289007715,20673.2964711,-124.094144172,-23.4659824048,-35.2085310894,58.6745134925,-0.0587127431293,2.56941521006,-2.51070246693,0
0.0137,786.33745275,19877.3026308,-3.94330868053,-22.5606027235,-33.8945546828,56.4551574073,-0.0566697595129,788.589193436,-788.532523677,0
0.01372,786.391322121,19003.1368333,101.453343137,-21.5549349246,-32.4596547532,54.0145896781,-0.0545235988706,2.53237120949,-2.47784761062,0
0.01374,786.376706193,19127.463255,-834.914169782,-18.8553478906,-35.115134384,53.9704822742,-0.0812989320603,-783.53127026,783.612569193,0
0.01376,786.311816893,19987.8810109,-509.592514833,-20.326848423,-36.1044571476,56.4313055706,-0.0788880432285,-783.44913023,783.528018273,0
0.01378,786.251053584,20723.6382446,-186.463689354,-21.6358506056,-36.9108469997,58.5466976034,-0.0763749815887,2.57728771013,-2.50091272854,0
0.0138,786.299618943,19928.0431842,-67.2276085214,-20.7917735644,-35.543783352,56.3355569176,-0.0737600485695,788.55900777,-788.485247722,0
0.01382,786.353596377,19054.6333467,34.83647469,-19.847438741,-34.0561486537,53.9035873948,-0.0710435492084,2.53979866754,-2.46875511834,0
0.01384,786.337307823,19198.7901267,-910.65222877,-17.0953794996,-36.7159950294,53.8113745303,785.939196883,-783.484663126,-2.45453375788,0
0.01386,786.275725873,20009.3880806,-645.941548678,-18.2872876394,-37.823593897,56.1108815366,-0.0976815307994,-783.406045647,783.503727178,0
0.01388,786.215665957,20738.5171575,-277.739835946,-19.6585078674,-38.5777298897,58.2362377552,-0.0945961096386,2.5840698253,-2.48947371567,0
0.0139,786.264334084,19943.672675,-159.566276879,-18.876761004,-37.1588637077,56.035624713,-0.0914105130614,788.530298652,-788.438888139,0
0.01392,786.318384146,19071.4555574,-60.9682246506,-17.9947727811,-35.61978561,53.6145583903,-0.0881250637038,2.54617170727,-2.45804664357,0
0.01394,786.299530887,19250.4463655,-978.641856709,-15.3051539395,-38.2283511686,53.5335051087,785.88490704,-783.440713757,-2.44419328302,0
0.01396,786.240051672,20029.79403,-740.474904406,-16.3319214965,-39.3988009545,55.7307224505,-0.115334396713,-783.364396207,783.479730604,0
0.01398,786.180802317,20750.580557,-327.539641108,-17.7658703965,-40.1022290352,57.8680994313,-0.111681792635,2.58985162938,-2.47816983675,0
0.014,786.229568686,19956.2801757,-210.523310429,-17.0469504384,-38.6331112691,55.6800617077,-0.107930803614,788.501126677,-788.393195874,0
0.01402,786.283681341,19085.1288939,-115.472576242,-16.2277928668,-37.0441468855,53.2719397525,-0.104081769573,2.55158042043,-2.44749865086,0
0.01404,786.26250352,19297.6930162,-1004.41928937,-13.6010843931,-39.6029982226,53.2040826158,785.83248609,-783.398460267,-2.43402582287,0
0.01406,786.206354679,20025.3873332,-869.223762125,-14.2357321518,-40.9515941789,55.1873263294,-0.133579309468,-783.325652229,783.459231538,0
0.01408,786.148208817,20736.5831094,-411.924180954,-15.7333260705,-41.6056634396,57.3389895087,-0.129361686199,2.59472325177,-2.46536156557,0
0.0141,786.197057938,19943.1804261,-296.141947569,-15.0781299515,-40.0876437754,55.1657737272,-0.125047568494,788.473317152,-788.348269584,0
0.01412,786.25120196,19073.5310374,-204.696424123,-14.3226861009,-38.4501488667,52.7728349679,-0.120637313226,2.55611490639,-2.43547759317,0
0.01414,786.22772291,19319.0472504,-1064.01153575,-11.7597523489,-40.9606598863,52.7204122361,785.781710512,-783.359309701,-2.42240081081,0
0.01416,786.173089741,20024.6663343,-959.45597967,-12.2305633271,-42.3750603577,54.605623685,-0.150722484399,-783.288178473,783.438900958,0
0.01418,786.116114976,20724.6008542,-458.182644516,-13.7921822114,-42.981379196,56.7735614067,-0.145945984193,2.59877469002,-2.45282870583,0
0.0142,786.165043469,19931.8924044,-343.690554874,-13.2010760151,-41.4160704054,54.6171464206,-0.141074971246,788.44520168,-788.304126709,0
0.01422,786.219212083,19063.6185708,-255.8881904,-12.5096993245,-39.7316632672,52.2413625915,-0.136109819033,2.55986511649,-2.42375529746,0
0.01424,786.193646111,19340.7822392,-1084.68100895,-10.0108797595,-42.1954609278,52.2063406884,785.732715345,-783.321629255,-2.41108609018,0
0.01426,786.141305719,20009.0513597,-1088.02508638,-10.0906930605,-43.7910446583,53.8817377175,-0.168501757147,-783.25293396,783.421435718,0
0.01428,786.085757819,20696.5089719,-543.165533188,-11.7171214732,-44.3510199685,56.0681414412,-0.163169491661,2.60209579404,-2.43892630238,0
0.0143,786.134753015,19904.8384684,-429.96950461,-11.1908718183,-42.7398303104,53.9307021286,-0.157744791672,788.418097804,-788.260353013,0
0.01432,786.188919887,19038.3636708,-345.792691156,-10.5643151662,-41.0099246951,51.5742398627,-0.152228046883,2.56292080997,-2.41069276309,0
0.01434,786.161265624,19346.4980469,-1143.14877511,-8.13034525757,-43.4284373969,51.5587826542,785.684767304,-783.286321676,-2.39844562757,0
0.01436,786.109748466,20002.2640958,-1180.11794645,-8.04735875522,-45.0928967816,53.1402555358,-0.185227689206,-783.218574858,783.403802547,0
0.01438,786.055657535,20675.6133391,-592.113314114,-9.73884582276,-45.6081923138,55.3470381352,-0.179346731559,2.60477613922,-2.42542940766,0
0.0144,786.104717891,19884.7710909,-480.23127173,-9.27768865765,-43.9527898654,53.230478524,-0.173375505172,788.39062636,-788.217250855,0
0.01442,786.15888012,19019.9601041,-399.675276499,-8.71617545835,-42.1790587454,50.8952342045,-0.167314415599,2.56537145192,-2.39805703632,0
0.01444,786.12932577,19357.711479,-1164.72925083,-6.34726530324,-44.5539661341,50.9012314383,785.638284407,-783.252041935,-2.38624247178,0
0.01446,786.078346223,20004.3517348,-1236.19545194,-6.10167359588,-46.288986924,52.3906605204,-0.200936565636,-783.184940139,783.385876705,0
0.01448,786.025725126,20661.987145,-605.527936862,-7.8584057862,-46.7612905148,54.6196962992,-0.19451442267,2.60690492104,-2.41239049837,0
0.0145,786.074849863,19871.765654,-494.97499277,-7.46251467157,-45.0633673268,52.5258819997,-0.188004262336,788.362788238,-788.174783975,0
0.01452,786.12900625,19008.4841313,-418.029976607,-6.9662060105,-43.2475073209,50.213713331,-0.181406505645,2.56730609042,-2.38589958478,0
0.01454,786.097725528,19374.4819259,-1149.94671834,-4.66250365055,-45.5805118587,50.2430155094,785.593127628,-783.218600044,-2.37452758393,0
0.01456,786.047437222,20004.4296956,-1333.88417589,-4.02688862904,-47.5015784416,51.5284670706,-0.217373447976,-783.152279149,783.369652597,0
0.01458,785.996490484,20645.1808374,-660.984373984,-5.84945590496,-47.9323694392,53.7818253422,-0.210414566619,2.60857096086,-2.39815639424,0
0.0146,786.045671858,19855.8975815,-551.678001225,-5.51940580412,-46.1934080047,51.7128138094,-0.203370009986,788.335195095,-788.131825085,0
0.01462,786.099803897,18994.5384685,-478.231274763,-5.08886320839,-44.3369062295,49.4257694388,-0.196240214124,2.5688133655,-2.37257315137,0
0.01464,786.066756489,19388.0198112,-1176.10652124,-2.850915349,-46.6295031379,49.4804184867,785.547855692,-783.186199035,-2.36165665737,0
0.01466,786.016237003,20018.7613776,-1395.92329939,-2.05334433345,-48.6243466543,50.6776909872,-0.23285501044,-783.119718969,783.35257398,0
0.01468,785.96694298,20641.0569144,-681.323804631,-3.94180316799,-49.0153574987,52.9571606655,-0.225367770527,2.60986257777,-2.38449480725,0
0.0147,786.016182781,19852.4866753,-573.24313136,-3.67763906245,-47.2370950593,50.9147341225,-0.217797278895,788.306934055,-788.089136777,0
0.01472,786.070293758,18992.8949539,-503.244504091,-3.31289524999,-45.3416927008,48.6545879513,-0.210143986203,2.56998139041,-2.35983740421,0
0.01474,786.035626829,19412.4351555,-1166.27577508,-1.14072283904,-47.5956257407,48.7363485804,785.503344457,-783.153959111,-2.34938534535,0
0.01476,785.984560808,20053.4345467,-1342.89544172,-0.413034715486,-49.5500784715,49.963113187,-0.245685217552,-783.086987004,783.332672221,0
0.01478,785.936668277,20655.3272365,-587.295596819,-2.36690605776,-49.903296581,52.270202638,-0.237681951428,2.61086748304,-2.37318553161,0
0.0148,785.985975886,19866.7241592,-480.546824889,-2.16813928497,-48.0877253569,50.2558646419,-0.229597929211,788.277685964,-788.048088035,0
0.01482,786.040089011,19008.2190625,-414.073891556,-1.86869443243,-46.1554178031,48.0241122355,-0.221433615746,2.57089763734,-2.34946402159,0
0.01484,786.004136879,19451.7815628,-1041.10590953,0.236690880998,-48.3719217683,48.135230887,783.361085969,-783.12159327,-0.239492698833,0
0.01486,785.95255697,20097.4657105,-1251.09351064,1.11894347403,-50.3999461819,49.2810027062,-2.35759443649,-783.054144381,785.411738817,0
0.01488,785.906001394,20677.5234975,-452.956301116,-0.90664144488,-50.7139567689,51.6205982124,-0.249036575375,2.61167276185,-2.36263618647,0
0.0149,785.955380066,19888.6444746,-347.555609335,-0.773167228061,-48.8628635732,49.6360308017,-0.240448480524,788.247866667,-788.007418186,0
0.01492,786.009502479,19031.050019,-284.590932085,-0.538904538761,-46.8954408609,47.4343454,-0.231782680452,2.57164891845,-2.33986623799,0
0.01494,785.972395625,19497.1510185,-873.365590382,1.49526105467,-49.0740268163,47.5787657623,783.319541339,-783.089123817,-0.230417522386,0
0.01496,785.919829482,20149.8836784,-1197.41543713,2.76773912382,-51.2951775039,48.5274383803,-2.37031457129,-783.020708558,785.391023129,0
0.01498,785.874746864,20706.8476532,-357.482754516,0.670725785616,-51.5718430543,50.9011172666,-2.36121283239,2.61236478854,-0.251151956149,0
0.015,785.924228006,28276.6615242,-300.104816089,0.612586390849,-49.6053415285,48.9927551383,-787.975309776,788.217210619,-0.241900842528,0
0.01502,785.978445975,26637.5793852,-43.4446496333,0.42588434995,-46.6895741327,46.2636897837,-2.33557728074,2.56476630676,-0.229189026023,0
0.01504,785.942565624,26897.0146431,-833.952750679,2.38303602022,-48.093539445,45.7105034252,783.2901749,-783.073537564,-0.216637335942,0
0.01506,785.89243398,27412.258855,-1466.33020058,4.03315497242,-49.7692889297,45.7361339563,-2.36901220767,-783.014899021,785.383911229,0
0.01508,785.85318755,27736.958146,-219.991355601,1.85252070158,-49.2718736354,47.4193529322,-2.35562195991,2.58345611992,-0.227834160014,0
0.0151,785.902587641,26197.7364328,-23.1590453589,1.70552443481,-46.5491704124,44.843645977,-787.943853246,788.159543852,-0.215690606633,0
0.01512,785.956420476,24561.7752525,215.469691008,1.42748590617,-43.5965511864,42.1690652803,-2.32512017384,2.52882806969,-0.203707895852,0
0.01514,785.92605421,24852.7908438,-534.496526601,3.29344630341,-44.9641237995,41.6706774962,783.284758514,-783.092872359,-0.191886155004,0
0.01516,785.881449792,25405.4604842,-1341.42055737,5.30793558688,-46.8317423585,41.5238067717,-2.36069837792,-783.039664202,785.400362579,0
0.01518,785.84997103,25697.3952375,-53.0636220432,3.03565536711,-46.2986826562,43.2630272872,-2.34667167838,2.54780853698,-0.201136858595,0
0.0152,785.899231425,24163.3950211,129.24122147,2.79720435011,-43.5409232674,40.7437189164,-787.930914194,788.120646766,-0.189732571883,0
0.01522,785.942375521,22787.4579722,227.843515979,2.71254066703,-41.1230501,38.410509434,783.323189721,-783.144699878,-0.178489842943,0
0.01524,785.905141928,23366.1345733,-598.991739708,4.77094584715,-43.0236459657,38.2527001194,783.266161123,-783.098752352,-0.167408770524,0
0.01526,785.864249211,23955.9559694,-1407.92236415,6.80726064817,-44.9124109917,38.1051503448,783.205643007,-783.04915356,-0.156489447701,0
0.01528,785.832366258,24368.7788182,-145.187914288,4.61317363147,-44.6852975156,40.0721238838,-2.346492344,-783.008571307,785.355063651,0
0.0153,785.867575925,23164.0696276,253.160279284,3.88491569682,-42.289930265,38.4050145684,-787.898442286,788.071042779,-0.172600493495,0
0.01532,785.906925918,21896.0298207,302.6117605,3.82301867195,-40.0641259336,36.2411072619,783.287482349,-783.125391907,-0.16209044214,0
0.01534,785.871960321,22505.3102415,-466.404461149,5.79027621081,-41.9290749563,36.1387987466,783.23335572,-783.081613108,-0.15174261192,0
0.01536,785.833398636,23124.8348579,-1217.26760359,7.73568704582,-43.7827876588,36.0471006138,783.175798417,-783.03424135,-0.141557067132,0
0.01538,785.804947119,23514.7702271,-13.5518257963,5.67837221226,-43.6349322602,37.956560047,-2.34656651063,-782.996981813,785.343548324,0
0.0154,785.837106628,22394.4867693,454.702350812,4.74568320162,-41.3192743439,36.5735911418,-787.867423547,788.026563086,-0.159139538905,0
0.01542,785.872794044,21235.6402922,462.730349573,4.70726722652,-39.287473675,34.5802064484,783.252812494,-783.103447798,-0.149364695362,0
0.01544,785.839526471,21872.4936541,-246.347304554,6.58413168905,-41.1187622147,34.5346305259,783.201004156,-783.061251663,-0.139752493486,0
0.01546,785.802723774,22518.6831703,-937.058331186,8.4394074217,-42.9394087127,34.5000012912,783.145821849,-783.01551888,-0.130302968696,0
0.01548,785.775859413,22907.2589554,98.5128091953,6.74696406987,-42.986451242,36.2394871726,-2.34866706482,-782.979721877,785.328388942,0
0.0155,785.805183729,21866.0008137,643.471087033,5.61017702002,-40.7522624659,35.1420854455,-787.836988058,787.9846476,-0.147659541389,0
0.01552,785.841160238,20711.4851549,657.482449427,5.481785593,-38.6886088721,33.2068232789,783.22030042,-783.081675232,-0.138625187736,0
0.01554,785.809225154,21373.3901402,9.92303381348,7.26886476886,-40.4884786032,33.2196138349,783.170430592,-783.040676847,-0.129753744681,0
0.01556,785.773812651,22043.7185864,-619.08742233,9.03462830884,-42.2783004819,33.2436721735,783.117240162,-782.996194943,-0.121045218718,0
0.01558,785.747662311,22442.7643473,250.248966485,7.70774449396,-42.5225067113,34.8147622172,-2.35115124427,-782.960968123,785.312119367,0
0.0156,785.777832665,21388.747813,804.96820987,6.48117372344,-40.2583551741,33.7771814502,-787.811522441,787.948002479,-0.136480037951,0
0.01562,785.814060123,20238.2663572,825.445012557,6.26324222815,-38.1653204043,31.9020781768,783.191909465,-783.063715286,-0.128194179102,0
0.01564,785.783289048,20923.252219,240.521555488,7.96099887852,-39.9362660512,31.9752671726,783.143794878,-783.023723537,-0.12007134087,0
0.01566,785.749093838,21615.7463804,-325.697873202,9.63772888811,-41.6977580505,32.0600291622,783.092408559,-782.980297058,-0.11211150081,0
0.01568,785.722271174,22061.5778267,270.647329762,8.90435081348,-42.2553460736,33.3509952587,-2.35579847266,-782.944231624,785.300030097,0
0.0157,785.753309422,20994.9227715,835.494057961,7.58802846589,-39.9634731084,32.375444642,-787.791059062,787.914996142,-0.123937080261,0
0.01572,785.789717766,19848.733533,863.321736814,7.28060991691,-37.8433002989,30.562690383,783.16409037,-783.047679968,-0.116410401749,0
0.01574,785.759697401,20555.472625,342.504938092,8.88912038385,-39.5875784509,30.6984580668,783.117306062,-783.008259374,-0.109046687869,0
0.01576,785.726303057,21268.7973227,-159.47729543,10.4769090857,-41.3229957273,30.8460866423,783.067295689,-782.965449802,-0.101845887274,0
0.01578,785.699100913,21753.4482439,276.653472241,10.1098342159,-42.0825667715,31.9727325553,-2.36096199313,-782.928816573,785.289778566,0
0.0158,785.730957472,20673.6304632,851.678166022,8.70434245011,-39.7654502384,31.0611077886,-787.773298568,787.885082394,-0.111783826134,0
0.01582,785.76750941,19531.2786048,887.425380145,8.30803782516,-37.6206178862,29.312580062,783.137858286,-783.032835576,-0.105022710659,0
0.01584,785.738031823,20257.6220243,431.810161838,9.82792394988,-39.3407170254,29.5127930765,783.092180774,-782.993756429,-0.0984243451411,0
0.01586,785.705226139,20989.627267,-4.86865794047,11.3274084245,-41.0525468154,29.7251383909,783.043318519,-782.951329869,-0.0919886493714,0
0.01588,785.677043466,21524.9745706,274.54541266,11.3273509232,-42.0166179645,30.6892670407,-2.3667198326,-782.913506198,785.280226031,0
0.0159,785.709667972,20431.4230977,859.814077577,9.83335200957,-39.6767348324,29.8433828229,-787.757210539,787.857260692,-0.100050153566,0
0.01592,785.746326165,19292.390464,904.067558054,9.34884066096,-37.5097197757,28.1608791157,783.112025518,-783.017965326,-0.0940601918035,0
0.01594,785.717162271,20036.1193179,514.711020375,10.7807996044,-39.2081206785,28.4273210754,783.067209825,-782.978977218,-0.0882326069141,0
0.01596,785.68471197,20784.5859181,144.363452087,12.1926919041,-40.898841872,28.706149968,783.019246457,-782.936679167,-0.0825672899064,0
0.01598,785.654926416,21382.2996852,271.162693232,12.5604447562,-42.0699235814,29.5094788253,-2.37315182982,-782.897021561,785.270173391,0
0.016,785.688268164,20274.3951355,866.753153851,10.9786796614,-39.7097472801,28.7310676185,-787.741702431,787.830464371,-0.0887619393414,0
0.01602,785.724995446,19138.0985937,920.113533145,10.4067178027,-37.5230220372,27.1163042347,783.085338903,-783.001790971,-0.0835479317421,0
0.01604,785.69589528,19896.9238719,598.030017352,11.7515203652,-39.2021947993,27.4506744348,783.041118861,-782.962623091,-0.0784957699555,0
0.01606,785.663546301,20659.563356,294.998228844,13.0766058184,-40.8742749707,27.7976691536,782.993784054,-782.920178738,-0.0736053163081,0
0.01608,785.631511686,21331.0812366,273.878387066,13.8130363879,-42.2548667315,28.4418303429,-2.3803395037,-782.878020358,785.258359861,0
0.0161,785.665520076,20208.1544203,879.876440906,12.1443233011,-39.8768645093,27.7325412078,-787.725618148,787.803559237,-0.0779410891439,0
0.01612,785.706090797,18962.0532446,962.005576145,11.3719636495,-37.445337055,26.0733734052,783.06199645,-782.988489402,-0.0735070484112,0
0.01614,785.677225016,19733.6479882,707.431726745,12.630696466,-39.1082260049,26.4775295392,783.018522561,-782.949288396,-0.0692341650197,0
0.01616,785.645141571,20508.1411354,471.924128609,13.8700766349,-40.7646078834,26.8945312494,782.971960305,-782.906838033,-0.0651222727471,0
0.01618,785.610615657,21264.6908775,307.43819532,14.9763667066,-42.3576843901,27.3813176835,-2.38667024355,-782.861912804,785.248583048,0
0.0162,785.64806758,20055.6650665,835.957229836,13.3354641636,-39.8511406065,26.5156764419,-787.713992737,787.779893798,-0.0659010610618,0
0.01622,785.688705974,18811.4187008,923.985715915,12.4773949735,-37.40552898,24.9281340072,783.03928351,-782.977029816,-0.062253694857,0
0.01624,785.659991203,19594.0804368,737.600287391,13.6507493586,-39.0548255187,25.4040761614,782.996455486,-782.937688852,-0.0587666337202,0
0.01626,785.628084824,20378.7269581,570.269998656,14.8051303733,-40.6981974112,25.893067039,782.950560342,-782.895120659,-0.0554396830514,0
0.01628,785.593009181,21165.1288584,421.975066829,15.9406104027,-42.3357493781,26.3951389768,782.901619539,-782.849346897,-0.0522726426094,0
0.0163,785.628638714,20010.2397022,804.084177542,14.5560683181,-39.9877115117,25.431643193,-787.701349746,787.75572762,-0.0543778741023,0
0.01632,785.67310152,18654.336586,910.792952797,13.4994817574,-37.302882384,23.8034006281,783.019081856,-782.967562262,-0.0515195940962,0
0.01634,785.644654394,19445.6982674,792.794288043,14.5886883637,-38.9414989964,24.3528106339,782.976995614,-782.928175003,-0.0488206111069,0
0.01636,785.613035513,20238.1398828,693.811106992,15.6593149676,-40.5747704503,24.915455483,782.931857243,-782.885576541,-0.0462807023457,0
0.01638,785.578266001,21031.4357956,613.815159857,16.7114364363,-42.202800799,25.4913643636,782.883686972,-782.839787333,-0.0438996394171,0
0.0164,785.613476699,19899.0818823,711.266233237,15.8120210146,-39.9594797359,24.1474587212,-787.692326336,787.734003524,-0.0416771883247,0
0.01642,785.654214856,18657.6423458,812.164055938,14.7855381524,-37.4936982404,22.7081600881,782.992810831,-782.953197721,-0.0396131094803,0
0.01644,785.625458185,19455.8142666,763.938696169,15.7911839045,-39.1237993893,23.3326154846,782.950875426,-782.913168268,-0.037707157712,0
0.01646,785.59354722,20254.1584367,734.660257063,16.7786562057,-40.7491289009,23.9704726959,782.905900452,-782.869941369,-0.0359590822711,0
0.01648,785.55850188,21052.4532532,724.292009685,17.7480323246,-42.3697900514,24.6217577276,782.857904926,-782.823536299,-0.0343686268428,0
0.0165,785.594381478,19909.6265109,639.375426728,17.1071777995,-40.1197817303,23.01260393,-787.680508409,787.710035539,-0.0295271305048,0
0.01652,785.635152991,18669.0334898,747.301651101,15.9981315595,-37.647879509,21.6497479495,782.966915092,-782.93865701,-0.0282580818086,0
0.01654,785.606157642,19471.5512571,768.982224249,16.9215819692,-39.2723312967,22.3507493285,782.925180233,-782.898034397,-0.027145836661,0
0.01656,785.574019505,20273.3437637,809.511915924,17.8272787098,-40.8925807639,23.0653020552,782.880412365,-782.854222248,-0.026190116596,0
0.01658,785.538757324,21074.193659,868.84560119,18.7153013601,-42.5087302711,23.7934289111,782.832629324,-782.807238686,-0.025390637628,0
0.0166,785.579160325,19819.2116506,603.446091711,18.2207366123,-40.0277021213,21.8069655084,-787.670394653,787.688325797,-0.0179311443907,0
0.01662,785.616179124,18692.862149,716.080983384,17.1445440797,-37.7805257111,20.6359816327,782.941545932,-782.924088744,-0.0174571876776,0
0.01664,785.586984964,19497.2605635,807.75837066,17.9872291281,-39.4021700075,21.4149408791,782.900030126,-782.882891567,-0.0171385586696,0
0.01666,785.554653718,20300.0469591,918.157855959,18.8125930519,-41.0201764102,22.2075833597,782.855482029,-782.838507077,-0.0169749514541,0
0.01668,785.522636311,21016.1260313,902.045166082,19.7914040319,-42.4639610892,22.6725570559,782.811351644,2.4256825786,-785.237034222,0
0.0167,785.561727005,19803.3491679,498.665815229,19.5011088481,-40.0391086245,20.5379997746,-787.659420226,787.66460468,-0.00518445460631,0
0.01672,785.598800488,18677.6945906,621.748627464,18.3450165726,-37.7917072553,19.4466906835,782.918109026,-782.912600655,-0.00550837052674,0
0.01674,785.569641678,19482.187278,783.328164142,19.1082027721,-39.4136016089,20.3053988377,782.877024814,-782.871038833,-0.00598598029842,0
0.01676,785.537344605,20284.1920194,963.47846655,19.8545137798,-41.0324177408,21.1779039608,782.832902106,-782.826285155,-0.00661695087194,0
0.01678,785.509548076,20896.4251826,817.505167544,20.9822572221,-42.2500379815,21.267780758,782.793378759,2.41758908161,-785.210967841,0
0.0168,785.548024558,19701.375806,421.684542065,20.6133724656,-39.8276667645,19.2142942985,-787.650221889,787.643226498,0.00699539080006,0
0.01682,785.581366288,18689.5617768,559.989071531,19.4929073416,-37.8107967749,18.3178894342,782.894839925,-782.900715015,0.00587508950775,0
0.01684,785.552224443,19491.6703862,791.516275943,20.1781497415,-39.4357239759,19.2575742343,782.854147232,-782.85875011,0.00460287751275,0
0.01686,785.519937669,20290.426827,1041.43368132,20.8469746771,-41.0581264162,20.2111517388,782.810404322,-782.813583437,0.0031791146755,0
0.01688,785.495917848,20809.1734555,759.40864662,22.1251756802,-42.0524090666,19.9272333863,782.775022083,2.40989820022,-785.184920284,0
0.0169,785.531520092,19695.065584,279.718470694,21.9065593462,-39.7489175645,17.8423582186,-787.639789611,787.619468605,0.0203210055365,0
0.01692,785.564945665,18683.2548644,432.078214504,20.7091068174,-37.7375993331,17.0284925155,782.872704292,-782.891107363,0.0184030714175,0
0.01694,785.535998689,19481.17342,733.455531526,21.3177916234,-39.3685503361,18.050758714,782.832559137,-782.848894301,0.0163351644649,0
0.01696,785.503893562,20274.8871213,1053.01812794,21.9105291006,-40.9975239894,19.0869948892,782.789345455,-782.803463126,0.0141176709866,0
0.01698,785.481374263,20758.495034,730.710669404,23.2268293377,-41.8852135387,18.6583842006,782.755806207,2.40271797668,-785.158524184,0
0.017,785.51631078,19663.8713553,261.917735072,22.9328582416,-39.5896955061,16.6568372642,-787.628915683,787.597535578,0.0313801047298,0
0.01702,785.549846704,18650.9230042,427.888409196,21.6605449131,-37.5868865039,15.9263415922,782.853601704,-782.882272721,0.0286710164611,0
0.01704,785.521242017,19441.7047344,798.50974452,22.1948121588,-39.2268179171,17.0320057588,782.814126025,-782.839940057,0.0258140318711,0
0.01706,785.489459569,20227.4478626,1187.08087682,22.7136126869,-40.8653126802,18.1516999935,782.771557101,-782.794366664,0.022809563353,0
0.01708,785.470276709,20636.0418447,718.721620388,24.1838630959,-41.5356689487,17.3518058524,782.741671208,2.39443736203,-785.13610857,0
0.0171,785.504620611,19560.642821,260.931349843,23.8164773684,-39.2512848308,15.4348074622,-787.619951556,787.578043207,0.0419083493215,0
0.01712,785.534504831,18658.5778245,455.803330079,22.5849798863,-37.4875995518,14.902619666,782.834134092,-782.872545893,0.0384118009093,0
0.01714,785.506137888,19439.763969,895.589255519,23.0465508362,-39.1391863254,16.0926354892,782.795201361,-782.829970938,0.0347695765615,0
0.01716,785.474568589,20215.0910814,1353.06057422,23.493145956,-40.7898690108,17.2967230545,782.753145673,-782.784127788,0.0309821143528,0
0.01718,785.458268925,20559.7325776,734.055403089,25.1190349877,-41.2456057098,16.1265707206,782.72643788,2.38686087022,-785.11329875,0
0.0172,785.489445451,19575.16587,202.275657195,24.9072666521,-39.0886487429,14.1813820905,-787.609417163,787.55578774,0.0536294225399,0
0.01722,785.51945393,18670.6383555,414.469797318,23.6041503792,-37.3390316694,13.7348812906,782.814730178,-782.864076524,0.0493463451962,0
0.01724,785.49141929,19440.4300212,923.262990888,23.9945694517,-39.0051466168,15.0105771648,782.776412868,-782.82133283,0.0449199612101,0
0.01726,785.460151655,20203.5550057,1449.45306742,24.3705144579,-40.6708820966,16.3003676385,782.734936831,-782.775287565,0.0403507338951,0
0.01728,785.446246002,20496.2960673,675.765359901,26.1535556592,-40.914909361,14.7613537009,782.710895836,2.37838130342,-785.089277139,0
0.0173,785.476682863,19533.0050402,158.852114985,25.871696129,-38.7745824893,12.9028863602,-787.599906391,787.535062342,0.0648440485195,0
0.01732,785.506881649,18625.5412477,387.893843016,24.4990122525,-37.0421054565,12.5430932048,782.799168219,-782.858947814,0.0597795949396,0
0.01734,785.479464214,19381.7363313,964.91810895,24.8203457539,-38.7258227441,13.9054769901,782.76172553,-782.816299874,0.0545743435464,0
0.01736,785.448776067,20130.4763192,1559.02576166,25.1277169623,-40.4096773869,15.281960425,782.721081255,-782.770310037,0.0492287824404,0
0.01738,785.437046827,20383.1103389,626.627969243,27.0699497706,-40.445100759,13.3751509874,782.699463734,2.36910124689,-785.068564981,0
0.0174,785.466815885,19440.6826095,124.883760928,26.7200911736,-38.3244370014,11.6043458266,-787.592030661,787.516451934,0.0755787263572,0
0.01742,785.493493863,18640.1440743,396.456736127,25.3936494226,-36.839550041,11.4459006185,782.782320024,-782.852058768,0.0697387436718,0
0.01744,785.466505378,19380.2755697,1041.54400577,25.6477664726,-38.5434110378,12.8956445649,782.74554165,-782.809302259,0.06376060922,0
0.01746,785.436204029,20112.1783255,1703.37243474,25.8884416841,-40.2479162284,14.3594745445,782.705514398,-782.763159234,0.0576448354099,0
0.01748,785.42614186,20336.2838158,609.4877341,27.9916975835,-40.0773122063,12.0856146216,782.685788971,2.36081462234,-785.046603593,0
0.0175,785.452362491,19494.0299596,45.1331305704,27.803028803,-38.0924764733,10.2894476705,-787.581832152,787.494264247,0.0875679052247,0
0.01752,785.479214198,18688.5253833,337.364778863,26.4105554286,-36.630022056,10.2194666271,782.764003469,-782.844958913,0.0809554436025,0
0.01754,785.452668827,19410.7657356,1050.33219717,26.5991396565,-38.3567556104,11.7576159546,782.72788151,-782.802089128,0.0742076181383,0
0.01756,785.42276295,20124.0176079,1779.67452634,26.7748117673,-40.0846304612,13.3098186939,782.688457899,-782.755782864,0.0673249650305,0
0.01758,785.413699642,20332.1316661,522.170107512,29.0407367346,-39.7107628311,10.6700260969,782.669934303,2.35190393288,-785.021838236,0
0.0176,785.439066853,19512.1103779,-22.5388621532,28.7876711643,-37.7508090241,8.96313785997,-787.571751389,787.472628723,0.0991226660258,0
0.01762,785.466152491,18701.0216479,289.935809037,27.3313538689,-36.3137153315,8.98236146303,782.747919304,-782.839664265,0.091744961571,0
0.01764,785.440256461,19403.2027378,1069.94306356,27.4566036667,-38.0662445808,10.6096409154,782.712634379,-782.796869192,0.0842348133352,0
0.01766,785.411555422,20083.6198924,1811.43716629,27.6263687302,-39.7635135243,12.1371447926,782.674598171,2.35950327979,-785.03410145,0
0.01768,785.402563136,20299.9971704,442.667056056,30.000239224,-39.2462229098,9.24598368548,782.656322985,2.34246102126,-784.998784007,0
0.0177,785.427143336,19501.5968198,-81.9294541568,29.6849978268,-37.3140354058,7.62903757797,-787.562130638,787.451850837,0.110279800693,0
0.01772,785.454513666,18684.3171889,250.401915052,28.1670630918,-35.9051768165,7.73811372454,782.734144625,-782.836289371,0.102144746326,0
0.01774,785.42944353,19364.3073809,1096.59218408,28.2312155214,-37.6863714095,9.45515588817,782.699847755,-782.793728052,0.0938802976965,0
0.01776,785.403631177,19982.4398629,1684.18657386,28.5679606094,-39.1852530316,10.6172924217,782.664857269,2.34901271552,-785.013869984,0
0.01778,785.392845727,20246.7472596,367.819017949,30.8813390433,-38.6980751222,7.81673607776,782.644940816,2.33257404434,-784.97751486,0
0.0178,785.416696216,19469.3369065,-136.169363071,30.5061797126,-36.7964825776,6.29030286356,-787.553201663,787.432122279,0.12107938364,0
0.01782,785.444393088,18645.2666337,215.66156119,28.9288902932,-35.418677391,6.48978709903,782.722647409,-782.834842924,0.11219551541,0
0.01784,785.420296645,19300.967427,1127.16176832,28.9342183531,-37.2313507825,8.29713243052,782.689460958,-782.792646387,0.103185429097,0
0.01786,785.397910668,19851.8580756,1447.57231567,29.5539001116,-38.420974796,8.86707468392,782.658028453,2.33644023572,-784.994468689,0
0.01788,785.385234112,20163.2583583,185.061581912,31.8088488507,-37.9669289039,6.15808005321,782.636347383,2.32062503318,-784.956972417,0
0.0179,785.408299168,19406.9857569,-297.667820563,31.3758335374,-36.0989344665,4.72310092895,-787.545665144,787.412401481,0.133263662376,0
0.01792,785.432831542,18681.007079,116.203346596,29.8549470138,-34.9825585124,5.12761149922,782.708636174,-782.832272851,0.123636676955,0
0.01794,785.40961049,19310.5743608,1092.81416908,29.8032851883,-36.8292141701,7.02592898263,782.676440153,-782.790326933,0.113886780459,0
0.01796,785.388886423,19827.2039141,1254.04053108,30.5939435179,-37.8258724902,7.23192897051,782.646779502,2.32528899568,-784.972068498,0
0.01798,785.374219666,20183.3898414,47.3135346006,32.79252875,-37.4072057135,4.61467696287,782.623213154,2.31010940183,-784.933322556,0
0.018,785.393105479,19538.8068912,-478.467518017,32.5310415918,-35.6887017378,3.1576601444,-787.534196331,787.387329424,0.146866906503,0
0.01802,785.417951597,18803.6643485,-41.1032676217,30.9544928341,-34.6083576456,3.65386481277,782.690129504,-782.826632643,0.136503139424,0
0.01804,785.395490913,19405.2025921,1000.41274696,30.8477055889,-36.4914318429,5.64372625501,782.658787386,-782.784807282,0.126019896039,0
0.01806,785.375063851,19909.9153382,1112.43090971,31.6974775863,-37.4112789878,5.71380140007,782.629512228,2.31562539036,-784.945137618,0
0.01808,785.358294003,20308.4836157,-36.6478092648,33.841791113,-37.0301771977,3.18838608389,782.603926321,2.3010928049,-784.905019126,0
0.0181,785.376233694,19684.418953,-536.054548609,33.5266414804,-35.3496939241,1.82305244313,-787.520607506,787.362089562,0.158517944394,0
0.01812,785.404867725,18836.7772795,-124.792675438,31.7833376677,-34.0804126305,2.29707496361,782.675541133,-782.822972446,0.147431312783,0
0.01814,785.383465539,19407.9854974,980.008797894,31.6242637889,-36.0027774383,4.37851365012,782.645322493,-782.781551243,0.136228750013,0
0.01816,785.363878841,19899.362664,930.318377544,32.6496445624,-36.7350244341,4.08537987144,782.616947657,2.30410201001,-784.921049667,0
0.01818,785.345296732,20338.9286007,-160.35900952,34.742312279,-36.3945619806,1.65224970129,782.589604521,2.29023404696,-784.879838568,0
0.0182,785.365963862,19639.2004216,-573.617858869,34.1488313769,-34.6415095546,0.492678177228,-787.509907702,787.341626937,0.168280765157,0
0.01822,785.395031772,18782.2518538,-144.013967144,32.3555508686,-33.4139524963,1.05840162795,782.666176415,-782.82266216,0.156485745421,0
0.01824,785.374951033,19320.9296124,1022.42432607,32.1470544692,-35.3784194197,3.23136495171,782.637315824,-782.781894271,0.144578446864,0
0.01826,785.356033135,19811.0588524,809.791056321,33.3508661402,-35.9259109878,2.57504484757,782.60964141,2.29250476771,-784.902146178,0
0.01828,785.33612583,20289.3997295,-221.905499973,35.3947708343,-35.628862823,0.234091988526,782.580999822,2.27931476266,-784.860314585,0
0.0183,785.356282053,19607.5891532,-550.753286147,34.6909223362,-33.9818508726,-0.709071463797,-787.499638054,0.166363896212,787.333274158,0
0.01832,785.385726161,18741.0786909,68.9459554486,32.6745465358,-32.9740485476,0.299502012352,782.657475345,-782.819350567,0.161875221808,0
0.01834,785.366510738,19244.0453782,1295.58376422,32.4195234419,-34.9826257568,2.56310231554,782.629492152,-782.778774257,0.149282104885,0
0.01836,785.348104301,19744.547079,808.337120251,33.9182166704,-35.2338036123,1.31558694127,782.60233636,2.28274694135,-784.885083301,0
0.01838,785.32713781,20258.7791192,-160.825140111,35.9134425041,-34.9849689753,-0.92847352927,782.572637913,0.170282476379,-782.742920389,0
0.0184,785.346916603,19590.6590408,-465.107013175,35.1633533716,-33.3847448614,-1.77860850956,-787.48964923,0.158030680969,787.331618549,0
0.01842,785.376881462,18707.355718,172.90358215,33.1013318855,-32.4241126842,-0.677219200849,782.649246399,-784.918139143,2.26889274409,0
0.01844,785.358743988,19173.2041601,1460.54698595,32.8003160147,-34.481125268,1.68080925308,782.622328942,-782.777926475,0.15559753303,0
0.01846,785.340081268,19699.7817504,811.006521722,34.4824252143,-34.552300757,0.0698755411327,782.594899798,2.27311087013,-784.868010668,0
0.01848,785.318063311,20247.6908126,-93.6871578765,36.4306615835,-34.3548234112,-2.07583817394,782.564128046,0.161394925379,-782.725522972,0
0.0185,785.337465295,19592.3834188,-373.619696003,35.6375432863,-32.8029989939,-2.83454429238,-787.479660142,0.149842272758,787.329817869,0
0.01852,785.367938614,18691.6372379,281.546126596,33.5330909926,-31.891134988,-1.64195600398,782.640809644,-784.916684868,2.2758752236,0
0.01854,785.350843533,19118.2843603,1629.87489036,33.1877767956,-33.9996899855,0.811913189961,782.61489836,-782.776777677,0.161879317219,0
0.01856,785.331470661,19682.8786654,822.903976755,35.052211782,-33.8967407262,-1.15547105626,782.586718059,0.163706347531,-782.750424406,0
0.01858,785.308385207,20262.4078686,-19.28865991,36.9591176296,-33.7497372459,-3.2093803847,782.554833094,0.152701783543,-782.707534877,0
0.0186,785.327403107,19619.0057867,-274.332329962,36.1254365098,-32.2486136025,-3.8768229064,-787.469265494,0.141858952771,787.327406541,0
0.01862,785.358367078,18700.1560197,397.594873531,33.9810237022,-31.3878040596,-2.59321964191,782.631515099,-784.914386305,2.28287120531,0
0.01864,785.342256926,19085.5739442,1805.0665721,33.5943373939,-33.5497162527,-0.0446211399646,782.606528818,-784.874723599,2.26819478133,0
0.01866,785.322186493,19677.129552,1063.14599374,35.4173606836,-33.5011073766,-1.91625330834,782.577586313,0.157924269552,-782.735510583,0
0.01868,785.298441149,20284.617396,283.84723018,37.2860249518,-33.4062079783,-3.8798169752,782.544972145,0.147631954277,-782.692604099,0
0.0187,785.31723626,19650.7852495,53.6377763874,36.4147216522,-31.9575550628,-4.45716658818,-787.45908978,0.137501941686,787.321587838,0
0.01872,785.348463107,18711.9869802,741.339567206,34.2332906873,-31.1495560158,-3.08373467007,782.621541034,-784.908126149,2.28658511535,0
0.01874,785.332714351,19074.7231742,2038.45443525,33.98079696,-33.1939422326,-0.786854728927,782.596832816,0.162035436708,-782.758868252,0
0.01876,785.311827478,19698.4722001,1304.78726776,35.8243514696,-33.1423960904,-2.68195538022,782.566985901,0.15230220279,-782.719288104,0
0.01878,785.287339812,20331.8544178,589.428555168,37.6572412729,-33.1017855777,-4.55545569479,782.533536839,0.142731648701,-782.676268488,0
0.0188,785.305880317,19706.7080385,384.547946448,36.7507887003,-31.7077752068,-5.04301349272,-787.448165273,0.133323807904,787.314841465,0
0.01882,785.340509166,18658.8259987,1017.86352714,34.4211264625,-30.7273627755,-3.69376368637,782.61475888,-784.90533332,2.29057443929,0
0.01884,785.324980776,19034.7398917,2039.52253222,34.4761080829,-32.4862770551,-1.98983102881,782.590161011,0.152482229369,-782.74264324,0
0.01886,785.303164593,19684.5838774,1370.5743394,36.2857945953,-32.491512237,-3.79428235825,782.55927022,0.143486148676,-782.702756369,0
0.01888,785.277817749,20343.1170949,720.11901022,38.085401675,-32.5080023154,-5.57739935976,782.52484289,0.134653014105,-782.659495904,0
0.0189,785.29991377,19620.3260377,578.737966597,36.9190388391,-31.0578024991,-5.86123633873,-787.439790113,0.125982830172,787.313807283,0
0.01892,785.334978151,18554.8912097,1223.54447062,34.557788713,-30.1353745596,-4.42241415278,782.611504495,-784.906405497,2.29490100285,0
0.01894,785.319360538,18963.6954027,1972.1166127,34.9228622953,-31.611462592,-3.31139970341,782.586681074,0.141500313736,-782.728181388,0
0.01896,785.296702238,19638.0734893,1368.60324827,36.70141154,-31.6759932046,-5.02541833629,782.554807375,0.133252873675,-782.688060248,0
0.01898,785.270577663,20320.1961981,783.742796958,38.4704677073,-31.752081906,-6.71838580212,782.519457076,0.125168479893,-782.644625555,0
0.019,785.292431729,19605.0781639,665.063513189,37.2741697578,-30.3617957336,-6.91237402273,-787.430603693,0.117247107968,787.313356585,0
0.01902,785.32799333,18522.1060469,1321.49823698,34.8835868166,-29.4995766504,-5.38401016582,782.606069673,-784.907407647,2.30133797341,0
0.01904,785.312006749,18958.636191,1909.71749327,35.4472391367,-30.808805598,-4.63843353851,782.580718686,0.130851859643,-782.711570546,0
0.01906,785.288354635,19655.2944468,1372.73864875,37.197131086,-30.9345889701,-6.26254211674,782.547688196,0.12336023365,-782.671048429,0
0.01908,785.261296188,20358.7515031,854.543290722,38.9381160048,-31.0722175765,-7.86589842905,782.511236681,0.116031595157,-782.627268276,0
0.0191,785.28285723,19650.3533959,759.16462449,37.7143702604,-29.743774267,-7.97059599344,-787.420140089,0.108865890823,787.311274198,0
0.01912,785.321827224,18467.7475622,1349.43889762,35.1832461154,-28.7162777667,-6.46696834751,782.602321765,-784.910572826,2.30825106077,0
0.01914,785.305152893,18944.4756058,1779.97127803,35.9481541712,-29.8610643256,-6.08708984703,782.576098961,0.118869871798,-782.694968833,0
0.01916,785.280549424,19661.748932,1310.24670249,37.6721158281,-30.0504491556,-7.62166667296,782.54192876,0.112143911852,-782.654072671,0
0.01918,785.252593976,20384.8756166,859.410925708,39.3877562832,-30.2519496706,-9.13580661304,782.504387607,0.10558071476,-782.609968322,0
0.0192,785.277851004,19573.0256285,815.287355449,37.9120689143,-28.8740543393,-9.03801457514,-787.411773757,0.0991801983249,787.312593558,0
0.01922,785.317314531,18375.0483714,1413.32218998,35.3572919266,-27.9112163123,-7.44607561421,782.600964151,-784.914980977,2.31401682613,0
0.01924,785.299605534,18903.7062706,1689.09222063,36.3263648032,-28.8936620676,-7.43270273623,782.57349756,0.107304796121,-782.680802356,0
0.01926,785.274288406,19639.2003802,1286.94709403,38.0273555378,-29.1486827577,-8.87867278132,782.538400375,0.101350049375,-782.639750425,0
0.01928,785.245666955,20379.6090611,903.76736096,39.7206108052,-29.4160736945,-10.3045371118,782.499975693,0.0955576824358,-782.595533376,0
0.0193,785.270749141,19572.445975,879.73005196,38.2231536527,-28.1043353033,-10.118818348,-787.402378723,0.0899275843267,787.312451138,0
0.01932,785.310674336,18358.5448199,1485.50269627,35.6472056599,-27.2079013762,-8.43930428362,782.596390962,-784.9168235,2.32043253812,0
0.01934,785.291224577,18950.6589113,1610.77096774,36.8228624738,-28.0297779434,-8.79308453117,782.566953535,0.0961834665804,-782.663137002,0
0.01936,785.264964577,19701.9814037,1277.22480833,38.5033462439,-28.3521419298,-10.1512043158,782.530679298,0.0910046876148,-782.621683985,0
0.01938,785.235443756,20457.2804609,962.69002742,40.176677965,-28.6871137707,-11.4895641949,782.491116958,0.0859877474491,-782.577104706,0
0.0194,785.260288231,19653.8266267,959.361193089,38.6599242161,-27.4432127913,-11.2167114236,-787.390796052,0.0811325064329,787.309663546,0
0.01942,785.303340054,18349.6909498,1488.06471133,35.9515732487,-26.3874283024,-9.56414494537,782.591637207,-784.919215786,2.32757857933,0
0.01944,785.280531278,19055.67165,1362.79097889,37.4500200175,-26.9373344464,-10.5126855724,782.558586666,0.0821232439593,-782.64070991,0
0.01946,785.253072759,19821.6746564,1098.98962667,39.1124576523,-27.329363792,-11.7830938615,782.520855813,0.0777313492635,-782.598587162,0
0.01948,785.222392859,20590.7122282,854.222089425,40.7683236529,-27.7342199428,-13.0341037104,782.479872302,0.0735005807944,-782.553372883,0
0.0195,785.251033202,19679.1635943,889.823338397,39.0075538909,-26.4468540184,-12.5606998711,-787.378297379,0.0694307703891,787.308866608,0
0.01952,785.296607853,18311.7102301,1284.56339076,36.2266053558,-25.1773272667,-11.0492780892,782.58958035,0.0706402455343,-782.660220596,0
0.01954,785.271547437,19088.2179919,1071.46945847,37.880265329,-25.6282702212,-12.2519951089,782.55399692,0.0668813752271,-782.620878296,0
0.01956,785.243274711,19867.0576144,877.423493836,39.5278279878,-26.0922086085,-13.4356193797,782.51516669,0.0632829458276,-782.578449636,0
0.01958,785.211812435,20647.9984921,702.408954179,41.169398127,-26.5691757421,-14.6002223858,782.473111727,0.0598447664826,-782.532956494,0
0.0196,785.24442459,19627.1858666,769.738134649,39.167798735,-25.2405634645,-13.9272352694,-787.366458538,0.0565666406924,787.309891897,0
0.01962,785.289129924,18296.1840881,1064.71358041,36.4879964802,-23.9300480955,-12.5579483856,782.587031861,0.0568604982652,-782.64389236,0
0.01964,785.263584867,19083.3348096,921.178629557,38.129352426,-24.4541664434,-13.675185983,782.550659434,0.0538949020324,-782.604554336,0
0.01966,785.234853104,19871.8952558,796.665772794,39.7651887968,-24.9914694505,-14.7737193476,782.511061974,0.0510887502588,-782.562150724,0
0.01968,785.202956154,20661.6385371,691.14986979,41.3956097956,-25.5419873118,-15.8536224845,782.46826033,0.0484418238943,-782.516702154,0
0.0197,785.235507608,19642.4037375,772.293114025,39.3834799798,-24.28712984,-15.0963501388,-787.353852794,0.0459538982763,787.307898896,0
0.01972,785.279912877,18335.8948096,777.9915541,36.8074754368,-22.5956160001,-14.2118594371,782.58288958,0.0419187826054,-782.624808363,0
0.01974,785.253770335,19131.7992539,704.74005341,38.4391793435,-23.1947541538,-15.2444251914,782.545592829,0.0397516446137,-782.585344473,0
0.01976,785.224461773,19928.1943743,650.457729709,40.0659373209,-23.8072479467,-16.2586893747,782.505088008,0.0377427926716,-782.542830801,0
0.01978,785.192007499,20724.8572292,615.110877496,41.6878528461,-24.4331244172,-17.2547284297,782.461394775,0.0358919797581,-782.497286755,0
0.0198,785.224478891,19707.0168587,710.547117346,39.6678419661,-23.2538163277,-16.4140256378,-787.33907932,0.0341989532786,787.304880366,0
0.01982,785.273074475,18279.6232393,535.18691705,36.8570469748,-21.1830351402,-15.6740118361,782.582866225,0.0275451163829,-782.610411342,0
0.01984,785.246862096,19081.87102,531.713363445,38.4824549309,-21.8589606067,-16.6234943257,782.54514718,0.0261773312744,-782.571324511,0
0.01986,785.21749593,19883.7061794,547.129093456,40.1034882167,-22.548396135,-17.5550920827,782.504228669,0.0249665201368,-782.529195189,0
0.01988,785.184995103,20684.9099073,581.391961062,41.7202494328,-23.2513655501,-18.468883883,782.46012919,0.0239124082158,-782.484041598,0
0.0199,785.217476927,19668.070587,690.426631254,39.69568632,-22.1493146939,-17.546371625,-787.32669407,0.0230147152295,787.303679355,0
0.01992,785.265069668,18274.8315971,370.663655525,36.9377514229,-19.9284710327,-17.0092803903,-2.38433110036,784.97965777,-782.595326669,0
0.01994,785.24201344,18992.7861196,294.316789191,38.3892953436,-20.3417721555,-18.0475231886,782.548350264,0.0114712447772,-782.559821508,0
0.01996,785.212852146,19798.2716023,379.417246565,40.0076918977,-21.1100386569,-18.8976532411,782.507255654,0.0110619270237,-782.518317581,0
0.01998,785.180560208,20602.2364444,483.25213274,41.6223827331,-21.8919723148,-19.7304104194,782.462980595,0.0108078094232,-782.473788404,0
0.02,785.208915122,19699.9366985,605.769008602,39.8234858407,-20.9826013544,-18.8408844853,-787.312937696,0.0107085842919,787.302229111,0
0.02002,785.256005298,18321.0699414,288.700782616,37.0641681657,-18.8407663112,-18.2234018532,-2.37952466049,784.959084269,-782.579559608,0
0.02004,785.23662713,18933.4149834,85.8479187239,38.2877442159,-18.8789435543,-19.4088006627,782.550785852,-0.00264928552895,-782.548136567,0
0.02006,785.207686441,19740.0674436,240.782629367,39.9063176175,-19.7273663666,-20.178951251,782.509510182,-0.0022579244108,-782.507252258,0
0.02008,785.175613461,20544.3207645,414.309743497,41.5217462033,-20.5895718136,-20.9321743913,782.465049033,-0.0017130128798,-782.46333602,0
0.0201,785.204034983,19642.3516322,553.895853681,39.7241676869,-19.7605952706,-19.9635724162,-787.301450935,-0.00101488572295,787.302465821,0
0.02012,785.248677633,18338.2152536,145.02002879,37.0804324444,-17.5855699067,-19.4948625372,-2.37332999989,784.939123319,-782.565793319,0
0.02014,785.232550264,18855.8135648,-190.958182773,38.0790280833,-17.2502596764,-20.8287684066,782.555895986,-0.0178925435618,-782.538003443,0
0.02016,785.204036771,19661.8236175,33.7970130332,39.7008047955,-18.1805431365,-21.52026166,782.514622193,-0.0166985925338,-782.497923601,0
0.02018,785.172382615,20464.5666846,276.978149701,41.3199922638,-19.1247064189,-22.1952858459,782.470151284,-0.0153528970584,-782.454798387,0
0.0202,785.196755934,19676.0969502,440.611138962,39.7539115284,-18.4913738889,-21.2625376398,-787.287974499,-0.0138558186857,787.301830318,0
0.02022,785.240749989,18389.3414703,37.2633765018,37.1145908387,-16.3982740603,-20.7163167786,-2.36756431266,784.919151924,-782.551587612,0
0.02024,785.22727909,18822.6219808,-437.755295774,37.8909178401,-15.6905507904,-22.2003670501,782.559363908,-0.0325490811355,-782.526814827,0
0.02026,785.19915288,19625.4808432,-143.079611378,39.5186455208,-16.7038347289,-22.814810792,782.51803264,-0.0305548801629,-782.48747776,0
0.02028,785.167872287,20424.2165989,169.826151943,41.1443327881,-17.7310775708,-23.4132552173,782.473487397,-0.0284108880905,-782.445076509,0
0.0203,785.192365331,19634.8689808,354.148807572,39.5853165741,-17.1809089857,-22.4044075877,-787.276188597,-0.0261174928794,787.30230609,0
0.02032,785.233518376,18431.6784527,-134.065737369,37.0672969148,-15.057366221,-22.0099306932,-2.36062330388,784.898747703,-782.538124399,0
0.02034,785.222139175,18792.1115411,-753.570202373,37.624271723,-13.97867993,-23.645591794,782.564116578,-0.0483345590782,-782.515782019,0
0.02036,785.19455367,19589.9763064,-388.995623012,39.2609031298,-15.0764809409,-24.1844221891,782.522858911,-0.0455397060135,-782.477319205,0
0.02038,785.163793663,20382.8732765,-6.4113862986,40.8960363607,-16.1883013731,-24.7077349878,782.478364136,-0.0425971678607,-782.435766969,0
0.0204,785.184321821,19704.9868955,212.625232773,39.5742140233,-15.8363711316,-23.737842891,-787.261366884,-0.0395073585992,787.300874243,0
0.02042,785.224674303,18521.7653462,-266.667523142,37.0662710984,-13.7973042629,-23.2689668342,-2.35431786503,784.87730814,-782.522990275,0
0.02044,785.214756897,18820.281169,-1035.423073,37.4065324106,-12.3485470767,-25.0579853343,782.565973661,-0.0635471909704,-782.50242647,0
0.02046,785.187619241,19610.6079075,-600.907930062,39.0547374029,-13.5318170691,-25.5229203339,782.52467863,-0.0599555160242,-782.464723114,0
0.02048,785.15728195,20395.1349851,-148.633066058,40.7019784691,-14.729148651,-25.9728298193,782.480118476,-0.0562184055605,-782.42390007,0
0.0205,785.177966121,19714.6015082,94.8061091006,39.3928200181,-14.462780065,-24.930039952,-787.247236259,-0.0523362991731,787.299572558,0
0.02052,785.21757765,18551.1081003,-375.398422133,36.8980789996,-12.5093233065,-24.3887556934,-2.3470369998,784.858172637,-782.511135638,0
0.02054,785.208813766,18799.1710957,-1298.25996772,37.0247064026,-10.69152868,-26.3331777233,782.570224752,-0.0782082448253,-782.492016507,0
0.02056,785.182443682,19579.6718177,-794.463239365,38.6876011362,-11.96137148,-26.7262296561,782.52919098,-0.0738242905113,-782.45536669,0
0.02058,785.152841551,20353.5594838,-273.182400897,40.3500591296,-13.245300356,-27.1047587734,782.484856915,-0.0692972917406,-782.415559624,0
0.0206,785.173784747,19669.6447897,-5.82739564089,39.0566578759,-13.0655575763,-25.9911002993,-787.234387963,-0.0646277132915,787.299015676,0
0.02062,785.212709044,18525.643262,-466.736262499,36.5781998264,-11.1987517989,-25.3794480275,-2.33888474643,784.841797713,-782.502912966,0
0.02064,785.204754687,18734.9723113,-1547.94952731,36.4942287859,-9.01285694279,-27.481371844,782.577211419,-0.0923425740444,-782.484868845,0
0.02066,785.179439642,19503.4033037,-975.547256604,38.1748866305,-10.3702848231,-27.804601808,782.536705946,-0.0871715844887,-782.449534362,0
0.02068,785.150853054,20264.4265287,-385.961754813,39.8556272117,-11.7418054823,-28.1138217304,782.492858052,-0.0818600808312,-782.410997971,0
0.0207,785.172146312,19576.4220085,-95.1502140999,38.5810310451,-11.649660226,-26.9313708185,-787.223291906,-0.0764085525802,787.299700459,0
0.02072,785.207728296,18529.0145653,-628.021658445,36.23556165,-9.75678198973,-26.4787796597,-2.32996170655,784.824110458,-782.494148751,0
0.02074,785.199792001,18712.0199315,-1870.56486154,35.9437386497,-7.20386520839,-28.7398734422,782.584046143,-0.107680040631,-782.476366102,0
0.02076,785.175572186,19466.5294655,-1229.6064474,37.6449370303,-8.65002077774,-28.9949162528,782.544089558,-0.101724476867,-782.442365081,0
0.02078,785.148035659,20212.8492975,-571.789955215,39.346728549,-10.1102568855,-29.2364716652,782.500742894,-0.0956310734204,-782.40511182,0
0.0208,785.165708181,19630.2296171,-229.625828058,38.3209102162,-10.2204206594,-28.1004895558,-787.208406973,-0.089400344035,787.297807318,0
0.02082,785.200437297,18604.1738321,-748.965701665,35.9970454438,-8.4160037828,-27.5810416598,-2.32206523452,784.804604258,-782.482539023,0
0.02084,785.191860869,18772.5194238,-2155.19760801,35.4998340534,-5.49659169915,-30.0032423538,782.586870901,-0.12253325266,-782.464337649,0
0.02086,785.168530859,19510.5615776,-1445.76915889,37.2240601006,-7.0320536198,-30.1920064819,782.547242452,-0.115799763731,-782.431442689,0
0.02088,785.141834699,20239.6468614,-719.83694258,38.9493792493,-8.58156517109,-30.3678140789,782.504172138,-0.108931243995,-782.395240894,0
0.0209,785.159841772,19650.3649526,-350.416198602,37.9476059176,-8.78097981529,-29.1666261023,-787.193476839,-0.101928230926,787.29540507,0
0.02092,785.193775071,18645.2438938,-855.831627739,35.6482869124,-7.06578881706,-28.5824980945,-2.31357036708,784.786183674,-782.472613307,0
0.02094,785.183557393,18849.2948454,-2265.27342757,35.1192192754,-4.12182649481,-30.9973927808,-2.29620521737,784.749171712,-782.452966494,0
0.02096,785.161917369,19530.4859352,-1650.97592556,36.6987531945,-5.40604143464,-31.2927117602,782.551385557,-0.12943335098,-782.421952206,0
0.02098,785.136265752,20240.1343739,-857.697928924,38.4505121559,-7.04553984281,-31.4049723134,782.508777654,-0.121797161744,-782.386980492,0
0.021,785.154685886,19643.3377502,-461.446971695,37.4756837462,-7.33489750131,-30.1407862445,-787.178730931,-0.114029443146,787.292760374,0
0.02102,785.18787386,18658.7204415,-952.510379052,35.20379853,-5.70960430766,-29.494194221,-2.30456700267,784.768943061,-782.464376058,0
0.02104,785.175917435,18911.272782,-2309.99726105,34.7026270272,-2.85549032796,-31.8471366984,-2.28779057534,784.730951353,-782.443160778,0
0.02106,785.155378113,19554.2490799,-1739.25499135,36.1969726607,-4.00236972436,-32.1946029369,782.554373563,-0.140961165358,-782.413412397,0
0.02108,785.130721197,20241.6552101,-879.512684415,37.9777945559,-5.73200915464,-32.2457854008,782.51216434,-0.132568880568,-782.379595459,0
0.0211,785.149533109,19635.7960204,-456.933762976,37.0325232468,-6.11144636628,-30.9210768802,-787.165245096,-0.124048151949,787.289293248,0
0.02112,785.18212386,18670.4246601,-933.284803683,34.7906732819,-4.57616992626,-30.2145033551,-2.29683420456,784.753924343,-782.457090138,0
0.02114,785.168807834,18968.9062307,-2237.61573762,34.3199894282,-1.81200486384,-32.5079845634,-2.28065996006,784.715320086,-782.434660126,0
0.02116,785.149406572,19560.1460858,-1822.33773658,35.6181568337,-2.59448954161,-33.0236672919,782.558335501,-0.152145887991,-782.406189613,0
0.02118,785.125893478,20223.1938713,-896.981471716,37.4308457978,-4.41480220523,-33.0160435929,782.516657399,-0.143006206223,-782.373651193,0
0.0212,785.145153641,19607.4631271,-448.50194564,36.5179221506,-4.88483180152,-31.6330903487,-787.152159549,-0.133741292067,787.285900841,0
0.02122,785.177183709,18660.8910757,-909.690302254,34.3088851359,-3.44006470201,-30.8688204326,-2.28874473775,784.740032081,-782.451287343,0
0.02124,785.162634861,19003.5892775,-2159.60814165,33.8714569055,-0.766321296464,-33.1051356076,-2.27318887964,784.700932941,-782.427744061,0
0.02126,785.143964306,19557.4160325,-1884.98514012,34.9941814474,-1.22082670673,-33.7733547408,782.562881426,-0.162762639356,-782.400118787,0
0.02128,785.121680734,20193.9203013,-894.904115478,36.8414458258,-3.13217950558,-33.7092663208,782.521804769,-0.152885433312,-782.368919336,0
0.0213,785.141420617,19567.4053215,-420.951833147,35.9635644291,-3.69314932596,-32.270415102,-787.139696325,-0.142886328166,787.282582653,0
0.02132,785.169689985,18730.5728161,-932.348741132,33.9036755674,-2.2255660902,-31.6781094764,-2.28064619689,784.722419419,-782.441773222,0
0.02134,785.153605608,19116.0097837,-2125.1800802,33.5026929826,0.355683371809,-33.8583763534,-0.165735047225,782.582527471,-782.416792424,0
0.02136,785.134989121,19651.4847223,-1910.90623666,34.5359863388,0.0614320377872,-34.5974183771,784.662608501,-2.27329424071,-782.38931426,0
0.02138,785.113613305,20259.0506864,-856.295043021,36.4201981378,-1.94141535525,-34.478782784,782.521797399,-0.16268683633,-782.359110563,0
0.0214,785.130002572,19723.1337605,-309.317122892,35.8068037971,-2.70707592554,-33.0997278715,-787.122564109,-0.15196325897,787.274527368,0
0.02142,785.157618118,18904.8948754,-800.644537736,33.7841571404,-1.33023524796,-32.4539218916,-2.27557195056,784.701991836,-782.426419885,0
0.02144,785.140079167,19329.9670925,-1933.4248925,33.4229512035,1.15612637875,-34.5790775813,-0.161334123317,782.561395308,-782.400061185,0
0.02146,785.120864317,19845.4136286,-1879.45746862,34.2670685565,1.22587895281,-35.4929475096,784.65565052,-2.28359412089,-782.372056399,0
0.02148,785.100028957,20421.717785,-757.626389187,36.1935461855,-0.874850000812,-35.3186961855,782.514679138,-0.172219230062,-782.342459908,0
0.0215,785.116660041,19870.7561781,-181.778525345,35.6195378747,-1.73157037961,-33.8879674938,-787.103407722,-0.160781984767,787.264189706,0
0.02152,785.147058652,18974.8319982,-592.456801833,33.5230739687,-0.559328814384,-32.963745154,-2.27041200256,784.685028722,-782.414616719,0
0.02154,785.128589324,19437.1791104,-1665.04930701,33.2041554756,1.8328068846,-35.0369623594,-0.15685674217,782.54423264,-782.387375898,0
0.02156,785.108789096,19944.5285269,-1773.08490843,33.86186602,2.2667019496,-36.128567971,784.650805427,-2.29197633814,-782.358829089,0
0.02158,785.088760267,20487.1033437,-586.485568586,35.8326496807,0.0696790264208,-35.9023287084,784.609937565,-2.27986002727,-782.330077538,0
0.0216,785.10939909,19820.5833474,-36.4371163502,35.073741135,-0.76470566603,-34.3090354684,-787.088583463,-0.167721648173,787.256305112,0
0.02162,785.139454254,18940.5010419,-429.431965004,33.0210992529,0.314955002968,-33.3360542547,-0.163530720432,782.57119137,-782.407660649,0
0.02164,785.120316772,19438.6572978,-1441.66299056,32.7469948277,2.6134558438,-35.3604506712,-0.150667694166,782.530439401,-782.379771707,0
0.02166,785.099558871,19950.6108677,-1823.91908653,33.1075624837,3.63860019184,-36.7461626771,784.652206211,-2.30192380284,-782.350282408,0
0.02168,785.081022054,20458.318119,-576.377334565,35.1232635993,1.34968486047,-36.4729484597,784.612146311,-2.28911315516,-782.323033156,0
0.0217,785.102263777,19777.1198164,59.1159711387,34.4724964998,0.29798159388,-34.7704780937,-0.170872573675,-787.077598215,787.248470788,0
0.02172,785.132110713,18909.6201176,-144.267378453,32.6410747516,0.935145241225,-33.576219993,-0.158529646759,782.559546049,-782.401016402,0
0.02174,785.112562956,19440.726911,-1096.59597495,32.4126102024,3.14323298654,-35.5558431893,-0.146346885348,782.519059737,-782.372712851,0
0.02176,785.090868576,19972.3313477,-1641.60531422,32.5918268493,4.53290949851,-37.1247363477,784.65056614,-2.30828821769,-782.342277922,0
0.02178,785.073343693,20442.0276099,-334.613416204,34.6543834257,2.15307877037,-36.8074621961,784.610829321,-2.29480269336,-782.316026628,0
0.0218,785.095014565,19742.7121416,323.905280638,34.0508849209,1.01064289031,-35.0615278117,-0.165201209327,-787.075367558,787.240568767,0
0.02182,785.124736951,18883.5662781,138.125641195,32.2671242692,1.55725773798,-33.8243820064,-0.153549331888,782.547820914,-782.394271582,0
0.02184,785.104760621,19445.7121746,-753.214990796,32.0866834991,3.67498405825,-35.761667556,-0.142058496494,782.507569524,-782.365511028,0
0.02186,785.081835612,20009.2009272,-1459.93298162,32.0868781468,5.42934391239,-37.5162220596,784.648540092,-2.31472781829,-782.333812273,0
0.02188,785.065299912,20438.9946053,-94.5669179079,34.1986441481,2.95868535325,-37.1573295015,784.60909227,-2.30058006277,-782.308512207,0
0.0219,785.087390478,19720.7993649,586.532839806,33.6447552265,1.72562128618,-35.3703765134,-0.159595668903,-787.072862606,787.232458275,0
0.02192,785.116977401,18869.4022046,418.736935353,31.9109830086,2.18180830997,-34.0927913181,-0.14864587275,782.535596564,-782.386950692,0
0.02194,785.096530908,19460.6254814,-410.549257855,31.7808782388,4.20931065981,-35.9901888979,-0.137857837206,782.495525572,-782.357667735,0
0.02196,785.072375542,20062.8670032,-1221.80613455,31.6611786086,6.21484928776,-37.8760278955,-0.127231645968,782.451913318,-782.324681673,0
0.02198,785.056057005,20467.3213639,34.6707134802,33.6540467161,3.99430916323,-37.648355881,784.607750469,-2.30821331368,-782.299537156,0
0.022,785.078653306,19730.0699593,738.219976745,33.152266638,2.67034514927,-35.8226117872,-0.152409606682,-787.07111023,787.223519836,0
0.02202,785.108021088,18886.4643371,589.109333849,31.470968895,3.03584817648,-34.5068170714,-0.142175602882,782.520299924,-782.378124321,0
0.02204,785.086815443,19505.519524,-176.773911345,31.3936682323,4.97288556256,-36.366553795,-0.132103912688,782.480110408,-782.348006495,0
0.02206,785.061978064,20134.6558926,-924.409316825,31.3271169053,6.8881986011,-38.2153155065,-0.12219459091,782.436452656,-782.314258065,0
0.02208,785.045183627,20529.5337224,167.901634206,33.1463832766,5.03185431446,-38.1782375911,784.604603134,-2.31605044795,-782.288552686,0
0.0221,785.068261449,19772.4002449,893.525216316,32.6989030081,3.617272492,-36.3161755,-0.145408151853,-787.067920828,787.21332898,0
0.02212,785.097389303,18935.8626376,763.55787953,31.0722583761,3.89238699382,-34.9646453691,-0.135899356232,782.503096303,-782.367196947,0
0.02214,785.075340156,19580.6443281,62.1343779108,31.0499220521,5.73926824041,-36.7891902921,-0.126553268426,782.462690025,-782.336136757,0
0.02216,785.049731764,20234.5678265,-620.850916534,31.0386640809,7.5646811037,-38.6033451836,-0.117369914299,782.418883795,-782.301513881,0
0.02218,785.031376641,20650.2382304,198.433792399,32.5728431427,6.30009968792,-38.8729428313,784.600005076,-2.32586520097,-782.274139875,0
0.0222,785.055009529,19872.9461865,946.104930016,32.18200793,4.7948041575,-36.976812088,-0.136936018178,-787.063859749,787.200795768,0
0.02222,785.087445248,18936.8141,874.254067182,30.4986973358,4.86579239569,-35.3644897307,-0.12816452406,782.486286,-782.358121476,0
0.02224,785.064663363,19605.7913541,237.923586411,30.5338804917,6.62268719979,-37.1565676906,-0.119555965862,782.445759251,-782.326203286,0
0.02226,785.038388913,20282.9706357,-379.802362729,30.5804551566,8.35838694766,-38.9388421046,-0.111110340489,782.401894931,-782.29078459,0
0.02228,785.018910152,20717.366362,278.103744428,31.9455833565,7.45875073533,-39.4043340914,784.596468141,-2.33431541246,-782.262152728,0
0.0223,785.04640655,19833.9148878,973.177309396,31.3864944752,5.97700862721,-37.3635031041,-0.127047428605,-787.063101248,787.190148677,0
0.02232,785.078693872,18903.5173443,917.394878941,29.7628969305,5.95799519854,-35.7208921286,-0.119024508065,782.470291598,-782.35126709,0
0.02234,785.055259294,19595.1270674,346.821361448,29.8580747417,7.62515754817,-37.4832322892,-0.111164585412,782.429709507,-782.318544922,0
0.02236,785.028393112,20293.9988958,-205.005667881,29.9649410069,9.27141518195,-39.2363561885,-0.103467628608,782.385846418,-782.28237879,0
0.02238,785.007590907,20759.6734876,293.539028008,31.1634240364,8.73708599713,-39.9005100337,784.595451369,-2.34318796844,-782.252263401,0
0.0224,785.035724849,19857.4332533,1006.37272714,30.6656842569,7.16560773187,-37.8312919904,-0.117500382038,-787.060701487,787.178201869,0
0.02242,785.0715141,18823.2396753,998.718988519,28.9900772893,6.94347726784,-35.9335545558,-0.110232999556,782.457121103,-782.346888103,0
0.02244,785.047705638,19535.1707083,494.204217041,29.1474129416,8.52170923544,-37.6691221773,-0.103128518015,782.416743644,-782.313615126,0
0.02246,785.020519685,20253.4299238,8.54988353452,29.3167185766,10.0793431884,-39.3960617639,-0.09618687646,782.373134824,-782.276947947,0
0.02248,784.998156471,20762.2344555,350.033845351,30.350651576,9.91122990765,-40.261881484,784.595951515,-2.3508655452,-782.24508597,0
0.0225,785.030046474,19760.2274801,1001.03298932,29.6892285025,8.36442937714,-38.0536578806,-0.106623995094,-787.06212905,787.168753045,0
0.02252,785.065777201,18730.1459466,1006.10903862,28.0778362837,8.05347624627,-36.1313125295,-0.100121799687,782.444845419,-782.34472362,0
0.02254,785.041617089,19460.7907808,568.331573307,28.2996414567,9.54319287205,-37.8428343277,-0.0937822424544,782.404679116,-782.310896874,0
0.02256,785.014128082,20196.8304807,149.503674784,28.5336812733,11.0126344667,-39.5463157388,-0.0876052335948,782.361325494,-782.27372026,0
0.02258,784.989906713,20761.082,337.256514807,29.4053029453,11.2112637591,-40.6165667058,784.598928669,-2.35913914053,-782.239789529,0
0.0226,785.022446663,19742.0495041,1002.19736287,28.8096038951,9.57602500654,-38.3856289023,-0.0961678939619,-787.062247072,787.158414966,0
0.02262,785.058080227,18715.3687323,1020.5855283,27.2642012001,9.17695516204,-36.4411563611,-0.0904362297379,782.429981832,-782.339545603,0
0.02264,785.033348723,19462.4069161,650.553575359,27.5522296568,10.5788730502,-38.131102707,-0.0848667826085,782.389791007,-782.304924224,0
0.02266,785.005332717,20213.9070757,299.530281342,27.8527406022,11.960853721,-39.8135943234,-0.0794594340088,782.34645264,-782.266993206,0
0.02268,784.978607932,20845.1212856,337.839982145,28.5637286991,12.5270575149,-41.090786215,784.598416729,-2.36808920681,-782.230327522,0
0.0227,785.011746633,19808.2878436,1016.68186937,28.0354592932,10.8041523165,-38.8396116097,-0.0861565344528,-787.059957592,787.146114126,0
0.02272,785.050988278,18672.9140689,1070.29803744,26.4440673639,10.2040760347,-36.6481433976,-0.08119995624,782.416719343,-782.335519387,0
0.02274,785.025885795,19433.9740256,768.240126529,26.8002317273,11.5192284106,-38.3194601381,-0.0764050162016,782.376684515,-782.300279499,0
0.02276,784.997536659,20198.5707551,485.221403656,27.1691101165,12.8147966203,-39.9839067367,-0.0717715671224,782.333535305,-782.261763738,0
0.02278,784.968058074,20908.0619704,378.237556939,27.7213057296,13.7497178654,-41.4710235954,784.598192287,-2.37610369542,-782.222088592,0
0.0228,785.00462854,19780.4412766,984.492111542,27.0352126389,12.0537772701,-39.0889899092,-0.0749071764693,-787.060334515,787.135241692,0
0.02282,785.047557553,18535.2697236,1066.04991748,25.400129653,11.2535436862,-36.653673339,-0.0707329294808,782.408013631,-782.337280701,0
0.02284,785.022470971,19308.660658,831.894657928,25.8267296604,12.482814109,-38.3095437691,-0.0667195774236,782.368501345,-782.301781767,0
0.02286,784.994167942,20084.6716329,616.785448402,26.2662583035,13.6928693229,-39.9591276256,-0.0628669445886,782.32590012,-782.263033176,0
0.02288,784.962671616,20863.0710027,420.708523649,26.7187499388,14.883779959,-41.6025298966,-0.0591748496032,782.28023223,-782.221057381,0
0.0229,785.001821823,19671.5300725,897.312517627,25.820239629,13.3294276733,-39.1496673022,-0.0624540594661,-787.064209438,787.126663497,0
0.02292,785.044752222,18428.275502,985.13110338,24.2573674494,12.4436534674,-36.7010209156,-0.0590685696144,782.399021013,-782.339952443,0
0.02294,785.019593284,19212.256805,819.563083549,24.7563708074,13.5877571596,-38.344127967,-0.0558430679596,782.359926021,-782.304082953,0
0.02296,784.991243043,19997.9437774,673.022048336,25.2684994375,14.7130292887,-39.9815287249,-0.0527773504804,782.317762417,-782.264985066,0
0.02298,784.95972341,20785.1083932,545.485688507,25.7937845847,15.8195430301,-41.6133276135,-0.0498712075233,782.27255122,-782.222680013,0
0.023,784.996156966,19673.7055262,826.361422553,24.7412536256,14.6352090284,-39.3764626551,-0.0505302227335,-787.066207464,787.116737687,0
0.02302,785.039064209,18431.6864378,921.118197295,23.2520229115,13.6648979037,-36.9169208151,-0.0479356247995,782.386147278,-782.338211654,0
0.02304,785.01350355,19223.7728234,825.0526407,23.8248353994,14.7248447736,-38.5496801715,-0.0454999529015,782.347123089,-782.301623136,0
0.02306,784.984773012,20016.6533986,747.963700247,24.4109519301,15.7663569064,-40.1773088354,-0.0432229749023,782.305046847,-782.261823872,0
0.02308,784.952893283,20810.1040167,689.820551144,25.0104005988,16.7895099438,-41.7999105426,-0.0411044530698,782.259938345,-782.218833892,0
0.0231,784.98861092,19727.2586873,689.047842795,23.5781059067,16.0898708371,-39.6679767446,-0.0374411751604,-787.067392298,787.104833473,0
0.02312,785.031487464,18486.5064849,791.21683708,22.1643265095,15.0358651634,-37.2001916714,-0.0356423065527,782.370299343,-782.334657037,0
0.02314,785.005394216,19284.8214678,765.307351644,22.8127348729,16.0125067727,-38.8252416454,-0.034001140331,782.331197638,-782.297196497,0
0.02316,784.976147684,20083.022858,758.297183147,23.4746076578,16.971124329,-40.4457319864,-0.032517416481,782.289055566,-782.256538149,0
0.02318,784.943767361,20880.8906169,770.14702815,24.1499697671,17.9117958488,-42.061765616,-0.0311908694359,782.243891718,-782.212700849,0
0.0232,784.984102933,19679.4569578,593.676067069,22.3397143791,17.3571390094,-39.6968533884,-0.0249128767238,-787.069365035,787.094277912,0
0.02322,785.023200454,18553.1692978,698.596453419,21.1167875942,16.3347290563,-37.4515166491,-0.0239102925702,782.354261389,-782.330351096,0
0.02324,784.996637913,19355.2174045,742.970508088,21.8422597504,17.2294529252,-39.0717126753,-0.0230640340105,782.315124249,-782.292060215,0
0.02326,784.966932775,20156.2545358,806.137116282,22.5813392106,18.1065765073,-40.6879157177,-0.0223738134046,782.272952478,-782.250578664,0
0.02328,784.93526713,20926.7724424,840.27917886,23.2203382828,19.0230349082,-42.2433731926,-784.656245799,782.228927254,2.42731854524,0
0.0233,784.976719113,19703.1940499,431.758566005,21.0338076387,18.7849677888,-39.818775427,-0.0112441991935,-787.069729969,787.080974168,0
0.02332,785.015805512,18578.0602773,547.478501541,19.8896818493,17.6814484994,-37.5711303476,-0.0110411666946,782.339534781,-782.328493615,0
0.02334,784.989030623,19382.0252883,662.062338432,20.694065212,18.4954803865,-39.1895455981,-0.0109929240728,782.300597657,-782.289604733,0
0.02336,784.959116837,20184.0925193,795.307407995,21.512180753,19.2923494707,-40.8045302237,-0.0110991563562,782.258624603,-782.247525446,0
0.02338,784.929414087,20900.8110021,801.22589511,22.002933239,20.2426956517,-42.2456288906,-784.638207427,782.216964629,2.42124279854,0
0.0234,784.970222748,19694.5087111,400.388907874,19.8961717279,19.9250375753,-39.8212093046,0.000144329236377,-787.068946122,787.068801793,0
0.02342,785.005490946,18682.8646132,529.47254461,18.9455872748,18.8560446828,-37.8016319568,-0.00044771295768,782.322194727,-782.321747014,0
0.02344,784.978289464,19485.5594273,714.477064223,19.8296978094,19.5911245879,-39.420822397,-0.00119286610152,782.283221893,-782.282029027,0
0.02346,784.947948402,20285.4816184,917.977138783,20.7276478508,20.3094902122,-41.037138063,-0.00209078818239,782.241207424,-782.239116636,0
0.02348,784.921956826,20899.186641,793.638447763,20.8436070343,21.40915176,-42.2527587951,-784.619121255,782.203639438,2.41548181707,0
0.0235,784.959937996,19771.3571213,307.780291451,18.7043031093,21.2405540944,-39.9448572037,0.0126812548623,-787.065857192,787.053175938,0
0.02352,784.995189404,18759.4556654,451.334344017,17.8350428933,20.0935184306,-37.9285613243,0.0112923776301,782.305071169,-782.316363546,0
0.02354,784.967765077,19559.0557748,706.634653033,18.8005463803,20.7509912428,-39.5515376217,0.00975222426382,782.266244597,-782.275996821,0
0.02356,784.937193802,20355.0199849,980.240301564,19.7799783601,21.392211062,-41.1721894222,0.00806116346962,782.224363964,-782.232425127,0
0.02358,784.91466245,20876.7913977,719.42543404,19.5228756241,22.6425086801,-42.1653843042,-784.599056437,782.190615149,2.4084412876,0
0.0236,784.951872424,19768.8958299,244.32351302,17.466189665,22.3972479977,-39.8634376631,0.0246552915399,-787.063167992,787.038512701,0
0.02362,784.987180219,18756.3531964,401.774342746,16.6796126593,21.1740273724,-37.853640032,0.0224720734529,782.292034045,-782.314506119,0
0.02364,784.959925229,19550.5599442,726.677496338,17.7278554739,21.755767703,-39.4836231755,0.0201395610451,782.253720439,-782.27386,0
0.02366,784.929508193,20340.2855024,1069.66981278,18.7900983709,22.32172826,-41.1118266296,0.0176581493569,782.212332583,-782.229990733,0
0.02368,784.910361199,20781.0193575,666.185233911,18.1613406517,23.7245138658,-41.885854519,-784.582537486,782.182301522,2.40023596385,0
0.0237,784.946878474,19692.7875963,201.933862163,16.1885529458,23.4044953204,-39.5930482674,0.0360797116924,-787.061858332,787.025778621,0
0.02372,784.978452503,18791.8460925,386.239379632,15.59957567,22.2206516302,-37.820227299,0.0331053796352,782.278240272,-782.311345651,0
0.02374,784.951283666,19578.1778503,780.700293647,16.7315698945,22.7283459678,-39.4599158617,0.0299838802167,782.240334521,-782.270318401,0
0.02376,784.920932581,20359.1961052,1193.00506469,17.8776174669,23.220744379,-41.0983618445,0.0267156344271,782.199329214,-782.226044849,0
0.02378,784.904707778,20729.7986981,641.911946731,16.8782818339,24.7776758321,-41.6559576676,-784.565202961,782.172531775,2.39267118554,0
0.0238,784.937995628,19730.9658721,102.107583194,14.8767938683,24.6117380971,-39.4885319661,0.0486747209006,-787.058489118,787.009814397,0
0.02382,784.969644967,18828.1182955,304.007612095,14.3729364259,23.3548860433,-37.7278224684,0.0449097478627,782.264223589,-782.309133337,0
0.02384,784.942677441,19604.7562062,767.887969747,15.5900689595,23.7900459377,-39.3801148967,0.0409998846859,782.226818801,-782.267818685,0
0.02386,784.9125013,20375.2608283,1249.34257827,16.8212893666,24.2104049804,-41.0316943465,0.0369455778841,782.186282968,-782.223228546,0
0.02388,784.898720793,20687.637175,546.238275609,15.4528249468,25.9229668559,-41.375791804,-784.546362236,782.162219164,2.38414307183,0
0.0239,784.93116866,19710.5854098,21.0647422404,13.5375273303,25.6855315362,-39.2230588671,0.0607400207258,-787.055703752,786.994963732,0
0.02392,784.962965295,18805.3379265,240.077386262,13.1198698986,24.3576910677,-37.4775609662,0.0561891055643,782.253781199,-782.309970304,0
0.02394,784.936504086,19570.0466475,772.628302166,14.4232074083,24.7223511537,-39.145558562,0.0514957184694,782.217156701,-782.26865242,0
0.02396,784.906800698,20327.8212769,1322.45858176,15.7406495761,25.0727158307,-40.8133654066,0.04666033104,782.177362456,-782.224022787,0
0.02398,784.89524467,20593.6283278,462.952610296,14.0041765257,26.9429191508,-40.9470956777,-784.53054311,782.155786761,2.37475634914,0
0.024,784.926930388,19637.9432749,-47.2970457074,12.1760703272,26.636047937,-38.8121182647,0.0722998876878,-787.054163359,786.981863472,0
0.02402,784.955121192,18840.6128978,212.213419554,11.9592347502,25.3529210224,-37.3121557721,0.0669684310262,782.241787972,-782.308756403,0
0.02404,784.928998176,19590.906017,813.300882171,13.3495084794,25.6489204172,-38.9984288952,0.0614970593816,782.205753594,-782.267250653,0
0.02406,784.899594853,20333.4786686,1431.34389521,14.7538850389,25.9311388905,-40.6850239282,0.0558862689786,782.166506204,-782.222392473,0
0.02408,784.889739059,20564.1959934,412.298097516,12.6502018488,27.9607887185,-40.6109905685,-784.513178277,782.146872327,2.36630595025,0
0.0241,784.917789675,19707.4818263,-162.385750074,10.7964009743,27.813486636,-38.6098876107,0.0850854278831,-787.049898686,786.964813258,0
0.02412,784.946119821,18905.7911016,118.047454743,10.6676418629,26.46285064,-37.1304925021,0.0789760434907,782.22814527,-782.307121313,0
0.02414,784.920368553,19639.8258111,787.507649636,12.1459559125,26.6918448951,-38.8378008071,0.0727294445497,782.192712489,-782.265441934,0
0.02416,784.891293238,20365.3673183,1473.57538634,13.6383520028,26.907582351,-40.5459343531,0.0663461514094,782.15401782,-782.220363971,0
0.02418,784.882475687,20573.4424365,292.476446642,11.1686300016,29.0983001443,-40.2669301468,-784.49281949,782.135641701,2.35717778896,0
0.0242,784.909581942,19739.5504409,-262.878372161,9.40375651559,28.885110276,-38.2888667917,0.097406768315,-787.045443968,786.948037199,0
0.02422,784.938117811,18932.8668711,38.0567601357,9.36387387813,27.4691262918,-36.8330001686,0.0905262616158,782.216599343,-782.307125604,0
0.02424,784.912963284,19648.4458744,775.07592377,10.9310120816,27.6332870917,-38.5642991737,0.083511374633,782.181967517,-782.265478892,0
0.02426,784.884434329,20354.7790384,1528.32991237,12.5121936244,27.7847239667,-40.2969175904,0.0763626513294,782.144018286,-782.220380938,0
0.02428,784.876330189,20552.350921,182.658130274,9.67727312659,30.1386518298,-39.8159249573,-784.474015449,782.12654947,2.34746597868,0
0.0243,784.902565137,19740.6750557,-352.906971668,8.00205030295,29.8617695397,-37.863819844,0.109298595637,-787.041185224,786.931886629,0
0.02432,784.931363423,18928.379779,-31.8617227962,8.05175146726,28.3826390547,-36.4343905208,0.101654437429,782.207270439,-782.308924877,0
0.02434,784.907000481,19623.3437382,771.885550394,9.70840548097,28.4841784607,-38.1925839404,0.0938788644291,782.173608834,-782.267487698,0
0.02436,784.880890318,20274.0404747,1427.73605801,11.0379532024,28.7440817965,-39.7820349995,-784.492351828,782.138251899,2.35409992924,0
0.02438,784.871457369,20507.6655798,79.343840872,8.17967196512,31.0928555664,-39.2725275321,-784.456883605,782.119622619,2.3372609858,0
0.0244,784.896884932,19717.5825935,-435.941665797,6.59473019441,30.7545148437,-37.3492450387,0.120798922642,-787.037395871,786.916596949,0
0.02442,784.925993178,18899.0659655,-95.1490975475,6.73462998115,29.2144772532,-35.9491072333,0.112399235798,782.20016742,-782.312566656,0
0.02444,784.902587427,19571.2901018,774.478722768,8.48139924661,29.2556449832,-37.7370442294,0.103871228164,782.167616145,-782.271487373,0
0.02446,784.879147016,20165.1230036,1275.25684216,9.4462760711,29.6830821314,-39.1293582036,-784.477955139,782.135076979,2.34287815966,0
0.02448,784.867904761,20446.2888095,-20.2986678057,6.67890227155,31.9721120395,-38.6510143112,-784.441430866,782.114781294,2.32664957128,0
0.0245,784.89257991,19677.1541415,-514.786462091,5.18477953656,31.5745828274,-36.7593623644,0.131949015795,-787.034241776,786.90229276,0
0.02452,784.922037034,18851.811452,-154.58062124,5.41540052193,29.9759129234,-35.3913134447,0.122802561393,782.195193067,-782.317995628,0
0.02454,784.899725756,19499.2022766,780.063612844,7.25279233223,29.9589936212,-37.2117859537,0.113531005877,782.163864023,-782.277395029,0
0.02456,784.87854351,20048.2617698,1122.94305111,7.85358017197,30.5562104339,-38.409790607,-784.465022512,782.13370567,2.33131684224,0
0.02458,784.865617385,20375.2350833,-118.432393952,5.17757644089,32.787797115,-37.9653735566,-784.427558435,782.111843696,2.31571473841,0
0.0246,784.88958632,19626.3789157,-591.577346394,3.77471887132,32.3333826236,-36.1081014953,0.142793318047,-787.031785881,786.888992563,0
0.02462,784.915831221,18897.8588564,-168.481382821,4.21010855023,30.792004873,-35.0021134218,0.132909480949,782.186852794,-782.319762275,0
0.02464,784.894283031,19517.9525481,830.845651419,6.13829523057,30.7190723814,-36.857367611,0.122903885139,782.156392996,-782.279296881,0
0.02466,784.87456202,20033.9899631,1014.184308,6.37524756985,31.4880986198,-37.8633461905,-784.448989918,782.127796961,2.3211929572,0
0.02468,784.85984387,20404.4645288,-171.123728244,3.79076746065,33.6643163685,-37.4550838295,-784.410468279,782.104239034,2.30622924492,0
0.0247,784.879623275,19767.1103008,-686.275788386,2.36573029977,33.3822600092,-35.7479903104,0.155082647772,-787.025266667,786.87018402,0
0.02472,784.906128931,19028.653667,-239.924863341,2.89260432598,31.7861933885,-34.6787977136,0.14446794459,782.17379614,-782.318264085,0
0.02474,784.8852215,19619.5741015,823.8454748,4.91212936213,31.6591198701,-36.5712492319,0.133734951871,782.144061819,-782.277796771,0
0.02476,784.866222078,20115.0601345,846.761131911,4.78587834478,32.6017798728,-37.3876582178,-784.427134724,782.116267053,2.31086767126,0
0.02478,784.849361559,20527.4851406,-280.479549471,2.2934513992,34.7244981811,-37.0179495813,-784.387198479,782.090641485,2.29655699342,0
0.0248,784.868163252,19910.5485689,-769.032150587,0.960315562964,34.3895363224,-35.3498518866,0.167146102962,-787.016852333,786.849706231,0
0.02482,784.898480258,19060.1026676,-349.879391605,1.46530608123,32.6275377962,-34.0928438776,0.155811157796,782.164870514,-782.320681672,0
0.02484,784.878728071,19620.1788205,776.866554673,3.57663750466,32.448939389,-36.0255768927,0.1443615087,782.136347654,-782.280709163,0
0.02486,784.860274704,20107.8590313,637.906173511,3.08772647802,33.5678084875,-36.6555349661,-784.407866448,782.109150152,2.29871629573,0
0.02488,784.841556038,20560.8306973,-430.500020677,0.687769553092,35.6396608125,-36.3274303661,-784.366788736,782.081712748,2.28507598817,0
0.0249,784.863158841,19869.3831135,-773.688898956,-0.31697231693,34.9660193975,-34.6490470798,786.839565941,-787.011226314,0.171660372956,0
0.02492,784.89380423,19013.5674571,-165.297661423,0.628924608501,32.9802946633,-33.6092192718,0.161756849465,782.160848825,-782.322605674,0
0.02494,784.874990773,19539.3952669,1022.34147877,2.83101387876,32.7535236226,-35.5845375014,0.149612547971,782.133292633,-782.282905181,0
0.02496,784.85705191,20029.8105035,720.082764527,1.97846647373,34.0519120737,-36.0303785485,-784.396676836,782.106632622,2.29004421366,0
0.02498,784.837425013,20519.38559,-288.613925002,-0.328596006408,36.0755055497,-35.7469095437,-782.25539667,782.078305103,0.177091566801,0
0.025,784.858700848,19841.6649925,-606.888540122,-1.23880604457,35.3532836827,-34.1144776368,786.841653438,-787.006031795,0.164378357139,0
0.02502,784.889793119,18968.6787424,-54.2992116626,-0.204035494763,33.3222972573,-33.1182617615,2.26763165242,782.157582489,-784.425214141,0
0.02504,784.871934762,19466.6388927,1109.37443481,2.07337794309,33.0575159672,-35.1308939094,0.154920689346,782.130984877,-782.285905567,0
0.02506,784.85412515,19969.2471322,550.712752081,0.830023824803,34.5514490228,-35.3814728476,-784.385510177,782.104452705,2.28105747196,0
0.02508,784.833539816,20478.6270762,-497.342246529,-1.41774296102,36.5460173435,-35.1282743822,-782.243713179,782.075160523,0.168552656263,0
0.0251,784.85445619,19803.9581712,-881.117655848,-2.28580085166,35.8038335212,-33.5180326686,786.844896504,-787.001057662,0.156161158304,0
0.02512,784.886064817,18923.2070451,-321.249013167,-1.21444226827,33.7561518375,-32.5417095694,2.27485295915,782.154567674,-784.429420633,0
0.02514,784.869345994,19404.9672592,868.012674906,1.10494625172,33.4724547154,-34.5774009662,0.161837541509,782.129088881,-782.290926423,0
0.02516,784.851021605,19919.6988975,2.66170335701,-0.778466184069,35.2889720768,-34.5105058927,-782.270676578,782.10201638,0.1686601977,0
0.02518,784.828993612,20441.9471227,-1017.24540667,-2.9839431292,37.2654242655,-34.2814811369,-782.22773894,782.071251251,0.156487689256,0
0.0252,784.849353208,19773.188756,-1389.7480779,-3.81436949651,36.5079400936,-32.6935705972,786.850956897,-786.995352902,0.144396004781,0
0.02522,784.881688122,18886.8829476,-822.357442057,-2.70547818303,34.4454871167,-31.7400089335,2.28575481507,782.150752807,-784.436507622,0
0.02524,784.866560136,19353.1223514,392.26095013,-0.3428694898,34.1446415498,-33.8017720592,2.27243754384,782.126820233,-784.399257777,0
0.02526,784.847352934,19875.0956569,-332.230534684,-1.9543341801,35.830123585,-33.8757894054,-782.25842281,782.098815534,0.159607275329,0
0.02528,784.824269708,20409.9016807,-1325.42695113,-4.12301880731,37.793587382,-33.6705685758,-782.214678842,782.066941094,0.147737748104,0
0.0253,784.844225317,19748.0041518,-1686.50802222,-4.91675004642,37.0236457524,-32.1068957063,786.853919438,-786.989870165,0.13595072762,0
0.02532,784.877079061,18857.4935712,-1112.38578221,-3.77126755637,34.9492611036,-31.1779935459,2.29360263183,782.146434953,-784.440037584,0
0.02534,784.863063602,19308.4411308,123.319120276,-1.37216610613,34.6369919272,-33.2648258215,2.28004577877,782.123546678,-784.403592457,0
0.02536,784.843151941,19839.6548529,-574.624795462,-2.94721216724,36.3115577899,-33.3643456231,-782.246850256,782.094764589,0.152085666519,0
0.02538,784.819131909,20387.0748136,-1540.11530615,-5.07956838393,38.264614256,-33.1850458738,-782.202403161,782.061875774,0.140527386747,0
0.0254,784.838730158,19733.2835536,-1889.41105971,-5.83707514676,37.4847948429,-31.6477196957,786.855331649,-786.984384871,0.1290532221,0
0.02542,784.871998964,18840.1056211,-1309.12421984,-4.65547893684,35.4010554878,-30.7455765495,2.30028266062,782.141257968,-784.441540629,0
0.02544,784.858836747,19276.0745163,-53.5608373895,-2.22036917641,35.0799348236,-32.8595656466,2.28650150857,782.11913141,-784.405632919,0
0.02546,784.837448086,19829.401269,-944.356481446,-4.21343903896,36.9731262301,-32.7596871921,-782.231507425,782.088776185,0.142731240052,0
0.02548,784.81213449,20390.1780465,-1880.55408469,-6.30902952436,38.9178690722,-32.608839549,-782.185992162,782.054493113,0.131499049466,0
0.0255,784.831235918,19746.2677276,-2217.08698472,-7.02988476967,38.1302681335,-31.1003833629,786.857028824,-786.977381316,0.120352492364,1
0.02552,784.950702207,16295.1367255,-1184.38905983,-4.56258130076,30.9835273892,-26.4209460873,786.928424891,-787.037716715,0.109291823387,1
0.02554,785.055514262,12864.9523278,-168.622157357,-2.09318897319,23.8498368768,-21.756647903,786.985221531,-787.083538825,0.0983172941576,1
0.02556,785.145776304,9468.57882688,648.052243886,0.000748032325978,16.9180990493,-16.9188470821,19.5413117275,-787.114953173,767.573641446,1
0.02558,785.223118358,6165.77488561,438.116783602,0.000461171334367,11.0478251275,-11.048286299,162.98112719,-787.133591053,624.152463863,1
0.0256,785.288496181,2889.37938225,212.947937437,0.000296994307559,5.1919611868,-5.19225818207,245.073050186,-787.140409416,542.06735923,1
0.02562,785.342059114,-2.25806793093,-0.0730021247713,0.000205296925011,-0.00415776574745,0.00395246786981,-496.21950892,787.142091803,-290.922582883,1
0.02564,785.390835394,-0.388144652632,0.0225796776207,0.000110078097385,-0.00074778231396,0.000637704009151,-428.930205672,692.743161556,-263.812955883,1
0.02566,785.439449186,-0.363121422789,0.0154728446055,9.32703498395e-05,-0.000696028959395,0.00060275895598,-394.649654617,649.393957688,-254.74430307,1
0.02568,785.4879012,-0.345578797551,0.0106013486525,8.21138308356e-05,-0.000660204474094,0.000578091058206,-371.159152465,619.14776615,-247.988613685,1
0.0257,785.536191977,-0.333206566468,0.00726254815569,7.48678417277e-05,-0.000635397523644,0.000560529681673,-355.132682686,597.963602659,-242.830919973,1
0.02572,785.584322053,-0.324406033468,0.0049745307001,7.03276087645e-05,-0.000618208924164,0.000547880417863,-344.268266464,583.044671014,-238.776404549,1
0.02574,785.632291962,-0.318070892971,0.00340681339957,6.76598981421e-05,-0.000606285445847,0.000538625135022,-336.972671995,572.455290435,-235.48261844,1
0.02576,785.680102237,-0.313435719209,0.00233278814297,6.62869511588e-05,-0.000597999446037,0.00053171208815,-332.143198598,564.855767094,-232.712568496,1
0.02578,785.72775341,-0.309970889858,0.00159709231634,6.58093063618e-05,-0.000592223988245,0.000526413803804,-329.016647303,559.318896025,-230.302248721,1
0.0258,785.775246009,-0.307309943323,0.00109322309566,6.59510948199e-05,-0.000588178488897,0.000522227431574,-327.064791858,555.202960236,-228.138168377,1
0.02582,785.822580564,-0.305199493262,0.000748181269144,6.65196949042e-05,-0.000585324371415,0.000518803292807,-325.92203316,552.063832111,-226.141798951,1
0.02584,785.869757599,-0.303464067347,0.000511938446203,6.73844948789e-05,-0.00058328616143,0.000515902114379,-325.335328155,549.594137904,-224.25880975,1
0.02586,785.91677764,-0.301982552183,0.000350213503905,6.84519268338e-05,-0.000581807143415,0.000513355162313,-325.129535124,547.581152864,-222.451617739,1
0.02588,785.963641207,-0.300671058738,0.000239519175171,6.96591231338e-05,-0.000580707734485,0.00051104758557,-325.183428809,545.877660028,-220.694231218,1
0.0259,786.010348823,-0.299471580372,0.000163765771998,7.09627452745e-05,-0.000579863455184,0.000508900107408,-325.413100229,544.381781296,-218.968681067,1
0.02592,786.056901005,-0.29834412288,0.000111932848762,7.23317293321e-05,-0.000579189205743,0.000506856830891,-325.760467538,543.023018317,-217.262550779,1
0.02594,786.103298272,-0.297261033979,7.64732074152e-05,7.37449870966e-05,-0.000578625661426,0.000504879521047,-326.185324261,541.752591236,-215.567266975,1
0.02596,786.149541138,-0.296203179291,5.22190442636e-05,7.51885258498e-05,-0.000578131145777,0.000502942358328,-326.659835814,540.536752053,-213.876916239,1
0.02598,786.195630119,-0.295157464581,3.5632353813e-05,7.66515922896e-05,-0.000577677868651,0.000501026444788,-327.16473047,539.35215672,-212.187426249,1
0.026,786.241565724,-0.294114846341,2.42913167369e-05,7.81271555025e-05,-0.000577246170716,0.000499119153547,-327.686663109,538.182662132,-210.495999022,1
0.02602,786.287348466,-0.293069120596,1.65384305969e-05,7.96103311968e-05,-0.000576822450058,0.000497211768511,-328.216390628,537.017109285,-208.800718657,1
0.02604,786.332978853,-0.292016048243,1.12394834748e-05,8.10977208182e-05,-0.000576397297437,0.000495298280522,-328.747509127,535.847788979,-207.100279852,1
0.02606,786.378457392,-0.290952689026,7.61847814953e-06,8.25875750269e-05,-0.0005759635848,0.000493375175032,-329.275579913,534.669379916,-205.393800003,1
0.02608,786.423784587,-0.28987716374,5.14459090194e-06,8.40776144802e-05,-0.000575517434686,0.000491438992796,-329.797524583,533.478213741,-203.680689158,1
0.0261,786.468960944,-0.288788186222,3.45477468986e-06,8.55666733734e-05,-0.000575055739363,0.000489487793394,-330.311206368,532.271766378,-201.96056001,1
0.02612,786.513986963,-0.287684857576,2.30077567507e-06,8.70545477977e-05,-0.000574575732941,0.000487520878998,-330.815140369,531.048305969,-200.2331656,1
0.02614,786.558863145,-0.286566718354,1.51286811682e-06,8.85400281429e-05,-0.000574076557887,0.000485536740541,-331.308293015,529.806649214,-198.498356199,1
0.02616,786.603589988,-0.285433464283,9.75036531962e-07,9.00226891036e-05,-0.000573557197418,0.000483534788041,-331.789943261,528.545992729,-196.756049468,1
0.02618,786.648167991,-0.28428494209,6.07994518242e-07,9.15022185253e-05,-0.00057301695452,0.00048151463813,-332.259586523,527.265796325,-195.006209802,1
0.0262,786.692597647,-0.283121103672,3.5756772011e-07,9.297838261e-05,-0.000572455353779,0.000479476050677,-332.716868194,525.965702228,-193.248834033,1
0.02622,786.736879451,-0.281941904629,1.86747872458e-07,9.44516227184e-05,-0.000571871452537,0.00047741950579,-333.161537628,524.645479163,-191.483941536,1
0.02624,786.781013894,-0.280747489457,7.02587978317e-08,9.59211760588e-05,-0.000571265656513,0.000475344310811,-333.593416286,523.304983662,-189.711567376,1
0.02626,786.825001468,-0.27953797143,-9.15904454363e-09,9.7386926799e-05,-0.000570637824608,0.000473250441943,-334.012375703,521.944133276,-187.931757572,1
0.02628,786.86884266,-0.278313489682,-6.32884789055e-08,9.88487772019e-05,-0.000569987867252,0.000471137908822,-334.418322227,520.562888037,-186.14456581,1
0.0263,786.912537958,-0.27707412785,-1.00171607082e-07,0.000100307262984,-0.000569315109935,0.000469007365326,-334.81118646,519.161237631,-184.350051171,1
0.02632,786.956087847,-0.275820129159,-1.25296087682e-07,0.000101761686849,-0.00056862014506,0.000466858239966,-335.190915955,517.739192513,-182.548276558,1
0.02634,786.999492811,-0.274551674964,-1.42405589196e-07,0.000103211978486,-0.000567902961823,0.0004646905937,-335.557470155,516.296777762,-180.739307607,1
0.02636,787.042753333,-0.27326895426,-1.54053400005e-07,0.00010465807186,-0.00056716356193,0.000462504495717,-335.910816895,514.834028823,-178.923211929,1
0.02638,787.085869894,-0.271972083627,-1.61980487461e-07,0.000106100524828,-0.000566401335132,0.000460300641999,-336.25092998,513.350988566,-177.100058586,1
0.0264,787.128842971,-0.270661339041,-1.67373612095e-07,0.000107538655615,-0.000565616919398,0.00045807849108,-336.577787507,511.847705239,-175.269917732,1
0.02642,787.171673044,-0.269336924196,-1.71041532802e-07,0.000108972404861,-0.000564810336549,0.000455838125575,-336.891370705,510.324231062,-173.432860357,1
0.02644,787.214360587,-0.267999046166,-1.73535246725e-07,0.000110401714313,-0.000563981611958,0.000453579630537,-337.191663136,508.780621248,-171.588958112,1
0.02646,787.256906074,-0.266647914991,-1.75230033556e-07,0.000111826526544,-0.000563130773723,0.000451303092916,-337.478650133,507.21693332,-169.738283186,1
0.02648,787.29930998,-0.265283659735,-1.76381414547e-07,0.000113247405627,-0.00056225723122,0.000449009222074,-337.752318424,505.633226647,-167.880908224,1
0.0265,787.341572774,-0.263906577126,-1.77163319692e-07,0.000114663674362,-0.00056136163735,0.000446697486884,-338.012655856,504.029562117,-166.016906261,1
0.02652,787.383694927,-0.262516884647,-1.77694094761e-07,0.000116075276822,-0.000560444025623,0.000444367978192,-338.259651223,502.406001907,-164.146350685,1
0.02654,787.425676907,-0.261114715182,-1.78054246326e-07,0.000117482778285,-0.000559503809967,0.000442021408693,-338.493294126,500.76260933,-162.269315204,1
0.02656,787.467519179,-0.259700462995,-1.78298515556e-07,0.000118884881673,-0.000558542268122,0.00043965662932,-338.713574897,499.099448721,-160.385873824,1
0.02658,787.509222209,-0.258274177259,-1.78464109116e-07,0.000120282773682,-0.000557558195379,0.000437274975348,-338.920484531,497.416585364,-158.496100833,1
0.0266,787.55078646,-0.256836170464,-1.78576317077e-07,0.000121675778602,-0.000556552250686,0.000434875920184,-339.114014644,495.714085435,-156.600070791,1
0.02662,787.592212394,-0.255386670212,-1.78652312527e-07,0.000123063841822,-0.000555524473077,0.000432459558858,-339.29415745,493.992015967,-154.697858518,1
0.02664,787.633500472,-0.253925814024,-1.78703754055e-07,0.000124447529824,-0.000554474281641,0.000430026607999,-339.460905733,492.25044482,-152.789539088,1
0.02666,787.674651152,-0.252453923025,-1.78738556841e-07,0.000125826167536,-0.000553402338144,0.00042757654318,-339.61425284,490.489440662,-150.875187822,1
0.02668,787.715664891,-0.25097132417,-1.78762089183e-07,0.000127199080088,-0.000552309305249,0.000425108840661,-339.754192668,488.709072955,-148.954880286,1
0.0267,787.756542144,-0.249477970311,-1.78777991484e-07,0.000128568076339,-0.000551193362979,0.000422625460906,-339.880719659,486.909411943,-147.028692284,1
0.02672,787.797283368,-0.247974379694,-1.78788731122e-07,0.000129931240062,-0.000550056417526,0.000420124639763,-339.993828794,485.090528645,-145.096699851,1
0.02674,787.837889013,-0.246460599407,-1.78795976826e-07,0.000131289759638,-0.000548897271544,0.000417607718152,-340.093515591,483.252494848,-143.158979257,1
0.02676,787.878359531,-0.24493706201,-1.78800865364e-07,0.000132642340129,-0.000547717212079,0.000415073554123,-340.179776104,481.395383101,-141.215606997,1
0.02678,787.918695372,-0.243403813723,-1.78804160009e-07,0.000133990170324,-0.000546515043514,0.000412523489905,-340.252606919,479.51926671,-139.26665979,1
0.0268,787.958896984,-0.24186109425,-1.78806377611e-07,0.000135333197459,-0.000545290812853,0.000409957626614,-340.312005156,477.624219733,-137.312214577,1
0.02682,787.998964813,-0.240309346695,-1.78807871155e-07,0.000136670127213,-0.00054404580972,0.000407374824243,-340.357968466,475.710316981,-135.352348515,1
0.02684,788.038899305,-0.238748615757,-1.78808874311e-07,0.000138002149002,-0.000542778841063,0.000404776426951,-340.390495033,473.777634007,-133.387138974,1
0.02686,788.078700904,-0.237179248414,-1.78809549251e-07,0.00013932858981,-0.000541490577328,0.000402161916888,-340.409583569,471.826247108,-131.416663539,1
0.02688,788.118370051,-0.235601493041,-1.78809999838e-07,0.000140649397713,-0.000540181068928,0.000399531397713,-340.415233321,469.85623332,-129.441,1
0.0269,788.157907188,-0.234015599334,-1.78810304886e-07,0.000141964521008,-0.000538850367119,0.000396884973711,-340.407444063,467.867670415,-127.460226352,1
0.02692,788.197312754,-0.232421712442,-1.78810505819e-07,0.000143274529088,-0.000537497903122,0.000394223370672,-340.386216105,465.860636897,-125.474420792,1
0.02694,788.236587187,-0.230820295275,-1.78810641273e-07,0.000144578128921,-0.000536124971643,0.000391545452357,-340.351550282,463.835212,-123.483661718,1
0.02696,788.275730922,-0.229211388644,-1.78810732929e-07,0.000145876511226,-0.000534730384701,0.000388852566666,-340.303447963,461.791475684,-121.48802772,1
0.02698,788.314744396,-0.227595244264,-1.78810793391e-07,0.00014716962518,-0.000533314196916,0.000386144820346,-340.241911048,459.729508631,-119.487597583,1
0.027,788.353628041,-0.319381786343,-0.000851087740602,0.000381792445355,-0.000648545779168,0.000266753005322,-515.169112261,457.649392245,57.5197200164,1
0.02702,788.392382289,-0.319568376383,-0.000586489673283,0.000385766241826,-0.00064843410441,0.00026266831288,-517.100173118,455.551208645,61.5489644732,1
0.02704,788.431007572,-0.319698665325,-0.000404173700788,0.000389520546589,-0.000648195824188,0.000258674257138,-518.858185388,453.435040663,65.4231447251,1
0.02706,788.469504318,-0.319789630663,-0.00027856004153,0.000393119113035,-0.000647861035452,0.000254740908233,-520.490074244,451.300971843,69.1891024011,1
0.02708,788.507872955,-0.319853133698,-0.000192018848257,0.000396605166757,-0.000647451434605,0.00025084673826,-522.028300681,449.149086433,72.8792142483,1
0.0271,788.546113909,-0.319897460258,-0.000132400146666,0.000400007343709,-0.000646983286583,0.000246975652189,-523.495315146,446.979469386,76.5158457599,1
0.02712,788.584227606,-0.319928397773,-9.13310146391e-05,0.00040334752537,-0.000646465754496,0.000243118658214,-524.906639933,444.792206355,80.114433578,1
0.02714,788.622214468,-0.319949988111,-6.30417498914e-05,0.000406638716175,-0.000645907288919,0.000239267478459,-526.273002547,442.587383689,83.6856188577,1
0.02716,788.660074918,-0.319965053727,-4.35567385237e-05,0.000409891979259,-0.000645311645186,0.000235418531677,-527.601812223,440.365088432,87.236723791,1
0.02718,788.697809377,-0.319975565319,-3.01367460839e-05,0.000413114073729,-0.000644682289951,0.000231568526677,-528.89818184,438.125408314,90.772773526,1
0.0272,788.735418263,-0.319982898713,-2.08945279581e-05,0.000416308397703,-0.000644022872708,0.000227713990804,-530.165635206,435.868431756,94.2972034496,1
0.02722,788.772901995,-0.31998801432,-1.45299118053e-05,0.000419479366288,-0.000643333826841,0.000223854668876,-531.406596564,433.594247859,97.8123487057,1
0.02724,788.810260989,-0.319991582491,-1.01472294288e-05,0.000422627896263,-0.000642617562539,0.000219988330266,-532.622729401,431.302946402,101.319782998,1
0.02726,788.847495661,-0.319994071068,-7.12950716131e-06,0.000425757306665,-0.000641873035188,0.000216116200501,-533.815170927,428.994617845,104.820553082,1
0.02728,788.884606423,-0.319995806527,-5.05177418908e-06,0.000428866705483,-0.000641102683258,0.000212236023369,-534.98469437,426.669353314,108.315341057,1
0.0273,788.921593689,-0.319997016666,-3.62132943667e-06,0.000431957348237,-0.000640306294366,0.000208348194849,-536.131821302,424.327244608,111.804576694,1
0.02732,788.958457869,-0.31999786042,-2.63658614991e-06,0.000435030258116,-0.00063948354063,0.000204453227746,-537.256899373,421.968384188,115.288515185,1
0.02734,788.995199372,-0.319998448662,-1.95871798827e-06,0.000438085055954,-0.000638635256298,0.000200550474061,-538.360156126,419.59286518,118.767290947,1
0.02736,789.031818608,-0.319998858729,-1.49212588265e-06,0.00044112187253,-0.000637761599929,0.000196639962797,-539.44173623,417.200781363,122.240954867,1
0.02738,789.068315983,-0.319999144565,-1.17098237281e-06,0.000444140762058,-0.000636862692455,0.000192721761893,-540.501727257,414.792227174,125.709500083,1
0.0274,789.104691902,-0.319999343787,-9.49963082995e-07,0.000447141725975,-0.000635938629072,0.000188795966324,-541.540177524,412.367297698,129.172879826,1
0.02742,789.14094677,-0.319999482629,-7.97862758882e-07,0.000450125350287,-0.000634988866586,0.000184863310749,-542.557108437,409.926088668,132.631019769,1
0.02744,789.17708099,-0.319999579382,-6.93198436665e-07,0.000453090954321,-0.000634014091755,0.000180923301159,-543.552523038,407.468696457,136.083826581,1
0.02746,789.213094962,-0.3199996468,-6.21181378742e-07,0.000456038461263,-0.000633014362581,0.000176976073578,-544.526411922,404.99521808,139.531193843,1
0.02748,789.248989088,-0.319999693773,-5.71631802132e-07,0.000458967782736,-0.000631989731924,0.000173021770445,-545.47875733,402.505751185,142.973006146,1
0.0275,789.284763766,-0.319999726499,-5.37542981166e-07,0.00046187882258,-0.000630940249388,0.000169060538716,-546.409535984,400.000394052,146.409141932,1
0.02752,789.320419393,-0.319999749296,-5.14092543086e-07,0.000464772100355,-0.00062986534174,0.000165093149437,-547.318721048,397.479245588,149.839475459,1
0.02754,789.355956366,-0.319999765176,-4.97961714786e-07,0.000467646890511,-0.000628765676464,0.000161119134186,-548.206283487,394.942405325,153.263878162,1
0.02756,789.391375079,-0.319999776236,-4.86866678125e-07,0.000470503086285,-0.000627641299736,0.000157138647087,-549.072193011,392.389973411,156.682219599,1
0.02758,789.426675927,-0.319999783939,-4.79235943161e-07,0.000473340579695,-0.000626492257741,0.000153151843486,-549.916418718,389.822050614,160.094368104,1
0.0276,789.461859301,-0.319999789304,-4.73988236956e-07,0.000476159262143,-0.000625318596968,0.00014915887965,-550.738929556,387.238738309,163.500191247,1
0.02762,789.496925592,-0.31999979304,-4.70379646689e-07,0.000478959645714,-0.000624119743537,0.000145160533427,-551.539694625,384.640138482,166.899556143,1
0.02764,789.53187519,-0.319999795641,-4.67898400264e-07,0.000481740379945,-0.000622896986863,0.000141155720579,-552.318683404,382.026353721,170.292329683,1
0.02766,789.566708483,-0.319999797452,-4.66192446768e-07,0.000484502598195,-0.000621649133588,0.000137145840839,-553.075865892,379.397487213,173.678378678,1
0.02768,789.601425858,-0.319999798712,-4.65019640642e-07,0.000487245571622,-0.000620376853815,0.000133130431671,-553.811212719,376.753642743,177.057569976,1
0.0277,789.636027701,-0.31999979959,-4.64213425105e-07,0.000489969813685,-0.000619079576746,0.000129110272621,-554.524695215,374.094924684,180.429770532,1
0.02772,789.670514397,-0.319999800201,-4.63659264606e-07,0.000492673975806,-0.000617758595123,0.000125084280871,-555.216285464,371.421437997,183.794847467,1
0.02774,789.704886328,-0.319999800626,-4.63278389604e-07,0.000495359193597,-0.000616412719077,0.00012105385738,-555.885956337,368.733288228,187.152668108,1
0.02776,789.739143877,-0.319999800922,-4.6301663638e-07,0.000498024119836,-0.000615043243192,0.000117017919809,-556.533681514,366.030581501,190.503100013,1
0.02778,789.773287424,-0.319999801128,-4.62836764087e-07,0.000500669891551,-0.000613648979465,0.00011297786956,-557.159435508,363.313424512,193.846010996,1
0.0278,789.807317349,-0.319999801272,-4.62713171605e-07,0.000503296404748,-0.000612229982599,0.000108933866466,-557.763193673,360.581924532,197.181269141,1
0.02782,789.841234029,-0.319999801371,-4.62628255804e-07,0.000505902314423,-0.000610787550003,0.000104884828788,-558.344932213,357.836189395,200.508742818,1
0.02784,789.875037842,-0.319999801441,-4.62569920923e-07,0.000508488759868,-0.000609320496511,0.000100832158485,-558.904628189,355.076327498,203.828300691,1
0.02786,789.908729163,-0.319999801489,-4.62529848836e-07,0.000511054397622,-0.000607830121428,9.67747741627e-05,-559.442259525,352.302447795,207.139811729,1
0.02788,789.942308366,-0.319999801523,-4.62502326427e-07,0.000513600368535,-0.000606315241482,9.2714078109e-05,-559.957805009,349.514659796,210.443145213,1
0.0279,789.975775825,-0.319999801546,-4.62483423548e-07,0.000516125951603,-0.000604776536989,8.8649610121e-05,-560.451244296,346.713073555,213.738170741,1
0.02792,790.009131911,-0.319999801562,-4.62470442629e-07,0.00051863166838,-0.000603213447449,8.45821519037e-05,-560.922557914,343.897799676,217.024758238,1
0.02794,790.042376995,-0.319999801574,-4.62461527942e-07,0.000521116178574,-0.000601627275947,8.05106226558e-05,-561.371727261,341.068949301,220.302777959,1
0.02796,790.075511447,-0.319999801581,-4.62455409829e-07,0.000523580626228,-0.000600016842983,7.64364252337e-05,-561.798734606,338.226634108,223.572100497,1
0.02798,790.108535635,-0.319999801587,-4.62451208844e-07,0.000526023672666,-0.000598383453521,7.23584790923e-05,-562.203563094,335.370966307,226.832596787,1
0.028,790.141449925,-0.319999801591,-4.62448325716e-07,0.000528446463553,-0.000596725929936,6.82781873312e-05,-562.586196744,332.502058634,230.084138111,0
0.02802,790.172894028,264.841930392,-1109.36459799,-1.7577604363,-0.442759196728,2.20051963387,-789.866311122,2.11321638359,787.753094738,0
0.02804,790.19982832,713.803736783,-2398.18187249,-4.01160436452,-0.729398540554,4.74100290567,-789.883409391,2.12735199659,787.756057394,0
0.02806,790.231766682,1358.51437704,-1494.60710977,-4.01677056585,1.21463142176,2.80213914347,-787.805601782,789.93969632,-2.13409453788,0
0.02808,790.259845779,1994.22783951,-521.286443191,-3.95240532539,3.2149909453,0.737414380377,-787.824000908,789.947449996,-2.12344908791,0
0.0281,790.285815842,2212.57338428,267.737612276,-3.42405192455,4.29950362203,-0.875451697776,792.124425707,-792.111682706,-0.01274300107,0
0.02812,790.313205393,2103.70171728,-764.388699516,-4.43137032569,3.16181183147,1.26955849562,-787.875231591,-0.00946126663189,787.884692858,0
0.02814,790.334395769,2581.5903488,-1987.15793261,-6.62391318637,2.89433612768,3.72957705905,-787.886796632,0.004176204636,787.882620427,0
0.02816,790.358104758,3172.42699159,-1345.9498362,-6.91462063848,4.52308153075,2.39153910721,-787.900908356,790.047439144,-2.146530788,0
0.02818,790.379124396,3773.58057438,-298.487237188,-6.79506337298,6.55669230452,0.238371068146,-787.912357726,790.047524888,-2.13516716153,0
0.0282,790.39934213,3962.22895856,549.983943102,-6.21353020133,7.67319894121,-1.45966873877,792.268767862,-792.244998555,-0.023769307194,0
0.02822,790.42259052,3879.79155655,-432.47196399,-7.16845342019,6.56759690012,0.600856520288,-787.953902376,-0.02983370175,787.983736078,0
0.02824,790.438005063,4390.4843076,-1585.80515267,-9.30779763593,6.33427169575,2.97352594127,-787.959786825,-0.0168037286884,787.976590553,0
0.02826,790.453950181,4945.95948197,-1320.38485737,-10.0029852671,7.54043529556,2.46254997069,-787.966225186,790.128552851,-2.16232766538,0
0.02828,790.468590144,5511.09891239,-199.837873917,-9.83010951021,9.61021030487,0.219899205011,-787.971380653,790.121630686,-2.15025003282,0
0.0283,790.483611853,5669.19857717,708.406536663,-9.1960790611,10.7628632742,-1.56678421303,792.38339865,-792.345252176,-0.0381464740495,0
0.02832,790.502474279,5613.05948473,-222.482470684,-10.0995440018,9.6932667734,0.40627722929,-788.003502332,-0.0464349474883,788.04993728,0
0.02834,790.511821987,6155.74050945,-1305.19889698,-12.1874998739,9.49704695579,2.69045291871,-788.00339136,-0.0340329700152,788.03742433,0
0.02836,790.520659149,6701.64220612,-1304.67062638,-13.1749079987,10.3976484081,2.77725959001,-788.002788474,790.182549301,-2.17976082704,0
0.02838,790.529333535,7228.7084081,-112.254231176,-12.9508558283,12.5061991505,0.444656677318,-788.002040367,790.169017919,-2.16697755169,0
0.0284,790.539503459,7354.66274636,855.647178822,-12.265581081,13.6985427214,-1.43296163913,792.469316163,-792.415153067,-0.0541630969385,0
0.02842,790.553915108,7323.68996974,-21.9204286263,-13.118790638,12.6685622318,0.450228405864,-788.02497045,-0.0610916688245,788.086062119,0
0.02844,790.557112538,7896.61590586,-1033.01117202,-15.1574365301,12.5120985078,2.64533802203,-788.01875697,-0.0493338021822,788.068090772,0
0.02846,790.558901169,8452.23295635,-1297.4572153,-16.4393419805,13.109581293,3.32976068737,-788.01114866,790.209994162,-2.19884550235,0
0.02848,790.561992247,8939.16998242,-34.3751777657,-16.1662833867,15.2594490566,0.906834330069,-788.004855692,790.190221269,-2.18536557766,0
0.0285,790.567629722,9031.30525987,992.792632405,-15.4313476717,16.4946526469,-1.06330497538,792.527251808,-792.455411595,-0.0718402131226,0
0.02852,790.577511273,9024.24206173,169.733794922,-16.2361401648,15.5072171861,0.728922980112,-788.018786593,-0.0738914706606,788.092678064,0
0.02854,790.574453107,9625.59746498,-768.712368588,-18.227580394,15.3930888357,2.83449155925,-788.006341868,-0.0627929860684,788.069134854,0
0.02856,790.568601777,10218.4983748,-1409.07061522,-19.9207428643,15.5753660452,4.3453768175,-787.99111334,790.212443927,-2.2213305873,0
0.02858,790.566693303,10663.7988848,-76.2365640731,-19.6006357389,17.769252146,1.83138359175,-787.979835971,790.186996056,-2.20716008562,0
0.0286,790.568278616,10720.9197122,1010.40669109,-18.8171057301,19.050950123,-0.233844392106,792.55761098,-792.464694673,-0.0929163062253,0
0.02862,790.573345482,10737.0392067,244.837878809,-19.5735888674,18.1106663305,1.46292253796,-787.984916313,-0.0832387185465,788.068155031,0
0.02864,790.563682747,11365.7037937,-619.651991803,-21.519718904,18.0416062905,3.47811261336,-787.965868228,-0.072817468022,788.038685696,0
0.02866,790.550177818,12005.4839095,-1465.64350145,-23.4544224235,17.9830103069,5.47141211763,-787.942982762,-0.0625579906335,788.005540752,0
0.02868,790.543315893,12412.9492116,-120.025297085,-23.1467508636,20.1660334662,2.98071739789,-787.926744079,790.157381409,-2.23063733015,0
0.0287,790.541160739,12426.8335803,1080.46113,-22.2600574165,21.5534370714,0.706620344001,792.560220296,-0.104234083116,-792.455986213,0
0.02872,790.544238841,12339.3974772,583.048842836,-22.5711413154,20.7190049687,1.85213634745,-787.927780217,-0.0943343426345,788.022114559,0
0.02874,790.528730103,12991.6594848,-207.78958627,-24.4750572971,20.6972160789,3.77784121838,-787.902860844,-0.0845968738794,787.987457718,0
0.02876,790.509482349,13654.0267145,-979.959496223,-26.3681126178,20.6862285874,5.68188403107,-787.874202751,-0.0750217224065,787.949224473,0
0.02878,790.496161086,14062.3782191,98.2788957366,-26.3624164845,22.5741283181,3.78828816621,-787.851470471,790.102223983,-2.250753512,0
0.0288,790.492756491,13945.9111589,1283.0719197,-25.3202103169,23.7814739739,1.53873634176,792.538256998,-0.111213687604,-792.42704331,0
0.02882,790.49478939,13765.3750358,877.516157622,-25.3623025009,22.8825236277,2.47977887411,-787.853557367,-0.102013723258,787.955571091,0
0.02884,790.473911561,14439.8013017,160.178311974,-27.2268892796,22.911087669,4.31580161142,-787.823213785,-0.0929764298229,787.916190214,0
0.02886,790.449390541,15123.3269596,-538.344261544,-29.081184888,22.9507748645,6.13041002444,-787.789222851,-0.08410182378,787.873324675,0
0.02888,790.430088088,15552.2993521,273.361287302,-29.3804613656,24.5464975818,4.83396378398,-787.760445403,790.031517517,-2.27107211439,0
0.0289,790.426593109,15308.7916666,1434.92532427,-28.1857357583,25.5768503281,2.60888542944,792.495398125,-0.114839823919,-792.380558301,0
0.02892,790.431367001,14924.5714937,1151.56857896,-27.7330526265,24.5020600323,3.23099259556,-787.770183546,-0.106355336652,787.876538883,0
0.02894,790.406002614,15619.6522056,506.902896473,-29.5617029102,24.5842260468,4.97747686329,-787.735265078,-0.0980337454275,787.833298824,0
0.02896,790.377081146,16322.8377906,-118.822930525,-31.3806359403,24.6778217816,6.70281415927,-787.696780967,-0.0898750376624,787.786656005,0
0.02898,790.352355143,16792.1847819,427.550438538,-31.9883538672,25.9845189785,6.0038348885,-787.662482888,789.952443821,-2.28996093233,0
0.029,790.352641593,16340.6552243,1482.92319088,-30.5301715258,26.6123002857,3.91787123901,792.438346038,-0.113472144666,-792.324873893,0
0.02902,790.358485992,15856.4369926,1273.05471753,-29.8151417079,25.4797179692,4.33542373944,-787.682003804,-0.10572147062,787.787725274,0
0.02904,790.329239709,16571.4863129,700.683076387,-31.6110349007,25.6188911652,5.99214373686,-787.643082188,-0.0981337366509,787.741215925,0
0.02906,790.296514092,17293.6511723,147.35773946,-33.3977874959,25.7697839102,7.62800358643,-787.600668345,-0.090708901165,787.691377246,0
0.02908,790.266718769,17823.762488,431.064562261,-34.3171788813,26.7907810547,7.52639782591,-787.56117108,789.870388952,-2.30921787199,0
0.0291,790.269193988,17256.14273,1445.46854679,-32.713232461,27.2482908525,5.46494160794,792.368993691,-0.108916745678,-792.260076945,0
0.02912,790.279979938,16559.9211232,1332.71690025,-31.5100839185,25.9464232717,5.56366064669,-787.592689513,-0.101913812615,787.694603325,0
0.02914,790.247640055,17293.5701453,831.999771221,-33.2766509129,26.1456945086,7.13095640463,-787.550520439,-0.0950736900445,787.645594129,0
0.02916,790.21188911,18033.355954,350.414110315,-35.0346567241,26.3569591489,8.67769757482,-787.504923142,-0.0883963074284,787.593319449,0
0.02918,790.178076758,18614.0292051,483.008925724,-36.1547745563,27.2097015565,8.94507299937,-787.461246489,789.786745715,-2.32549922615,0
0.0292,790.186122756,17854.7070381,1368.83559613,-34.2944287816,27.2711089694,7.02331981197,792.293942532,-0.101238945281,-792.192703587,0
0.02922,790.199500053,17053.1851808,1310.79098708,-32.8358707408,25.917617305,6.91825343573,-787.505724725,-0.0949968188716,787.600721544,0
0.02924,790.164806785,17804.1369983,881.174223965,-34.5765517758,26.1799959452,8.39655583031,-787.461016158,-0.08891720013,787.549933358,0
0.02926,790.126761391,18560.2570695,470.75328496,-36.3092529732,26.4546254957,9.85462747836,-787.412934111,-0.0829999896719,787.4959341,0
0.02928,790.089227694,19204.2051917,454.761209872,-37.6335366423,27.1420949181,10.4914417228,-787.365341649,789.705966529,-2.34062488012,0
0.0293,790.100511337,18340.8827356,1282.84087715,-35.6346522588,27.0391948776,8.59545738094,792.213872661,-0.0922186870223,-792.121653974,0
0.02932,790.116883265,17431.946859,1272.1507998,-33.923910831,25.6365618605,8.28734897044,-787.419073014,-0.0867460640166,787.505819078,0
0.02934,790.080315235,18198.2931292,913.47040797,-35.6418985941,25.9644973685,9.67740122665,-787.372275368,-0.0814354803019,787.453710848,0
0.02936,790.040446048,18968.8484797,574.024930456,-37.3524882586,26.3049249435,11.0475633163,-787.322151095,-0.0762868077543,787.398437903,0
0.02938,789.999139775,19688.0526714,412.99436051,-38.8841267497,26.829543547,12.0545832026,-787.270563537,789.625257075,-2.35469353799,0
0.0294,790.013815383,18725.7356988,1177.25267691,-36.7499361423,26.5648096608,10.1851264808,792.130381202,-0.0818984154907,-792.048482786,0
0.02942,790.033502101,17707.6616296,1206.56153815,-34.7902286307,25.1154308303,9.67479780129,-787.333965917,-0.0772031647591,787.411169082,0
0.02944,789.995501376,18487.525298,918.677156769,-36.4887106674,25.5112873694,10.9774232987,-787.285493499,-0.0726693199898,787.358162819,0
0.02946,789.954242626,19270.6483477,650.041725434,-38.1803759951,25.9198604777,12.2605155181,-787.233733558,-0.0682967244568,787.302030283,0
0.02948,789.909750201,20056.7945048,400.646422862,-39.865330068,26.3411866414,13.5241434266,-787.178709732,-0.0640852157533,787.242794948,0
0.0295,789.927207841,19020.9289596,1042.86783582,-37.6562735988,25.8597849876,11.7964886101,792.044780225,-0.0703164815361,-791.974463743,0
0.02952,789.950453816,17892.3725734,1104.8320184,-35.4508040039,24.3659667628,11.0848372407,-787.251362077,-0.0664056472784,787.317767724,0
0.02954,789.911426913,18683.9006786,887.628237645,-37.1329585118,24.8320214325,12.3009370808,-787.201594127,-0.0626554214454,787.264249549,0
0.02956,789.869177421,19477.7480569,689.662556384,-38.8088766247,25.3110002294,13.4978763957,-787.148570152,-0.0590656188731,787.207635771,0
0.02958,789.823728413,20273.6820762,510.917416431,-40.4786633626,25.8029365835,14.675726779,-787.092312529,-0.0556360487446,787.147948577,0
0.0296,789.841591814,19238.6454659,871.530294361,-38.3695986062,24.935511766,13.4340868403,791.958109456,-0.0575071243412,-791.900602332,0
0.02962,789.86491393,18111.8850007,945.485347413,-36.1503179804,23.5138520246,12.6364659562,-787.166585195,-0.0543869300702,787.220972125,0
0.02964,789.824788719,18913.1722043,799.598983886,-37.8188202295,24.052048477,13.7667717537,-787.115426491,-0.0514263833595,787.166852874,0
0.02966,789.781471258,19715.8420826,672.912695035,-39.4816630355,24.6033586225,14.878304414,-787.061038266,-0.0486252707994,787.109663536,0
0.02968,789.734983366,20519.665879,565.400222289,-41.1389508549,25.1678127867,15.9711380684,-787.003441664,-0.0459833733614,787.049425037,0
0.0297,789.751621294,19523.0069876,838.680216355,-39.1326008229,24.2590324973,14.8735683261,791.868571553,-0.0469273206211,-791.821644232,0
0.02972,789.778752686,18282.9815849,934.630780564,-36.6734444796,22.7963400968,13.8771043831,-787.081395879,-0.0445961783455,787.125992058,0
0.02974,789.737880288,19090.8813839,859.690051111,-38.3314329332,23.4080739624,14.923358972,-787.02917487,-0.04242357474,787.071598445,0
0.02976,789.693838545,19899.2436269,803.879095587,-39.9843364872,24.033095098,15.9512413892,-786.973743504,-0.0404092683419,787.014152772,0
0.02978,789.646648053,20707.8436505,767.163083821,-41.6322588839,24.6714306724,16.9608282124,-786.915121722,-0.0385530121069,786.953674735,0
0.0298,789.666778519,19628.4589532,768.816267833,-39.5033058693,23.2657933547,16.2375125139,791.780616108,-0.0351414040281,-791.745474704,0
0.02982,789.690349277,18502.9231378,866.075196905,-37.2653441141,21.9930702655,15.2722738493,-786.994049322,-0.0336039819128,787.027653304,0
0.02984,789.648597203,19315.5010799,862.664761302,-38.9154548064,22.6801102482,16.2353445588,-786.940611494,-0.0322238282859,786.972835323,0
0.02986,789.60369387,20127.6258356,878.286436455,-40.5610504141,23.380592611,17.1804578042,-786.883977772,-0.031000673879,786.914978446,0
0.02988,789.555658679,20939.0770641,912.896865638,-42.2022338404,24.0945413242,18.107692517,-786.824166921,-0.0299342438861,786.854101165,0
0.0299,789.578711221,19795.1669321,638.856265593,-39.953397901,22.1939749539,17.7594229457,791.689440179,-0.0221727599301,-791.667267419,0
0.02992,789.602441815,18670.3266345,747.784976124,-37.7105223757,20.9985530826,16.7119692934,-786.908888556,-0.021432918839,786.930321474,0
0.02994,789.560098271,19485.7184163,815.77872534,-39.3558543993,21.7628188173,17.5930355833,-786.854497023,-0.0208489160656,786.875345939,0
0.02996,789.514614413,20299.7524319,902.682008749,-40.997237361,22.5406641718,18.4565731892,-786.796917024,-0.0204204548108,786.817337479,0
0.02998,789.467172125,21083.2558881,960.098534905,-42.577590241,23.2177437516,19.3598464889,2.42897665782,-789.186453718,786.75747706,0
0.03,789.493375,19865.5007803,551.761246167,-40.1550111162,21.0528908545,19.1021202607,791.599406605,-0.00975385292026,-791.589652752,0
0.03002,789.513457148,18855.1501715,672.387998129,-38.1391688673,20.0507000477,18.0884688201,-786.822499922,-0.00981115608897,786.832311078,0
0.03004,789.470555903,19670.8046501,811.830114179,-39.782549015,20.8935461123,18.8890029037,-786.767167547,-0.0100227159933,786.777190263,0
0.03006,789.424519538,20484.2085055,970.029381029,-41.4225408617,21.7500912957,19.672449567,-786.708648497,-0.0103882085916,786.719036705,0
0.03008,789.38096871,21158.1841711,900.921865288,-42.7733862672,22.0486319991,20.7247542678,2.42411007921,-789.087580206,786.663470127,0
0.0301,789.404572754,20017.5915838,406.109965939,-40.4656673056,19.8497844833,20.6158828216,791.506142108,0.00383049167232,-791.5099726,0
0.03012,789.42482563,19007.3380809,541.867490658,-38.4507682013,18.9280099665,19.5227582356,-786.737923858,0.00297374133038,786.734950117,0
0.03014,789.381596175,19821.3867296,752.627150763,-40.0952378598,19.8511716411,20.2440662201,-786.681856247,0.00196447288465,786.679891774,0
0.03016,789.335229961,20632.3036346,981.966722451,-41.7368748585,20.7881337004,20.9487411591,-786.622597038,0.000803037289188,786.621794001,0
0.03018,789.295356813,21207.6944619,779.752312375,-42.8613420588,20.7100273785,22.1513146788,2.4178568351,-788.988142485,786.57028565,0
0.0302,789.3183339,20087.4413408,295.955797547,-40.5572939386,18.5930697121,21.9642242268,791.414077815,0.016855772489,-791.430933587,0
0.03022,789.338835109,19076.8656068,446.245491562,-38.5465863031,17.7531377406,20.7934485627,-786.657328609,0.0152015540344,786.642127055,0
0.03024,789.295696248,19886.9507212,727.629673841,-40.1954000024,18.7580295635,21.4373704391,-786.60092122,0.0133967043107,786.587524516,0
0.03026,789.249411102,20693.0411585,1027.39015503,-41.8419316674,19.7768057443,22.0651259243,-786.541309536,0.0114416008427,786.529867935,0
0.03028,789.213161648,21180.6136154,685.514891833,-42.7433595242,19.3236184637,23.4197410596,2.41033487789,-788.892673145,786.482338267,0
0.0303,789.235592578,20080.4081424,212.804088676,-40.4462002725,17.2898975058,23.1563027664,791.324265164,0.0293320261566,-791.35359719,0
0.03032,789.252470815,19182.6408797,388.301069699,-38.6714349011,16.647411545,22.0240233569,-786.575868704,0.0268830589249,786.548985645,0
0.03034,789.209363098,19986.238649,740.273636108,-40.327323597,17.7351124173,22.5922111806,-786.519043039,0.0242854936953,786.494757545,0
0.03036,789.163094323,20784.9918502,1110.38945191,-41.9814736258,18.8367633828,23.1447102433,-786.45899526,0.0215397341946,786.437455526,0
0.03038,789.130010224,21195.5604499,623.560585418,-42.6626748694,18.0097279849,24.6529468837,2.40336200225,-788.79678624,786.393424237,0
0.0304,789.149370439,20183.6543592,73.612699221,-40.4892869363,15.9460996275,24.5431873087,791.23153947,0.0429854381907,-791.274524908,0
0.03042,789.166508728,19284.3352672,267.3187247,-38.7243675849,15.3880160847,23.3363515011,-786.495938931,0.0397416768832,786.456197254,0
0.03044,789.123571476,20079.5918723,689.734538399,-40.3902656478,16.5599825536,23.8302830945,-786.438812357,0.0363515025225,786.402460854,0
0.03046,789.077452078,20869.1666953,1130.03599951,-42.0549613329,17.7459461868,24.3090151458,-786.378439663,0.032815344631,786.345624318,0
0.03048,789.047077362,21214.5563912,493.479528081,-42.5189506009,16.546669521,25.9722810792,2.39532808863,-788.699941416,786.304613327,0
0.0305,789.065730461,20224.8729744,-41.683022283,-40.3580585015,14.5687138457,25.7893446544,791.140356421,0.0561031537628,-791.196459575,0
0.03052,789.083205694,19323.4806463,169.72587823,-38.6061214714,14.0961800548,24.5099414164,-786.419686309,0.0520688065474,786.367617503,0
0.03054,789.040768709,20108.1105678,661.834404354,-40.2851690519,15.3535471361,24.9316219162,-786.362567251,0.0478903736611,786.314676878,0
0.03056,788.995121129,20886.2406599,1171.54534801,-41.9635435987,16.6249407775,25.3386028211,-786.30217083,0.0435683100002,786.25860252,0
0.03058,788.96724388,21178.0344233,380.503328481,-42.213535707,15.0546990291,27.1588366771,2.38634116175,-788.606715304,786.220374143,0
0.0306,788.985270649,20210.1468074,-139.603215073,-40.0682392186,13.1634829961,26.9047562222,791.05142136,0.0687063657867,-791.120127725,0
0.03062,789.003149892,19306.1870171,89.036599015,-38.3323769033,12.7775532841,25.554823619,-786.347592364,0.063886351355,786.283706013,0
0.03064,788.96150975,20077.9541992,650.071152253,-40.0276722397,14.1213641992,25.9063080413,-786.290756692,0.0589247189157,786.231831973,0
0.03066,788.916623399,20842.4228584,1228.39970743,-41.7228162879,15.4792132882,26.2436030009,-786.230605375,0.0538219482947,786.176783427,0
0.03068,788.89098408,21092.4435477,278.732340527,-41.7619785705,13.5391828412,28.2227957286,2.37650579518,-788.517558129,786.141052334,0
0.0307,788.908456879,20145.9236876,-226.010919731,-39.6353313241,11.7356794059,27.8996519167,790.965304033,0.08081986215,-791.046123896,0
0.03072,788.922899138,19350.061151,44.5194052084,-38.1470093833,11.5515247981,26.5954845852,-786.274398592,0.0752197985591,786.199178793,0
0.03074,788.881877467,20106.4708452,674.327801036,-39.8611156188,12.9824855123,26.878630107,-786.217651586,0.0694807226259,786.148170864,0
0.03076,788.837569458,20854.7981297,1321.09288362,-41.5755825195,14.4274773651,27.1481051559,-786.157546283,0.0636031386363,786.093943145,0
0.03078,788.813614691,21074.6634826,209.919142073,-41.4065506094,12.1185112336,29.2880393752,2.36762529738,-788.427759164,786.060133867,0
0.0308,788.827522788,20228.396346,-358.391662927,-39.41522611,10.2892379271,29.1259881828,790.87603721,0.0941837508076,-790.970220961,0
0.03082,788.842353494,19427.933794,-66.7874255727,-37.9482915978,10.1935008273,27.7547907718,-786.201636657,0.0878064492836,786.113830208,0
0.03084,788.801975181,20167.1349509,631.620181752,-39.6839609035,11.7126920304,27.9712688745,-786.144984041,0.0812928838141,786.063691157,0
0.03086,788.758264831,20897.4837902,1346.62300564,-41.4204932857,13.245888342,28.1746049436,-786.084925048,0.0746435826351,786.010281466,0
0.03088,788.735280708,21099.7804465,71.6998548898,-41.0460911316,10.5692131134,30.4768780175,2.35807650943,-788.335734498,785.977657988,0
0.0309,788.748436636,20276.2711104,-476.763828772,-39.078664881,8.82934235328,30.2493225272,790.787968774,0.107099900334,-790.895068675,0
0.03092,788.76371773,19470.5706611,-164.498465591,-37.6360684864,8.82279631668,28.8132721709,-786.131415531,0.0999523787711,786.031463152,0
0.03094,788.724200104,20190.3628651,601.677001527,-39.396249477,10.4309772271,28.9652722512,-786.075056096,0.0926714746571,785.982384621,0
0.03096,788.681897892,20887.900113,1329.46327417,-41.1006604691,11.9388669194,29.1617935489,2.36519762512,-788.295775374,785.930577749,0
0.03098,788.658921111,21097.5438735,-56.8625488842,-40.5810271354,9.00962686381,31.5714002704,2.34795325826,-788.246104359,785.898151101,0
0.031,788.671392776,20296.1660179,-585.006739868,-38.6404059787,7.35985342466,31.280552553,790.701386176,0.119603495044,-790.820989671,0
0.03102,788.687176729,19484.6018848,-252.463943532,-37.225045117,7.44317914218,29.7818659748,-786.063827734,0.111693433605,785.952134301,0
0.03104,788.648707197,20182.8219906,580.631171795,-39.0126333642,9.14101649434,29.8716168705,-786.007931075,0.103653001362,785.904278074,0
0.03106,788.609444351,20816.2564161,1154.77993732,-40.5164798949,10.2815897439,30.2348901506,2.35399033642,-788.209669965,785.855679628,0
0.03108,788.584627915,21074.7728593,-179.009308439,-40.0259001732,7.44323838998,32.5826617828,2.33734568113,-788.158922914,785.821577233,0
0.0311,788.596474262,20294.8814197,-686.332900127,-38.1149357678,5.88416414199,32.2307716242,790.616461865,0.131733036753,-790.748194902,0
0.03112,788.612804612,19476.8355208,-333.86737594,-36.7296522906,6.05794964909,30.6717026417,-785.998858729,0.123068764348,785.875789965,0
0.03114,788.575541576,20151.3542662,565.282603792,-38.5474875989,7.84601769421,30.7014699047,-785.943566177,0.114277260481,785.829288917,0
0.03116,788.538903151,20732.7658274,982.596488519,-39.8536864122,8.62000451112,31.2336818994,2.3423684429,-788.125826881,785.783458438,0
0.03118,788.512386778,21038.4260759,-297.310686074,-39.3949696769,5.87306667065,33.5219030056,2.32634017011,-788.074134713,785.747794543,0
0.0312,788.523657974,20279.3531864,-783.284905671,-37.5164563203,4.40520109014,33.1112552302,790.533258366,0.143530269983,-790.676788636,0
0.03122,788.540569848,19454.2108956,-411.2227523,-36.1640342887,4.66994205957,31.4940922306,-785.936392094,0.134120750184,785.802271344,0
0.03124,788.504643632,20102.9296521,553.100765264,-38.0148980504,6.54872266463,31.4661753861,-785.881817657,0.124587262985,785.757230394,0
0.03126,788.470180732,20644.5244429,811.020249143,-39.1263046961,6.95675699497,32.1695476999,2.3304152968,-788.044108895,785.713693599,0
0.03128,788.442081698,20995.5556534,-413.66485415,-38.7022010759,4.3016657183,34.400535356,2.3150193224,-787.991579467,785.676560145,0
0.0313,788.45281931,20256.6067482,-877.734604744,-36.858873596,2.92542646829,33.9334471266,790.451732916,0.155040102516,-790.606773018,0
0.03132,788.470339943,19423.7527986,-486.37396201,-35.5420371107,3.28152659091,32.2605105207,-785.876214253,0.144894918924,785.731319334,0
0.03134,788.435853726,20044.6004734,542.22500445,-37.4286497418,5.2514094315,32.1772403111,-785.822445559,0.134629153725,785.687816406,0
0.03136,788.403086123,20558.6793889,638.831785688,-38.3480562657,5.29402984988,33.0540264142,2.31821041899,-787.964278258,785.646067839,0
0.03138,788.373499272,20953.2619543,-529.299007473,-37.9612543987,2.73112722694,35.230127171,2.30346189661,-787.91099639,785.607534494,0
0.0314,788.383736446,20233.7120371,-970.884475917,-36.155786097,1.44684081807,34.7089452786,790.371741687,0.166310521471,-790.538052209,0
0.03142,788.401885689,19392.5265893,-560.496432077,-34.8771971939,1.89461226411,32.9825849294,-785.81801877,0.155439862549,785.662578908,0
0.03144,788.36891645,19983.4566871,531.462672851,-36.8022156504,3.95589510803,32.8463205431,-785.765118025,0.144452126453,785.620665899,0
0.03146,788.337334779,20482.3843689,465.481856747,-37.5323484915,3.63354586404,33.8988026261,2.30582946025,-787.886000614,785.580171153,0
0.03148,788.306332543,20918.6493063,-644.772669513,-37.1854733526,1.16308388763,36.022389465,2.29174277474,-787.832028134,785.540285359,0
0.0315,788.316094923,20218.4930415,-1048.88891321,-35.4351730067,0.000384403054266,35.434788603,587.436746512,203.033690324,-790.470436837,0
0.03152,788.334801855,19373.1803644,-513.762492529,-34.305680958,0.756551193013,33.5491297661,-785.759482824,0.163962892045,785.595519932,0
0.03154,788.303156358,19931.5284024,640.410022183,-36.2714441483,2.9089376992,33.3625064495,-785.707246579,0.15226784299,785.554978736,0
0.03156,788.27228623,20426.8977976,410.993664399,-36.8147103352,2.22146935788,34.5932409759,2.29518088699,-787.810419492,785.515238605,0
0.03158,788.240163843,20902.0362393,-639.850323127,-36.5105272338,-0.155975692668,36.6665029247,0.181772756797,-785.656043581,785.474270824,0
0.0316,788.249637639,20219.4055801,-972.979987634,-34.8514664338,-1.12988734053,35.9813537751,0.168607894623,790.235185952,-790.403793847,0
0.03162,788.269002335,19361.0851511,-352.154727359,-33.8337617138,-0.144877869857,33.9786395848,-787.800550036,2.27061757592,785.52993246,0
0.03164,788.238474284,19884.2824038,863.453347255,-35.8430113924,2.09916409099,33.7438473015,-785.648755537,0.158223415262,785.490532122,0
0.03166,788.207955448,20387.6887144,470.338158561,-36.2017631642,1.04636103153,35.155402132,2.28624060955,-787.737402362,785.451161753,0
0.03168,788.174973588,20898.8706781,-517.848669901,-35.9448079462,-1.23390634317,37.1787142891,0.173554507147,-785.582902616,785.409348109,0
0.0317,788.184261784,20229.691403,-827.137709604,-34.3307412278,-2.11641904552,36.4471602735,0.161071610106,790.177071788,-790.338143398,0
0.03172,788.204276103,19354.2226396,-188.505103597,-33.358373857,-1.04035466828,34.3987285252,-787.742678127,2.27719540458,785.465482722,0
0.03174,788.174864081,19840.2657991,1089.11081381,-35.4152355762,1.2987090403,34.1165265358,-785.591286489,0.164089086657,785.427197402,0
0.03176,788.144300847,20364.0027094,533.303026416,-35.5924459846,-0.118355668905,35.710801653,0.177370450692,-785.565147191,785.387776741,0
0.03178,788.110471079,20909.0563268,-390.909270456,-35.3852858517,-2.30117278302,37.6864586333,0.165420564516,-785.510525054,785.345104489,0
0.0318,788.119574632,20252.4857052,-675.860366069,-33.8186157809,-3.09232963285,36.9109454142,0.153631429972,790.119583116,-790.273214546,0
0.03182,788.140228089,19359.2387199,-19.8662754831,-32.8939750027,-1.92526925732,34.8192442609,-787.685376681,2.28372255617,785.401654125,0
0.03184,788.111907007,19806.0656014,1318.6637061,-35.0008281253,0.508743902445,34.4920842235,-785.534351279,0.169916700756,785.364434578,0
0.03186,788.080884513,20362.1807798,604.185259624,-35.0018296105,-1.26673525706,36.2685648671,0.168675470924,-785.493200145,785.324524674,0
0.03188,788.046194465,20939.0516138,-257.741882381,-34.8439182862,-3.35800062784,38.2019189126,0.157429587505,-785.438387,785.280957412,0
0.0319,788.055106148,20294.2083932,-517.844700377,-33.3269767594,-4.05793165234,37.3849084128,0.146345224803,790.062312458,-790.208657683,0
0.03192,788.076382782,19382.5427552,155.084273627,-32.4523804376,-2.80002208216,35.252402521,-787.628113111,2.29026211156,785.337851,0
0.03194,788.04910552,19788.1738612,1552.6633848,-34.6107697543,-0.272742200147,34.8835119551,-787.577407504,2.2757812594,785.301626244,0
0.03196,788.01743956,20378.330861,791.451153683,-34.5508014456,-2.18091619821,36.7317176438,0.161849425428,-785.422868523,785.261019098,0
0.03198,787.982075532,20984.1476924,-7.36126951287,-34.4441846005,-4.18128683879,38.6254714388,0.151314488052,-785.368033874,785.216719386,0
0.032,787.990867794,20349.4161014,-242.387776611,-32.9790033526,-4.79066529931,37.7696686534,0.140941689562,790.003661573,-790.144603263,0
0.03202,788.0126446,19418.092347,446.771311198,-32.1564692637,-3.44259551703,35.5990647816,-787.569067354,2.29520829002,785.273859064,0
0.03204,787.985967043,19799.9046804,1734.01003363,-34.195806919,-1.16793631627,35.3637432344,0.165139352188,-785.403300779,785.238161426,0
0.03206,787.953465372,20422.6755034,981.038814415,-34.1319189899,-3.09940040775,37.2313193959,0.155162592135,-785.351803907,785.196641314,0
0.03208,787.917353884,21055.3586589,246.406894778,-34.0788099054,-5.00913230716,39.087942212,0.145348387265,-785.296860646,785.151512258,0
0.0321,787.925997361,20429.842525,36.9619719503,-32.6675883716,-5.52823209968,38.1958204724,0.135696780681,789.944609735,-790.080306515,0
0.03212,787.95150935,19388.6349926,672.880924004,-31.6711636523,-4.20436294983,35.875526602,-787.51416747,2.30039943626,785.213768033,0
0.03214,787.925424092,19764.2328264,1794.34970014,-33.5370964862,-2.29640241415,35.8334988993,0.156203469579,-785.334766719,785.17856325,0
0.03216,787.892220993,20413.3103173,1106.0037601,-33.5290028982,-4.13708519623,37.6660880945,0.146959587775,-785.283197261,785.136237673,0
0.03218,787.855479683,21071.3547742,436.186060374,-33.5320137326,-5.95629692414,39.488310655,0.137878583353,-785.22824878,785.090370197,0
0.0322,787.868016088,20348.0188702,291.37386644,-32.0633466519,-6.2712524281,38.3345990798,0.128960470474,789.891037456,-790.019997927,0
0.03222,787.894103054,19288.9334938,938.867444523,-31.124003148,-4.85787566496,35.9818788131,-787.46276454,2.30419876087,785.158565779,0
0.03224,787.868045157,19690.7371039,1785.2536839,-32.7048807938,-3.54521745159,36.250098244,0.145798315982,-785.269060713,785.123262397,0
0.03226,787.834233505,20364.5854301,1162.22358097,-32.7551301307,-5.29530605494,38.0504361856,0.137299119692,-785.217496928,785.080197809,0
0.03228,787.796949475,21046.4547673,557.886504082,-32.8167934813,-7.02420200009,39.8409954802,0.128962956761,-785.162615622,785.033652666,0
0.0323,787.809437317,20330.6404479,435.652599647,-31.4071966213,-7.24923401911,38.6564306417,0.120789812407,789.838957752,-789.959747564,0
0.03232,787.836161121,19253.7240898,1094.82237369,-30.5271910954,-5.74634624502,36.2735373405,-787.412249021,2.31009940638,785.102149614,0
0.03234,787.809940843,19677.7334222,1779.17321899,-31.9394341075,-4.80064040089,36.7400745077,0.135693967854,-785.202229403,785.066535435,0
0.03236,787.775374059,20374.1262072,1222.54329401,-32.0500167843,-6.46062926224,38.5106460449,0.12794693697,-785.150509818,785.022562881,0
0.03238,787.737396257,21077.5928207,684.741919454,-32.1723071041,-8.09971970723,40.2720268096,0.120362936383,-785.09552966,784.975166724,0
0.0324,787.749784035,20368.3770592,585.660687565,-30.8237410164,-8.23535642859,39.0590974446,0.112941922374,789.786248416,-789.899190339,0
0.03242,787.780161924,19190.4348516,1179.29047804,-29.7769064416,-6.75755990932,36.5344663507,-787.365057316,2.31646011972,785.048597196,0
0.03244,787.752844092,19676.4279463,1595.61840861,-30.9089987451,-6.40697185145,37.3159705951,0.122510133856,-785.134221516,785.011711382,0
0.03246,787.717344776,20394.4358087,1106.4795744,-31.0825292287,-7.97674374736,39.0592729751,0.115528926829,-785.082156829,784.966627902,0
0.03248,787.678491406,21118.5648697,636.28302865,-31.2680432485,-9.5259283659,40.7939716137,0.108710573869,-785.026884043,784.918173469,0
0.0325,787.694832838,20306.3047146,589.89331471,-29.8691263136,-9.45812573282,39.3272520465,0.102055002393,789.738751839,-789.840806842,0
0.03252,787.725927917,19113.2552983,1191.63877378,-28.8863902564,-7.89151631179,36.7779065684,-787.320945672,2.32334710278,784.99759857,0
0.03254,787.697643436,19649.9173846,1452.38415259,-29.8547545179,-7.90824783387,37.7630023516,0.109732532872,-785.069279321,784.959546788,0
0.03256,787.661459613,20387.1236308,1031.08220518,-30.0932979139,-9.38870516631,39.4820030794,0.10352296322,-785.017098209,784.913575245,0
0.03258,787.62197195,21129.5050432,628.80741421,-30.3440849491,-10.8489022745,41.1929872226,0.0974759128858,-784.96175464,784.864278727,0
0.0326,787.638264079,20322.4072552,602.731229802,-29.0108136135,-10.6925574246,39.7033710381,0.0915912804866,789.690235835,-789.781827115,0
0.03262,787.672889619,19036.1721314,1130.63837219,-27.8658467746,-9.15189810905,37.017744884,-787.279312001,2.33084820331,784.948463797,0
0.03264,787.643148592,19635.7582813,1239.671951,-28.6727894905,-9.53628764395,38.2090771345,0.0956825087542,-785.004413905,784.908731397,0
0.03266,787.606277106,20390.4229221,886.945375281,-28.9785570226,-10.9279407284,39.9064977509,0.09025308102,-784.952097051,784.86184397,0
0.03268,787.566146571,21149.3178931,553.304934386,-29.2968110948,-12.299676487,41.5964875813,0.0849856726144,-784.896657888,784.811672216,0
0.0327,787.586573256,20235.5289772,569.948204277,-27.9174288097,-11.9413980364,39.8588268468,0.0798801534671,789.645566494,-789.725446648,0
0.03272,787.621858487,18936.6440267,1102.59608446,-26.8407468408,-10.3134127147,37.1541595562,-787.239213942,2.33733784967,784.901876092,0
0.03274,787.590230587,19610.5935783,1063.9988248,-27.4882560571,-11.0663462676,38.5546023241,0.0821095485369,-784.942117982,784.860008433,0
0.03276,787.552864007,20380.2691679,780.154262887,-27.8631421529,-12.370251221,40.2333933732,0.0774644542724,-784.889837922,784.812373468,0
0.03278,787.512276639,21153.2378841,515.425675667,-28.2507413214,-13.6545968811,41.9053382022,0.0729807218364,-784.834469102,784.76148838,0
0.0328,787.532729115,20242.87283,549.225451262,-26.9410452505,-13.2094066632,40.150451914,0.0686581925933,789.599520522,-789.668178715,0
0.03282,787.57126571,18858.6970838,1000.21253418,-25.7061534095,-11.6090087134,37.3151621232,-787.200772113,2.34462084246,784.85615127,0
0.03284,787.537136264,19618.8485026,819.118688535,-26.1963591183,-12.730978633,38.9273377496,0.0673269020901,-784.87883682,784.811509918,0
0.03286,787.499218153,20401.7205656,604.889105237,-26.6424007182,-13.9477947612,40.5901954787,0.0634730294676,-784.82652034,784.76304731,0
0.03288,787.458112321,21186.9507149,409.778857282,-27.1013641818,-15.145424677,42.2467888583,0.0597796972254,-784.771143392,784.711363695,0
0.0329,787.482819208,20167.025107,476.29279954,-25.749451534,-14.500107812,40.2495593472,0.0562467183288,789.556559658,-789.612806377,0
0.03292,787.519977369,18838.3041449,774.346383504,-24.4155632391,-13.1564164109,37.57197965,0.0562957338593,-784.866327527,784.810031793,0
0.03294,787.484829856,19630.222756,610.874551705,-24.9213964298,-14.306217847,39.2276142763,0.0530758926487,-784.817152834,784.764076941,0
0.03296,787.446499351,20423.8020453,466.51910493,-25.4403120386,-15.4371471768,40.8774592147,0.0500158240586,-784.764918458,784.714902634,0
0.03298,787.405007902,21218.8131262,341.2569039,-25.9723414229,-16.549277684,42.5216191071,0.0471153184589,-784.709645557,784.662530239,0
0.033,787.429781963,20200.8942956,421.840695634,-24.6938070411,-15.8189748777,40.5127819192,0.0443741605953,789.511432862,-789.555807023,0
0.03302,787.46819916,18847.1263848,531.588520289,-23.0913294736,-14.7329035126,37.824232986,0.041792129596,-784.805405616,784.763613486,0
0.03304,787.43273106,19648.1827934,438.252366598,-23.6714894303,-15.7976895951,39.4691790246,0.0393689989788,-784.756388856,784.717019857,0
0.03306,787.3941018,20449.9790341,363.985636943,-24.2649097554,-16.8440023866,41.1089121422,0.0371045366585,-784.704329367,784.66722483,0
0.03308,787.352332204,21252.2901326,308.756616751,-24.8716186599,-17.8719176339,42.7435362924,0.0349985049555,-784.649247074,784.614248569,0
0.0331,787.381477237,20122.2062322,411.561072637,-23.5541795656,-16.9440474119,40.4982269775,0.0330506606026,789.468680725,-789.501731386,0
0.03312,787.422811347,18692.3344806,238.233357191,-21.4568267918,-16.2311480819,37.6879748732,0.0261283934191,-784.753207872,784.727079478,0
0.03314,787.387773508,19500.8217006,214.321594469,-22.113590781,-17.2122609922,39.3258517717,0.0245066488215,-784.705075084,784.680568435,0
0.03316,787.349586617,20309.1434367,209.410397764,-22.7837762395,-18.1753148268,40.9590910661,0.0230423069484,-784.653906727,784.63086442,0
0.03318,787.308270309,21117.078778,223.459601712,-23.4674081724,-19.1203876879,42.5877958603,0.021735102314,-784.599721532,784.577986429,0
0.0332,787.333339955,20102.2309625,331.243885392,-22.3410265133,-18.2240737149,40.565100229,0.020584763889,789.42727794,-789.447862704,0
0.03322,787.373706278,18705.4546879,13.0402367194,-20.0927397135,-17.714103594,37.8068433074,787.085591586,-784.696093683,-2.38949790316,0
0.03324,787.341911688,19428.8840476,-82.8157862228,-20.4855682816,-18.7835823776,39.2691506581,0.00850992947738,-784.651640163,784.643130234,0
0.03326,787.3039946,20241.8285101,-17.6452818092,-21.2341963409,-19.6643124328,40.8985087733,0.00784941950093,-784.601172635,784.593323215,0
0.03328,787.262954379,21053.4891321,66.3812311766,-21.9964101057,-20.5274913618,42.5239014658,0.00734459368266,-784.547689556,784.540344962,0
0.0333,787.283929463,20153.9568256,186.753087557,-21.0627275509,-19.6636968424,40.726424393,0.00699515350743,789.385872186,-789.39286734,0
0.03332,787.323869199,18771.9485867,-128.624930397,-18.8932316202,-19.0725426127,37.9657742328,787.022964772,-784.638669755,-2.38429501734,0
0.03334,787.293797373,19445.0072765,-253.229871456,-19.1371146987,-20.1750283475,39.3121430446,-0.00518956821804,-784.596353657,784.601543225,0
0.03336,787.255955949,20259.3832101,-117.654999326,-19.965070766,-20.9751309966,40.9402017624,-0.00505030112788,-784.546371427,784.551421728,0
0.03338,787.214993173,21071.5889689,36.6370965771,-20.8067343651,-21.7581237685,42.564858133,-0.00475694699333,-784.493370405,784.498127352,0
0.0334,787.23610748,20172.0660864,174.511927719,-19.9527242604,-20.8146905728,40.767414833,-0.00430983154035,789.344010124,-789.339700292,0
0.03342,787.275726409,18803.9760083,-138.091116813,-17.8630918985,-20.1443253446,38.0074172442,786.964312371,-784.584959837,-2.37935253382,0
0.03344,787.249285322,19376.4666627,-393.628179722,-17.7313623816,-21.3956754437,39.1270378251,-0.0183215652188,-784.546663897,784.564985462,0
0.03346,787.211959726,20189.9473217,-188.258307892,-18.6401617088,-22.1169230339,40.7570847422,-0.0173838065384,-784.497581829,784.514965635,0
0.03348,787.171506532,21000.3885719,35.6637764265,-19.5627732548,-22.8215148009,42.3842880552,-0.0162937076487,-784.44546966,784.461763367,0
0.0335,787.192855504,20100.4039202,190.420387316,-18.7899062344,-21.8002304835,40.590136718,-0.0150516211704,789.304799458,-789.289747837,0
0.03352,787.230024433,18808.8279158,-212.876061056,-16.6675942398,-21.2804312567,37.9480254964,786.906952377,-784.53387429,-2.37307808682,0
0.03354,787.206776296,19291.8615903,-605.637836894,-16.1618788398,-22.6820129666,38.8438918047,-0.0326006704709,-784.499138914,784.531739584,0
0.03356,787.170152609,20102.6582692,-330.51948564,-17.1531718715,-23.3257653116,40.4789371824,-0.0308629670464,-784.451121239,784.481984206,0
0.03358,787.130388456,20909.5573722,-37.0381638518,-18.1583633973,-23.9533285153,42.1116919113,-0.0289748254453,-784.400055496,784.429030322,0
0.0336,787.147771211,20122.449635,143.932951991,-17.5821165469,-22.9694415388,40.5515580866,-0.0269366248244,789.265368327,-789.238431702,0
0.03362,787.184477876,18847.7662488,-253.66368129,-15.5424763644,-22.3733740853,37.9158504497,786.850315517,-784.483023895,-2.36729162223,0
0.03364,787.163842398,19251.9880177,-789.243183135,-14.6638377064,-23.9268408163,38.5906785218,-0.0463150153177,-784.451246944,784.497561959,0
0.03366,787.127859541,20057.6111041,-444.323800195,-15.7387090487,-24.494742947,40.2334519953,-0.0437801692725,-784.404210709,784.447990878,0
0.03368,787.088718109,20858.4906736,-81.2598884537,-16.8275469387,-25.0469336454,41.8744805833,-0.041096933328,-784.354103181,784.395200114,0
0.0337,787.10638098,20069.6576436,120.214925557,-16.3350948065,-23.9882374063,40.3233322137,-0.0382657128076,789.227930947,-789.189665234,0
0.03372,787.140272966,18880.1930634,-360.904051069,-14.2654237108,-23.545745456,37.811169167,786.793863487,-784.433480535,-2.36038295259,0
0.03374,787.121679178,19217.2834286,-1044.40016725,-13.0152990944,-25.2525781288,38.2678772227,-0.061186394866,-784.404069044,784.465255438,0
0.03376,787.086470599,20015.9081967,-629.733461455,-14.1752105775,-25.7461011393,39.9213117161,-0.0578544525192,-784.358125678,784.41598013,0
0.03378,787.048079044,20808.9553489,-197.165027012,-15.349137999,-26.2244020546,41.5735400524,-0.0543763200058,-784.309081477,784.363457797,0
0.0338,787.061861916,20130.7374503,41.1914005806,-15.0557711732,-25.206256905,40.2620280795,-0.0507524284055,789.18919546,-789.138443031,0
0.03382,787.095141483,18960.7020595,-430.748386774,-13.0712119284,-24.6906663035,37.7618782321,786.737036342,-784.382870903,-2.35416543903,0
0.03384,787.077977663,19241.7695511,-1266.58653602,-11.4504788362,-26.5526256757,38.0031045103,-0.0755107338201,-784.355191155,784.430701889,0
0.03386,787.043429972,20030.8699069,-782.178136946,-12.6963263973,-26.9735218396,39.6698482359,-0.0713859768543,-784.310205264,784.381591241,0
0.03388,787.00567,20813.5718676,-280.140122632,-13.9562208495,-27.3796952563,41.3359161043,-0.0671173716983,-784.262084087,784.329201459,0
0.0339,787.019758604,20131.7983277,-17.5757191879,-13.7489276534,-26.2900026695,40.038930324,-0.062705374767,789.151395388,-789.088690013,0
0.03392,787.052479667,18980.9585406,-480.165233209,-11.8505561403,-25.7033375866,37.5538937278,786.683207891,-784.336185653,-2.34702223761,0
0.03394,787.036446568,19217.6471646,-1472.84753723,-9.86023141796,-27.7224843953,37.582715813,-0.0893112644404,-784.30991271,784.399223975,0
0.03396,787.002860162,19994.9660898,-919.397700749,-11.1930633629,-28.0727995805,39.2658629427,-0.0843986806663,-784.266158994,784.350557674,0
0.03398,786.966025004,20765.0847244,-348.61572608,-12.5399553946,-28.4089016273,40.9488570208,-0.079344730767,-784.219228354,784.298573085,0
0.034,786.980514166,20079.0438069,-62.3368947722,-12.419743029,-27.2497223123,39.6694653425,-0.0741498960458,789.115102224,-789.040952328,0
0.03402,787.009988165,19023.8440116,-597.850067366,-10.4946092778,-26.8219194066,37.3165286849,786.628343747,-784.289288069,-2.33905567812,0
0.03404,786.994346642,19228.5044598,-1750.61511291,-8.13584997285,-28.9998848392,37.1357348116,-0.10432017381,-784.263660687,784.367980861,0
0.03406,786.961773715,19992.1884967,-1128.19947011,-9.55684547157,-29.2812385008,38.8380839713,-0.0986219646533,-784.221169246,784.319791211,0
0.03408,786.925909807,20747.8832905,-488.773460669,-10.991895327,-29.5488986898,40.5407940164,-0.0927850163503,-784.175453488,784.268238505,0
0.0341,786.936712927,20167.6557705,-151.990734607,-11.0737680798,-28.4357350881,39.5095031678,-0.0868098346072,789.076431238,-788.989621403,0
0.03412,786.965461139,19133.5662571,-674.003351237,-9.23670734362,-27.9403270712,37.1770344145,786.571935172,-784.239866475,-2.33206869713,0
0.03414,786.949580435,19317.8228763,-1989.46319001,-6.51011647986,-30.2790129404,36.7891294201,-0.118844481708,-784.214231868,784.333076349,0
0.03416,786.917826935,20065.3231745,-1298.18556762,-8.01988942152,-30.4932994759,38.5131888961,-0.11236704971,-784.172786638,784.285153687,0
0.03418,786.882735876,20804.0601552,-590.248538293,-9.54369233836,-30.6944206189,40.238112956,-0.105753640874,-784.128065353,784.233818994,0
0.0342,786.893921237,20217.0408197,-225.999234884,-9.71436444557,-29.5153215069,39.2296859525,-0.0990047848118,789.037638395,-788.93863361,0
0.03422,786.922000848,19203.6546499,-734.152328285,-7.96617548491,-28.9544718983,36.9206473845,786.517051499,-784.192617396,-2.32443410272,0
0.03424,786.90525958,19393.0154037,-2160.67592901,-4.98649874297,-31.3990701984,36.3855689421,786.473188855,-784.166328529,-2.30686032689,0
0.03426,786.874794292,20108.7598023,-1455.57133617,-6.47180792974,-31.6054729779,38.0772809059,-0.125668324612,-784.126372668,784.252040993,0
0.03428,786.840691761,20828.3305893,-679.915948408,-8.08511140126,-31.7422438182,39.827355219,-0.118285661493,-784.082835911,784.201121573,0
0.0343,786.852341446,20233.6701344,-288.658164625,-8.34531021562,-30.4994042555,38.8447144712,-0.110770469646,788.999054161,-788.888283691,0
0.03432,786.879802955,19240.5686927,-782.557484698,-6.68669890679,-29.8753169935,36.5620159003,786.463851998,-784.147608436,-2.31624356245,0
0.03434,786.861426373,19478.6230718,-2157.39485321,-3.79661431662,-32.2570481526,36.0536624705,786.419116338,-784.119864965,-2.29925137244,0
0.03436,786.833346971,20106.6067451,-1713.24836106,-4.68850810724,-32.7426006962,37.4311088025,-0.140270462243,-784.082470569,784.222741031,0
0.03438,786.800644403,20805.4787732,-870.598601001,-6.39243398776,-32.8170184992,39.2094524853,-0.132122921896,-784.040504194,784.172627116,0
0.0344,786.812916619,20203.0534201,-452.677749267,-6.74325914539,-31.5124408783,38.2557000239,-0.123845908045,788.961749444,-788.837903536,0
0.03442,786.839699434,19230.6151903,-931.800578602,-5.17530055169,-30.8271278841,36.0024284368,786.411432431,-784.105543798,-2.30588863341,0
0.03444,786.819616717,19516.5590012,-2253.57027559,-2.37586058281,-33.1480193551,35.5238799392,786.365748057,-784.076249366,-2.28949869116,0
0.03446,786.792912686,20095.4686235,-1965.13349059,-2.90289608975,-33.8009901508,36.7038862402,-0.154490469533,-784.04038045,784.194870919,0
0.03448,786.761765717,20771.4781472,-1056.27188594,-4.6980027944,-33.8153209569,38.5133237498,-0.145586590085,-784.00011464,784.14570123,0
0.0345,786.774718616,20160.4388796,-612.056715372,-5.13999253938,-32.451276499,37.5912690399,-0.136556419115,788.924923465,-788.788367046,0
0.03452,786.800861621,19208.1838994,-1075.89574762,-3.66320352668,-31.7070168937,35.3702204213,786.360634688,-784.06546758,-2.29516710826,0
0.03454,786.779209873,19540.2709004,-2343.27330867,-0.954904435061,-33.9693598562,34.9242642922,786.31412973,-784.034733898,-2.27939583224,0
0.03456,786.75320613,20097.6691616,-2102.73888025,-1.34518012951,-34.6782346159,36.0234147442,-0.166665271599,-783.99969003,784.166355301,0
0.03458,786.723516462,20748.0569817,-1128.59784902,-3.23146843307,-34.6350093761,37.8664778092,-0.15701770393,-783.961001173,784.118018877,0
0.0346,786.737108306,20126.8649282,-658.571990627,-3.76460492243,-33.214033764,36.9786386862,-0.147247143472,788.88806379,-788.740816646,0
0.03462,786.762747728,19193.4912981,-1106.72773625,-2.37894875623,-32.4133697221,34.792318479,786.312567757,-784.026711433,-2.28585632475,0
0.03464,786.739868525,19569.1229096,-2318.09459373,0.23735229091,-34.6192595436,34.3819072538,784.165577612,-783.994854838,-0.170722773961,0
0.03466,786.714275265,20121.8604472,-2010.68300687,-0.254380684172,-35.2674510168,35.5218317006,-0.175065350788,-783.960320998,784.135386349,0
0.03468,786.685680906,20743.2836732,-972.441810485,-2.23127622735,-35.1694735534,37.4007497803,-0.164690985807,-783.922821937,784.087512922,0
0.0347,786.699765537,20109.7178333,-477.301242351,-2.8549675047,-33.6943742791,36.5493417834,-0.154197033101,788.85097624,-788.696779206,0
0.03472,786.725137875,19193.105447,-909.580600328,-1.55983509599,-32.8401186128,34.3999537092,786.268728592,-783.98892966,-2.27979893263,0
0.03474,786.701585785,19608.8137872,-2062.6731157,0.962357458521,-34.9910078657,34.0286504071,784.121811104,-783.95647964,-0.165331463916,0
0.03476,786.676232491,20136.124517,-1915.81328857,0.834228914091,-35.8135521405,34.9793232251,-2.28323889386,-783.922260262,786.205499155,0
0.03478,786.648805493,20726.7373694,-811.920849902,-1.23872742341,-35.660597203,36.8993246261,-0.172109348038,-783.885998031,784.058107379,0
0.0348,786.663407853,20080.0040422,-292.112899706,-1.95323125493,-34.1337410062,36.0869722626,-0.160902547952,788.814503542,-788.653600994,0
0.03482,786.688534162,19179.6360332,-708.057191076,-0.748859912014,-33.2282666311,33.9771265443,786.226129264,-783.952499343,-2.27362992091,0
0.03484,786.664381624,19633.4792355,-1801.71105681,1.67900881553,-35.3265387006,33.6475298858,784.079346033,-783.919503428,-0.159842604552,0
0.03486,786.638759818,20142.7280985,-1928.80880698,2.14356924335,-36.440464318,34.2968950732,-2.29292015634,-783.885065168,786.177985324,0
0.03488,786.612776902,20700.9816566,-759.304708667,-0.0276286175046,-36.2339233774,36.261551994,-0.181031472894,-783.850291673,784.031323146,0
0.0349,786.628002585,20040.9499099,-215.054735234,-0.833576772169,-34.6574706785,35.4910474506,-0.169119468686,788.778737299,-788.60961783,0
0.03492,786.652795287,19157.0619304,-613.226076538,0.277901269518,-33.7021832735,33.4242820037,784.082887011,-783.917155108,-0.165731902842,0
0.03494,786.627867386,19647.8793409,-1645.93737351,2.61055695496,-35.7498633859,33.1393064323,784.036057431,-783.883413685,-0.152643746624,0
0.03496,786.601660594,20160.4304629,-1936.01677896,3.43960146647,-37.0435327375,33.60393127,-2.30241565951,-783.848415421,786.150831081,0
0.03498,786.577141052,20684.0760973,-705.002306219,1.17646104367,-36.789014756,35.6125537108,-2.28982736755,-783.815125358,786.104952726,0
0.035,786.593007082,20009.9256547,-74.8929107619,0.152874513495,-35.1023225877,34.9494480729,-788.569275192,788.743258058,-0.173982866927,0
0.03502,786.617682293,19140.314853,-286.5200945,0.828021705992,-33.9279529496,33.099931244,784.043894566,-783.882535019,-0.161359546883,0
0.03504,786.59246621,19664.3887759,-1259.53609493,3.07032807871,-35.9299209752,32.8595928963,783.997457112,-783.848510789,-0.148946323343,0
0.03506,786.56550219,20191.0008696,-1712.8586257,4.26482645758,-37.4062639784,33.14143752,-2.30835544064,-783.812755831,786.121111272,0
0.03508,786.541980756,20676.8965816,-421.972184394,1.91098047228,-37.1068252438,35.1958447714,-2.2950890171,-783.780459554,786.075548572,0
0.0351,786.558322475,19984.5534793,231.332148484,0.796821104433,-35.3758568686,34.5790357641,-788.539177989,788.708089062,-0.168911072454,0
0.03512,786.582977941,19123.1678015,40.4967783986,1.37482675637,-34.1544250743,32.7795983194,784.005323829,-783.848299972,-0.15702385703,0
0.03514,786.557468479,19678.5838295,-871.759847455,3.52681815261,-36.1131197688,32.5863016171,783.959260936,-783.81396352,-0.145297416596,0
0.03516,786.528968951,20237.3926483,-1599.02412455,5.3147186728,-37.888526927,32.5738082531,-2.31601621642,-783.776649423,786.09266564,0
0.03518,786.506654186,20684.1858343,-249.101397681,2.86977084264,-37.5463775947,34.6766067513,-2.30208073068,-783.745531413,786.047612144,0
0.0352,786.5235648,19973.5004764,427.189474965,1.66466012509,-35.7733477077,34.1086875809,-788.510746964,788.672967101,-0.162220136468,0
0.03522,786.54812254,19120.4644803,254.489830392,2.15185059136,-34.5104155713,32.3585649799,783.964803356,-783.813769785,-0.151033571187,0
0.03524,786.522059383,19706.0729037,-595.678072822,4.21317055094,-36.4280507961,32.2148802463,783.918845424,-783.778836876,-0.140008547777,0
0.03526,786.492265879,20303.003935,-1427.84174642,6.25242642228,-38.3338848815,32.0814584599,783.86932647,-783.740181311,-0.129145159542,0
0.03528,786.470805045,20713.5170772,-75.5907444942,3.83047077709,-38.008451937,34.1779811593,-2.30919460202,-783.709865029,786.019059631,0
0.0353,786.488269655,19983.6959296,623.273619352,2.53457253216,-36.195817931,33.6612453974,-788.481913732,788.637547096,-0.155633363548,0
0.03532,786.512714981,19138.3535981,469.125808535,2.93112769261,-34.8938452803,31.9627175882,783.923582264,-783.778424315,-0.145157948752,0
0.03534,786.486042723,19752.1288016,-317.881843779,4.90197207245,-36.7728811555,31.8709090844,783.877660605,-783.742815921,-0.134844684386,0
0.03536,786.455718633,20376.2899243,-1086.6604316,6.85098635974,-38.6406998202,31.789713462,783.82825235,-783.703558716,-0.124693634888,0
0.03538,786.433386443,20785.1925138,-9.88577900608,5.02159198339,-38.6191142122,33.5975222284,-2.31820351939,-783.67229541,785.99049893,0
0.0354,786.451486748,20036.0166928,711.464090579,3.63469256018,-36.7691131499,33.134420589,-788.453497902,788.600996542,-0.147498639407,0
0.03542,786.475732761,19198.3486795,576.617540997,3.94041338972,-35.4303388167,31.4899254275,783.878871148,-783.741123588,-0.1377475595,0
0.03544,786.448148794,19838.9709283,-145.86504535,5.82059740676,-37.273009491,31.4524120848,783.832672908,-783.704513835,-0.128159072749,0
0.03546,786.416988052,20489.0344627,-849.917979545,7.67920231449,-39.1050476824,31.4258453679,783.783058951,-783.664325737,-0.118733214674,0
0.03548,786.39390795,20899.0954231,63.525093116,6.21483616546,-39.2758561252,33.0610199594,-2.32745344982,-783.63221572,785.959669169,0
0.0355,786.412615584,20129.7018852,807.011365168,4.73727612595,-37.3909693549,32.6536932283,-788.423248937,788.562831022,-0.139582084814,0
0.03552,786.440320683,19192.5762786,731.274517077,4.83866609981,-35.7901764118,30.9515103132,783.837168619,-783.706604399,-0.130564220414,0
0.03554,786.412169547,19857.7561737,73.6321151503,6.62879854551,-37.5994438026,30.9706452575,783.791020484,-783.669311251,-0.121709232952,0
0.03556,786.380509632,20531.4377942,-565.407747409,8.39762003413,-39.398665979,31.0010459448,783.741520352,-783.628503223,-0.113017128988,0
0.03558,786.356472188,20954.756221,185.47173799,7.29896262144,-39.7648533029,32.4658906807,-2.33531906795,-783.595310618,785.930629686,0
0.0356,786.379148599,20078.2162889,877.181501636,5.84517154848,-37.7342552889,31.8890837398,-788.39703786,788.52725742,-0.130219560306,0
0.03562,786.406810187,19146.7507589,817.321319416,5.85652543855,-36.1023473079,30.2458218693,783.797007972,-783.675061491,-0.121946481544,0
0.03564,786.378177999,19834.9518426,225.167404801,7.55683182281,-37.8809432204,30.3241113987,783.750981273,-783.637144876,-0.11383639731,0
0.03566,786.346099287,20530.7148926,-348.235231196,9.23611252136,-39.6500821908,30.4139696698,783.701660463,-783.595771178,-0.105889285213,0
0.03568,786.320059635,21004.0129082,132.877895223,8.73106877342,-40.3282025986,31.5971338253,-2.34529634513,-783.560425104,785.905721449,0
0.0357,786.343525267,20109.1839149,842.732679873,7.187065441,-38.2681701084,31.0811046658,-788.370793571,788.490263767,-0.119470195527,0
0.03572,786.371053963,19183.2830834,799.647306104,7.10843725491,-36.6074017573,29.4989645021,783.752466917,-783.640514282,-0.111952635676,0
0.03574,786.341560829,19892.9924331,274.394999425,8.71898327345,-38.3575710191,29.6385877469,783.706170208,-783.601572186,-0.104598021844,0
0.03576,786.308680209,20609.3174168,-231.983223543,10.3088048769,-40.0988703951,29.7900655181,783.656633983,-783.55922768,-0.097406302719,0
0.03578,786.280803863,21124.5040329,92.2852753737,10.1699626455,-40.9774136688,30.8074510224,-2.35573686979,-783.52187169,785.87760856,0
0.0358,786.305013184,20210.5454632,820.117543652,8.53633870947,-38.8904378224,30.3540991125,-788.342139193,788.451227995,-0.10908880147,0
0.03582,786.336163052,19179.7424762,823.69529358,8.25448445511,-36.975606532,28.7211220767,783.710004746,-783.607671559,-0.102333187596,0
0.03584,786.306076375,19908.5896901,365.634912591,9.77612561146,-38.7003138079,28.9241881969,783.663686328,-783.567946016,-0.0957403124487,0
0.03586,786.27265444,20643.1127635,-73.4570603983,11.2773597614,-40.4167387792,29.139379019,783.614176098,-783.524866002,-0.0893100958415,0
0.03588,786.242654574,21211.9286544,96.7779593386,11.5056510871,-41.498692818,29.9930417295,-2.3650217077,-783.485188053,785.850209761,0
0.0359,786.270690703,20199.3861493,761.253993254,9.8970562694,-39.2739769424,29.3769206725,-788.316537996,788.413937317,-0.0973993215284,0
0.03592,786.301812177,19172.4778643,778.301479145,9.52651163093,-37.3359775839,27.8094659527,783.667491881,-783.57607711,-0.0914147711519,0
0.03594,786.271143082,19918.7840341,388.110798849,10.9597141596,-39.037945724,28.0782315658,783.621146933,-783.535554347,-0.0855925866028,0
0.03596,786.237185483,20669.827425,16.9574636782,12.372843144,-40.7322181502,28.3593750061,783.571652327,-783.491719668,-0.079932658911,0
0.03598,786.204669559,21304.4701533,37.0066696042,12.9688140701,-42.0203281375,29.0515140661,-2.37494569916,-783.4493025,785.824248199,0
0.036,786.233460413,20274.537022,715.743046811,11.2720026404,-39.7743472591,28.5023446185,-788.28868429,788.374836,-0.0861517094597,0
0.03602,786.268353992,19139.4275498,769.369595574,10.6996781414,-37.5879624349,26.8882842948,783.626907939,-783.545964909,-0.0809430303621,0
0.03604,786.23731297,19900.8021007,447.304742674,12.0454531901,-39.2701436946,27.224690506,783.580727136,-783.50483095,-0.0758961861998,0
0.03606,786.203023605,20665.9827623,144.31747998,13.3715035247,-40.945214984,27.57371146,783.531432163,-783.460421124,-0.0710110393211,0
0.03608,786.167691456,21377.8380908,18.2378931899,14.3362439292,-42.4424561844,28.1062122551,-2.38389348865,-783.414940266,785.798833754,0
0.0361,786.200108706,20256.4824216,625.376098833,12.6659975171,-40.0644200634,27.398422545,-788.263752922,788.337415046,-0.0736621247715,0
0.03612,786.238862938,19011.9805035,708.302201798,11.8927272384,-37.632818361,25.7400911239,783.591227361,-783.521990542,-0.0692368190813,0
0.03614,786.207847168,19786.7129373,454.311391927,13.1519365483,-39.2984037404,26.1464671935,783.545587618,-783.480614965,-0.0649726529011,0
0.03616,786.173615523,20564.3287379,219.414619662,14.3917860146,-40.9574640986,26.5656780843,783.496861424,-783.435991964,-0.0608694600439,0
0.03618,786.136191627,21344.5947257,3.60042675131,15.6123454719,-42.6101047306,26.9977592591,783.445071528,-783.388144459,-0.0569270686512,0
0.0362,786.171326516,20158.1503362,481.731597011,14.0834277173,-40.1601427658,26.0767150485,-788.242536497,788.302502933,-0.0599664363561,0
0.03622,786.210161867,18915.951138,571.1009822,13.2239826796,-37.7142024242,24.4902197451,783.555463093,-783.499131908,-0.0563311850456,0
0.03624,786.179093099,19702.2892029,385.890668486,14.3973194993,-39.3658818661,24.9685623665,783.510269243,-783.457413029,-0.0528562140713,0
0.03626,786.144835815,20490.5901019,219.764835253,15.5516761733,-41.0116181732,25.4599419998,783.462011495,-783.412470166,-0.0495413288849,0
0.03628,786.107412389,21280.6242258,72.7034374022,16.6871251089,-42.6515161227,25.9643910142,783.410711335,-783.364325006,-0.0463863292944,0
0.0363,786.141427363,20127.6767523,456.409410582,15.3009103689,-40.3032056822,25.0022953131,-788.219440071,788.267946996,-0.0485069244784,0
0.03632,786.184152174,18773.6355871,564.550267987,14.2428772325,-37.6178803869,23.3750031543,783.524840537,-783.479179908,-0.0456606293806,0
0.03634,786.153373121,19568.5632564,447.853042261,15.3320426936,-39.2588067959,23.9267641032,783.480411025,-783.437437418,-0.0429736068336,0
0.03636,786.11942548,20364.5481291,350.199417092,16.4026214883,-40.894369836,24.4917483485,783.432932675,-783.392487041,-0.0404456340989,0
0.03638,786.082330399,21161.3643809,271.560876408,17.4546885066,-42.524673616,25.0699851108,783.382425742,-783.344349259,-0.0380764828307,0
0.0364,786.115767377,20030.9747877,370.498397769,16.5539745283,-40.28113291,23.7271583806,-788.199935042,788.235800961,-0.0358659190823,0
0.03642,786.154769743,18791.3926478,472.899687645,15.5261220353,-37.8149847663,22.2888627321,783.488056361,-783.454242657,-0.0338137033153,0
0.03644,786.123703591,19593.017468,426.097498622,16.5317020224,-39.4473221567,22.9156201357,783.443800622,-783.411881032,-0.0319195904069,0
0.03646,786.089486382,20394.7910836,398.269103946,17.5191020093,-41.0748699806,23.5557679712,783.396508675,-783.366325345,-0.0301833296586,0
0.03648,786.052138063,21196.4917192,389.377504877,18.4883992894,-42.6977315674,24.2093322788,783.346199561,-783.317594897,-0.028604664804,0
0.0365,786.086161885,20055.5876582,305.905115128,17.8464616402,-40.4474821585,22.6010205176,-788.177623733,788.201396527,-0.0237727942684,0
0.03652,786.125231376,18816.7555121,415.410679732,16.7360481844,-37.9751948763,21.2391466924,783.451667313,-783.42915182,-0.0225154924269,0
0.03654,786.093949445,19622.6104979,438.630689647,17.6594079712,-39.6018099938,21.9424020234,783.407635508,-783.386220537,-0.0214149701541,0
0.03656,786.059528032,20427.7161113,480.725435365,18.565007658,-41.2242051417,22.6591974851,783.360574121,-783.340103172,-0.020470949033,0
0.03658,786.021985908,21231.854844,541.649519215,19.452926846,-42.8424827363,23.389555891,783.310501013,-783.290817868,-0.0196831451266,0
0.0366,786.060486617,19978.6715711,277.654210678,18.9574152262,-40.3610528277,21.4036376003,-788.157071086,788.169302198,-0.0122311118091,0
0.03662,786.095803761,18854.0734078,391.939020162,17.8799273093,-38.1136128488,20.2336855402,783.415828213,-783.404059422,-0.0117687910955,0
0.03664,786.064346355,19661.6910092,485.266613292,18.722496671,-39.7373482198,21.0148515492,783.372039283,-783.360577509,-0.0114617743336,0
0.03666,786.029755236,20467.6718864,597.340654498,19.547738595,-41.3574283323,21.8096897381,783.325221554,-783.313911798,-0.0113097556591,0
0.03668,785.995421985,21186.9019135,582.839162695,20.5265240716,-42.8031666023,22.2766425294,783.278765685,2.42539903353,-785.704164719,0
0.0367,786.032553037,19975.9010808,180.850758047,20.2354458339,-40.3779293187,20.142483484,-788.135612042,788.135147231,0.000464811747179,0
0.03672,786.064063758,18965.4922587,307.522126694,19.1918776666,-38.3578826401,19.1660049744,783.376307109,-783.376436472,0.000129363460701,0
0.03674,786.032224651,19772.9149435,471.552079177,19.9546784195,-39.9813078662,20.0266294467,783.332536873,-783.332177118,-0.000359755134468,0
0.03676,785.997253164,20577.8188021,654.172743138,20.7005970158,-41.6016362393,20.9010392244,783.285734151,-783.28473194,-0.00100221103799,0
0.03678,785.96669181,21192.8637458,510.488668845,21.8281730686,-42.8205181323,20.9923450629,783.243440508,2.41906430388,-785.662504812,0
0.0368,786.000949846,20059.9810255,22.7587433722,21.6856595952,-40.5109821779,18.8253225825,-788.111925184,788.097623499,0.0143016849919,0
0.03682,786.032511407,19049.8336953,164.103536098,20.5632670628,-38.4932403741,17.9299733115,783.337221023,-783.350387491,0.0131664686908,0
0.03684,786.000504417,19855.2169502,398.734583369,21.2476266201,-40.119378801,18.8717521814,783.293661543,-783.305540915,0.0118793721341,0
0.03686,785.965359635,20657.2107109,651.77592557,21.9155622291,-41.7429734231,19.8274111945,783.24705911,-783.257499865,0.0104407551206,0
0.03688,785.938278879,21179.1160713,372.584205547,23.1932202699,-42.7380762235,19.5448559529,783.208614551,2.41141464883,-785.6200292,0
0.0369,785.971750931,20066.710497,-104.373867349,22.9732226529,-40.4335366645,17.4603140114,-788.088776857,788.061212314,0.0275645430697,0
0.03692,786.003438062,19056.4208323,51.0828753421,21.7738468636,-38.4213292911,16.6474824275,783.302454334,-783.328086156,0.0256318220528,0
0.03694,785.971665554,19857.4382097,355.649303695,22.3816237184,-40.0534157354,17.6717920173,783.259482511,-783.283031669,0.0235491583879,0
0.03696,785.93674205,20654.2132865,678.41945307,22.9734469278,-41.6835061685,18.7100592422,783.213449439,-783.234766377,0.0213169383219,0
0.03698,785.913024991,21093.8389279,257.422184749,24.4030110889,-42.4581148684,18.0551037785,783.178711515,2.40256608122,-785.581277597,0
0.037,785.945791267,20001.6263588,-208.658278939,24.1074185393,-40.1617704364,16.0543518965,-788.067129342,788.026864009,0.0402653330125,0
0.03702,785.973758761,19103.7264368,-27.2627883714,22.9467496864,-38.3858780328,15.4391283466,783.267087776,-783.304625882,0.0375381065116,0
0.03704,785.942147244,19897.8751904,347.224546565,23.4796144041,-40.0266246291,16.547010226,783.224608203,-783.259271223,0.0346630207169,0
0.03706,785.907366363,20686.9416394,739.679747868,23.9970065722,-41.6659155231,17.6689089514,783.179043907,-783.210684395,0.0316404879455,0
0.03708,785.884784647,21098.8416284,274.7594458,25.466354006,-42.3365370193,16.8701830122,783.145762346,2.39603358818,-785.541795934,0
0.0371,785.914325814,20094.9177628,-267.603149886,25.3245019384,-40.1645493485,14.8400474084,-788.041763201,787.989340928,0.0524222723877,0
0.03712,785.942390734,19194.8543572,-68.3151380488,24.0902216886,-38.3995911405,14.3093694519,783.229933824,-783.278838085,0.0489042609393,0
0.03714,785.910844992,19979.6225145,376.023177903,24.5498963154,-40.051669111,15.5017727962,783.18782932,-783.233069937,0.0452406173697,0
0.03716,785.876106511,20758.4818632,838.064223738,24.9945897924,-41.7028236095,16.708233818,783.142611599,-783.184043379,0.0414317796647,0
0.03718,785.856031425,21106.7261321,223.089770096,26.6191781203,-42.1584052043,15.539227084,783.112135664,2.3884881495,-785.500623813,0
0.0372,785.884807882,20124.299178,-304.604679231,26.4051802718,-39.999958319,13.5947780454,-788.016825706,787.952773695,0.0640520108122,0
0.03722,785.913045772,19221.5739625,-87.9407531479,25.0992915145,-38.249051593,13.1497600783,783.196296211,-783.256043867,0.0597476568822,0
0.03724,785.881883915,19994.7121042,425.478602002,25.4877935685,-39.9155791317,14.4277855645,783.154859207,-783.210159246,0.0553000397438,0
0.03726,785.847498666,20761.134061,956.310159054,25.8618164273,-41.5817082792,15.7198918522,783.110273198,-783.160982821,0.0507096226222,0
0.03728,785.829761711,21057.2899415,186.633075954,27.6436264733,-41.8254123303,14.181785857,783.082408673,2.38003597904,-785.462444652,0
0.0373,785.857853341,20095.9505954,-326.134584584,27.3595281283,-39.6835868381,12.3240587097,-787.993061047,787.9178837,0.0751773467171,0
0.03732,785.886329921,19190.0917872,-92.576651294,25.9840820995,-37.9498043622,11.965722264,783.166652643,-783.236744442,0.0700917988271,0
0.03734,785.855837047,19949.3993466,489.138275362,26.3034782622,-39.633857222,13.3303789602,783.126142525,-783.191008021,0.0648654961856,0
0.03736,785.822083046,20701.2026598,1087.94992101,26.608907195,-41.3180289697,14.7091217744,783.08244052,-783.141939447,0.0594989268052,0
0.03738,785.806469438,20957.0716671,159.53961768,28.5499708949,-41.3529703926,12.8029994972,783.056946888,2.3707798376,-785.427726725,0
0.0374,785.833947557,20016.4089481,-338.005662013,28.197864457,-39.2308001445,11.0329356875,-787.971083011,787.885258367,0.0858246434183,0
0.03742,785.858860901,19217.3810928,-61.8650858012,26.868723932,-37.7446988224,10.8759748916,783.135785942,-783.215749687,0.0799637448023,0
0.03744,785.828849006,19960.3924388,587.968466093,27.1208833496,-39.4488192008,12.3279358522,783.095992648,-783.169957385,0.0739647371172,0
0.03746,785.795533807,20695.1263223,1254.55455175,27.3595961838,-41.1535657626,13.7939695792,783.052960153,-783.120788285,0.067828132684,0
0.03748,785.782741428,20892.1807793,57.2614731013,29.5753851089,-40.8686913622,11.2933062517,783.030513202,2.36080997627,-785.391323178,0
0.0375,785.806472476,20052.4566034,-502.847446473,29.3843326418,-38.8826262465,9.4982936038,-787.947799402,787.848369207,0.0994301946931,0
0.03752,785.831672475,19249.0046779,-205.973272775,27.9889378928,-37.4191721936,9.4302343018,783.10462408,-783.197417597,0.0927935174908,0
0.03754,785.8023781,19974.5454971,511.833659797,28.175316615,-39.1463279672,10.971011353,783.065762032,-783.151783558,0.0860215258797,0
0.03756,785.76973154,20691.0480062,1246.02965456,28.3487797753,-40.8746082787,12.5258285046,783.023606756,-783.102721512,0.0791147559578,0
0.03758,785.75753013,20876.3022347,-115.706305724,30.7270354498,-40.3865900319,9.65955458194,783.001954158,2.35023071132,-785.35218487,0
0.0376,785.780357545,20059.4380264,-656.045684436,30.4713461578,-38.4256288398,7.95428268055,-787.924834552,787.812249235,0.112585316823,0
0.03762,785.805903198,19250.9255326,-338.815199987,29.0118874279,-36.987748786,7.97586135797,783.075897172,-783.181077302,0.105180129824,0
0.03764,785.77753014,19956.8099557,446.161433327,29.1346867882,-38.740862449,9.60617566133,783.03814455,-783.135787105,0.0976425551461,0
0.03766,785.746309146,20640.901541,1192.6185167,29.3020235076,-40.4386760247,11.1366525164,782.997597805,2.35787663092,-785.355474435,0
0.03768,785.732858629,20861.7695089,-172.073465276,31.6743990306,-39.9209699883,8.24657095663,782.97487394,2.34083769302,-785.315711633,0
0.0377,785.754954321,20066.3123452,-692.22016025,31.3565264123,-37.9877626279,6.63123621569,-787.901667898,787.778041448,0.123626450365,0
0.03772,785.780830184,19251.389034,-355.06908919,29.8354633558,-36.5780965445,6.74263318893,783.04875454,-783.16421869,0.115464150257,0
0.03774,785.753330026,19934.829731,496.164202222,29.8971512853,-38.3598001606,8.46264887686,783.012037425,-783.119209936,0.107172511506,0
0.03776,785.724847343,20556.4761169,1088.70415536,30.2315462936,-39.8590591592,9.62751286551,782.974386473,2.34743284839,-785.321819321,0
0.03778,785.709672864,20825.0466227,-223.48369509,32.5433761969,-39.3714294976,6.82805329931,782.950090992,2.33099740233,-785.281088394,0
0.0378,785.731093881,20050.3664837,-722.949645242,32.1655782702,-37.468805337,5.3032270661,-787.879257931,787.744946176,0.134311755349,0
0.03782,785.757341772,19228.4344184,-366.242979725,30.5851736668,-36.0901722749,5.5049986085,783.023957198,-783.149358073,0.125400874664,0
0.03784,785.73086271,19887.3345699,550.364322875,30.5880233223,-37.9032803203,7.3152569981,782.988398348,-783.104762179,0.116363831039,0
0.03786,785.704752113,20458.5829682,985.897518708,31.0916998379,-39.2068468599,8.11514702061,782.953251537,2.33660995772,-785.289861494,0
0.03788,785.687985344,20773.1432472,-272.462562814,33.3452744447,-38.7520792543,5.40680480952,782.927490733,2.32079440872,-785.248285141,0
0.0379,785.708779806,20018.5870029,-750.731897599,32.9098434973,-36.8828097643,3.97296626694,-787.857735205,787.713050819,0.144684385428,0
0.03792,785.735433132,19189.0512671,-374.805742184,31.272393885,-35.5379704662,4.26557658259,783.001373466,-783.136407552,0.135034085837,0
0.03794,785.710095496,19821.344307,606.276815507,31.2187116386,-37.385238598,6.16652696053,782.967067902,-783.092328825,0.125260922764,0
0.03796,785.68661801,20340.9682808,771.670398657,32.0076714731,-38.382170927,6.37449945401,782.934660954,2.32378334029,-785.258444295,0
0.03798,785.668138884,20700.6269722,-431.398303401,34.2050838996,-37.9632251119,3.75814121128,782.907289496,2.30860682007,-785.215896317,0
0.038,785.688242864,19966.306758,-887.778413509,33.7141129704,-36.1302539078,2.41614093586,-787.837456831,787.680966972,0.15648985939,0
0.03802,785.715393876,19129.2671603,-492.785755337,32.0217151448,-34.8221405237,2.8004253797,782.981166755,-783.127273203,0.146106448095,0
0.03804,785.691515231,19733.5210791,552.016505695,31.913608498,-36.7064967405,4.79288824338,782.948406862,-783.084010462,0.135603600595,0
0.03806,785.669437514,20231.4630652,555.971035075,32.876141435,-37.5135340969,4.63739266106,782.917481294,2.31075462224,-785.228235916,0
0.03808,785.649335356,20634.387009,-590.452074875,35.0197439598,-37.133071121,2.11332715992,782.888563438,2.29623197992,-785.184795418,0
0.0381,785.668781304,19919.5632333,-1024.33248332,34.4755877035,-35.3390450231,0.863457319066,-787.8178466,787.649785949,0.168060651082,0
0.03812,785.696448023,19074.390861,-610.510972764,32.73060026,-34.0702925492,1.33969228937,782.962435716,-783.119390255,0.156954539068,0
0.03814,785.674094019,19648.562935,497.12172759,32.5704355661,-35.9943638538,3.42392828799,782.931262179,-783.076994715,0.145732535662,0
0.03816,785.652866571,20137.1675088,338.618854691,33.7088584567,-36.6141743859,2.90531592765,782.901243564,2.29759744008,-785.198841004,0
0.03818,785.631208365,20581.4721914,-749.815840657,35.8010285683,-36.2747909668,0.473762398275,782.870821425,2.28374275541,-785.15456418,0
0.0382,785.650052093,19887.8914676,-1099.94463896,35.1441434957,-34.5842167356,-0.559926759091,-787.798686027,0.170121449032,787.628564578,0
0.03822,785.678161795,19039.7119462,-495.858214237,33.1736665732,-33.5326799263,0.35901335407,782.944622219,-783.108695485,0.164073265275,0
0.03824,785.656900405,19580.5520667,673.269506527,32.9643181971,-35.4985407182,2.53422252138,782.914578268,-783.066728746,0.152150477618,0
0.03826,785.635934099,20073.2778485,462.839769575,34.167783619,-36.0469067047,1.87912308436,782.884852804,2.2896301375,-785.174482942,0
0.03828,785.613464469,20554.4837798,-565.891261901,36.2105691725,-35.7514833285,-0.459085844859,782.853646364,0.176461986536,-783.030108351,0
0.0383,785.63204741,19874.5471151,-891.817467606,35.5049367998,-34.1053009314,-1.39963586779,-787.780090731,0.1635283245,787.616562407,0
0.03832,785.660602869,19009.442123,-268.85467591,33.4863177347,-33.0985453288,-0.387772405369,782.927670711,-785.19704115,2.26937043935,0
0.03834,785.640220865,19514.4174641,961.563257237,33.229368502,-35.1095201099,1.88015160897,782.89851858,-783.055264663,0.156746083682,0
0.03836,785.619519411,20016.5838476,587.806541522,34.6141667911,-35.4750486476,0.860881854812,782.869065491,2.2816796411,-785.150745133,0
0.03838,785.596261255,20532.6781049,-378.409636653,36.6083210036,-35.227720206,-1.38060079765,782.837073207,0.169235596195,-783.006308803,0
0.0384,785.614590039,19865.5463109,-680.706767824,35.8574353622,-33.627311547,-2.2301238144,-787.762005906,0.156985937878,787.605019968,0
0.03842,785.643586219,18982.8788814,-40.3861100988,33.794170887,-32.6667062443,-1.12746464306,782.91127399,-785.185882157,2.27460816628,0
0.03844,785.624074262,19449.9879112,1250.98259063,33.4912951009,-34.7259799915,1.23468489121,782.882980044,-783.044263094,0.161283050242,0
0.03846,785.603260328,19978.2434107,604.366548947,35.1723634193,-34.7985818909,-0.37378152922,782.853397759,0.172124000948,-783.02552176,0
0.03848,785.578989172,20527.8998629,-298.380962075,37.1205570711,-34.6015124537,-2.51904461825,782.820370982,0.160412338375,-782.98078332,0
0.0385,785.596972407,19873.4721065,-576.303739877,36.3266334758,-33.0494859719,-3.27714750314,-787.743845138,0.148861691599,787.594983446,0
0.03852,785.626500549,18973.2499673,81.1842246507,34.2209430752,-32.1376249064,-2.08331816825,782.894699866,-785.176221161,2.28152129481,0
0.03854,785.608051422,19401.0080801,1432.95804902,33.8740588544,-34.248082755,0.374023902021,782.867432871,-783.034933045,0.167500173925,0
0.03856,785.586475753,19967.1714194,629.023129741,35.7373417676,-34.1466023499,-1.59073941854,782.83704819,0.162779313843,-782.999827504,0
0.03858,785.561173643,20548.338958,-211.331540354,37.6443193535,-33.9998239825,-3.64449537199,782.802945085,0.151776642294,-782.954721727,0
0.0386,785.578803625,19905.7110599,-464.344014111,36.8098236945,-32.4984819273,-4.31134176681,-787.725337287,0.140935700098,787.584401587,0
0.03862,785.608846168,18987.2770017,209.913776891,34.6641771118,-31.6376526078,-3.02652450413,782.877329177,-785.165782674,2.28845349664,0
0.03864,785.591402671,19373.7362736,1619.95176665,34.2768195733,-33.8005014687,-0.476318103722,782.851008224,-785.124773901,2.27376567702,0
0.03866,785.569161946,19966.8373599,879.917730337,36.0998682494,-33.7521169688,-2.34775128215,782.819894178,0.157021827648,-782.976916006,0
0.03868,785.543231944,20575.8635445,102.4982377,37.9685632006,-33.6574171356,-4.3111460667,782.785094201,0.146731354611,-782.931825556,0
0.0387,785.560667884,19942.7143138,-125.657290768,37.0964322982,-32.2085342663,-4.88789803045,-787.70718485,0.136603180496,787.57058167,0
0.03872,785.590998595,19004.2362826,564.384951715,34.9137678437,-31.4004976321,-3.51327021073,782.859419425,-785.151554604,2.29213517881,0
0.03874,785.573740077,19382.2172259,1753.45190593,34.7744225909,-33.3319350117,-1.44248757942,782.833200447,0.159447236364,-782.992647683,0
0.03876,785.550466741,20008.1919852,1022.00911968,36.6177459067,-33.2808016262,-3.33694428121,782.800966161,0.149719285976,-782.950685447,0
0.03878,785.523601028,20643.7736017,308.887936813,38.450391192,-33.2405961294,-5.20979506274,782.76513825,0.140154004633,-782.905292255,0
0.0388,785.54072254,20019.9021655,106.404827438,37.542865378,-31.8465753359,-5.6962900418,-787.687661877,0.130751425817,787.556910451,0
0.03882,785.574598173,18972.7858992,742.373459964,35.2117048905,-30.8662698123,-4.34543507719,782.844200458,-785.141986146,2.29778568835,0
0.03884,785.55771999,19350.1970758,1766.80542307,35.2659007503,-32.6261010018,-2.6397997487,782.81825214,0.149931505516,-782.968183645,0
0.03886,785.533552614,20002.1436472,1100.1333467,37.0753160068,-32.6317212589,-4.44359474818,782.785009586,0.140940631849,-782.925950218,0
0.03888,785.505862954,20662.7529918,451.966180952,38.8746387924,-32.6485888306,-6.22604996352,782.748238974,0.132112693675,-782.880351668,0
0.0389,785.526649202,19941.0510679,313.026617038,37.7071259378,-31.1983325835,-6.50879335383,-787.671168629,0.123447695531,787.547720933,0
0.03892,785.56098563,18876.2699858,960.505657986,35.3443816097,-30.2759945508,-5.06838705839,782.832875908,-785.134939739,2.30206383183,0
0.03894,785.543851057,19286.5644403,1711.78392136,35.7087464995,-31.7528564625,-3.95589003827,782.8065352,0.138984831426,-782.945520031,0
0.03896,785.518876855,19962.9221225,1110.59357613,37.4869848001,-31.8177451112,-5.66923969039,782.772345364,0.130742526451,-782.903087891,0
0.03898,785.49044472,20646.9978918,528.067093463,39.2557172702,-31.8941844244,-7.36153284746,782.734687371,0.122663257271,-782.857350628,0
0.039,785.511019017,19932.8589855,411.856933273,38.0582608876,-30.50383045,-7.55443043786,-787.653821607,0.114746999487,787.539074608,0
0.03902,785.545878212,18850.429866,1070.97984553,35.6661877848,-29.6416846636,-6.02450312045,782.819331008,-785.127784451,2.30845344298,0
0.03904,785.52827512,19288.4052303,1661.87152012,36.229169894,-30.9515832005,-5.27758669462,782.792363513,0.128369981887,-782.920733495,0
0.03906,785.502342401,19986.9201849,1127.25791922,37.9787114565,-31.0776980266,-6.90101342997,782.757052512,0.120883422379,-782.877935934,0
0.03908,785.473011649,20692.2073743,611.437660602,39.7193335194,-31.2156508199,-8.50368270075,782.718328886,0.113559840028,-782.831888726,0
0.0391,785.493322867,19984.679218,518.551881205,38.4944210736,-29.8871287408,-8.60729233142,-787.63522275,0.106399181515,787.528823569,0
0.03912,785.531630359,18802.4774112,1111.50541237,35.9617804927,-28.8596285168,-7.10215197517,782.807515472,-785.122835123,2.31531965076,0
0.03914,785.513242302,19280.6084051,1544.67697966,36.7260524109,-30.00498569,-6.72106672196,782.77957927,0.116419594258,-782.895998865,0
0.03916,785.486393536,19999.6159908,1077.3551118,38.4496246487,-30.1946760082,-8.25494864081,782.743164192,0.109698636288,-782.852862828,0
0.03918,785.456201053,20724.4503844,628.930812129,40.1648635005,-30.3964748985,-9.76838860307,782.70338652,0.103140430962,-782.806526951,0
0.0392,785.480315639,19913.2916113,587.327118693,38.6879426845,-29.0184610007,-9.66948168363,-787.618839792,0.0967448961017,787.522094896,0
0.03922,785.519142091,18715.6124218,1188.04923898,36.1316549017,-28.055606121,-8.0760487809,782.798197944,-785.119236451,2.32103850681,0
0.03924,785.498751663,19277.3650043,1359.57142546,37.2137553327,-28.9248905192,-8.28886481409,782.768050592,0.10318012801,-782.87123072,0
0.03926,785.471000654,20015.1521489,960.278664145,38.9140807927,-29.1804205782,-9.73366021534,782.730520306,0.0972338013279,-782.827754108,0
0.03928,785.439954763,20757.8214686,579.962035105,40.606658076,-29.4483128103,-11.1583452661,782.689672068,0.0914498372636,-782.781121905,0
0.0393,785.46386037,19951.8293209,558.881800431,39.1077288573,-28.1366769584,-10.9710518974,-787.600074534,0.0858281248761,787.514246409,0
0.03932,785.50325737,18738.6232021,1167.77043471,36.530044828,-27.2404421857,-9.28960264217,782.784397094,-785.113495319,2.32909822571,0
0.03934,785.48074133,19367.8177206,1190.24594379,37.8184914511,-27.9493190721,-9.86917237901,782.751894436,0.0904007330137,-782.842295169,0
0.03936,785.451863655,20121.9469307,860.03051315,39.4980326908,-28.2723922761,-11.2256404163,782.71300369,0.0852337588729,-782.798237449,0
0.03938,785.419735764,20880.0144617,548.838836105,41.1704086769,-28.6080643225,-12.5623443556,782.670835559,0.0802285994337,-782.751064158,0
0.0394,785.443372526,20078.1691125,548.933130785,39.6519456354,-27.3644843643,-12.28746127,-787.57844681,0.0753851150951,787.503061695,0
0.03942,785.48599871,18775.0721068,1081.18980167,36.9416092277,-26.3090591187,-10.6325501087,782.769737527,-785.107608312,2.33787078499,0
0.03944,785.460766087,19483.6221859,959.323366421,38.4390465268,-26.8596904766,-11.5793560517,782.734264561,0.0764016717426,-782.810666233,0
0.03946,785.430734005,20252.257242,698.903893032,40.1005014846,-27.25239648,-12.8481050045,782.693961674,0.0720214570173,-782.765983131,0
0.03948,785.397491079,21023.8887967,457.529162776,41.7553719398,-27.6579204714,-14.0974514685,782.650416777,0.0678023446753,-782.718219122,0
0.0395,785.425056748,20113.7171451,496.591594988,39.9928401018,-26.370836743,-13.6220033588,-787.556867267,0.0637441666022,787.493123101,0
0.03952,785.470173174,18747.177646,894.877431971,37.2099053197,-25.1015909602,-12.1083143604,782.758607852,0.0649663826741,-782.823574235,0
0.03954,785.44257285,19526.1817162,685.200187855,38.8625557794,-25.5531874147,-13.3093683647,782.720486294,0.061219094944,-782.781705389,0
0.03956,785.411770697,20307.4797755,494.580723342,40.5090963058,-26.0177706296,-14.4913256766,782.679128522,0.0576322244768,-782.736760746,0
0.03958,785.377789463,21090.8412586,323.002182031,42.1496317814,-26.4953739651,-15.6542578174,782.634556595,0.054205580468,-782.688762175,0
0.0396,785.409458446,20071.1789158,393.823340414,40.1462231681,-25.167008256,-14.9792149119,-787.536016738,0.0509389664658,787.485077772,0
0.03962,785.453629083,18741.0142319,692.342667642,37.4644712129,-23.8567384583,-13.6077327549,782.747015194,0.0512450282604,-782.798260222,0
0.03964,785.425587955,19530.4889402,552.263918132,39.1047792007,-24.3814791646,-14.7233000359,782.708148822,0.048290895402,-782.756439718,0
0.03966,785.39437053,20321.3357803,431.215661695,40.7395553275,-24.9193960474,-15.8201592817,782.666067933,0.0454961836015,-782.711564117,0
0.03968,785.35999832,21113.3279156,329.172448927,42.3689038821,-25.4705193489,-16.8983845347,782.620793364,0.0428606738565,-782.663654038,0
0.0397,785.391639104,20095.0972593,413.829398183,40.3549686751,-24.2158985126,-16.1390701617,-787.514485576,0.0403841415524,787.474101434,0
0.03972,785.43532365,18789.4070245,423.02975054,37.7770484508,-22.524529982,-15.2525184692,782.733807917,0.0363600573821,-782.770167974,0
0.03974,785.406729099,19587.4640961,353.267786346,39.4076659838,-23.1242597025,-16.283406283,782.694061631,0.0342042669264,-782.728265897,0
0.03976,785.37497887,20385.9745834,302.482001576,41.0333256353,-23.7373367694,-17.2959888661,782.651117718,0.0322067393557,-782.683324457,0
0.03978,785.340093258,21184.7156097,270.638386785,42.6541309662,-24.3637882683,-18.2903426987,782.604995822,0.0303672276959,-782.635363049,0
0.0398,785.371686584,20167.7349425,369.60516039,40.6323186558,-23.1847072817,-17.447611373,-787.490763849,0.0286854793999,787.46207837,0
0.03982,785.419578953,18741.0046555,197.727095464,37.8195759165,-21.1139820449,-16.705593872,782.724903322,0.0220419407541,-782.746945263,0
0.03984,785.390958305,19545.2357266,197.7700268,39.443860427,-21.7904692028,-17.6533912255,782.684778817,0.0206853897831,-782.705464206,0
0.03986,785.359194139,20349.0173017,216.707873415,41.0637586439,-22.4804583174,-18.583300328,782.641465214,0.0194857898497,-782.660951004,0
0.03988,785.32430557,21152.130647,254.498190895,42.6793732506,-23.1839732598,-19.4953999921,782.594980998,0.0184428662465,-782.613423864,0
0.0399,785.355941386,20136.0089198,367.075178732,40.65301316,-22.0821404626,-18.5708726974,-787.46960929,0.017556338738,787.452052951,0
0.03992,785.402756431,18743.3601531,50.7804519963,37.8931538356,-19.8613139208,-18.0318399139,-2.38877232684,785.111895948,-782.723123622,0
0.03994,785.377325558,19463.1203821,-22.0541316417,39.3435080091,-20.2750876569,-19.0684203527,782.67922474,0.00603333649093,-782.685258076,0
0.03996,785.345809893,20270.3852002,66.5879019991,40.960733434,-21.0438786838,-19.9168547505,782.635778993,0.00563511963878,-782.641414112,0
0.03998,785.31117377,21076.0930272,173.968357062,42.574241926,-21.8263289938,-20.7479129328,782.589163076,0.00539208027817,-782.594555156,0
0.04,785.338619598,20174.4416183,300.034503388,40.7735904697,-20.9171863145,-19.8564041548,-787.447065618,0.005303910772,787.441761707,0
0.04002,785.384964185,18796.0318279,-13.5564410214,38.012361217,-18.7753723948,-19.2369888213,-2.38393865614,785.08264825,-782.698709594,0
0.04004,785.363242126,19410.0073596,-212.912838669,39.2346764238,-18.8139227491,-20.4207536764,782.67299129,-0.00803415459626,-782.664957135,0
0.04006,785.33199058,20218.2740649,-54.42307311,40.8520433179,-19.6628415703,-21.1892017481,782.629408316,-0.00763180085062,-782.621776515,0
0.04008,785.297616854,21024.1057753,122.661773601,42.4662545063,-20.5255353366,-21.9407191702,782.582650065,-0.00707591913243,-782.575574146,0
0.0401,785.325161609,20122.6457113,265.799949183,40.6669239822,-19.6967775698,-20.9701464127,-787.426972253,-0.00636684418282,787.433339098,0
0.04012,785.368989702,18818.8994494,-139.608622314,38.0213077589,-17.5217600556,-20.4995477019,-2.37771532718,785.054092912,-782.676377585,0
0.04014,785.350549722,19337.9592246,-472.108749701,39.0185772035,-17.186734131,-21.8318430725,782.669515326,-0.0232255445918,-782.646289781,0
0.04016,785.319768821,20145.4206584,-243.790916227,40.6391127116,-18.1174856637,-22.5216270496,782.625977989,-0.0220207068193,-782.603957282,0
0.04018,785.28585729,20949.5797927,2.9542487317,42.2570484078,-19.062109512,-23.1949388973,782.579253661,-0.0206641468234,-782.558589514,0
0.0402,785.309292493,20161.5495904,170.138407437,40.6892512087,-18.4290029839,-22.2602482249,-787.404875901,-0.0191562261091,787.424032127,0
0.04022,785.352504334,18875.0545152,-229.740547628,38.0480615812,-16.3359167396,-21.7121448402,-2.37191987974,785.025615342,-782.653695462,0
0.04024,785.336752496,19309.6333891,-701.301717211,38.8230027039,-15.6283994285,-23.1946032758,782.664487645,-0.0378310190476,-782.626656626,0
0.04026,785.306402187,20113.7831107,-403.06157213,40.4494551676,-16.6421240089,-23.8073311588,782.620936452,-0.0358260355703,-782.585110416,0
0.04028,785.272907453,20913.7749968,-86.5912155652,42.0738569693,-17.6698001681,-24.4040568027,782.574181328,-0.0336712830045,-782.540510045,0
0.0403,785.296494977,20124.730886,101.276527454,40.5131250255,-17.1198475703,-23.393277455,-787.384651976,-0.0313671492665,787.416019125,0
0.04032,785.339136144,18855.3833687,-293.082378489,37.8795620067,-15.1100109844,-22.7695510224,-2.36494785313,785.000830592,-782.635882739,0
0.04034,785.325834707,19216.4442921,-909.7486025,38.4353402387,-14.0312311409,-24.4041090984,782.66349401,-0.0518643895282,-782.611629621,0
0.04036,785.296285747,20014.9954026,-542.208503175,40.0709107648,-15.1292222886,-24.9416884769,782.620277242,-0.0490623306967,-782.571214911,0
0.04038,785.263570946,20808.5507996,-156.66112706,41.7049739353,-16.2412267965,-25.46374714,782.573832103,-0.0461126014868,-782.527719502,0
0.0404,785.287409668,20017.9050438,51.3617999722,40.1544809301,-15.7756788584,-24.378802071,-787.367052604,-0.0430156158478,787.41006822,0
0.04042,785.327090118,18834.8258436,-425.75218192,37.6454054012,-13.7366168208,-23.9087885793,-2.35691009933,784.976221407,-782.619311308,0
0.04044,785.315606705,19134.149617,-1192.36718939,37.984903286,-12.2879384207,-25.6969648654,782.664234656,-0.0670451318883,-782.597189524,0
0.04046,785.286979224,19925.2882851,-755.557008237,39.6325073178,-13.4716219999,-26.1608853182,782.621450738,-0.0634463162741,-782.558004422,0
0.04048,785.255158274,20710.6050333,-300.986751402,41.279140041,-14.6693620187,-26.6097780223,782.575407925,-0.0597020797194,-782.515705845,0
0.0405,785.275113924,20030.2500707,-55.2799636664,39.9690011201,-14.4032143532,-25.5657867667,-787.346967138,-0.0558128617882,787.40278,0
0.04052,785.314075959,18866.8182337,-523.306500907,37.4731328392,-12.4497669915,-25.0233658474,-2.34961448741,784.951200114,-782.601585626,0
0.04054,785.303763327,19115.5918982,-1444.04650677,37.5989531071,-10.6319960826,-26.966957026,782.662600741,-0.0816748043085,-782.580925937,0
0.04056,785.275931314,19896.8030739,-937.956260028,39.2612212107,-11.9022332285,-27.3589879834,782.620106203,-0.0772837733885,-782.542822429,0
0.04058,785.244873378,20671.3793262,-414.382356976,40.9230454052,-13.1865514206,-27.736493985,782.574317555,-0.0727497124578,-782.501567842,0
0.0406,785.26511042,19987.5572014,-144.766387764,39.6286603768,-13.0070215273,-26.6216388485,-787.328280967,-0.0680730862655,787.396354053,0
0.04062,785.303407354,18843.5380172,-603.500869007,37.1490806541,-11.140229775,-26.008850879,-2.34144654044,784.929056397,-782.587609856,0
0.04064,785.293921591,19053.484387,-1682.61251808,37.0642628414,-8.95431049486,-28.1099523471,782.663820885,-0.0957782087823,-782.568042676,0
0.04066,785.267172298,19822.5263287,-1107.9218987,38.7442692476,-10.3121140036,-28.4321552443,782.621882542,-0.0906002057501,-782.531282336,0
0.04068,785.237157541,20584.1390535,-516.049287354,40.4243514318,-11.6840053804,-28.7403460524,782.576607918,-0.0852817029334,-782.491326215,0
0.0407,785.257766682,19896.1430696,-222.986387657,39.1487685987,-11.5920652779,-27.5567033199,-787.311462988,-0.0798231898111,787.391286178,0
0.04072,785.292680638,18848.6827977,-753.69864695,36.8021956777,-9.69919341791,-27.1030022593,-2.33250693382,784.905653743,-782.573146809,0
0.04074,785.283230476,19032.2156893,-1994.16074489,36.5094899882,-7.14621093843,-29.3632790509,782.664944132,-0.111085340007,-782.553858792,0
0.04076,785.257604051,19787.2384732,-1350.92266379,38.2100125788,-8.59272376784,-29.6172888115,782.62358253,-0.105122824693,-782.518459705,0
0.04078,785.22866695,20534.050549,-690.828507114,39.9111215589,-10.0533123418,-29.8578092182,782.578836942,-0.099022483887,-782.479814458,0
0.0408,785.245620963,19951.3991237,-346.42261389,38.8843371076,-10.1636853768,-28.7206517304,-787.290853213,-0.0927848313042,787.383638044,0
0.04082,785.279704272,18925.2136459,-863.611302066,36.5593739023,-8.3592805432,-28.2000933589,-2.3245932606,784.880492358,-782.555899097,0
0.04084,785.269631667,19094.0002533,-2267.78305076,36.0612475667,-5.43976817223,-30.6214793953,782.662118748,-0.125908555486,-782.536210193,0
0.04086,785.244922592,19832.4598257,-1556.08704106,37.7847739372,-6.97556928489,-30.8092046523,782.621113037,-0.119168176241,-782.501944861,0
0.04088,785.21685336,20561.9419889,-827.89000749,39.5093868671,-8.52541535256,-30.9839715158,782.576671509,-0.112292780255,-782.464378729,0
0.0409,785.234164104,19972.5468079,-456.242532848,38.5066433884,-8.72503114384,-29.7816122438,-787.270314614,-0.105282904973,787.375597519,0
0.04092,785.267473421,18967.2208723,-959.517449225,36.2062312798,-7.00985785249,-29.1963734272,-2.31608043408,784.856532992,-782.540452558,0
0.04094,785.255785612,19171.6286121,-2366.90553869,35.67623593,-4.06579843703,-31.6104374918,-2.29871016034,784.818054566,-782.519344406,0
0.04096,785.232785422,19853.1446218,-1750.37090814,37.2550314208,-5.35030359256,-31.9047278286,782.619750908,-0.132772120516,-782.486978787,0
0.04098,785.205787994,20563.0968471,-954.844265545,39.0060613091,-6.99011903784,-32.0159422716,782.575799254,-0.125129115543,-782.450670138,0
0.041,785.223533651,19966.1075271,-556.384363366,38.0302591412,-7.2796699991,-30.7505891409,-787.250075434,-0.117354595122,787.36743003,0
0.04102,785.256119076,18981.21189,-1045.32053041,35.7572863753,-5.65440015848,-30.1028862154,-2.30705842113,784.833868796,-782.526810374,0
0.04104,785.242721038,19234.0380656,-2400.75796935,35.2551805079,-2.80020335113,-32.4549771555,-2.29027690784,784.794439318,-782.504162411,0
0.04106,785.221272833,19855.9632833,-1937.05811275,36.6351965961,-3.72021557506,-32.914981021,782.619487933,-0.1459738265,-782.473514107,0
0.04108,785.195522159,20544.2187208,-1074.99301362,38.4155023417,-5.4506202123,-32.9648821309,782.576183707,-0.137571308905,-782.438612398,0
0.0411,785.21376929,19938.7966839,-650.127925169,37.4694870209,-5.83070660866,-31.6387804118,-787.230262396,-0.12904036837,787.359302765,0
0.04112,785.245674517,18973.8837918,-1124.26629631,35.2267865422,-4.29591994252,-30.9308665984,-2.29761352094,784.812491933,-782.514878412,0
0.04114,785.230717763,19273.4309208,-2426.45001157,34.755394049,-1.53214534155,-33.223248706,-2.28143768555,784.772254397,-782.490816711,0
0.04116,785.21037074,19847.7413162,-2118.76986517,35.9394047287,-2.08813227244,-33.8512724575,782.620225216,-0.158815700131,-782.461409516,0
0.04118,785.186013648,20512.1630846,-1190.97519296,37.7517885085,-3.90965391348,-33.842134596,782.577698597,-0.149662402664,-782.428036195,0
0.0412,785.204817733,19897.4774673,-740.090458664,36.8383484911,-4.38078411448,-32.4575643755,-787.210905533,-0.140383900603,787.351289434,0
0.04122,785.236080177,18952.077278,-1198.93890408,34.6286958304,-2.93696865918,-31.6917271715,-2.28782831101,784.792298534,-782.504470223,0
0.04124,785.219693602,19296.6081455,-2446.57056169,34.1907826178,-0.264084393008,-33.926698224,-2.27227432369,784.751372683,-782.479098359,0
0.04126,785.199784826,19864.1932792,-2074.01121803,35.4114355804,-0.916286057825,-34.4951495238,782.618138378,-0.167894316491,-782.450244062,0
0.04128,785.176482906,20501.420512,-1081.59471555,37.2581684948,-2.82842070071,-34.4297477952,782.576042122,-0.158006634682,-782.418035487,0
0.0413,785.195708027,19875.2491379,-605.344136779,36.3795628106,-3.39007381497,-32.9894889946,-787.194548348,-0.147997075158,787.342545424,0
0.04132,785.22656731,18947.264845,-1048.67587514,34.2052061575,-2.03669250115,-32.168513655,-2.28120948189,784.775900354,-782.494690872,0
0.04134,785.209315368,19333.4068912,-2239.43488532,33.8043795094,0.543117440646,-34.3474969491,-0.166306309512,782.634854457,-782.468548148,0
0.04136,785.18977135,19869.3884195,-2023.58323991,34.8373164702,0.24844407454,-35.0857605459,784.716819139,-2.27667101172,-782.440148127,0
0.04138,785.167610749,20477.4302695,-966.74338713,36.7218356623,-1.7561576649,-34.9656779982,782.575212943,-0.166047600836,-782.409165342,0
0.0414,785.187288444,19838.9675579,-465.566505306,35.8807261306,-2.40864670343,-33.4720794265,-787.178727446,-0.155317162839,787.334044609,0
0.04142,785.214408591,19021.5196277,-955.904025778,33.8579738839,-1.03233263601,-32.8256412468,-2.27445152123,784.755434198,-782.480982677,0
0.04144,785.195939522,19447.7422053,-2087.14272116,33.4973883944,1.45236786209,-34.949756256,-0.160225101861,782.613921062,-782.45369596,0
0.04146,785.176109485,19964.1162613,-2032.14089329,34.341598592,1.52150802236,-35.8631066159,784.712001182,-2.28692306176,-782.425078121,0
0.04148,785.154940662,20541.2417109,-908.304552722,36.2691554371,-0.581808691581,-35.6873467454,782.570678003,-0.175527689392,-782.395150313,0
0.0415,785.171321108,19990.910902,-331.380572426,35.6951356098,-1.43919869871,-34.2559369097,-787.156984918,-0.164083690235,787.321068608,0
0.04152,785.197835284,19191.2907665,-801.112206785,33.7122104548,-0.153825324946,-33.5583851296,-2.26933016755,784.730804636,-782.461474468,0
0.04154,785.178012153,19654.9993661,-1871.12703705,33.3939623844,2.23580473017,-35.6297671148,-0.155790787492,782.588676455,-782.432885668,0
0.04156,785.15720657,20163.4651298,-1977.41498465,34.051486586,2.66889896681,-36.7203855531,784.700285782,-2.29694641111,-782.403339371,0
0.04158,785.136638115,20706.8896367,-788.985728883,36.022161987,0.470915586498,-36.4930775744,784.658874034,-2.28481995438,-782.37405408,0
0.0416,785.15329298,20140.5129646,-182.324884084,35.4914232166,-0.480389333644,-35.0110338817,-787.133144182,-0.172653221877,787.305797403,0
0.04162,785.182739564,19260.5342188,-572.18619689,33.4388696391,0.596922465861,-34.0357921049,-0.164209735045,782.609568152,-782.445358417,0
0.04164,785.162062071,19759.3434332,-1582.21516948,33.1640354858,2.89497080555,-36.0590062905,-0.151345322644,782.567284347,-782.415939024,0
0.04166,785.139926188,20271.8447574,-1962.23711326,33.5239027895,3.91959464368,-37.443497434,784.691896799,-2.30681544885,-782.38508135,0
0.04168,785.12042436,20779.8578321,-712.379981934,35.538984968,1.62999020348,-37.1689751723,784.650871537,-2.29399481541,-782.356876722,0
0.0417,785.141217364,20098.6091271,-74.6056697135,34.8874628168,0.57766369097,-35.4651265082,-0.171548994771,-787.121423454,787.292972449,0
0.04172,785.170518714,19231.089249,-275.752571592,33.0552275384,1.21428997624,-34.2695175145,-0.159204687015,782.593091838,-782.433887151,0
0.04174,785.149460051,19762.755988,-1225.88326139,32.8260265654,3.42191690207,-36.2479434662,-0.147020547582,782.551102911,-782.404082363,0
0.04176,785.126359549,20294.8460518,-1768.67726902,33.004521992,4.81109311426,-37.8156151068,784.685384555,-2.31313352954,-782.372251026,0
0.04178,785.107893182,20764.7555072,-459.389341217,35.0664389013,2.43059310146,-37.4970320038,784.644706104,-2.29963811403,-782.34506799,0
0.0418,785.129134273,20065.308155,201.392687532,34.4621812538,1.28754598559,-35.7497272407,-0.165873175512,-787.114312778,787.280185954,0
0.04182,785.158331023,19206.0627565,17.8362562472,32.6776103763,1.83362495679,-34.5112353319,-0.154219926327,782.576598883,-782.422378956,0
0.04184,785.136872688,19768.677102,-871.313820496,32.4964267694,3.95088222945,-36.4473089982,-0.142727721986,782.534873894,-782.392146172,0
0.04186,785.112514342,20332.591003,-1575.83568893,32.4958824973,5.70475636787,-38.2006388651,784.678550863,-2.31952696457,-782.359023898,0
0.04188,785.095060563,20762.5076106,-208.196020968,34.6069885649,3.23344808129,-37.8404366468,784.638185012,-2.30536941211,-782.3328156,0
0.0419,785.116740111,20044.1011115,475.146753306,34.0523366545,1.99978462499,-36.0521212803,-0.160262759346,-787.106991779,787.267254538,0
0.04192,785.145821138,19192.526863,309.558221028,32.3177576615,2.45543723219,-34.7731948939,-0.1493116014,782.559670139,-782.410358538,0
0.04194,785.123921342,19784.1286901,-517.547909918,32.1869039187,4.48246241162,-36.6693663295,-0.138522206843,782.51815436,-782.379632153,0
0.04196,785.098319963,20386.7287418,-1326.62639675,32.0664526464,6.48752064521,-38.5539732909,-0.127894659367,782.473104655,-782.345209996,0
0.04198,785.081065811,20791.240956,-67.9068673605,34.0586352409,4.26636141539,-38.3249966563,784.632096593,-2.31295677879,-782.319139815,0
0.042,785.103269772,20053.7010087,637.862530819,33.5560885069,2.94180972564,-36.4978982331,-0.153071393141,-787.100460451,787.253531844,0
0.04202,785.13215128,19209.8425414,490.940915365,31.8739875637,3.30677974567,-35.180767309,-0.142836038376,782.539705706,-782.396869668,0
0.04204,785.109520915,19829.1879536,-272.775796379,31.7959319879,5.24333186023,-37.0392638482,-0.132762999974,782.498100099,-782.365337099,0
0.04206,785.083266041,20458.5948681,-1018.24703988,31.7286231743,7.15815650329,-38.8867796769,-0.122852332741,782.453033523,-782.33018119,0
0.04208,785.06550562,20853.4752106,76.2733514625,33.5471794544,5.30122243105,-38.8484018863,784.624267986,-2.32074810998,-782.303519876,0
0.0421,785.088209594,20095.9781129,804.091713478,33.098929094,3.8860645094,-36.9849936043,-0.146064322193,-787.092557024,787.238621346,0
0.04212,785.116870584,19259.1138022,676.292598048,31.4714849665,4.16064741579,-35.6321323811,-0.136554187071,782.517898847,-782.38134466,0
0.04214,785.093425107,19904.0991396,-22.9809135139,31.4483880503,6.0070354235,-37.4554234733,-0.127206762498,782.476104975,-782.348898212,0
0.04216,785.066427542,20558.2069703,-703.819272435,31.4363670065,7.83195202167,-39.2683190283,-0.118022074334,782.430918349,-782.312896275,0
0.04218,785.04705033,20973.8413212,117.639218096,32.9698120976,6.5668092895,-39.5366213875,784.615027467,-2.33051714173,-782.284510325,0
0.0422,785.070327762,20196.1127598,867.477378897,32.578203519,5.06094913291,-37.6391526537,-0.137586271243,-787.083820411,787.221406682,0
0.04222,785.102381978,19259.5439035,797.772280493,30.8940950767,5.13140500719,-36.025500084,-0.128813449704,782.496589615,-782.367776165,0
0.04224,785.078231831,19928.6402564,163.572257104,30.9285123387,6.88779885973,-37.816311197,-0.120203566794,782.454703444,-782.334499877,0
0.04226,785.050596208,20605.9197098,-452.026953756,30.9743187209,8.62299472632,-39.5973134475,-0.111756619414,782.409486829,-782.29773021,0
0.04228,785.030066929,21040.2276693,208.020193231,32.3386955063,7.72281402853,-40.0615095349,784.606979674,-2.33892160612,-782.268058067,0
0.0423,785.057265055,20156.2467078,905.229748304,31.778827223,6.24052013722,-38.0193473612,-0.12769153479,-787.078556532,787.206248066,0
0.04232,785.089188957,19225.3436728,851.567272221,30.1544364962,6.22097650104,-36.3754129962,-0.119667299377,782.476199172,-782.356531873,0
0.04234,785.064413868,19916.9900369,283.101781691,30.2488434679,7.88763044898,-38.1364739161,-0.111806064536,782.434285509,-782.322479444,0
0.04236,785.036214196,20615.8799888,-266.621585154,30.3549365962,9.53337684785,-39.888313443,-0.104107798221,782.389097907,-782.284990109,0
0.04238,785.014333797,21081.4167969,234.031328549,31.552653927,8.99851471064,-40.5511686387,784.601555253,-2.34774840501,-782.253806848,0
0.0424,785.042186736,20178.5798355,948.969213336,31.0541334193,7.42649514461,-38.4806285639,-0.118138190783,-787.071714494,787.189852685,0
0.04242,785.077695224,19143.7778587,943.407672722,29.3777371312,7.20383576365,-36.5815728949,-0.110869506283,782.458760343,-782.347890837,0
0.04244,785.052573602,19855.665348,440.97566863,29.5342974134,8.78155223299,-38.3158496451,-0.103763725383,782.417078755,-782.31331503,0
0.04246,785.024081442,20573.8629325,-42.6008865124,29.7028254672,10.3386679462,-40.0414934125,-0.0968207871206,782.372172798,-782.275352011,0
0.04248,784.99955989,21111.1840691,193.224946532,30.6223355435,10.3973170197,-41.0196525635,784.598426949,-2.35708483613,-782.241342113,0
0.0425,785.031306985,20109.0259654,846.692034622,29.9603602382,8.84952286683,-38.8098831067,-0.105554186329,-787.069596155,787.175150341,0
0.04252,785.066731583,19078.8679307,854.231654218,28.348415174,8.5375801107,-36.8859952846,-0.099054174821,782.439605868,-782.340551693,0
0.04254,785.041062979,19810.0778546,418.914350491,28.5696685661,10.0263090675,-38.5959776335,-0.0927167970294,782.397943709,-782.305226912,0
0.04256,785.012073579,20546.659156,2.54412223916,28.803153372,11.4947606532,-40.2979140253,-0.0865419631614,782.353102369,-782.266560406,0
0.04258,784.985424066,21143.4472931,85.933672424,29.5605477627,11.9197334173,-41.4802811807,784.597212147,-2.36700006115,-782.230212085,0
0.0426,785.017921435,20124.6925043,753.738573366,28.9645236039,10.283052989,-39.2475765929,-0.0934073526077,-787.065566723,787.158974075,0
0.04262,785.057012945,18987.8072814,799.744633443,27.3051292341,9.76886440032,-37.0739936347,-0.0876813237303,782.422790817,-782.335109493,0
0.04264,785.031022724,19735.9690108,431.847087658,27.5930692263,11.1695690555,-38.762638281,-0.0821175004432,782.38135385,-782.29923635,0
0.04266,785.001754795,20488.5702823,82.959714169,27.8934882522,12.5503353344,-40.4438235861,-0.0767157642056,782.336776163,-782.260060399,0
0.04268,784.973990734,21120.7516529,123.404494497,28.6043787165,13.1153283311,-41.7197070479,784.596537634,-2.37417516502,-782.222362469,0
0.0427,785.010075574,20009.1964542,720.918479643,27.8489018035,11.5047846843,-39.3536864891,-0.0817205851876,-787.064360069,787.146080654,0
0.04272,785.049168814,18875.0627083,776.381370995,26.2578899542,10.9032773803,-37.1611673339,-0.0767730624852,782.408838753,-782.33206569,0
0.04274,785.023049105,19637.8154391,476.176533786,26.6144276358,12.2169956696,-38.8314233053,-0.0719871594713,782.367799173,-782.295812013,0
0.04276,784.993688249,20404.0832549,195.016486986,26.9836756438,13.5111297827,-40.4948054252,-0.0673627289686,782.323650737,-782.256288008,0
0.04278,784.96330767,21115.1673845,89.8958045217,27.5362361761,14.4446190201,-41.9808551964,784.597841736,-2.38212735917,-782.215714377,0
0.0428,785.000020851,19988.563908,698.014357293,26.8505137424,12.747263931,-39.5977776741,-0.0705162487047,-787.061738199,787.132254447,0
0.04282,785.042863577,18744.5200909,781.44410886,25.2158064547,11.9456133244,-37.1614197789,-0.0663509653197,782.397320574,-782.330969609,0
0.04284,785.016779878,19519.5069497,549.167613878,25.6427677011,13.173455925,-38.8162236247,-0.0623465585686,782.356823643,-782.294477085,0
0.04286,784.987485183,20297.0923678,335.942063031,26.0826539657,14.3820833516,-40.4647373161,-0.0585028527782,782.313243243,-782.254740391,0
0.04288,784.955002632,21077.044746,141.753534778,26.5354996288,15.5715662512,-42.1070658797,-0.0548196666138,782.266601635,-782.211781969,0
0.0429,784.994251458,19886.4671574,620.243937175,25.6373545398,14.0158143475,-39.6531688881,-0.0581077006709,-787.062588514,787.120696215,0
0.04292,785.037106485,18644.2563663,709.956991609,24.0748535003,13.1286367575,-37.2034902577,-0.0547310834402,782.385438013,-782.330706929,0
0.04294,785.010970796,19429.7369699,546.290254263,24.5742058868,14.2713185764,-38.8455244619,-0.051514436294,782.345378744,-782.293864307,0
0.04296,784.9816492,20216.9019934,401.654693727,25.0866800107,15.3951689127,-40.4818489233,-0.048457555248,782.302256274,-782.253798719,0
0.04298,784.949163596,21005.5234628,276.027847408,25.6123071427,16.50026096,-42.1125681019,-0.0455602306856,782.256091615,-782.210531384,0
0.043,784.985568981,19895.0744438,558.81157644,24.5601374088,15.3145373591,-39.874674768,-0.0462280000173,-787.061507181,787.107735181,0
0.04302,785.02841195,18654.0157842,655.482611897,23.071273353,14.3428363883,-37.4141097402,-0.0436421846055,782.369619383,-782.325977198,0
0.04304,785.001895095,19447.5052804,561.337673069,23.6444225903,15.4013670889,-39.0457896783,-0.0412152773013,782.329651475,-782.288436198,0
0.04306,784.972213701,20241.767973,486.172848852,24.2308724226,16.441463183,-40.6723356047,-0.0389470460034,782.286636871,-782.247689825,0
0.04308,784.939388446,21036.579772,429.957164233,24.8306509673,17.463200327,-42.2938512934,-0.0368372530171,782.240595352,-782.203758099,0
0.0431,784.974936184,19954.6880264,431.114386645,23.3987193094,16.7621761015,-40.1608954111,-0.0331827158737,-787.059543682,787.092726397,0
0.04312,785.017759785,18714.8135356,535.214728782,21.9853021485,15.7067940271,-37.6920961747,-0.0313925404496,782.350757497,-782.319364956,0
0.04314,784.990731133,19514.435885,511.242027701,22.6340348653,16.6820249024,-39.3160597669,-0.0297600496655,782.310732873,-782.280972824,0
0.04316,784.960554482,20313.9239287,506.171456869,23.2962286399,17.6392319029,-40.9354605429,-0.0282849835432,782.267673184,-782.2393882,0
0.04318,784.927249315,21113.0576896,519.963565974,23.971908399,18.5784930616,-42.5504014597,-0.026967076552,782.221597007,-782.19462993,0
0.0432,784.9673918,19912.5163992,345.441757114,22.1620213647,18.0224583701,-40.1844797352,-0.0206978148695,-787.05841863,787.079116445,0
0.04322,785.006398889,18787.0488687,452.308006781,20.9394500508,16.9986829694,-37.938133019,-0.0197038353086,782.331706973,-782.312003137,0
0.04324,784.978921739,19590.309507,498.631855773,21.6652342464,17.8920014723,-39.5572357175,-0.018866163776,782.291667717,-782.272801553,0
0.04326,784.948307222,20392.53876,563.750398533,22.4046224675,18.7677199157,-41.1723423833,-0.0181845126679,782.248599074,-782.230414562,0
0.04328,784.915728597,21164.2339874,599.84758211,23.0439298761,19.6827720049,-42.7267018825,-784.632526539,782.203673392,2.42885314665,0
0.0433,784.956908009,19941.5168637,193.295535852,20.8577764688,19.4433281732,-40.3011046421,-0.00707224144293,-787.055622313,787.062694554,0
0.04332,784.995915879,18817.1215555,310.973049688,19.7140014156,18.3384562999,-38.0524577143,-0.0068777255442,782.313953473,-782.307075747,0
0.04334,784.968247225,19622.2051719,427.516574993,20.5186845232,19.151088089,-39.669772611,-0.00683798213709,782.274135086,-782.267297104,0
0.04336,784.937444849,20425.3709236,562.722812397,21.3370966165,19.9465573527,-41.2836539684,-0.00695269628477,782.231285956,-782.22433326,0
0.04338,784.909017525,21087.7247092,473.333912241,21.6007757782,21.009188307,-42.6099640855,-784.611967615,782.190913927,2.42105368721,0
0.0434,784.949492002,19883.0414716,74.3359411464,19.4948531186,20.6899342442,-40.1847873645,0.00597540559789,-787.05385775,787.047882345,0
0.04342,784.984684029,18872.8542922,205.251197099,18.5450758972,19.619367881,-38.164443777,0.00537145989244,782.295757134,-782.301128594,0
0.04344,784.956828234,19677.2561748,392.092227311,19.4299428352,20.3528283472,-39.7827711826,0.00461442753692,782.2561424,-782.260756828,0
0.04346,784.925836761,20478.8650941,597.434536716,20.3286458474,21.0695759501,-41.3982217975,0.00370465049468,782.213489937,-782.217194587,0
0.04348,784.899059302,21094.3178953,474.953715145,20.4453776504,22.1676093154,-42.612986967,-784.590440297,782.175148486,2.41529181101,0
0.0435,784.936643194,19968.0570925,-9.02977387161,18.3069101074,21.9974215244,-40.3043316329,0.0184525569931,-787.0481441,787.029691543,0
0.04352,784.971828602,18957.5240071,136.386340485,17.4384476289,20.8488273004,-38.2872749295,0.0170518982723,782.276140255,-782.293192153,0
0.04354,784.94376665,19758.7333906,393.551169253,18.4046921544,21.5046896634,-39.9093818166,0.0154999874676,782.236688457,-782.252188444,0
0.04356,784.91256161,20556.2867599,669.02639354,19.3848618194,22.1443004806,-41.5291622999,0.0137971932368,782.19418646,-782.207983654,0
0.04358,784.889183484,21079.7542429,410.1038257,19.128533645,23.3929703146,-42.5215039599,-784.567853453,782.159603277,2.40825017598,0
0.0436,784.926009748,19973.3371303,-63.0931220785,17.0726787426,23.1461311682,-40.2188099111,0.0303672619764,-787.042826594,787.012459332,0
0.04362,784.961261727,18962.0748831,96.2473462593,16.2868900663,21.9213667985,-38.2082568649,0.0281723835199,782.260605772,-782.288778156,0
0.04364,784.93338581,19757.7937661,423.039809113,17.3358586313,22.5015055664,-39.8373641979,0.0258282345461,782.221683625,-782.24751186,0
0.04366,784.902351664,20549.011592,767.925832649,18.3988240059,23.0658660385,-41.4646900438,0.0233352100465,782.179691048,-782.203026258,0
0.04368,784.882298546,20991.3897427,366.366298494,17.7708457654,24.4670226759,-42.2378684427,-784.548809814,782.148766255,2.40004355904,0
0.0437,784.918445659,19904.5466844,-95.9526385856,15.7988838748,24.1454372353,-39.9443211114,0.0417327665941,-787.038886591,786.997153824,0
0.04372,784.949939023,19004.8132572,90.2667656686,15.2106814701,22.9600603963,-38.1707418652,0.0387468944371,782.244277176,-782.28302407,0
0.04374,784.922166092,19792.560591,486.63855293,16.343386141,23.4661618719,-39.8095480118,0.0356138784766,782.205779707,-782.241393586,0
0.04376,784.891214687,20574.9748238,900.857946782,17.4901409651,23.9569689283,-41.447109893,0.0323341396548,782.164186458,-782.196520597,0
0.04378,784.874026048,20947.1696945,351.720999329,16.4915927081,25.5122685137,-42.0038612218,-784.528914822,782.136437564,2.39247725769,0
0.0438,784.906884136,19949.6734904,-186.122827159,14.4909299515,25.3447662988,-39.8356962509,0.054269181465,-787.032778589,786.978509407,0
0.04382,784.938463776,19047.9464909,17.7127761777,13.9878376788,24.0863953175,-38.0742329952,0.0504927879412,782.227652799,-782.278145587,0
0.04384,784.910909234,19825.9038953,483.522350443,15.2056652105,24.5199707755,-39.7256359861,0.0465715275924,782.189673365,-782.236244893,0
0.04386,784.88014981,20597.708705,966.909286283,16.4375775031,24.9387469225,-41.376324425,0.0425058468844,782.148566618,-782.191072465,0
0.04388,784.865349491,20911.6248596,265.790769337,15.069911393,26.6496721384,-41.7195835322,-784.507442841,782.123495378,2.38394746271,0
0.0439,784.897382241,19935.8201388,-257.400165636,13.1554343858,26.4106828069,-39.5661171935,0.0662762417738,-787.027258381,786.96098214,0
0.04392,784.929120128,19031.606563,-36.433071763,12.7385324953,25.0813375603,-37.8198700542,0.0617140250163,782.214606255,-782.27632028,0
0.04394,784.902088965,19797.5396791,498.062260591,14.0425496358,25.444421572,-39.4869712069,0.0570093593961,782.177424166,-782.234433525,0
0.04396,784.871819312,20556.5197092,1049.8394413,15.360668402,25.7932117472,-41.1538801484,0.0521627164654,782.137076018,-782.189238734,0
0.04398,784.85918895,20823.813982,192.347380092,13.6250076854,27.6617720183,-41.2867797037,-784.488997282,782.114438357,2.37455892507,0
0.044,784.890474152,19869.2871353,-315.900422903,11.797717553,27.3533571999,-39.1510747533,0.0777781978456,-787.022988452,786.945210254,0
0.04402,784.918583335,19072.9181873,-54.4205196366,11.5816226588,26.0687342926,-37.6503569515,0.0724355578067,782.199980044,-782.272415601,0
0.04404,784.891907536,19824.3415138,548.623407642,12.972560642,26.3631658318,-39.3357264732,0.0669530256145,782.163405239,-782.230358264,0
0.04406,784.861955075,20568.0257099,1168.62475666,14.3775985043,26.643818055,-41.0214165586,0.0613310974467,782.123621067,-782.184952164,0
0.04408,784.850971978,20800.1773716,151.619563576,12.2747448113,28.6718166993,-40.9465615122,-784.468978772,782.102872252,2.36610651979,0
0.0441,784.878565854,19944.5680583,-421.041936875,10.4217612502,28.5229699396,-38.9447311908,0.0905060429946,-787.0158965,786.925390457,0
0.04412,784.906826054,19143.7531097,-138.626269869,10.2937328445,27.1708515295,-37.4645843738,0.0843855930027,782.183641039,-782.268026632,0
0.04414,784.880539386,19878.824643,532.799291676,11.7726956342,27.3982859228,-39.1709815562,0.0781279510521,782.147685214,-782.225813165,0
0.04416,784.850932274,20605.384663,1220.83366522,13.265737595,27.6124651558,-40.8782027496,0.0717336374449,782.108471099,-782.180204737,0
0.04418,784.840936117,20814.8406943,41.8007014115,10.796865492,29.8015216935,-40.5983871858,-784.445904989,782.088928738,2.3569762516,0
0.0442,784.867601271,19981.9652838,-511.517883196,9.032805384,29.5867964764,-38.6196018618,0.102769954948,-787.008625403,786.905855448,0
0.04422,784.896078829,19176.0729229,-208.589999395,8.99364353461,28.1693436073,-37.1629871407,0.0958784998836,782.16940934,-782.26528784,0
0.04424,784.870406241,19892.5966572,530.400401264,10.5614150447,28.3319525107,-38.8933675551,0.0888526868858,782.134271806,-782.223124493,0
0.04426,784.841362785,20599.8566106,1285.62631123,12.1432271056,28.4818391616,-40.6250662672,0.0816930598714,782.095820423,-782.177513483,0
0.04428,784.832030124,20798.7557401,-57.9554811682,9.30918005683,30.8340941083,-40.1432741655,-784.424397708,782.077135448,2.34726225938,0
0.0443,784.857839548,19988.0091511,-591.473216161,7.63476670471,30.555685772,-38.1904524774,0.114604594763,-787.00156238,786.886957785,0
0.04432,784.886591115,19176.421674,-268.42761817,7.68517879162,29.075099885,-36.760278676,0.106949604932,782.157406387,-782.264355992,0
0.04434,784.8617274,19872.239652,537.293783819,9.34245075499,29.1750953384,-38.5175460937,0.0991632224211,782.123256358,-782.22241958,0
0.04436,784.835065184,20523.804751,1195.12808736,10.6726336181,29.4334464702,-40.1060800899,-784.441253273,782.087359716,2.35389355677,0
0.04438,784.824409971,20758.6712339,-151.16101694,7.8152326042,31.7805440511,-39.5957766566,-784.404575568,782.067520533,2.33705503462,0
0.0444,784.84942752,19969.4312465,-664.390743795,6.23109641669,31.4406865635,-37.6717829817,0.126047950104,-786.994982009,786.868934058,0
0.04442,784.878500592,19151.5402363,-321.592875412,6.37169730966,29.8992070149,-36.2709043232,0.117637547938,782.1476422,-782.265279748,0
0.04444,784.854611296,19824.5291459,550.009042649,8.11906924243,29.9388387228,-38.0579079651,0.109098846856,782.114619728,-782.223718574,0
0.04446,784.830564232,20419.1828976,1052.78455387,9.08459524983,30.3647169702,-39.449312221,-784.424155777,782.081486251,2.34266952564,0
0.04448,784.818124324,20701.4944137,-240.660674051,6.31810219441,32.6520705698,-38.9701727652,-784.386446637,782.060005273,2.32644136317,0
0.0445,784.842404904,19933.1175685,-733.086959092,4.8247811656,32.25303386,-37.0778150261,0.137141262786,-786.989051289,786.851910026,0
0.04452,784.871838345,19108.3196094,-370.873466742,5.05609348118,30.6529354041,-35.7090288853,0.127984208975,782.140020689,-782.268004898,0
0.04454,784.849060684,19756.3875117,565.741969611,6.8940727473,30.6344880032,-37.5285607498,0.118702075686,782.108237606,-782.226939682,0
0.04456,784.827218571,20306.2203979,910.631172719,7.49552696178,31.2301376397,-38.7256646017,-784.408537671,782.077431725,2.33110594616,0
0.04458,784.813119307,20634.2448307,-328.629767953,4.82040447441,33.4600479376,-38.2804524119,-784.369913244,782.054408971,2.31550427285,0
0.0446,784.836709048,19886.0624784,-799.710126719,3.41834473564,33.0041352058,-36.4224799428,0.147928951611,-786.983834265,786.835905313,0
0.04462,784.866533609,19053.7550165,-418.389389965,3.74079918947,31.347725462,-35.08852465,0.138034630672,782.134344524,-782.272379154,0
0.04464,784.844977398,19674.8382165,582.355937986,5.66980115638,31.2735157692,-36.943316925,0.128018572424,782.1038854,-782.231903972,0
0.04466,784.824898681,20192.0495902,767.16850406,5.90767444519,32.0412134305,-37.9488878768,-784.39422314,782.07494034,2.31928280001,0
0.04468,784.809242828,20564.0089941,-416.574206211,3.3242940002,34.2160117267,-37.5403057274,-784.354776394,782.050453407,2.30432298712,0
0.0447,784.832179265,19835.3235073,-865.740595752,2.01385045125,33.7055567417,-35.7194071936,0.15845853066,-786.979296226,786.820837695,0
0.04472,784.862418089,18994.9008689,-465.593519598,2.42778628371,31.9951736274,-34.4229599101,0.147836935979,782.130319587,-782.278156523,0
0.04474,784.842166672,19586.9609405,598.381085793,4.44813457759,31.8675478804,-36.3156824578,0.137097065829,782.101242686,-782.238339752,0
0.04476,784.823380717,20083.8280064,621.566684745,4.32282446281,32.809599507,-37.1324239704,-784.380938996,782.073662765,2.30727623063,0
0.04478,784.80624849,20497.8959277,-505.332735834,1.83146723692,34.9316446839,-36.7631119216,-784.340739757,782.047766872,2.29297288433,0
0.0448,784.828560733,19787.9770871,-931.993307569,0.612904245457,34.3690090581,-34.9819133051,0.168780523219,-786.975307486,786.806526962,0
0.04482,784.85922986,18938.8266638,-513.274368872,1.1185697407,32.6070182104,-33.725587951,0.157442241561,782.127558994,-782.285001236,0
0.04484,784.840341055,19499.8476401,613.011321208,3.23049658716,32.42834929,-35.6588458757,0.145989262784,782.099897245,-782.245886508,0
0.04486,784.822349991,19988.6947176,473.661257229,2.74230843218,33.5470869308,-36.2893953639,-784.368318253,782.073159745,2.2951585075,0
0.04488,784.803799082,20442.9937067,-595.081361258,0.343166212521,35.6187624139,-35.9619286266,-784.327413255,782.045887792,2.28152546279,0
0.0449,784.825544599,19752.9670413,-937.740478193,-0.659005414979,34.9441647722,-34.2851593567,786.803552591,-786.97168336,0.168130768868,0
0.04492,784.856583843,18898.4295404,-328.857145799,0.289366301078,32.9575476889,-33.2469139892,0.163340906123,782.1255537,-782.288894606,0
0.04494,784.838617127,19425.1941273,858.359729143,2.49204219501,32.7307165359,-35.2227587304,0.151193370949,782.098841916,-782.250035287,0
0.04496,784.821064609,19916.7983195,555.756364876,1.64022315623,34.0289765256,-35.6691996829,-784.359112996,782.072565893,2.28654710276,0
0.04498,784.801603792,20407.685799,-452.350169546,-0.664219531591,36.051496223,-35.3872766916,-782.218017378,782.044402093,0.173615284932,0
0.045,784.823018012,19731.3314536,-770.953873131,-1.57370300378,35.3292405128,-33.7555375094,786.807524872,-786.968434044,0.160909171723,0
0.04502,784.854492667,18859.9520383,-143.630621765,-0.532826598207,33.2955458965,-32.7627192971,2.26914185113,782.124193506,-784.393335357,0
0.04504,784.837452325,19350.5135292,1104.80777783,1.76338138602,33.0216060002,-34.7849873854,0.156291122289,782.098411523,-782.254702646,0
0.04506,784.819979926,19857.1372629,639.229573733,0.548048336954,34.5017694239,-35.0498177615,-784.350203474,782.072214155,2.2779893191,0
0.04508,784.799626996,20382.5257882,-305.718238291,-1.65895572051,36.4761977912,-34.8172420722,-782.208943393,782.043151962,0.16579143093,0
0.0451,784.820714777,19719.0035053,-600.520236397,-2.47728715644,35.7094806805,-33.2321935233,786.811640758,-786.965415289,0.153774531065,0
0.04512,784.852617312,18830.1492006,44.0464658746,-1.34545879889,33.6319084478,-32.2864496483,2.27488682486,782.123017687,-784.397904512,0
0.04514,784.836484275,19282.4732993,1353.37772421,1.04575744113,33.3125408467,-34.3582982871,0.161333916221,782.098122245,-782.259456161,0
0.04516,784.818636901,19821.845307,616.915550593,-0.755483194842,35.0882174619,-34.3327342672,-782.239410562,782.071524308,0.167886254522,0
0.04518,784.797162797,20380.4190569,-265.097818625,-2.86802390698,37.018448406,-34.150424499,-782.197722601,782.041310599,0.156412002178,0
0.0452,784.817831696,19729.5959276,-535.325941072,-3.59484431065,36.2094920511,-32.6146477399,786.816845519,-786.961944536,0.145099016421,0
0.04522,784.850251003,18823.2516497,126.322783196,-2.37172463312,34.0902690506,-31.7185444178,2.28230995701,782.1211991,-784.403509057,0
0.04524,784.835211706,19240.0133289,1440.4754515,0.00173723098335,33.7842450648,-33.7859822959,-784.366291321,782.097352735,2.26893858629,0
0.04526,784.81650533,19810.4164544,701.220314058,-1.84067157452,35.5854479656,-33.7447763917,-782.229366897,782.069846374,0.159520523289,0
0.04528,784.794085723,20399.4073716,-118.284212979,-3.86207627797,37.475522671,-33.6134463942,-782.187389893,782.038633044,0.148756849837,0
0.0453,784.814405383,19759.727436,-363.639704777,-4.49799093848,36.6270035563,-32.1290126176,786.820022498,-786.958177605,0.138155107705,0
0.04532,784.847230821,18834.6890828,314.456150648,-3.18420299739,34.4688095511,-31.2846065536,2.2882650513,782.118455906,-784.406720957,0
0.04534,784.83297999,19211.1553906,1685.54830863,-0.720004076185,34.1242431947,-33.4042391184,-782.258750918,782.095329744,0.163421174394,0
0.04536,784.813449544,19817.3849208,911.169650558,-2.67278444372,35.9879268575,-33.3151424138,-782.220138152,782.066926363,0.153211789084,0
0.04538,784.790273976,20433.8534854,154.95235514,-4.60380457524,37.8405685856,-33.2367640112,-782.178044275,782.034879479,0.143164796464,0
0.0454,784.810319909,19803.63862,-65.3331415668,-5.14958251212,36.955215022,-31.8056325088,786.820836038,-786.954116287,0.133280249317,0
0.04542,784.843417531,18858.6258355,628.481185558,-3.74591301901,34.7607811841,-31.0148681646,2.29253345955,782.11453145,-784.407064909,0
0.04544,784.829168753,19238.6658143,1723.98307416,-1.87414722093,34.7215856855,-32.8474384658,-782.246182253,782.091315798,0.15486645545,0
0.04546,784.808494133,19871.9792644,1014.06878722,-3.736135669,36.5494869103,-32.8133512428,-782.207058185,782.061672108,0.145386077142,0
0.04548,784.784249062,20514.5870624,322.515800025,-5.57661794933,38.3669297549,-32.7903118067,-782.164523489,782.02845502,0.136068468606,0
0.0455,784.803899649,19893.6034887,128.140962064,-6.03212698292,37.4469848308,-31.4148578481,786.82128735,-786.948201004,0.126913653691,0
0.04552,784.840483085,18840.8375692,767.003875975,-4.65208449476,35.104942891,-30.4528583962,2.29878512543,782.112686244,-784.411471369,0
0.04554,784.826416166,19225.7887188,1698.78185865,-3.14495039533,35.2598698677,-32.1149194731,-782.234384229,782.089534385,0.144849844664,0
0.04556,784.804709048,19884.630964,1054.02415888,-4.91630650982,37.0547134849,-32.1384069753,-782.194846113,782.058735611,0.136110501647,0
0.04558,784.779500336,20551.822106,427.803441816,-6.66642792359,38.8396838532,-32.1732559298,-782.151961942,782.024427803,0.127534139393,0
0.0456,784.802729579,19832.6474704,296.100900748,-6.91830797269,37.660766627,-30.7424586534,786.825617094,-786.944737847,0.119120752808,0
0.04562,784.839753547,18762.2774526,946.488385211,-5.44870735678,35.2879220887,-29.8392147304,2.30368313571,782.114110028,-784.417793164,0
0.04564,784.825142645,19186.6932774,1606.61306207,-4.53401073631,35.7534912305,-31.2194804958,-782.2236973,782.090269952,0.133427348131,0
0.04566,784.802484558,19869.4734895,1027.73380127,-6.21497889086,37.5180065511,-31.3030276617,-782.183811796,782.058371553,0.125440243227,0
0.04568,784.776388011,20559.656669,467.542604048,-7.87500086044,39.2732346324,-31.3982337732,-782.140638999,782.023022835,0.117616163976,0
0.0457,784.799327649,19847.9749361,358.845327049,-8.03707994546,38.0651752706,-30.0280953251,786.829831066,-786.939786143,0.109955076348,0
0.04572,784.836854154,18759.9882017,1020.91666059,-6.47798221218,35.6637848975,-29.1858026839,2.310708824,782.112598381,-784.423307205,0
0.04574,784.821480121,19217.446597,1522.10461825,-5.92844432675,36.3285677722,-30.400123447,-782.210187225,782.08782883,0.122358394989,0
0.04576,784.7977139,19921.8774239,1010.20066287,-7.51957418671,38.0652324848,-30.5456582987,-782.169782032,782.054651612,0.115130419984,0
0.04578,784.770567932,20632.7643152,517.106116401,-9.09006200948,39.7931954577,-30.7031334483,-782.12614381,782.018078453,0.108065356654,0
0.0458,784.79316644,19927.5915389,432.023407771,-9.16292629995,38.5584811159,-29.395554815,786.831765619,-786.932928761,0.10116314207,0
0.04582,784.834073606,18740.7534798,1027.21985317,-7.62856803807,36.0174079066,-28.3888398675,2.31822986813,782.112034533,-784.430264401,0
0.04584,784.81757084,19243.6599393,1372.38797945,-7.44448203147,36.8840809209,-29.4395988895,-782.195920191,782.085944607,0.10997558374,0
0.04586,784.792733649,19968.0441915,928.181322787,-8.94617831393,38.5956182033,-29.6494398909,-782.155016832,782.051500525,0.103516307367,0
0.04588,784.76456986,20697.9381895,502.879909558,-10.427553072,40.2990388302,-29.8714857584,-782.110929067,782.013709404,0.0972196629456,0
0.0459,784.790906571,19888.8080414,468.234849344,-10.2981018805,38.813315596,-28.5152137151,786.8364558,-786.927541359,0.0910855587179,0
0.04592,784.832312194,18686.5059137,1071.30885321,-8.67553558976,36.2493761788,-27.5738405882,2.32462454722,782.113188275,-784.437812822,0
0.04594,784.814309295,19246.5093957,1263.6224071,-8.85774007879,37.3208466719,-28.4631065947,-782.183408526,782.085381694,0.0980268320894,0
0.04596,784.788633125,19988.4266353,887.432417947,-10.2709536193,39.010211576,-28.7392579578,-782.142219464,782.049877943,0.0923415212312,0
0.04598,784.759676836,20734.9141937,530.214589807,-11.6641818254,40.6920446089,-29.027862785,-782.09788787,782.011069465,0.086818404364,0
0.046,784.78579591,19930.2379946,515.987158961,-11.4469340022,39.1853402846,-27.7384062811,786.838949424,-786.920406785,0.0814573609874,0
0.04602,784.830390789,18636.4512463,1043.71659442,-9.85056421682,36.4873755723,-26.6368113553,2.33168968729,782.11476202,-784.446451707,0
0.04604,784.810403286,19265.6276296,1087.37938557,-10.3995084837,37.7663057276,-27.3667972441,-782.16956638,782.084729937,0.0848364433774,0
0.04606,784.78387022,20023.317961,779.927689977,-11.7247983265,39.4362059193,-27.7114075927,-782.128057364,782.048124318,0.0799330459313,0
0.04608,784.754098168,20784.6406762,491.48902475,-13.0304546212,41.0991572518,-28.0687026322,-782.083442274,782.008251035,0.075191239679,0
0.0461,784.784131925,19872.530749,517.726860839,-12.6124763448,39.3471278612,-26.7346515166,786.843922088,-786.914532963,0.0706108755061,0
0.04612,784.82918022,18565.7501384,1050.04155871,-10.9294989047,36.6319489035,-25.7024499991,2.33780722735,782.117500391,-784.455307618,0
0.04614,784.806803964,19275.3484622,949.449077878,-11.8461750332,38.1212268733,-26.2750518418,-782.15695912,782.084814736,0.0721443836824,0
0.04616,784.779590823,20046.3590658,711.012524125,-13.0846433895,39.7745969496,-26.6899535601,-782.115286787,782.047260236,0.068026550513,0
0.04618,784.749173384,20820.0720723,491.600679367,-14.3038448617,41.4215995262,-27.1177546647,-782.070538328,782.00646878,0.0640695486946,0
0.0462,784.779063216,19910.7097849,535.105013543,-13.7997926156,39.654225421,-25.8544328041,786.846325448,-786.906598649,0.0602732006409,0
0.04622,784.826444216,18541.5658613,932.793179614,-12.2584678945,36.8674873288,-24.6090194353,-782.180806605,782.119053848,0.061752757395,0
0.04624,784.801677048,19322.0565652,745.054404308,-13.4297781561,38.512900144,-25.0831219879,-782.141955822,782.083689103,0.0582667188677,0
0.04626,784.773712858,20104.5513359,576.344839175,-14.5821306439,40.1524190856,-25.5702884431,-782.100032275,782.045091486,0.0549407887211,0
0.04628,784.742573948,20888.821023,426.645019099,-15.7155976941,41.7861487819,-26.0705510894,-782.055057381,782.003282615,0.0517747667175,0
0.0463,784.776501857,19869.3173094,500.617202114,-15.0126979935,39.7790854321,-24.7663874389,786.850452916,-786.899221363,0.0487684469836,0
0.04632,784.821471124,18582.7758285,696.922813762,-13.8413912226,37.2080990839,-23.3667078628,-782.166215837,782.118589254,0.0476265829628,0
0.04634,784.796052024,19373.1772503,579.172515511,-14.92743827,38.8419860104,-23.9145477418,-782.127197068,782.082261521,0.0449355471342,0
0.04636,784.76746051,20164.6605472,480.415554682,-15.9949205319,40.4705549674,-24.4756344365,-782.085125298,782.042721729,0.042403569311,0
0.04638,784.735717653,20957.0003709,400.623871844,-17.0439128424,42.0939099491,-25.0499971084,-782.040020705,781.999990284,0.0400304211298,0
0.0464,784.769545693,19938.8525782,488.782212584,-16.2569530649,40.077079893,-23.8201268283,786.851208,-786.889023869,0.0378158686279,0
0.04642,784.817539215,18570.0517471,406.700012698,-15.4566584556,37.383235773,-21.926577318,-782.153331909,782.120982315,0.0323495941504,0
0.04644,784.791791993,19368.5387294,358.94118247,-16.4585158762,39.0087257954,-22.5502099192,-782.11444795,782.08398948,0.0304584700625,0
0.04646,784.762889641,20167.1947672,330.115134638,-17.4422162925,40.6294710196,-23.1872547278,-782.07252337,782.043798178,0.028725192033,0
0.04648,784.73085203,20965.7985081,320.18529468,-18.4078369369,42.2455746617,-23.8377377258,-782.027577138,782.000427634,0.0271495038087,0
0.0465,784.764635809,19949.089988,422.313199044,-17.5379297207,40.2220881827,-22.6841584619,786.853428041,-786.879159184,0.0257311435778,0
0.04652,784.813797092,18547.3399456,103.776559634,-17.0529355181,37.4652824303,-20.4123469115,-782.141198168,-2.38938813476,784.530586303,0
0.04654,784.789031869,19321.4859407,79.1304042157,-18.0285975487,39.0286297281,-21.0000321808,-782.103737898,782.088880725,0.0148571730863,0
0.04656,784.760103771,20125.497225,120.23804068,-18.9296730243,40.6446538605,-21.7149808379,-782.062224303,782.048297764,0.0139265389984,0
0.04658,784.728049358,20928.5571294,180.148223453,-19.813093135,42.2566052419,-22.4435121075,-782.017693032,782.004540937,0.0131520947969,0
0.0466,784.757594183,20026.7504892,293.779057765,-18.974928783,40.456567796,-21.4816390132,786.854743808,-786.867277359,0.0125335510882,0
0.04662,784.806200163,18639.5527373,-21.9797130751,-18.4083581148,37.6962956841,-19.2879375694,-782.125669059,-2.38492115434,784.510590213,0
0.04664,784.785154837,19302.6550071,-168.642520304,-19.5298347178,39.0297576076,-19.4999228913,-782.092349041,782.0924986,-0.000149559131671,0
0.04666,784.756239372,20109.5132601,-57.4211440117,-20.3497327542,40.6438906022,-20.2941578488,-782.051263421,782.051541296,-0.000277874525523,0
0.04668,784.724200761,20914.5314505,72.4795994769,-21.1524125028,42.2545146937,-21.1021021918,-782.007158292,782.007409843,-0.000251551553731,0
0.0467,784.753759473,20013.5349155,203.521021272,-20.2339553879,40.4537293949,-20.2197740058,786.857190039,-786.857119132,-7.09069104232e-05,0
0.04672,784.801843378,18640.8701574,-109.670071212,-19.5875315957,37.693275501,-18.1057439055,-782.115431508,-2.37899508514,784.494426593,0
0.04674,784.784381516,19203.0192451,-385.857749925,-20.8566062336,38.8001000795,-17.9434938467,-782.086090151,782.100655712,-0.0145655618616,0
0.04676,784.75592587,20010.3842385,-205.078940254,-21.5970798377,40.4156321533,-18.818552316,-782.045854476,782.059747114,-0.0138926375387,0
0.04678,784.724342196,20815.0370964,-5.7703046015,-22.3207851883,42.0282150595,-19.7074298714,-782.002589361,782.015656138,-0.0130667765189,0
0.0468,784.754013186,19914.3628636,142.090191522,-21.3238048752,40.2299452406,-18.9061403651,786.861774078,-786.849685756,-0.0120883224899,0
0.04682,784.799494664,18617.6197993,-262.327208306,-20.8265821908,37.586196909,-16.7596147178,-782.107422934,-2.37172904628,784.47915198,0
0.04684,784.785125996,19089.8335069,-674.420344692,-22.2446297955,38.4693572137,-16.2247274186,-782.081548227,782.111647739,-0.0300995117337,0
0.04686,784.75732394,19895.9075436,-424.085102246,-22.9070215302,40.089302975,-17.1822814462,-782.042334484,782.070958184,-0.028623700277,0
0.04688,784.726382315,20698.4079869,-155.39390219,-23.5531078266,41.7068537379,-18.1537459113,-782.000074674,782.027071483,-0.0269968094413,0
0.0469,784.752008588,19911.1071026,17.4508484873,-22.5924893175,40.1411366995,-17.5486473806,786.86566886,-786.840449651,-0.0252192095586,0
0.04692,784.796822571,18631.882599,-381.477805017,-22.0183354708,37.5029787137,-15.4846432431,-782.099208165,-2.36493809796,784.464146263,0
0.04694,784.784915396,19024.7208702,-935.15595389,-23.5870164361,38.165171735,-14.5781553006,-782.076146621,782.121190926,-0.0450443054524,0
0.04696,784.757714349,19827.0057495,-615.159225151,-24.1729538117,39.7922665065,-15.619312695,-782.037880413,782.080648619,-0.0427682053695,0
0.04698,784.727356911,20624.8673142,-277.009701746,-24.743059757,41.417513475,-16.6744537184,-781.996546211,782.036889241,-0.0403430299908,0
0.047,784.753152594,19836.6465688,-83.6793011531,-23.7069340572,39.8600328902,-16.1530988329,786.870979571,-786.833210395,-0.0377691759325,0
0.04702,784.794976941,18642.1027495,-566.749284098,-23.2849956632,37.3442738275,-14.059278163,-782.091822759,-2.35701774817,784.448840507,0
0.04704,784.783564139,19011.8490639,-1164.98692788,-24.8922177534,37.9019745004,-13.0097567479,-782.069585344,782.128997649,-0.0594123047306,0
0.04706,784.756883361,19807.8332583,-775.273086016,-25.4033831983,39.5389165451,-14.1355333471,-782.032164028,782.088503277,-0.0563392489743,0
0.04708,784.727024259,20598.5568102,-367.638941804,-25.8992019048,41.1745503742,-15.2753484704,-781.991647664,782.044766931,-0.0531192669066,0
0.0471,784.748811527,19920.800024,-138.567999227,-24.9028083324,39.8550604075,-14.9522520746,786.872593012,-786.822840231,-0.0497527810404,0
0.04712,784.789912819,18745.4884022,-612.61918784,-24.4073166502,37.3502942714,-12.9429776207,-782.08111693,-2.3514663477,784.432583278,0
0.04714,784.779902968,19054.3696515,-1360.76265151,-26.1686289733,37.6923358373,-11.5237068649,-782.06059031,782.13381492,-0.0732246101758,0
0.04716,784.753640551,19841.5287169,-901.332242736,-26.606755519,39.3417817313,-12.7350262141,-782.02389003,782.093248677,-0.0693586461776,0
0.04718,784.724172921,20622.6029195,-424.243378068,-27.0300302122,40.990450802,-13.9604205909,-781.984062682,782.04941073,-0.0653480477794,0
0.0472,784.746096987,19941.3801326,-170.924070724,-25.9615940922,39.6845355272,-13.7229414353,786.874319777,-786.813126514,-0.0611932629783,0
0.04722,784.786533042,18785.0731292,-635.809295134,-25.3945547113,37.1938738668,-11.7993191557,-782.073583064,-2.34496595339,784.418549018,0
0.04724,784.777667418,19044.5840339,-1538.61056248,-27.3120200129,37.323319917,-10.0112999044,-782.054482884,782.140986485,-0.0865036001102,0
0.04726,784.752133742,19820.6569815,-1010.1604258,-27.6791343779,38.9883718141,-11.3092374366,-782.018788377,782.100637861,-0.0818494842969,0
0.04728,784.723360744,20589.8395437,-464.339140058,-28.0319022237,40.6531710065,-12.6212687846,-781.979927544,782.056980711,-0.0770531668102,0
0.0473,784.745521461,19904.4376671,-187.281435294,-26.8934668372,39.3639094649,-12.4704426263,786.876800484,-786.804685364,-0.0721151206936,0
0.04732,784.782641943,18842.4866361,-725.845737382,-26.4841527767,37.0040284073,-10.5198756292,-782.065193203,-2.33761950849,784.402812712,0
0.04734,784.774233093,19064.84169,-1786.80479256,-28.5594065281,36.9236553532,-8.36424882577,-782.046809949,782.147785737,-0.100975788007,0
0.04736,784.749490535,19827.9791989,-1189.41299655,-28.8571114032,38.6071220345,-9.75001063301,-782.012161534,782.107697037,-0.0955355033734,0
0.04738,784.721468739,20583.4335723,-574.961688129,-29.1409853321,40.2908514822,-11.1498661507,-781.974301722,782.064257317,-0.0899555954574,0
0.0474,784.739810022,20003.889628,-248.605536757,-28.0477192207,39.2481259828,-11.2004067623,786.87628139,-786.792044828,-0.0842365618706,0
0.04742,784.776108689,18962.9105972,-773.942289582,-27.5703053106,36.9077372116,-9.33743189955,-782.053710642,-2.3312258339,784.384936476,0
0.04744,784.768231226,19128.4118834,-2102.94363204,-29.9189220181,36.5063722934,-6.58745027553,-782.03609692,782.152754278,-0.11665735813,0
0.04746,784.744320754,19876.727802,-1436.68052054,-30.1488654726,38.2110105669,-8.06214509601,-782.00251354,782.112947141,-0.110433601331,0
0.04748,784.717085496,20616.5809898,-753.694011676,-30.3655032751,39.9164178684,-9.55091459373,-781.965668057,782.069741,-0.104072942887,0
0.0475,784.735737239,20031.1226205,-399.845649119,-29.2055343858,38.8958877804,-9.69035339324,786.876236492,-786.778660587,-0.0975759044751,0
0.04752,784.77116946,19011.5491714,-911.578100165,-28.6619395131,36.5781988827,-7.91625936979,-782.044960934,-2.32247227965,784.367433214,0
0.04754,784.762160928,19181.6913816,-2351.42325317,-31.115399242,36.0294934332,-4.91409419159,-782.026428631,-2.3047179266,784.331146557,0
0.04756,784.73955439,19899.0669615,-1670.98560653,-31.3365953197,37.701410165,-6.36481484579,-781.994356529,782.119215431,-0.124858901745,0
0.04758,784.713327985,20621.0912459,-920.207290695,-31.4881718969,39.4314411434,-7.94326924731,-781.958722086,782.076446599,-0.117724512659,0
0.0476,784.732375913,20028.8529164,-539.293770457,-30.2636824913,38.4360403964,-8.17235790404,786.875866669,-786.765410047,-0.110456622384,0
0.04762,784.766996614,19030.2603488,-1037.004197,-29.6560975597,36.1439736997,-6.48787613916,-782.037988423,-2.31315923763,784.351147661,0
0.04764,784.756080455,19250.2031855,-2425.8296207,-32.0460802154,35.6213635209,-3.57528330519,-782.017735403,-2.29598322265,784.313718625,0
0.04766,784.735304967,19901.5316907,-1895.93427661,-32.4312997714,37.092896778,-4.66159700832,-781.98767615,782.126524663,-0.138848513121,0
0.04768,784.710280297,20603.5338347,-1078.12597133,-32.5200296588,38.8504447766,-6.33041511888,-781.953420091,782.084368163,-0.130948072045,0
0.0477,784.729798277,20003.6638332,-670.552736807,-31.2332409628,37.8830540032,-6.64981303899,786.875371893,-786.752454754,-0.122917139004,0
0.04772,784.763655979,19025.6112759,-1153.78908728,-30.5638954122,35.6194779758,-5.05558256238,-782.032731278,-2.30337529117,784.336106569,0
0.04774,784.750999621,19293.6770699,-2490.27370241,-32.8926415807,35.1258226119,-2.23318102993,-782.010899467,-2.28679500678,784.297694473,0
0.04776,784.731241534,19910.9270208,-2005.06438404,-33.3306685398,36.513279055,-3.18261051607,-781.982013963,782.132754252,-0.150740289365,0
0.04778,784.707357684,20590.1119885,-1121.10708222,-33.3590336095,38.3009479047,-4.94191429585,-781.949049943,782.091135539,-0.142085595858,0
0.0478,784.727319832,19981.0643595,-687.363220394,-32.012433824,37.3641594707,-5.35172564665,786.874194941,-786.7408914,-0.13330354022,0
0.04782,784.760560481,19022.2853452,-1155.74876991,-31.2838226369,35.1316554624,-3.84783282488,-782.028475256,-2.29489742996,784.323372686,0
0.04784,784.746535724,19335.8882584,-2438.68804824,-33.5538358999,34.6695263813,-1.11569048036,-782.005411079,-2.27892607291,784.284337152,0
0.04786,784.727736729,19906.7786702,-2110.02383575,-34.1607027328,35.8619445899,-1.70124185833,-781.977615659,782.139912962,-0.162297303561,0
0.04788,784.705132251,20561.0363727,-1160.75994851,-34.1309867576,37.6825176704,-3.55153091297,-781.946056896,782.098954174,-0.152897278459,0
0.0479,784.725590882,19941.9993236,-701.252330248,-32.7268653103,36.7791012821,-4.05223597182,786.873112857,-786.729739711,-0.143373145975,0
0.04792,784.758249244,19002.0337653,-1154.31324329,-31.9412851097,34.58042604,-2.63914092981,-782.025632855,-2.28609782342,784.311730678,0
0.04794,784.742975906,19359.4612616,-2382.2915844,-34.1547197624,34.1527222332,0.00199752921699,-782.001430863,-0.170753622666,782.172184485,0
0.04796,784.72465542,19909.6803265,-2097.55334447,-34.8145334033,35.2710406183,-0.456507215848,-781.974219716,782.146009846,-0.171790130078,0
0.04798,784.703205766,20536.2870944,-1083.99498307,-34.7292931843,37.1269988218,-2.39770563837,-781.943916473,782.10557441,-0.161657936921,0
0.048,784.724109374,19905.7375461,-599.26564927,-33.2702117943,36.2594223032,-2.98921050746,786.871749686,-786.720344681,-0.151405005678,0
0.04802,784.756321083,18983.2781936,-1036.65694013,-32.4302301785,34.0970315705,-1.66680139218,-782.02367694,-2.27881915342,784.302496094,0
0.04804,784.740132422,19382.0106798,-2206.94516712,-34.587988547,33.707871642,0.880116905412,-781.998645288,-0.164138772862,782.162784061,0
0.04806,784.722031818,19905.8576181,-2081.44427784,-35.4202317631,34.6376219422,0.782609819786,-781.971734716,784.252748913,-2.28101419651,0
0.04808,784.701813996,20502.9443851,-1002.29264516,-35.2795376944,36.5339021791,-1.2543644855,-781.942738964,782.112864829,-0.170125865194,0
0.0481,784.723190438,19860.0700233,-492.759107724,-33.7678550659,35.7048048741,-1.93694980782,786.87054588,-786.711391354,-0.159154525495,0
0.04812,784.754981226,18954.5919062,-913.997919602,-32.875836748,33.5813245611,-0.70548781209,-782.022687585,-2.27143405051,784.294121636,0
0.04814,784.737961363,19392.7234495,-2024.7960298,-34.9796847624,33.233929987,1.74575477548,-781.996885456,-0.15744087527,782.154326331,0
0.04816,784.719716394,19902.2449551,-2061.19934696,-35.9881488472,33.976299804,2.01184904245,-781.969886318,784.259886296,-2.289999978,0
0.04818,784.700783859,20467.6885018,-916.349617928,-35.7933131966,35.9165597241,-0.123246528238,-781.942226661,782.120576994,-0.17835033245,0
0.0482,784.722650939,19811.6753305,-382.411799657,-34.2314149613,35.1285165672,-0.897101605665,786.869442739,-786.702771173,-0.166671565945,0
0.04822,784.75060564,19018.8241012,-844.990988108,-33.5158716037,33.1611659671,0.35470563679,-782.017212618,-0.164032300832,782.181244919,0
0.04824,784.73237488,19494.5754786,-1895.13878693,-35.5684853248,32.857080323,2.71140500171,-781.990239218,-0.150728375853,782.140967594,0
0.04826,784.713255515,20002.2370658,-2093.42719278,-36.7551351688,33.4143132257,3.3408219419,-781.96240044,784.262880214,-2.30047977405,0
0.04828,784.69542376,20533.9041837,-885.969205718,-36.5109779924,35.397929912,1.11304807956,-781.935871387,784.223991506,-2.28812011892,0
0.0483,784.714108102,19963.4831896,-211.034238874,-34.9514344295,34.9432374582,0.00819697102521,786.863573604,-0.174675201563,-786.688898402,0
0.04832,784.745048351,19089.5604432,-526.002315147,-33.8891627499,32.9771660196,0.911996730871,-782.010708873,-0.160325845642,782.171034719,0
0.04834,784.726137434,19599.0911897,-1516.45734758,-35.8951304087,32.7167025014,3.1784279087,-781.983070436,-0.147691372225,782.130761808,0
0.04836,784.705937423,20115.5193449,-1877.17480964,-37.2629281143,33.0907321854,4.17219592859,-781.954161288,784.261336897,-2.30717560868,0
0.04838,784.688731362,20610.1313429,-609.054376059,-36.9728282591,35.1192082564,1.85362000278,-781.928263346,784.222395576,-2.29413222984,0
0.0484,784.711303867,19922.8158168,35.1143620547,-35.2543816115,34.4826905251,0.771691085828,786.85998137,-0.168554996354,-786.691426374,0
0.04842,784.742170988,19058.1539583,-161.080278244,-34.0440905343,32.6662462327,1.37784430141,-782.00861147,-0.156442008874,782.165053479,0
0.04844,784.723004114,19599.4028722,-1091.47992426,-36.0062979318,32.4520985217,3.55419941088,-781.980704299,-0.144489494831,782.125193793,0
0.04846,784.701353328,20141.3840876,-1726.07872055,-37.6718214197,32.5319182788,5.13990314065,-781.950326796,784.264385408,-2.31405861123,0
0.04848,784.685230642,20597.5259449,-398.825255538,-37.3384300757,34.6081595596,2.7302705145,-781.92548986,784.225833352,-2.30034349145,0
0.0485,784.708255572,19892.0239861,268.273987008,-35.5772816431,34.0198012775,1.55748036506,786.856233129,-0.162311603751,-786.693921525,0
0.04852,784.738964591,19035.7177963,89.8615187522,-34.3248690275,32.2518976501,2.07297137787,-782.006072924,-0.150894630607,782.156967555,0
0.04854,784.719289369,19607.5731833,-779.162193998,-36.2455227588,32.0866566888,4.15886606978,-781.977620639,-0.139638952397,782.117259591,0
0.04856,784.696164917,20186.9193192,-1574.77993139,-38.0974009425,31.9884238361,6.10897710511,-781.94572796,784.266759839,-2.32103187863,0
0.04858,784.6810947,20602.6956425,-189.461909223,-37.7231648553,34.1147578932,3.60840696159,-781.921897254,784.228555101,-2.30665784755,0
0.0486,784.704559873,19878.2311419,500.142248434,-35.9217655729,33.5768744385,2.34489113399,786.852045215,-0.156159915742,-786.695885299,0
0.04862,784.73509851,19029.6527597,339.912004675,-34.6296848979,31.859813513,2.7698713859,-782.002643184,-0.145449709908,782.148092894,0
0.04864,784.71486669,19630.1262422,-466.663498954,-36.5112384981,31.745765554,4.76547294367,-781.973573837,-0.134901462377,782.108475299,0
0.04866,784.690956716,20241.290229,-1255.14674591,-38.3814366748,31.6422431233,6.73919355218,-781.940830484,-0.124515247233,782.065345731,0
0.04868,784.675364383,20644.8364135,-89.5823841177,-38.252818862,33.5369155635,4.71590329756,-781.916407878,784.231251477,-2.31484359922,0
0.0487,784.699353601,19901.2128256,622.419567654,-36.4134008277,33.0519796999,3.36142112674,786.846672646,-0.148452792123,-786.698219854,0
0.04872,784.729637241,19060.3756337,481.09862997,-35.0838861252,31.3882215258,3.69566460077,-781.997268869,-0.138462783933,782.135731653,0
0.04874,784.708553631,19688.1884733,-261.669028542,-36.9285690606,31.327807769,5.60076129234,-781.967263914,-0.12863523174,782.095899146,0
0.04876,784.683867737,20325.7529322,-986.134126059,-38.7624803645,31.2782583143,7.48422205024,-781.933656211,-0.118970180725,782.052626392,0
0.04878,784.667603524,20725.1492262,15.8252234384,-38.8251506937,33.000244222,5.8249064705,-781.908468717,784.231718991,-2.3232502742,0
0.0488,784.692090512,19961.5238895,749.865822672,-36.9501906448,32.5704200253,4.37977061822,786.839685708,-0.140953246331,-786.698732462,0
0.04882,784.725735952,19021.9995445,668.252414448,-35.3585177789,30.848516145,4.51000163466,-781.994692949,-0.131692571893,782.126385521,0
0.04884,784.70415095,19674.8939724,-10.3858428418,-37.1692866246,30.8441126037,6.32517402093,-781.964076121,-0.122594692301,782.086670813,0
0.04886,784.679032461,20336.6058835,-670.538665825,-38.969870386,30.8508976279,8.11897275824,-781.929920788,-0.11365962378,782.043580412,0
0.04888,784.661187487,20763.3419212,58.7184798257,-39.3403511555,32.2889774677,7.05137368644,-781.903033011,784.234991624,-2.33195861255,0
0.0489,784.689621017,19892.8021808,742.265016963,-37.3190313503,31.6897533551,5.62927799437,786.834657083,-0.130302376152,-786.704354707,0
0.04892,784.723107501,18959.6699055,676.477747339,-35.6953602368,30.0263125554,5.66904768206,-781.994491303,-0.121786323758,782.116277627,0
0.04894,784.700890166,19636.8768644,62.9697361973,-37.4747078324,30.0806771579,7.39403067582,-781.963105408,-0.113433231843,782.07653864,0
0.04896,784.675203601,20321.9610111,-531.89034132,-39.2444573017,30.1465374727,9.09791982885,-781.928240794,-0.105243087693,782.033483881,0
0.04898,784.656300461,20773.3634501,36.738825608,-39.8117813526,31.4169007887,8.39488056329,-781.900149217,784.241182515,-2.34103329787,0
0.049,784.685416227,19884.7288706,738.298842039,-37.760360718,30.87782531,6.88253540795,786.828599299,-0.11997644891,-786.70862285,0
0.04902,784.718711933,18957.2621841,688.884398244,-36.1071781469,29.2748388326,6.83233931423,-781.991794014,-0.112212497031,782.104006511,0
0.04904,784.695715968,19656.5570945,141.583846412,-37.8575839394,29.3899432555,8.46764068411,-781.959470499,-0.104611512334,782.064082011,0
0.04906,784.669310565,20362.7876624,-386.935482356,-39.5989783907,29.5168345614,10.0821438302,-781.923723667,-0.0971734531697,782.02089712,0
0.04908,784.648745399,20850.8043829,23.7310340145,-40.3656704828,30.6213748824,9.74429559983,-781.89380234,784.244352158,-2.35054981866,0
0.0491,784.678499001,19943.2594531,743.128495079,-38.2866382508,30.1443726887,8.14226556072,786.820646198,-0.11001053509,-786.710635663,0
0.04912,784.715299231,18911.5972179,741.027265094,-36.3792100198,28.4901419787,7.88906804086,-781.990944637,-0.103005369174,782.093950006,0
0.04914,784.691797513,19630.6433297,260.234815624,-38.1036367136,28.6681202361,9.43551647816,-781.957930895,-0.0961630183089,782.054093913,0
0.04916,784.664939324,20355.6897684,-201.671334388,-39.8196395909,28.858161035,10.9614785561,-781.921542488,-0.089483411947,782.0110259,0
0.04918,784.64245315,20892.1040018,53.5798979497,-40.7887040801,29.7989411113,10.9897629675,-781.889507092,784.248399415,-2.35889232344,0
0.0492,784.675908259,19885.5472772,710.449251849,-38.5714928893,29.1590535594,9.41243932884,786.814553134,-0.0987330706594,-786.715820063,0
0.04922,784.712614316,18857.9057908,721.408632844,-36.640232453,27.5697222453,9.07051020853,-781.991556709,-0.0924960597216,782.084052769,0
0.04924,784.688623685,19595.0625499,307.806575352,-38.3414027197,27.8128560044,10.5285467162,-781.957844559,-0.0864215460092,782.044266105,0
0.04926,784.66132406,20337.2851077,-86.8291871023,-40.0347359122,28.0683110129,11.9664249007,-781.920800992,-0.0805094301589,782.001310422,0
0.04928,784.636575708,20934.3413231,16.5859911307,-41.2089364498,28.8475368656,12.3613995825,-781.886285509,784.254137177,-2.36785166832,0
0.0493,784.670680039,19910.6209982,687.532265751,-38.9697848154,28.2740380938,10.6957467211,786.806891296,-0.0878914564244,-786.71899984,0
0.04932,784.711012926,18775.4461414,735.748754398,-36.7899265026,26.6377299915,10.1521965108,-781.99386681,-0.0824276669916,782.076294477,0
0.04934,784.686749113,19528.3574774,389.606646012,-38.4707928486,26.9479863446,11.522806504,-781.959647384,-0.0771258988171,782.036773282,0
0.04936,784.659217169,20285.4072297,62.4823988093,-40.1444082268,27.2708065309,12.8736016962,-781.922133262,-0.0719860238139,781.994119286,0
0.04938,784.631935977,20954.5577397,17.8606561086,-41.526738994,27.8903712293,13.6363677641,-781.884842593,784.260658115,-2.37581552191,0
0.0494,784.669539123,19838.9330038,617.942752758,-39.1550785072,27.1581594943,11.9969190127,786.801097456,-0.0758062020288,-786.725291254,0
0.04942,784.70982735,18706.4973475,675.977966412,-36.9570416815,25.5908596653,11.3661820158,-781.99708001,-0.0711233878917,782.068203398,0
0.04944,784.685251485,19473.4604523,397.982422879,-38.6203089062,25.9703499196,12.6499589872,-781.962290358,-0.0666019543291,782.028892312,0
0.04946,784.657443084,20243.6362537,139.030691502,-40.2769091293,26.3626290628,13.9142800673,-781.924237561,-0.0622417446665,781.986479305,0
0.04948,784.627181167,20996.750632,-48.7753645547,-41.8701153566,26.8245659599,15.0455493951,-781.883699928,784.26827824,-2.38457831184,0
0.0495,784.665395747,19866.0175757,562.11471422,-39.4821519505,26.1627175879,13.3194343613,786.793612237,-0.0642164158119,-786.729395821,0
0.04952,784.709376633,18623.4947565,647.332370224,-37.0411278652,24.5523673811,12.4887604852,-782.001401323,-0.0603180341782,782.061719357,0
0.04954,784.684649126,19402.1218792,437.715332499,-38.6897252765,25.0028862213,13.686839055,-781.966178235,-0.0565802355485,782.02275847,0
0.04956,784.656718296,20183.0441388,247.139358174,-40.3322376611,25.4664023381,14.8658353229,-781.927717263,-0.0530028348109,781.980720098,0
0.04958,784.62560685,20966.0312155,75.5877561526,-41.9687698418,25.9429490658,16.0258207762,-781.886040423,-0.0495856411999,781.935626064,0
0.0496,784.664628893,19816.1770859,453.6844533,-39.6244433269,24.9556948533,14.6687484727,786.787521726,-0.0514347316461,-786.736086995,0
0.04962,784.708587785,18575.4381842,545.576780952,-37.1708477244,23.4181172376,13.7527304878,-782.005635126,-0.0483269335076,782.05396206,0
0.04964,784.683615973,19363.9504708,405.019777661,-38.8074493348,23.9416004526,14.8658488824,-781.969862891,-0.0453787576239,782.015241649,0
0.04966,784.655465026,20153.8429548,283.474879776,-40.4385444176,24.4782712939,15.9602731238,-781.930873115,-0.0425899906375,781.973463106,0
0.04968,784.624156414,20944.8890238,180.916851332,-42.0642371919,25.0281599736,17.0360772194,-781.888686596,-0.039960413571,781.92864701,0
0.0497,784.660076522,19880.5145033,365.982928407,-39.936588925,23.8875001487,16.0490887753,786.77918911,-0.0391920566711,-786.739997053,0
0.04972,784.703991217,18640.839058,465.234814687,-37.4728517409,22.424096399,15.0487553421,-782.004498643,-0.0368767050998,782.041375348,0
0.04974,784.678441373,19436.7119721,394.640074072,-39.0998637999,23.0219179144,16.0779458869,-781.967824632,-0.0347198599636,782.002544492,0
0.04976,784.649732892,20233.0533626,342.996895864,-40.7219429611,23.6330994837,17.0888434779,-781.927949847,-0.0327212798657,781.960671127,0
0.04978,784.617886031,21029.6405845,310.271530525,-42.3391927177,24.2576681577,18.0815245614,-781.884893894,-0.030880717827,781.915774612,0
0.0498,784.654429017,19949.6815431,315.617289587,-40.2037049654,22.8514204485,17.3522845163,786.769696787,-0.0274956795233,-786.742201107,0
0.04982,784.698311275,18710.6006785,422.200095195,-37.7327057397,21.4637394161,16.2689663247,-782.002321216,-0.025973865327,782.028295081,0
0.04984,784.672268297,19511.356563,421.695400255,-39.3529980606,22.137427819,17.2155702429,-781.964808335,-0.0246092877576,781.989417622,0
0.04986,784.643081171,20311.6793203,440.052377007,-40.9689271636,22.8246313547,18.1442958091,-781.924105545,-0.0234016776111,781.947507223,0
0.04988,784.610768968,21111.3504932,477.228845196,-42.5805956804,23.5253738666,19.0552218149,-781.880231288,-0.0223507601468,781.902582048,0
0.0499,784.651820245,19914.1756899,305.639961927,-40.2132014978,21.7416079794,18.4715935172,786.761586435,-0.0163500722295,-786.745236363,0
0.04992,784.691869325,18788.924364,416.040809791,-37.9655274008,20.5449754606,17.4205519399,-781.999308977,-0.0156221175253,782.014931095,0
0.04994,784.665386879,19592.0865243,485.711766175,-39.5819467795,21.2959710845,18.2859756947,-781.960989457,-0.0150499768738,781.976039434,0
0.04996,784.635768916,20393.9246489,574.125187189,-41.1945679861,22.0606193528,19.133948633,-781.919485146,-0.0146333535262,781.9341185,0
0.04998,784.604172361,21165.4596024,633.183955985,-42.7466620906,22.7252794791,20.0213826111,2.42735969571,-784.317684001,781.890324305,0
0.05,784.646205963,19948.0818239,229.30895376,-40.3205724043,20.5656509927,19.7549214117,786.750629223,-0.00405364788452,-786.746575575,0
0.05002,784.686242023,18823.3033297,350.392185009,-38.0715543789,19.4480359322,18.6235184471,-781.998636238,-0.00412258740505,782.002758825,0
0.05004,784.659567504,19627.0748375,490.131140748,-39.6871642727,20.2781581296,19.409006144,-781.959733059,-0.00434575990653,781.964078819,0
0.05006,784.629759163,20428.6422225,648.468948429,-41.2995365311,21.1220524082,20.1774841242,-781.917643386,-0.00472284139664,781.922366227,0
0.05008,784.602277647,21091.7462923,580.833107449,-42.6246441585,21.4114780024,21.2131661546,2.4201805987,-784.303261361,781.883080763,0
0.0501,784.643663847,19891.8007954,184.543224213,-40.1999222182,19.3322727145,20.8676495035,786.741316965,0.00767688390641,-786.748993849,0
0.05012,784.67986723,18880.5704594,319.882798791,-38.1800654541,18.4088045671,19.7712608881,-781.996915046,0.00681228157077,781.990102765,0
0.05014,784.652995378,19682.4654366,529.729475731,-39.7976561859,19.3193103738,20.4783458118,-781.957402712,0.00579517716096,781.951607535,0
0.05016,784.622985851,20481.2878487,758.00208551,-41.4125638546,20.2436897656,21.1688740897,-781.91469675,0.00462592159715,781.910070829,0
0.05018,784.599218966,21046.1632769,557.247935753,-42.5135139371,20.1591999214,22.3543140148,2.41336355723,-784.288235551,781.874871994,0
0.0502,784.637677583,19925.8441167,76.54194767,-40.2064401672,18.0481198949,22.1583202707,786.728942527,0.0205510017764,-786.749493529,0
0.05022,784.673896198,18914.4342276,226.107596471,-38.1910413458,17.2065966724,20.9844446735,-781.996900174,0.018889239911,781.978010934,0
0.05024,784.647017417,19712.6406527,505.951074176,-39.8136124389,18.199119994,21.6144924462,-781.956945922,0.0170768621758,781.93986906,0
0.05026,784.616990492,20506.9175915,804.023142034,-41.4340492299,19.2056000015,22.2284492294,-781.913784413,0.0151142460639,781.898670167,0
0.05028,784.59662079,20984.7886344,464.177031594,-42.3138790329,18.748888064,23.5649909682,2.40531382346,-784.272532431,781.867218607,0
0.0503,784.634301668,19884.5327954,-5.78330337583,-40.0139241456,16.7210129591,23.2929111855,786.717968497,0.0328594909677,-786.750827988,0
0.05032,784.666709411,18985.3957317,168.633239035,-38.2333957853,16.0763655979,22.1570301879,-781.995152771,0.0304033227982,781.964749448,0
0.05034,784.639762376,19777.4073645,518.460506862,-39.8636685221,17.1519771145,22.7116914085,-781.954676315,0.0277985713308,781.926877743,0
0.05036,784.609651505,20564.6452546,886.289678615,-41.4923484656,18.2416101944,23.250738272,-781.910973879,0.0250456402626,781.885928238,0
0.05038,784.592211109,20966.2548705,402.071295938,-42.1538160566,17.4138109209,24.7400051351,2.3978381229,-784.255572294,781.857734171,0
0.0504,784.626585143,19953.9328916,-144.946897849,-39.9772011599,15.3566479715,24.6205531866,786.703246532,0.0463195258441,-786.749566058,0
0.05042,784.659031485,19053.4073469,47.3761807834,-38.2067951554,14.7965017211,23.4102934356,-781.994007168,0.0430689583574,781.950938209,0
0.05044,784.632152589,19837.3834671,467.065582889,-39.8476926799,15.9566471492,23.8910455313,-781.953123057,0.0396719917117,781.913451065,0
0.05046,784.602087882,20615.7538931,904.505702153,-41.4875318486,17.1308603664,24.3566714828,-781.908988088,0.0361290554011,781.872859033,0
0.05048,784.587113164,20952.8516633,271.149462647,-41.9335964676,15.933481563,26.0001149032,2.38933537821,-784.236772153,781.847436775,0
0.0505,784.620561468,19962.7718739,-261.429466993,-39.7697067467,13.961936495,25.807770251,786.689211828,0.0592291684839,-786.748440996,0
0.05052,784.653124495,19060.3422336,-51.6907597416,-38.0125508808,13.4874314283,24.525119453,-781.995616751,0.0551884398478,781.940428311,0
0.05054,784.626639449,19834.0126394,437.136861061,-39.6672009717,14.7332366041,24.9339643686,-781.954629428,0.0510036385676,781.903625789,0
0.05056,784.596939293,20601.2641596,943.438432386,-41.3213202012,15.9931381264,25.3281820757,-781.910359169,0.0466752195132,781.86368395,0
0.05058,784.584210909,20885.3622498,156.193832182,-41.5551408941,14.4273601408,27.1277807517,2.37991249327,-784.220700962,781.840788469,0
0.0506,784.6168172,19917.1065106,-361.664107609,-39.4070682259,12.542494589,26.8645736354,786.676557158,0.0716103948742,-786.748167553,0
0.05062,784.649565255,19012.2836437,-134.966833978,-37.6662465525,12.154678025,25.5115685281,-782.000452798,0.0667844521813,781.933668346,0
0.05064,784.623766774,19773.4261906,422.258607043,-39.3377352092,13.4871772154,25.8505579938,-781.959634379,0.0618169035829,781.897817476,0
0.05066,784.59471676,20527.3556184,996.656081025,-41.0092129027,14.8337835349,26.1754293676,-781.915493946,0.0567082288799,781.858785717,0
0.05068,784.583969689,20770.2068488,51.3865372411,-41.0339021742,12.9006887538,28.13321342,2.36967294279,-784.207799222,781.838126279,0
0.0507,784.615809262,19823.3553082,-451.432226057,-38.9046924737,11.103470615,27.8012218581,786.665842221,0.0834887557984,-786.749330977,0
0.05072,784.644976269,19026.1646692,-183.238557492,-37.4104219488,10.916886541,26.4935354088,-782.003331893,0.0778832439501,781.925448649,0
0.05074,784.619684571,19772.2978079,442.255062067,-39.1013031831,12.3367784672,26.7645247156,-781.96248633,0.0721387308814,781.890347599,0
0.05076,784.591100423,20510.4380528,1084.58994366,-40.7926835712,13.770769667,27.0219139043,-781.918275324,0.0662557208552,781.852019603,0
0.05078,784.581778829,20723.5928952,-21.5898857471,-40.6108259742,11.4711200671,29.1397059065,2.3604097184,-784.193428056,781.833018337,0
0.0508,784.609859756,19876.6045427,-587.864742863,-38.6165360802,9.64867495628,28.967861123,786.651177955,0.0965959303508,-786.747773885,0
0.05082,784.639206385,19075.0089175,-298.863494946,-37.1439219097,9.5505904481,27.593331463,-782.00572599,0.0902137046234,781.915512285,0
0.05084,784.614443975,19804.2907721,394.745964374,-38.8569372939,11.0589461055,27.7979911897,-781.964856725,0.0836952250024,781.8811615,0
0.05086,784.586342657,20524.8135988,1104.84176845,-40.5709524145,12.5813741986,27.9895782164,-781.920573192,0.077041019704,781.843532172,0
0.05088,784.577732668,20720.7878577,-164.499372754,-40.1853202231,9.91630462961,30.2690155935,2.35050811251,-784.175961269,781.825453157,0
0.0509,784.604861338,19896.6005896,-711.257271791,-38.2151419595,8.18317662634,30.0319653325,786.636845075,0.109243942985,-786.746089018,0
0.05092,784.634450588,19089.9663862,-401.846459087,-36.7671267073,8.17435884351,28.5927678637,-782.009735327,0.102092044591,781.907643283,0
0.05094,784.610431379,19800.2073058,359.072888253,-38.5052131055,9.77192924753,28.7332838584,-781.969037834,0.0948067725803,781.874231061,0
0.05096,784.583586527,20488.3739946,1081.78454645,-40.1879613003,11.2698688852,28.9180924138,2.35728913914,-784.195337565,781.838048426,0
0.05098,784.574757847,20691.9337935,-298.66306554,-39.6583445995,8.35384106034,31.3045035382,2.3400609166,-784.159996691,781.819935774,0
0.051,784.60100491,19889.9294279,-825.420812151,-37.7151774326,6.71072072541,31.0044567058,786.623126545,0.121468679294,-786.744595224,0
0.05102,784.630890377,19077.634575,-495.969715635,-36.2946505665,6.7918441983,29.5028063686,-782.01545007,0.113554810284,781.90189526,0
0.05104,784.607798551,19766.6810108,331.436306325,-38.0606919665,8.4792881066,29.5814038606,-781.975090817,0.105510578242,781.869580239,0
0.05106,784.583737491,20391.4110817,901.203545909,-39.5445833039,9.61245101465,29.9321322892,2.34578515986,-784.18213124,781.83634608,0
0.05108,784.57294492,20643.8164931,-427.258441594,-39.044351114,6.78710212497,32.257248988,2.32915725455,-784.145586342,781.816429087,0
0.0511,784.598372044,19863.3576528,-933.504224586,-37.1310395033,5.2345873479,31.896452154,786.610192323,0.133309323364,-786.743501646,0
0.05112,784.628598448,19044.7872521,-584.353498893,-35.7408351095,5.40623417888,30.3346009317,-782.022855268,0.124641833141,781.898213435,0
0.05114,784.606589364,19710.5184331,308.698993924,-37.5376599055,7.1841180926,30.3535418133,-781.982972641,0.115847118024,781.867125523,0
0.05116,784.58407912,20301.9054504,832.23688627,-38.9391760903,8.18038084166,30.7587952481,2.33559777298,-784.171179205,781.835581432,0
0.05118,784.571693652,20600.5676123,-442.995446878,-38.470895142,5.44577153213,33.0251236096,2.31958332177,-784.133789048,781.814205727,0
0.0512,784.596457401,19840.189877,-928.309727014,-36.5899943163,3.98390579129,32.6060885235,786.599319046,0.143110912946,-786.742429959,0
0.05122,784.626994956,19014.024267,-559.896467937,-35.232656987,4.24610350467,30.9865534822,-782.02959332,0.133702249219,781.895891071,0
0.05124,784.605972666,19653.7290182,397.815814756,-37.062801003,6.11443880502,30.9483621979,-781.990078634,0.124169616344,781.865909018,0
0.05126,784.585444584,20201.5853107,762.987002293,-38.2708708374,6.74660325134,31.5242675855,2.32508735882,-784.161548419,781.83646106,0
0.05128,784.571582684,20544.7750436,-457.706682607,-37.8372855057,4.10316896791,33.7341165375,2.30970226082,-784.123420103,781.813717842,0
0.0513,784.595725894,19803.8175467,-921.567893677,-35.9915259891,2.73237105153,33.2591549373,786.589337524,0.152633918666,-786.741971442,0
0.05132,784.626603473,18969.4697709,-534.220589353,-34.6697750176,3.08552273393,31.584252284,-782.037819151,0.142493647038,781.895325504,0
0.05134,784.606670459,19581.1090383,487.23361315,-36.5359506565,5.0446968853,31.4912537726,-781.998759388,0.132232783775,781.866526605,0
0.05136,784.588267601,20086.6463414,581.19514678,-37.4397469907,5.08607458723,32.3536724021,2.31262909633,-784.151921768,781.839292672,0
0.05138,784.572794659,20473.4460439,-583.497052504,-37.0437736268,2.53462219442,34.5091514308,2.29789196762,-784.11291417,781.815022202,0
0.0514,784.596248711,19752.0030797,-1025.19281253,-35.236056315,1.25568220193,33.9803741132,786.578699548,0.163623458738,-786.742323007,0
0.05142,784.627554595,18909.57087,-619.042517187,-33.9527805331,1.70056167398,32.2522188596,-782.049280051,0.152758285164,781.896521766,0
0.05144,784.60901122,19491.7306366,465.393402917,-35.8578700367,3.75133262575,32.1065374112,-782.010957374,0.141776023218,781.86918135,0
0.05146,784.591627375,19982.4964213,397.38631479,-36.573900291,3.42993954202,33.1439607482,2.30001918767,-784.143049425,781.843030238,0
0.05148,784.574617345,20411.0531009,-709.967789681,-36.2181559496,0.970718976664,35.247436973,2.2859443632,-784.103225912,781.817281549,0
0.0515,784.597417253,19711.4773814,-1069.55836053,-34.5117163374,-0.0948660254108,34.6065823639,0.172084250699,786.570916639,-786.74300089,0
0.05152,784.629024581,18867.2460303,-488.18808113,-33.4295362551,0.762016606059,32.66751965,-782.058058983,0.159527514422,781.898531469,0
0.05154,784.611480134,19416.7580101,657.937290098,-35.3756680163,2.90368196391,32.4719860538,-782.020075551,0.14784151971,781.872234031,0
0.05156,784.594691651,19903.6447727,426.925740235,-35.9060904648,2.21888716244,33.6872033019,2.29062487668,-784.137342227,781.84671735,0
0.05158,784.576635991,20370.4506633,-621.717426252,-35.5931337769,-0.147924181188,35.7410579571,0.177226047092,-781.997183248,781.819957201,0
0.0516,784.59904268,19685.5217168,-956.00003603,-33.9317081303,-1.1176146593,35.0493227898,0.164070466535,786.579869511,-786.743939977,0
0.05162,784.631107172,18825.8760439,-340.778637145,-32.9087618837,-0.137377769187,33.046139654,-784.167242407,2.26591757579,781.901324832,0
0.05164,784.614551329,19340.7053782,866.43669754,-34.8988726107,2.09613526183,32.8027373492,-782.029568456,0.153533009669,781.876035447,0
0.05166,784.597987741,19835.8918121,472.297473414,-35.2461965187,1.04804749063,34.198149027,2.28147120864,-784.132229389,781.850758181,0
0.05168,784.578949325,20338.8724203,-514.211908527,-34.9807591923,-1.22179053253,36.2025497239,0.168794842455,-781.99181979,781.823024948,0
0.0517,784.600986162,19667.5633893,-824.948908344,-33.364500981,-2.10016847379,35.4646694558,0.156321661754,786.588802495,-786.745124157,0
0.05172,784.633503444,18791.0690022,-192.103980788,-32.3871182835,-1.02879723641,33.4159155205,-784.176703995,2.27222355242,781.904480442,0
0.05174,784.617932135,19269.2164062,1076.7978288,-34.4253238153,1.29992342874,33.1254003873,-782.039298066,0.159127383997,781.880170682,0
0.05176,784.601199718,19784.9406837,520.517683968,-34.5924753488,-0.110464944122,34.7029402921,0.172410051161,-782.027124858,781.854714807,0
0.05178,784.581191434,20321.9381373,-402.524581846,-34.377117195,-2.28305881357,36.6601760073,0.160470291105,-781.986467427,781.825997136,0
0.0518,784.602861424,19663.4119452,-689.206475765,-32.8084229323,-3.07017038204,35.8785933149,0.148691262008,786.597597387,-786.746288649,0
0.05182,784.635821728,18769.4393252,-39.1694447743,-31.8789863856,-1.90772863193,33.786715019,-784.185957595,2.27847220686,781.907485388,0
0.05184,784.621207354,19208.845777,1290.3488458,-33.9676565486,0.516121245812,33.4515353035,-782.048780631,0.164677069465,781.884103562,0
0.05186,784.603893991,19757.1206828,575.63061755,-33.9596181202,-1.25140766888,35.2110257876,0.163541051439,-782.02157399,781.858032939,0
0.05188,784.58290413,20326.0960172,-285.617103214,-33.7937862586,-3.33265623005,37.1264424875,0.152305649381,-781.980600804,781.828295154,0
0.0519,784.604201824,19679.4786254,-547.720747943,-32.2749825644,-4.02863309405,36.3036156586,0.141231746646,786.605855212,-786.747086959,0
0.05192,784.637590223,18767.3889584,119.096617896,-31.3958041695,-2.77527112787,34.1710752987,-784.194479714,2.28473172071,781.909747993,0
0.05194,784.623883893,19166.0787437,1507.39054562,-33.5364750116,-0.25797945242,33.7944544651,-784.157483571,2.27026215824,781.887221413,0
0.05196,784.605807194,19748.5292431,746.259168316,-33.4685536904,-2.15678064948,35.6253343392,0.156558864422,-782.016888786,781.860329921,0
0.05198,784.584022904,20346.6257028,-52.3476537056,-33.3542871141,-4.14734153729,37.501628651,0.146034727154,-781.975770221,781.829735493,0
0.052,784.605022592,19710.3075866,-289.632438098,-31.887400366,-4.75285888541,36.6402592525,0.135672706724,786.611980326,-786.747653033,0
0.05202,784.638717061,18778.8617098,393.274846767,-31.0604919607,-3.40926945611,34.4697614165,-784.200453104,2.28939514292,781.911057961,0
0.05204,784.625476429,19154.1275548,1671.68928663,-33.0832973983,-1.14296718916,34.226264587,0.159701650247,-782.048622437,781.888920787,0
0.05206,784.606446034,19769.3520525,918.580101556,-33.0119694431,-3.0647711585,36.0767405999,0.149735990674,-782.010730643,781.860994652,0
0.05208,784.583795024,20394.5017981,183.696392523,-32.9514745124,-4.96490164774,37.9163761587,0.139932863624,-781.969380802,781.829447939,0
0.0521,784.604469306,19767.5911754,-28.2522436577,-31.5386985333,-5.48023595387,37.0189344872,0.130292312246,786.616957302,-786.747249614,0
0.05212,784.638450244,18816.1814803,670.342608154,-30.7662379968,-4.04671583754,34.8129538345,-784.204844789,2.29429833689,781.910546452,0
0.05214,784.625266582,19185.025664,1784.07365989,-32.6165431179,-2.14530324303,34.7618463607,0.152356198612,-782.040723,781.888366802,0
0.05216,784.605202336,19826.1200336,1095.55284327,-32.6007918648,-3.97675760248,36.5775494669,0.143120170596,-782.002422968,781.859302797,0
0.05218,784.581589762,20476.1982591,425.445678463,-32.5961986954,-5.7867977757,38.3829964708,0.134047003928,-781.960732958,781.826685954,0
0.0522,784.601903515,19857.7564175,239.359105987,-31.2396518336,-6.21230914759,37.4519609824,0.125136712804,786.62021701,-786.745353723,0
0.05222,784.639263286,18798.791853,881.777954784,-30.2965643199,-4.80282831174,35.0993926331,-784.211786762,2.29951109323,781.912275669,0
0.05224,784.625737631,19194.0157567,1722.24723137,-31.8633732085,-3.49357854912,35.3569517563,0.141848972588,-782.031477146,781.889628173,0
0.05226,784.604515932,19860.1736585,1099.32933556,-31.905970231,-5.23440240672,37.1403726373,0.133357838455,-781.992634224,781.859276385,0
0.05228,784.579813629,20534.3678284,494.99258597,-31.9600333319,-6.95408896228,38.914122293,0.125029721223,-781.95046474,781.825435019,0
0.0523,784.603656468,19817.2857058,370.759939322,-30.5489292025,-7.17600785692,37.7249370602,0.116864606144,786.628153336,-786.745017942,0
0.05232,784.641467393,18740.7423749,1024.72973843,-29.6653504755,-5.67697541828,35.3423258951,-784.221517673,2.30509649504,781.916421178,0
0.05234,784.627670215,19158.3316173,1703.75816957,-31.0648094248,-4.73280028957,35.797609713,0.131660045018,-782.025010332,781.893350287,0
0.05236,784.60559162,19847.2089973,1146.80168453,-31.1679810867,-6.38373117262,37.5517122584,0.123921248951,-781.98590657,781.861985321,0
0.05238,784.580093225,20543.1805007,608.565601336,-31.2829116691,-8.01381827885,39.2967299463,0.116345466369,-781.943532651,781.827187185,0
0.0524,784.603670635,19832.8660217,507.263361408,-29.9329655167,-8.14643468949,38.0794002061,0.108932653591,786.634791954,-786.743724607,0
0.05242,784.641901073,18738.1662619,1172.58799593,-29.1108344264,-6.55840096964,35.6692353967,-784.229131061,2.31113817028,781.917992891,0
0.05244,784.626597465,19217.1389078,1584.93982551,-30.2313598961,-6.2068629996,36.4382228952,0.120122483882,-782.013364203,781.893241719,0
0.05246,784.603270491,19927.1601075,1095.39600957,-30.3972390053,-7.76800869529,38.1652476997,0.113146150985,-781.973596376,781.860450225,0
0.05248,784.576581353,20643.3267986,624.685399324,-30.5751525042,-9.30861995713,39.8837724608,0.106332662204,-781.930611558,781.824278896,0
0.0525,784.599763062,19939.4194114,547.297266256,-29.28846998,-9.35208088487,38.6405508655,0.0996819449772,786.639718364,-786.739400309,0
0.05252,784.641374948,18746.7118417,1144.99435223,-28.3026722316,-7.78881865248,36.0914908846,-784.238797836,2.31940153609,781.9193963,0
0.05254,784.624671726,19276.3800429,1403.00047333,-29.2604141618,-7.80264300005,37.0630571604,0.107288855272,-782.000335392,781.893046537,0
0.05256,784.600128,20005.8143134,981.596199579,-29.491289629,-9.27443470302,38.7657243309,0.101084274125,-781.959919372,781.858835098,0
0.05258,784.572274209,20740.446222,579.112158534,-29.7344580848,-10.7260175678,40.4604756517,0.0950422021097,-781.916333911,781.821291709,0
0.0526,784.59915478,19932.195145,551.340595936,-28.3997852204,-10.5672775577,38.967062779,0.0891625378679,786.646818625,-786.735981163,0
0.05262,784.641274616,18724.0268374,1157.01605548,-27.4799995226,-8.91589607245,36.3958955957,-784.248446254,2.32655894671,781.921887307,0
0.05264,784.622771129,19315.958607,1264.08575065,-28.2769949689,-9.29595077465,37.5729457427,0.0949052204969,-781.988418813,781.893513593,0
0.05266,784.597237127,20062.3570831,911.137153813,-28.5748411156,-10.6793651236,39.2542062386,0.0894773795124,-781.947561438,781.858084058,0
0.05268,784.568438516,20813.0124637,577.16667879,-28.8852227938,-12.0429117861,40.928134579,0.0842115546175,-781.903575452,781.819363898,0
0.0527,784.595053233,20009.0875399,570.134050673,-27.6180117215,-11.7964884927,39.4145002138,0.0791076157484,786.65110032,-786.730207936,0
0.05272,784.640362304,18710.3087019,1099.83045057,-26.5387004418,-10.1713927456,36.7100931878,-784.258517921,2.334407418,781.924110503,0
0.05274,784.619521903,19376.4945873,1060.41377404,-27.1771306773,-10.9181545255,38.0952852026,0.0812948803528,-781.974446871,781.893151991,0
0.05276,784.592974555,20138.0618078,776.643670694,-27.5440656144,-12.2137757087,39.7578413229,0.0766514491451,-781.933108637,781.856457188,0
0.05278,784.563202734,20902.9469182,511.883258315,-27.9237611783,-13.489885832,41.4136470102,0.072169376371,-781.888677238,781.816507862,0
0.0528,784.593715221,19991.2369591,544.501377781,-26.6126001592,-13.042899411,39.6554995716,0.0678485034019,786.65719936,-786.725047863,0
0.05282,784.642073336,18607.6294787,992.723217734,-25.3760443974,-11.4449649746,36.8210093727,-784.272410094,2.34132986003,781.931080234,0
0.05284,784.61868562,19359.8869402,811.186135866,-25.8582459531,-12.5592272503,38.4174732033,0.0664950931818,-781.963794284,781.897299191,0
0.05286,784.591513358,20134.8138019,596.604367062,-26.2965426995,-13.7679589154,40.0645016133,0.0626429186071,-781.922343223,781.859700304,0
0.05288,784.561149128,20912.127981,401.039299044,-26.7478082285,-14.9575519803,41.7053602074,0.0589512809463,-781.877826735,781.818875454,0
0.0529,784.595713024,19891.4329472,466.106070935,-25.3949413977,-14.3109427079,39.7058841062,0.055419993172,786.665789302,-786.721209295,0
0.05292,784.642549874,18563.1864879,761.837165744,-24.0601091765,-12.9684724625,37.0285816386,0.0554581832928,-781.99255677,781.937098587,0
0.05294,784.618078344,19347.3029096,597.70181014,-24.5583515978,-14.1103411753,38.6686927718,0.0522400518512,-781.954175341,781.901935289,0
0.05296,784.590419196,20133.1124123,452.583116098,-25.0697228387,-15.2333848817,40.3031077204,0.0491816895394,-781.9127289,781.863547211,0
0.05298,784.559594307,20920.3871555,326.458764171,-25.5942541503,-16.3376767571,41.9319309067,0.046282886735,-781.868238436,781.82195555,0
0.053,784.59407306,19901.8314461,405.408670895,-24.3148454925,-15.6061598108,39.9210053029,0.043543428191,786.671701029,-786.715244457,0
0.05302,784.640505364,18595.487476,411.961611835,-22.5990940699,-14.7473895417,37.3464836106,0.0392585224446,-781.980028165,781.940769643,0
0.05304,784.615416512,19389.5172038,318.060137991,-23.1720860597,-15.8039732405,38.9760592988,0.0368405639122,-781.941508516,781.904667952,0
0.05306,784.587162557,20184.3170936,243.134511646,-23.7583830995,-16.8421304412,40.6005135392,0.0345812631184,-781.899941505,781.865360242,0
0.05308,784.555764156,20979.663164,187.153818481,-24.3580132957,-17.8619367822,42.219950077,0.0324803824052,-781.855346889,781.822866507,0
0.0531,784.59014084,19963.0577625,280.478989952,-23.153883104,-17.046347368,40.2002304721,0.0305376785271,786.676365873,-786.706903551,0
0.05312,784.640703904,18534.4620816,107.480633675,-21.0589612308,-16.3312236388,37.3901848681,0.023638687842,-781.972089028,781.94845034,0
0.05314,784.615534395,19335.9753586,83.3447809709,-21.7084958657,-17.3040907019,39.0125865672,0.022022025709,-781.933943176,781.91192115,0
0.05316,784.587213804,20137.3513415,78.1168395442,-22.371495301,-18.2589440954,40.6304393954,0.020562755925,-781.892759054,781.872196298,0
0.05318,784.555761598,20938.3700938,91.7574228163,-23.0479844451,-19.1958618207,42.2438462651,0.0192606130258,-781.848555225,781.829294612,0
0.0532,784.590128775,19923.3024443,198.780903351,-21.9208666138,-18.2978013951,40.2186680097,0.0181153260028,786.682703266,-786.700818592,0
0.05322,784.639539652,18527.7817783,-118.727010216,-19.6758160345,-17.784709115,37.4605251498,784.348987342,-781.963305648,-2.38568169399,0
0.05324,784.615329236,19304.2032295,-120.08720766,-20.2896774678,-18.7320899087,39.0217673762,0.00778793775652,-781.926552117,781.918764179,0
0.05326,784.586994839,20109.6696317,-55.4290952493,-21.0308242279,-19.6050438912,40.6358681191,0.00712890164806,-781.885782447,781.878653545,0
0.05328,784.555535797,20913.8854336,27.9917577321,-21.785599711,-20.4604903665,42.2460900767,0.00662554668907,-781.841995063,781.835369516,0
0.0533,784.585660034,20013.0458197,147.605286296,-20.8503897671,-19.5948748868,40.4452646544,0.00627757437019,786.685852876,-786.69213045,0
0.05332,784.634568522,18631.4924129,-167.068709268,-18.683666816,-19.0009382345,37.6846050517,784.33297432,-781.951132973,-2.38184134743,0
0.05334,784.613968575,19297.7218126,-291.649040756,-18.9221488893,-20.0948243525,39.0169732418,-0.0058633772868,-781.918401755,781.924265132,0
0.05336,784.585649302,20104.786516,-156.964767981,-19.7427978895,-20.8873448329,40.6301427215,-0.00572273468856,-781.878054032,781.883776767,0
0.05338,784.554206632,20909.7179396,-3.65293014879,-20.5771969064,-21.6627984826,42.2399953885,-0.00542800785354,-781.834684831,781.840112839,0
0.0534,784.584338343,20008.9980554,133.271141415,-19.7217313705,-20.717635876,40.4393672479,-0.00497952250271,786.690115502,-786.685135979,0
0.05342,784.632776938,18641.4078269,-178.794807208,-17.6348697553,-20.0445962315,37.6794659866,784.320720461,-781.944148794,-2.37657166683,0
0.05344,784.615695411,19207.5994252,-434.012798646,-17.4994064551,-21.2867905645,38.7861970192,-0.0189369204525,-781.91532264,781.934259561,0
0.05346,784.587828922,20013.9463088,-229.895503678,-18.4010671958,-22.0006483319,40.4017155268,-0.0179979055907,-781.87580927,781.893807176,0
0.05348,784.556832281,20817.2940835,-7.31199669776,-19.3165821141,-22.6978927479,42.0144748604,-0.0169065530845,-781.833262611,781.850169164,0
0.0535,784.58706759,19916.2262387,146.311461367,-18.5423270116,-21.674970137,40.21729715,-0.0156632155486,786.69652107,-786.680857854,0
0.05352,784.632921942,18624.9844285,-256.299545208,-16.4231562699,-21.1518508532,37.5750071231,784.309270624,-781.939279819,-2.36999080512,0
0.05354,784.618913778,19102.206042,-648.436374353,-15.9153149714,-22.5437471154,38.4590620862,-0.0331421605543,-781.9138919,781.94703406,0
0.05356,784.591684504,19906.0541488,-374.91841422,-16.8996315516,-23.1803019303,40.0799334812,-0.0314033517365,-781.875375495,781.906778847,0
0.05358,784.561311719,20706.0481647,-83.119790288,-17.897888065,-23.8007094942,41.6985975587,-0.0295141069985,-781.833807352,781.863321459,0
0.0536,784.587492221,19917.5802358,96.5132157782,-17.3199438806,-22.8149050066,40.1348488877,-0.0274748054927,786.702233134,-786.674758329,0
0.05362,784.632742357,18643.2742473,-300.566733221,-15.2834287073,-22.2156397117,37.4990684187,784.298073457,-781.934160983,-2.36391247381,0
0.05364,784.62122147,19042.1303702,-835.20714378,-14.4042152944,-23.7589165832,38.1631318769,-0.0467735062101,-781.911603395,781.958376902,0
0.05366,784.594567415,19840.9992364,-492.222282753,-15.4722677491,-24.3198126344,39.7920803821,-0.0442377242051,-781.874000117,781.918237841,0
0.05368,784.564751261,20635.1710414,-131.171460036,-16.5543276784,-24.8650385623,41.4193662391,-0.0415535542119,-781.833321405,781.87487496,0
0.0537,784.591086872,19845.1027132,68.7874691271,-16.0602433793,-23.8045237279,39.8647671082,-0.0387214015494,786.70942547,-786.670704068,0
0.05372,784.633401074,18655.8335278,-411.692134545,-13.9940411277,-23.3582283176,37.3522694458,784.286572294,-781.929840753,-2.35673154108,0
0.05374,784.62379174,18987.9619703,-1093.92901821,-12.7448356332,-25.0543921406,37.7992277734,-0.0615477822294,-781.909515807,781.97106359,0
0.05376,784.597844825,19780.0335501,-681.517084393,-13.8980797918,-25.5411002799,39.4391800716,-0.0582151021495,-781.872935591,781.931150693,0
0.05378,784.568710951,20566.5767291,-251.278226461,-15.0653803118,-26.0126270483,41.0780073593,-0.0547362334088,-781.833249947,781.887986181,0
0.0538,784.591092174,19886.8686264,-14.6588361119,-14.7700831547,-24.9924046226,39.7624877787,-0.0511116070841,786.714858779,-786.663747172,0
0.05382,784.632659187,18717.0715853,-486.130215848,-12.7889634013,-24.4731460585,37.2621094605,784.274230429,-781.923975077,-2.35025535256,0
0.05384,784.624345962,18993.5414012,-1320.38575616,-11.17058854,-26.3239818822,37.494570422,-0.0757669663319,-781.905245368,781.981012334,0
0.05386,784.59899196,19776.2976672,-838.538820647,-12.4099160691,-26.7382533998,39.1481694685,-0.0716416862952,-781.869552013,781.941193699,0
0.05388,784.570421248,20552.7073055,-339.13327869,-13.6633304137,-27.1378423083,40.801172721,-0.0673725591359,-781.830718341,781.8980909,0
0.0539,784.592988713,19869.5799968,-78.4779644499,-13.454170204,-26.0461785204,39.5003487257,-0.0629600412674,786.720713493,-786.657753451,0
0.05392,784.633864378,18719.0249404,-540.763305516,-11.5592058284,-25.4559797611,37.0151855909,784.264372664,-781.921500719,-2.34287194538,0
0.05394,784.626544388,18951.4406745,-1531.53659561,-9.57262396458,-27.4635711767,37.03619514,-0.0894547356132,-781.904037724,781.99349246,0
0.05396,784.602081666,19722.6317759,-980.939398561,-10.899078152,-27.8074500282,38.7065281798,-0.0845418589583,-781.869503942,781.954045801,0
0.05398,784.574365334,20486.6766809,-413.077263117,-12.2396318577,-28.1371552924,40.3767871489,-0.0794876167759,-781.83178779,781.911275407,0
0.054,784.597214318,19799.4210509,-128.869638678,-12.117611789,-26.976109937,39.0937217273,-0.0742924903684,786.72755562,-786.65326313,0
0.05402,784.634739725,18744.3086077,-663.986923384,-10.1961943687,-26.5442175939,36.740411963,784.252991764,-781.918308744,-2.33468301998,0
0.05404,784.627672407,18944.9800486,-1814.51781533,-7.8425083742,-28.7102196832,36.5527280563,-0.104338556023,-781.901349836,782.005688392,0
0.05406,784.604151835,19702.7575961,-1195.23261622,-9.25726288863,-28.9853248554,38.2425877427,-0.0986403093408,-781.86800444,781.966644749,0
0.05408,784.577335019,20452.6021245,-559.000436552,-10.6861107047,-29.2467755154,39.9328862187,-0.0928033235892,-781.831428878,781.924232202,0
0.0541,784.596440687,19870.9375538,-224.5226033,-10.7658910908,-28.1315120724,38.8974031646,-0.0868281044739,786.731577407,-786.644749302,0
0.05412,784.63311456,18836.9831831,-746.305989339,-8.93250244955,-27.6321610346,36.5646634856,784.239608423,-781.912122605,-2.32748581804,0
0.05414,784.625668173,19017.497689,-2059.2099977,-6.21226351247,-29.9584984815,36.1707619937,-0.118731174251,-781.895014038,782.013745212,0
0.05416,784.602895009,19759.3192439,-1371.32735475,-7.71592839628,-30.1667232202,37.8826516154,-0.112253973558,-781.862640303,781.974894276,0
0.05418,784.576778625,20492.4356406,-666.84486265,-9.23366171963,-30.3618209362,39.5954826546,-0.105640795555,-781.826984275,781.93262507,0
0.0542,784.596152366,19904.1297812,-305.055621076,-9.40229944509,-29.1807335148,38.583032961,-0.0988921698538,786.734963341,-786.636071171,0
0.05422,784.632033722,18890.929937,-813.139583986,-7.6577358457,-28.6160857789,36.2738216257,784.227234128,-781.907576352,-2.31965777576,0
0.05424,784.623601173,19076.7115295,-2236.94656074,-4.68530752457,-31.0481373087,35.7334448335,784.19177918,-781.88968543,-2.30209375028,0
0.05426,784.602027367,19787.0572116,-1535.32910238,-6.16496768547,-31.2484975791,37.4134652635,-0.125417648841,-781.85870972,781.984127369,0
0.05428,784.576825328,20501.2422482,-763.373993963,-7.7723294268,-31.3794290348,39.1517584601,-0.11803549745,-781.824161558,781.942197056,0
0.0543,784.596549575,19905.4477952,-374.721639487,-8.03054818234,-30.1347115498,38.1652597333,-0.110520816285,786.738041575,-786.627520758,0
0.05432,784.631690733,18912.5870015,-868.705475087,-6.37551314129,-29.5069694961,35.8824826373,784.216025607,-781.90473564,-2.31128996734,0
0.05434,784.621543106,19147.0764831,-2241.13408376,-3.49256149871,-31.8764572065,35.3690187056,784.179615784,-781.885307894,-2.29430788955,0
0.05436,784.601690033,19792.5871138,-1690.8383752,-4.60781360227,-32.2417064746,36.8495200769,-0.138169463671,-781.856226068,781.994395532,0
0.05438,784.577586902,20485.6723654,-852.206070406,-6.30545470179,-32.3106972889,38.6161519892,-0.130026212285,-781.822944824,781.952971036,0
0.0544,784.597732206,19881.5557703,-437.116719246,-6.65388601973,-31.0045818694,37.6584678902,-0.12175347864,786.741039599,-786.61928612,0
0.05442,784.632178932,18908.6022427,-916.565128255,-5.08899070204,-30.3159856791,35.4049763822,784.206036113,-781.903566289,-2.30246982391,0
0.05444,784.620474677,19190.1259217,-2236.32305468,-2.29610686714,-32.6251607095,34.9212675766,784.168821564,-781.882734703,-2.28608686079,0
0.05446,784.601927455,19782.699584,-1840.79386388,-3.04743703361,-33.157598786,36.2050358197,-0.150550808009,-781.855106449,782.005657257,0
0.05448,784.57907931,20452.5481583,-936.297236761,-4.83591649604,-33.1669108283,38.002827324,-0.141654970953,-781.823222787,781.964877758,0
0.0545,784.599704876,19839.285474,-495.174919635,-5.27509997118,-31.8016652956,37.0767652676,-0.132632825959,786.744089172,-786.611456346,0
0.05452,784.633496523,18885.7868753,-959.618872739,-3.80086366514,-31.0544903499,34.8553540159,784.197220546,-781.903939469,-2.29328107694,0
0.05454,784.620371386,19212.6328768,-2225.41761375,-1.09854700837,-33.3056384695,34.4041854778,784.159328085,-781.881814434,-2.27751365104,0
0.05456,784.602691985,19764.3142066,-1987.46903671,-1.48634834738,-34.0076002598,35.4939486066,-0.162606258749,-781.855176408,782.017782667,0
0.05458,784.581227294,20408.8176047,-1017.93839597,-3.36613337504,-33.9595289513,37.3256623263,-0.152966977116,-781.824793506,781.977760483,0
0.0546,784.602381514,19785.5904656,-551.165417886,-3.89651697217,-32.537454271,36.433971243,-0.143204685778,786.747230785,-786.604026099,0
0.05462,784.632277081,18941.8656434,-1066.82542629,-2.39979195007,-31.9611598945,34.3609518459,784.184462398,-781.90065869,-2.28380370756,0
0.05464,784.617401942,19312.6739373,-2276.23592473,0.210394266919,-34.1556580963,33.9452638296,782.045563847,-781.8768895,-0.16867434697,0
0.05466,784.59976979,19860.1616138,-1970.97741885,-0.279139018343,-34.7966669206,35.075805939,-0.172587638648,-781.850399594,782.022987232,0
0.05468,784.579113939,20476.1882137,-936.884997542,-2.24987277503,-34.693539267,36.9434120416,-0.162218331649,-781.82092135,781.983139682,0
0.0547,784.596815243,19944.0299529,-398.14522542,-2.9846241028,-33.3305095743,36.3151336775,-0.151729426599,786.745035602,-786.593306176,0
0.05472,784.62607443,19118.802336,-894.027033525,-1.57838708413,-32.7000452234,34.278432308,784.170458295,-781.89117421,-2.27928408556,0
0.05474,784.609799109,19529.5276593,-2044.22614298,0.937775851948,-34.8390854396,33.9013095884,782.03090697,-781.866089302,-0.164817667858,0
0.05476,784.591690806,20051.5957873,-1897.94735103,0.810602327369,-35.6533225972,34.8427202687,-2.28231961321,-781.83920276,784.121522373,0
0.05478,784.57148561,20636.8091131,-797.500082946,-1.25567230846,-35.4949732051,36.7506455118,-0.171196503627,-781.810249685,781.981446188,0
0.0548,784.589378648,20089.685127,-229.860102507,-2.08127217319,-34.0795857361,36.1608579091,-0.159991567015,786.740573009,-786.580581442,0
0.05482,784.621459876,19187.3886536,-644.467583481,-0.87933676708,-33.1701771029,34.049513871,784.15999783,-781.885353589,-2.27464424182,0
0.05484,784.604313547,19635.7107298,-1735.32365529,1.5434309474,-35.2569211902,33.7134902426,782.020303953,-781.859453658,-0.160850295672,0
0.05486,784.585580099,20139.3927543,-1861.88349548,2.00737296632,-36.3616087742,34.3542358069,-2.29184489724,-781.831993044,784.123837941,0
0.05488,784.566327259,20692.0442367,-695.550881087,-0.15700280914,-36.1495977034,36.3066005109,-0.179962973571,-781.804038436,781.98400141,0
0.0549,784.588329062,20029.578864,-152.583050188,-0.960319469417,-34.5709497552,35.5312692253,-0.168053150589,786.738832301,-786.57077915,0
0.05492,784.619981456,19143.7972322,-549.914236783,0.149373244479,-33.6121654671,33.4627922238,782.051165929,-781.884598835,-0.166567094064,0
0.05494,784.602009635,19629.1344556,-1579.86525528,2.47641518216,-35.648277095,33.1718619142,782.01137834,-781.857901107,-0.153477232893,0
0.05496,784.582669243,20136.21679,-1869.12815905,3.3036821642,-36.9323441055,33.62866194,-2.30118011984,-781.82985638,784.1310365,0
0.05498,784.564830823,20654.4843457,-641.22774044,1.04665570403,-36.6722166055,35.6255609011,-2.2885943501,-781.803334103,784.091928453,0
0.055,784.587378532,19978.0319487,-12.7141723149,0.0259526950171,-34.9835803143,34.9576276176,-786.562418341,786.737076715,-0.17465837374,0
0.05502,784.618741562,19107.1441286,-306.226958482,0.867829787449,-33.8900811979,33.022251411,782.044944174,-781.884172067,-0.160772107314,0
0.05504,784.600264629,19626.3772854,-1276.63753298,3.10427654136,-35.8805698245,32.7762932833,782.005332564,-781.856972481,-0.148360082968,0
0.05506,784.579611464,20150.4890071,-1840.00129234,4.5227725696,-37.4604083905,32.9376358209,-2.30991589325,-781.827613411,784.137529304,0
0.05508,784.563116644,20632.2041514,-552.036836391,2.17414016537,-37.1551189757,34.9809788094,-2.29664628422,-781.802428323,784.099074608,0
0.0551,784.586230046,19938.7902156,99.9387430434,1.06201846835,-35.4219058251,34.3598873556,-786.568641812,786.735131156,-0.166489343604,0
0.05512,784.617421674,19076.8923291,-90.1250211554,1.63777361365,-34.1969617575,32.5591881437,782.038240164,-781.883633092,-0.154607071877,0
0.05514,784.598379687,19628.2954683,-999.828257603,3.78354615219,-36.1442054554,32.3606593047,781.998733096,-781.85584753,-0.142885565048,0
0.05516,784.576386557,20183.073608,-1725.02449372,5.56610821989,-37.90864695,32.3425387286,-2.31737376426,-781.825122796,784.142496561,0
0.05518,784.561042159,20625.8735981,-378.208393698,3.12629098991,-37.5608127602,34.4345217688,-2.30343550723,-781.801057654,784.104493162,0
0.0552,784.584635144,19914.221916,296.632332532,1.92318821231,-35.7856432921,33.8624550784,-786.573171446,786.732867779,-0.159696333532,0
0.05522,784.61563888,19060.7059843,124.560353934,2.40817053655,-34.5193252847,32.1111547495,782.030993567,-781.882478647,-0.148514920322,0
0.05524,784.596000021,19642.3144279,-723.335435337,4.4633808673,-36.4257695648,31.9623886977,781.991546436,-781.854051398,-0.137495038464,0
0.05526,784.572631721,20235.2297977,-1553.29557899,6.49655818678,-38.3204727564,31.8239145709,781.948538734,-781.821901953,-0.126636781288,0
0.05528,784.558071389,20641.9356871,-204.189560677,4.0793750166,-37.9893798666,33.9100048488,-2.31034376286,-781.798566634,784.108910397,0
0.0553,784.582129194,19911.2548833,493.109383421,2.78545746092,-36.174710351,33.38925289,-786.576922177,786.729941154,-0.15301897638,0
0.05532,784.612931384,19065.4684904,339.449394639,3.17984850696,-34.86947687,31.6896283641,782.022676924,-781.880128026,-0.142548898573,0
0.05534,784.592640795,19675.2649083,-445.560917817,5.14469339576,-36.7375789824,31.5928855881,781.9832216,-781.85098064,-0.1322409603,0
0.05536,784.568698907,20295.4350317,-1212.40929407,7.08773891854,-38.5945231637,31.5067842453,781.940279764,-781.818184538,-0.122095226023,0
0.05538,784.553680255,20687.1446216,-27.7668712157,5.03447511776,-38.4531596289,33.4186845109,-2.31743816215,-781.794313202,784.111751364,0
0.0554,784.578180949,19936.627886,691.597399587,3.64999527009,-36.6014586895,32.9514634194,-786.579430363,786.725937703,-0.146507340014,0
0.05542,784.60876229,19097.8761743,556.787958999,3.9540613956,-35.2597796742,31.30571828,782.012685252,-781.875926968,-0.136758283738,0
0.05544,784.587742202,19733.7890569,-164.284399686,5.82882107512,-37.0920055735,31.2631844996,781.973130236,-781.845958419,-0.127171816486,0
0.05546,784.563144292,20379.1399058,-866.996397037,7.6820317235,-38.9136583212,31.2316265987,781.930158009,-781.812410035,-0.117747973787,0
0.05548,784.546627814,20785.0710134,43.9562236248,6.2200694848,-39.0780246062,32.8579551211,-2.32649045882,-781.786940083,784.113430542,0
0.0555,784.571646837,20014.4670051,785.335617231,4.7449024284,-37.1915382114,32.4466357824,-786.581321184,786.71982985,-0.138508666078,0
0.05552,784.605578479,19076.5804857,709.394214253,4.84494742494,-35.5884935685,30.7435461436,782.003403441,-781.873910448,-0.129492992946,0
0.05554,784.583945866,19737.1103382,52.8842085866,6.62976382607,-37.3875662281,30.7578024024,781.963851383,-781.843211191,-0.120640192279,0
0.05556,784.55880308,20406.1418364,-585.09078142,8.39329899488,-39.176652231,30.7833532361,781.920945492,-781.808995221,-0.111950270646,0
0.05558,784.541273401,20825.4130483,163.616258815,7.29596486245,-39.5360517701,32.2400869071,-2.33416007149,-781.782384876,784.116544947,0
0.0556,784.57014921,19948.0060812,853.274019524,5.84427944423,-37.5042145352,31.65993509,-786.586883825,786.715962102,-0.129078277583,0
0.05562,784.603946217,19015.8449891,793.075966781,5.85432883936,-35.8701635237,30.0158346855,781.995315922,-781.874508393,-0.120807528627,0
0.05564,784.581787122,19699.461854,201.784922671,7.54942872539,-37.6388114517,30.0893827265,781.955838088,-781.843138319,-0.112699769442,0
0.05566,784.556179768,20390.6437106,-370.820539774,9.22353229602,-39.3980602263,30.1745279303,781.913063973,-781.808308995,-0.104754977647,0
0.05568,784.536595125,20859.8940649,108.672371196,8.71825350998,-40.0688044782,31.3505509667,-2.34393527822,-781.779490516,784.123425794,0
0.0557,784.566168535,19964.3218783,816.371349476,7.17633915792,-38.0076250639,30.8312859043,-786.592080501,786.710355234,-0.11827473314,0
0.05572,784.59974256,19037.7924583,772.818288098,7.09644940849,-36.3448216656,29.2483722586,781.982528372,-781.871768758,-0.110759613697,0
0.05574,784.576677967,19742.9890001,248.165878524,8.70190021566,-38.0852875912,29.383387377,781.942734195,-781.83932676,-0.10340743529,0
0.05576,784.550223811,20454.807195,-257.67625805,10.2866556209,-39.8169406618,29.5302850408,781.899697998,-781.803479851,-0.0962181466184,0
0.05578,784.528752791,20965.9670046,65.2541861774,10.1465860543,-40.6877994749,30.5412134193,-2.35417191588,-781.772599895,784.126771811,0
0.0558,784.558978518,20051.3907386,790.832578443,8.51503631286,-38.599767924,30.0847316096,-786.594544683,786.702393159,-0.107848475944,0
0.05582,784.596055279,19020.2882061,793.752138358,8.23221699493,-36.6835129019,28.4512959083,781.971468797,-781.870373403,-0.101095394061,0
0.05584,784.572351992,19744.7018971,336.037790853,9.74887421203,-38.3987576658,28.6498834535,781.931606,-781.837100955,-0.0945050457349,0
0.05586,784.545311041,20474.8003118,-102.770013369,11.2451530778,-40.1057764016,28.8606233241,781.888548561,-781.80047121,-0.0880773507911,0
0.05588,784.521669985,21039.5867799,66.3943902599,11.4712618926,-41.1797524324,29.7084905392,-2.36325505981,-781.767220938,784.130475998,0
0.0559,784.555602633,20026.7410963,728.701656783,9.8644790424,-38.9543186997,29.0898396571,-786.599688766,786.695815568,-0.0961268025929,0
0.05592,784.592559584,18999.603685,744.980589667,9.49301023523,-37.0149905457,27.5219803106,781.960011748,-781.869866898,-0.0901448499263,0
0.05594,784.568228652,19741.5612456,354.890297339,10.9213410361,-38.7077337137,27.7863926772,781.920075446,-781.835750188,-0.0843252577838,0
0.05596,784.540606488,20488.267606,-16.2225205723,12.3296265882,-40.3928366957,28.0632101082,781.876986339,-781.798318422,-0.0786679172068,0
0.05598,784.51440666,21118.8546644,3.00708930324,12.9224972937,-41.6726901254,28.750192831,-2.37297592523,-781.762284414,784.135260339,0
0.056,784.549001216,20088.7370962,679.492028866,11.22749108,-39.4260744151,28.1985833348,-786.602261187,786.687116648,-0.0848554608494,0
0.05602,784.589604847,18953.7285089,732.195480136,10.6545278438,-37.2389413466,26.5844135041,781.950129669,-781.870480241,-0.0796494279033,0
0.05604,784.564856221,19710.8463874,409.99445681,11.9955432047,-38.9121313807,26.9165881773,781.910310015,-781.835704791,-0.0746052244901,0
0.05606,784.536856208,20471.7845249,106.813197392,13.3168617839,-40.5782662304,27.2614044476,781.867372736,-781.797650023,-0.0697227129702,0
0.05608,784.507801424,21179.5371328,-19.8511870725,14.2776200167,-42.0669865057,27.7893664881,-2.3817230207,-781.758511828,784.140234848,0
0.0561,784.545898089,20058.2887558,585.139039516,12.6089332484,-39.6886364887,27.0797032394,-786.607378081,786.679731931,-0.0723538495936,0
0.05612,784.586440087,18925.9372089,647.985206112,11.9489189782,-37.4840809442,25.5351619672,781.939267255,-781.871336041,-0.0679312146057,0
0.05614,784.561229461,19696.4779276,394.360183515,13.2032372455,-39.1404172885,25.9371800443,781.899503356,-781.835833642,-0.0636697136756,0
0.05616,784.532802055,20469.9122621,159.771335765,14.438222462,-40.7902811082,26.3520586471,781.856651706,-781.797082525,-0.0595691806282,0
0.05618,784.501961185,21225.4125418,-3.8990960068,15.5402978091,-42.3769543743,26.8366565644,-2.38958624897,-781.755885299,784.145471548,0
0.0562,784.540609222,20088.4543375,611.590713767,13.7855673814,-39.983288673,26.1977212906,-786.609445647,786.671506416,-0.0620607692357,0
0.05622,784.584906675,18845.1986072,700.328040786,12.9262596615,-37.5367678961,24.6105082342,781.932583704,-781.874162462,-0.0584212425712,0
0.05624,784.559609724,19626.1289023,515.030497647,14.0955065359,-39.179414121,25.083907585,781.893227289,-781.838285284,-0.0549420049711,0
0.05626,784.531123036,20409.0406276,348.754071517,15.2457983243,-40.8161690741,25.5703707495,781.850805367,-781.799182505,-0.0516228618681,0
0.05628,784.499468882,21193.7048096,201.479178499,16.37720738,-42.4471374185,26.0699300391,781.805339327,-781.756875714,-0.0484636130529,0
0.0563,784.538823854,20039.6111184,583.863355724,14.9920901377,-40.098081253,25.1059911139,-786.614266855,786.66483636,-0.0505695046285,0
0.05632,784.586902318,18684.8361852,691.224288855,13.9344563386,-37.4127125228,23.4782561856,781.930158642,-781.882439643,-0.0477189989964,0
0.05634,784.561857043,19474.4681032,574.18223198,15.0196347288,-39.0448244044,24.025189676,781.891526915,-781.846499141,-0.0450277745105,0
0.05636,784.533641648,20265.1782734,476.122574351,16.0862511931,-40.6716241111,24.5853729186,781.849844439,-781.807348831,-0.042495608415,0
0.05638,784.502277184,21056.7414726,397.017276231,17.1343805654,-42.2932156394,25.1588350747,781.805131371,-781.765009099,-0.0401222723461,0
0.0564,784.541041654,19925.2081247,495.109581541,16.2336348285,-40.0487761642,23.8151413344,-786.622445853,786.660353385,-0.0379075323398,0
0.05642,784.585330876,18684.7341804,596.637858618,15.2059817072,-37.582193217,22.3762115111,781.921382169,-781.88553102,-0.0358511488403,0
0.05644,784.559960891,19481.18089,549.239860917,16.2076790225,-39.2059334202,22.998254398,781.882884997,-781.84893212,-0.0339528767073,0
0.05646,784.531438009,20277.7997873,520.756667009,17.1912207558,-40.8249345885,23.633713833,781.8413494,-781.809136935,-0.0322124652249,0
0.05648,784.499782081,21074.3696637,511.151768477,18.1566841434,-42.4392999388,24.282615796,781.796794329,-781.766164671,-0.0306296581098,0
0.0565,784.539089729,19932.4101096,427.092930919,17.5140766852,-40.1882308804,22.674154195,-786.627593411,786.653393798,-0.0258003874197,0
0.05652,784.57952053,18806.0374797,530.483763173,16.5175111998,-37.9428117161,21.4253005176,781.907211083,-781.882672137,-0.0245389464662,0
0.05654,784.553455927,19606.7139623,553.574452797,17.4368489155,-39.5605565594,22.1237076451,781.868461068,-781.845026774,-0.023434293531,0
0.05656,784.524252143,20406.6607883,595.480343264,18.3384498493,-41.1741297564,22.8356799078,781.826681413,-781.804195263,-0.0224861501798,0
0.05658,784.49192785,21205.6610228,656.156496834,19.2223935564,-42.7836336254,23.5612400698,781.781889883,-781.760195651,-0.0216942324581,0
0.0566,784.533628004,20005.9648247,295.092013928,18.9525369878,-40.414916047,21.4623790579,-786.630457413,786.643006624,-0.0125492102881,0
0.05662,784.574010279,18880.5115646,409.518166921,17.874397665,-38.166043384,20.2916457193,781.893800241,-781.881714001,-0.0120862402108,0
0.05664,784.547521298,19683.5902612,503.008328619,18.7125790185,-39.7808731311,21.0682941125,781.855046206,-781.84326763,-0.011778575411,0
0.05666,784.517899806,20485.0480636,615.189437911,19.5334562804,-41.392094576,21.8586382963,781.81326422,-781.80163831,-0.0116259100214,0
0.05668,784.488544006,21199.9305823,601.018583791,20.5075728064,-42.8293486383,22.3217758308,781.771851567,2.42575561022,-784.197607178,0
0.0567,784.530701933,19988.2636269,200.084509969,20.2142451334,-40.4030770826,20.1888319477,-786.633780688,786.633653622,0.000127065927927,0
0.05672,784.571097575,18863.4529503,324.913105474,19.056250454,-38.1540394842,19.0977890316,781.885038293,-781.8848306,-0.000207692886875,0
0.05674,784.544641968,19666.5888213,488.181731417,19.8150128529,-39.769250389,19.9542375372,781.846712819,-781.846016696,-0.000696123418152,0
0.05676,784.515052417,20467.2295289,669.990635997,20.5569169243,-41.3814123827,20.824495458,781.805352939,-781.804015046,-0.00133789266215,0
0.05678,784.489843378,21078.4025813,526.093246807,21.6797530064,-42.5929249309,20.913171923,781.768472157,2.41753047218,-784.186002629,0
0.0568,784.531348324,19884.3872722,132.666358331,21.3078957336,-40.1691899233,18.8612941884,-786.638725896,786.626492889,0.0122330076649,0
0.05682,784.567937215,18873.2389738,272.66484361,20.1854255006,-38.1504481198,17.9650226205,781.876250015,-781.887352029,0.0111020143447,0
0.05684,784.541496229,19673.9584746,505.759379885,20.8663236342,-39.7688208278,18.9024971947,781.838312674,-781.848131807,0.0098191321481,0
0.05686,784.511914385,20471.3201863,757.214327994,21.5308209983,-41.3846978087,19.8538768115,781.797328959,-781.80571368,0.00838472089174,0
0.05688,784.490406266,20989.1284687,477.402069196,22.8039095381,-42.3732853233,19.5693757851,781.764512461,2.40971329349,-784.174225754,0
0.0569,784.528931418,19875.9368744,0.170969459645,22.5820896893,-40.0683387826,17.4862490922,-786.642175704,786.616696501,0.025479202858,0
0.05692,784.565566093,18864.744445,154.174336777,21.3826789637,-38.0552101362,16.6725311727,781.868368815,-781.891919554,0.0235507388375,0
0.05694,784.539317103,19661.2453931,456.999313559,21.9870988565,-39.6797329953,17.6926341393,781.830975112,-781.852447436,0.0214723234791,0
0.05696,784.509913791,20453.5374034,777.98050409,22.5755879455,-41.302307262,18.726719317,781.790516484,-781.809760827,0.0192443430462,0
0.05698,784.491724047,20889.3465851,356.526706219,24.000295356,-42.0709925303,18.0706971733,781.761359776,2.40070843651,-784.162068212,0
0.057,784.529462555,19796.4073909,-109.944998841,23.7029559786,-39.7743078436,16.071351864,-786.646841018,786.608682998,0.0381580203823,0
0.05702,784.562337157,18897.4799622,69.874205959,22.5420900695,-37.9971609558,15.4550708876,781.859633069,-781.895068165,0.0354350957321,0
0.05704,784.536206058,19687.264461,442.424316458,23.0717018933,-39.630543153,16.5588412595,781.822687001,-781.855251304,0.0325643030064,0
0.05706,784.506902016,20472.0015453,832.897182411,23.585863673,-41.2625164083,17.6766527354,781.782652284,-781.812198338,0.0295460545401,0
0.05708,784.489798065,20880.2658693,367.505499832,25.0502840262,-41.9275860594,16.8773020315,781.754900883,2.39402442848,-784.148925312,0
0.0571,784.524273204,19875.5329824,-175.206598764,24.9063567116,-39.7551219972,14.8487652853,-786.647572742,786.597284785,0.0502879568797,0
0.05712,784.557168742,18974.5474957,22.402592309,23.6719263158,-37.9889921024,14.3170657879,781.848856318,-781.89563062,0.0467743024057,0
0.05714,784.531059727,19755.1080492,464.617077459,24.1284516849,-39.6339019438,15.5054502586,781.812240127,-781.855355134,0.043115006916,0
0.05716,784.501754146,20529.7960837,924.491594299,24.570018071,-41.2779344193,16.7079163488,781.772506552,-781.811817061,0.0393105084145,0
0.05718,784.487105742,20874.6474851,309.217962445,26.1894172275,-41.728524166,15.5391069386,781.747508204,2.38633814359,-784.133846347,0
0.0572,784.520738618,19891.4733245,-218.942945459,25.9734267335,-39.5696681189,13.5962413843,-786.648446236,786.58656031,0.0618859264364,0
0.05722,784.55373106,18987.9325173,-4.0538893942,24.6674343778,-37.8176698301,13.1502354535,781.841297707,-781.898883701,0.0575859943334,0
0.05724,784.52796102,19757.0235656,507.065292603,25.0528898109,-39.4772215692,14.4243317588,781.805302632,-781.858445422,0.0531427899951,0
0.05726,784.498963528,20519.4359795,1035.55639535,25.4238878758,-41.1364203696,15.7125324942,781.766154156,-781.814710932,0.0485567766652,0
0.05728,784.486599189,20812.4194789,265.755255839,27.2002601477,-41.3756741306,14.1754139828,781.743711687,2.37775542868,-784.121467115,0
0.0573,784.519470666,19850.396804,-247.590629914,26.91425096,-39.2335042356,12.3192532755,-786.650201586,786.577226598,0.0729749880574,0
0.05732,784.548768997,19054.8252916,6.78317998292,25.6523230911,-37.7258589055,12.0735358143,781.831870255,-781.899764191,0.0678939360441,0
0.05734,784.523181664,19809.9583957,586.665657939,25.9685305796,-39.4026370764,13.4341064966,781.796317994,-781.858990114,0.0626721201018,0
0.05736,784.494331361,20557.6211356,1183.60297316,26.2707915495,-41.0795773892,14.80878584,781.757571685,-781.814881713,0.0573100282613,0
0.05738,784.483762148,20810.1294839,255.880926194,28.2059266825,-41.1101122496,12.9041855663,781.737174123,2.37007147723,-784.1072456,0
0.0574,784.512977107,19946.0072528,-322.793501718,28.0787701304,-39.1007051254,11.0219349936,-786.648866628,786.563582453,0.0852841752573,0
0.05742,784.542364947,19145.9744419,-47.3801133022,26.7487279327,-37.6125797958,10.8638518636,781.820550577,-781.899974957,0.0794243799486,0
0.05744,784.517005212,19885.3077879,601.08726243,26.9973270131,-39.3093592884,12.312032276,781.785463949,-781.858890423,0.0734264733185,0
0.05746,784.488341307,20616.3926754,1266.26816687,27.2325002474,-41.0068068893,13.7743066416,781.74713694,-781.814427908,0.0672909676925,0
0.05748,784.478961371,20840.7881194,177.846710646,29.3280054424,-40.8314304443,11.5034250013,781.72815636,2.36167426542,-784.089830626,0
0.0575,784.507240182,19999.3312255,-381.692605368,29.1343475863,-38.8440274132,9.7096798256,-786.647124202,786.550000863,0.097123338318,0
0.05752,784.53678754,19194.2074767,-85.6866752253,27.7383371791,-37.3784002048,9.64006302591,781.811196022,-781.901687392,0.0904913703133,0
0.05754,784.51189108,19915.5393422,630.541618512,27.9214843878,-39.0981530339,11.1766686468,781.776785062,-781.86050914,0.0837240782868,0
0.05756,784.483642541,20627.8647422,1363.11735185,28.0917353655,-40.8190709834,12.7273356176,781.739080678,-781.815902676,0.0768219983552,0
0.05758,784.476230882,20809.6141468,3.1720228034,30.4631746493,-40.327356036,9.86418138577,781.722270397,2.35095767535,-784.073228073,0
0.0576,784.503544098,19991.0565318,-536.739708753,30.2049672658,-38.3651261726,8.16015890591,-786.646386709,786.536162668,0.110224041248,0
0.05762,784.533375608,19180.9579879,-220.495003035,28.7449457795,-36.9251565475,8.18021076924,781.805017265,-781.907840939,0.102823674537,0
0.05764,784.509369459,19882.7699348,562.722474973,28.8646116765,-38.6710411963,9.80642951961,781.771683363,-781.866974273,0.095290910308,0
0.05766,784.483649926,20538.846845,1198.60817773,29.1423808853,-40.2481193852,11.1057384991,781.736689594,2.35676927764,-784.093458872,0
0.05768,784.474727,20757.1345182,-164.341767952,31.5077831268,-39.7271527623,8.21936963433,781.71854449,2.33973260028,-784.05827709,0
0.0577,784.501142251,19960.8462604,-684.116988359,31.1872490809,-37.7929765586,6.60572747608,-786.646035524,786.523127916,0.122907607409,0
0.05772,784.531307822,19145.148133,-347.976942669,29.665445015,-36.3815349671,6.7160899519,781.80106509,-781.915811865,0.114746774742,0
0.05774,784.508365101,19825.2929793,501.417311225,29.723868513,-38.1564168328,8.43254831953,781.768955843,-781.875412443,0.106456600435,0
0.05776,784.485385648,20423.3021996,982.999566458,30.168185661,-39.5357289453,9.36754328408,781.736858244,2.34451634942,-784.081374594,0
0.05778,784.474469382,20690.1813359,-327.533609719,32.4729792941,-39.0451765198,6.5721972251,781.716870772,2.32808685708,-784.044957629,0
0.0578,784.500045492,19915.5112259,-826.635331432,32.0923781287,-37.1418786995,5.04950056975,-786.646208921,786.510994534,0.135214387119,0
0.05782,784.530586448,19093.5937343,-470.91512764,30.511056147,-35.7617794058,5.25072325892,781.799214438,-781.925516102,0.126301663809,0
0.05784,784.508851882,19749.9551678,443.826254565,30.5105117957,-37.5684672102,7.05795541431,781.768449156,-781.885711937,0.11726278132,0
0.05786,784.487366008,20318.8783173,878.2369016,31.0100208601,-38.8664480735,7.85642721316,781.737975833,2.33361436477,-784.071590197,0
0.05788,784.4748204,20631.7415517,-378.629043435,33.2567243275,-38.4088564167,5.15213208905,781.716484666,2.31780493094,-784.034289596,0
0.0579,784.49971113,19877.2124886,-856.620799481,32.818579798,-36.5389718192,3.72039202059,-786.646491032,786.501000094,0.145490938159,0
0.05792,784.530594491,19047.7521771,-481.740063692,31.1802687351,-35.1927389189,4.01247018368,781.798721621,-781.934560613,0.135838992078,0
0.05794,784.509961878,19677.6248987,497.364475979,31.1232926472,-37.0337479932,5.91045534586,781.769168843,-781.895233029,0.126064185876,0
0.05796,784.490358136,20208.479692,772.532331309,31.7941074322,-38.1393304627,6.34522302912,781.740683115,2.32242275585,-784.063105871,0
0.05798,784.476292808,20565.5750305,-429.344169235,33.985040854,-37.7174228928,3.73238203836,781.717772658,2.30724901312,-784.025021671,0
0.058,784.500538378,19830.5088646,-885.680540184,33.4916757635,-35.8836608817,2.3919851166,-786.647407205,786.491908753,0.155498452457,0
0.05802,784.531790092,18992.9102985,-491.943198915,31.798702754,-34.5739923602,2.77528960659,781.799918785,-781.94503585,0.145117065012,0
0.05804,784.512352036,19594.2566947,550.616550428,31.6876305618,-36.4520135431,4.76438298114,781.771645984,-781.906262221,0.13461623723,0
0.05806,784.494200648,20099.2803622,664.725607891,32.5320496722,-37.3679195476,4.83586987522,781.74469297,2.31101893556,-784.055711906,0
0.05808,784.478702559,20498.8088135,-480.846955972,34.6695619495,-36.9843574917,2.31479554074,781.720425131,2.29649575368,-784.016920884,0
0.0581,784.502334608,19782.4966019,-914.957764312,34.1233279356,-35.1893654496,1.06603751335,-786.648890219,786.483603768,0.165286451285,0
0.05812,784.533973247,18936.1592671,-502.640581403,32.3780487251,-33.9188967957,1.54084807087,781.802480687,-781.95666669,0.1541860025,0
0.05814,784.515796412,19506.9657159,602.449456165,32.2152437251,-35.8365571553,3.62131342979,781.775529576,-781.918499227,0.142969650762,0
0.05816,784.498639281,19998.4550905,554.324918356,33.2355930832,-36.5654434115,3.32985032775,781.749626267,2.2994764572,-784.049102725,0
0.05818,784.48177276,20438.5680927,-533.639483955,35.3220588553,-36.2228242424,0.900765386284,781.724040514,2.28561793672,-784.009658451,0
0.0582,784.504824311,19742.7483297,-885.583225211,34.6647082043,-34.5298110404,-0.13489716334,-786.650789052,0.171974568526,786.478814483,0
0.05822,784.536716712,18892.7659156,-286.208120696,32.6972018483,-33.4734157494,0.776213902224,781.805855793,-781.965460732,0.159604938933,0
0.05824,784.51937862,19429.8344336,880.049959805,32.4855266474,-35.4327985702,2.94727192375,781.779779163,-781.927470436,0.14769127288,0
0.05826,784.503071694,19915.918926,557.551353576,33.7981319875,-35.8632749699,2.06514298063,781.754756828,2.2896420783,-784.044398906,0
0.05828,784.485115766,20393.8619676,-470.990655427,35.835428863,-35.5646484351,-0.270780428761,781.728107549,0.176469339149,-781.904576888,0
0.0583,784.507753837,19712.6016189,-797.448361736,35.127952058,-33.9175423205,-1.21040973614,-786.652973453,0.163535662104,786.489437791,0
0.05832,784.54013561,18846.5757268,-176.388359499,33.1093721252,-32.9089773888,-0.200394735137,781.810036031,-784.076584854,2.26654882297,0
0.05834,784.523867943,19348.5310881,1050.64909697,32.8505615379,-34.913254632,2.06269309496,781.78504103,-781.938980372,0.153939341445,0
0.05836,784.507634373,19848.4399655,565.19097954,34.3440500881,-35.1615892081,0.817539118322,781.760098345,2.27989563023,-784.039993975,0
0.05838,784.488621546,20362.1588751,-400.47831169,36.3323288833,-34.9116872451,-1.42064163964,781.732393634,0.16745522719,-781.899848861,0
0.0584,784.510857453,19694.5141702,-703.173248872,35.5794442307,-33.3106425231,-2.26880170725,-786.655300031,0.155209203303,786.500090827,0
0.05842,784.543722772,18811.666515,-64.5832209429,33.5160302282,-32.3485312825,-1.16749894485,781.814392133,-784.087809767,2.2734176345,0
0.05844,784.528511928,19276.4779186,1224.13487692,33.2105437111,-34.4020974998,1.19155379001,781.79044089,-781.950535839,0.160094948805,0
0.05846,784.511920176,19802.4075782,577.562095871,34.8862489023,-34.471798307,-0.414450595303,781.765122109,0.170286737707,-781.935408847,0
0.05848,784.491857771,20349.7293003,-324.791102182,36.8287186678,-34.2722419848,-2.55647668454,781.736345137,0.158578825708,-781.894923962,0
0.0585,784.513692502,19694.8378603,-603.195177092,36.0328758729,-32.719630195,-3.3132456779,-786.657447176,0.14703192185,786.510415254,0
0.05852,784.547029216,18794.5235147,52.5138959908,33.9270814216,-31.8063300052,-2.12075141661,781.818354327,-784.09859348,2.28023915279,0
0.05854,784.532839301,19220.1072619,1401.8474379,33.5773732946,-33.9115293348,0.334156040301,781.795386956,-781.961603041,0.166216085441,0
0.05856,784.51544154,19783.9824685,598.118716075,35.4351249777,-33.8075508872,-1.627574091,781.769220329,0.160899883177,-781.930120212,0
0.05858,784.494312607,20362.8578811,-241.99014735,37.3365290412,-33.6583694242,-3.678159618,781.739330284,0.149901048281,-781.889231332,0
0.0586,784.515739332,19719.8152223,-495.564609338,36.5001936596,-32.15649039,-4.34370326941,-786.659014896,0.139063934908,786.519950961,0
0.05862,784.549529868,18801.3753214,176.869414876,34.3544885658,-31.2942861501,-3.06020241453,781.821278163,-784.108351606,2.28707344347,0
0.05864,784.536302564,19185.8213088,1584.08870097,33.9647019822,-33.4517134775,-0.512988504964,781.799212656,-784.071601097,2.27238844107,0
0.05866,784.518203327,19776.6859446,844.119210714,35.7823658433,-33.4009155481,-2.38145029537,781.772279089,0.155097325488,-781.927376414,0
0.05868,784.496410068,20383.4710931,66.8033568865,37.6456346319,-33.3038955003,-4.34173913275,781.741654586,0.144810781114,-781.886465367,0
0.0587,784.517588118,19749.9615116,-161.989808481,36.7717412872,-31.8545234745,-4.91721781139,-786.660711586,0.134686527642,786.526025058,0
0.05872,784.551607048,18811.5669799,526.189382137,34.5890620535,-31.0451754363,-3.54388661642,781.823428028,-784.11409276,2.2906647319,0
0.05874,784.538513854,19187.6369125,1712.72965781,34.4470009217,-32.9717060712,-1.4752948517,781.801412488,0.15748205531,-781.958894543,0
0.05876,784.519344602,19811.4207452,981.287235521,36.2850093394,-32.9183164063,-3.36669293316,781.773320141,0.147758116627,-781.921078258,0
0.05878,784.496579892,20444.8147534,268.132069169,38.1123743339,-32.8758711164,-5.23650321864,781.741630834,0.138196838798,-781.879827673,0
0.0588,784.517389637,19820.6376635,64.93883162,37.2031627051,-31.4814069491,-5.72175575534,-786.660804629,0.128798255324,786.532006374,0
0.05882,784.551719561,18862.2716621,768.768132517,34.9857547518,-30.7272989888,-4.25845576334,781.82314646,-784.119367502,2.29622104109,0
0.05884,784.538566434,19237.3302126,1791.28078807,35.0367905889,-32.4821656909,-2.55462489918,781.800963821,0.149637703211,-781.950601525,0
0.05886,784.518253467,19886.5101012,1124.8751848,36.8407826105,-32.4851343073,-4.3556483047,781.771616051,0.14064742931,-781.91226348,0
0.05888,784.494416184,20544.3564684,476.936694694,38.6347155487,-32.4993668081,-6.13534874092,781.738737942,0.131820089677,-781.870558031,0
0.0589,784.514820711,19928.5448303,299.884251048,37.692666674,-31.1619022834,-6.53076438973,-786.6590857,0.123155688852,786.535930011,0
0.05892,784.552546264,18863.3631417,946.636554954,35.3294406947,-30.2379577577,-5.09148293551,781.82470144,-784.126806047,2.30210460664,0
0.05894,784.538830614,19271.3497536,1697.04445791,35.6898283447,-31.7101598783,-3.97966846696,781.801822842,0.138652456363,-781.940475298,0
0.05896,784.517244454,19945.0837168,1096.70460699,37.462294822,-31.7722304657,-5.69006435619,781.771063996,0.130410829896,-781.901474826,0
0.05898,784.492200578,20626.5344109,514.990748631,39.225286872,-31.8458672817,-7.37941959161,781.736836976,0.122332237839,-781.859169214,0
0.059,784.516118762,19911.5767171,398.987782523,38.0258716643,-30.4546014685,-7.57127019511,-786.658513272,0.114416655795,786.544096616,0
0.05902,784.55431636,18828.802714,1057.325511,35.6333620663,-29.5909034414,-6.04245862349,781.8281872,-784.136566292,2.30837909191,0
0.05904,784.540101551,19264.4897518,1647.50782026,36.1921839845,-30.8965341341,-5.29564985132,781.804650129,0.128004420774,-781.93265455,0
0.05906,784.517536751,19960.4076724,1113.59136169,37.9360881118,-31.0199048682,-6.91618324392,781.772748955,0.120518607519,-781.893267562,0
0.05908,784.491573936,20663.0982297,598.431323574,39.671103752,-31.1551289233,-8.51597483042,781.737434941,0.113195769898,-781.850630711,0
0.0591,784.515185521,19954.7810204,505.665102111,38.4443028538,-29.8257369392,-8.61856591417,-786.656527865,0.106035854595,786.55049201,0
0.05912,784.556774589,18772.3958906,1097.87413668,35.9114117779,-28.7970198283,-7.11439194913,781.833224599,-784.148353606,2.31512900706,0
0.05914,784.541745744,19248.2437702,1530.48922744,36.6713488017,-29.9384887998,-6.73286000185,781.808688724,0.116028143409,-781.924716868,0
0.05916,784.518244643,19964.6848598,1063.71529714,38.3894162935,-30.1255066563,-8.26390963814,781.775662197,0.109307984544,-781.884970181,0
0.05918,784.491399645,20686.9548464,615.802995087,40.0991810242,-30.3246482328,-9.77453279187,781.739272668,0.102750576691,-781.842023244,0
0.0592,784.518764673,19875.176878,574.200003442,38.6207200198,-28.9459438256,-9.67477619397,-786.656590136,0.0963558376761,786.560234299,0
0.05922,784.560821046,18677.3670222,1174.12714138,36.0642226425,-27.9819175316,-8.08230511031,781.840582513,-784.161315141,2.32073262716,0
0.05924,784.543762076,19236.7904214,1345.36787431,37.1416827479,-28.8478201076,-8.2938626416,781.81380673,0.102769786816,-781.916576517,0
0.05926,784.519338351,19972.0453072,946.477979391,38.8366344557,-29.1007470566,-9.73588739957,781.779643611,0.0968242978012,-781.876467909,0
0.05928,784.491619369,20712.1860741,566.529290342,40.5238682238,-29.3660511275,-11.1578170976,781.742161941,0.091041169694,-781.833203111,0
0.0593,784.518730846,19905.607035,545.372266794,39.0234623237,-28.0537603599,-10.969701963,-786.654109103,0.0854202915571,786.568688812,0
0.05932,784.564057562,18616.0245158,1071.01337521,36.3320080918,-26.9291952861,-9.40281280544,781.847743713,-784.176417806,2.32867409284,0
0.05934,784.545106132,19243.5084477,1093.03904494,37.6159056858,-27.635517864,-9.98038782169,781.818841183,0.0882756497703,-781.907116832,0
0.05936,784.519751546,19995.8097794,762.788943558,39.2904522546,-27.9565275446,-11.3339247101,781.783508816,0.083113013757,-781.866621829,0
0.05938,784.491144962,20752.0551609,451.533529431,40.9578641626,-28.2901504799,-12.6677136839,781.744897057,0.0781121835895,-781.823009241,0
0.0594,784.522124141,19839.035867,472.026218815,39.2112488489,-26.9329264291,-12.2783224189,-786.652837162,0.0732730196845,786.579564142,0
0.05942,784.567944142,18536.9877088,1002.48918938,36.5016129274,-25.8773842736,-10.6242286535,781.856041324,-784.19167052,2.33562919623,0
0.05944,784.546647935,19243.8377263,879.59112591,37.9948423693,-26.4260450805,-11.56879729,781.824535666,0.0742862385811,-781.898821904,0
0.05946,784.520549151,20010.7186444,618.298124085,39.6519216915,-26.8169951098,-12.8349265831,781.788196735,0.0699103422837,-781.858107077,0
0.05948,784.49123514,20780.6094117,376.023997654,41.30244821,-27.2207780939,-14.0816701174,781.748611177,0.0656955395538,-781.814306716,0
0.0595,784.522042691,19871.0220421,413.86054047,39.5395304695,-25.9339314946,-13.6055989739,-786.649402145,0.0616416622955,786.587760483,0
0.05952,784.570851611,18485.0716774,862.361637813,36.7005628793,-24.7217539477,-11.9788089315,781.863732195,-784.207129042,2.34339684734,0
0.05954,784.547972711,19241.1449711,703.13095518,38.2923421857,-25.2282474936,-13.0640946923,781.830361931,0.0608207637021,-781.891182694,0
0.05956,784.521290133,20020.1399891,511.069768149,39.9348778841,-25.6909096099,-14.2439682756,781.793153364,0.057234706385,-781.85038807,0
0.05958,784.49142273,20801.2188883,338.022357045,41.5714405487,-26.1666076878,-15.4048328607,781.752724658,0.0538088738664,-781.806533532,0
0.0596,784.526272072,19781.8325356,407.096349552,39.5681867971,-24.8384003935,-14.7297864034,-786.648297152,0.0505430696979,786.597754082,0
0.05962,784.573447495,18452.3991365,703.60895662,36.8873601424,-23.5282912627,-13.3590688798,781.871361405,0.0508461116604,-781.922207517,0
0.05964,784.549491635,19239.6524527,562.011138358,38.5237607838,-24.0511597308,-14.4726010535,781.8366092,0.0478927931471,-781.884501993,0
0.05966,784.522353653,20028.299058,439.417848099,40.1546611831,-24.5872200173,-15.5674411663,781.798636416,0.0450988940292,-781.84373531,0
0.05968,784.492055019,20818.1123652,335.803972419,41.780165529,-25.1365023173,-16.6436632132,781.757463848,0.042464195308,-781.799928043,0
0.0597,784.526819053,19800.2361847,418.680068785,39.7664280347,-23.8820612738,-15.8843667594,-786.645053643,0.0399884723719,786.605065171,0
0.05972,784.573465816,18495.3150574,426.179078765,37.1893349182,-22.191374501,-14.9979604189,781.876554436,0.0359670702308,-781.912521507,0
0.05974,784.548916598,19291.2538336,354.799044305,38.8161727503,-22.7892945939,-16.0268781569,781.840881429,0.0338120820158,-781.874693511,0
0.05976,784.521205755,20087.6680757,302.370743331,40.438083825,-23.400577434,-17.0375063926,781.802004617,0.0318153550481,-781.833819972,0
0.05978,784.49035354,20884.3351357,268.860506207,42.0551716085,-24.0252500551,-18.0299215537,781.759943601,0.029976642357,-781.789920243,0
0.0598,784.52501361,19867.7865611,366.016116549,40.0335989404,-22.846368624,-17.187230316,-786.639405592,0.0282956913987,786.6111099,0
0.05982,784.575741916,18442.0656912,192.61549537,37.221956546,-20.7768235745,-16.4451329714,781.885740183,0.0216584529072,-781.907398636,0
0.05984,784.551126286,19244.283138,190.948433399,38.8425858215,-21.4515613997,-17.3910244224,781.849647717,0.0203026847851,-781.869950402,0
0.05986,784.523361076,20046.0739394,208.153359785,40.4588594411,-22.1398163409,-18.3190431013,781.810359866,0.0191038661026,-781.829463732,0
0.05988,784.492465364,20847.2195696,244.188172951,42.0708799912,-22.8416122205,-19.2292677713,781.767895072,0.0180617221554,-781.785956794,0
0.0599,784.527112154,19831.6066547,354.928272942,40.044799719,-21.7399971386,-18.3048025791,-786.636028282,0.0171759727114,786.618852309,0
0.05992,784.576714091,18439.9958479,37.2462258213,37.2860027933,-19.5205876983,-17.765415094,-2.38403294054,784.28548211,-781.901449169,0
0.05994,784.555196655,19157.9691242,-37.2337982965,38.7330030404,-19.9330291095,-18.7999739316,781.861858662,0.00566527586142,-781.867523938,0
0.05996,784.527639344,19963.3492132,49.5912747821,40.3467251151,-20.7001435974,-19.6465815191,781.822397168,0.00526781036513,-781.827664979,0
0.05998,784.496955366,20767.1960676,155.133702094,41.9567603147,-21.4809322431,-20.4758280727,781.779759072,0.00502552082668,-781.784784593,0
0.06,784.527418775,19865.9774941,279.341099132,40.1561920504,-20.5719059884,-19.5842860611,-786.631051409,0.00493809961176,786.62611331,0
