time_s,phase_a_duty,phase_b_duty,phase_c_duty,phase_a_upper_gate,phase_a_lower_gate,phase_b_upper_gate,phase_b_lower_gate,phase_c_upper_gate,phase_c_lower_gate,upper_antiparallel_diode_count,lower_antiparallel_diode_count
0,0.806186217848,0.193813782152,0.193813782152,0,0,0,0,0,0,0,0
2e-05,0.911362066798,0.0886379332024,0.0886379332024,1,0,0,0,0,0,1,2
4e-05,0.911362066798,0.0886379332024,0.0886379332024,1,0,0,1,0,1,1,2
6e-05,0.911362066798,0.0886379332024,0.0886379332024,1,0,0,1,0,1,0,0
8e-05,0.911362066798,0.0886379332024,0.0886379332024,1,0,0,1,0,1,0,0
0.0001,0.911362066798,0.0886379332024,0.0886379332024,0,0,0,0,0,0,1,1
0.00012,0.919148906475,0.112937236869,0.0808510935249,1,0,0,1,0,1,1,2
0.00014,0.919148906475,0.112937236869,0.0808510935249,1,0,0,1,0,1,0,0
0.00016,0.919148906475,0.112937236869,0.0808510935249,1,0,0,1,0,1,0,0
0.00018,0.919148906475,0.112937236869,0.0808510935249,1,0,0,1,0,1,0,0
0.0002,0.919148906475,0.112937236869,0.0808510935249,0,0,0,0,0,0,2,1
0.00022,0.92847163054,0.144878632766,0.0715283694597,1,0,0,1,0,1,0,0
0.00024,0.92847163054,0.144878632766,0.0715283694597,1,0,0,1,0,1,0,0
0.00026,0.92847163054,0.144878632766,0.0715283694597,1,0,0,1,0,1,0,0
0.00028,0.92847163054,0.144878632766,0.0715283694597,1,0,0,1,0,1,0,0
0.0003,0.92847163054,0.144878632766,0.0715283694597,0,0,0,0,0,0,2,1
0.00032,0.937515102006,0.179661731056,0.0624848979941,1,0,0,1,0,1,0,0
0.00034,0.937515102006,0.179661731056,0.0624848979941,1,0,0,1,0,1,0,0
0.00036,0.937515102006,0.179661731056,0.0624848979941,1,0,0,1,0,1,0,0
0.00038,0.937515102006,0.179661731056,0.0624848979941,1,0,0,1,0,1,0,0
0.0004,0.937515102006,0.179661731056,0.0624848979941,0,0,0,0,0,0,2,1
0.00042,0.945602980246,0.215063249143,0.0543970197544,1,0,0,1,0,1,0,0
0.00044,0.945602980246,0.215063249143,0.0543970197544,1,0,0,1,0,1,0,0
0.00046,0.945602980246,0.215063249143,0.0543970197544,1,0,0,1,0,1,0,0
0.00048,0.945602980246,0.215063249143,0.0543970197544,1,0,0,1,0,1,0,0
0.0005,0.945602980246,0.215063249143,0.0543970197544,0,0,0,0,0,0,2,1
0.00052,0.945984412891,0.253059727029,0.0540155871093,1,0,1,0,0,1,1,0
0.00054,0.945984412891,0.253059727029,0.0540155871093,1,0,0,1,0,1,0,0
0.00056,0.945984412891,0.253059727029,0.0540155871093,1,0,0,1,0,1,0,0
0.00058,0.945984412891,0.253059727029,0.0540155871093,1,0,0,1,0,1,0,0
0.0006,0.945984412891,0.253059727029,0.0540155871093,0,0,0,0,0,0,2,1
0.00062,0.938624032781,0.292207596941,0.0613759672189,1,0,1,0,0,1,1,0
0.00064,0.938624032781,0.292207596941,0.0613759672189,1,0,0,1,0,1,0,0
0.00066,0.938624032781,0.292207596941,0.0613759672189,1,0,0,1,0,1,0,0
0.00068,0.938624032781,0.292207596941,0.0613759672189,1,0,0,1,0,1,0,0
0.0007,0.938624032781,0.292207596941,0.0613759672189,0,0,0,0,0,0,2,1
0.00072,0.931129614531,0.329683855961,0.0688703854686,1,0,1,0,0,1,1,0
0.00074,0.931129614531,0.329683855961,0.0688703854686,1,0,0,1,0,1,0,0
0.00076,0.931129614531,0.329683855961,0.0688703854686,1,0,0,1,0,1,0,0
0.00078,0.931129614531,0.329683855961,0.0688703854686,1,0,0,1,0,1,0,0
0.0008,0.931129614531,0.329683855961,0.0688703854686,0,0,0,0,0,0,2,1
0.00082,0.924933490474,0.363286521006,0.075066509526,1,0,1,0,0,1,1,0
0.00084,0.924933490474,0.363286521006,0.075066509526,1,0,0,1,0,1,0,0
0.00086,0.924933490474,0.363286521006,0.075066509526,1,0,0,1,0,1,0,0
0.00088,0.924933490474,0.363286521006,0.075066509526,1,0,0,1,0,1,0,0
0.0009,0.924933490474,0.363286521006,0.075066509526,0,0,0,0,0,0,2,1
0.00092,0.919986211087,0.393019519147,0.0800137889127,1,0,1,0,0,1,1,0
0.00094,0.919986211087,0.393019519147,0.0800137889127,1,0,0,1,0,1,0,0
0.00096,0.919986211087,0.393019519147,0.0800137889127,1,0,0,1,0,1,0,0
0.00098,0.919986211087,0.393019519147,0.0800137889127,1,0,0,1,0,1,0,0
0.001,0.919986211087,0.393019519147,0.0800137889127,0,0,0,0,0,0,2,1
0.00102,0.91641743635,0.420539444307,0.0835825636498,1,0,1,0,0,1,1,0
0.00104,0.91641743635,0.420539444307,0.0835825636498,1,0,0,0,0,1,1,0
0.00106,0.91641743635,0.420539444307,0.0835825636498,1,0,0,1,0,1,0,0
0.00108,0.91641743635,0.420539444307,0.0835825636498,1,0,0,1,0,1,0,0
0.0011,0.91641743635,0.420539444307,0.0835825636498,0,0,0,0,0,0,2,1
0.00112,0.912507766467,0.446408163181,0.0874922335333,1,0,1,0,0,1,1,0
0.00114,0.912507766467,0.446408163181,0.0874922335333,1,0,1,0,0,1,1,0
0.00116,0.912507766467,0.446408163181,0.0874922335333,1,0,0,1,0,1,0,0
0.00118,0.912507766467,0.446408163181,0.0874922335333,1,0,0,1,0,1,0,0
0.0012,0.912507766467,0.446408163181,0.0874922335333,0,0,0,0,0,0,2,1
0.00122,0.908198687195,0.470623209668,0.091801312805,1,0,1,0,0,1,1,0
0.00124,0.908198687195,0.470623209668,0.091801312805,1,0,1,0,0,1,1,0
0.00126,0.908198687195,0.470623209668,0.091801312805,1,0,0,1,0,1,0,0
0.00128,0.908198687195,0.470623209668,0.091801312805,1,0,0,1,0,1,0,0
0.0013,0.908198687195,0.470623209668,0.091801312805,0,0,0,0,0,0,2,1
0.00132,0.905100940108,0.492627520361,0.094899059892,1,0,1,0,0,1,1,0
0.00134,0.905100940108,0.492627520361,0.094899059892,1,0,1,0,0,1,1,0
0.00136,0.905100940108,0.492627520361,0.094899059892,1,0,0,1,0,1,0,0
0.00138,0.905100940108,0.492627520361,0.094899059892,1,0,0,1,0,1,0,0
0.0014,0.905100940108,0.492627520361,0.094899059892,0,0,0,0,0,0,2,1
0.00142,0.90167470395,0.514627854977,0.0983252960495,1,0,1,0,0,1,1,0
0.00144,0.90167470395,0.514627854977,0.0983252960495,1,0,1,0,0,1,1,0
0.00146,0.90167470395,0.514627854977,0.0983252960495,1,0,0,1,0,1,0,0
0.00148,0.90167470395,0.514627854977,0.0983252960495,1,0,0,1,0,1,0,0
0.0015,0.90167470395,0.514627854977,0.0983252960495,0,0,0,0,0,0,2,1
0.00152,0.897860085118,0.53662273975,0.102139914882,1,0,1,0,0,1,1,0
0.00154,0.897860085118,0.53662273975,0.102139914882,1,0,1,0,0,1,1,0
0.00156,0.897860085118,0.53662273975,0.102139914882,1,0,0,1,0,1,0,0
0.00158,0.897860085118,0.53662273975,0.102139914882,1,0,0,1,0,1,0,0
0.0016,0.897860085118,0.53662273975,0.102139914882,0,0,0,0,0,0,2,1
0.00162,0.895630333115,0.561402471352,0.104369666885,1,0,1,0,0,1,1,0
0.00164,0.895630333115,0.561402471352,0.104369666885,1,0,1,0,0,1,1,0
0.00166,0.895630333115,0.561402471352,0.104369666885,1,0,0,1,0,1,0,1
0.00168,0.895630333115,0.561402471352,0.104369666885,1,0,0,1,0,1,0,0
0.0017,0.895630333115,0.561402471352,0.104369666885,0,0,0,0,0,0,2,1
0.00172,0.892722285579,0.58459975298,0.107277714421,1,0,1,0,0,1,1,0
0.00174,0.892722285579,0.58459975298,0.107277714421,1,0,1,0,0,1,0,0
0.00176,0.892722285579,0.58459975298,0.107277714421,1,0,0,1,0,1,0,1
0.00178,0.892722285579,0.58459975298,0.107277714421,1,0,0,1,0,1,0,0
0.0018,0.892722285579,0.58459975298,0.107277714421,0,0,0,0,0,0,2,1
0.00182,0.889257925287,0.60786419655,0.110742074713,1,0,1,0,0,1,1,0
0.00184,0.889257925287,0.60786419655,0.110742074713,1,0,1,0,0,1,0,0
0.00186,0.889257925287,0.60786419655,0.110742074713,1,0,0,1,0,1,0,1
0.00188,0.889257925287,0.60786419655,0.110742074713,1,0,0,1,0,1,0,1
0.0019,0.889257925287,0.60786419655,0.110742074713,0,0,0,0,0,0,2,1
0.00192,0.886843356353,0.630621837226,0.113156643647,1,0,1,0,0,1,0,0
0.00194,0.886843356353,0.630621837226,0.113156643647,1,0,1,0,0,1,0,0
0.00196,0.886843356353,0.630621837226,0.113156643647,1,0,1,0,0,1,0,0
0.00198,0.886843356353,0.630621837226,0.113156643647,1,0,0,1,0,1,0,1
0.002,0.886843356353,0.630621837226,0.113156643647,0,0,0,0,0,0,1,2
0.00202,0.883578585147,0.651792332383,0.116421414853,1,0,1,0,0,1,0,0
0.00204,0.883578585147,0.651792332383,0.116421414853,1,0,1,0,0,1,0,0
0.00206,0.883578585147,0.651792332383,0.116421414853,1,0,1,0,0,1,0,0
0.00208,0.883578585147,0.651792332383,0.116421414853,1,0,0,1,0,1,0,1
0.0021,0.883578585147,0.651792332383,0.116421414853,0,0,0,0,0,0,1,2
0.00212,0.879944689924,0.676282541791,0.120055310076,1,0,1,0,0,1,0,0
0.00214,0.879944689924,0.676282541791,0.120055310076,1,0,1,0,0,1,0,0
0.00216,0.879944689924,0.676282541791,0.120055310076,1,0,1,0,0,1,0,0
0.00218,0.879944689924,0.676282541791,0.120055310076,1,0,0,1,0,1,0,1
0.0022,0.879944689924,0.676282541791,0.120055310076,0,0,0,0,0,0,1,2
0.00222,0.877174247624,0.700156505135,0.122825752376,1,0,1,0,0,1,0,0
0.00224,0.877174247624,0.700156505135,0.122825752376,1,0,1,0,0,1,0,0
0.00226,0.877174247624,0.700156505135,0.122825752376,1,0,1,0,0,1,0,0
0.00228,0.877174247624,0.700156505135,0.122825752376,1,0,0,1,0,1,0,1
0.0023,0.877174247624,0.700156505135,0.122825752376,0,0,0,0,0,0,1,2
0.00232,0.873361751624,0.722277221146,0.126638248376,1,0,1,0,0,1,0,0
0.00234,0.873361751624,0.722277221146,0.126638248376,1,0,1,0,0,1,0,0
0.00236,0.873361751624,0.722277221146,0.126638248376,1,0,1,0,0,1,0,0
0.00238,0.873361751624,0.722277221146,0.126638248376,1,0,0,1,0,1,0,1
0.0024,0.873361751624,0.722277221146,0.126638248376,0,0,0,0,0,0,1,2
0.00242,0.868629858374,0.744262500825,0.131370141626,1,0,1,0,0,1,0,0
0.00244,0.868629858374,0.744262500825,0.131370141626,1,0,1,0,0,1,0,0
0.00246,0.868629858374,0.744262500825,0.131370141626,1,0,1,0,0,1,0,0
0.00248,0.868629858374,0.744262500825,0.131370141626,1,0,0,1,0,1,0,1
0.0025,0.868629858374,0.744262500825,0.131370141626,0,0,0,0,0,0,1,2
0.00252,0.864585913811,0.765534102606,0.135414086189,1,0,1,0,0,1,0,0
0.00254,0.864585913811,0.765534102606,0.135414086189,1,0,1,0,0,1,0,0
0.00256,0.864585913811,0.765534102606,0.135414086189,1,0,1,0,0,1,0,0
0.00258,0.864585913811,0.765534102606,0.135414086189,1,0,0,1,0,1,0,1
0.0026,0.864585913811,0.765534102606,0.135414086189,0,0,0,0,0,0,1,2
0.00262,0.859508921886,0.786601794926,0.140491078114,1,0,1,0,0,1,0,0
0.00264,0.859508921886,0.786601794926,0.140491078114,1,0,1,0,0,1,0,0
0.00266,0.859508921886,0.786601794926,0.140491078114,1,0,1,0,0,1,0,0
0.00268,0.859508921886,0.786601794926,0.140491078114,1,0,0,1,0,1,0,1
0.0027,0.859508921886,0.786601794926,0.140491078114,0,0,0,0,0,0,1,2
0.00272,0.854823112063,0.805219672411,0.145176887937,1,0,1,0,0,1,0,0
0.00274,0.854823112063,0.805219672411,0.145176887937,1,0,1,0,0,1,0,0
0.00276,0.854823112063,0.805219672411,0.145176887937,1,0,1,0,0,1,0,0
0.00278,0.854823112063,0.805219672411,0.145176887937,1,0,0,0,0,1,0,1
0.0028,0.854823112063,0.805219672411,0.145176887937,0,0,0,0,0,0,1,2
0.00282,0.84899460382,0.823541133509,0.15100539618,1,0,1,0,0,1,0,0
0.00284,0.84899460382,0.823541133509,0.15100539618,1,0,1,0,0,1,0,0
0.00286,0.84899460382,0.823541133509,0.15100539618,1,0,1,0,0,1,0,0
0.00288,0.84899460382,0.823541133509,0.15100539618,1,0,1,0,0,1,0,0
0.0029,0.84899460382,0.823541133509,0.15100539618,0,0,0,0,0,0,1,2
0.00292,0.843632384263,0.840977006897,0.156367615737,1,0,1,0,0,1,0,0
0.00294,0.843632384263,0.840977006897,0.156367615737,1,0,1,0,0,1,0,0
0.00296,0.843632384263,0.840977006897,0.156367615737,1,0,1,0,0,1,0,0
0.00298,0.843632384263,0.840977006897,0.156367615737,1,0,1,0,0,1,0,0
0.003,0.843632384263,0.840977006897,0.156367615737,0,0,0,0,0,0,1,2
0.00302,0.825963058992,0.848444051784,0.151555948216,1,0,1,0,0,1,0,0
0.00304,0.825963058992,0.848444051784,0.151555948216,1,0,1,0,0,1,0,0
0.00306,0.825963058992,0.848444051784,0.151555948216,1,0,1,0,0,1,0,0
0.00308,0.825963058992,0.848444051784,0.151555948216,1,0,1,0,0,1,0,0
0.0031,0.825963058992,0.848444051784,0.151555948216,0,0,0,0,0,0,1,2
0.00312,0.807989869535,0.854273387093,0.145726612907,1,0,1,0,0,1,0,0
0.00314,0.807989869535,0.854273387093,0.145726612907,1,0,1,0,0,1,0,0
0.00316,0.807989869535,0.854273387093,0.145726612907,1,0,1,0,0,1,0,0
0.00318,0.807989869535,0.854273387093,0.145726612907,1,0,1,0,0,1,0,0
0.0032,0.807989869535,0.854273387093,0.145726612907,0,0,0,0,0,0,1,2
0.00322,0.788232861311,0.859183313578,0.140816686422,1,0,1,0,0,1,0,0
0.00324,0.788232861311,0.859183313578,0.140816686422,1,0,1,0,0,1,0,0
0.00326,0.788232861311,0.859183313578,0.140816686422,1,0,1,0,0,1,0,0
0.00328,0.788232861311,0.859183313578,0.140816686422,1,0,1,0,0,1,0,0
0.0033,0.788232861311,0.859183313578,0.140816686422,0,0,0,0,0,0,1,2
0.00332,0.768851735045,0.864604294721,0.135395705279,1,0,1,0,0,1,0,0
0.00334,0.768851735045,0.864604294721,0.135395705279,1,0,1,0,0,1,0,0
0.00336,0.768851735045,0.864604294721,0.135395705279,1,0,1,0,0,1,0,0
0.00338,0.768851735045,0.864604294721,0.135395705279,0,0,1,0,0,1,0,1
0.0034,0.768851735045,0.864604294721,0.135395705279,0,0,0,0,0,0,1,2
0.00342,0.749250796657,0.868820147814,0.131179852186,1,0,1,0,0,1,0,0
0.00344,0.749250796657,0.868820147814,0.131179852186,1,0,1,0,0,1,0,0
0.00346,0.749250796657,0.868820147814,0.131179852186,1,0,1,0,0,1,0,0
0.00348,0.749250796657,0.868820147814,0.131179852186,0,1,1,0,0,1,0,1
0.0035,0.749250796657,0.868820147814,0.131179852186,0,0,0,0,0,0,1,2
0.00352,0.729936972565,0.873438684898,0.126561315102,1,0,1,0,0,1,0,0
0.00354,0.729936972565,0.873438684898,0.126561315102,1,0,1,0,0,1,0,0
0.00356,0.729936972565,0.873438684898,0.126561315102,1,0,1,0,0,1,0,0
0.00358,0.729936972565,0.873438684898,0.126561315102,0,1,1,0,0,1,0,1
0.0036,0.729936972565,0.873438684898,0.126561315102,0,0,0,0,0,0,1,2
0.00362,0.710321611278,0.876740829936,0.123259170064,1,0,1,0,0,1,0,0
0.00364,0.710321611278,0.876740829936,0.123259170064,1,0,1,0,0,1,0,0
0.00366,0.710321611278,0.876740829936,0.123259170064,1,0,1,0,0,1,0,0
0.00368,0.710321611278,0.876740829936,0.123259170064,0,1,1,0,0,1,0,1
0.0037,0.710321611278,0.876740829936,0.123259170064,0,0,0,0,0,0,1,2
0.00372,0.690916983342,0.880333146248,0.119666853752,1,0,1,0,0,1,0,0
0.00374,0.690916983342,0.880333146248,0.119666853752,1,0,1,0,0,1,0,0
0.00376,0.690916983342,0.880333146248,0.119666853752,1,0,1,0,0,1,0,0
0.00378,0.690916983342,0.880333146248,0.119666853752,0,1,1,0,0,1,0,1
0.0038,0.690916983342,0.880333146248,0.119666853752,0,0,0,0,0,0,1,2
0.00382,0.671142063178,0.882493987578,0.117506012422,1,0,1,0,0,1,0,0
0.00384,0.671142063178,0.882493987578,0.117506012422,1,0,1,0,0,1,0,0
0.00386,0.671142063178,0.882493987578,0.117506012422,1,0,1,0,0,1,0,0
0.00388,0.671142063178,0.882493987578,0.117506012422,0,1,1,0,0,1,0,1
0.0039,0.671142063178,0.882493987578,0.117506012422,0,0,0,0,0,0,1,2
0.00392,0.651514698135,0.884828875421,0.115171124579,1,0,1,0,0,1,0,0
0.00394,0.651514698135,0.884828875421,0.115171124579,1,0,1,0,0,1,0,0
0.00396,0.651514698135,0.884828875421,0.115171124579,1,0,1,0,0,1,0,0
0.00398,0.651514698135,0.884828875421,0.115171124579,0,1,1,0,0,1,0,1
0.004,0.651514698135,0.884828875421,0.115171124579,0,0,0,0,0,0,1,2
0.00402,0.632004437541,0.887282779224,0.112717220776,1,0,1,0,0,1,0,0
0.00404,0.632004437541,0.887282779224,0.112717220776,1,0,1,0,0,1,0,0
0.00406,0.632004437541,0.887282779224,0.112717220776,1,0,1,0,0,1,0,0
0.00408,0.632004437541,0.887282779224,0.112717220776,0,1,1,0,0,1,0,1
0.0041,0.632004437541,0.887282779224,0.112717220776,0,0,0,0,0,0,1,2
0.00412,0.612583726142,0.889799751849,0.110200248151,1,0,1,0,0,1,0,0
0.00414,0.612583726142,0.889799751849,0.110200248151,1,0,1,0,0,1,0,0
0.00416,0.612583726142,0.889799751849,0.110200248151,1,0,1,0,0,1,0,0
0.00418,0.612583726142,0.889799751849,0.110200248151,0,1,1,0,0,1,0,1
0.0042,0.612583726142,0.889799751849,0.110200248151,0,0,0,0,0,0,1,2
0.00422,0.592686776837,0.890653682601,0.109346317399,1,0,1,0,0,1,0,0
0.00424,0.592686776837,0.890653682601,0.109346317399,1,0,1,0,0,1,0,0
0.00426,0.592686776837,0.890653682601,0.109346317399,1,0,1,0,0,1,0,0
0.00428,0.592686776837,0.890653682601,0.109346317399,0,1,1,0,0,1,0,1
0.0043,0.592686776837,0.890653682601,0.109346317399,0,0,0,0,0,0,1,2
0.00432,0.572842064397,0.891448233739,0.108551766261,1,0,1,0,0,1,0,0
0.00434,0.572842064397,0.891448233739,0.108551766261,1,0,1,0,0,1,0,0
0.00436,0.572842064397,0.891448233739,0.108551766261,0,0,1,0,0,1,0,1
0.00438,0.572842064397,0.891448233739,0.108551766261,0,1,1,0,0,1,0,1
0.0044,0.572842064397,0.891448233739,0.108551766261,0,0,0,0,0,0,1,2
0.00442,0.553032633065,0.892125486454,0.107874513546,1,0,1,0,0,1,0,0
0.00444,0.553032633065,0.892125486454,0.107874513546,1,0,1,0,0,1,0,0
0.00446,0.553032633065,0.892125486454,0.107874513546,0,1,1,0,0,1,0,1
0.00448,0.553032633065,0.892125486454,0.107874513546,0,1,1,0,0,1,0,1
0.0045,0.553032633065,0.892125486454,0.107874513546,0,0,0,0,0,0,1,2
0.00452,0.533244777125,0.892626897047,0.107373102953,1,0,1,0,0,1,0,0
0.00454,0.533244777125,0.892626897047,0.107373102953,1,0,1,0,0,1,0,0
0.00456,0.533244777125,0.892626897047,0.107373102953,0,1,1,0,0,1,0,1
0.00458,0.533244777125,0.892626897047,0.107373102953,0,1,1,0,0,1,0,1
0.0046,0.533244777125,0.892626897047,0.107373102953,0,0,0,0,0,0,1,2
0.00462,0.51346812592,0.89289336969,0.10710663031,1,0,1,0,0,1,0,0
0.00464,0.51346812592,0.89289336969,0.10710663031,1,0,1,0,0,1,0,0
0.00466,0.51346812592,0.89289336969,0.10710663031,0,1,1,0,0,1,0,1
0.00468,0.51346812592,0.89289336969,0.10710663031,0,1,1,0,0,1,0,1
0.0047,0.51346812592,0.89289336969,0.10710663031,0,0,0,0,0,0,1,2
0.00472,0.493695722092,0.892865331943,0.107134668057,1,0,1,0,0,1,0,0
0.00474,0.493695722092,0.892865331943,0.107134668057,1,0,1,0,0,1,0,0
0.00476,0.493695722092,0.892865331943,0.107134668057,0,1,1,0,0,1,0,1
0.00478,0.493695722092,0.892865331943,0.107134668057,0,1,1,0,0,1,0,1
0.0048,0.493695722092,0.892865331943,0.107134668057,0,0,0,0,0,0,1,2
0.00482,0.47392409278,0.892482812643,0.107517187357,1,0,1,0,0,1,0,0
0.00484,0.47392409278,0.892482812643,0.107517187357,1,0,1,0,0,1,0,0
0.00486,0.47392409278,0.892482812643,0.107517187357,0,1,1,0,0,1,0,1
0.00488,0.47392409278,0.892482812643,0.107517187357,0,1,1,0,0,1,0,1
0.0049,0.47392409278,0.892482812643,0.107517187357,0,0,0,0,0,0,1,2
0.00492,0.454153313523,0.891685521761,0.108314478239,1,0,1,0,0,1,0,0
0.00494,0.454153313523,0.891685521761,0.108314478239,1,0,1,0,0,1,0,0
0.00496,0.454153313523,0.891685521761,0.108314478239,0,1,1,0,0,1,0,1
0.00498,0.454153313523,0.891685521761,0.108314478239,0,1,1,0,0,1,0,1
0.005,0.454153313523,0.891685521761,0.108314478239,0,0,0,0,0,0,2,1
0.00502,0.434327536585,0.890419415722,0.109580584278,1,0,1,0,0,1,0,0
0.00504,0.434327536585,0.890419415722,0.109580584278,1,0,1,0,0,1,0,0
0.00506,0.434327536585,0.890419415722,0.109580584278,0,1,1,0,0,1,0,1
0.00508,0.434327536585,0.890419415722,0.109580584278,0,1,1,0,0,1,0,0
0.0051,0.434327536585,0.890419415722,0.109580584278,0,0,0,0,0,0,2,1
0.00512,0.411113906855,0.888988025108,0.111011974892,1,0,1,0,0,1,1,0
0.00514,0.411113906855,0.888988025108,0.111011974892,1,0,1,0,0,1,0,0
0.00516,0.411113906855,0.888988025108,0.111011974892,0,1,1,0,0,1,0,1
0.00518,0.411113906855,0.888988025108,0.111011974892,0,1,1,0,0,1,0,0
0.0052,0.411113906855,0.888988025108,0.111011974892,0,0,0,0,0,0,2,1
0.00522,0.387828888264,0.88696420751,0.11303579249,1,0,1,0,0,1,1,0
0.00524,0.387828888264,0.88696420751,0.11303579249,1,0,1,0,0,1,0,0
0.00526,0.387828888264,0.88696420751,0.11303579249,0,1,1,0,0,1,0,0
0.00528,0.387828888264,0.88696420751,0.11303579249,0,1,1,0,0,1,0,0
0.0053,0.387828888264,0.88696420751,0.11303579249,0,0,0,0,0,0,2,1
0.00532,0.36448695226,0.884286060813,0.115713939187,1,0,1,0,0,1,1,0
0.00534,0.36448695226,0.884286060813,0.115713939187,0,0,1,0,0,1,0,1
0.00536,0.36448695226,0.884286060813,0.115713939187,0,1,1,0,0,1,0,0
0.00538,0.36448695226,0.884286060813,0.115713939187,0,1,1,0,0,1,0,0
0.0054,0.36448695226,0.884286060813,0.115713939187,0,0,0,0,0,0,2,1
0.00542,0.341101998168,0.880892231049,0.119107768951,1,0,1,0,0,1,1,0
0.00544,0.341101998168,0.880892231049,0.119107768951,0,1,1,0,0,1,0,0
0.00546,0.341101998168,0.880892231049,0.119107768951,0,1,1,0,0,1,0,0
0.00548,0.341101998168,0.880892231049,0.119107768951,0,1,1,0,0,1,0,0
0.0055,0.341101998168,0.880892231049,0.119107768951,0,0,0,0,0,0,2,1
0.00552,0.316604663046,0.878569036907,0.121430963093,1,0,1,0,0,1,1,0
0.00554,0.316604663046,0.878569036907,0.121430963093,0,1,1,0,0,1,0,0
0.00556,0.316604663046,0.878569036907,0.121430963093,0,1,1,0,0,1,0,0
0.00558,0.316604663046,0.878569036907,0.121430963093,0,1,1,0,0,1,0,0
0.0056,0.316604663046,0.878569036907,0.121430963093,0,0,0,0,0,0,2,1
0.00562,0.292174924,0.875403706909,0.124596293091,1,0,1,0,0,1,1,0
0.00564,0.292174924,0.875403706909,0.124596293091,0,1,1,0,0,1,0,0
0.00566,0.292174924,0.875403706909,0.124596293091,0,1,1,0,0,1,0,0
0.00568,0.292174924,0.875403706909,0.124596293091,0,1,1,0,0,1,0,0
0.0057,0.292174924,0.875403706909,0.124596293091,0,0,0,0,0,0,2,1
0.00572,0.267842188051,0.871334340312,0.128665659688,1,0,1,0,0,1,1,0
0.00574,0.267842188051,0.871334340312,0.128665659688,0,1,1,0,0,1,0,0
0.00576,0.267842188051,0.871334340312,0.128665659688,0,1,1,0,0,1,0,0
0.00578,0.267842188051,0.871334340312,0.128665659688,0,1,1,0,0,1,0,0
0.0058,0.267842188051,0.871334340312,0.128665659688,0,0,0,0,0,0,2,1
0.00582,0.245293837249,0.866117471474,0.133882528526,1,0,1,0,0,1,1,0
0.00584,0.245293837249,0.866117471474,0.133882528526,0,1,1,0,0,1,0,0
0.00586,0.245293837249,0.866117471474,0.133882528526,0,1,1,0,0,1,0,0
0.00588,0.245293837249,0.866117471474,0.133882528526,0,1,1,0,0,1,0,0
0.0059,0.245293837249,0.866117471474,0.133882528526,0,0,0,0,0,0,2,1
0.00592,0.223452425542,0.861545542278,0.138454457722,1,0,1,0,0,1,1,0
0.00594,0.223452425542,0.861545542278,0.138454457722,0,1,1,0,0,1,0,0
0.00596,0.223452425542,0.861545542278,0.138454457722,0,1,1,0,0,1,0,0
0.00598,0.223452425542,0.861545542278,0.138454457722,0,1,1,0,0,1,0,0
0.006,0.223452425542,0.861545542278,0.138454457722,0,0,0,0,0,0,2,1
0.00602,0.20182206619,0.855896674873,0.144103325127,1,0,1,0,0,1,1,0
0.00604,0.20182206619,0.855896674873,0.144103325127,0,1,1,0,0,1,0,0
0.00606,0.20182206619,0.855896674873,0.144103325127,0,1,1,0,0,1,0,0
0.00608,0.20182206619,0.855896674873,0.144103325127,0,1,1,0,0,1,0,0
0.0061,0.20182206619,0.855896674873,0.144103325127,0,0,0,0,0,0,2,1
0.00612,0.182629307496,0.850597856873,0.149402143127,0,0,1,0,0,1,1,0
0.00614,0.182629307496,0.850597856873,0.149402143127,0,1,1,0,0,1,0,0
0.00616,0.182629307496,0.850597856873,0.149402143127,0,1,1,0,0,1,0,0
0.00618,0.182629307496,0.850597856873,0.149402143127,0,1,1,0,0,1,0,0
0.0062,0.182629307496,0.850597856873,0.149402143127,0,0,0,0,0,0,2,1
0.00622,0.163741976132,0.844113566565,0.155886433435,0,1,1,0,0,1,0,0
0.00624,0.163741976132,0.844113566565,0.155886433435,0,1,1,0,0,1,0,0
0.00626,0.163741976132,0.844113566565,0.155886433435,0,1,1,0,0,1,0,0
0.00628,0.163741976132,0.844113566565,0.155886433435,0,1,1,0,0,1,0,0
0.0063,0.163741976132,0.844113566565,0.155886433435,0,0,0,0,0,0,2,1
0.00632,0.153842092977,0.846157907023,0.170048703256,0,1,1,0,0,1,0,0
0.00634,0.153842092977,0.846157907023,0.170048703256,0,1,1,0,0,1,0,0
0.00636,0.153842092977,0.846157907023,0.170048703256,0,1,1,0,0,1,0,0
0.00638,0.153842092977,0.846157907023,0.170048703256,0,1,1,0,0,1,0,0
0.0064,0.153842092977,0.846157907023,0.170048703256,0,0,0,0,0,0,2,1
0.00642,0.148147979278,0.851852020722,0.187109368915,0,1,1,0,0,1,0,0
0.00644,0.148147979278,0.851852020722,0.187109368915,0,1,1,0,0,1,0,0
0.00646,0.148147979278,0.851852020722,0.187109368915,0,1,1,0,0,1,0,0
0.00648,0.148147979278,0.851852020722,0.187109368915,0,1,1,0,0,1,0,0
0.0065,0.148147979278,0.851852020722,0.187109368915,0,0,0,0,0,0,2,1
0.00652,0.143357363715,0.856642636285,0.205961811552,0,1,1,0,0,0,1,0
0.00654,0.143357363715,0.856642636285,0.205961811552,0,1,1,0,0,1,0,0
0.00656,0.143357363715,0.856642636285,0.205961811552,0,1,1,0,0,1,0,0
0.00658,0.143357363715,0.856642636285,0.205961811552,0,1,1,0,0,1,0,0
0.0066,0.143357363715,0.856642636285,0.205961811552,0,0,0,0,0,0,2,1
0.00662,0.138039629611,0.861960370389,0.224445511068,0,1,1,0,1,0,1,0
0.00664,0.138039629611,0.861960370389,0.224445511068,0,1,1,0,0,1,0,0
0.00666,0.138039629611,0.861960370389,0.224445511068,0,1,1,0,0,1,0,0
0.00668,0.138039629611,0.861960370389,0.224445511068,0,1,1,0,0,1,0,0
0.0067,0.138039629611,0.861960370389,0.224445511068,0,0,0,0,0,0,2,1
0.00672,0.133909387808,0.866090612192,0.243167214218,0,1,1,0,1,0,1,0
0.00674,0.133909387808,0.866090612192,0.243167214218,0,1,1,0,0,1,0,0
0.00676,0.133909387808,0.866090612192,0.243167214218,0,1,1,0,0,1,0,0
0.00678,0.133909387808,0.866090612192,0.243167214218,0,1,1,0,0,1,0,0
0.0068,0.133909387808,0.866090612192,0.243167214218,0,0,0,0,0,0,2,1
0.00682,0.129182364784,0.870817635216,0.263262637618,0,1,1,0,1,0,1,0
0.00684,0.129182364784,0.870817635216,0.263262637618,0,1,1,0,0,1,0,0
0.00686,0.129182364784,0.870817635216,0.263262637618,0,1,1,0,0,1,0,0
0.00688,0.129182364784,0.870817635216,0.263262637618,0,1,1,0,0,1,0,0
0.0069,0.129182364784,0.870817635216,0.263262637618,0,0,0,0,0,0,2,1
0.00692,0.125754733441,0.874245266559,0.283685570566,0,1,1,0,1,0,1,0
0.00694,0.125754733441,0.874245266559,0.283685570566,0,1,1,0,0,1,0,0
0.00696,0.125754733441,0.874245266559,0.283685570566,0,1,1,0,0,1,0,0
0.00698,0.125754733441,0.874245266559,0.283685570566,0,1,1,0,0,1,0,0
0.007,0.125754733441,0.874245266559,0.283685570566,0,0,0,0,0,0,2,1
0.00702,0.122021120338,0.877978879662,0.303911215905,0,1,1,0,1,0,1,0
0.00704,0.122021120338,0.877978879662,0.303911215905,0,1,1,0,0,1,0,0
0.00706,0.122021120338,0.877978879662,0.303911215905,0,1,1,0,0,1,0,0
0.00708,0.122021120338,0.877978879662,0.303911215905,0,1,1,0,0,1,0,0
0.0071,0.122021120338,0.877978879662,0.303911215905,0,0,0,0,0,0,2,1
0.00712,0.118034938877,0.881965061123,0.323976399979,0,1,1,0,1,0,1,0
0.00714,0.118034938877,0.881965061123,0.323976399979,0,1,1,0,0,1,0,0
0.00716,0.118034938877,0.881965061123,0.323976399979,0,1,1,0,0,1,0,0
0.00718,0.118034938877,0.881965061123,0.323976399979,0,1,1,0,0,1,0,0
0.0072,0.118034938877,0.881965061123,0.323976399979,0,0,0,0,0,0,2,1
0.00722,0.115517960601,0.884482039399,0.344470747671,0,1,1,0,1,0,1,0
0.00724,0.115517960601,0.884482039399,0.344470747671,0,1,1,0,0,1,0,0
0.00726,0.115517960601,0.884482039399,0.344470747671,0,1,1,0,0,1,0,0
0.00728,0.115517960601,0.884482039399,0.344470747671,0,1,1,0,0,1,0,0
0.0073,0.115517960601,0.884482039399,0.344470747671,0,0,0,0,0,0,2,1
0.00732,0.112866609032,0.887133390968,0.36486131829,0,1,1,0,1,0,1,0
0.00734,0.112866609032,0.887133390968,0.36486131829,0,1,1,0,0,1,0,0
0.00736,0.112866609032,0.887133390968,0.36486131829,0,1,1,0,0,1,0,0
0.00738,0.112866609032,0.887133390968,0.36486131829,0,1,1,0,0,1,0,0
0.0074,0.112866609032,0.887133390968,0.36486131829,0,0,0,0,0,0,2,1
0.00742,0.11013696547,0.88986303453,0.385175191737,0,1,1,0,1,0,1,0
0.00744,0.11013696547,0.88986303453,0.385175191737,0,1,1,0,0,1,0,0
0.00746,0.11013696547,0.88986303453,0.385175191737,0,1,1,0,0,1,0,0
0.00748,0.11013696547,0.88986303453,0.385175191737,0,1,1,0,0,1,0,0
0.0075,0.11013696547,0.88986303453,0.385175191737,0,0,0,0,0,0,2,1
0.00752,0.109053930137,0.890946069863,0.405990343739,0,1,1,0,1,0,1,0
0.00754,0.109053930137,0.890946069863,0.405990343739,0,1,1,0,0,0,1,0
0.00756,0.109053930137,0.890946069863,0.405990343739,0,1,1,0,0,1,0,0
0.00758,0.109053930137,0.890946069863,0.405990343739,0,1,1,0,0,1,0,0
0.0076,0.109053930137,0.890946069863,0.405990343739,0,0,0,0,0,0,2,1
0.00762,0.108193949762,0.891806050238,0.425109678928,0,1,1,0,1,0,1,0
0.00764,0.108193949762,0.891806050238,0.425109678928,0,1,1,0,1,0,1,0
0.00766,0.108193949762,0.891806050238,0.425109678928,0,1,1,0,0,1,0,0
0.00768,0.108193949762,0.891806050238,0.425109678928,0,1,1,0,0,1,0,0
0.0077,0.108193949762,0.891806050238,0.425109678928,0,0,0,0,0,0,2,1
0.00772,0.107434838706,0.892565161294,0.444196031838,0,1,1,0,1,0,1,0
0.00774,0.107434838706,0.892565161294,0.444196031838,0,1,1,0,1,0,1,0
0.00776,0.107434838706,0.892565161294,0.444196031838,0,1,1,0,0,1,0,0
0.00778,0.107434838706,0.892565161294,0.444196031838,0,1,1,0,0,1,0,0
0.0078,0.107434838706,0.892565161294,0.444196031838,0,0,0,0,0,0,2,1
0.00782,0.106834885779,0.893165114221,0.463262712143,0,1,1,0,1,0,1,0
0.00784,0.106834885779,0.893165114221,0.463262712143,0,1,1,0,1,0,1,0
0.00786,0.106834885779,0.893165114221,0.463262712143,0,1,1,0,0,1,0,0
0.00788,0.106834885779,0.893165114221,0.463262712143,0,1,1,0,0,1,0,0
0.0079,0.106834885779,0.893165114221,0.463262712143,0,0,0,0,0,0,2,1
0.00792,0.106273602414,0.893726397586,0.483975731252,0,1,1,0,1,0,1,0
0.00794,0.106273602414,0.893726397586,0.483975731252,0,1,1,0,1,0,1,0
0.00796,0.106273602414,0.893726397586,0.483975731252,0,1,1,0,0,1,0,0
0.00798,0.106273602414,0.893726397586,0.483975731252,0,1,1,0,0,1,0,0
0.008,0.106273602414,0.893726397586,0.483975731252,0,0,0,0,0,0,2,1
0.00802,0.105991397332,0.894008602668,0.504695060723,0,1,1,0,1,0,1,0
0.00804,0.105991397332,0.894008602668,0.504695060723,0,1,1,0,1,0,1,0
0.00806,0.105991397332,0.894008602668,0.504695060723,0,1,1,0,0,1,0,0
0.00808,0.105991397332,0.894008602668,0.504695060723,0,1,1,0,0,1,0,0
0.0081,0.105991397332,0.894008602668,0.504695060723,0,0,0,0,0,0,2,1
0.00812,0.105682615367,0.894317384633,0.528793560204,0,1,1,0,1,0,1,0
0.00814,0.105682615367,0.894317384633,0.528793560204,0,1,1,0,1,0,0,0
0.00816,0.105682615367,0.894317384633,0.528793560204,0,1,1,0,0,1,0,1
0.00818,0.105682615367,0.894317384633,0.528793560204,0,1,1,0,0,1,0,0
0.0082,0.105682615367,0.894317384633,0.528793560204,0,0,0,0,0,0,2,1
0.00822,0.105770101232,0.894229898768,0.552986467038,0,1,1,0,1,0,1,0
0.00824,0.105770101232,0.894229898768,0.552986467038,0,1,1,0,1,0,0,0
0.00826,0.105770101232,0.894229898768,0.552986467038,0,1,1,0,0,1,0,1
0.00828,0.105770101232,0.894229898768,0.552986467038,0,1,1,0,0,1,0,0
0.0083,0.105770101232,0.894229898768,0.552986467038,0,0,0,0,0,0,2,1
0.00832,0.106495287387,0.893504712613,0.575622169206,0,1,1,0,1,0,1,0
0.00834,0.106495287387,0.893504712613,0.575622169206,0,1,1,0,1,0,0,0
0.00836,0.106495287387,0.893504712613,0.575622169206,0,1,1,0,0,1,0,1
0.00838,0.106495287387,0.893504712613,0.575622169206,0,1,1,0,0,1,0,1
0.0084,0.106495287387,0.893504712613,0.575622169206,0,0,0,0,0,0,2,1
0.00842,0.107737698625,0.892262301375,0.598344787645,0,1,1,0,1,0,0,0
0.00844,0.107737698625,0.892262301375,0.598344787645,0,1,1,0,1,0,0,0
0.00846,0.107737698625,0.892262301375,0.598344787645,0,1,1,0,0,1,0,1
0.00848,0.107737698625,0.892262301375,0.598344787645,0,1,1,0,0,1,0,1
0.0085,0.107737698625,0.892262301375,0.598344787645,0,0,0,0,0,0,1,2
0.00852,0.109738456223,0.890261543777,0.619501160821,0,1,1,0,1,0,0,0
0.00854,0.109738456223,0.890261543777,0.619501160821,0,1,1,0,1,0,0,0
0.00856,0.109738456223,0.890261543777,0.619501160821,0,1,1,0,0,0,0,1
0.00858,0.109738456223,0.890261543777,0.619501160821,0,1,1,0,0,1,0,1
0.0086,0.109738456223,0.890261543777,0.619501160821,0,0,0,0,0,0,1,2
0.00862,0.112019206691,0.887980793309,0.643993767602,0,1,1,0,1,0,0,0
0.00864,0.112019206691,0.887980793309,0.643993767602,0,1,1,0,1,0,0,0
0.00866,0.112019206691,0.887980793309,0.643993767602,0,1,1,0,1,0,0,0
0.00868,0.112019206691,0.887980793309,0.643993767602,0,1,1,0,0,1,0,1
0.0087,0.112019206691,0.887980793309,0.643993767602,0,0,0,0,0,0,1,2
0.00872,0.115012847755,0.884987152245,0.668458189839,0,1,1,0,1,0,0,0
0.00874,0.115012847755,0.884987152245,0.668458189839,0,1,1,0,1,0,0,0
0.00876,0.115012847755,0.884987152245,0.668458189839,0,1,1,0,1,0,0,0
0.00878,0.115012847755,0.884987152245,0.668458189839,0,1,1,0,0,1,0,1
0.0088,0.115012847755,0.884987152245,0.668458189839,0,0,0,0,0,0,1,2
0.00882,0.118781523646,0.881218476354,0.692871338587,0,1,1,0,1,0,0,0
0.00884,0.118781523646,0.881218476354,0.692871338587,0,1,1,0,1,0,0,0
0.00886,0.118781523646,0.881218476354,0.692871338587,0,1,1,0,1,0,0,0
0.00888,0.118781523646,0.881218476354,0.692871338587,0,1,1,0,0,1,0,1
0.0089,0.118781523646,0.881218476354,0.692871338587,0,0,0,0,0,0,1,2
0.00892,0.121901057766,0.878098942234,0.715002304253,0,1,1,0,1,0,0,0
0.00894,0.121901057766,0.878098942234,0.715002304253,0,1,1,0,1,0,0,0
0.00896,0.121901057766,0.878098942234,0.715002304253,0,1,1,0,1,0,0,0
0.00898,0.121901057766,0.878098942234,0.715002304253,0,1,1,0,0,1,0,1
0.009,0.121901057766,0.878098942234,0.715002304253,0,0,0,0,0,0,1,2
0.00902,0.125909997516,0.874090002484,0.737021638672,0,1,1,0,1,0,0,0
0.00904,0.125909997516,0.874090002484,0.737021638672,0,1,1,0,1,0,0,0
0.00906,0.125909997516,0.874090002484,0.737021638672,0,1,1,0,1,0,0,0
0.00908,0.125909997516,0.874090002484,0.737021638672,0,1,1,0,0,1,0,1
0.0091,0.125909997516,0.874090002484,0.737021638672,0,0,0,0,0,0,1,2
0.00912,0.131052024827,0.868947975173,0.757235062075,0,1,1,0,1,0,0,0
0.00914,0.131052024827,0.868947975173,0.757235062075,0,1,1,0,1,0,0,0
0.00916,0.131052024827,0.868947975173,0.757235062075,0,1,1,0,1,0,0,0
0.00918,0.131052024827,0.868947975173,0.757235062075,0,1,1,0,0,1,0,1
0.0092,0.131052024827,0.868947975173,0.757235062075,0,0,0,0,0,0,1,2
0.00922,0.135535067624,0.864464932376,0.776713199162,0,1,1,0,1,0,0,0
0.00924,0.135535067624,0.864464932376,0.776713199162,0,1,1,0,1,0,0,0
0.00926,0.135535067624,0.864464932376,0.776713199162,0,1,1,0,1,0,0,0
0.00928,0.135535067624,0.864464932376,0.776713199162,0,1,1,0,0,1,0,1
0.0093,0.135535067624,0.864464932376,0.776713199162,0,0,0,0,0,0,1,2
0.00932,0.141079083143,0.858920916857,0.795964126984,0,1,1,0,1,0,0,0
0.00934,0.141079083143,0.858920916857,0.795964126984,0,1,1,0,1,0,0,0
0.00936,0.141079083143,0.858920916857,0.795964126984,0,1,1,0,1,0,0,0
0.00938,0.141079083143,0.858920916857,0.795964126984,0,1,1,0,0,1,0,1
0.0094,0.141079083143,0.858920916857,0.795964126984,0,0,0,0,0,0,1,2
0.00942,0.146075733145,0.853924266855,0.814402444959,0,1,1,0,1,0,0,0
0.00944,0.146075733145,0.853924266855,0.814402444959,0,1,1,0,1,0,0,0
0.00946,0.146075733145,0.853924266855,0.814402444959,0,1,1,0,1,0,0,0
0.00948,0.146075733145,0.853924266855,0.814402444959,0,1,1,0,0,0,0,1
0.0095,0.146075733145,0.853924266855,0.814402444959,0,0,0,0,0,0,1,2
0.00952,0.152243415255,0.847756584745,0.832527931325,0,1,1,0,1,0,0,0
0.00954,0.152243415255,0.847756584745,0.832527931325,0,1,1,0,1,0,0,0
0.00956,0.152243415255,0.847756584745,0.832527931325,0,1,1,0,1,0,0,0
0.00958,0.152243415255,0.847756584745,0.832527931325,0,1,1,0,1,0,0,0
0.0096,0.152243415255,0.847756584745,0.832527931325,0,0,0,0,0,0,1,2
0.00962,0.153187980433,0.837609780489,0.846812019567,0,1,1,0,1,0,0,0
0.00964,0.153187980433,0.837609780489,0.846812019567,0,1,1,0,1,0,0,0
0.00966,0.153187980433,0.837609780489,0.846812019567,0,1,1,0,1,0,0,0
0.00968,0.153187980433,0.837609780489,0.846812019567,0,1,1,0,1,0,0,0
0.0097,0.153187980433,0.837609780489,0.846812019567,0,0,0,0,0,0,1,2
0.00972,0.147359625602,0.818128873744,0.852640374398,0,1,1,0,1,0,0,0
0.00974,0.147359625602,0.818128873744,0.852640374398,0,1,1,0,1,0,0,0
0.00976,0.147359625602,0.818128873744,0.852640374398,0,1,1,0,1,0,0,0
0.00978,0.147359625602,0.818128873744,0.852640374398,0,1,1,0,1,0,0,0
0.0098,0.147359625602,0.818128873744,0.852640374398,0,0,0,0,0,0,1,2
0.00982,0.142607388063,0.798538589582,0.857392611937,0,1,1,0,1,0,0,0
0.00984,0.142607388063,0.798538589582,0.857392611937,0,1,1,0,1,0,0,0
0.00986,0.142607388063,0.798538589582,0.857392611937,0,1,1,0,1,0,0,0
0.00988,0.142607388063,0.798538589582,0.857392611937,0,1,1,0,1,0,0,0
0.0099,0.142607388063,0.798538589582,0.857392611937,0,0,0,0,0,0,1,2
0.00992,0.137316270725,0.779347793216,0.862683729275,0,1,1,0,1,0,0,0
0.00994,0.137316270725,0.779347793216,0.862683729275,0,1,1,0,1,0,0,0
0.00996,0.137316270725,0.779347793216,0.862683729275,0,1,1,0,1,0,0,0
0.00998,0.137316270725,0.779347793216,0.862683729275,0,1,0,0,1,0,0,1
0.01,0.137316270725,0.779347793216,0.862683729275,0,0,0,0,0,0,1,2
0.01002,0.133201182042,0.759959490186,0.866798817958,0,1,1,0,1,0,0,0
0.01004,0.133201182042,0.759959490186,0.866798817958,0,1,1,0,1,0,0,0
0.01006,0.133201182042,0.759959490186,0.866798817958,0,1,1,0,1,0,0,0
0.01008,0.133201182042,0.759959490186,0.866798817958,0,1,0,1,1,0,0,1
0.0101,0.133201182042,0.759959490186,0.866798817958,0,0,0,0,0,0,1,2
0.01012,0.170516875321,0.694798463644,0.829483124679,0,1,1,0,1,0,0,0
0.01014,0.170516875321,0.694798463644,0.829483124679,0,1,1,0,1,0,0,0
0.01016,0.170516875321,0.694798463644,0.829483124679,0,1,1,0,1,0,0,0
0.01018,0.170516875321,0.694798463644,0.829483124679,0,1,0,1,1,0,0,1
0.0102,0.170516875321,0.694798463644,0.829483124679,0,0,0,0,0,0,1,2
0.01022,0.18143790414,0.658182122131,0.81856209586,0,1,1,0,1,0,0,0
0.01024,0.18143790414,0.658182122131,0.81856209586,0,1,1,0,1,0,0,0
0.01026,0.18143790414,0.658182122131,0.81856209586,0,1,1,0,1,0,0,0
0.01028,0.18143790414,0.658182122131,0.81856209586,0,1,0,1,1,0,0,1
0.0103,0.18143790414,0.658182122131,0.81856209586,0,0,0,0,0,0,1,2
0.01032,0.186570122486,0.633094721989,0.813429877514,0,1,1,0,1,0,0,0
0.01034,0.186570122486,0.633094721989,0.813429877514,0,1,1,0,1,0,0,0
0.01036,0.186570122486,0.633094721989,0.813429877514,0,1,1,0,1,0,0,0
0.01038,0.186570122486,0.633094721989,0.813429877514,0,1,0,1,1,0,0,1
0.0104,0.186570122486,0.633094721989,0.813429877514,0,0,0,0,0,0,1,2
0.01042,0.190259849915,0.611194347174,0.809740150085,0,0,1,0,1,0,1,0
0.01044,0.190259849915,0.611194347174,0.809740150085,0,1,1,0,1,0,0,0
0.01046,0.190259849915,0.611194347174,0.809740150085,0,1,1,0,1,0,0,0
0.01048,0.190259849915,0.611194347174,0.809740150085,0,1,0,1,1,0,0,1
0.0105,0.190259849915,0.611194347174,0.809740150085,0,0,0,0,0,0,1,2
0.01052,0.192537303498,0.592467037019,0.807462696502,0,0,1,0,1,0,1,0
0.01054,0.192537303498,0.592467037019,0.807462696502,0,1,1,0,1,0,0,0
0.01056,0.192537303498,0.592467037019,0.807462696502,0,1,1,0,1,0,0,0
0.01058,0.192537303498,0.592467037019,0.807462696502,0,1,0,1,1,0,0,1
0.0106,0.192537303498,0.592467037019,0.807462696502,0,0,0,0,0,0,1,2
0.01062,0.194941517096,0.574684268396,0.805058482904,0,0,1,0,1,0,1,0
0.01064,0.194941517096,0.574684268396,0.805058482904,0,1,1,0,1,0,0,0
0.01066,0.194941517096,0.574684268396,0.805058482904,0,1,0,0,1,0,0,1
0.01068,0.194941517096,0.574684268396,0.805058482904,0,1,0,1,1,0,0,1
0.0107,0.194941517096,0.574684268396,0.805058482904,0,0,0,0,0,0,1,2
0.01072,0.197514125405,0.557838319695,0.802485874595,0,0,1,0,1,0,1,0
0.01074,0.197514125405,0.557838319695,0.802485874595,0,1,1,0,1,0,0,0
0.01076,0.197514125405,0.557838319695,0.802485874595,0,1,0,1,1,0,0,1
0.01078,0.197514125405,0.557838319695,0.802485874595,0,1,0,1,1,0,0,1
0.0108,0.197514125405,0.557838319695,0.802485874595,0,0,0,0,0,0,1,2
0.01082,0.200297038493,0.541923869819,0.799702961507,0,0,1,0,1,0,1,0
0.01084,0.200297038493,0.541923869819,0.799702961507,0,1,1,0,1,0,0,0
0.01086,0.200297038493,0.541923869819,0.799702961507,0,1,0,1,1,0,0,1
0.01088,0.200297038493,0.541923869819,0.799702961507,0,1,0,1,0,0,0,2
0.0109,0.200297038493,0.541923869819,0.799702961507,0,0,0,0,0,0,1,2
0.01092,0.20147071644,0.525828754916,0.79852928356,0,0,1,0,1,0,1,0
0.01094,0.20147071644,0.525828754916,0.79852928356,0,1,1,0,1,0,0,0
0.01096,0.20147071644,0.525828754916,0.79852928356,0,1,0,1,1,0,0,1
0.01098,0.20147071644,0.525828754916,0.79852928356,0,1,0,1,0,0,0,2
0.011,0.20147071644,0.525828754916,0.79852928356,0,0,0,0,0,0,1,2
0.01102,0.202931361266,0.510643874052,0.797068638734,0,0,1,0,1,0,1,0
0.01104,0.202931361266,0.510643874052,0.797068638734,0,1,1,0,1,0,0,0
0.01106,0.202931361266,0.510643874052,0.797068638734,0,1,0,1,1,0,0,1
0.01108,0.202931361266,0.510643874052,0.797068638734,0,1,0,1,0,0,0,2
0.0111,0.202931361266,0.510643874052,0.797068638734,0,0,0,0,0,0,1,2
0.01112,0.204544806809,0.494712274993,0.795455193191,0,0,1,0,1,0,1,0
0.01114,0.204544806809,0.494712274993,0.795455193191,0,1,1,0,1,0,0,0
0.01116,0.204544806809,0.494712274993,0.795455193191,0,1,0,1,1,0,0,1
0.01118,0.204544806809,0.494712274993,0.795455193191,0,1,0,1,0,0,0,2
0.0112,0.204544806809,0.494712274993,0.795455193191,0,0,0,0,0,0,1,2
0.01122,0.206532903508,0.479686997352,0.793467096492,0,0,1,0,1,0,1,0
0.01124,0.206532903508,0.479686997352,0.793467096492,0,1,1,0,1,0,0,0
0.01126,0.206532903508,0.479686997352,0.793467096492,0,1,0,1,1,0,0,1
0.01128,0.206532903508,0.479686997352,0.793467096492,0,1,0,1,0,0,0,2
0.0113,0.206532903508,0.479686997352,0.793467096492,0,0,0,0,0,0,1,2
0.01132,0.208939375274,0.465574236209,0.791060624726,1,0,1,0,1,0,1,0
0.01134,0.208939375274,0.465574236209,0.791060624726,0,1,1,0,1,0,0,0
0.01136,0.208939375274,0.465574236209,0.791060624726,0,1,0,1,1,0,0,1
0.01138,0.208939375274,0.465574236209,0.791060624726,0,1,0,1,0,0,0,2
0.0114,0.208939375274,0.465574236209,0.791060624726,0,0,0,0,0,0,1,2
0.01142,0.209942182062,0.451269057272,0.790057817938,1,0,1,0,1,0,1,0
0.01144,0.209942182062,0.451269057272,0.790057817938,0,1,1,0,1,0,0,0
0.01146,0.209942182062,0.451269057272,0.790057817938,0,1,0,1,1,0,0,1
0.01148,0.209942182062,0.451269057272,0.790057817938,0,1,0,1,0,0,0,2
0.0115,0.209942182062,0.451269057272,0.790057817938,0,0,0,0,0,0,1,2
0.01152,0.211263967645,0.436222709949,0.788736032355,1,0,1,0,1,0,1,0
0.01154,0.211263967645,0.436222709949,0.788736032355,0,1,1,0,1,0,0,0
0.01156,0.211263967645,0.436222709949,0.788736032355,0,1,0,1,1,0,0,1
0.01158,0.211263967645,0.436222709949,0.788736032355,0,1,0,1,0,0,0,1
0.0116,0.211263967645,0.436222709949,0.788736032355,0,0,0,0,0,0,2,1
0.01162,0.213115734143,0.421969251274,0.786884265857,1,0,1,0,1,0,2,0
0.01164,0.213115734143,0.421969251274,0.786884265857,0,1,1,0,1,0,0,0
0.01166,0.213115734143,0.421969251274,0.786884265857,0,1,0,1,1,0,0,0
0.01168,0.213115734143,0.421969251274,0.786884265857,0,1,0,1,0,0,0,1
0.0117,0.213115734143,0.421969251274,0.786884265857,0,0,0,0,0,0,2,1
0.01172,0.214995120576,0.403507562645,0.785004879424,1,0,1,0,1,0,2,0
0.01174,0.214995120576,0.403507562645,0.785004879424,0,1,1,0,1,0,1,0
0.01176,0.214995120576,0.403507562645,0.785004879424,0,1,0,1,1,0,0,0
0.01178,0.214995120576,0.403507562645,0.785004879424,0,1,0,1,0,0,0,1
0.0118,0.214995120576,0.403507562645,0.785004879424,0,0,0,0,0,0,2,1
0.01182,0.217373756678,0.384720356898,0.782626243322,1,0,1,0,1,0,2,0
0.01184,0.217373756678,0.384720356898,0.782626243322,0,1,0,0,1,0,1,0
0.01186,0.217373756678,0.384720356898,0.782626243322,0,1,0,1,1,0,0,0
0.01188,0.217373756678,0.384720356898,0.782626243322,0,1,0,1,0,0,0,1
0.0119,0.217373756678,0.384720356898,0.782626243322,0,0,0,0,0,0,2,1
0.01192,0.220195238131,0.364691499466,0.779804761869,1,0,1,0,1,0,2,0
0.01194,0.220195238131,0.364691499466,0.779804761869,0,1,0,1,1,0,0,0
0.01196,0.220195238131,0.364691499466,0.779804761869,0,1,0,1,1,0,0,0
0.01198,0.220195238131,0.364691499466,0.779804761869,0,1,0,1,0,1,0,1
0.012,0.220195238131,0.364691499466,0.779804761869,0,0,0,0,0,0,2,1
0.01202,0.222058822919,0.346149244223,0.777941177081,1,0,1,0,1,0,2,0
0.01204,0.222058822919,0.346149244223,0.777941177081,0,1,0,1,1,0,0,0
0.01206,0.222058822919,0.346149244223,0.777941177081,0,1,0,1,1,0,0,0
0.01208,0.222058822919,0.346149244223,0.777941177081,0,1,0,1,0,1,0,1
0.0121,0.222058822919,0.346149244223,0.777941177081,0,0,0,0,0,0,2,1
0.01212,0.224688926438,0.328579415509,0.775311073562,1,0,1,0,1,0,2,0
0.01214,0.224688926438,0.328579415509,0.775311073562,0,1,0,1,1,0,0,0
0.01216,0.224688926438,0.328579415509,0.775311073562,0,1,0,1,1,0,0,0
0.01218,0.224688926438,0.328579415509,0.775311073562,0,1,0,1,0,1,0,1
0.0122,0.224688926438,0.328579415509,0.775311073562,0,0,0,0,0,0,2,1
0.01222,0.227947466054,0.310357400377,0.772052533946,1,0,1,0,1,0,2,0
0.01224,0.227947466054,0.310357400377,0.772052533946,0,1,0,1,1,0,0,0
0.01226,0.227947466054,0.310357400377,0.772052533946,0,1,0,1,1,0,0,0
0.01228,0.227947466054,0.310357400377,0.772052533946,0,1,0,1,0,1,0,1
0.0123,0.227947466054,0.310357400377,0.772052533946,0,0,0,0,0,0,2,1
0.01232,0.232063118776,0.293161789481,0.767936881224,1,0,1,0,1,0,2,0
0.01234,0.232063118776,0.293161789481,0.767936881224,0,1,0,1,1,0,0,0
0.01236,0.232063118776,0.293161789481,0.767936881224,0,1,0,1,1,0,0,0
0.01238,0.232063118776,0.293161789481,0.767936881224,0,1,0,1,0,1,0,1
0.0124,0.232063118776,0.293161789481,0.767936881224,0,0,0,0,0,0,2,1
0.01242,0.235394151287,0.27755570043,0.764605848713,1,0,1,0,1,0,2,0
0.01244,0.235394151287,0.27755570043,0.764605848713,0,1,0,1,1,0,0,0
0.01246,0.235394151287,0.27755570043,0.764605848713,0,1,0,1,1,0,0,0
0.01248,0.235394151287,0.27755570043,0.764605848713,0,1,0,1,0,1,0,1
0.0125,0.235394151287,0.27755570043,0.764605848713,0,0,0,0,0,0,2,1
0.01252,0.239662110085,0.263042634316,0.760337889915,1,0,1,0,1,0,2,0
0.01254,0.239662110085,0.263042634316,0.760337889915,0,1,0,1,1,0,0,0
0.01256,0.239662110085,0.263042634316,0.760337889915,0,1,0,1,1,0,0,0
0.01258,0.239662110085,0.263042634316,0.760337889915,0,1,0,1,0,1,0,1
0.0126,0.239662110085,0.263042634316,0.760337889915,0,0,0,0,0,0,2,1
0.01262,0.243039795514,0.248532819933,0.756960204486,1,0,1,0,1,0,2,0
0.01264,0.243039795514,0.248532819933,0.756960204486,0,1,0,1,1,0,0,0
0.01266,0.243039795514,0.248532819933,0.756960204486,0,1,0,1,1,0,0,0
0.01268,0.243039795514,0.248532819933,0.756960204486,0,1,0,1,0,1,0,1
0.0127,0.243039795514,0.248532819933,0.756960204486,0,0,0,0,0,0,2,1
0.01272,0.253557702834,0.241308026169,0.758691973831,1,0,1,0,1,0,2,0
0.01274,0.253557702834,0.241308026169,0.758691973831,0,1,0,1,1,0,0,0
0.01276,0.253557702834,0.241308026169,0.758691973831,0,1,0,1,1,0,0,0
0.01278,0.253557702834,0.241308026169,0.758691973831,0,1,0,1,0,1,0,1
0.0128,0.253557702834,0.241308026169,0.758691973831,0,0,0,0,0,0,2,1
0.01282,0.268353204594,0.237040611336,0.762959388664,1,0,1,0,1,0,2,0
0.01284,0.268353204594,0.237040611336,0.762959388664,0,1,0,1,1,0,0,0
0.01286,0.268353204594,0.237040611336,0.762959388664,0,1,0,1,1,0,0,0
0.01288,0.268353204594,0.237040611336,0.762959388664,0,1,0,1,0,1,0,1
0.0129,0.268353204594,0.237040611336,0.762959388664,0,0,0,0,0,0,2,1
0.01292,0.283058530333,0.233196216813,0.766803783187,1,0,1,0,1,0,2,0
0.01294,0.283058530333,0.233196216813,0.766803783187,0,1,0,1,1,0,0,0
0.01296,0.283058530333,0.233196216813,0.766803783187,0,1,0,1,1,0,0,0
0.01298,0.283058530333,0.233196216813,0.766803783187,0,1,0,1,0,1,0,1
0.013,0.283058530333,0.233196216813,0.766803783187,0,0,0,0,0,0,2,1
0.01302,0.296593256519,0.229065088102,0.770934911898,1,0,1,0,1,0,2,0
0.01304,0.296593256519,0.229065088102,0.770934911898,0,1,0,1,1,0,0,0
0.01306,0.296593256519,0.229065088102,0.770934911898,0,1,0,1,1,0,0,0
0.01308,0.296593256519,0.229065088102,0.770934911898,0,1,0,1,0,1,0,1
0.0131,0.296593256519,0.229065088102,0.770934911898,0,0,0,0,0,0,2,1
0.01312,0.311223969008,0.226185923215,0.773814076785,1,0,1,0,1,0,2,0
0.01314,0.311223969008,0.226185923215,0.773814076785,0,1,0,1,1,0,0,0
0.01316,0.311223969008,0.226185923215,0.773814076785,0,1,0,1,1,0,0,0
0.01318,0.311223969008,0.226185923215,0.773814076785,0,1,0,1,0,1,0,1
0.0132,0.311223969008,0.226185923215,0.773814076785,0,0,0,0,0,0,2,1
0.01322,0.324746704711,0.223101679515,0.776898320485,1,0,1,0,1,0,2,0
0.01324,0.324746704711,0.223101679515,0.776898320485,0,1,0,1,1,0,0,0
0.01326,0.324746704711,0.223101679515,0.776898320485,0,1,0,1,1,0,0,0
0.01328,0.324746704711,0.223101679515,0.776898320485,0,1,0,1,0,1,0,1
0.0133,0.324746704711,0.223101679515,0.776898320485,0,0,0,0,0,0,2,1
0.01332,0.338851028421,0.219675931478,0.780324068522,1,0,1,0,1,0,2,0
0.01334,0.338851028421,0.219675931478,0.780324068522,0,1,0,1,1,0,0,0
0.01336,0.338851028421,0.219675931478,0.780324068522,0,1,0,1,1,0,0,0
0.01338,0.338851028421,0.219675931478,0.780324068522,0,1,0,1,0,1,0,1
0.0134,0.338851028421,0.219675931478,0.780324068522,0,0,0,0,0,0,2,1
0.01342,0.354138947314,0.217625862082,0.782374137918,1,0,1,0,1,0,2,0
0.01344,0.354138947314,0.217625862082,0.782374137918,0,1,0,1,1,0,0,0
0.01346,0.354138947314,0.217625862082,0.782374137918,0,1,0,1,1,0,0,0
0.01348,0.354138947314,0.217625862082,0.782374137918,0,1,0,1,0,1,0,1
0.0135,0.354138947314,0.217625862082,0.782374137918,0,0,0,0,0,0,2,1
0.01352,0.368403190317,0.215494943513,0.784505056487,1,0,1,0,1,0,2,0
0.01354,0.368403190317,0.215494943513,0.784505056487,0,1,0,1,1,0,0,0
0.01356,0.368403190317,0.215494943513,0.784505056487,0,1,0,1,1,0,0,0
0.01358,0.368403190317,0.215494943513,0.784505056487,0,1,0,1,0,1,0,1
0.0136,0.368403190317,0.215494943513,0.784505056487,0,0,0,0,0,0,2,1
0.01362,0.383324395385,0.2131484214,0.7868515786,1,0,1,0,1,0,2,0
0.01364,0.383324395385,0.2131484214,0.7868515786,0,1,0,1,1,0,0,0
0.01366,0.383324395385,0.2131484214,0.7868515786,0,1,0,1,1,0,0,0
0.01368,0.383324395385,0.2131484214,0.7868515786,0,1,0,1,0,1,0,1
0.0137,0.383324395385,0.2131484214,0.7868515786,0,0,0,0,0,0,2,1
0.01372,0.397269113468,0.210800719524,0.789199280476,1,0,1,0,1,0,2,0
0.01374,0.397269113468,0.210800719524,0.789199280476,0,1,0,1,1,0,0,0
0.01376,0.397269113468,0.210800719524,0.789199280476,0,1,0,1,1,0,0,0
0.01378,0.397269113468,0.210800719524,0.789199280476,0,1,0,1,0,0,0,1
0.0138,0.397269113468,0.210800719524,0.789199280476,0,0,0,0,0,0,2,1
0.01382,0.41247776631,0.209999771407,0.790000228593,1,0,1,0,1,0,2,0
0.01384,0.41247776631,0.209999771407,0.790000228593,0,0,0,1,1,0,1,0
0.01386,0.41247776631,0.209999771407,0.790000228593,0,1,0,1,1,0,0,0
0.01388,0.41247776631,0.209999771407,0.790000228593,0,1,0,1,0,0,0,1
0.0139,0.41247776631,0.209999771407,0.790000228593,0,0,0,0,0,0,2,1
0.01392,0.426738845249,0.209289722701,0.790710277299,1,0,1,0,1,0,2,0
0.01394,0.426738845249,0.209289722701,0.790710277299,1,0,0,1,1,0,1,0
0.01396,0.426738845249,0.209289722701,0.790710277299,0,1,0,1,1,0,0,0
0.01398,0.426738845249,0.209289722701,0.790710277299,0,1,0,1,0,0,0,1
0.014,0.426738845249,0.209289722701,0.790710277299,0,0,0,0,0,0,2,1
0.01402,0.441720982574,0.208536779663,0.791463220337,1,0,1,0,1,0,2,0
0.01404,0.441720982574,0.208536779663,0.791463220337,1,0,0,1,1,0,1,0
0.01406,0.441720982574,0.208536779663,0.791463220337,0,1,0,1,1,0,0,0
0.01408,0.441720982574,0.208536779663,0.791463220337,0,1,0,1,0,0,0,1
0.0141,0.441720982574,0.208536779663,0.791463220337,0,0,0,0,0,0,2,1
0.01412,0.455782122179,0.207959149409,0.792040850591,1,0,1,0,1,0,2,0
0.01414,0.455782122179,0.207959149409,0.792040850591,1,0,0,1,1,0,1,0
0.01416,0.455782122179,0.207959149409,0.792040850591,0,1,0,1,1,0,0,0
0.01418,0.455782122179,0.207959149409,0.792040850591,0,1,0,1,0,0,0,1
0.0142,0.455782122179,0.207959149409,0.792040850591,0,0,0,0,0,0,2,1
0.01422,0.470585452547,0.207423202223,0.792576797777,1,0,1,0,1,0,2,0
0.01424,0.470585452547,0.207423202223,0.792576797777,1,0,0,1,1,0,1,0
0.01426,0.470585452547,0.207423202223,0.792576797777,0,1,0,1,1,0,0,0
0.01428,0.470585452547,0.207423202223,0.792576797777,0,1,0,1,0,0,0,1
0.0143,0.470585452547,0.207423202223,0.792576797777,0,0,0,0,0,0,2,1
0.01432,0.484484671796,0.207149016529,0.792850983471,1,0,1,0,1,0,2,0
0.01434,0.484484671796,0.207149016529,0.792850983471,1,0,0,1,1,0,1,0
0.01436,0.484484671796,0.207149016529,0.792850983471,0,1,0,1,1,0,0,0
0.01438,0.484484671796,0.207149016529,0.792850983471,0,1,0,1,0,0,0,1
0.0144,0.484484671796,0.207149016529,0.792850983471,0,0,0,0,0,0,2,1
0.01442,0.499137419971,0.20700282167,0.79299717833,1,0,1,0,1,0,2,0
0.01444,0.499137419971,0.20700282167,0.79299717833,1,0,0,1,1,0,1,0
0.01446,0.499137419971,0.20700282167,0.79299717833,0,1,0,1,1,0,0,0
0.01448,0.499137419971,0.20700282167,0.79299717833,0,1,0,1,0,0,0,1
0.0145,0.499137419971,0.20700282167,0.79299717833,0,0,0,0,0,0,2,1
0.01452,0.514549851339,0.207028751249,0.792971248751,1,0,1,0,1,0,2,0
0.01454,0.514549851339,0.207028751249,0.792971248751,1,0,0,1,1,0,1,0
0.01456,0.514549851339,0.207028751249,0.792971248751,0,1,0,1,1,0,0,0
0.01458,0.514549851339,0.207028751249,0.792971248751,0,1,0,1,0,0,0,1
0.0146,0.514549851339,0.207028751249,0.792971248751,0,0,0,0,0,0,2,1
0.01462,0.52906852745,0.207449618462,0.792550381538,1,0,1,0,1,0,2,0
0.01464,0.52906852745,0.207449618462,0.792550381538,1,0,0,1,1,0,1,0
0.01466,0.52906852745,0.207449618462,0.792550381538,0,1,0,1,1,0,0,0
0.01468,0.52906852745,0.207449618462,0.792550381538,0,1,0,1,0,0,0,1
0.0147,0.52906852745,0.207449618462,0.792550381538,0,0,0,0,0,0,2,1
0.01472,0.54434264698,0.208131088576,0.791868911424,1,0,1,0,1,0,2,0
0.01474,0.54434264698,0.208131088576,0.791868911424,1,0,0,1,1,0,1,0
0.01476,0.54434264698,0.208131088576,0.791868911424,0,1,0,1,1,0,0,0
0.01478,0.54434264698,0.208131088576,0.791868911424,0,1,0,1,0,0,0,1
0.0148,0.54434264698,0.208131088576,0.791868911424,0,0,0,0,0,0,2,1
0.01482,0.562058480036,0.208935434539,0.791064565461,1,0,1,0,1,0,2,0
0.01484,0.562058480036,0.208935434539,0.791064565461,1,0,0,1,1,0,0,0
0.01486,0.562058480036,0.208935434539,0.791064565461,0,1,0,1,1,0,0,1
0.01488,0.562058480036,0.208935434539,0.791064565461,0,1,0,1,0,0,0,1
0.0149,0.562058480036,0.208935434539,0.791064565461,0,0,0,0,0,0,2,1
0.01492,0.580648104598,0.210079233568,0.789920766432,1,0,1,0,1,0,2,0
0.01494,0.580648104598,0.210079233568,0.789920766432,1,0,0,1,1,0,0,0
0.01496,0.580648104598,0.210079233568,0.789920766432,0,1,0,1,1,0,0,1
0.01498,0.580648104598,0.210079233568,0.789920766432,0,1,0,1,0,0,0,2
0.015,0.580648104598,0.210079233568,0.789920766432,0,0,0,0,0,0,1,2
0.01502,0.598503616742,0.211782895657,0.788217104343,1,0,1,0,1,0,1,0
0.01504,0.598503616742,0.211782895657,0.788217104343,1,0,0,1,1,0,0,0
0.01506,0.598503616742,0.211782895657,0.788217104343,0,1,0,1,1,0,0,1
0.01508,0.598503616742,0.211782895657,0.788217104343,0,1,0,1,0,0,0,2
0.0151,0.598503616742,0.211782895657,0.788217104343,0,0,0,0,0,0,1,2
0.01512,0.615226614673,0.163433908603,0.836566091397,1,0,1,0,1,0,1,0
0.01514,0.615226614673,0.163433908603,0.836566091397,1,0,0,1,1,0,0,0
0.01516,0.615226614673,0.163433908603,0.836566091397,0,0,0,1,1,0,0,1
0.01518,0.615226614673,0.163433908603,0.836566091397,0,1,0,1,0,0,0,2
0.0152,0.615226614673,0.163433908603,0.836566091397,0,0,0,0,0,0,1,2
0.01522,0.632001569315,0.148921275682,0.851078724318,1,0,0,1,1,0,0,0
0.01524,0.632001569315,0.148921275682,0.851078724318,1,0,0,1,1,0,0,0
0.01526,0.632001569315,0.148921275682,0.851078724318,1,0,0,1,1,0,0,0
0.01528,0.632001569315,0.148921275682,0.851078724318,0,1,0,1,1,0,0,1
0.0153,0.632001569315,0.148921275682,0.851078724318,0,0,0,0,0,0,1,2
0.01532,0.651521573863,0.143337726071,0.856662273929,1,0,0,1,1,0,0,0
0.01534,0.651521573863,0.143337726071,0.856662273929,1,0,0,1,1,0,0,0
0.01536,0.651521573863,0.143337726071,0.856662273929,1,0,0,1,1,0,0,0
0.01538,0.651521573863,0.143337726071,0.856662273929,0,1,0,1,1,0,0,1
0.0154,0.651521573863,0.143337726071,0.856662273929,0,0,0,0,0,0,1,2
0.01542,0.673215993493,0.139930611687,0.860069388313,1,0,0,1,1,0,0,0
0.01544,0.673215993493,0.139930611687,0.860069388313,1,0,0,1,1,0,0,0
0.01546,0.673215993493,0.139930611687,0.860069388313,1,0,0,1,1,0,0,0
0.01548,0.673215993493,0.139930611687,0.860069388313,0,1,0,1,1,0,0,1
0.0155,0.673215993493,0.139930611687,0.860069388313,0,0,0,0,0,0,1,2
0.01552,0.695409370919,0.138953690399,0.861046309601,1,0,0,1,1,0,0,0
0.01554,0.695409370919,0.138953690399,0.861046309601,1,0,0,1,1,0,0,0
0.01556,0.695409370919,0.138953690399,0.861046309601,1,0,0,1,1,0,0,0
0.01558,0.695409370919,0.138953690399,0.861046309601,0,1,0,1,1,0,0,1
0.0156,0.695409370919,0.138953690399,0.861046309601,0,0,0,0,0,0,1,2
0.01562,0.717525993538,0.138809000372,0.861190999628,1,0,0,1,1,0,0,0
0.01564,0.717525993538,0.138809000372,0.861190999628,1,0,0,1,1,0,0,0
0.01566,0.717525993538,0.138809000372,0.861190999628,1,0,0,1,1,0,0,0
0.01568,0.717525993538,0.138809000372,0.861190999628,0,1,0,1,1,0,0,1
0.0157,0.717525993538,0.138809000372,0.861190999628,0,0,0,0,0,0,1,2
0.01572,0.737877118935,0.139741246185,0.860258753815,1,0,0,1,1,0,0,0
0.01574,0.737877118935,0.139741246185,0.860258753815,1,0,0,1,1,0,0,0
0.01576,0.737877118935,0.139741246185,0.860258753815,1,0,0,1,1,0,0,0
0.01578,0.737877118935,0.139741246185,0.860258753815,0,1,0,1,1,0,0,1
0.0158,0.737877118935,0.139741246185,0.860258753815,0,0,0,0,0,0,1,2
0.01582,0.758080278659,0.14162773871,0.85837226129,1,0,0,1,1,0,0,0
0.01584,0.758080278659,0.14162773871,0.85837226129,1,0,0,1,1,0,0,0
0.01586,0.758080278659,0.14162773871,0.85837226129,1,0,0,1,1,0,0,0
0.01588,0.758080278659,0.14162773871,0.85837226129,0,1,0,1,1,0,0,1
0.0159,0.758080278659,0.14162773871,0.85837226129,0,0,0,0,0,0,1,2
0.01592,0.77809881758,0.144529217814,0.855470782186,1,0,0,1,1,0,0,0
0.01594,0.77809881758,0.144529217814,0.855470782186,1,0,0,1,1,0,0,0
0.01596,0.77809881758,0.144529217814,0.855470782186,1,0,0,1,1,0,0,0
0.01598,0.77809881758,0.144529217814,0.855470782186,0,1,0,1,1,0,0,1
0.016,0.77809881758,0.144529217814,0.855470782186,0,0,0,0,0,0,1,2
0.01602,0.797892104004,0.148505812803,0.851494187197,1,0,0,1,1,0,0,0
0.01604,0.797892104004,0.148505812803,0.851494187197,1,0,0,1,1,0,0,0
0.01606,0.797892104004,0.148505812803,0.851494187197,1,0,0,1,1,0,0,0
0.01608,0.797892104004,0.148505812803,0.851494187197,0,1,0,1,1,0,0,1
0.0161,0.797892104004,0.148505812803,0.851494187197,0,0,0,0,0,0,1,2
0.01612,0.817415559252,0.153616956625,0.846383043375,1,0,0,1,1,0,0,0
0.01614,0.817415559252,0.153616956625,0.846383043375,1,0,0,1,1,0,0,0
0.01616,0.817415559252,0.153616956625,0.846383043375,1,0,0,1,1,0,0,0
0.01618,0.817415559252,0.153616956625,0.846383043375,0,0,0,1,1,0,0,1
0.0162,0.817415559252,0.153616956625,0.846383043375,0,0,0,0,0,0,1,2
0.01622,0.83608032889,0.158254473879,0.841745526121,1,0,0,1,1,0,0,0
0.01624,0.83608032889,0.158254473879,0.841745526121,1,0,0,1,1,0,0,0
0.01626,0.83608032889,0.158254473879,0.841745526121,1,0,0,1,1,0,0,0
0.01628,0.83608032889,0.158254473879,0.841745526121,1,0,0,1,1,0,0,0
0.0163,0.83608032889,0.158254473879,0.841745526121,0,0,0,0,0,0,1,2
0.01632,0.845122503302,0.154877496698,0.826605553948,1,0,0,1,1,0,0,0
0.01634,0.845122503302,0.154877496698,0.826605553948,1,0,0,1,1,0,0,0
0.01636,0.845122503302,0.154877496698,0.826605553948,1,0,0,1,1,0,0,0
0.01638,0.845122503302,0.154877496698,0.826605553948,1,0,0,1,1,0,0,0
0.0164,0.845122503302,0.154877496698,0.826605553948,0,0,0,0,0,0,1,2
0.01642,0.851035384178,0.148964615822,0.80966006648,1,0,0,1,1,0,0,0
0.01644,0.851035384178,0.148964615822,0.80966006648,1,0,0,1,1,0,0,0
0.01646,0.851035384178,0.148964615822,0.80966006648,1,0,0,1,1,0,0,0
0.01648,0.851035384178,0.148964615822,0.80966006648,1,0,0,1,1,0,0,0
0.0165,0.851035384178,0.148964615822,0.80966006648,0,0,0,0,0,0,1,2
0.01652,0.856042943517,0.143957056483,0.790933411955,1,0,0,1,1,0,0,0
0.01654,0.856042943517,0.143957056483,0.790933411955,1,0,0,1,1,0,0,0
0.01656,0.856042943517,0.143957056483,0.790933411955,1,0,0,1,1,0,0,0
0.01658,0.856042943517,0.143957056483,0.790933411955,1,0,0,1,1,0,0,0
0.0166,0.856042943517,0.143957056483,0.790933411955,0,0,0,0,0,0,1,2
0.01662,0.861575522501,0.138424477499,0.772584656142,1,0,0,1,1,0,0,0
0.01664,0.861575522501,0.138424477499,0.772584656142,1,0,0,1,1,0,0,0
0.01666,0.861575522501,0.138424477499,0.772584656142,1,0,0,1,1,0,0,0
0.01668,0.861575522501,0.138424477499,0.772584656142,1,0,0,1,0,0,0,1
0.0167,0.861575522501,0.138424477499,0.772584656142,0,0,0,0,0,0,1,2
0.01672,0.86591772261,0.13408227739,0.754017561082,1,0,0,1,1,0,0,0
0.01674,0.86591772261,0.13408227739,0.754017561082,1,0,0,1,1,0,0,0
0.01676,0.86591772261,0.13408227739,0.754017561082,1,0,0,1,1,0,0,0
0.01678,0.86591772261,0.13408227739,0.754017561082,1,0,0,1,0,1,0,1
0.0168,0.86591772261,0.13408227739,0.754017561082,0,0,0,0,0,0,1,2
0.01682,0.870677253087,0.129322746913,0.735738069424,1,0,0,1,1,0,0,0
0.01684,0.870677253087,0.129322746913,0.735738069424,1,0,0,1,1,0,0,0
0.01686,0.870677253087,0.129322746913,0.735738069424,1,0,0,1,1,0,0,0
0.01688,0.870677253087,0.129322746913,0.735738069424,1,0,0,1,0,1,0,1
0.0169,0.870677253087,0.129322746913,0.735738069424,0,0,0,0,0,0,1,2
0.01692,0.874135790923,0.125864209077,0.717156888911,1,0,0,1,1,0,0,0
0.01694,0.874135790923,0.125864209077,0.717156888911,1,0,0,1,1,0,0,0
0.01696,0.874135790923,0.125864209077,0.717156888911,1,0,0,1,1,0,0,0
0.01698,0.874135790923,0.125864209077,0.717156888911,1,0,0,1,0,1,0,1
0.017,0.874135790923,0.125864209077,0.717156888911,0,0,0,0,0,0,1,2
0.01702,0.878077835119,0.121922164881,0.697122819098,1,0,0,1,1,0,0,0
0.01704,0.878077835119,0.121922164881,0.697122819098,1,0,0,1,1,0,0,0
0.01706,0.878077835119,0.121922164881,0.697122819098,1,0,0,1,1,0,0,0
0.01708,0.878077835119,0.121922164881,0.697122819098,1,0,0,1,0,1,0,1
0.0171,0.878077835119,0.121922164881,0.697122819098,0,0,0,0,0,0,1,2
0.01712,0.882270567153,0.117729432847,0.677252246766,1,0,0,1,1,0,0,0
0.01714,0.882270567153,0.117729432847,0.677252246766,1,0,0,1,1,0,0,0
0.01716,0.882270567153,0.117729432847,0.677252246766,1,0,0,1,1,0,0,0
0.01718,0.882270567153,0.117729432847,0.677252246766,1,0,0,1,0,1,0,1
0.0172,0.882270567153,0.117729432847,0.677252246766,0,0,0,0,0,0,1,2
0.01722,0.884991246151,0.115008753849,0.656966599702,1,0,0,1,1,0,0,0
0.01724,0.884991246151,0.115008753849,0.656966599702,1,0,0,1,1,0,0,0
0.01726,0.884991246151,0.115008753849,0.656966599702,1,0,0,1,1,0,0,0
0.01728,0.884991246151,0.115008753849,0.656966599702,1,0,0,1,0,1,0,1
0.0173,0.884991246151,0.115008753849,0.656966599702,0,0,0,0,0,0,1,2
0.01732,0.887844244689,0.112155755311,0.636785156468,1,0,0,1,1,0,0,0
0.01734,0.887844244689,0.112155755311,0.636785156468,1,0,0,1,1,0,0,0
0.01736,0.887844244689,0.112155755311,0.636785156468,1,0,0,1,1,0,0,0
0.01738,0.887844244689,0.112155755311,0.636785156468,1,0,0,1,0,1,0,1
0.0174,0.887844244689,0.112155755311,0.636785156468,0,0,0,0,0,0,1,2
0.01742,0.890773314183,0.109226685817,0.616679547197,1,0,0,1,1,0,0,0
0.01744,0.890773314183,0.109226685817,0.616679547197,1,0,0,1,1,0,0,0
0.01746,0.890773314183,0.109226685817,0.616679547197,1,0,0,1,1,0,0,0
0.01748,0.890773314183,0.109226685817,0.616679547197,1,0,0,1,0,1,0,1
0.0175,0.890773314183,0.109226685817,0.616679547197,0,0,0,0,0,0,1,2
0.01752,0.892052479347,0.107947520653,0.59608314609,1,0,0,1,1,0,0,0
0.01754,0.892052479347,0.107947520653,0.59608314609,1,0,0,1,1,0,0,0
0.01756,0.892052479347,0.107947520653,0.59608314609,1,0,0,1,1,0,0,0
0.01758,0.892052479347,0.107947520653,0.59608314609,1,0,0,1,0,1,0,1
0.0176,0.892052479347,0.107947520653,0.59608314609,0,0,0,0,0,0,1,2
0.01762,0.89328490095,0.10671509905,0.575523729483,1,0,0,1,1,0,0,0
0.01764,0.89328490095,0.10671509905,0.575523729483,1,0,0,1,1,0,0,0
0.01766,0.89328490095,0.10671509905,0.575523729483,1,0,0,1,0,0,0,1
0.01768,0.89328490095,0.10671509905,0.575523729483,1,0,0,1,0,1,0,1
0.0177,0.89328490095,0.10671509905,0.575523729483,0,0,0,0,0,0,1,2
0.01772,0.894412327664,0.105587672336,0.554983548637,1,0,0,1,1,0,0,0
0.01774,0.894412327664,0.105587672336,0.554983548637,1,0,0,1,1,0,0,0
0.01776,0.894412327664,0.105587672336,0.554983548637,1,0,0,1,0,1,0,1
0.01778,0.894412327664,0.105587672336,0.554983548637,1,0,0,1,0,1,0,1
0.0178,0.894412327664,0.105587672336,0.554983548637,0,0,0,0,0,0,1,2
0.01782,0.89537587313,0.10462412687,0.534448116152,1,0,0,1,1,0,0,0
0.01784,0.89537587313,0.10462412687,0.534448116152,1,0,0,1,1,0,0,0
0.01786,0.89537587313,0.10462412687,0.534448116152,1,0,0,1,0,1,0,1
0.01788,0.89537587313,0.10462412687,0.534448116152,1,0,0,1,0,1,0,1
0.0179,0.89537587313,0.10462412687,0.534448116152,0,0,0,0,0,0,1,2
0.01792,0.895936606464,0.104063393536,0.515563723576,1,0,0,1,1,0,0,0
0.01794,0.895936606464,0.104063393536,0.515563723576,1,0,0,1,1,0,0,0
0.01796,0.895936606464,0.104063393536,0.515563723576,1,0,0,1,0,1,0,1
0.01798,0.895936606464,0.104063393536,0.515563723576,1,0,0,1,0,1,0,1
0.018,0.895936606464,0.104063393536,0.515563723576,0,0,0,0,0,0,1,2
0.01802,0.894546097825,0.105453902175,0.496135906712,1,0,0,1,1,0,0,0
0.01804,0.894546097825,0.105453902175,0.496135906712,1,0,0,1,1,0,0,0
0.01806,0.894546097825,0.105453902175,0.496135906712,1,0,0,1,0,1,0,1
0.01808,0.894546097825,0.105453902175,0.496135906712,1,0,0,1,0,1,0,1
0.0181,0.894546097825,0.105453902175,0.496135906712,0,0,0,0,0,0,1,2
0.01812,0.892986610472,0.107013389528,0.475050157466,1,0,0,1,1,0,0,0
0.01814,0.892986610472,0.107013389528,0.475050157466,1,0,0,1,1,0,0,0
0.01816,0.892986610472,0.107013389528,0.475050157466,1,0,0,1,0,1,0,1
0.01818,0.892986610472,0.107013389528,0.475050157466,1,0,0,1,0,1,0,1
0.0182,0.892986610472,0.107013389528,0.475050157466,0,0,0,0,0,0,1,2
0.01822,0.892686576432,0.107313423568,0.454491294014,1,0,0,1,1,0,0,0
0.01824,0.892686576432,0.107313423568,0.454491294014,1,0,0,1,1,0,0,0
0.01826,0.892686576432,0.107313423568,0.454491294014,1,0,0,1,0,1,0,1
0.01828,0.892686576432,0.107313423568,0.454491294014,1,0,0,1,0,1,0,1
0.0183,0.892686576432,0.107313423568,0.454491294014,0,0,0,0,0,0,2,1
0.01832,0.891930916335,0.108069083665,0.433845194009,1,0,0,1,1,0,0,0
0.01834,0.891930916335,0.108069083665,0.433845194009,1,0,0,1,1,0,0,0
0.01836,0.891930916335,0.108069083665,0.433845194009,1,0,0,1,0,1,0,1
0.01838,0.891930916335,0.108069083665,0.433845194009,1,0,0,1,0,1,0,0
0.0184,0.891930916335,0.108069083665,0.433845194009,0,0,0,0,0,0,2,1
0.01842,0.890843527272,0.109156472728,0.411420482139,1,0,0,1,1,0,1,0
0.01844,0.890843527272,0.109156472728,0.411420482139,1,0,0,1,1,0,0,0
0.01846,0.890843527272,0.109156472728,0.411420482139,1,0,0,1,0,1,0,1
0.01848,0.890843527272,0.109156472728,0.411420482139,1,0,0,1,0,1,0,0
0.0185,0.890843527272,0.109156472728,0.411420482139,0,0,0,0,0,0,2,1
0.01852,0.889177446414,0.110822553586,0.388904021789,1,0,0,1,1,0,1,0
0.01854,0.889177446414,0.110822553586,0.388904021789,1,0,0,1,1,0,0,0
0.01856,0.889177446414,0.110822553586,0.388904021789,1,0,0,1,0,1,0,0
0.01858,0.889177446414,0.110822553586,0.388904021789,1,0,0,1,0,1,0,0
0.0186,0.889177446414,0.110822553586,0.388904021789,0,0,0,0,0,0,2,1
0.01862,0.886871355052,0.113128644948,0.366304988927,1,0,0,1,1,0,1,0
0.01864,0.886871355052,0.113128644948,0.366304988927,1,0,0,1,0,0,1,0
0.01866,0.886871355052,0.113128644948,0.366304988927,1,0,0,1,0,1,0,0
0.01868,0.886871355052,0.113128644948,0.366304988927,1,0,0,1,0,1,0,0
0.0187,0.886871355052,0.113128644948,0.366304988927,0,0,0,0,0,0,2,1
0.01872,0.884223197904,0.115776802096,0.340353597285,1,0,0,1,1,0,1,0
0.01874,0.884223197904,0.115776802096,0.340353597285,1,0,0,1,0,1,0,0
0.01876,0.884223197904,0.115776802096,0.340353597285,1,0,0,1,0,1,0,0
0.01878,0.884223197904,0.115776802096,0.340353597285,1,0,0,1,0,1,0,0
0.0188,0.884223197904,0.115776802096,0.340353597285,0,0,0,0,0,0,2,1
0.01882,0.880798082867,0.119201917133,0.314429032728,1,0,0,1,1,0,1,0
0.01884,0.880798082867,0.119201917133,0.314429032728,1,0,0,1,0,1,0,0
0.01886,0.880798082867,0.119201917133,0.314429032728,1,0,0,1,0,1,0,0
0.01888,0.880798082867,0.119201917133,0.314429032728,1,0,0,1,0,1,0,0
0.0189,0.880798082867,0.119201917133,0.314429032728,0,0,0,0,0,0,2,1
0.01892,0.878021790874,0.121978209126,0.290743282668,1,0,0,1,1,0,1,0
0.01894,0.878021790874,0.121978209126,0.290743282668,1,0,0,1,0,1,0,0
0.01896,0.878021790874,0.121978209126,0.290743282668,1,0,0,1,0,1,0,0
0.01898,0.878021790874,0.121978209126,0.290743282668,1,0,0,1,0,1,0,0
0.019,0.878021790874,0.121978209126,0.290743282668,0,0,0,0,0,0,2,1
0.01902,0.874171567415,0.125828432585,0.268795293316,1,0,0,1,1,0,1,0
0.01904,0.874171567415,0.125828432585,0.268795293316,1,0,0,1,0,1,0,0
0.01906,0.874171567415,0.125828432585,0.268795293316,1,0,0,1,0,1,0,0
0.01908,0.874171567415,0.125828432585,0.268795293316,1,0,0,1,0,1,0,0
0.0191,0.874171567415,0.125828432585,0.268795293316,0,0,0,0,0,0,2,1
0.01912,0.869369801425,0.130630198575,0.246972622256,1,0,0,1,1,0,1,0
0.01914,0.869369801425,0.130630198575,0.246972622256,1,0,0,1,0,1,0,0
0.01916,0.869369801425,0.130630198575,0.246972622256,1,0,0,1,0,1,0,0
0.01918,0.869369801425,0.130630198575,0.246972622256,1,0,0,1,0,1,0,0
0.0192,0.869369801425,0.130630198575,0.246972622256,0,0,0,0,0,0,2,1
0.01922,0.865225340741,0.134774659259,0.225841801938,1,0,0,1,1,0,1,0
0.01924,0.865225340741,0.134774659259,0.225841801938,1,0,0,1,0,1,0,0
0.01926,0.865225340741,0.134774659259,0.225841801938,1,0,0,1,0,1,0,0
0.01928,0.865225340741,0.134774659259,0.225841801938,1,0,0,1,0,1,0,0
0.0193,0.865225340741,0.134774659259,0.225841801938,0,0,0,0,0,0,2,1
0.01932,0.860016298928,0.139983701072,0.20490574139,1,0,0,1,1,0,1,0
0.01934,0.860016298928,0.139983701072,0.20490574139,1,0,0,1,0,1,0,0
0.01936,0.860016298928,0.139983701072,0.20490574139,1,0,0,1,0,1,0,0
0.01938,0.860016298928,0.139983701072,0.20490574139,1,0,0,1,0,1,0,0
0.0194,0.860016298928,0.139983701072,0.20490574139,0,0,0,0,0,0,2,1
0.01942,0.853683350457,0.146316649543,0.184207507273,1,0,0,1,0,0,1,0
0.01944,0.853683350457,0.146316649543,0.184207507273,1,0,0,1,0,1,0,0
0.01946,0.853683350457,0.146316649543,0.184207507273,1,0,0,1,0,1,0,0
0.01948,0.853683350457,0.146316649543,0.184207507273,1,0,0,1,0,1,0,0
0.0195,0.853683350457,0.146316649543,0.184207507273,0,0,0,0,0,0,2,1
0.01952,0.847653995341,0.152346004659,0.165975829319,1,0,0,1,0,1,0,0
0.01954,0.847653995341,0.152346004659,0.165975829319,1,0,0,1,0,1,0,0
0.01956,0.847653995341,0.152346004659,0.165975829319,1,0,0,1,0,1,0,0
0.01958,0.847653995341,0.152346004659,0.165975829319,1,0,0,1,0,1,0,0
0.0196,0.847653995341,0.152346004659,0.165975829319,0,0,0,0,0,0,2,1
0.01962,0.846725820586,0.162601884473,0.153274179414,1,0,0,1,0,1,0,0
0.01964,0.846725820586,0.162601884473,0.153274179414,1,0,0,1,0,1,0,0
0.01966,0.846725820586,0.162601884473,0.153274179414,1,0,0,1,0,1,0,0
0.01968,0.846725820586,0.162601884473,0.153274179414,1,0,0,1,0,1,0,0
0.0197,0.846725820586,0.162601884473,0.153274179414,0,0,0,0,0,0,2,1
0.01972,0.852697784025,0.181953437882,0.147302215975,1,0,0,1,0,1,0,0
0.01974,0.852697784025,0.181953437882,0.147302215975,1,0,0,1,0,1,0,0
0.01976,0.852697784025,0.181953437882,0.147302215975,1,0,0,1,0,1,0,0
0.01978,0.852697784025,0.181953437882,0.147302215975,1,0,0,1,0,1,0,0
0.0198,0.852697784025,0.181953437882,0.147302215975,0,0,0,0,0,0,2,1
0.01982,0.857607692786,0.201442172689,0.142392307214,1,0,0,1,0,1,0,0
0.01984,0.857607692786,0.201442172689,0.142392307214,1,0,0,1,0,1,0,0
0.01986,0.857607692786,0.201442172689,0.142392307214,1,0,0,1,0,1,0,0
0.01988,0.857607692786,0.201442172689,0.142392307214,1,0,0,1,0,1,0,0
0.0199,0.857607692786,0.201442172689,0.142392307214,0,0,0,0,0,0,2,1
0.01992,0.863058391122,0.22056321369,0.136941608878,1,0,0,0,0,1,1,0
0.01994,0.863058391122,0.22056321369,0.136941608878,1,0,0,1,0,1,0,0
0.01996,0.863058391122,0.22056321369,0.136941608878,1,0,0,1,0,1,0,0
0.01998,0.863058391122,0.22056321369,0.136941608878,1,0,0,1,0,1,0,0
0.02,0.863058391122,0.22056321369,0.136941608878,0,0,0,0,0,0,2,1
0.02002,0.867335569109,0.239924043534,0.132664430891,1,0,1,0,0,1,1,0
0.02004,0.867335569109,0.239924043534,0.132664430891,1,0,0,1,0,1,0,0
0.02006,0.867335569109,0.239924043534,0.132664430891,1,0,0,1,0,1,0,0
0.02008,0.867335569109,0.239924043534,0.132664430891,1,0,0,1,0,1,0,0
0.0201,0.867335569109,0.239924043534,0.132664430891,0,0,0,0,0,0,2,1
0.02012,0.87204607376,0.259006050489,0.12795392624,1,0,1,0,0,1,1,0
0.02014,0.87204607376,0.259006050489,0.12795392624,1,0,0,1,0,1,0,0
0.02016,0.87204607376,0.259006050489,0.12795392624,1,0,0,1,0,1,0,0
0.02018,0.87204607376,0.259006050489,0.12795392624,1,0,0,1,0,1,0,0
0.0202,0.87204607376,0.259006050489,0.12795392624,0,0,0,0,0,0,2,1
0.02022,0.875472720306,0.278410136302,0.124527279694,1,0,1,0,0,1,1,0
0.02024,0.875472720306,0.278410136302,0.124527279694,1,0,0,1,0,1,0,0
0.02026,0.875472720306,0.278410136302,0.124527279694,1,0,0,1,0,1,0,0
0.02028,0.875472720306,0.278410136302,0.124527279694,1,0,0,1,0,1,0,0
0.0203,0.875472720306,0.278410136302,0.124527279694,0,0,0,0,0,0,2,1
0.02032,0.879221039958,0.297612077104,0.120778960042,1,0,1,0,0,1,1,0
0.02034,0.879221039958,0.297612077104,0.120778960042,1,0,0,1,0,1,0,0
0.02036,0.879221039958,0.297612077104,0.120778960042,1,0,0,1,0,1,0,0
0.02038,0.879221039958,0.297612077104,0.120778960042,1,0,0,1,0,1,0,0
0.0204,0.879221039958,0.297612077104,0.120778960042,0,0,0,0,0,0,2,1
0.02042,0.881571281819,0.317205604815,0.118428718181,1,0,1,0,0,1,1,0
0.02044,0.881571281819,0.317205604815,0.118428718181,1,0,0,1,0,1,0,0
0.02046,0.881571281819,0.317205604815,0.118428718181,1,0,0,1,0,1,0,0
0.02048,0.881571281819,0.317205604815,0.118428718181,1,0,0,1,0,1,0,0
0.0205,0.881571281819,0.317205604815,0.118428718181,0,0,0,0,0,0,2,1
0.02052,0.884127855177,0.336660650785,0.115872144823,1,0,1,0,0,1,1,0
0.02054,0.884127855177,0.336660650785,0.115872144823,1,0,0,1,0,1,0,0
0.02056,0.884127855177,0.336660650785,0.115872144823,1,0,0,1,0,1,0,0
0.02058,0.884127855177,0.336660650785,0.115872144823,1,0,0,1,0,1,0,0
0.0206,0.884127855177,0.336660650785,0.115872144823,0,0,0,0,0,0,2,1
0.02062,0.886835955492,0.356008037913,0.113164044508,1,0,1,0,0,1,1,0
0.02064,0.886835955492,0.356008037913,0.113164044508,1,0,0,1,0,1,0,0
0.02066,0.886835955492,0.356008037913,0.113164044508,1,0,0,1,0,1,0,0
0.02068,0.886835955492,0.356008037913,0.113164044508,1,0,0,1,0,1,0,0
0.0207,0.886835955492,0.356008037913,0.113164044508,0,0,0,0,0,0,2,1
0.02072,0.889639838677,0.375275746609,0.110360161323,1,0,1,0,0,1,1,0
0.02074,0.889639838677,0.375275746609,0.110360161323,1,0,0,1,0,1,0,0
0.02076,0.889639838677,0.375275746609,0.110360161323,1,0,0,1,0,1,0,0
0.02078,0.889639838677,0.375275746609,0.110360161323,1,0,0,1,0,1,0,0
0.0208,0.889639838677,0.375275746609,0.110360161323,0,0,0,0,0,0,2,1
0.02082,0.890815236316,0.395042843095,0.109184763684,1,0,1,0,0,1,1,0
0.02084,0.890815236316,0.395042843095,0.109184763684,1,0,0,1,0,1,0,0
0.02086,0.890815236316,0.395042843095,0.109184763684,1,0,0,1,0,1,0,0
0.02088,0.890815236316,0.395042843095,0.109184763684,1,0,0,1,0,1,0,0
0.0209,0.890815236316,0.395042843095,0.109184763684,0,0,0,0,0,0,2,1
0.02092,0.891964537809,0.414768431078,0.108035462191,1,0,1,0,0,1,1,0
0.02094,0.891964537809,0.414768431078,0.108035462191,1,0,0,0,0,1,1,0
0.02096,0.891964537809,0.414768431078,0.108035462191,1,0,0,1,0,1,0,0
0.02098,0.891964537809,0.414768431078,0.108035462191,1,0,0,1,0,1,0,0
0.021,0.891964537809,0.414768431078,0.108035462191,0,0,0,0,0,0,2,1
0.02102,0.893029932465,0.434470022904,0.106970067535,1,0,1,0,0,1,1,0
0.02104,0.893029932465,0.434470022904,0.106970067535,1,0,1,0,0,1,1,0
0.02106,0.893029932465,0.434470022904,0.106970067535,1,0,0,1,0,1,0,0
0.02108,0.893029932465,0.434470022904,0.106970067535,1,0,0,1,0,1,0,0
0.0211,0.893029932465,0.434470022904,0.106970067535,0,0,0,0,0,0,2,1
0.02112,0.894131901019,0.455817528897,0.105868098981,1,0,1,0,0,1,1,0
0.02114,0.894131901019,0.455817528897,0.105868098981,1,0,1,0,0,1,1,0
0.02116,0.894131901019,0.455817528897,0.105868098981,1,0,0,1,0,1,0,0
0.02118,0.894131901019,0.455817528897,0.105868098981,1,0,0,1,0,1,0,0
0.0212,0.894131901019,0.455817528897,0.105868098981,0,0,0,0,0,0,2,1
0.02122,0.895030747048,0.477175461135,0.104969252952,1,0,1,0,0,1,1,0
0.02124,0.895030747048,0.477175461135,0.104969252952,1,0,1,0,0,1,1,0
0.02126,0.895030747048,0.477175461135,0.104969252952,1,0,0,1,0,1,0,0
0.02128,0.895030747048,0.477175461135,0.104969252952,1,0,0,1,0,1,0,0
0.0213,0.895030747048,0.477175461135,0.104969252952,0,0,0,0,0,0,2,1
0.02132,0.895694880258,0.4988141208,0.104305119742,1,0,1,0,0,1,1,0
0.02134,0.895694880258,0.4988141208,0.104305119742,1,0,1,0,0,1,0,0
0.02136,0.895694880258,0.4988141208,0.104305119742,1,0,0,1,0,1,0,1
0.02138,0.895694880258,0.4988141208,0.104305119742,1,0,0,1,0,1,0,0
0.0214,0.895694880258,0.4988141208,0.104305119742,0,0,0,0,0,0,2,1
0.02142,0.894528863282,0.522521890215,0.105471136718,1,0,1,0,0,1,1,0
0.02144,0.894528863282,0.522521890215,0.105471136718,1,0,1,0,0,1,0,0
0.02146,0.894528863282,0.522521890215,0.105471136718,1,0,0,1,0,1,0,1
0.02148,0.894528863282,0.522521890215,0.105471136718,1,0,0,1,0,1,0,0
0.0215,0.894528863282,0.522521890215,0.105471136718,0,0,0,0,0,0,2,1
0.02152,0.892977645555,0.546333587909,0.107022354445,1,0,1,0,0,1,1,0
0.02154,0.892977645555,0.546333587909,0.107022354445,1,0,1,0,0,1,0,0
0.02156,0.892977645555,0.546333587909,0.107022354445,1,0,0,1,0,1,0,1
0.02158,0.892977645555,0.546333587909,0.107022354445,1,0,0,1,0,1,0,1
0.0216,0.892977645555,0.546333587909,0.107022354445,0,0,0,0,0,0,2,1
0.02162,0.892646896978,0.569683204666,0.107353103022,1,0,1,0,0,1,0,0
0.02164,0.892646896978,0.569683204666,0.107353103022,1,0,1,0,0,1,0,0
0.02166,0.892646896978,0.569683204666,0.107353103022,1,0,0,1,0,1,0,1
0.02168,0.892646896978,0.569683204666,0.107353103022,1,0,0,1,0,1,0,1
0.0217,0.892646896978,0.569683204666,0.107353103022,0,0,0,0,0,0,1,2
0.02172,0.891638341043,0.591510060224,0.108361658957,1,0,1,0,0,1,0,0
0.02174,0.891638341043,0.591510060224,0.108361658957,1,0,1,0,0,1,0,0
0.02176,0.891638341043,0.591510060224,0.108361658957,1,0,0,1,0,1,0,1
0.02178,0.891638341043,0.591510060224,0.108361658957,1,0,0,1,0,1,0,1
0.0218,0.891638341043,0.591510060224,0.108361658957,0,0,0,0,0,0,1,2
0.02182,0.890428367216,0.616716060683,0.109571632784,1,0,1,0,0,1,0,0
0.02184,0.890428367216,0.616716060683,0.109571632784,1,0,1,0,0,1,0,0
0.02186,0.890428367216,0.616716060683,0.109571632784,1,0,0,0,0,1,0,1
0.02188,0.890428367216,0.616716060683,0.109571632784,1,0,0,1,0,1,0,1
0.0219,0.890428367216,0.616716060683,0.109571632784,0,0,0,0,0,0,1,2
0.02192,0.888583026406,0.641928127491,0.111416973594,1,0,1,0,0,1,0,0
0.02194,0.888583026406,0.641928127491,0.111416973594,1,0,1,0,0,1,0,0
0.02196,0.888583026406,0.641928127491,0.111416973594,1,0,1,0,0,1,0,0
0.02198,0.888583026406,0.641928127491,0.111416973594,1,0,0,1,0,1,0,1
0.022,0.888583026406,0.641928127491,0.111416973594,0,0,0,0,0,0,1,2
0.02202,0.885858238106,0.665469804446,0.114141761894,1,0,1,0,0,1,0,0
0.02204,0.885858238106,0.665469804446,0.114141761894,1,0,1,0,0,1,0,0
0.02206,0.885858238106,0.665469804446,0.114141761894,1,0,1,0,0,1,0,0
0.02208,0.885858238106,0.665469804446,0.114141761894,1,0,0,1,0,1,0,1
0.0221,0.885858238106,0.665469804446,0.114141761894,0,0,0,0,0,0,1,2
0.02212,0.882374877867,0.688967644537,0.117625122133,1,0,1,0,0,1,0,0
0.02214,0.882374877867,0.688967644537,0.117625122133,1,0,1,0,0,1,0,0
0.02216,0.882374877867,0.688967644537,0.117625122133,1,0,1,0,0,1,0,0
0.02218,0.882374877867,0.688967644537,0.117625122133,1,0,0,1,0,1,0,1
0.0222,0.882374877867,0.688967644537,0.117625122133,0,0,0,0,0,0,1,2
0.02222,0.877889157554,0.710736423287,0.122110842446,1,0,1,0,0,1,0,0
0.02224,0.877889157554,0.710736423287,0.122110842446,1,0,1,0,0,1,0,0
0.02226,0.877889157554,0.710736423287,0.122110842446,1,0,1,0,0,1,0,0
0.02228,0.877889157554,0.710736423287,0.122110842446,1,0,0,1,0,1,0,1
0.0223,0.877889157554,0.710736423287,0.122110842446,0,0,0,0,0,0,1,2
0.02232,0.874191672144,0.731851766237,0.125808327856,1,0,1,0,0,1,0,0
0.02234,0.874191672144,0.731851766237,0.125808327856,1,0,1,0,0,1,0,0
0.02236,0.874191672144,0.731851766237,0.125808327856,1,0,1,0,0,1,0,0
0.02238,0.874191672144,0.731851766237,0.125808327856,1,0,0,1,0,1,0,1
0.0224,0.874191672144,0.731851766237,0.125808327856,0,0,0,0,0,0,1,2
0.02242,0.869560942015,0.752831564307,0.130439057985,1,0,1,0,0,1,0,0
0.02244,0.869560942015,0.752831564307,0.130439057985,1,0,1,0,0,1,0,0
0.02246,0.869560942015,0.752831564307,0.130439057985,1,0,1,0,0,1,0,0
0.02248,0.869560942015,0.752831564307,0.130439057985,1,0,0,1,0,1,0,1
0.0225,0.869560942015,0.752831564307,0.130439057985,0,0,0,0,0,0,1,2
0.02252,0.865604299798,0.773096578851,0.134395700202,1,0,1,0,0,1,0,0
0.02254,0.865604299798,0.773096578851,0.134395700202,1,0,1,0,0,1,0,0
0.02256,0.865604299798,0.773096578851,0.134395700202,1,0,1,0,0,1,0,0
0.02258,0.865604299798,0.773096578851,0.134395700202,1,0,0,1,0,1,0,1
0.0226,0.865604299798,0.773096578851,0.134395700202,0,0,0,0,0,0,1,2
0.02262,0.86060130846,0.793156302246,0.13939869154,1,0,1,0,0,1,0,0
0.02264,0.86060130846,0.793156302246,0.13939869154,1,0,1,0,0,1,0,0
0.02266,0.86060130846,0.793156302246,0.13939869154,1,0,1,0,0,1,0,0
0.02268,0.86060130846,0.793156302246,0.13939869154,1,0,0,1,0,1,0,1
0.0227,0.86060130846,0.793156302246,0.13939869154,0,0,0,0,0,0,1,2
0.02272,0.854492559964,0.812967508772,0.145507440036,1,0,1,0,0,1,0,0
0.02274,0.854492559964,0.812967508772,0.145507440036,1,0,1,0,0,1,0,0
0.02276,0.854492559964,0.812967508772,0.145507440036,1,0,1,0,0,1,0,0
0.02278,0.854492559964,0.812967508772,0.145507440036,1,0,0,0,0,1,0,1
0.0228,0.854492559964,0.812967508772,0.145507440036,0,0,0,0,0,0,1,2
0.02282,0.84888634701,0.831942164045,0.15111365299,1,0,1,0,0,1,0,0
0.02284,0.84888634701,0.831942164045,0.15111365299,1,0,1,0,0,1,0,0
0.02286,0.84888634701,0.831942164045,0.15111365299,1,0,1,0,0,1,0,0
0.02288,0.84888634701,0.831942164045,0.15111365299,1,0,1,0,0,1,0,0
0.0229,0.84888634701,0.831942164045,0.15111365299,0,0,0,0,0,0,1,2
0.02292,0.840578952127,0.846884077136,0.153115922864,1,0,1,0,0,1,0,0
0.02294,0.840578952127,0.846884077136,0.153115922864,1,0,1,0,0,1,0,0
0.02296,0.840578952127,0.846884077136,0.153115922864,1,0,1,0,0,1,0,0
0.02298,0.840578952127,0.846884077136,0.153115922864,1,0,1,0,0,1,0,0
0.023,0.840578952127,0.846884077136,0.153115922864,0,0,0,0,0,0,1,2
0.02302,0.822094665709,0.85252746815,0.14747253185,1,0,1,0,0,1,0,0
0.02304,0.822094665709,0.85252746815,0.14747253185,1,0,1,0,0,1,0,0
0.02306,0.822094665709,0.85252746815,0.14747253185,1,0,1,0,0,1,0,0
0.02308,0.822094665709,0.85252746815,0.14747253185,1,0,1,0,0,1,0,0
0.0231,0.822094665709,0.85252746815,0.14747253185,0,0,0,0,0,0,1,2
0.02312,0.803515593093,0.857110313792,0.142889686208,1,0,1,0,0,1,0,0
0.02314,0.803515593093,0.857110313792,0.142889686208,1,0,1,0,0,1,0,0
0.02316,0.803515593093,0.857110313792,0.142889686208,1,0,1,0,0,1,0,0
0.02318,0.803515593093,0.857110313792,0.142889686208,1,0,1,0,0,1,0,0
0.0232,0.803515593093,0.857110313792,0.142889686208,0,0,0,0,0,0,1,2
0.02322,0.785349974022,0.862247980984,0.137752019016,1,0,1,0,0,1,0,0
0.02324,0.785349974022,0.862247980984,0.137752019016,1,0,1,0,0,1,0,0
0.02326,0.785349974022,0.862247980984,0.137752019016,1,0,1,0,0,1,0,0
0.02328,0.785349974022,0.862247980984,0.137752019016,0,0,1,0,0,1,0,1
0.0233,0.785349974022,0.862247980984,0.137752019016,0,0,0,0,0,0,1,2
0.02332,0.767000096598,0.866226321437,0.133773678563,1,0,1,0,0,1,0,0
0.02334,0.767000096598,0.866226321437,0.133773678563,1,0,1,0,0,1,0,0
0.02336,0.767000096598,0.866226321437,0.133773678563,1,0,1,0,0,1,0,0
0.02338,0.767000096598,0.866226321437,0.133773678563,0,0,1,0,0,1,0,1
0.0234,0.767000096598,0.866226321437,0.133773678563,0,0,0,0,0,0,1,2
0.02342,0.747306468135,0.870831451484,0.129168548516,1,0,1,0,0,1,0,0
0.02344,0.747306468135,0.870831451484,0.129168548516,1,0,1,0,0,1,0,0
0.02346,0.747306468135,0.870831451484,0.129168548516,1,0,1,0,0,1,0,0
0.02348,0.747306468135,0.870831451484,0.129168548516,0,1,1,0,0,1,0,1
0.0235,0.747306468135,0.870831451484,0.129168548516,0,0,0,0,0,0,1,2
0.02352,0.72733463704,0.874166885045,0.125833114955,1,0,1,0,0,1,0,0
0.02354,0.72733463704,0.874166885045,0.125833114955,1,0,1,0,0,1,0,0
0.02356,0.72733463704,0.874166885045,0.125833114955,1,0,1,0,0,1,0,0
0.02358,0.72733463704,0.874166885045,0.125833114955,0,1,1,0,0,1,0,1
0.0236,0.72733463704,0.874166885045,0.125833114955,0,0,0,0,0,0,1,2
0.02362,0.707594660746,0.877839305291,0.122160694709,1,0,1,0,0,1,0,0
0.02364,0.707594660746,0.877839305291,0.122160694709,1,0,1,0,0,1,0,0
0.02366,0.707594660746,0.877839305291,0.122160694709,1,0,1,0,0,1,0,0
0.02368,0.707594660746,0.877839305291,0.122160694709,0,1,1,0,0,1,0,1
0.0237,0.707594660746,0.877839305291,0.122160694709,0,0,0,0,0,0,1,2
0.02372,0.688046758877,0.881795997924,0.118204002076,1,0,1,0,0,1,0,0
0.02374,0.688046758877,0.881795997924,0.118204002076,1,0,1,0,0,1,0,0
0.02376,0.688046758877,0.881795997924,0.118204002076,1,0,1,0,0,1,0,0
0.02378,0.688046758877,0.881795997924,0.118204002076,0,1,1,0,0,1,0,1
0.0238,0.688046758877,0.881795997924,0.118204002076,0,0,0,0,0,0,1,2
0.02382,0.668110342565,0.884315332166,0.115684667834,1,0,1,0,0,1,0,0
0.02384,0.668110342565,0.884315332166,0.115684667834,1,0,1,0,0,1,0,0
0.02386,0.668110342565,0.884315332166,0.115684667834,1,0,1,0,0,1,0,0
0.02388,0.668110342565,0.884315332166,0.115684667834,0,1,1,0,0,1,0,1
0.0239,0.668110342565,0.884315332166,0.115684667834,0,0,0,0,0,0,1,2
0.02392,0.6483032601,0.887002234322,0.112997765678,1,0,1,0,0,1,0,0
0.02394,0.6483032601,0.887002234322,0.112997765678,1,0,1,0,0,1,0,0
0.02396,0.6483032601,0.887002234322,0.112997765678,1,0,1,0,0,1,0,0
0.02398,0.6483032601,0.887002234322,0.112997765678,0,1,1,0,0,1,0,1
0.024,0.6483032601,0.887002234322,0.112997765678,0,0,0,0,0,0,1,2
0.02402,0.628595290587,0.889801242929,0.110198757071,1,0,1,0,0,1,0,0
0.02404,0.628595290587,0.889801242929,0.110198757071,1,0,1,0,0,1,0,0
0.02406,0.628595290587,0.889801242929,0.110198757071,1,0,1,0,0,1,0,0
0.02408,0.628595290587,0.889801242929,0.110198757071,0,1,1,0,0,1,0,1
0.0241,0.628595290587,0.889801242929,0.110198757071,0,0,0,0,0,0,1,2
0.02412,0.608417491446,0.890987352616,0.109012647384,1,0,1,0,0,1,0,0
0.02414,0.608417491446,0.890987352616,0.109012647384,1,0,1,0,0,1,0,0
0.02416,0.608417491446,0.890987352616,0.109012647384,1,0,1,0,0,1,0,0
0.02418,0.608417491446,0.890987352616,0.109012647384,0,1,1,0,0,1,0,1
0.0242,0.608417491446,0.890987352616,0.109012647384,0,0,0,0,0,0,1,2
0.02422,0.588296036523,0.892164192939,0.107835807061,1,0,1,0,0,1,0,0
0.02424,0.588296036523,0.892164192939,0.107835807061,1,0,1,0,0,1,0,0
0.02426,0.588296036523,0.892164192939,0.107835807061,1,0,1,0,0,1,0,0
0.02428,0.588296036523,0.892164192939,0.107835807061,0,1,1,0,0,1,0,1
0.0243,0.588296036523,0.892164192939,0.107835807061,0,0,0,0,0,0,1,2
0.02432,0.568211098854,0.893274179456,0.106725820544,1,0,1,0,0,1,0,0
0.02434,0.568211098854,0.893274179456,0.106725820544,1,0,1,0,0,1,0,0
0.02436,0.568211098854,0.893274179456,0.106725820544,0,0,1,0,0,1,0,1
0.02438,0.568211098854,0.893274179456,0.106725820544,0,1,1,0,0,1,0,1
0.0244,0.568211098854,0.893274179456,0.106725820544,0,0,0,0,0,0,1,2
0.02442,0.548146040367,0.894259049098,0.105740950902,1,0,1,0,0,1,0,0
0.02444,0.548146040367,0.894259049098,0.105740950902,1,0,1,0,0,1,0,0
0.02446,0.548146040367,0.894259049098,0.105740950902,0,1,1,0,0,1,0,1
0.02448,0.548146040367,0.894259049098,0.105740950902,0,1,1,0,0,1,0,1
0.0245,0.548146040367,0.894259049098,0.105740950902,0,0,0,0,0,0,1,2
0.02452,0.528087502049,0.895059930345,0.104940069655,1,0,1,0,0,1,0,0
0.02454,0.528087502049,0.895059930345,0.104940069655,1,0,1,0,0,1,0,0
0.02456,0.528087502049,0.895059930345,0.104940069655,0,1,1,0,0,1,0,1
0.02458,0.528087502049,0.895059930345,0.104940069655,0,1,1,0,0,1,0,1
0.0246,0.528087502049,0.895059930345,0.104940069655,0,0,0,0,0,0,1,2
0.02462,0.508025487603,0.895617416509,0.104382583491,1,0,1,0,0,1,0,0
0.02464,0.508025487603,0.895617416509,0.104382583491,1,0,1,0,0,1,0,0
0.02466,0.508025487603,0.895617416509,0.104382583491,0,1,1,0,0,1,0,1
0.02468,0.508025487603,0.895617416509,0.104382583491,0,1,1,0,0,1,0,1
0.0247,0.508025487603,0.895617416509,0.104382583491,0,0,0,0,0,0,1,2
0.02472,0.487415807667,0.894201928807,0.105798071193,1,0,1,0,0,1,0,0
0.02474,0.487415807667,0.894201928807,0.105798071193,1,0,1,0,0,1,0,0
0.02476,0.487415807667,0.894201928807,0.105798071193,0,1,1,0,0,1,0,1
0.02478,0.487415807667,0.894201928807,0.105798071193,0,1,1,0,0,1,0,1
0.0248,0.487415807667,0.894201928807,0.105798071193,0,0,0,0,0,0,1,2
0.02482,0.466801464835,0.892415515726,0.107584484274,1,0,1,0,0,1,0,0
0.02484,0.466801464835,0.892415515726,0.107584484274,1,0,1,0,0,1,0,0
0.02486,0.466801464835,0.892415515726,0.107584484274,0,1,1,0,0,1,0,1
0.02488,0.466801464835,0.892415515726,0.107584484274,0,1,1,0,0,1,0,1
0.0249,0.466801464835,0.892415515726,0.107584484274,0,0,0,0,0,0,2,1
0.02492,0.446660280768,0.891874386811,0.108125613189,1,0,1,0,0,1,0,0
0.02494,0.446660280768,0.891874386811,0.108125613189,1,0,1,0,0,1,0,0
0.02496,0.446660280768,0.891874386811,0.108125613189,0,1,1,0,0,1,0,1
0.02498,0.446660280768,0.891874386811,0.108125613189,0,1,1,0,0,1,0,0
0.025,0.446660280768,0.891874386811,0.108125613189,0,0,0,0,0,0,2,1
0.02502,0.423112961803,0.891219241692,0.108780758308,1,0,1,0,0,1,1,0
0.02504,0.423112961803,0.891219241692,0.108780758308,1,0,1,0,0,1,0,0
0.02506,0.423112961803,0.891219241692,0.108780758308,0,1,1,0,0,1,0,1
0.02508,0.423112961803,0.891219241692,0.108780758308,0,1,1,0,0,1,0,0
0.0251,0.423112961803,0.891219241692,0.108780758308,0,0,0,0,0,0,2,1
0.02512,0.412350317087,0.890024216164,0.109975783836,1,0,1,0,0,1,1,0
0.02514,0.412350317087,0.890024216164,0.109975783836,1,0,1,0,0,1,0,0
0.02516,0.412350317087,0.890024216164,0.109975783836,0,1,1,0,0,1,0,0
0.02518,0.412350317087,0.890024216164,0.109975783836,0,1,1,0,0,1,0,0
0.0252,0.412350317087,0.890024216164,0.109975783836,0,0,0,0,0,0,2,1
0.02522,0.405200214949,0.88805104225,0.11194895775,1,0,1,0,0,1,1,0
0.02524,0.405200214949,0.88805104225,0.11194895775,1,0,1,0,0,1,1,0
0.02526,0.405200214949,0.88805104225,0.11194895775,0,1,1,0,0,1,0,0
0.02528,0.405200214949,0.88805104225,0.11194895775,0,1,1,0,0,1,0,0
0.0253,0.405200214949,0.88805104225,0.11194895775,0,0,0,0,0,0,2,1
0.02532,0.394915643076,0.885966621127,0.114033378873,1,0,1,0,0,1,1,0
0.02534,0.394915643076,0.885966621127,0.114033378873,1,0,1,0,0,1,1,0
0.02536,0.394915643076,0.885966621127,0.114033378873,0,1,1,0,0,1,0,0
0.02538,0.394915643076,0.885966621127,0.114033378873,0,1,1,0,0,1,0,0
0.0254,0.394915643076,0.885966621127,0.114033378873,0,0,0,0,0,0,2,1
0.02542,0.383197847248,0.883517466138,0.116482533862,1,0,1,0,0,1,1,0
0.02544,0.383197847248,0.883517466138,0.116482533862,0,0,1,0,0,1,1,0
0.02546,0.383197847248,0.883517466138,0.116482533862,0,1,1,0,0,1,0,0
0.02548,0.383197847248,0.883517466138,0.116482533862,0,1,1,0,0,1,0,0
0.0255,0.383197847248,0.883517466138,0.116482533862,0,0,0,0,0,0,2,1
0.02552,0.373316807461,0.880279521106,0.119720478894,0,0,0,0,0,0,2,1
0.02554,0.373316807461,0.880279521106,0.119720478894,0,0,0,0,0,0,2,1
0.02556,0.373316807461,0.880279521106,0.119720478894,0,0,0,0,0,0,1,1
0.02558,0.373316807461,0.880279521106,0.119720478894,0,0,0,0,0,0,1,1
0.0256,0.373316807461,0.880279521106,0.119720478894,0,0,0,0,0,0,1,1
0.02562,0.366068883132,0.968663865307,0.0313361346926,0,0,0,0,0,0,1,1
0.02564,0.366068883132,0.968663865307,0.0313361346926,0,0,0,0,0,0,0,0
0.02566,0.366068883132,0.968663865307,0.0313361346926,0,0,0,0,0,0,0,0
0.02568,0.366068883132,0.968663865307,0.0313361346926,0,0,0,0,0,0,0,0
0.0257,0.366068883132,0.968663865307,0.0313361346926,0,0,0,0,0,0,0,0
0.02572,0.363361536904,0.968403291478,0.0315967085218,0,0,0,0,0,0,0,0
0.02574,0.363361536904,0.968403291478,0.0315967085218,0,0,0,0,0,0,0,0
0.02576,0.363361536904,0.968403291478,0.0315967085218,0,0,0,0,0,0,0,0
0.02578,0.363361536904,0.968403291478,0.0315967085218,0,0,0,0,0,0,0,0
0.0258,0.363361536904,0.968403291478,0.0315967085218,0,0,0,0,0,0,0,0
0.02582,0.346975114584,0.966711325641,0.0332886743594,0,0,0,0,0,0,0,0
0.02584,0.346975114584,0.966711325641,0.0332886743594,0,0,0,0,0,0,0,0
0.02586,0.346975114584,0.966711325641,0.0332886743594,0,0,0,0,0,0,0,0
0.02588,0.346975114584,0.966711325641,0.0332886743594,0,0,0,0,0,0,0,0
0.0259,0.346975114584,0.966711325641,0.0332886743594,0,0,0,0,0,0,0,0
0.02592,0.330397725056,0.964797471427,0.0352025285734,0,0,0,0,0,0,0,0
0.02594,0.330397725056,0.964797471427,0.0352025285734,0,0,0,0,0,0,0,0
0.02596,0.330397725056,0.964797471427,0.0352025285734,0,0,0,0,0,0,0,0
0.02598,0.330397725056,0.964797471427,0.0352025285734,0,0,0,0,0,0,0,0
0.026,0.330397725056,0.964797471427,0.0352025285734,0,0,0,0,0,0,0,0
0.02602,0.313606663521,0.962649083762,0.0373509162384,0,0,0,0,0,0,0,0
0.02604,0.313606663521,0.962649083762,0.0373509162384,0,0,0,0,0,0,0,0
0.02606,0.313606663521,0.962649083762,0.0373509162384,0,0,0,0,0,0,0,0
0.02608,0.313606663521,0.962649083762,0.0373509162384,0,0,0,0,0,0,0,0
0.0261,0.313606663521,0.962649083762,0.0373509162384,0,0,0,0,0,0,0,0
0.02612,0.296580183191,0.960251879637,0.0397481203625,0,0,0,0,0,0,0,0
0.02614,0.296580183191,0.960251879637,0.0397481203625,0,0,0,0,0,0,0,0
0.02616,0.296580183191,0.960251879637,0.0397481203625,0,0,0,0,0,0,0,0
0.02618,0.296580183191,0.960251879637,0.0397481203625,0,0,0,0,0,0,0,0
0.0262,0.296580183191,0.960251879637,0.0397481203625,0,0,0,0,0,0,0,0
0.02622,0.279297737751,0.957589886047,0.0424101139527,0,0,0,0,0,0,0,0
0.02624,0.279297737751,0.957589886047,0.0424101139527,0,0,0,0,0,0,0,0
0.02626,0.279297737751,0.957589886047,0.0424101139527,0,0,0,0,0,0,0,0
0.02628,0.279297737751,0.957589886047,0.0424101139527,0,0,0,0,0,0,0,0
0.0263,0.279297737751,0.957589886047,0.0424101139527,0,0,0,0,0,0,0,0
0.02632,0.261740276741,0.954645394519,0.0453546054809,0,0,0,0,0,0,0,0
0.02634,0.261740276741,0.954645394519,0.0453546054809,0,0,0,0,0,0,0,0
0.02636,0.261740276741,0.954645394519,0.0453546054809,0,0,0,0,0,0,0,0
0.02638,0.261740276741,0.954645394519,0.0453546054809,0,0,0,0,0,0,0,0
0.0264,0.261740276741,0.954645394519,0.0453546054809,0,0,0,0,0,0,0,0
0.02642,0.243890595999,0.951398926739,0.0486010732614,0,0,0,0,0,0,0,0
0.02644,0.243890595999,0.951398926739,0.0486010732614,0,0,0,0,0,0,0,0
0.02646,0.243890595999,0.951398926739,0.0486010732614,0,0,0,0,0,0,0,0
0.02648,0.243890595999,0.951398926739,0.0486010732614,0,0,0,0,0,0,0,0
0.0265,0.243890595999,0.951398926739,0.0486010732614,0,0,0,0,0,0,0,0
0.02652,0.225733747891,0.947829217059,0.0521707829414,0,0,0,0,0,0,0,0
0.02654,0.225733747891,0.947829217059,0.0521707829414,0,0,0,0,0,0,0,0
0.02656,0.225733747891,0.947829217059,0.0521707829414,0,0,0,0,0,0,0,0
0.02658,0.225733747891,0.947829217059,0.0521707829414,0,0,0,0,0,0,0,0
0.0266,0.225733747891,0.947829217059,0.0521707829414,0,0,0,0,0,0,0,0
0.02662,0.207257515186,0.943913218841,0.0560867811591,0,0,0,0,0,0,0,0
0.02664,0.207257515186,0.943913218841,0.0560867811591,0,0,0,0,0,0,0,0
0.02666,0.207257515186,0.943913218841,0.0560867811591,0,0,0,0,0,0,0,0
0.02668,0.207257515186,0.943913218841,0.0560867811591,0,0,0,0,0,0,0,0
0.0267,0.207257515186,0.943913218841,0.0560867811591,0,0,0,0,0,0,0,0
0.02672,0.18845295084,0.939626142747,0.060373857253,0,0,0,0,0,0,0,0
0.02674,0.18845295084,0.939626142747,0.060373857253,0,0,0,0,0,0,0,0
0.02676,0.18845295084,0.939626142747,0.060373857253,0,0,0,0,0,0,0,0
0.02678,0.18845295084,0.939626142747,0.060373857253,0,0,0,0,0,0,0,0
0.0268,0.18845295084,0.939626142747,0.060373857253,0,0,0,0,0,0,0,0
0.02682,0.169314983517,0.934941536253,0.0650584637474,0,0,0,0,0,0,0,0
0.02684,0.169314983517,0.934941536253,0.0650584637474,0,0,0,0,0,0,0,0
0.02686,0.169314983517,0.934941536253,0.0650584637474,0,0,0,0,0,0,0,0
0.02688,0.169314983517,0.934941536253,0.0650584637474,0,0,0,0,0,0,0,0
0.0269,0.169314983517,0.934941536253,0.0650584637474,0,0,0,0,0,0,0,0
0.02692,0.14984308539,0.929831414685,0.0701685853148,0,0,0,0,0,0,0,0
0.02694,0.14984308539,0.929831414685,0.0701685853148,0,0,0,0,0,0,0,0
0.02696,0.14984308539,0.929831414685,0.0701685853148,0,0,0,0,0,0,0,0
0.02698,0.14984308539,0.929831414685,0.0701685853148,0,0,0,0,0,0,0,0
0.027,0.14984308539,0.929831414685,0.0701685853148,0,0,0,0,0,0,0,0
0.02702,0.130041994411,0.924266454837,0.0757335451627,0,0,0,0,0,0,0,0
0.02704,0.130041994411,0.924266454837,0.0757335451627,0,0,0,0,0,0,0,0
0.02706,0.130041994411,0.924266454837,0.0757335451627,0,0,0,0,0,0,0,0
0.02708,0.130041994411,0.924266454837,0.0757335451627,0,0,0,0,0,0,0,0
0.0271,0.130041994411,0.924266454837,0.0757335451627,0,0,0,0,0,0,0,0
0.02712,0.0549306580067,0.945069341993,0.212572022147,0,0,0,0,0,0,0,0
0.02714,0.0549306580067,0.945069341993,0.212572022147,0,0,0,0,0,0,0,0
0.02716,0.0549306580067,0.945069341993,0.212572022147,0,0,0,0,0,0,0,0
0.02718,0.0549306580067,0.945069341993,0.212572022147,0,0,0,0,0,0,0,0
0.0272,0.0549306580067,0.945069341993,0.212572022147,0,0,0,0,0,0,0,0
0.02722,0.0499377637647,0.950062236235,0.236927860569,0,0,0,0,0,0,0,0
0.02724,0.0499377637647,0.950062236235,0.236927860569,0,0,0,0,0,0,0,0
0.02726,0.0499377637647,0.950062236235,0.236927860569,0,0,0,0,0,0,0,0
0.02728,0.0499377637647,0.950062236235,0.236927860569,0,0,0,0,0,0,0,0
0.0273,0.0499377637647,0.950062236235,0.236927860569,0,0,0,0,0,0,0,0
0.02732,0.0453890264058,0.954610973594,0.261543320364,0,0,0,0,0,0,0,0
0.02734,0.0453890264058,0.954610973594,0.261543320364,0,0,0,0,0,0,0,0
0.02736,0.0453890264058,0.954610973594,0.261543320364,0,0,0,0,0,0,0,0
0.02738,0.0453890264058,0.954610973594,0.261543320364,0,0,0,0,0,0,0,0
0.0274,0.0453890264058,0.954610973594,0.261543320364,0,0,0,0,0,0,0,0
0.02742,0.0412889351628,0.958711064837,0.286394108256,0,0,0,0,0,0,0,0
0.02744,0.0412889351628,0.958711064837,0.286394108256,0,0,0,0,0,0,0,0
0.02746,0.0412889351628,0.958711064837,0.286394108256,0,0,0,0,0,0,0,0
0.02748,0.0412889351628,0.958711064837,0.286394108256,0,0,0,0,0,0,0,0
0.0275,0.0412889351628,0.958711064837,0.286394108256,0,0,0,0,0,0,0,0
0.02752,0.0376415363559,0.962358463644,0.311455699397,0,0,0,0,0,0,0,0
0.02754,0.0376415363559,0.962358463644,0.311455699397,0,0,0,0,0,0,0,0
0.02756,0.0376415363559,0.962358463644,0.311455699397,0,0,0,0,0,0,0,0
0.02758,0.0376415363559,0.962358463644,0.311455699397,0,0,0,0,0,0,0,0
0.0276,0.0376415363559,0.962358463644,0.311455699397,0,0,0,0,0,0,0,0
0.02762,0.0344504295308,0.965549570469,0.336703361003,0,0,0,0,0,0,0,0
0.02764,0.0344504295308,0.965549570469,0.336703361003,0,0,0,0,0,0,0,0
0.02766,0.0344504295308,0.965549570469,0.336703361003,0,0,0,0,0,0,0,0
0.02768,0.0344504295308,0.965549570469,0.336703361003,0,0,0,0,0,0,0,0
0.0277,0.0344504295308,0.965549570469,0.336703361003,0,0,0,0,0,0,0,0
0.02772,0.0317187639253,0.968281236075,0.362112176676,0,0,0,0,0,0,0,0
0.02774,0.0317187639253,0.968281236075,0.362112176676,0,0,0,0,0,0,0,0
0.02776,0.0317187639253,0.968281236075,0.362112176676,0,0,0,0,0,0,0,0
0.02778,0.0317187639253,0.968281236075,0.362112176676,0,0,0,0,0,0,0,0
0.0278,0.0317187639253,0.968281236075,0.362112176676,0,0,0,0,0,0,0,0
0.02782,0.0294492353634,0.970550764637,0.387657070984,0,0,0,0,0,0,0,0
0.02784,0.0294492353634,0.970550764637,0.387657070984,0,0,0,0,0,0,0,0
0.02786,0.0294492353634,0.970550764637,0.387657070984,0,0,0,0,0,0,0,0
0.02788,0.0294492353634,0.970550764637,0.387657070984,0,0,0,0,0,0,0,0
0.0279,0.0294492353634,0.970550764637,0.387657070984,0,0,0,0,0,0,0,0
0.02792,0.027644083596,0.972355916404,0.4133128342,0,0,0,0,0,0,0,0
0.02794,0.027644083596,0.972355916404,0.4133128342,0,0,0,0,0,0,0,0
0.02796,0.027644083596,0.972355916404,0.4133128342,0,0,0,0,0,0,0,0
0.02798,0.027644083596,0.972355916404,0.4133128342,0,0,0,0,0,0,0,0
0.028,0.027644083596,0.972355916404,0.4133128342,0,0,0,0,0,0,0,0
0.02802,0.0263050900898,0.97369490991,0.439054147183,0,1,1,0,1,0,1,0
0.02804,0.0263050900898,0.97369490991,0.439054147183,0,1,1,0,1,0,1,0
0.02806,0.0263050900898,0.97369490991,0.439054147183,0,1,1,0,0,1,0,1
0.02808,0.0263050900898,0.97369490991,0.439054147183,0,1,1,0,0,1,0,1
0.0281,0.0263050900898,0.97369490991,0.439054147183,0,0,0,0,0,0,2,1
0.02812,0.0252143265261,0.974785673474,0.475287800752,0,1,1,0,1,0,0,0
0.02814,0.0252143265261,0.974785673474,0.475287800752,0,1,1,0,1,0,0,0
0.02816,0.0252143265261,0.974785673474,0.475287800752,0,1,1,0,0,1,0,1
0.02818,0.0252143265261,0.974785673474,0.475287800752,0,1,1,0,0,1,0,1
0.0282,0.0252143265261,0.974785673474,0.475287800752,0,0,0,0,0,0,2,1
0.02822,0.0250372530686,0.974962746931,0.510303741174,0,1,1,0,1,0,0,0
0.02824,0.0250372530686,0.974962746931,0.510303741174,0,1,1,0,1,0,0,0
0.02826,0.0250372530686,0.974962746931,0.510303741174,0,1,1,0,0,1,0,1
0.02828,0.0250372530686,0.974962746931,0.510303741174,0,1,1,0,0,1,0,1
0.0283,0.0250372530686,0.974962746931,0.510303741174,0,0,0,0,0,0,2,1
0.02832,0.0256791414661,0.974320858534,0.543979193705,0,1,1,0,1,0,0,0
0.02834,0.0256791414661,0.974320858534,0.543979193705,0,1,1,0,1,0,0,0
0.02836,0.0256791414661,0.974320858534,0.543979193705,0,1,1,0,0,1,0,1
0.02838,0.0256791414661,0.974320858534,0.543979193705,0,1,1,0,0,1,0,1
0.0284,0.0256791414661,0.974320858534,0.543979193705,0,0,0,0,0,0,2,1
0.02842,0.0271274415368,0.972872558463,0.577779369742,0,1,1,0,1,0,0,0
0.02844,0.0271274415368,0.972872558463,0.577779369742,0,1,1,0,1,0,0,0
0.02846,0.0271274415368,0.972872558463,0.577779369742,0,1,1,0,0,1,0,1
0.02848,0.0271274415368,0.972872558463,0.577779369742,0,1,1,0,0,1,0,1
0.0285,0.0271274415368,0.972872558463,0.577779369742,0,0,0,0,0,0,2,1
0.02852,0.0293995345235,0.970600465476,0.61171663117,0,1,1,0,1,0,0,0
0.02854,0.0293995345235,0.970600465476,0.61171663117,0,1,1,0,1,0,0,0
0.02856,0.0293995345235,0.970600465476,0.61171663117,0,1,1,0,0,1,0,1
0.02858,0.0293995345235,0.970600465476,0.61171663117,0,1,1,0,0,1,0,1
0.0286,0.0293995345235,0.970600465476,0.61171663117,0,0,0,0,0,0,2,1
0.02862,0.0363372299843,0.963662770016,0.64303378831,0,1,1,0,1,0,0,0
0.02864,0.0363372299843,0.963662770016,0.64303378831,0,1,1,0,1,0,0,0
0.02866,0.0363372299843,0.963662770016,0.64303378831,0,1,1,0,1,0,0,0
0.02868,0.0363372299843,0.963662770016,0.64303378831,0,1,1,0,0,1,0,1
0.0287,0.0363372299843,0.963662770016,0.64303378831,0,0,0,0,0,0,1,2
0.02872,0.0527966373886,0.947203362611,0.67070039932,0,1,1,0,1,0,0,0
0.02874,0.0527966373886,0.947203362611,0.67070039932,0,1,1,0,1,0,0,0
0.02876,0.0527966373886,0.947203362611,0.67070039932,0,1,1,0,1,0,0,0
0.02878,0.0527966373886,0.947203362611,0.67070039932,0,1,1,0,0,1,0,1
0.0288,0.0527966373886,0.947203362611,0.67070039932,0,0,0,0,0,0,1,2
0.02882,0.0682497192886,0.931750280711,0.699402655071,0,1,1,0,1,0,0,0
0.02884,0.0682497192886,0.931750280711,0.699402655071,0,1,1,0,1,0,0,0
0.02886,0.0682497192886,0.931750280711,0.699402655071,0,1,1,0,1,0,0,0
0.02888,0.0682497192886,0.931750280711,0.699402655071,0,1,1,0,0,1,0,1
0.0289,0.0682497192886,0.931750280711,0.699402655071,0,0,0,0,0,0,1,2
0.02892,0.0831167687885,0.916883231212,0.725795825607,0,1,1,0,1,0,0,0
0.02894,0.0831167687885,0.916883231212,0.725795825607,0,1,1,0,1,0,0,0
0.02896,0.0831167687885,0.916883231212,0.725795825607,0,1,1,0,1,0,0,0
0.02898,0.0831167687885,0.916883231212,0.725795825607,0,1,1,0,0,1,0,1
0.029,0.0831167687885,0.916883231212,0.725795825607,0,0,0,0,0,0,1,2
0.02902,0.0957814065361,0.904218593464,0.74929384448,0,1,1,0,1,0,0,0
0.02904,0.0957814065361,0.904218593464,0.74929384448,0,1,1,0,1,0,0,0
0.02906,0.0957814065361,0.904218593464,0.74929384448,0,1,1,0,1,0,0,0
0.02908,0.0957814065361,0.904218593464,0.74929384448,0,1,1,0,0,1,0,1
0.0291,0.0957814065361,0.904218593464,0.74929384448,0,0,0,0,0,0,1,2
0.02912,0.107955959646,0.892044040354,0.770403999361,0,1,1,0,1,0,0,0
0.02914,0.107955959646,0.892044040354,0.770403999361,0,1,1,0,1,0,0,0
0.02916,0.107955959646,0.892044040354,0.770403999361,0,1,1,0,1,0,0,0
0.02918,0.107955959646,0.892044040354,0.770403999361,0,1,1,0,0,1,0,1
0.0292,0.107955959646,0.892044040354,0.770403999361,0,0,0,0,0,0,1,2
0.02922,0.117839712299,0.882160287701,0.790198632136,0,1,1,0,1,0,0,0
0.02924,0.117839712299,0.882160287701,0.790198632136,0,1,1,0,1,0,0,0
0.02926,0.117839712299,0.882160287701,0.790198632136,0,1,1,0,1,0,0,0
0.02928,0.117839712299,0.882160287701,0.790198632136,0,1,1,0,0,1,0,1
0.0293,0.117839712299,0.882160287701,0.790198632136,0,0,0,0,0,0,1,2
0.02932,0.127144406851,0.872855593149,0.809189283392,0,1,1,0,1,0,0,0
0.02934,0.127144406851,0.872855593149,0.809189283392,0,1,1,0,1,0,0,0
0.02936,0.127144406851,0.872855593149,0.809189283392,0,1,1,0,1,0,0,0
0.02938,0.127144406851,0.872855593149,0.809189283392,0,1,1,0,0,0,0,1
0.0294,0.127144406851,0.872855593149,0.809189283392,0,0,0,0,0,0,1,2
0.02942,0.135920744036,0.864079255964,0.827335762235,0,1,1,0,1,0,0,0
0.02944,0.135920744036,0.864079255964,0.827335762235,0,1,1,0,1,0,0,0
0.02946,0.135920744036,0.864079255964,0.827335762235,0,1,1,0,1,0,0,0
0.02948,0.135920744036,0.864079255964,0.827335762235,0,1,1,0,1,0,0,0
0.0295,0.135920744036,0.864079255964,0.827335762235,0,0,0,0,0,0,1,2
0.02952,0.144218896362,0.855781103638,0.844595018094,0,1,1,0,1,0,0,0
0.02954,0.144218896362,0.855781103638,0.844595018094,0,1,1,0,1,0,0,0
0.02956,0.144218896362,0.855781103638,0.844595018094,0,1,1,0,1,0,0,0
0.02958,0.144218896362,0.855781103638,0.844595018094,0,1,1,0,1,0,0,0
0.0296,0.144218896362,0.855781103638,0.844595018094,0,0,0,0,0,0,1,2
0.02962,0.14558364783,0.841406786288,0.85441635217,0,1,1,0,1,0,0,0
0.02964,0.14558364783,0.841406786288,0.85441635217,0,1,1,0,1,0,0,0
0.02966,0.14558364783,0.841406786288,0.85441635217,0,1,1,0,1,0,0,0
0.02968,0.14558364783,0.841406786288,0.85441635217,0,1,1,0,1,0,0,0
0.0297,0.14558364783,0.841406786288,0.85441635217,0,0,0,0,0,0,1,2
0.02972,0.141295746931,0.819174606918,0.858704253069,0,1,1,0,1,0,0,0
0.02974,0.141295746931,0.819174606918,0.858704253069,0,1,1,0,1,0,0,0
0.02976,0.141295746931,0.819174606918,0.858704253069,0,1,1,0,1,0,0,0
0.02978,0.141295746931,0.819174606918,0.858704253069,0,1,1,0,1,0,0,0
0.0298,0.141295746931,0.819174606918,0.858704253069,0,0,0,0,0,0,1,2
0.02982,0.136614926975,0.79905109275,0.863385073025,0,1,1,0,1,0,0,0
0.02984,0.136614926975,0.79905109275,0.863385073025,0,1,1,0,1,0,0,0
0.02986,0.136614926975,0.79905109275,0.863385073025,0,1,1,0,1,0,0,0
0.02988,0.136614926975,0.79905109275,0.863385073025,0,1,1,0,1,0,0,0
0.0299,0.136614926975,0.79905109275,0.863385073025,0,0,0,0,0,0,1,2
0.02992,0.133069751465,0.778787344084,0.866930248535,0,1,1,0,1,0,0,0
0.02994,0.133069751465,0.778787344084,0.866930248535,0,1,1,0,1,0,0,0
0.02996,0.133069751465,0.778787344084,0.866930248535,0,1,1,0,1,0,0,0
0.02998,0.133069751465,0.778787344084,0.866930248535,0,1,0,0,1,0,0,1
0.03,0.133069751465,0.778787344084,0.866930248535,0,0,0,0,0,0,1,2
0.03002,0.129051231272,0.758887426536,0.870948768728,0,1,1,0,1,0,0,0
0.03004,0.129051231272,0.758887426536,0.870948768728,0,1,1,0,1,0,0,0
0.03006,0.129051231272,0.758887426536,0.870948768728,0,1,1,0,1,0,0,0
0.03008,0.129051231272,0.758887426536,0.870948768728,0,1,0,1,1,0,0,1
0.0301,0.129051231272,0.758887426536,0.870948768728,0,0,0,0,0,0,1,2
0.03012,0.126275351643,0.738758940622,0.873724648357,0,1,1,0,1,0,0,0
0.03014,0.126275351643,0.738758940622,0.873724648357,0,1,1,0,1,0,0,0
0.03016,0.126275351643,0.738758940622,0.873724648357,0,1,1,0,1,0,0,0
0.03018,0.126275351643,0.738758940622,0.873724648357,0,1,0,1,1,0,0,1
0.0302,0.126275351643,0.738758940622,0.873724648357,0,0,0,0,0,0,1,2
0.03022,0.123134476444,0.718911027542,0.876865523556,0,1,1,0,1,0,0,0
0.03024,0.123134476444,0.718911027542,0.876865523556,0,1,1,0,1,0,0,0
0.03026,0.123134476444,0.718911027542,0.876865523556,0,1,1,0,1,0,0,0
0.03028,0.123134476444,0.718911027542,0.876865523556,0,1,0,1,1,0,0,1
0.0303,0.123134476444,0.718911027542,0.876865523556,0,0,0,0,0,0,1,2
0.03032,0.119680018213,0.699302594692,0.880319981787,0,1,1,0,1,0,0,0
0.03034,0.119680018213,0.699302594692,0.880319981787,0,1,1,0,1,0,0,0
0.03036,0.119680018213,0.699302594692,0.880319981787,0,1,1,0,1,0,0,0
0.03038,0.119680018213,0.699302594692,0.880319981787,0,1,0,1,1,0,0,1
0.0304,0.119680018213,0.699302594692,0.880319981787,0,0,0,0,0,0,1,2
0.03042,0.117632142822,0.679351227814,0.882367857178,0,1,1,0,1,0,0,0
0.03044,0.117632142822,0.679351227814,0.882367857178,0,1,1,0,1,0,0,0
0.03046,0.117632142822,0.679351227814,0.882367857178,0,1,1,0,1,0,0,0
0.03048,0.117632142822,0.679351227814,0.882367857178,0,1,0,1,1,0,0,1
0.0305,0.117632142822,0.679351227814,0.882367857178,0,0,0,0,0,0,1,2
0.03052,0.115385068451,0.659573568943,0.884614931549,0,1,1,0,1,0,0,0
0.03054,0.115385068451,0.659573568943,0.884614931549,0,1,1,0,1,0,0,0
0.03056,0.115385068451,0.659573568943,0.884614931549,0,1,1,0,1,0,0,0
0.03058,0.115385068451,0.659573568943,0.884614931549,0,1,0,1,1,0,0,1
0.0306,0.115385068451,0.659573568943,0.884614931549,0,0,0,0,0,0,1,2
0.03062,0.112993059293,0.639937739286,0.887006940707,0,1,1,0,1,0,0,0
0.03064,0.112993059293,0.639937739286,0.887006940707,0,1,1,0,1,0,0,0
0.03066,0.112993059293,0.639937739286,0.887006940707,0,1,1,0,1,0,0,0
0.03068,0.112993059293,0.639937739286,0.887006940707,0,1,0,1,1,0,0,1
0.0307,0.112993059293,0.639937739286,0.887006940707,0,0,0,0,0,0,1,2
0.03072,0.110511320696,0.620414679028,0.889488679304,0,1,1,0,1,0,0,0
0.03074,0.110511320696,0.620414679028,0.889488679304,0,1,1,0,1,0,0,0
0.03076,0.110511320696,0.620414679028,0.889488679304,0,1,1,0,1,0,0,0
0.03078,0.110511320696,0.620414679028,0.889488679304,0,1,0,1,1,0,0,1
0.0308,0.110511320696,0.620414679028,0.889488679304,0,0,0,0,0,0,1,2
0.03082,0.109664658326,0.600436728271,0.890335341674,0,1,1,0,1,0,0,0
0.03084,0.109664658326,0.600436728271,0.890335341674,0,1,1,0,1,0,0,0
0.03086,0.109664658326,0.600436728271,0.890335341674,0,1,1,0,1,0,0,0
0.03088,0.109664658326,0.600436728271,0.890335341674,0,1,0,1,1,0,0,1
0.0309,0.109664658326,0.600436728271,0.890335341674,0,0,0,0,0,0,1,2
0.03092,0.108849199567,0.580531034509,0.891150800433,0,1,1,0,1,0,0,0
0.03094,0.108849199567,0.580531034509,0.891150800433,0,1,1,0,1,0,0,0
0.03096,0.108849199567,0.580531034509,0.891150800433,0,1,0,0,1,0,0,1
0.03098,0.108849199567,0.580531034509,0.891150800433,0,1,0,1,1,0,0,1
0.031,0.108849199567,0.580531034509,0.891150800433,0,0,0,0,0,0,1,2
0.03102,0.108122215783,0.560678925421,0.891877784217,0,1,1,0,1,0,0,0
0.03104,0.108122215783,0.560678925421,0.891877784217,0,1,1,0,1,0,0,0
0.03106,0.108122215783,0.560678925421,0.891877784217,0,1,0,1,1,0,0,1
0.03108,0.108122215783,0.560678925421,0.891877784217,0,1,0,1,1,0,0,1
0.0311,0.108122215783,0.560678925421,0.891877784217,0,0,0,0,0,0,1,2
0.03112,0.107541637581,0.540864912916,0.892458362419,0,1,1,0,1,0,0,0
0.03114,0.107541637581,0.540864912916,0.892458362419,0,1,1,0,1,0,0,0
0.03116,0.107541637581,0.540864912916,0.892458362419,0,1,0,1,1,0,0,1
0.03118,0.107541637581,0.540864912916,0.892458362419,0,1,0,1,1,0,0,1
0.0312,0.107541637581,0.540864912916,0.892458362419,0,0,0,0,0,0,1,2
0.03122,0.107165984245,0.521076781295,0.892834015755,0,1,1,0,1,0,0,0
0.03124,0.107165984245,0.521076781295,0.892834015755,0,1,1,0,1,0,0,0
0.03126,0.107165984245,0.521076781295,0.892834015755,0,1,0,1,1,0,0,1
0.03128,0.107165984245,0.521076781295,0.892834015755,0,1,0,1,1,0,0,1
0.0313,0.107165984245,0.521076781295,0.892834015755,0,0,0,0,0,0,1,2
0.03132,0.10705429023,0.501305668864,0.89294570977,0,1,1,0,1,0,0,0
0.03134,0.10705429023,0.501305668864,0.89294570977,0,1,1,0,1,0,0,0
0.03136,0.10705429023,0.501305668864,0.89294570977,0,1,0,1,1,0,0,1
0.03138,0.10705429023,0.501305668864,0.89294570977,0,1,0,1,1,0,0,1
0.0314,0.10705429023,0.501305668864,0.89294570977,0,0,0,0,0,0,1,2
0.03142,0.107266029108,0.481546142707,0.892733970892,0,1,1,0,1,0,0,0
0.03144,0.107266029108,0.481546142707,0.892733970892,0,1,1,0,1,0,0,0
0.03146,0.107266029108,0.481546142707,0.892733970892,0,1,0,1,1,0,0,1
0.03148,0.107266029108,0.481546142707,0.892733970892,0,1,0,1,1,0,0,1
0.0315,0.107266029108,0.481546142707,0.892733970892,0,0,0,0,0,0,1,1
0.03152,0.107861035354,0.461796266357,0.892138964646,0,1,1,0,1,0,0,0
0.03154,0.107861035354,0.461796266357,0.892138964646,0,1,1,0,1,0,0,0
0.03156,0.107861035354,0.461796266357,0.892138964646,0,1,0,1,1,0,0,1
0.03158,0.107861035354,0.461796266357,0.892138964646,0,1,0,1,1,0,0,0
0.0316,0.107861035354,0.461796266357,0.892138964646,0,0,0,0,0,0,2,1
0.03162,0.108696147718,0.440189012711,0.891303852282,0,1,1,0,1,0,1,0
0.03164,0.108696147718,0.440189012711,0.891303852282,0,1,1,0,1,0,0,0
0.03166,0.108696147718,0.440189012711,0.891303852282,0,1,0,1,1,0,0,1
0.03168,0.108696147718,0.440189012711,0.891303852282,0,1,0,1,1,0,0,0
0.0317,0.108696147718,0.440189012711,0.891303852282,0,0,0,0,0,0,2,1
0.03172,0.109856513148,0.416930819553,0.890143486852,0,1,1,0,1,0,1,0
0.03174,0.109856513148,0.416930819553,0.890143486852,0,1,1,0,1,0,0,0
0.03176,0.109856513148,0.416930819553,0.890143486852,0,1,0,1,1,0,0,0
0.03178,0.109856513148,0.416930819553,0.890143486852,0,1,0,1,1,0,0,0
0.0318,0.109856513148,0.416930819553,0.890143486852,0,0,0,0,0,0,2,1
0.03182,0.111576799013,0.393598990578,0.888423200987,0,1,1,0,1,0,1,0
0.03184,0.111576799013,0.393598990578,0.888423200987,0,1,1,0,1,0,0,0
0.03186,0.111576799013,0.393598990578,0.888423200987,0,1,0,1,1,0,0,0
0.03188,0.111576799013,0.393598990578,0.888423200987,0,1,0,1,1,0,0,0
0.0319,0.111576799013,0.393598990578,0.888423200987,0,0,0,0,0,0,2,1
0.03192,0.113918649443,0.37020584532,0.886081350557,0,1,1,0,1,0,1,0
0.03194,0.113918649443,0.37020584532,0.886081350557,0,1,0,0,1,0,1,0
0.03196,0.113918649443,0.37020584532,0.886081350557,0,1,0,1,1,0,0,0
0.03198,0.113918649443,0.37020584532,0.886081350557,0,1,0,1,1,0,0,0
0.032,0.113918649443,0.37020584532,0.886081350557,0,0,0,0,0,0,2,1
0.03202,0.116765614977,0.345139188527,0.883234385023,0,1,1,0,1,0,1,0
0.03204,0.116765614977,0.345139188527,0.883234385023,0,1,0,1,1,0,0,0
0.03206,0.116765614977,0.345139188527,0.883234385023,0,1,0,1,1,0,0,0
0.03208,0.116765614977,0.345139188527,0.883234385023,0,1,0,1,1,0,0,0
0.0321,0.116765614977,0.345139188527,0.883234385023,0,0,0,0,0,0,2,1
0.03212,0.120367891336,0.32011777043,0.879632108664,0,1,1,0,1,0,1,0
0.03214,0.120367891336,0.32011777043,0.879632108664,0,1,0,1,1,0,0,0
0.03216,0.120367891336,0.32011777043,0.879632108664,0,1,0,1,1,0,0,0
0.03218,0.120367891336,0.32011777043,0.879632108664,0,1,0,1,1,0,0,0
0.0322,0.120367891336,0.32011777043,0.879632108664,0,0,0,0,0,0,2,1
0.03222,0.123117610343,0.29569819234,0.876882389657,0,1,1,0,1,0,1,0
0.03224,0.123117610343,0.29569819234,0.876882389657,0,1,0,1,1,0,0,0
0.03226,0.123117610343,0.29569819234,0.876882389657,0,1,0,1,1,0,0,0
0.03228,0.123117610343,0.29569819234,0.876882389657,0,1,0,1,1,0,0,0
0.0323,0.123117610343,0.29569819234,0.876882389657,0,0,0,0,0,0,2,1
0.03232,0.126920307964,0.273023043481,0.873079692036,0,1,1,0,1,0,1,0
0.03234,0.126920307964,0.273023043481,0.873079692036,0,1,0,1,1,0,0,0
0.03236,0.126920307964,0.273023043481,0.873079692036,0,1,0,1,1,0,0,0
0.03238,0.126920307964,0.273023043481,0.873079692036,0,1,0,1,1,0,0,0
0.0324,0.126920307964,0.273023043481,0.873079692036,0,0,0,0,0,0,2,1
0.03242,0.131653739481,0.250478384191,0.868346260519,0,1,1,0,1,0,1,0
0.03244,0.131653739481,0.250478384191,0.868346260519,0,1,0,1,1,0,0,0
0.03246,0.131653739481,0.250478384191,0.868346260519,0,1,0,1,1,0,0,0
0.03248,0.131653739481,0.250478384191,0.868346260519,0,1,0,1,1,0,0,0
0.0325,0.131653739481,0.250478384191,0.868346260519,0,0,0,0,0,0,2,1
0.03252,0.135891013331,0.230283289869,0.864108986669,0,1,1,0,1,0,1,0
0.03254,0.135891013331,0.230283289869,0.864108986669,0,1,0,1,1,0,0,0
0.03256,0.135891013331,0.230283289869,0.864108986669,0,1,0,1,1,0,0,0
0.03258,0.135891013331,0.230283289869,0.864108986669,0,1,0,1,1,0,0,0
0.0326,0.135891013331,0.230283289869,0.864108986669,0,0,0,0,0,0,2,1
0.03262,0.141169957414,0.210294389068,0.858830042586,0,1,1,0,1,0,1,0
0.03264,0.141169957414,0.210294389068,0.858830042586,0,1,0,1,1,0,0,0
0.03266,0.141169957414,0.210294389068,0.858830042586,0,1,0,1,1,0,0,0
0.03268,0.141169957414,0.210294389068,0.858830042586,0,1,0,1,1,0,0,0
0.0327,0.141169957414,0.210294389068,0.858830042586,0,0,0,0,0,0,2,1
0.03272,0.145880715838,0.19108272799,0.854119284162,0,1,1,0,1,0,1,0
0.03274,0.145880715838,0.19108272799,0.854119284162,0,1,0,1,1,0,0,0
0.03276,0.145880715838,0.19108272799,0.854119284162,0,1,0,1,1,0,0,0
0.03278,0.145880715838,0.19108272799,0.854119284162,0,1,0,1,1,0,0,0
0.0328,0.145880715838,0.19108272799,0.854119284162,0,0,0,0,0,0,2,1
0.03282,0.151743174806,0.172157276072,0.848256825194,0,1,0,0,1,0,1,0
0.03284,0.151743174806,0.172157276072,0.848256825194,0,1,0,1,1,0,0,0
0.03286,0.151743174806,0.172157276072,0.848256825194,0,1,0,1,1,0,0,0
0.03288,0.151743174806,0.172157276072,0.848256825194,0,1,0,1,1,0,0,0
0.0329,0.151743174806,0.172157276072,0.848256825194,0,0,0,0,0,0,2,1
0.03292,0.158672673083,0.155620750349,0.844379249651,0,1,0,1,1,0,0,0
0.03294,0.158672673083,0.155620750349,0.844379249651,0,1,0,1,1,0,0,0
0.03296,0.158672673083,0.155620750349,0.844379249651,0,1,0,1,1,0,0,0
0.03298,0.158672673083,0.155620750349,0.844379249651,0,1,0,1,1,0,0,0
0.033,0.158672673083,0.155620750349,0.844379249651,0,0,0,0,0,0,2,1
0.03302,0.177507914786,0.150110691281,0.849889308719,0,1,0,1,1,0,0,0
0.03304,0.177507914786,0.150110691281,0.849889308719,0,1,0,1,1,0,0,0
0.03306,0.177507914786,0.150110691281,0.849889308719,0,1,0,1,1,0,0,0
0.03308,0.177507914786,0.150110691281,0.849889308719,0,1,0,1,1,0,0,0
0.0331,0.177507914786,0.150110691281,0.849889308719,0,0,0,0,0,0,2,1
0.03312,0.195885666052,0.143987659388,0.856012340612,0,1,0,1,1,0,0,0
0.03314,0.195885666052,0.143987659388,0.856012340612,0,1,0,1,1,0,0,0
0.03316,0.195885666052,0.143987659388,0.856012340612,0,1,0,1,1,0,0,0
0.03318,0.195885666052,0.143987659388,0.856012340612,0,1,0,1,1,0,0,0
0.0332,0.195885666052,0.143987659388,0.856012340612,0,0,0,0,0,0,2,1
0.03322,0.214425897579,0.138968888241,0.861031111759,0,0,0,1,1,0,1,0
0.03324,0.214425897579,0.138968888241,0.861031111759,0,1,0,1,1,0,0,0
0.03326,0.214425897579,0.138968888241,0.861031111759,0,1,0,1,1,0,0,0
0.03328,0.214425897579,0.138968888241,0.861031111759,0,1,0,1,1,0,0,0
0.0333,0.214425897579,0.138968888241,0.861031111759,0,0,0,0,0,0,2,1
0.03332,0.233171582589,0.135111506019,0.864888493981,1,0,0,1,1,0,1,0
0.03334,0.233171582589,0.135111506019,0.864888493981,0,1,0,1,1,0,0,0
0.03336,0.233171582589,0.135111506019,0.864888493981,0,1,0,1,1,0,0,0
0.03338,0.233171582589,0.135111506019,0.864888493981,0,1,0,1,1,0,0,0
0.0334,0.233171582589,0.135111506019,0.864888493981,0,0,0,0,0,0,2,1
0.03342,0.253259528332,0.130630885951,0.869369114049,1,0,0,1,1,0,1,0
0.03344,0.253259528332,0.130630885951,0.869369114049,0,1,0,1,1,0,0,0
0.03346,0.253259528332,0.130630885951,0.869369114049,0,1,0,1,1,0,0,0
0.03348,0.253259528332,0.130630885951,0.869369114049,0,1,0,1,1,0,0,0
0.0335,0.253259528332,0.130630885951,0.869369114049,0,0,0,0,0,0,2,1
0.03352,0.273087865327,0.125755779816,0.874244220184,1,0,0,1,1,0,1,0
0.03354,0.273087865327,0.125755779816,0.874244220184,0,1,0,1,1,0,0,0
0.03356,0.273087865327,0.125755779816,0.874244220184,0,1,0,1,1,0,0,0
0.03358,0.273087865327,0.125755779816,0.874244220184,0,1,0,1,1,0,0,0
0.0336,0.273087865327,0.125755779816,0.874244220184,0,0,0,0,0,0,2,1
0.03362,0.293255336009,0.122204204427,0.877795795573,1,0,0,1,1,0,1,0
0.03364,0.293255336009,0.122204204427,0.877795795573,0,1,0,1,1,0,0,0
0.03366,0.293255336009,0.122204204427,0.877795795573,0,1,0,1,1,0,0,0
0.03368,0.293255336009,0.122204204427,0.877795795573,0,1,0,1,1,0,0,0
0.0337,0.293255336009,0.122204204427,0.877795795573,0,0,0,0,0,0,2,1
0.03372,0.313236230151,0.118371137217,0.881628862783,1,0,0,1,1,0,1,0
0.03374,0.313236230151,0.118371137217,0.881628862783,0,1,0,1,1,0,0,0
0.03376,0.313236230151,0.118371137217,0.881628862783,0,1,0,1,1,0,0,0
0.03378,0.313236230151,0.118371137217,0.881628862783,0,1,0,1,1,0,0,0
0.0338,0.313236230151,0.118371137217,0.881628862783,0,0,0,0,0,0,2,1
0.03382,0.333621962722,0.115977083501,0.884022916499,1,0,0,1,1,0,1,0
0.03384,0.333621962722,0.115977083501,0.884022916499,0,1,0,1,1,0,0,0
0.03386,0.333621962722,0.115977083501,0.884022916499,0,1,0,1,1,0,0,0
0.03388,0.333621962722,0.115977083501,0.884022916499,0,1,0,1,1,0,0,0
0.0339,0.333621962722,0.115977083501,0.884022916499,0,0,0,0,0,0,2,1
0.03392,0.353880867078,0.113418089443,0.886581910557,1,0,0,1,1,0,1,0
0.03394,0.353880867078,0.113418089443,0.886581910557,0,1,0,1,1,0,0,0
0.03396,0.353880867078,0.113418089443,0.886581910557,0,1,0,1,1,0,0,0
0.03398,0.353880867078,0.113418089443,0.886581910557,0,1,0,1,1,0,0,0
0.034,0.353880867078,0.113418089443,0.886581910557,0,0,0,0,0,0,2,1
0.03402,0.374041685367,0.1107494974,0.8892505026,1,0,0,1,1,0,1,0
0.03404,0.374041685367,0.1107494974,0.8892505026,0,1,0,1,1,0,0,0
0.03406,0.374041685367,0.1107494974,0.8892505026,0,1,0,1,1,0,0,0
0.03408,0.374041685367,0.1107494974,0.8892505026,0,1,0,1,1,0,0,0
0.0341,0.374041685367,0.1107494974,0.8892505026,0,0,0,0,0,0,2,1
0.03412,0.394684506366,0.109695077815,0.890304922185,1,0,0,1,1,0,1,0
0.03414,0.394684506366,0.109695077815,0.890304922185,0,1,0,1,1,0,0,0
0.03416,0.394684506366,0.109695077815,0.890304922185,0,1,0,1,1,0,0,0
0.03418,0.394684506366,0.109695077815,0.890304922185,0,1,0,1,1,0,0,0
0.0342,0.394684506366,0.109695077815,0.890304922185,0,0,0,0,0,0,2,1
0.03422,0.415269113702,0.108652290073,0.891347709927,1,0,0,1,1,0,1,0
0.03424,0.415269113702,0.108652290073,0.891347709927,0,0,0,1,1,0,1,0
0.03426,0.415269113702,0.108652290073,0.891347709927,0,1,0,1,1,0,0,0
0.03428,0.415269113702,0.108652290073,0.891347709927,0,1,0,1,1,0,0,0
0.0343,0.415269113702,0.108652290073,0.891347709927,0,0,0,0,0,0,2,1
0.03432,0.435813909046,0.107678613685,0.892321386315,1,0,0,1,1,0,1,0
0.03434,0.435813909046,0.107678613685,0.892321386315,1,0,0,1,1,0,1,0
0.03436,0.435813909046,0.107678613685,0.892321386315,0,1,0,1,1,0,0,0
0.03438,0.435813909046,0.107678613685,0.892321386315,0,1,0,1,1,0,0,0
0.0344,0.435813909046,0.107678613685,0.892321386315,0,0,0,0,0,0,2,1
0.03442,0.454678413693,0.107011123085,0.892988876915,1,0,0,1,1,0,1,0
0.03444,0.454678413693,0.107011123085,0.892988876915,1,0,0,1,1,0,1,0
0.03446,0.454678413693,0.107011123085,0.892988876915,0,1,0,1,1,0,0,0
0.03448,0.454678413693,0.107011123085,0.892988876915,0,1,0,1,1,0,0,0
0.0345,0.454678413693,0.107011123085,0.892988876915,0,0,0,0,0,0,2,1
0.03452,0.473521134253,0.106528005941,0.893471994059,1,0,0,1,1,0,1,0
0.03454,0.473521134253,0.106528005941,0.893471994059,1,0,0,1,1,0,1,0
0.03456,0.473521134253,0.106528005941,0.893471994059,0,1,0,1,1,0,0,0
0.03458,0.473521134253,0.106528005941,0.893471994059,0,1,0,1,1,0,0,0
0.0346,0.473521134253,0.106528005941,0.893471994059,0,0,0,0,0,0,2,1
0.03462,0.494006813462,0.106108736817,0.893891263183,1,0,0,1,1,0,1,0
0.03464,0.494006813462,0.106108736817,0.893891263183,1,0,0,1,1,0,0,0
0.03466,0.494006813462,0.106108736817,0.893891263183,0,1,0,1,1,0,0,0
0.03468,0.494006813462,0.106108736817,0.893891263183,0,1,0,1,1,0,0,0
0.0347,0.494006813462,0.106108736817,0.893891263183,0,0,0,0,0,0,2,1
0.03472,0.517890065343,0.105625384427,0.894374615573,1,0,0,1,1,0,1,0
0.03474,0.517890065343,0.105625384427,0.894374615573,1,0,0,1,1,0,0,0
0.03476,0.517890065343,0.105625384427,0.894374615573,0,1,0,1,1,0,0,1
0.03478,0.517890065343,0.105625384427,0.894374615573,0,1,0,1,1,0,0,0
0.0348,0.517890065343,0.105625384427,0.894374615573,0,0,0,0,0,0,2,1
0.03482,0.541870841874,0.105501835066,0.894498164934,1,0,0,1,1,0,1,0
0.03484,0.541870841874,0.105501835066,0.894498164934,1,0,0,1,1,0,0,0
0.03486,0.541870841874,0.105501835066,0.894498164934,0,1,0,1,1,0,0,1
0.03488,0.541870841874,0.105501835066,0.894498164934,0,1,0,1,1,0,0,0
0.0349,0.541870841874,0.105501835066,0.894498164934,0,0,0,0,0,0,2,1
0.03492,0.564291163902,0.105979853238,0.894020146762,1,0,0,1,1,0,0,0
0.03494,0.564291163902,0.105979853238,0.894020146762,1,0,0,1,1,0,0,0
0.03496,0.564291163902,0.105979853238,0.894020146762,0,1,0,1,1,0,0,1
0.03498,0.564291163902,0.105979853238,0.894020146762,0,1,0,1,1,0,0,1
0.035,0.564291163902,0.105979853238,0.894020146762,0,0,0,0,0,0,1,2
0.03502,0.58684395641,0.106933800505,0.893066199495,1,0,0,1,1,0,0,0
0.03504,0.58684395641,0.106933800505,0.893066199495,1,0,0,1,1,0,0,0
0.03506,0.58684395641,0.106933800505,0.893066199495,0,1,0,1,1,0,0,1
0.03508,0.58684395641,0.106933800505,0.893066199495,0,1,0,1,1,0,0,1
0.0351,0.58684395641,0.106933800505,0.893066199495,0,0,0,0,0,0,1,2
0.03512,0.61272339349,0.108075976926,0.891924023074,1,0,0,1,1,0,0,0
0.03514,0.61272339349,0.108075976926,0.891924023074,1,0,0,1,1,0,0,0
0.03516,0.61272339349,0.108075976926,0.891924023074,0,0,0,1,1,0,0,1
0.03518,0.61272339349,0.108075976926,0.891924023074,0,1,0,1,1,0,0,1
0.0352,0.61272339349,0.108075976926,0.891924023074,0,0,0,0,0,0,1,2
0.03522,0.636996679607,0.110010524855,0.889989475145,1,0,0,1,1,0,0,0
0.03524,0.636996679607,0.110010524855,0.889989475145,1,0,0,1,1,0,0,0
0.03526,0.636996679607,0.110010524855,0.889989475145,1,0,0,1,1,0,0,0
0.03528,0.636996679607,0.110010524855,0.889989475145,0,1,0,1,1,0,0,1
0.0353,0.636996679607,0.110010524855,0.889989475145,0,0,0,0,0,0,1,2
0.03532,0.66124675339,0.112622493391,0.887377506609,1,0,0,1,1,0,0,0
0.03534,0.66124675339,0.112622493391,0.887377506609,1,0,0,1,1,0,0,0
0.03536,0.66124675339,0.112622493391,0.887377506609,1,0,0,1,1,0,0,0
0.03538,0.66124675339,0.112622493391,0.887377506609,0,1,0,1,1,0,0,1
0.0354,0.66124675339,0.112622493391,0.887377506609,0,0,0,0,0,0,1,2
0.03542,0.683794168566,0.116155540798,0.883844459202,1,0,0,1,1,0,0,0
0.03544,0.683794168566,0.116155540798,0.883844459202,1,0,0,1,1,0,0,0
0.03546,0.683794168566,0.116155540798,0.883844459202,1,0,0,1,1,0,0,0
0.03548,0.683794168566,0.116155540798,0.883844459202,0,1,0,1,1,0,0,1
0.0355,0.683794168566,0.116155540798,0.883844459202,0,0,0,0,0,0,1,2
0.03552,0.70626325145,0.120487897051,0.879512102949,1,0,0,1,1,0,0,0
0.03554,0.70626325145,0.120487897051,0.879512102949,1,0,0,1,1,0,0,0
0.03556,0.70626325145,0.120487897051,0.879512102949,1,0,0,1,1,0,0,0
0.03558,0.70626325145,0.120487897051,0.879512102949,0,1,0,1,1,0,0,1
0.0356,0.70626325145,0.120487897051,0.879512102949,0,0,0,0,0,0,1,2
0.03562,0.728081121058,0.124012531842,0.875987468158,1,0,0,1,1,0,0,0
0.03564,0.728081121058,0.124012531842,0.875987468158,1,0,0,1,1,0,0,0
0.03566,0.728081121058,0.124012531842,0.875987468158,1,0,0,1,1,0,0,0
0.03568,0.728081121058,0.124012531842,0.875987468158,0,1,0,1,1,0,0,1
0.0357,0.728081121058,0.124012531842,0.875987468158,0,0,0,0,0,0,1,2
0.03572,0.748107002553,0.128633542154,0.871366457846,1,0,0,1,1,0,0,0
0.03574,0.748107002553,0.128633542154,0.871366457846,1,0,0,1,1,0,0,0
0.03576,0.748107002553,0.128633542154,0.871366457846,1,0,0,1,1,0,0,0
0.03578,0.748107002553,0.128633542154,0.871366457846,0,1,0,1,1,0,0,1
0.0358,0.748107002553,0.128633542154,0.871366457846,0,0,0,0,0,0,1,2
0.03582,0.767956196187,0.134226884114,0.865773115886,1,0,0,1,1,0,0,0
0.03584,0.767956196187,0.134226884114,0.865773115886,1,0,0,1,1,0,0,0
0.03586,0.767956196187,0.134226884114,0.865773115886,1,0,0,1,1,0,0,0
0.03588,0.767956196187,0.134226884114,0.865773115886,0,1,0,1,1,0,0,1
0.0359,0.767956196187,0.134226884114,0.865773115886,0,0,0,0,0,0,1,2
0.03592,0.787047344676,0.139184492794,0.860815507206,1,0,0,1,1,0,0,0
0.03594,0.787047344676,0.139184492794,0.860815507206,1,0,0,1,1,0,0,0
0.03596,0.787047344676,0.139184492794,0.860815507206,1,0,0,1,1,0,0,0
0.03598,0.787047344676,0.139184492794,0.860815507206,0,1,0,1,1,0,0,1
0.036,0.787047344676,0.139184492794,0.860815507206,0,0,0,0,0,0,1,2
0.03602,0.805887047674,0.145225663545,0.854774336455,1,0,0,1,1,0,0,0
0.03604,0.805887047674,0.145225663545,0.854774336455,1,0,0,1,1,0,0,0
0.03606,0.805887047674,0.145225663545,0.854774336455,1,0,0,1,1,0,0,0
0.03608,0.805887047674,0.145225663545,0.854774336455,0,0,0,1,1,0,0,1
0.0361,0.805887047674,0.145225663545,0.854774336455,0,0,0,0,0,0,1,2
0.03612,0.823888570358,0.150741754278,0.849258245722,1,0,0,1,1,0,0,0
0.03614,0.823888570358,0.150741754278,0.849258245722,1,0,0,1,1,0,0,0
0.03616,0.823888570358,0.150741754278,0.849258245722,1,0,0,1,1,0,0,0
0.03618,0.823888570358,0.150741754278,0.849258245722,1,0,0,1,1,0,0,0
0.0362,0.823888570358,0.150741754278,0.849258245722,0,0,0,0,0,0,1,2
0.03622,0.841009870648,0.155783606579,0.844216393421,1,0,0,1,1,0,0,0
0.03624,0.841009870648,0.155783606579,0.844216393421,1,0,0,1,1,0,0,0
0.03626,0.841009870648,0.155783606579,0.844216393421,1,0,0,1,1,0,0,0
0.03628,0.841009870648,0.155783606579,0.844216393421,1,0,0,1,1,0,0,0
0.0363,0.841009870648,0.155783606579,0.844216393421,0,0,0,0,0,0,1,2
0.03632,0.848762567444,0.151237432556,0.827469174102,1,0,0,1,1,0,0,0
0.03634,0.848762567444,0.151237432556,0.827469174102,1,0,0,1,1,0,0,0
0.03636,0.848762567444,0.151237432556,0.827469174102,1,0,0,1,1,0,0,0
0.03638,0.848762567444,0.151237432556,0.827469174102,1,0,0,1,1,0,0,0
0.0364,0.848762567444,0.151237432556,0.827469174102,0,0,0,0,0,0,1,2
0.03642,0.854609491697,0.145390508303,0.810151265422,1,0,0,1,1,0,0,0
0.03644,0.854609491697,0.145390508303,0.810151265422,1,0,0,1,1,0,0,0
0.03646,0.854609491697,0.145390508303,0.810151265422,1,0,0,1,1,0,0,0
0.03648,0.854609491697,0.145390508303,0.810151265422,1,0,0,1,1,0,0,0
0.0365,0.854609491697,0.145390508303,0.810151265422,0,0,0,0,0,0,1,2
0.03652,0.859545408416,0.140454591584,0.791057971439,1,0,0,1,1,0,0,0
0.03654,0.859545408416,0.140454591584,0.791057971439,1,0,0,1,1,0,0,0
0.03656,0.859545408416,0.140454591584,0.791057971439,1,0,0,1,1,0,0,0
0.03658,0.859545408416,0.140454591584,0.791057971439,1,0,0,1,1,0,0,0
0.0366,0.859545408416,0.140454591584,0.791057971439,0,0,0,0,0,0,1,2
0.03662,0.865000707744,0.134999292256,0.772348610915,1,0,0,1,1,0,0,0
0.03664,0.865000707744,0.134999292256,0.772348610915,1,0,0,1,1,0,0,0
0.03666,0.865000707744,0.134999292256,0.772348610915,1,0,0,1,1,0,0,0
0.03668,0.865000707744,0.134999292256,0.772348610915,1,0,0,1,0,0,0,1
0.0367,0.865000707744,0.134999292256,0.772348610915,0,0,0,0,0,0,1,2
0.03672,0.869260185083,0.130739814917,0.753427259295,1,0,0,1,1,0,0,0
0.03674,0.869260185083,0.130739814917,0.753427259295,1,0,0,1,1,0,0,0
0.03676,0.869260185083,0.130739814917,0.753427259295,1,0,0,1,1,0,0,0
0.03678,0.869260185083,0.130739814917,0.753427259295,1,0,0,1,0,1,0,1
0.0368,0.869260185083,0.130739814917,0.753427259295,0,0,0,0,0,0,1,2
0.03682,0.872264911075,0.127735088925,0.734255105269,1,0,0,1,1,0,0,0
0.03684,0.872264911075,0.127735088925,0.734255105269,1,0,0,1,1,0,0,0
0.03686,0.872264911075,0.127735088925,0.734255105269,1,0,0,1,1,0,0,0
0.03688,0.872264911075,0.127735088925,0.734255105269,1,0,0,1,0,1,0,1
0.0369,0.872264911075,0.127735088925,0.734255105269,0,0,0,0,0,0,1,2
0.03692,0.875622188556,0.124377811444,0.71534162115,1,0,0,1,1,0,0,0
0.03694,0.875622188556,0.124377811444,0.71534162115,1,0,0,1,1,0,0,0
0.03696,0.875622188556,0.124377811444,0.71534162115,1,0,0,1,1,0,0,0
0.03698,0.875622188556,0.124377811444,0.71534162115,1,0,0,1,0,1,0,1
0.037,0.875622188556,0.124377811444,0.71534162115,0,0,0,0,0,0,1,2
0.03702,0.879280123999,0.120719876001,0.696646278125,1,0,0,1,1,0,0,0
0.03704,0.879280123999,0.120719876001,0.696646278125,1,0,0,1,1,0,0,0
0.03706,0.879280123999,0.120719876001,0.696646278125,1,0,0,1,1,0,0,0
0.03708,0.879280123999,0.120719876001,0.696646278125,1,0,0,1,0,1,0,1
0.0371,0.879280123999,0.120719876001,0.696646278125,0,0,0,0,0,0,1,2
0.03712,0.881696173462,0.118303826538,0.675925658548,1,0,0,1,1,0,0,0
0.03714,0.881696173462,0.118303826538,0.675925658548,1,0,0,1,1,0,0,0
0.03716,0.881696173462,0.118303826538,0.675925658548,1,0,0,1,1,0,0,0
0.03718,0.881696173462,0.118303826538,0.675925658548,1,0,0,1,0,1,0,1
0.0372,0.881696173462,0.118303826538,0.675925658548,0,0,0,0,0,0,1,2
0.03722,0.884296088232,0.115703911768,0.655350705998,1,0,0,1,1,0,0,0
0.03724,0.884296088232,0.115703911768,0.655350705998,1,0,0,1,1,0,0,0
0.03726,0.884296088232,0.115703911768,0.655350705998,1,0,0,1,1,0,0,0
0.03728,0.884296088232,0.115703911768,0.655350705998,1,0,0,1,0,1,0,1
0.0373,0.884296088232,0.115703911768,0.655350705998,0,0,0,0,0,0,1,2
0.03732,0.887024739788,0.112975260212,0.634890288358,1,0,0,1,1,0,0,0
0.03734,0.887024739788,0.112975260212,0.634890288358,1,0,0,1,1,0,0,0
0.03736,0.887024739788,0.112975260212,0.634890288358,1,0,0,1,1,0,0,0
0.03738,0.887024739788,0.112975260212,0.634890288358,1,0,0,1,0,1,0,1
0.0374,0.887024739788,0.112975260212,0.634890288358,0,0,0,0,0,0,1,2
0.03742,0.889826075114,0.110173924886,0.614516165016,1,0,0,1,1,0,0,0
0.03744,0.889826075114,0.110173924886,0.614516165016,1,0,0,1,1,0,0,0
0.03746,0.889826075114,0.110173924886,0.614516165016,1,0,0,1,1,0,0,0
0.03748,0.889826075114,0.110173924886,0.614516165016,1,0,0,1,0,1,0,1
0.0375,0.889826075114,0.110173924886,0.614516165016,0,0,0,0,0,0,1,2
0.03752,0.890795680469,0.109204319531,0.595321312664,1,0,0,1,1,0,0,0
0.03754,0.890795680469,0.109204319531,0.595321312664,1,0,0,1,1,0,0,0
0.03756,0.890795680469,0.109204319531,0.595321312664,1,0,0,1,1,0,0,0
0.03758,0.890795680469,0.109204319531,0.595321312664,1,0,0,1,0,1,0,1
0.0376,0.890795680469,0.109204319531,0.595321312664,0,0,0,0,0,0,1,2
0.03762,0.891717199013,0.108282800987,0.576182423745,1,0,0,1,1,0,0,0
0.03764,0.891717199013,0.108282800987,0.576182423745,1,0,0,1,1,0,0,0
0.03766,0.891717199013,0.108282800987,0.576182423745,1,0,0,1,0,0,0,1
0.03768,0.891717199013,0.108282800987,0.576182423745,1,0,0,1,0,1,0,1
0.0377,0.891717199013,0.108282800987,0.576182423745,0,0,0,0,0,0,1,2
0.03772,0.892712106151,0.107287893849,0.555423389465,1,0,0,1,1,0,0,0
0.03774,0.892712106151,0.107287893849,0.555423389465,1,0,0,1,1,0,0,0
0.03776,0.892712106151,0.107287893849,0.555423389465,1,0,0,1,0,1,0,1
0.03778,0.892712106151,0.107287893849,0.555423389465,1,0,0,1,0,1,0,1
0.0378,0.892712106151,0.107287893849,0.555423389465,0,0,0,0,0,0,1,2
0.03782,0.893541409317,0.106458590683,0.53467972338,1,0,0,1,1,0,0,0
0.03784,0.893541409317,0.106458590683,0.53467972338,1,0,0,1,1,0,0,0
0.03786,0.893541409317,0.106458590683,0.53467972338,1,0,0,1,0,1,0,1
0.03788,0.893541409317,0.106458590683,0.53467972338,1,0,0,1,0,1,0,1
0.0379,0.893541409317,0.106458590683,0.53467972338,0,0,0,0,0,0,1,2
0.03792,0.894145849829,0.105854150171,0.513940304713,1,0,0,1,1,0,0,0
0.03794,0.894145849829,0.105854150171,0.513940304713,1,0,0,1,1,0,0,0
0.03796,0.894145849829,0.105854150171,0.513940304713,1,0,0,1,0,1,0,1
0.03798,0.894145849829,0.105854150171,0.513940304713,1,0,0,1,0,1,0,1
0.038,0.894145849829,0.105854150171,0.513940304713,0,0,0,0,0,0,1,2
0.03802,0.894286060853,0.105713939147,0.494854425087,1,0,0,1,1,0,0,0
0.03804,0.894286060853,0.105713939147,0.494854425087,1,0,0,1,1,0,0,0
0.03806,0.894286060853,0.105713939147,0.494854425087,1,0,0,1,0,1,0,1
0.03808,0.894286060853,0.105713939147,0.494854425087,1,0,0,1,0,1,0,1
0.0381,0.894286060853,0.105713939147,0.494854425087,0,0,0,0,0,0,1,2
0.03812,0.894083285285,0.105916714715,0.475769486046,1,0,0,1,1,0,0,0
0.03814,0.894083285285,0.105916714715,0.475769486046,1,0,0,1,1,0,0,0
0.03816,0.894083285285,0.105916714715,0.475769486046,1,0,0,1,0,1,0,1
0.03818,0.894083285285,0.105916714715,0.475769486046,1,0,0,1,0,1,0,1
0.0382,0.894083285285,0.105916714715,0.475769486046,0,0,0,0,0,0,2,1
0.03822,0.893485023872,0.106514976128,0.456615837892,1,0,0,1,1,0,0,0
0.03824,0.893485023872,0.106514976128,0.456615837892,1,0,0,1,1,0,0,0
0.03826,0.893485023872,0.106514976128,0.456615837892,1,0,0,1,0,1,0,1
0.03828,0.893485023872,0.106514976128,0.456615837892,1,0,0,1,0,1,0,0
0.0383,0.893485023872,0.106514976128,0.456615837892,0,0,0,0,0,0,2,1
0.03832,0.89297410469,0.10702589531,0.432404937641,1,0,0,1,1,0,1,0
0.03834,0.89297410469,0.10702589531,0.432404937641,1,0,0,1,1,0,0,0
0.03836,0.89297410469,0.10702589531,0.432404937641,1,0,0,1,0,1,0,1
0.03838,0.89297410469,0.10702589531,0.432404937641,1,0,0,1,0,1,0,0
0.0384,0.89297410469,0.10702589531,0.432404937641,0,0,0,0,0,0,2,1
0.03842,0.891941588315,0.108058411685,0.408104906758,1,0,0,1,1,0,1,0
0.03844,0.891941588315,0.108058411685,0.408104906758,1,0,0,1,1,0,0,0
0.03846,0.891941588315,0.108058411685,0.408104906758,1,0,0,1,0,1,0,0
0.03848,0.891941588315,0.108058411685,0.408104906758,1,0,0,1,0,1,0,0
0.0385,0.891941588315,0.108058411685,0.408104906758,0,0,0,0,0,0,2,1
0.03852,0.89014519637,0.10985480363,0.385376413332,1,0,0,1,1,0,1,0
0.03854,0.89014519637,0.10985480363,0.385376413332,1,0,0,1,1,0,0,0
0.03856,0.89014519637,0.10985480363,0.385376413332,1,0,0,1,0,1,0,0
0.03858,0.89014519637,0.10985480363,0.385376413332,1,0,0,1,0,1,0,0
0.0386,0.89014519637,0.10985480363,0.385376413332,0,0,0,0,0,0,2,1
0.03862,0.887706224502,0.112293775498,0.362578123433,1,0,0,1,1,0,1,0
0.03864,0.887706224502,0.112293775498,0.362578123433,1,0,0,1,0,0,1,0
0.03866,0.887706224502,0.112293775498,0.362578123433,1,0,0,1,0,1,0,0
0.03868,0.887706224502,0.112293775498,0.362578123433,1,0,0,1,0,1,0,0
0.0387,0.887706224502,0.112293775498,0.362578123433,0,0,0,0,0,0,2,1
0.03872,0.884919807186,0.115080192814,0.336466888926,1,0,0,1,1,0,1,0
0.03874,0.884919807186,0.115080192814,0.336466888926,1,0,0,1,0,1,0,0
0.03876,0.884919807186,0.115080192814,0.336466888926,1,0,0,1,0,1,0,0
0.03878,0.884919807186,0.115080192814,0.336466888926,1,0,0,1,0,1,0,0
0.0388,0.884919807186,0.115080192814,0.336466888926,0,0,0,0,0,0,2,1
0.03882,0.881173387746,0.118826612254,0.312045613909,1,0,0,1,1,0,1,0
0.03884,0.881173387746,0.118826612254,0.312045613909,1,0,0,1,0,1,0,0
0.03886,0.881173387746,0.118826612254,0.312045613909,1,0,0,1,0,1,0,0
0.03888,0.881173387746,0.118826612254,0.312045613909,1,0,0,1,0,1,0,0
0.0389,0.881173387746,0.118826612254,0.312045613909,0,0,0,0,0,0,2,1
0.03892,0.878257608095,0.121742391905,0.288226573235,1,0,0,1,1,0,1,0
0.03894,0.878257608095,0.121742391905,0.288226573235,1,0,0,1,0,1,0,0
0.03896,0.878257608095,0.121742391905,0.288226573235,1,0,0,1,0,1,0,0
0.03898,0.878257608095,0.121742391905,0.288226573235,1,0,0,1,0,1,0,0
0.039,0.878257608095,0.121742391905,0.288226573235,0,0,0,0,0,0,2,1
0.03902,0.874266959046,0.125733040954,0.266153911369,1,0,0,1,1,0,1,0
0.03904,0.874266959046,0.125733040954,0.266153911369,1,0,0,1,0,1,0,0
0.03906,0.874266959046,0.125733040954,0.266153911369,1,0,0,1,0,1,0,0
0.03908,0.874266959046,0.125733040954,0.266153911369,1,0,0,1,0,1,0,0
0.0391,0.874266959046,0.125733040954,0.266153911369,0,0,0,0,0,0,2,1
0.03912,0.869323939453,0.130676060547,0.244215214978,1,0,0,1,1,0,1,0
0.03914,0.869323939453,0.130676060547,0.244215214978,1,0,0,1,0,1,0,0
0.03916,0.869323939453,0.130676060547,0.244215214978,1,0,0,1,0,1,0,0
0.03918,0.869323939453,0.130676060547,0.244215214978,1,0,0,1,0,1,0,0
0.0392,0.869323939453,0.130676060547,0.244215214978,0,0,0,0,0,0,2,1
0.03922,0.865037498271,0.134962501729,0.222977087909,1,0,0,1,1,0,1,0
0.03924,0.865037498271,0.134962501729,0.222977087909,1,0,0,1,0,1,0,0
0.03926,0.865037498271,0.134962501729,0.222977087909,1,0,0,1,0,1,0,0
0.03928,0.865037498271,0.134962501729,0.222977087909,1,0,0,1,0,1,0,0
0.0393,0.865037498271,0.134962501729,0.222977087909,0,0,0,0,0,0,2,1
0.03932,0.859503845851,0.140496154149,0.203595673579,1,0,0,1,1,0,1,0
0.03934,0.859503845851,0.140496154149,0.203595673579,1,0,0,1,0,1,0,0
0.03936,0.859503845851,0.140496154149,0.203595673579,1,0,0,1,0,1,0,0
0.03938,0.859503845851,0.140496154149,0.203595673579,1,0,0,1,0,1,0,0
0.0394,0.859503845851,0.140496154149,0.203595673579,0,0,0,0,0,0,2,1
0.03942,0.852848143034,0.147151856966,0.184469748004,1,0,0,1,0,0,1,0
0.03944,0.852848143034,0.147151856966,0.184469748004,1,0,0,1,0,1,0,0
0.03946,0.852848143034,0.147151856966,0.184469748004,1,0,0,1,0,1,0,0
0.03948,0.852848143034,0.147151856966,0.184469748004,1,0,0,1,0,1,0,0
0.0395,0.852848143034,0.147151856966,0.184469748004,0,0,0,0,0,0,2,1
0.03952,0.846680954832,0.153319045168,0.166174800226,1,0,0,1,0,1,0,0
0.03954,0.846680954832,0.153319045168,0.166174800226,1,0,0,1,0,1,0,0
0.03956,0.846680954832,0.153319045168,0.166174800226,1,0,0,1,0,1,0,0
0.03958,0.846680954832,0.153319045168,0.166174800226,1,0,0,1,0,1,0,0
0.0396,0.846680954832,0.153319045168,0.166174800226,0,0,0,0,0,0,2,1
0.03962,0.846098816162,0.164194885406,0.153901183838,1,0,0,1,0,1,0,0
0.03964,0.846098816162,0.164194885406,0.153901183838,1,0,0,1,0,1,0,0
0.03966,0.846098816162,0.164194885406,0.153901183838,1,0,0,1,0,1,0,0
0.03968,0.846098816162,0.164194885406,0.153901183838,1,0,0,1,0,1,0,0
0.0397,0.846098816162,0.164194885406,0.153901183838,0,0,0,0,0,0,2,1
0.03972,0.852026172516,0.183773788809,0.147973827484,1,0,0,1,0,1,0,0
0.03974,0.852026172516,0.183773788809,0.147973827484,1,0,0,1,0,1,0,0
0.03976,0.852026172516,0.183773788809,0.147973827484,1,0,0,1,0,1,0,0
0.03978,0.852026172516,0.183773788809,0.147973827484,1,0,0,1,0,1,0,0
0.0398,0.852026172516,0.183773788809,0.147973827484,0,0,0,0,0,0,2,1
0.03982,0.856888025308,0.203484107614,0.143111974692,1,0,0,1,0,1,0,0
0.03984,0.856888025308,0.203484107614,0.143111974692,1,0,0,1,0,1,0,0
0.03986,0.856888025308,0.203484107614,0.143111974692,1,0,0,1,0,1,0,0
0.03988,0.856888025308,0.203484107614,0.143111974692,1,0,0,1,0,1,0,0
0.0399,0.856888025308,0.203484107614,0.143111974692,0,0,0,0,0,0,2,1
0.03992,0.86228724576,0.222820905588,0.13771275424,1,0,0,0,0,1,1,0
0.03994,0.86228724576,0.222820905588,0.13771275424,1,0,0,1,0,1,0,0
0.03996,0.86228724576,0.222820905588,0.13771275424,1,0,0,1,0,1,0,0
0.03998,0.86228724576,0.222820905588,0.13771275424,1,0,0,1,0,1,0,0
0.04,0.86228724576,0.222820905588,0.13771275424,0,0,0,0,0,0,2,1
0.04002,0.866509729502,0.242391464684,0.133490270498,1,0,1,0,0,1,1,0
0.04004,0.866509729502,0.242391464684,0.133490270498,1,0,0,1,0,1,0,0
0.04006,0.866509729502,0.242391464684,0.133490270498,1,0,0,1,0,1,0,0
0.04008,0.866509729502,0.242391464684,0.133490270498,1,0,0,1,0,1,0,0
0.0401,0.866509729502,0.242391464684,0.133490270498,0,0,0,0,0,0,2,1
0.04012,0.871162349039,0.261677118881,0.128837650961,1,0,1,0,0,1,1,0
0.04014,0.871162349039,0.261677118881,0.128837650961,1,0,0,1,0,1,0,0
0.04016,0.871162349039,0.261677118881,0.128837650961,1,0,0,1,0,1,0,0
0.04018,0.871162349039,0.261677118881,0.128837650961,1,0,0,1,0,1,0,0
0.0402,0.871162349039,0.261677118881,0.128837650961,0,0,0,0,0,0,2,1
0.04022,0.874528127077,0.281278600756,0.125471872923,1,0,1,0,0,1,1,0
0.04024,0.874528127077,0.281278600756,0.125471872923,1,0,0,1,0,1,0,0
0.04026,0.874528127077,0.281278600756,0.125471872923,1,0,0,1,0,1,0,0
0.04028,0.874528127077,0.281278600756,0.125471872923,1,0,0,1,0,1,0,0
0.0403,0.874528127077,0.281278600756,0.125471872923,0,0,0,0,0,0,2,1
0.04032,0.878212621406,0.300671634047,0.121787378594,1,0,1,0,0,1,1,0
0.04034,0.878212621406,0.300671634047,0.121787378594,1,0,0,1,0,1,0,0
0.04036,0.878212621406,0.300671634047,0.121787378594,1,0,0,1,0,1,0,0
0.04038,0.878212621406,0.300671634047,0.121787378594,1,0,0,1,0,1,0,0
0.0404,0.878212621406,0.300671634047,0.121787378594,0,0,0,0,0,0,2,1
0.04042,0.882162870964,0.319893710435,0.117837129036,1,0,1,0,0,1,1,0
0.04044,0.882162870964,0.319893710435,0.117837129036,1,0,0,1,0,1,0,0
0.04046,0.882162870964,0.319893710435,0.117837129036,1,0,0,1,0,1,0,0
0.04048,0.882162870964,0.319893710435,0.117837129036,1,0,0,1,0,1,0,0
0.0405,0.882162870964,0.319893710435,0.117837129036,0,0,0,0,0,0,2,1
0.04052,0.884657962674,0.339535280377,0.115342037326,1,0,1,0,0,1,1,0
0.04054,0.884657962674,0.339535280377,0.115342037326,1,0,0,1,0,1,0,0
0.04056,0.884657962674,0.339535280377,0.115342037326,1,0,0,1,0,1,0,0
0.04058,0.884657962674,0.339535280377,0.115342037326,1,0,0,1,0,1,0,0
0.0406,0.884657962674,0.339535280377,0.115342037326,0,0,0,0,0,0,2,1
0.04062,0.887301665781,0.359063971699,0.112698334219,1,0,1,0,0,1,1,0
0.04064,0.887301665781,0.359063971699,0.112698334219,1,0,0,1,0,1,0,0
0.04066,0.887301665781,0.359063971699,0.112698334219,1,0,0,1,0,1,0,0
0.04068,0.887301665781,0.359063971699,0.112698334219,1,0,0,1,0,1,0,0
0.0407,0.887301665781,0.359063971699,0.112698334219,0,0,0,0,0,0,2,1
0.04072,0.890038333473,0.378507642424,0.109961666527,1,0,1,0,0,1,1,0
0.04074,0.890038333473,0.378507642424,0.109961666527,1,0,0,1,0,1,0,0
0.04076,0.890038333473,0.378507642424,0.109961666527,1,0,0,1,0,1,0,0
0.04078,0.890038333473,0.378507642424,0.109961666527,1,0,0,1,0,1,0,0
0.0408,0.890038333473,0.378507642424,0.109961666527,0,0,0,0,0,0,2,1
0.04082,0.891143860664,0.398445250277,0.108856139336,1,0,1,0,0,1,1,0
0.04084,0.891143860664,0.398445250277,0.108856139336,1,0,0,1,0,1,0,0
0.04086,0.891143860664,0.398445250277,0.108856139336,1,0,0,1,0,1,0,0
0.04088,0.891143860664,0.398445250277,0.108856139336,1,0,0,1,0,1,0,0
0.0409,0.891143860664,0.398445250277,0.108856139336,0,0,0,0,0,0,2,1
0.04092,0.892220667745,0.41833579866,0.107779332255,1,0,1,0,0,1,1,0
0.04094,0.892220667745,0.41833579866,0.107779332255,1,0,0,0,0,1,1,0
0.04096,0.892220667745,0.41833579866,0.107779332255,1,0,0,1,0,1,0,0
0.04098,0.892220667745,0.41833579866,0.107779332255,1,0,0,1,0,1,0,0
0.041,0.892220667745,0.41833579866,0.107779332255,0,0,0,0,0,0,2,1
0.04102,0.893211044497,0.438196695888,0.106788955503,1,0,1,0,0,1,1,0
0.04104,0.893211044497,0.438196695888,0.106788955503,1,0,1,0,0,1,1,0
0.04106,0.893211044497,0.438196695888,0.106788955503,1,0,0,1,0,1,0,0
0.04108,0.893211044497,0.438196695888,0.106788955503,1,0,0,1,0,1,0,0
0.0411,0.893211044497,0.438196695888,0.106788955503,0,0,0,0,0,0,2,1
0.04112,0.894056621735,0.458042146162,0.105943378265,1,0,1,0,0,1,1,0
0.04114,0.894056621735,0.458042146162,0.105943378265,1,0,1,0,0,1,1,0
0.04116,0.894056621735,0.458042146162,0.105943378265,1,0,0,1,0,1,0,0
0.04118,0.894056621735,0.458042146162,0.105943378265,1,0,0,1,0,1,0,0
0.0412,0.894056621735,0.458042146162,0.105943378265,0,0,0,0,0,0,2,1
0.04122,0.894698441185,0.477883060366,0.105301558815,1,0,1,0,0,1,1,0
0.04124,0.894698441185,0.477883060366,0.105301558815,1,0,1,0,0,1,1,0
0.04126,0.894698441185,0.477883060366,0.105301558815,1,0,0,1,0,1,0,0
0.04128,0.894698441185,0.477883060366,0.105301558815,1,0,0,1,0,1,0,0
0.0413,0.894698441185,0.477883060366,0.105301558815,0,0,0,0,0,0,2,1
0.04132,0.895440203477,0.501078720882,0.104559796523,1,0,1,0,0,1,1,0
0.04134,0.895440203477,0.501078720882,0.104559796523,1,0,1,0,0,1,0,0
0.04136,0.895440203477,0.501078720882,0.104559796523,1,0,0,1,0,1,0,1
0.04138,0.895440203477,0.501078720882,0.104559796523,1,0,0,1,0,1,0,0
0.0414,0.895440203477,0.501078720882,0.104559796523,0,0,0,0,0,0,2,1
0.04142,0.895863997295,0.524379953114,0.104136002705,1,0,1,0,0,1,1,0
0.04144,0.895863997295,0.524379953114,0.104136002705,1,0,1,0,0,1,0,0
0.04146,0.895863997295,0.524379953114,0.104136002705,1,0,0,1,0,1,0,1
0.04148,0.895863997295,0.524379953114,0.104136002705,1,0,0,1,0,1,0,0
0.0415,0.895863997295,0.524379953114,0.104136002705,0,0,0,0,0,0,2,1
0.04152,0.894240506505,0.548341751985,0.105759493495,1,0,1,0,0,1,1,0
0.04154,0.894240506505,0.548341751985,0.105759493495,1,0,1,0,0,1,0,0
0.04156,0.894240506505,0.548341751985,0.105759493495,1,0,0,1,0,1,0,1
0.04158,0.894240506505,0.548341751985,0.105759493495,1,0,0,1,0,1,0,1
0.0416,0.894240506505,0.548341751985,0.105759493495,0,0,0,0,0,0,2,1
0.04162,0.892168206144,0.572394689093,0.107831793856,1,0,1,0,0,1,0,0
0.04164,0.892168206144,0.572394689093,0.107831793856,1,0,1,0,0,1,0,0
0.04166,0.892168206144,0.572394689093,0.107831793856,1,0,0,1,0,1,0,1
0.04168,0.892168206144,0.572394689093,0.107831793856,1,0,0,1,0,1,0,1
0.0417,0.892168206144,0.572394689093,0.107831793856,0,0,0,0,0,0,1,2
0.04172,0.891075660087,0.594346021766,0.108924339913,1,0,1,0,0,1,0,0
0.04174,0.891075660087,0.594346021766,0.108924339913,1,0,1,0,0,1,0,0
0.04176,0.891075660087,0.594346021766,0.108924339913,1,0,0,1,0,1,0,1
0.04178,0.891075660087,0.594346021766,0.108924339913,1,0,0,1,0,1,0,1
0.0418,0.891075660087,0.594346021766,0.108924339913,0,0,0,0,0,0,1,2
0.04182,0.889778954467,0.619657273318,0.110221045533,1,0,1,0,0,1,0,0
0.04184,0.889778954467,0.619657273318,0.110221045533,1,0,1,0,0,1,0,0
0.04186,0.889778954467,0.619657273318,0.110221045533,1,0,0,0,0,1,0,1
0.04188,0.889778954467,0.619657273318,0.110221045533,1,0,0,1,0,1,0,1
0.0419,0.889778954467,0.619657273318,0.110221045533,0,0,0,0,0,0,1,2
0.04192,0.887845727015,0.64496852046,0.112154272985,1,0,1,0,0,1,0,0
0.04194,0.887845727015,0.64496852046,0.112154272985,1,0,1,0,0,1,0,0
0.04196,0.887845727015,0.64496852046,0.112154272985,1,0,1,0,0,1,0,0
0.04198,0.887845727015,0.64496852046,0.112154272985,1,0,0,1,0,1,0,1
0.042,0.887845727015,0.64496852046,0.112154272985,0,0,0,0,0,0,1,2
0.04202,0.885032011997,0.668603287188,0.114967988003,1,0,1,0,0,1,0,0
0.04204,0.885032011997,0.668603287188,0.114967988003,1,0,1,0,0,1,0,0
0.04206,0.885032011997,0.668603287188,0.114967988003,1,0,1,0,0,1,0,0
0.04208,0.885032011997,0.668603287188,0.114967988003,1,0,0,1,0,1,0,1
0.0421,0.885032011997,0.668603287188,0.114967988003,0,0,0,0,0,0,1,2
0.04212,0.881458771923,0.692188099079,0.118541228077,1,0,1,0,0,1,0,0
0.04214,0.881458771923,0.692188099079,0.118541228077,1,0,1,0,0,1,0,0
0.04216,0.881458771923,0.692188099079,0.118541228077,1,0,1,0,0,1,0,0
0.04218,0.881458771923,0.692188099079,0.118541228077,1,0,0,1,0,1,0,1
0.0422,0.881458771923,0.692188099079,0.118541228077,0,0,0,0,0,0,1,2
0.04222,0.876882330932,0.714037727353,0.123117669068,1,0,1,0,0,1,0,0
0.04224,0.876882330932,0.714037727353,0.123117669068,1,0,1,0,0,1,0,0
0.04226,0.876882330932,0.714037727353,0.123117669068,1,0,1,0,0,1,0,0
0.04228,0.876882330932,0.714037727353,0.123117669068,1,0,0,1,0,1,0,1
0.0423,0.876882330932,0.714037727353,0.123117669068,0,0,0,0,0,0,1,2
0.04232,0.873093326088,0.735227713748,0.126906673912,1,0,1,0,0,1,0,0
0.04234,0.873093326088,0.735227713748,0.126906673912,1,0,1,0,0,1,0,0
0.04236,0.873093326088,0.735227713748,0.126906673912,1,0,1,0,0,1,0,0
0.04238,0.873093326088,0.735227713748,0.126906673912,1,0,0,1,0,1,0,1
0.0424,0.873093326088,0.735227713748,0.126906673912,0,0,0,0,0,0,1,2
0.04242,0.868370427369,0.756275993867,0.131629572631,1,0,1,0,0,1,0,0
0.04244,0.868370427369,0.756275993867,0.131629572631,1,0,1,0,0,1,0,0
0.04246,0.868370427369,0.756275993867,0.131629572631,1,0,1,0,0,1,0,0
0.04248,0.868370427369,0.756275993867,0.131629572631,1,0,0,1,0,1,0,1
0.0425,0.868370427369,0.756275993867,0.131629572631,0,0,0,0,0,0,1,2
0.04252,0.864138177352,0.774942313977,0.135861822648,1,0,1,0,0,1,0,0
0.04254,0.864138177352,0.774942313977,0.135861822648,1,0,1,0,0,1,0,0
0.04256,0.864138177352,0.774942313977,0.135861822648,1,0,1,0,0,1,0,0
0.04258,0.864138177352,0.774942313977,0.135861822648,1,0,0,1,0,1,0,1
0.0426,0.864138177352,0.774942313977,0.135861822648,0,0,0,0,0,0,1,2
0.04262,0.858861249028,0.79338744095,0.141138750972,1,0,1,0,0,1,0,0
0.04264,0.858861249028,0.79338744095,0.141138750972,1,0,1,0,0,1,0,0
0.04266,0.858861249028,0.79338744095,0.141138750972,1,0,1,0,0,1,0,0
0.04268,0.858861249028,0.79338744095,0.141138750972,1,0,0,1,0,1,0,1
0.0427,0.858861249028,0.79338744095,0.141138750972,0,0,0,0,0,0,1,2
0.04272,0.854331413541,0.812688858332,0.145668586459,1,0,1,0,0,1,0,0
0.04274,0.854331413541,0.812688858332,0.145668586459,1,0,1,0,0,1,0,0
0.04276,0.854331413541,0.812688858332,0.145668586459,1,0,1,0,0,1,0,0
0.04278,0.854331413541,0.812688858332,0.145668586459,1,0,0,0,0,1,0,1
0.0428,0.854331413541,0.812688858332,0.145668586459,0,0,0,0,0,0,1,2
0.04282,0.84864487369,0.831695633325,0.15135512631,1,0,1,0,0,1,0,0
0.04284,0.84864487369,0.831695633325,0.15135512631,1,0,1,0,0,1,0,0
0.04286,0.84864487369,0.831695633325,0.15135512631,1,0,1,0,0,1,0,0
0.04288,0.84864487369,0.831695633325,0.15135512631,1,0,1,0,0,1,0,0
0.0429,0.84864487369,0.831695633325,0.15135512631,0,0,0,0,0,0,1,2
0.04292,0.840206637789,0.846613950109,0.153386049891,1,0,1,0,0,1,0,0
0.04294,0.840206637789,0.846613950109,0.153386049891,1,0,1,0,0,1,0,0
0.04296,0.840206637789,0.846613950109,0.153386049891,1,0,1,0,0,1,0,0
0.04298,0.840206637789,0.846613950109,0.153386049891,1,0,1,0,0,1,0,0
0.043,0.840206637789,0.846613950109,0.153386049891,0,0,0,0,0,0,1,2
0.04302,0.821592264262,0.852229274142,0.147770725858,1,0,1,0,0,1,0,0
0.04304,0.821592264262,0.852229274142,0.147770725858,1,0,1,0,0,1,0,0
0.04306,0.821592264262,0.852229274142,0.147770725858,1,0,1,0,0,1,0,0
0.04308,0.821592264262,0.852229274142,0.147770725858,1,0,1,0,0,1,0,0
0.0431,0.821592264262,0.852229274142,0.147770725858,0,0,0,0,0,0,1,2
0.04312,0.802886464145,0.85678218398,0.14321781602,1,0,1,0,0,1,0,0
0.04314,0.802886464145,0.85678218398,0.14321781602,1,0,1,0,0,1,0,0
0.04316,0.802886464145,0.85678218398,0.14321781602,1,0,1,0,0,1,0,0
0.04318,0.802886464145,0.85678218398,0.14321781602,1,0,1,0,0,1,0,0
0.0432,0.802886464145,0.85678218398,0.14321781602,0,0,0,0,0,0,1,2
0.04322,0.784597511008,0.861888059757,0.138111940243,1,0,1,0,0,1,0,0
0.04324,0.784597511008,0.861888059757,0.138111940243,1,0,1,0,0,1,0,0
0.04326,0.784597511008,0.861888059757,0.138111940243,1,0,1,0,0,1,0,0
0.04328,0.784597511008,0.861888059757,0.138111940243,0,0,1,0,0,1,0,1
0.0433,0.784597511008,0.861888059757,0.138111940243,0,0,0,0,0,0,1,2
0.04332,0.766127801555,0.865832873522,0.134167126478,1,0,1,0,0,1,0,0
0.04334,0.766127801555,0.865832873522,0.134167126478,1,0,1,0,0,1,0,0
0.04336,0.766127801555,0.865832873522,0.134167126478,1,0,1,0,0,1,0,0
0.04338,0.766127801555,0.865832873522,0.134167126478,0,1,1,0,0,1,0,1
0.0434,0.766127801555,0.865832873522,0.134167126478,0,0,0,0,0,0,1,2
0.04342,0.747982155689,0.870225024803,0.129774975197,1,0,1,0,0,1,0,0
0.04344,0.747982155689,0.870225024803,0.129774975197,1,0,1,0,0,1,0,0
0.04346,0.747982155689,0.870225024803,0.129774975197,1,0,1,0,0,1,0,0
0.04348,0.747982155689,0.870225024803,0.129774975197,0,1,1,0,0,1,0,1
0.0435,0.747982155689,0.870225024803,0.129774975197,0,0,0,0,0,0,1,2
0.04352,0.727906075816,0.873525327382,0.126474672618,1,0,1,0,0,1,0,0
0.04354,0.727906075816,0.873525327382,0.126474672618,1,0,1,0,0,1,0,0
0.04356,0.727906075816,0.873525327382,0.126474672618,1,0,1,0,0,1,0,0
0.04358,0.727906075816,0.873525327382,0.126474672618,0,1,1,0,0,1,0,1
0.0436,0.727906075816,0.873525327382,0.126474672618,0,0,0,0,0,0,1,2
0.04362,0.708065399913,0.877161452638,0.122838547362,1,0,1,0,0,1,0,0
0.04364,0.708065399913,0.877161452638,0.122838547362,1,0,1,0,0,1,0,0
0.04366,0.708065399913,0.877161452638,0.122838547362,1,0,1,0,0,1,0,0
0.04368,0.708065399913,0.877161452638,0.122838547362,0,1,1,0,0,1,0,1
0.0437,0.708065399913,0.877161452638,0.122838547362,0,0,0,0,0,0,1,2
0.04372,0.688420384042,0.881080754498,0.118919245502,1,0,1,0,0,1,0,0
0.04374,0.688420384042,0.881080754498,0.118919245502,1,0,1,0,0,1,0,0
0.04376,0.688420384042,0.881080754498,0.118919245502,1,0,1,0,0,1,0,0
0.04378,0.688420384042,0.881080754498,0.118919245502,0,1,1,0,0,1,0,1
0.0438,0.688420384042,0.881080754498,0.118919245502,0,0,0,0,0,0,1,2
0.04382,0.668390498638,0.883561719365,0.116438280635,1,0,1,0,0,1,0,0
0.04384,0.668390498638,0.883561719365,0.116438280635,1,0,1,0,0,1,0,0
0.04386,0.668390498638,0.883561719365,0.116438280635,1,0,1,0,0,1,0,0
0.04388,0.668390498638,0.883561719365,0.116438280635,0,1,1,0,0,1,0,1
0.0439,0.668390498638,0.883561719365,0.116438280635,0,0,0,0,0,0,1,2
0.04392,0.648493591477,0.886209292152,0.113790707848,1,0,1,0,0,1,0,0
0.04394,0.648493591477,0.886209292152,0.113790707848,1,0,1,0,0,1,0,0
0.04396,0.648493591477,0.886209292152,0.113790707848,1,0,1,0,0,1,0,0
0.04398,0.648493591477,0.886209292152,0.113790707848,0,1,1,0,0,1,0,1
0.044,0.648493591477,0.886209292152,0.113790707848,0,0,0,0,0,0,1,2
0.04402,0.628699465134,0.888968079499,0.111031920501,1,0,1,0,0,1,0,0
0.04404,0.628699465134,0.888968079499,0.111031920501,1,0,1,0,0,1,0,0
0.04406,0.628699465134,0.888968079499,0.111031920501,1,0,1,0,0,1,0,0
0.04408,0.628699465134,0.888968079499,0.111031920501,0,1,1,0,0,1,0,1
0.0441,0.628699465134,0.888968079499,0.111031920501,0,0,0,0,0,0,1,2
0.04412,0.608439211006,0.890113190891,0.109886809109,1,0,1,0,0,1,0,0
0.04414,0.608439211006,0.890113190891,0.109886809109,1,0,1,0,0,1,0,0
0.04416,0.608439211006,0.890113190891,0.109886809109,1,0,1,0,0,1,0,0
0.04418,0.608439211006,0.890113190891,0.109886809109,0,1,1,0,0,1,0,1
0.0442,0.608439211006,0.890113190891,0.109886809109,0,0,0,0,0,0,1,2
0.04422,0.588238999624,0.891248274411,0.108751725589,1,0,1,0,0,1,0,0
0.04424,0.588238999624,0.891248274411,0.108751725589,1,0,1,0,0,1,0,0
0.04426,0.588238999624,0.891248274411,0.108751725589,1,0,1,0,0,1,0,0
0.04428,0.588238999624,0.891248274411,0.108751725589,0,1,1,0,0,1,0,1
0.0443,0.588238999624,0.891248274411,0.108751725589,0,0,0,0,0,0,1,2
0.04432,0.568079014461,0.892315812417,0.107684187583,1,0,1,0,0,1,0,0
0.04434,0.568079014461,0.892315812417,0.107684187583,1,0,1,0,0,1,0,0
0.04436,0.568079014461,0.892315812417,0.107684187583,0,0,1,0,0,1,0,1
0.04438,0.568079014461,0.892315812417,0.107684187583,0,1,1,0,0,1,0,1
0.0444,0.568079014461,0.892315812417,0.107684187583,0,0,0,0,0,0,1,2
0.04442,0.547942624063,0.893257608105,0.106742391895,1,0,1,0,0,1,0,0
0.04444,0.547942624063,0.893257608105,0.106742391895,1,0,1,0,0,1,0,0
0.04446,0.547942624063,0.893257608105,0.106742391895,0,1,1,0,0,1,0,1
0.04448,0.547942624063,0.893257608105,0.106742391895,0,1,1,0,0,1,0,1
0.0445,0.547942624063,0.893257608105,0.106742391895,0,0,0,0,0,0,1,2
0.04452,0.527816472216,0.894014855591,0.105985144409,1,0,1,0,0,1,0,0
0.04454,0.527816472216,0.894014855591,0.105985144409,1,0,1,0,0,1,0,0
0.04456,0.527816472216,0.894014855591,0.105985144409,0,1,1,0,0,1,0,1
0.04458,0.527816472216,0.894014855591,0.105985144409,0,1,1,0,0,1,0,1
0.0446,0.527816472216,0.894014855591,0.105985144409,0,0,0,0,0,0,1,2
0.04462,0.507690561621,0.894528213085,0.105471786915,1,0,1,0,0,1,0,0
0.04464,0.507690561621,0.894528213085,0.105471786915,1,0,1,0,0,1,0,0
0.04466,0.507690561621,0.894528213085,0.105471786915,0,1,1,0,0,1,0,1
0.04468,0.507690561621,0.894528213085,0.105471786915,0,1,1,0,0,1,0,1
0.0447,0.507690561621,0.894528213085,0.105471786915,0,0,0,0,0,0,1,2
0.04472,0.487558330779,0.894737878772,0.105262121228,1,0,1,0,0,1,0,0
0.04474,0.487558330779,0.894737878772,0.105262121228,1,0,1,0,0,1,0,0
0.04476,0.487558330779,0.894737878772,0.105262121228,0,1,1,0,0,1,0,1
0.04478,0.487558330779,0.894737878772,0.105262121228,0,1,1,0,0,1,0,1
0.0448,0.487558330779,0.894737878772,0.105262121228,0,0,0,0,0,0,1,2
0.04482,0.467416723797,0.894583668994,0.105416331006,1,0,1,0,0,1,0,0
0.04484,0.467416723797,0.894583668994,0.105416331006,1,0,1,0,0,1,0,0
0.04486,0.467416723797,0.894583668994,0.105416331006,0,1,1,0,0,1,0,1
0.04488,0.467416723797,0.894583668994,0.105416331006,0,1,1,0,0,1,0,1
0.0449,0.467416723797,0.894583668994,0.105416331006,0,0,0,0,0,0,2,1
0.04492,0.447192794522,0.894013085433,0.105986914567,1,0,1,0,0,1,0,0
0.04494,0.447192794522,0.894013085433,0.105986914567,1,0,1,0,0,1,0,0
0.04496,0.447192794522,0.894013085433,0.105986914567,0,1,1,0,0,1,0,1
0.04498,0.447192794522,0.894013085433,0.105986914567,0,1,1,0,0,1,0,0
0.045,0.447192794522,0.894013085433,0.105986914567,0,0,0,0,0,0,2,1
0.04502,0.42355066506,0.893328974329,0.106671025671,1,0,1,0,0,1,1,0
0.04504,0.42355066506,0.893328974329,0.106671025671,1,0,1,0,0,1,0,0
0.04506,0.42355066506,0.893328974329,0.106671025671,0,1,1,0,0,1,0,1
0.04508,0.42355066506,0.893328974329,0.106671025671,0,1,1,0,0,1,0,0
0.0451,0.42355066506,0.893328974329,0.106671025671,0,0,0,0,0,0,2,1
0.04512,0.39981711108,0.892103286387,0.107896713613,1,0,1,0,0,1,1,0
0.04514,0.39981711108,0.892103286387,0.107896713613,1,0,1,0,0,1,0,0
0.04516,0.39981711108,0.892103286387,0.107896713613,0,1,1,0,0,1,0,0
0.04518,0.39981711108,0.892103286387,0.107896713613,0,1,1,0,0,1,0,0
0.0452,0.39981711108,0.892103286387,0.107896713613,0,0,0,0,0,0,2,1
0.04522,0.377649474938,0.890094254494,0.109905745506,1,0,1,0,0,1,1,0
0.04524,0.377649474938,0.890094254494,0.109905745506,0,0,1,0,0,1,0,1
0.04526,0.377649474938,0.890094254494,0.109905745506,0,1,1,0,0,1,0,0
0.04528,0.377649474938,0.890094254494,0.109905745506,0,1,1,0,0,1,0,0
0.0453,0.377649474938,0.890094254494,0.109905745506,0,0,0,0,0,0,2,1
0.04532,0.35394751717,0.887583005336,0.112416994664,1,0,1,0,0,1,1,0
0.04534,0.35394751717,0.887583005336,0.112416994664,0,1,1,0,0,1,0,0
0.04536,0.35394751717,0.887583005336,0.112416994664,0,1,1,0,0,1,0,0
0.04538,0.35394751717,0.887583005336,0.112416994664,0,1,1,0,0,1,0,0
0.0454,0.35394751717,0.887583005336,0.112416994664,0,0,0,0,0,0,2,1
0.04542,0.328426509343,0.884538922424,0.115461077576,1,0,1,0,0,1,1,0
0.04544,0.328426509343,0.884538922424,0.115461077576,0,1,1,0,0,1,0,0
0.04546,0.328426509343,0.884538922424,0.115461077576,0,1,1,0,0,1,0,0
0.04548,0.328426509343,0.884538922424,0.115461077576,0,1,1,0,0,1,0,0
0.0455,0.328426509343,0.884538922424,0.115461077576,0,0,0,0,0,0,2,1
0.04552,0.304602892024,0.880514425768,0.119485574232,1,0,1,0,0,1,1,0
0.04554,0.304602892024,0.880514425768,0.119485574232,0,1,1,0,0,1,0,0
0.04556,0.304602892024,0.880514425768,0.119485574232,0,1,1,0,0,1,0,0
0.04558,0.304602892024,0.880514425768,0.119485574232,0,1,1,0,0,1,0,0
0.0456,0.304602892024,0.880514425768,0.119485574232,0,0,0,0,0,0,2,1
0.04562,0.281390133223,0.877300426033,0.122699573967,1,0,1,0,0,1,1,0
0.04564,0.281390133223,0.877300426033,0.122699573967,0,1,1,0,0,1,0,0
0.04566,0.281390133223,0.877300426033,0.122699573967,0,1,1,0,0,1,0,0
0.04568,0.281390133223,0.877300426033,0.122699573967,0,1,1,0,0,1,0,0
0.0457,0.281390133223,0.877300426033,0.122699573967,0,0,0,0,0,0,2,1
0.04572,0.259933810398,0.87299163236,0.12700836764,1,0,1,0,0,1,1,0
0.04574,0.259933810398,0.87299163236,0.12700836764,0,1,1,0,0,1,0,0
0.04576,0.259933810398,0.87299163236,0.12700836764,0,1,1,0,0,1,0,0
0.04578,0.259933810398,0.87299163236,0.12700836764,0,1,1,0,0,1,0,0
0.0458,0.259933810398,0.87299163236,0.12700836764,0,0,0,0,0,0,2,1
0.04582,0.238622913893,0.867710907509,0.132289092491,1,0,1,0,0,1,1,0
0.04584,0.238622913893,0.867710907509,0.132289092491,0,1,1,0,0,1,0,0
0.04586,0.238622913893,0.867710907509,0.132289092491,0,1,1,0,0,1,0,0
0.04588,0.238622913893,0.867710907509,0.132289092491,0,1,1,0,0,1,0,0
0.0459,0.238622913893,0.867710907509,0.132289092491,0,0,0,0,0,0,2,1
0.04592,0.218025083642,0.863067462785,0.136932537215,1,0,1,0,0,1,1,0
0.04594,0.218025083642,0.863067462785,0.136932537215,0,1,1,0,0,1,0,0
0.04596,0.218025083642,0.863067462785,0.136932537215,0,1,1,0,0,1,0,0
0.04598,0.218025083642,0.863067462785,0.136932537215,0,1,1,0,0,1,0,0
0.046,0.218025083642,0.863067462785,0.136932537215,0,0,0,0,0,0,2,1
0.04602,0.197644690803,0.857339991095,0.142660008905,1,0,1,0,0,1,1,0
0.04604,0.197644690803,0.857339991095,0.142660008905,0,1,1,0,0,1,0,0
0.04606,0.197644690803,0.857339991095,0.142660008905,0,1,1,0,0,1,0,0
0.04608,0.197644690803,0.857339991095,0.142660008905,0,1,1,0,0,1,0,0
0.0461,0.197644690803,0.857339991095,0.142660008905,0,0,0,0,0,0,2,1
0.04612,0.178055089234,0.85213830315,0.14786169685,0,0,1,0,0,1,1,0
0.04614,0.178055089234,0.85213830315,0.14786169685,0,1,1,0,0,1,0,0
0.04616,0.178055089234,0.85213830315,0.14786169685,0,1,1,0,0,1,0,0
0.04618,0.178055089234,0.85213830315,0.14786169685,0,1,1,0,0,1,0,0
0.0462,0.178055089234,0.85213830315,0.14786169685,0,0,0,0,0,0,2,1
0.04622,0.158768588618,0.845742742818,0.154257257182,0,1,1,0,0,1,0,0
0.04624,0.158768588618,0.845742742818,0.154257257182,0,1,1,0,0,1,0,0
0.04626,0.158768588618,0.845742742818,0.154257257182,0,1,1,0,0,1,0,0
0.04628,0.158768588618,0.845742742818,0.154257257182,0,1,1,0,0,1,0,0
0.0463,0.158768588618,0.845742742818,0.154257257182,0,0,0,0,0,0,2,1
0.04632,0.150300168067,0.849699831933,0.170171863495,0,1,1,0,0,1,0,0
0.04634,0.150300168067,0.849699831933,0.170171863495,0,1,1,0,0,1,0,0
0.04636,0.150300168067,0.849699831933,0.170171863495,0,1,1,0,0,1,0,0
0.04638,0.150300168067,0.849699831933,0.170171863495,0,1,1,0,0,1,0,0
0.0464,0.150300168067,0.849699831933,0.170171863495,0,0,0,0,0,0,2,1
0.04642,0.14493896349,0.85506103651,0.190092121977,0,1,1,0,0,1,0,0
0.04644,0.14493896349,0.85506103651,0.190092121977,0,1,1,0,0,1,0,0
0.04646,0.14493896349,0.85506103651,0.190092121977,0,1,1,0,0,1,0,0
0.04648,0.14493896349,0.85506103651,0.190092121977,0,1,1,0,0,1,0,0
0.0465,0.14493896349,0.85506103651,0.190092121977,0,0,0,0,0,0,2,1
0.04652,0.139921710981,0.860078289019,0.209060191481,0,1,1,0,0,0,1,0
0.04654,0.139921710981,0.860078289019,0.209060191481,0,1,1,0,0,1,0,0
0.04656,0.139921710981,0.860078289019,0.209060191481,0,1,1,0,0,1,0,0
0.04658,0.139921710981,0.860078289019,0.209060191481,0,1,1,0,0,1,0,0
0.0466,0.139921710981,0.860078289019,0.209060191481,0,0,0,0,0,0,2,1
0.04662,0.136047171582,0.863952828418,0.228229872633,0,1,1,0,1,0,1,0
0.04664,0.136047171582,0.863952828418,0.228229872633,0,1,1,0,0,1,0,0
0.04666,0.136047171582,0.863952828418,0.228229872633,0,1,1,0,0,1,0,0
0.04668,0.136047171582,0.863952828418,0.228229872633,0,1,1,0,0,1,0,0
0.0467,0.136047171582,0.863952828418,0.228229872633,0,0,0,0,0,0,2,1
0.04672,0.131707783777,0.868292216223,0.247083756453,0,1,1,0,1,0,1,0
0.04674,0.131707783777,0.868292216223,0.247083756453,0,1,1,0,0,1,0,0
0.04676,0.131707783777,0.868292216223,0.247083756453,0,1,1,0,0,1,0,0
0.04678,0.131707783777,0.868292216223,0.247083756453,0,1,1,0,0,1,0,0
0.0468,0.131707783777,0.868292216223,0.247083756453,0,0,0,0,0,0,2,1
0.04682,0.126953616291,0.873046383709,0.265667297373,0,1,1,0,1,0,1,0
0.04684,0.126953616291,0.873046383709,0.265667297373,0,1,1,0,0,1,0,0
0.04686,0.126953616291,0.873046383709,0.265667297373,0,1,1,0,0,1,0,0
0.04688,0.126953616291,0.873046383709,0.265667297373,0,1,1,0,0,1,0,0
0.0469,0.126953616291,0.873046383709,0.265667297373,0,0,0,0,0,0,2,1
0.04692,0.12350207931,0.87649792069,0.284580342685,0,1,1,0,1,0,1,0
0.04694,0.12350207931,0.87649792069,0.284580342685,0,1,1,0,0,1,0,0
0.04696,0.12350207931,0.87649792069,0.284580342685,0,1,1,0,0,1,0,0
0.04698,0.12350207931,0.87649792069,0.284580342685,0,1,1,0,0,1,0,0
0.047,0.12350207931,0.87649792069,0.284580342685,0,0,0,0,0,0,2,1
0.04702,0.11974776511,0.88025223489,0.303297962651,0,1,1,0,1,0,1,0
0.04704,0.11974776511,0.88025223489,0.303297962651,0,1,1,0,0,1,0,0
0.04706,0.11974776511,0.88025223489,0.303297962651,0,1,1,0,0,1,0,0
0.04708,0.11974776511,0.88025223489,0.303297962651,0,1,1,0,0,1,0,0
0.0471,0.11974776511,0.88025223489,0.303297962651,0,0,0,0,0,0,2,1
0.04712,0.117233035446,0.882766964554,0.324067651585,0,1,1,0,1,0,1,0
0.04714,0.117233035446,0.882766964554,0.324067651585,0,1,1,0,0,1,0,0
0.04716,0.117233035446,0.882766964554,0.324067651585,0,1,1,0,0,1,0,0
0.04718,0.117233035446,0.882766964554,0.324067651585,0,1,1,0,0,1,0,0
0.0472,0.117233035446,0.882766964554,0.324067651585,0,0,0,0,0,0,2,1
0.04722,0.114532736022,0.885467263978,0.344712335793,0,1,1,0,1,0,1,0
0.04724,0.114532736022,0.885467263978,0.344712335793,0,1,1,0,0,1,0,0
0.04726,0.114532736022,0.885467263978,0.344712335793,0,1,1,0,0,1,0,0
0.04728,0.114532736022,0.885467263978,0.344712335793,0,1,1,0,0,1,0,0
0.0473,0.114532736022,0.885467263978,0.344712335793,0,0,0,0,0,0,2,1
0.04732,0.111702236807,0.888297763193,0.365261829083,0,1,1,0,1,0,1,0
0.04734,0.111702236807,0.888297763193,0.365261829083,0,1,1,0,0,1,0,0
0.04736,0.111702236807,0.888297763193,0.365261829083,0,1,1,0,0,1,0,0
0.04738,0.111702236807,0.888297763193,0.365261829083,0,1,1,0,0,1,0,0
0.0474,0.111702236807,0.888297763193,0.365261829083,0,0,0,0,0,0,2,1
0.04742,0.110465252467,0.889534747533,0.386297509698,0,1,1,0,1,0,1,0
0.04744,0.110465252467,0.889534747533,0.386297509698,0,1,1,0,0,1,0,0
0.04746,0.110465252467,0.889534747533,0.386297509698,0,1,1,0,0,1,0,0
0.04748,0.110465252467,0.889534747533,0.386297509698,0,1,1,0,0,1,0,0
0.0475,0.110465252467,0.889534747533,0.386297509698,0,0,0,0,0,0,2,1
0.04752,0.109397718505,0.890602281495,0.405624763173,0,1,1,0,1,0,1,0
0.04754,0.109397718505,0.890602281495,0.405624763173,0,1,1,0,0,0,1,0
0.04756,0.109397718505,0.890602281495,0.405624763173,0,1,1,0,0,1,0,0
0.04758,0.109397718505,0.890602281495,0.405624763173,0,1,1,0,0,1,0,0
0.0476,0.109397718505,0.890602281495,0.405624763173,0,0,0,0,0,0,2,1
0.04762,0.108377198681,0.891622801319,0.424909428059,0,1,1,0,1,0,1,0
0.04764,0.108377198681,0.891622801319,0.424909428059,0,1,1,0,1,0,1,0
0.04766,0.108377198681,0.891622801319,0.424909428059,0,1,1,0,0,1,0,0
0.04768,0.108377198681,0.891622801319,0.424909428059,0,1,1,0,0,1,0,0
0.0477,0.108377198681,0.891622801319,0.424909428059,0,0,0,0,0,0,2,1
0.04772,0.107461501873,0.892538498127,0.444167884427,0,1,1,0,1,0,1,0
0.04774,0.107461501873,0.892538498127,0.444167884427,0,1,1,0,1,0,1,0
0.04776,0.107461501873,0.892538498127,0.444167884427,0,1,1,0,0,1,0,0
0.04778,0.107461501873,0.892538498127,0.444167884427,0,1,1,0,0,1,0,0
0.0478,0.107461501873,0.892538498127,0.444167884427,0,0,0,0,0,0,2,1
0.04782,0.106530051817,0.893469948183,0.465069011115,0,1,1,0,1,0,1,0
0.04784,0.106530051817,0.893469948183,0.465069011115,0,1,1,0,1,0,1,0
0.04786,0.106530051817,0.893469948183,0.465069011115,0,1,1,0,0,1,0,0
0.04788,0.106530051817,0.893469948183,0.465069011115,0,1,1,0,0,1,0,0
0.0479,0.106530051817,0.893469948183,0.465069011115,0,0,0,0,0,0,2,1
0.04792,0.105822577529,0.894177422471,0.485976050895,0,1,1,0,1,0,1,0
0.04794,0.105822577529,0.894177422471,0.485976050895,0,1,1,0,1,0,0,0
0.04796,0.105822577529,0.894177422471,0.485976050895,0,1,1,0,0,1,0,0
0.04798,0.105822577529,0.894177422471,0.485976050895,0,1,1,0,0,1,0,0
0.048,0.105822577529,0.894177422471,0.485976050895,0,0,0,0,0,0,2,1
0.04802,0.105211854606,0.894788145394,0.508622326078,0,1,1,0,1,0,1,0
0.04804,0.105211854606,0.894788145394,0.508622326078,0,1,1,0,1,0,0,0
0.04806,0.105211854606,0.894788145394,0.508622326078,0,1,1,0,0,1,0,1
0.04808,0.105211854606,0.894788145394,0.508622326078,0,1,1,0,0,1,0,0
0.0481,0.105211854606,0.894788145394,0.508622326078,0,0,0,0,0,0,2,1
0.04812,0.104938618287,0.895061381713,0.531373315743,0,1,1,0,1,0,1,0
0.04814,0.104938618287,0.895061381713,0.531373315743,0,1,1,0,1,0,0,0
0.04816,0.104938618287,0.895061381713,0.531373315743,0,1,1,0,0,1,0,1
0.04818,0.104938618287,0.895061381713,0.531373315743,0,1,1,0,0,1,0,0
0.0482,0.104938618287,0.895061381713,0.531373315743,0,0,0,0,0,0,2,1
0.04822,0.105063711532,0.894936288468,0.554233204939,0,1,1,0,1,0,0,0
0.04824,0.105063711532,0.894936288468,0.554233204939,0,1,1,0,1,0,0,0
0.04826,0.105063711532,0.894936288468,0.554233204939,0,1,1,0,0,1,0,1
0.04828,0.105063711532,0.894936288468,0.554233204939,0,1,1,0,0,1,0,1
0.0483,0.105063711532,0.894936288468,0.554233204939,0,0,0,0,0,0,1,2
0.04832,0.107312146552,0.892687853448,0.577793556348,0,1,1,0,1,0,0,0
0.04834,0.107312146552,0.892687853448,0.577793556348,0,1,1,0,1,0,0,0
0.04836,0.107312146552,0.892687853448,0.577793556348,0,1,1,0,0,1,0,1
0.04838,0.107312146552,0.892687853448,0.577793556348,0,1,1,0,0,1,0,1
0.0484,0.107312146552,0.892687853448,0.577793556348,0,0,0,0,0,0,1,2
0.04842,0.108226544536,0.891773455464,0.602681212741,0,1,1,0,1,0,0,0
0.04844,0.108226544536,0.891773455464,0.602681212741,0,1,1,0,1,0,0,0
0.04846,0.108226544536,0.891773455464,0.602681212741,0,1,1,0,0,1,0,1
0.04848,0.108226544536,0.891773455464,0.602681212741,0,1,1,0,0,1,0,1
0.0485,0.108226544536,0.891773455464,0.602681212741,0,0,0,0,0,0,1,2
0.04852,0.109752511621,0.890247488379,0.62742511084,0,1,1,0,1,0,0,0
0.04854,0.109752511621,0.890247488379,0.62742511084,0,1,1,0,1,0,0,0
0.04856,0.109752511621,0.890247488379,0.62742511084,0,1,1,0,0,0,0,1
0.04858,0.109752511621,0.890247488379,0.62742511084,0,1,1,0,0,1,0,1
0.0486,0.109752511621,0.890247488379,0.62742511084,0,0,0,0,0,0,1,2
0.04862,0.111935503605,0.888064496395,0.652162825313,0,1,1,0,1,0,0,0
0.04864,0.111935503605,0.888064496395,0.652162825313,0,1,1,0,1,0,0,0
0.04866,0.111935503605,0.888064496395,0.652162825313,0,1,1,0,1,0,0,0
0.04868,0.111935503605,0.888064496395,0.652162825313,0,1,1,0,0,1,0,1
0.0487,0.111935503605,0.888064496395,0.652162825313,0,0,0,0,0,0,1,2
0.04872,0.115019416991,0.884980583009,0.675216387676,0,1,1,0,1,0,0,0
0.04874,0.115019416991,0.884980583009,0.675216387676,0,1,1,0,1,0,0,0
0.04876,0.115019416991,0.884980583009,0.675216387676,0,1,1,0,1,0,0,0
0.04878,0.115019416991,0.884980583009,0.675216387676,0,1,1,0,0,1,0,1
0.0488,0.115019416991,0.884980583009,0.675216387676,0,0,0,0,0,0,1,2
0.04882,0.118882974258,0.881117025742,0.698211213094,0,1,1,0,1,0,0,0
0.04884,0.118882974258,0.881117025742,0.698211213094,0,1,1,0,1,0,0,0
0.04886,0.118882974258,0.881117025742,0.698211213094,0,1,1,0,1,0,0,0
0.04888,0.118882974258,0.881117025742,0.698211213094,0,1,1,0,0,1,0,1
0.0489,0.118882974258,0.881117025742,0.698211213094,0,0,0,0,0,0,1,2
0.04892,0.122101637477,0.877898362523,0.718915937806,0,1,1,0,1,0,0,0
0.04894,0.122101637477,0.877898362523,0.718915937806,0,1,1,0,1,0,0,0
0.04896,0.122101637477,0.877898362523,0.718915937806,0,1,1,0,1,0,0,0
0.04898,0.122101637477,0.877898362523,0.718915937806,0,1,1,0,0,1,0,1
0.049,0.122101637477,0.877898362523,0.718915937806,0,0,0,0,0,0,1,2
0.04902,0.12621339335,0.87378660665,0.739501307548,0,1,1,0,1,0,0,0
0.04904,0.12621339335,0.87378660665,0.739501307548,0,1,1,0,1,0,0,0
0.04906,0.12621339335,0.87378660665,0.739501307548,0,1,1,0,1,0,0,0
0.04908,0.12621339335,0.87378660665,0.739501307548,0,1,1,0,0,1,0,1
0.0491,0.12621339335,0.87378660665,0.739501307548,0,0,0,0,0,0,1,2
0.04912,0.131278661594,0.868721338406,0.759933453702,0,1,1,0,1,0,0,0
0.04914,0.131278661594,0.868721338406,0.759933453702,0,1,1,0,1,0,0,0
0.04916,0.131278661594,0.868721338406,0.759933453702,0,1,1,0,1,0,0,0
0.04918,0.131278661594,0.868721338406,0.759933453702,0,1,1,0,0,1,0,1
0.0492,0.131278661594,0.868721338406,0.759933453702,0,0,0,0,0,0,1,2
0.04922,0.135689791107,0.864310208893,0.779632035913,0,1,1,0,1,0,0,0
0.04924,0.135689791107,0.864310208893,0.779632035913,0,1,1,0,1,0,0,0
0.04926,0.135689791107,0.864310208893,0.779632035913,0,1,1,0,1,0,0,0
0.04928,0.135689791107,0.864310208893,0.779632035913,0,1,1,0,0,1,0,1
0.0493,0.135689791107,0.864310208893,0.779632035913,0,0,0,0,0,0,1,2
0.04932,0.141166707335,0.858833292665,0.799105046044,0,1,1,0,1,0,0,0
0.04934,0.141166707335,0.858833292665,0.799105046044,0,1,1,0,1,0,0,0
0.04936,0.141166707335,0.858833292665,0.799105046044,0,1,1,0,1,0,0,0
0.04938,0.141166707335,0.858833292665,0.799105046044,0,1,1,0,0,1,0,1
0.0494,0.141166707335,0.858833292665,0.799105046044,0,0,0,0,0,0,1,2
0.04942,0.14610121196,0.85389878804,0.817766735599,0,1,1,0,1,0,0,0
0.04944,0.14610121196,0.85389878804,0.817766735599,0,1,1,0,1,0,0,0
0.04946,0.14610121196,0.85389878804,0.817766735599,0,1,1,0,1,0,0,0
0.04948,0.14610121196,0.85389878804,0.817766735599,0,1,1,0,0,0,0,1
0.0495,0.14610121196,0.85389878804,0.817766735599,0,0,0,0,0,0,1,2
0.04952,0.152211667362,0.847788332638,0.836116789397,0,1,1,0,1,0,0,0
0.04954,0.152211667362,0.847788332638,0.836116789397,0,1,1,0,1,0,0,0
0.04956,0.152211667362,0.847788332638,0.836116789397,0,1,1,0,1,0,0,0
0.04958,0.152211667362,0.847788332638,0.836116789397,0,1,1,0,1,0,0,0
0.0496,0.152211667362,0.847788332638,0.836116789397,0,0,0,0,0,0,1,2
0.04962,0.152162541398,0.836384427725,0.847837458602,0,1,1,0,1,0,0,0
0.04964,0.152162541398,0.836384427725,0.847837458602,0,1,1,0,1,0,0,0
0.04966,0.152162541398,0.836384427725,0.847837458602,0,1,1,0,1,0,0,0
0.04968,0.152162541398,0.836384427725,0.847837458602,0,1,1,0,1,0,0,0
0.0497,0.152162541398,0.836384427725,0.847837458602,0,0,0,0,0,0,1,2
0.04972,0.147124970496,0.817425484198,0.852875029504,0,1,1,0,1,0,0,0
0.04974,0.147124970496,0.817425484198,0.852875029504,0,1,1,0,1,0,0,0
0.04976,0.147124970496,0.817425484198,0.852875029504,0,1,1,0,1,0,0,0
0.04978,0.147124970496,0.817425484198,0.852875029504,0,1,1,0,1,0,0,0
0.0498,0.147124970496,0.817425484198,0.852875029504,0,0,0,0,0,0,1,2
0.04982,0.142244706047,0.797802650374,0.857755293953,0,1,1,0,1,0,0,0
0.04984,0.142244706047,0.797802650374,0.857755293953,0,1,1,0,1,0,0,0
0.04986,0.142244706047,0.797802650374,0.857755293953,0,1,1,0,1,0,0,0
0.04988,0.142244706047,0.797802650374,0.857755293953,0,1,1,0,1,0,0,0
0.0499,0.142244706047,0.797802650374,0.857755293953,0,0,0,0,0,0,1,2
0.04992,0.136827364652,0.778572968754,0.863172635348,0,1,1,0,1,0,0,0
0.04994,0.136827364652,0.778572968754,0.863172635348,0,1,1,0,1,0,0,0
0.04996,0.136827364652,0.778572968754,0.863172635348,0,1,1,0,1,0,0,0
0.04998,0.136827364652,0.778572968754,0.863172635348,0,1,0,0,1,0,0,1
0.05,0.136827364652,0.778572968754,0.863172635348,0,0,0,0,0,0,1,2
0.05002,0.132587833201,0.759139611455,0.867412166799,0,1,1,0,1,0,0,0
0.05004,0.132587833201,0.759139611455,0.867412166799,0,1,1,0,1,0,0,0
0.05006,0.132587833201,0.759139611455,0.867412166799,0,1,1,0,1,0,0,0
0.05008,0.132587833201,0.759139611455,0.867412166799,0,1,0,1,1,0,0,1
0.0501,0.132587833201,0.759139611455,0.867412166799,0,0,0,0,0,0,1,2
0.05012,0.127918297286,0.740008018463,0.872081702714,0,1,1,0,1,0,0,0
0.05014,0.127918297286,0.740008018463,0.872081702714,0,1,1,0,1,0,0,0
0.05016,0.127918297286,0.740008018463,0.872081702714,0,1,1,0,1,0,0,0
0.05018,0.127918297286,0.740008018463,0.872081702714,0,1,0,1,1,0,0,1
0.0502,0.127918297286,0.740008018463,0.872081702714,0,0,0,0,0,0,1,2
0.05022,0.124536591575,0.720588183989,0.875463408425,0,1,1,0,1,0,0,0
0.05024,0.124536591575,0.720588183989,0.875463408425,0,1,1,0,1,0,0,0
0.05026,0.124536591575,0.720588183989,0.875463408425,0,1,1,0,1,0,0,0
0.05028,0.124536591575,0.720588183989,0.875463408425,0,1,0,1,1,0,0,1
0.0503,0.124536591575,0.720588183989,0.875463408425,0,0,0,0,0,0,1,2
0.05032,0.120836160906,0.701390881898,0.879163839094,0,1,1,0,1,0,0,0
0.05034,0.120836160906,0.701390881898,0.879163839094,0,1,1,0,1,0,0,0
0.05036,0.120836160906,0.701390881898,0.879163839094,0,1,1,0,1,0,0,0
0.05038,0.120836160906,0.701390881898,0.879163839094,0,1,0,1,1,0,0,1
0.0504,0.120836160906,0.701390881898,0.879163839094,0,0,0,0,0,0,1,2
0.05042,0.118537483634,0.681833523155,0.881462516366,0,1,1,0,1,0,0,0
0.05044,0.118537483634,0.681833523155,0.881462516366,0,1,1,0,1,0,0,0
0.05046,0.118537483634,0.681833523155,0.881462516366,0,1,1,0,1,0,0,0
0.05048,0.118537483634,0.681833523155,0.881462516366,0,1,0,1,1,0,0,1
0.0505,0.118537483634,0.681833523155,0.881462516366,0,0,0,0,0,0,1,2
0.05052,0.116035057969,0.662432447937,0.883964942031,0,1,1,0,1,0,0,0
0.05054,0.116035057969,0.662432447937,0.883964942031,0,1,1,0,1,0,0,0
0.05056,0.116035057969,0.662432447937,0.883964942031,0,1,1,0,1,0,0,0
0.05058,0.116035057969,0.662432447937,0.883964942031,0,1,0,1,1,0,0,1
0.0506,0.116035057969,0.662432447937,0.883964942031,0,0,0,0,0,0,1,2
0.05062,0.113383520538,0.643155546916,0.886616479462,0,1,1,0,1,0,0,0
0.05064,0.113383520538,0.643155546916,0.886616479462,0,1,1,0,1,0,0,0
0.05066,0.113383520538,0.643155546916,0.886616479462,0,1,1,0,1,0,0,0
0.05068,0.113383520538,0.643155546916,0.886616479462,0,1,0,1,1,0,0,1
0.0507,0.113383520538,0.643155546916,0.886616479462,0,0,0,0,0,0,1,2
0.05072,0.110638445876,0.623973555792,0.889361554124,0,1,1,0,1,0,0,0
0.05074,0.110638445876,0.623973555792,0.889361554124,0,1,1,0,1,0,0,0
0.05076,0.110638445876,0.623973555792,0.889361554124,0,1,1,0,1,0,0,0
0.05078,0.110638445876,0.623973555792,0.889361554124,0,1,0,1,1,0,0,1
0.0508,0.110638445876,0.623973555792,0.889361554124,0,0,0,0,0,0,1,2
0.05082,0.109524964973,0.604318749671,0.890475035027,0,1,1,0,1,0,0,0
0.05084,0.109524964973,0.604318749671,0.890475035027,0,1,1,0,1,0,0,0
0.05086,0.109524964973,0.604318749671,0.890475035027,0,1,1,0,1,0,0,0
0.05088,0.109524964973,0.604318749671,0.890475035027,0,1,0,1,1,0,0,1
0.0509,0.109524964973,0.604318749671,0.890475035027,0,0,0,0,0,0,1,2
0.05092,0.108439454458,0.584718076463,0.891560545542,0,1,1,0,1,0,0,0
0.05094,0.108439454458,0.584718076463,0.891560545542,0,1,1,0,1,0,0,0
0.05096,0.108439454458,0.584718076463,0.891560545542,0,1,0,0,1,0,0,1
0.05098,0.108439454458,0.584718076463,0.891560545542,0,1,0,1,1,0,0,1
0.051,0.108439454458,0.584718076463,0.891560545542,0,0,0,0,0,0,1,2
0.05102,0.107439542798,0.565152736043,0.892560457202,0,1,1,0,1,0,0,0
0.05104,0.107439542798,0.565152736043,0.892560457202,0,1,1,0,1,0,0,0
0.05106,0.107439542798,0.565152736043,0.892560457202,0,1,0,1,1,0,0,1
0.05108,0.107439542798,0.565152736043,0.892560457202,0,1,0,1,1,0,0,1
0.0511,0.107439542798,0.565152736043,0.892560457202,0,0,0,0,0,0,1,2
0.05112,0.106583512705,0.545607137033,0.893416487295,0,1,1,0,1,0,0,0
0.05114,0.106583512705,0.545607137033,0.893416487295,0,1,1,0,1,0,0,0
0.05116,0.106583512705,0.545607137033,0.893416487295,0,1,0,1,1,0,0,1
0.05118,0.106583512705,0.545607137033,0.893416487295,0,1,0,1,1,0,0,1
0.0512,0.106583512705,0.545607137033,0.893416487295,0,0,0,0,0,0,1,2
0.05122,0.10575088174,0.524411346108,0.89424911826,0,1,1,0,1,0,0,0
0.05124,0.10575088174,0.524411346108,0.89424911826,0,1,1,0,1,0,0,0
0.05126,0.10575088174,0.524411346108,0.89424911826,0,1,0,1,1,0,0,1
0.05128,0.10575088174,0.524411346108,0.89424911826,0,1,0,1,1,0,0,1
0.0513,0.10575088174,0.524411346108,0.89424911826,0,0,0,0,0,0,1,2
0.05132,0.105182121348,0.503205587286,0.894817878652,0,1,1,0,1,0,0,0
0.05134,0.105182121348,0.503205587286,0.894817878652,0,1,1,0,1,0,0,0
0.05136,0.105182121348,0.503205587286,0.894817878652,0,1,0,1,1,0,0,1
0.05138,0.105182121348,0.503205587286,0.894817878652,0,1,0,1,1,0,0,1
0.0514,0.105182121348,0.503205587286,0.894817878652,0,0,0,0,0,0,1,2
0.05142,0.105117265697,0.483641180491,0.894882734303,0,1,1,0,1,0,0,0
0.05144,0.105117265697,0.483641180491,0.894882734303,0,1,1,0,1,0,0,0
0.05146,0.105117265697,0.483641180491,0.894882734303,0,1,0,1,1,0,0,1
0.05148,0.105117265697,0.483641180491,0.894882734303,0,1,0,1,1,0,0,1
0.0515,0.105117265697,0.483641180491,0.894882734303,0,0,0,0,0,0,2,1
0.05152,0.105429874511,0.46401688768,0.894570125489,0,1,1,0,1,0,0,0
0.05154,0.105429874511,0.46401688768,0.894570125489,0,1,1,0,1,0,0,0
0.05156,0.105429874511,0.46401688768,0.894570125489,0,1,0,1,1,0,0,1
0.05158,0.105429874511,0.46401688768,0.894570125489,0,1,0,1,1,0,0,0
0.0516,0.105429874511,0.46401688768,0.894570125489,0,0,0,0,0,0,2,1
0.05162,0.105838464618,0.441190501663,0.894161535382,0,1,1,0,1,0,1,0
0.05164,0.105838464618,0.441190501663,0.894161535382,0,1,1,0,1,0,0,0
0.05166,0.105838464618,0.441190501663,0.894161535382,0,1,0,1,1,0,0,1
0.05168,0.105838464618,0.441190501663,0.894161535382,0,1,0,1,1,0,0,0
0.0517,0.105838464618,0.441190501663,0.894161535382,0,0,0,0,0,0,2,1
0.05172,0.106724187738,0.418064291631,0.893275812262,0,1,1,0,1,0,1,0
0.05174,0.106724187738,0.418064291631,0.893275812262,0,1,1,0,1,0,0,0
0.05176,0.106724187738,0.418064291631,0.893275812262,0,1,0,1,1,0,0,0
0.05178,0.106724187738,0.418064291631,0.893275812262,0,1,0,1,1,0,0,0
0.0518,0.106724187738,0.418064291631,0.893275812262,0,0,0,0,0,0,2,1
0.05182,0.108170931531,0.394846441473,0.891829068469,0,1,1,0,1,0,1,0
0.05184,0.108170931531,0.394846441473,0.891829068469,0,1,1,0,1,0,0,0
0.05186,0.108170931531,0.394846441473,0.891829068469,0,1,0,1,1,0,0,0
0.05188,0.108170931531,0.394846441473,0.891829068469,0,1,0,1,1,0,0,0
0.0519,0.108170931531,0.394846441473,0.891829068469,0,0,0,0,0,0,2,1
0.05192,0.11024111593,0.371553869077,0.88975888407,0,1,1,0,1,0,1,0
0.05194,0.11024111593,0.371553869077,0.88975888407,0,1,0,0,1,0,1,0
0.05196,0.11024111593,0.371553869077,0.88975888407,0,1,0,1,1,0,0,0
0.05198,0.11024111593,0.371553869077,0.88975888407,0,1,0,1,1,0,0,0
0.052,0.11024111593,0.371553869077,0.88975888407,0,0,0,0,0,0,2,1
0.05202,0.112817622108,0.346565916306,0.887182377892,0,1,1,0,1,0,1,0
0.05204,0.112817622108,0.346565916306,0.887182377892,0,1,0,1,1,0,0,0
0.05206,0.112817622108,0.346565916306,0.887182377892,0,1,0,1,1,0,0,0
0.05208,0.112817622108,0.346565916306,0.887182377892,0,1,0,1,1,0,0,0
0.0521,0.112817622108,0.346565916306,0.887182377892,0,0,0,0,0,0,2,1
0.05212,0.11615143502,0.321606216655,0.88384856498,0,1,1,0,1,0,1,0
0.05214,0.11615143502,0.321606216655,0.88384856498,0,1,0,1,1,0,0,0
0.05216,0.11615143502,0.321606216655,0.88384856498,0,1,0,1,1,0,0,0
0.05218,0.11615143502,0.321606216655,0.88384856498,0,1,0,1,1,0,0,0
0.0522,0.11615143502,0.321606216655,0.88384856498,0,0,0,0,0,0,2,1
0.05222,0.120304584845,0.296699261316,0.879695415155,0,1,1,0,1,0,1,0
0.05224,0.120304584845,0.296699261316,0.879695415155,0,1,0,1,1,0,0,0
0.05226,0.120304584845,0.296699261316,0.879695415155,0,1,0,1,1,0,0,0
0.05228,0.120304584845,0.296699261316,0.879695415155,0,1,0,1,1,0,0,0
0.0523,0.120304584845,0.296699261316,0.879695415155,0,0,0,0,0,0,2,1
0.05232,0.123850860499,0.274059020644,0.876149139501,0,1,1,0,1,0,1,0
0.05234,0.123850860499,0.274059020644,0.876149139501,0,1,0,1,1,0,0,0
0.05236,0.123850860499,0.274059020644,0.876149139501,0,1,0,1,1,0,0,0
0.05238,0.123850860499,0.274059020644,0.876149139501,0,1,0,1,1,0,0,0
0.0524,0.123850860499,0.274059020644,0.876149139501,0,0,0,0,0,0,2,1
0.05242,0.128330441742,0.251533879603,0.871669558258,0,1,1,0,1,0,1,0
0.05244,0.128330441742,0.251533879603,0.871669558258,0,1,0,1,1,0,0,0
0.05246,0.128330441742,0.251533879603,0.871669558258,0,1,0,1,1,0,0,0
0.05248,0.128330441742,0.251533879603,0.871669558258,0,1,0,1,1,0,0,0
0.0525,0.128330441742,0.251533879603,0.871669558258,0,0,0,0,0,0,2,1
0.05252,0.13398582981,0.230812447403,0.86601417019,0,1,1,0,1,0,1,0
0.05254,0.13398582981,0.230812447403,0.86601417019,0,1,0,1,1,0,0,0
0.05256,0.13398582981,0.230812447403,0.86601417019,0,1,0,1,1,0,0,0
0.05258,0.13398582981,0.230812447403,0.86601417019,0,1,0,1,1,0,0,0
0.0526,0.13398582981,0.230812447403,0.86601417019,0,0,0,0,0,0,2,1
0.05262,0.139023992957,0.210819060848,0.860976007043,0,1,1,0,1,0,1,0
0.05264,0.139023992957,0.210819060848,0.860976007043,0,1,0,1,1,0,0,0
0.05266,0.139023992957,0.210819060848,0.860976007043,0,1,0,1,1,0,0,0
0.05268,0.139023992957,0.210819060848,0.860976007043,0,1,0,1,1,0,0,0
0.0527,0.139023992957,0.210819060848,0.860976007043,0,0,0,0,0,0,2,1
0.05272,0.145165781133,0.191059611204,0.854834218867,0,1,1,0,1,0,1,0
0.05274,0.145165781133,0.191059611204,0.854834218867,0,1,0,1,1,0,0,0
0.05276,0.145165781133,0.191059611204,0.854834218867,0,1,0,1,1,0,0,0
0.05278,0.145165781133,0.191059611204,0.854834218867,0,1,0,1,1,0,0,0
0.0528,0.145165781133,0.191059611204,0.854834218867,0,0,0,0,0,0,2,1
0.05282,0.150801054113,0.17210854908,0.849198945887,0,1,0,0,1,0,1,0
0.05284,0.150801054113,0.17210854908,0.849198945887,0,1,0,1,1,0,0,0
0.05286,0.150801054113,0.17210854908,0.849198945887,0,1,0,1,1,0,0,0
0.05288,0.150801054113,0.17210854908,0.849198945887,0,1,0,1,1,0,0,0
0.0529,0.150801054113,0.17210854908,0.849198945887,0,0,0,0,0,0,2,1
0.05292,0.156966934613,0.15499440554,0.84500559446,0,1,0,1,1,0,0,0
0.05294,0.156966934613,0.15499440554,0.84500559446,0,1,0,1,1,0,0,0
0.05296,0.156966934613,0.15499440554,0.84500559446,0,1,0,1,1,0,0,0
0.05298,0.156966934613,0.15499440554,0.84500559446,0,1,0,1,1,0,0,0
0.053,0.156966934613,0.15499440554,0.84500559446,0,0,0,0,0,0,2,1
0.05302,0.175496515146,0.149349147919,0.850650852081,0,1,0,1,1,0,0,0
0.05304,0.175496515146,0.149349147919,0.850650852081,0,1,0,1,1,0,0,0
0.05306,0.175496515146,0.149349147919,0.850650852081,0,1,0,1,1,0,0,0
0.05308,0.175496515146,0.149349147919,0.850650852081,0,1,0,1,1,0,0,0
0.0531,0.175496515146,0.149349147919,0.850650852081,0,0,0,0,0,0,2,1
0.05312,0.194138036087,0.144751368535,0.855248631465,0,1,0,1,1,0,0,0
0.05314,0.194138036087,0.144751368535,0.855248631465,0,1,0,1,1,0,0,0
0.05316,0.194138036087,0.144751368535,0.855248631465,0,1,0,1,1,0,0,0
0.05318,0.194138036087,0.144751368535,0.855248631465,0,1,0,1,1,0,0,0
0.0532,0.194138036087,0.144751368535,0.855248631465,0,0,0,0,0,0,2,1
0.05322,0.212387227973,0.139597673966,0.860402326034,0,0,0,1,1,0,1,0
0.05324,0.212387227973,0.139597673966,0.860402326034,0,1,0,1,1,0,0,0
0.05326,0.212387227973,0.139597673966,0.860402326034,0,1,0,1,1,0,0,0
0.05328,0.212387227973,0.139597673966,0.860402326034,0,1,0,1,1,0,0,0
0.0533,0.212387227973,0.139597673966,0.860402326034,0,0,0,0,0,0,2,1
0.05332,0.232507085586,0.135424501051,0.864575498949,1,0,0,1,1,0,1,0
0.05334,0.232507085586,0.135424501051,0.864575498949,0,1,0,1,1,0,0,0
0.05336,0.232507085586,0.135424501051,0.864575498949,0,1,0,1,1,0,0,0
0.05338,0.232507085586,0.135424501051,0.864575498949,0,1,0,1,1,0,0,0
0.0534,0.232507085586,0.135424501051,0.864575498949,0,0,0,0,0,0,2,1
0.05342,0.252333154939,0.130802964309,0.869197035691,1,0,0,1,1,0,1,0
0.05344,0.252333154939,0.130802964309,0.869197035691,0,1,0,1,1,0,0,0
0.05346,0.252333154939,0.130802964309,0.869197035691,0,1,0,1,1,0,0,0
0.05348,0.252333154939,0.130802964309,0.869197035691,0,1,0,1,1,0,0,0
0.0535,0.252333154939,0.130802964309,0.869197035691,0,0,0,0,0,0,2,1
0.05352,0.271910164768,0.125783844898,0.874216155102,1,0,0,1,1,0,1,0
0.05354,0.271910164768,0.125783844898,0.874216155102,0,1,0,1,1,0,0,0
0.05356,0.271910164768,0.125783844898,0.874216155102,0,1,0,1,1,0,0,0
0.05358,0.271910164768,0.125783844898,0.874216155102,0,1,0,1,1,0,0,0
0.0536,0.271910164768,0.125783844898,0.874216155102,0,0,0,0,0,0,2,1
0.05362,0.291837032656,0.122085361868,0.877914638132,1,0,0,1,1,0,1,0
0.05364,0.291837032656,0.122085361868,0.877914638132,0,1,0,1,1,0,0,0
0.05366,0.291837032656,0.122085361868,0.877914638132,0,1,0,1,1,0,0,0
0.05368,0.291837032656,0.122085361868,0.877914638132,0,1,0,1,1,0,0,0
0.0537,0.291837032656,0.122085361868,0.877914638132,0,0,0,0,0,0,2,1
0.05372,0.311588135769,0.118102669497,0.881897330503,1,0,0,1,1,0,1,0
0.05374,0.311588135769,0.118102669497,0.881897330503,0,1,0,1,1,0,0,0
0.05376,0.311588135769,0.118102669497,0.881897330503,0,1,0,1,1,0,0,0
0.05378,0.311588135769,0.118102669497,0.881897330503,0,1,0,1,1,0,0,0
0.0538,0.311588135769,0.118102669497,0.881897330503,0,0,0,0,0,0,2,1
0.05382,0.331755029261,0.115556478711,0.884443521289,1,0,0,1,1,0,1,0
0.05384,0.331755029261,0.115556478711,0.884443521289,0,1,0,1,1,0,0,0
0.05386,0.331755029261,0.115556478711,0.884443521289,0,1,0,1,1,0,0,0
0.05388,0.331755029261,0.115556478711,0.884443521289,0,1,0,1,1,0,0,0
0.0539,0.331755029261,0.115556478711,0.884443521289,0,0,0,0,0,0,2,1
0.05392,0.351806102534,0.112843004311,0.887156995689,1,0,0,1,1,0,1,0
0.05394,0.351806102534,0.112843004311,0.887156995689,0,1,0,1,1,0,0,0
0.05396,0.351806102534,0.112843004311,0.887156995689,0,1,0,1,1,0,0,0
0.05398,0.351806102534,0.112843004311,0.887156995689,0,1,0,1,1,0,0,0
0.054,0.351806102534,0.112843004311,0.887156995689,0,0,0,0,0,0,2,1
0.05402,0.371770191342,0.110017817645,0.889982182355,1,0,0,1,1,0,1,0
0.05404,0.371770191342,0.110017817645,0.889982182355,0,1,0,1,1,0,0,0
0.05406,0.371770191342,0.110017817645,0.889982182355,0,1,0,1,1,0,0,0
0.05408,0.371770191342,0.110017817645,0.889982182355,0,1,0,1,1,0,0,0
0.0541,0.371770191342,0.110017817645,0.889982182355,0,0,0,0,0,0,2,1
0.05412,0.392227470774,0.10880489691,0.89119510309,1,0,0,1,1,0,1,0
0.05414,0.392227470774,0.10880489691,0.89119510309,0,1,0,1,1,0,0,0
0.05416,0.392227470774,0.10880489691,0.89119510309,0,1,0,1,1,0,0,0
0.05418,0.392227470774,0.10880489691,0.89119510309,0,1,0,1,1,0,0,0
0.0542,0.392227470774,0.10880489691,0.89119510309,0,0,0,0,0,0,2,1
0.05422,0.412637739076,0.107601855932,0.892398144068,1,0,0,1,1,0,1,0
0.05424,0.412637739076,0.107601855932,0.892398144068,0,0,0,1,1,0,1,0
0.05426,0.412637739076,0.107601855932,0.892398144068,0,1,0,1,1,0,0,0
0.05428,0.412637739076,0.107601855932,0.892398144068,0,1,0,1,1,0,0,0
0.0543,0.412637739076,0.107601855932,0.892398144068,0,0,0,0,0,0,2,1
0.05432,0.433019446055,0.106466394585,0.893533605415,1,0,0,1,1,0,1,0
0.05434,0.433019446055,0.106466394585,0.893533605415,1,0,0,1,1,0,1,0
0.05436,0.433019446055,0.106466394585,0.893533605415,0,1,0,1,1,0,0,0
0.05438,0.433019446055,0.106466394585,0.893533605415,0,1,0,1,1,0,0,0
0.0544,0.433019446055,0.106466394585,0.893533605415,0,0,0,0,0,0,2,1
0.05442,0.453387855051,0.105456894682,0.894543105318,1,0,0,1,1,0,1,0
0.05444,0.453387855051,0.105456894682,0.894543105318,1,0,0,1,1,0,1,0
0.05446,0.453387855051,0.105456894682,0.894543105318,0,1,0,1,1,0,0,0
0.05448,0.453387855051,0.105456894682,0.894543105318,0,1,0,1,1,0,0,0
0.0545,0.453387855051,0.105456894682,0.894543105318,0,0,0,0,0,0,2,1
0.05452,0.473754951459,0.104632350899,0.895367649101,1,0,0,1,1,0,1,0
0.05454,0.473754951459,0.104632350899,0.895367649101,1,0,0,1,1,0,1,0
0.05456,0.473754951459,0.104632350899,0.895367649101,0,1,0,1,1,0,0,0
0.05458,0.473754951459,0.104632350899,0.895367649101,0,1,0,1,1,0,0,0
0.0546,0.473754951459,0.104632350899,0.895367649101,0,0,0,0,0,0,2,1
0.05462,0.494129357711,0.104052298583,0.895947701417,1,0,0,1,1,0,1,0
0.05464,0.494129357711,0.104052298583,0.895947701417,1,0,0,1,1,0,0,0
0.05466,0.494129357711,0.104052298583,0.895947701417,0,1,0,1,1,0,0,0
0.05468,0.494129357711,0.104052298583,0.895947701417,0,1,0,1,1,0,0,0
0.0547,0.494129357711,0.104052298583,0.895947701417,0,0,0,0,0,0,2,1
0.05472,0.518463077068,0.10507673691,0.89492326309,1,0,0,1,1,0,1,0
0.05474,0.518463077068,0.10507673691,0.89492326309,1,0,0,1,1,0,0,0
0.05476,0.518463077068,0.10507673691,0.89492326309,0,1,0,1,1,0,0,1
0.05478,0.518463077068,0.10507673691,0.89492326309,0,1,0,1,1,0,0,0
0.0548,0.518463077068,0.10507673691,0.89492326309,0,0,0,0,0,0,2,1
0.05482,0.542892528313,0.106469292962,0.893530707038,1,0,0,1,1,0,1,0
0.05484,0.542892528313,0.106469292962,0.893530707038,1,0,0,1,1,0,0,0
0.05486,0.542892528313,0.106469292962,0.893530707038,0,1,0,1,1,0,0,1
0.05488,0.542892528313,0.106469292962,0.893530707038,0,1,0,1,1,0,0,0
0.0549,0.542892528313,0.106469292962,0.893530707038,0,0,0,0,0,0,2,1
0.05492,0.565209336891,0.106803108152,0.893196891848,1,0,0,1,1,0,0,0
0.05494,0.565209336891,0.106803108152,0.893196891848,1,0,0,1,1,0,0,0
0.05496,0.565209336891,0.106803108152,0.893196891848,0,1,0,1,1,0,0,1
0.05498,0.565209336891,0.106803108152,0.893196891848,0,1,0,1,1,0,0,1
0.055,0.565209336891,0.106803108152,0.893196891848,0,0,0,0,0,0,1,2
0.05502,0.587671658004,0.107612493208,0.892387506792,1,0,0,1,1,0,0,0
0.05504,0.587671658004,0.107612493208,0.892387506792,1,0,0,1,1,0,0,0
0.05506,0.587671658004,0.107612493208,0.892387506792,0,1,0,1,1,0,0,1
0.05508,0.587671658004,0.107612493208,0.892387506792,0,1,0,1,1,0,0,1
0.0551,0.587671658004,0.107612493208,0.892387506792,0,0,0,0,0,0,1,2
0.05512,0.610594146325,0.108923944546,0.891076055454,1,0,0,1,1,0,0,0
0.05514,0.610594146325,0.108923944546,0.891076055454,1,0,0,1,1,0,0,0
0.05516,0.610594146325,0.108923944546,0.891076055454,0,0,0,1,1,0,0,1
0.05518,0.610594146325,0.108923944546,0.891076055454,0,1,0,1,1,0,0,1
0.0552,0.610594146325,0.108923944546,0.891076055454,0,0,0,0,0,0,1,2
0.05522,0.634781946332,0.110710558516,0.889289441484,1,0,0,1,1,0,0,0
0.05524,0.634781946332,0.110710558516,0.889289441484,1,0,0,1,1,0,0,0
0.05526,0.634781946332,0.110710558516,0.889289441484,1,0,0,1,1,0,0,0
0.05528,0.634781946332,0.110710558516,0.889289441484,0,1,0,1,1,0,0,1
0.0553,0.634781946332,0.110710558516,0.889289441484,0,0,0,0,0,0,1,2
0.05532,0.658954834641,0.11317435667,0.88682564333,1,0,0,1,1,0,0,0
0.05534,0.658954834641,0.11317435667,0.88682564333,1,0,0,1,1,0,0,0
0.05536,0.658954834641,0.11317435667,0.88682564333,1,0,0,1,1,0,0,0
0.05538,0.658954834641,0.11317435667,0.88682564333,0,1,0,1,1,0,0,1
0.0554,0.658954834641,0.11317435667,0.88682564333,0,0,0,0,0,0,1,2
0.05542,0.683092022304,0.116377472253,0.883622527747,1,0,0,1,1,0,0,0
0.05544,0.683092022304,0.116377472253,0.883622527747,1,0,0,1,1,0,0,0
0.05546,0.683092022304,0.116377472253,0.883622527747,1,0,0,1,1,0,0,0
0.05548,0.683092022304,0.116377472253,0.883622527747,0,1,0,1,1,0,0,1
0.0555,0.683092022304,0.116377472253,0.883622527747,0,0,0,0,0,0,1,2
0.05552,0.705509756395,0.120563786627,0.879436213373,1,0,0,1,1,0,0,0
0.05554,0.705509756395,0.120563786627,0.879436213373,1,0,0,1,1,0,0,0
0.05556,0.705509756395,0.120563786627,0.879436213373,1,0,0,1,1,0,0,0
0.05558,0.705509756395,0.120563786627,0.879436213373,0,1,0,1,1,0,0,1
0.0556,0.705509756395,0.120563786627,0.879436213373,0,0,0,0,0,0,1,2
0.05562,0.727284454664,0.123943057786,0.876056942214,1,0,0,1,1,0,0,0
0.05564,0.727284454664,0.123943057786,0.876056942214,1,0,0,1,1,0,0,0
0.05566,0.727284454664,0.123943057786,0.876056942214,1,0,0,1,1,0,0,0
0.05568,0.727284454664,0.123943057786,0.876056942214,0,1,0,1,1,0,0,1
0.0557,0.727284454664,0.123943057786,0.876056942214,0,0,0,0,0,0,1,2
0.05572,0.747275317815,0.12841954945,0.87158045055,1,0,0,1,1,0,0,0
0.05574,0.747275317815,0.12841954945,0.87158045055,1,0,0,1,1,0,0,0
0.05576,0.747275317815,0.12841954945,0.87158045055,1,0,0,1,1,0,0,0
0.05578,0.747275317815,0.12841954945,0.87158045055,0,1,0,1,1,0,0,1
0.0558,0.747275317815,0.12841954945,0.87158045055,0,0,0,0,0,0,1,2
0.05582,0.767097610929,0.13386933442,0.86613066558,1,0,0,1,1,0,0,0
0.05584,0.767097610929,0.13386933442,0.86613066558,1,0,0,1,1,0,0,0
0.05586,0.767097610929,0.13386933442,0.86613066558,1,0,0,1,1,0,0,0
0.05588,0.767097610929,0.13386933442,0.86613066558,0,1,0,1,1,0,0,1
0.0559,0.767097610929,0.13386933442,0.86613066558,0,0,0,0,0,0,1,2
0.05592,0.786169901331,0.138684481504,0.861315518496,1,0,0,1,1,0,0,0
0.05594,0.786169901331,0.138684481504,0.861315518496,1,0,0,1,1,0,0,0
0.05596,0.786169901331,0.138684481504,0.861315518496,1,0,0,1,1,0,0,0
0.05598,0.786169901331,0.138684481504,0.861315518496,0,1,0,1,1,0,0,1
0.056,0.786169901331,0.138684481504,0.861315518496,0,0,0,0,0,0,1,2
0.05602,0.804998708381,0.144584445342,0.855415554658,1,0,0,1,1,0,0,0
0.05604,0.804998708381,0.144584445342,0.855415554658,1,0,0,1,1,0,0,0
0.05606,0.804998708381,0.144584445342,0.855415554658,1,0,0,1,1,0,0,0
0.05608,0.804998708381,0.144584445342,0.855415554658,0,0,0,1,1,0,0,1
0.0561,0.804998708381,0.144584445342,0.855415554658,0,0,0,0,0,0,1,2
0.05612,0.822997213606,0.149960705794,0.850039294206,1,0,0,1,1,0,0,0
0.05614,0.822997213606,0.149960705794,0.850039294206,1,0,0,1,1,0,0,0
0.05616,0.822997213606,0.149960705794,0.850039294206,1,0,0,1,1,0,0,0
0.05618,0.822997213606,0.149960705794,0.850039294206,0,0,0,1,1,0,0,1
0.0562,0.822997213606,0.149960705794,0.850039294206,0,0,0,0,0,0,1,2
0.05622,0.842326666466,0.156347378462,0.843652621538,1,0,0,1,1,0,0,0
0.05624,0.842326666466,0.156347378462,0.843652621538,1,0,0,1,1,0,0,0
0.05626,0.842326666466,0.156347378462,0.843652621538,1,0,0,1,1,0,0,0
0.05628,0.842326666466,0.156347378462,0.843652621538,1,0,0,1,1,0,0,0
0.0563,0.842326666466,0.156347378462,0.843652621538,0,0,0,0,0,0,1,2
0.05632,0.849210242264,0.150789757736,0.826147643017,1,0,0,1,1,0,0,0
0.05634,0.849210242264,0.150789757736,0.826147643017,1,0,0,1,1,0,0,0
0.05636,0.849210242264,0.150789757736,0.826147643017,1,0,0,1,1,0,0,0
0.05638,0.849210242264,0.150789757736,0.826147643017,1,0,0,1,1,0,0,0
0.0564,0.849210242264,0.150789757736,0.826147643017,0,0,0,0,0,0,1,2
0.05642,0.85513038488,0.14486961512,0.809006024975,1,0,0,1,1,0,0,0
0.05644,0.85513038488,0.14486961512,0.809006024975,1,0,0,1,1,0,0,0
0.05646,0.85513038488,0.14486961512,0.809006024975,1,0,0,1,1,0,0,0
0.05648,0.85513038488,0.14486961512,0.809006024975,1,0,0,1,1,0,0,0
0.0565,0.85513038488,0.14486961512,0.809006024975,0,0,0,0,0,0,1,2
0.05652,0.860141496266,0.139858503734,0.790082702831,1,0,0,1,1,0,0,0
0.05654,0.860141496266,0.139858503734,0.790082702831,1,0,0,1,1,0,0,0
0.05656,0.860141496266,0.139858503734,0.790082702831,1,0,0,1,1,0,0,0
0.05658,0.860141496266,0.139858503734,0.790082702831,1,0,0,1,1,0,0,0
0.0566,0.860141496266,0.139858503734,0.790082702831,0,0,0,0,0,0,1,2
0.05662,0.864007907572,0.135992092428,0.770991117836,1,0,0,1,1,0,0,0
0.05664,0.864007907572,0.135992092428,0.770991117836,1,0,0,1,1,0,0,0
0.05666,0.864007907572,0.135992092428,0.770991117836,1,0,0,1,1,0,0,0
0.05668,0.864007907572,0.135992092428,0.770991117836,1,0,0,1,0,0,0,1
0.0567,0.864007907572,0.135992092428,0.770991117836,0,0,0,0,0,0,1,2
0.05672,0.868338143463,0.131661856537,0.75223543631,1,0,0,1,1,0,0,0
0.05674,0.868338143463,0.131661856537,0.75223543631,1,0,0,1,1,0,0,0
0.05676,0.868338143463,0.131661856537,0.75223543631,1,0,0,1,1,0,0,0
0.05678,0.868338143463,0.131661856537,0.75223543631,1,0,0,1,0,1,0,1
0.0568,0.868338143463,0.131661856537,0.75223543631,0,0,0,0,0,0,1,2
0.05682,0.873082241155,0.126917758845,0.733768830016,1,0,0,1,1,0,0,0
0.05684,0.873082241155,0.126917758845,0.733768830016,1,0,0,1,1,0,0,0
0.05686,0.873082241155,0.126917758845,0.733768830016,1,0,0,1,1,0,0,0
0.05688,0.873082241155,0.126917758845,0.733768830016,1,0,0,1,0,1,0,1
0.0569,0.873082241155,0.126917758845,0.733768830016,0,0,0,0,0,0,1,2
0.05692,0.876521984296,0.123478015704,0.715002199013,1,0,0,1,1,0,0,0
0.05694,0.876521984296,0.123478015704,0.715002199013,1,0,0,1,1,0,0,0
0.05696,0.876521984296,0.123478015704,0.715002199013,1,0,0,1,1,0,0,0
0.05698,0.876521984296,0.123478015704,0.715002199013,1,0,0,1,0,1,0,1
0.057,0.876521984296,0.123478015704,0.715002199013,0,0,0,0,0,0,1,2
0.05702,0.880263813129,0.119736186871,0.696446991953,1,0,0,1,1,0,0,0
0.05704,0.880263813129,0.119736186871,0.696446991953,1,0,0,1,1,0,0,0
0.05706,0.880263813129,0.119736186871,0.696446991953,1,0,0,1,1,0,0,0
0.05708,0.880263813129,0.119736186871,0.696446991953,1,0,0,1,0,1,0,1
0.0571,0.880263813129,0.119736186871,0.696446991953,0,0,0,0,0,0,1,2
0.05712,0.882765038062,0.117234961938,0.675859758132,1,0,0,1,1,0,0,0
0.05714,0.882765038062,0.117234961938,0.675859758132,1,0,0,1,1,0,0,0
0.05716,0.882765038062,0.117234961938,0.675859758132,1,0,0,1,1,0,0,0
0.05718,0.882765038062,0.117234961938,0.675859758132,1,0,0,1,0,1,0,1
0.0572,0.882765038062,0.117234961938,0.675859758132,0,0,0,0,0,0,1,2
0.05722,0.88545131555,0.11454868445,0.655411440957,1,0,0,1,1,0,0,0
0.05724,0.88545131555,0.11454868445,0.655411440957,1,0,0,1,1,0,0,0
0.05726,0.88545131555,0.11454868445,0.655411440957,1,0,0,1,1,0,0,0
0.05728,0.88545131555,0.11454868445,0.655411440957,1,0,0,1,0,1,0,1
0.0573,0.88545131555,0.11454868445,0.655411440957,0,0,0,0,0,0,1,2
0.05732,0.888267375969,0.111732624031,0.635070868583,1,0,0,1,1,0,0,0
0.05734,0.888267375969,0.111732624031,0.635070868583,1,0,0,1,1,0,0,0
0.05736,0.888267375969,0.111732624031,0.635070868583,1,0,0,1,1,0,0,0
0.05738,0.888267375969,0.111732624031,0.635070868583,1,0,0,1,0,1,0,1
0.0574,0.888267375969,0.111732624031,0.635070868583,0,0,0,0,0,0,1,2
0.05742,0.88948851693,0.11051148307,0.614267942584,1,0,0,1,1,0,0,0
0.05744,0.88948851693,0.11051148307,0.614267942584,1,0,0,1,1,0,0,0
0.05746,0.88948851693,0.11051148307,0.614267942584,1,0,0,1,1,0,0,0
0.05748,0.88948851693,0.11051148307,0.614267942584,1,0,0,1,0,1,0,1
0.0575,0.88948851693,0.11051148307,0.614267942584,0,0,0,0,0,0,1,2
0.05752,0.890718373393,0.109281626607,0.593528004629,1,0,0,1,1,0,0,0
0.05754,0.890718373393,0.109281626607,0.593528004629,1,0,0,1,1,0,0,0
0.05756,0.890718373393,0.109281626607,0.593528004629,1,0,0,1,1,0,0,0
0.05758,0.890718373393,0.109281626607,0.593528004629,1,0,0,1,0,1,0,1
0.0576,0.890718373393,0.109281626607,0.593528004629,0,0,0,0,0,0,1,2
0.05762,0.891720573853,0.108279426147,0.574489117363,1,0,0,1,1,0,0,0
0.05764,0.891720573853,0.108279426147,0.574489117363,1,0,0,1,1,0,0,0
0.05766,0.891720573853,0.108279426147,0.574489117363,1,0,0,1,0,0,0,1
0.05768,0.891720573853,0.108279426147,0.574489117363,1,0,0,1,0,1,0,1
0.0577,0.891720573853,0.108279426147,0.574489117363,0,0,0,0,0,0,1,2
0.05772,0.892617555127,0.107382444873,0.555482992352,1,0,0,1,1,0,0,0
0.05774,0.892617555127,0.107382444873,0.555482992352,1,0,0,1,1,0,0,0
0.05776,0.892617555127,0.107382444873,0.555482992352,1,0,0,1,0,1,0,1
0.05778,0.892617555127,0.107382444873,0.555482992352,1,0,0,1,0,1,0,1
0.0578,0.892617555127,0.107382444873,0.555482992352,0,0,0,0,0,0,1,2
0.05782,0.893350992363,0.106649007637,0.536495156993,1,0,0,1,1,0,0,0
0.05784,0.893350992363,0.106649007637,0.536495156993,1,0,0,1,1,0,0,0
0.05786,0.893350992363,0.106649007637,0.536495156993,1,0,0,1,0,1,0,1
0.05788,0.893350992363,0.106649007637,0.536495156993,1,0,0,1,0,1,0,1
0.0579,0.893350992363,0.106649007637,0.536495156993,0,0,0,0,0,0,1,2
0.05792,0.894041418954,0.105958581046,0.515857028529,1,0,0,1,1,0,0,0
0.05794,0.894041418954,0.105958581046,0.515857028529,1,0,0,1,1,0,0,0
0.05796,0.894041418954,0.105958581046,0.515857028529,1,0,0,1,0,1,0,1
0.05798,0.894041418954,0.105958581046,0.515857028529,1,0,0,1,0,1,0,1
0.058,0.894041418954,0.105958581046,0.515857028529,0,0,0,0,0,0,1,2
0.05802,0.894448294044,0.105551705956,0.49520975615,1,0,0,1,1,0,0,0
0.05804,0.894448294044,0.105551705956,0.49520975615,1,0,0,1,1,0,0,0
0.05806,0.894448294044,0.105551705956,0.49520975615,1,0,0,1,0,1,0,1
0.05808,0.894448294044,0.105551705956,0.49520975615,1,0,0,1,0,1,0,1
0.0581,0.894448294044,0.105551705956,0.49520975615,0,0,0,0,0,0,1,2
0.05812,0.894511355563,0.105488644437,0.474549085411,1,0,0,1,1,0,0,0
0.05814,0.894511355563,0.105488644437,0.474549085411,1,0,0,1,1,0,0,0
0.05816,0.894511355563,0.105488644437,0.474549085411,1,0,0,1,0,1,0,1
0.05818,0.894511355563,0.105488644437,0.474549085411,1,0,0,1,0,1,0,1
0.0582,0.894511355563,0.105488644437,0.474549085411,0,0,0,0,0,0,2,1
0.05822,0.894175578472,0.105824421528,0.453823089407,1,0,0,1,1,0,0,0
0.05824,0.894175578472,0.105824421528,0.453823089407,1,0,0,1,1,0,0,0
0.05826,0.894175578472,0.105824421528,0.453823089407,1,0,0,1,0,1,0,1
0.05828,0.894175578472,0.105824421528,0.453823089407,1,0,0,1,0,1,0,0
0.0583,0.894175578472,0.105824421528,0.453823089407,0,0,0,0,0,0,2,1
0.05832,0.893561948519,0.106438051481,0.431363565843,1,0,0,1,1,0,1,0
0.05834,0.893561948519,0.106438051481,0.431363565843,1,0,0,1,1,0,0,0
0.05836,0.893561948519,0.106438051481,0.431363565843,1,0,0,1,0,1,0,1
0.05838,0.893561948519,0.106438051481,0.431363565843,1,0,0,1,0,1,0,0
0.0584,0.893561948519,0.106438051481,0.431363565843,0,0,0,0,0,0,2,1
0.05842,0.892431701767,0.107568298233,0.408783120739,1,0,0,1,1,0,1,0
0.05844,0.892431701767,0.107568298233,0.408783120739,1,0,0,1,1,0,0,0
0.05846,0.892431701767,0.107568298233,0.408783120739,1,0,0,1,0,1,0,0
0.05848,0.892431701767,0.107568298233,0.408783120739,1,0,0,1,0,1,0,0
0.0585,0.892431701767,0.107568298233,0.408783120739,0,0,0,0,0,0,2,1
0.05852,0.890720689397,0.109279310603,0.386113603789,1,0,0,1,1,0,1,0
0.05854,0.890720689397,0.109279310603,0.386113603789,1,0,0,1,1,0,0,0
0.05856,0.890720689397,0.109279310603,0.386113603789,1,0,0,1,0,1,0,0
0.05858,0.890720689397,0.109279310603,0.386113603789,1,0,0,1,0,1,0,0
0.0586,0.890720689397,0.109279310603,0.386113603789,0,0,0,0,0,0,2,1
0.05862,0.888367638243,0.111632361757,0.363364290777,1,0,0,1,1,0,1,0
0.05864,0.888367638243,0.111632361757,0.363364290777,1,0,0,1,0,0,1,0
0.05866,0.888367638243,0.111632361757,0.363364290777,1,0,0,1,0,1,0,0
0.05868,0.888367638243,0.111632361757,0.363364290777,1,0,0,1,0,1,0,0
0.0587,0.888367638243,0.111632361757,0.363364290777,0,0,0,0,0,0,2,1
0.05872,0.885666604081,0.114333395919,0.337301016115,1,0,0,1,1,0,1,0
0.05874,0.885666604081,0.114333395919,0.337301016115,1,0,0,1,0,1,0,0
0.05876,0.885666604081,0.114333395919,0.337301016115,1,0,0,1,0,1,0,0
0.05878,0.885666604081,0.114333395919,0.337301016115,1,0,0,1,0,1,0,0
0.0588,0.885666604081,0.114333395919,0.337301016115,0,0,0,0,0,0,2,1
0.05882,0.882005434822,0.117994565178,0.312922364277,1,0,0,1,1,0,1,0
0.05884,0.882005434822,0.117994565178,0.312922364277,1,0,0,1,0,1,0,0
0.05886,0.882005434822,0.117994565178,0.312922364277,1,0,0,1,0,1,0,0
0.05888,0.882005434822,0.117994565178,0.312922364277,1,0,0,1,0,1,0,0
0.0589,0.882005434822,0.117994565178,0.312922364277,0,0,0,0,0,0,2,1
0.05892,0.877505093413,0.122494906587,0.288608618494,1,0,0,1,1,0,1,0
0.05894,0.877505093413,0.122494906587,0.288608618494,1,0,0,1,0,1,0,0
0.05896,0.877505093413,0.122494906587,0.288608618494,1,0,0,1,0,1,0,0
0.05898,0.877505093413,0.122494906587,0.288608618494,1,0,0,1,0,1,0,0
0.059,0.877505093413,0.122494906587,0.288608618494,0,0,0,0,0,0,2,1
0.05902,0.873591990055,0.126408009945,0.266574690388,1,0,0,1,1,0,1,0
0.05904,0.873591990055,0.126408009945,0.266574690388,1,0,0,1,0,1,0,0
0.05906,0.873591990055,0.126408009945,0.266574690388,1,0,0,1,0,1,0,0
0.05908,0.873591990055,0.126408009945,0.266574690388,1,0,0,1,0,1,0,0
0.0591,0.873591990055,0.126408009945,0.266574690388,0,0,0,0,0,0,2,1
0.05912,0.86872639478,0.13127360522,0.244670577297,1,0,0,1,1,0,1,0
0.05914,0.86872639478,0.13127360522,0.244670577297,1,0,0,1,0,1,0,0
0.05916,0.86872639478,0.13127360522,0.244670577297,1,0,0,1,0,1,0,0
0.05918,0.86872639478,0.13127360522,0.244670577297,1,0,0,1,0,1,0,0
0.0592,0.86872639478,0.13127360522,0.244670577297,0,0,0,0,0,0,2,1
0.05922,0.864517186055,0.135482813945,0.22346287602,1,0,0,1,1,0,1,0
0.05924,0.864517186055,0.135482813945,0.22346287602,1,0,0,1,0,1,0,0
0.05926,0.864517186055,0.135482813945,0.22346287602,1,0,0,1,0,1,0,0
0.05928,0.864517186055,0.135482813945,0.22346287602,1,0,0,1,0,1,0,0
0.0593,0.864517186055,0.135482813945,0.22346287602,0,0,0,0,0,0,2,1
0.05932,0.859060491976,0.140939508024,0.204107737709,1,0,0,1,1,0,1,0
0.05934,0.859060491976,0.140939508024,0.204107737709,1,0,0,1,0,1,0,0
0.05936,0.859060491976,0.140939508024,0.204107737709,1,0,0,1,0,1,0,0
0.05938,0.859060491976,0.140939508024,0.204107737709,1,0,0,1,0,1,0,0
0.0594,0.859060491976,0.140939508024,0.204107737709,0,0,0,0,0,0,2,1
0.05942,0.854150108051,0.145849891949,0.185533195695,1,0,0,1,0,0,1,0
0.05944,0.854150108051,0.145849891949,0.185533195695,1,0,0,1,0,1,0,0
0.05946,0.854150108051,0.145849891949,0.185533195695,1,0,0,1,0,1,0,0
0.05948,0.854150108051,0.145849891949,0.185533195695,1,0,0,1,0,1,0,0
0.0595,0.854150108051,0.145849891949,0.185533195695,0,0,0,0,0,0,2,1
0.05952,0.848066383517,0.151933616483,0.167249977466,1,0,0,1,0,0,1,0
0.05954,0.848066383517,0.151933616483,0.167249977466,1,0,0,1,0,1,0,0
0.05956,0.848066383517,0.151933616483,0.167249977466,1,0,0,1,0,1,0,0
0.05958,0.848066383517,0.151933616483,0.167249977466,1,0,0,1,0,1,0,0
0.0596,0.848066383517,0.151933616483,0.167249977466,0,0,0,0,0,0,2,1
0.05962,0.847209788841,0.162004587366,0.152790211159,1,0,0,1,0,1,0,0
0.05964,0.847209788841,0.162004587366,0.152790211159,1,0,0,1,0,1,0,0
0.05966,0.847209788841,0.162004587366,0.152790211159,1,0,0,1,0,1,0,0
0.05968,0.847209788841,0.162004587366,0.152790211159,1,0,0,1,0,1,0,0
0.0597,0.847209788841,0.162004587366,0.152790211159,0,0,0,0,0,0,2,1
0.05972,0.85318068766,0.181468199148,0.14681931234,1,0,0,1,0,1,0,0
0.05974,0.85318068766,0.181468199148,0.14681931234,1,0,0,1,0,1,0,0
0.05976,0.85318068766,0.181468199148,0.14681931234,1,0,0,1,0,1,0,0
0.05978,0.85318068766,0.181468199148,0.14681931234,1,0,0,1,0,1,0,0
0.0598,0.85318068766,0.181468199148,0.14681931234,0,0,0,0,0,0,2,1
0.05982,0.858087827744,0.201067766399,0.141912172256,1,0,0,1,0,1,0,0
0.05984,0.858087827744,0.201067766399,0.141912172256,1,0,0,1,0,1,0,0
0.05986,0.858087827744,0.201067766399,0.141912172256,1,0,0,1,0,1,0,0
0.05988,0.858087827744,0.201067766399,0.141912172256,1,0,0,1,0,1,0,0
0.0599,0.858087827744,0.201067766399,0.141912172256,0,0,0,0,0,0,2,1
0.05992,0.863534008417,0.220298403571,0.136465991583,1,0,0,0,0,1,1,0
0.05994,0.863534008417,0.220298403571,0.136465991583,1,0,0,1,0,1,0,0
0.05996,0.863534008417,0.220298403571,0.136465991583,1,0,0,1,0,1,0,0
0.05998,0.863534008417,0.220298403571,0.136465991583,1,0,0,1,0,1,0,0
0.06,0.863534008417,0.220298403571,0.136465991583,0,0,0,0,0,0,2,1
