time_s,phase_a_voltage_v,phase_b_voltage_v,phase_c_voltage_v,phase_a_current_a,phase_b_current_a,phase_c_current_a,zero_current_a,d_axis_current_a,q_axis_current_a,electromagnetic_torque_nm,shaft_mass_1_speed_rad_s,terminal_power_w,rotor_port_power_w,magnetic_coenergy_j,kinetic_energy_j,elastic_energy_j,dissipated_energy_j,maximum_energy_residual_j,maximum_energy_quadrature_defect_j,event_count,control_sample_count
0.0,0.0,0.0,0.0,0.0,0.0,0.0,0.0,0.0,0.0,0.0,188.49555921538757,0.0,0.0,0.0,31089.25386343147,0.0,0.0,0.0,0.0,0,0
1.0e-5,1.2252182327145844,-282.0688652738847,280.84364704117013,3.0561098122938665e-6,-0.0340116732843126,0.03400861717450033,1.3877787807814457e-17,-0.00017758035399743216,-0.048097280965541334,-0.04617370861668861,188.49555692922775,19.144741911887266,0.0,9.137850581418931e-5,31089.253109302274,0.0,0.0007106135907991333,3.1535664921436557e-12,4.786081060515195e-5,0,0
2.0e-5,2.4504190523660547,-282.6754654948903,280.22504644252433,0.00021756988099598602,-0.08594152810013143,0.08572395821913553,4.85722573273506e-17,-0.0006487588878365397,-0.12138438826101297,-0.11652997572920917,188.49555431012516,48.31609477162273,0.0,0.0005820164211398003,31089.25224534617,0.0,0.001421240424497879,1.47874144190447e-10,4.786081060515195e-5,0,0
3.0000000000000004e-5,3.675585046138776,-283.27804827182763,279.60246322568895,0.0006874153728786267,-0.1379965533158928,0.13730913794301436,1.1102230246251565e-16,-0.0013597701384251704,-0.1946675927184217,-0.18688155797955147,188.49555128900016,77.48589413749308,0.0,0.0014969456761229649,31089.251248776076,0.0,0.002131899262480011,3.336909061785534e-10,4.786081060515195e-5,0,0
4.0e-5,4.900698801712063,-283.8766050406616,278.9759062389495,0.0014125747633790488,-0.1901757286837439,0.188763153920365,8.326672684688674e-17,-0.002310594388960696,-0.26794587621269383,-0.25722621259263356,188.49554786588595,106.65373475278156,0.0,0.0028361202261974203,31089.250119602937,0.0,0.002842609435334601,5.272376483967875e-10,4.786081060515195e-5,0,0
5.0e-5,6.125742907507657,-284.4711272945756,278.34538438706784,0.0023930241370881556,-0.2424780310171624,0.2400850068800744,8.326672684688674e-17,-0.0035012087763516414,-0.34121822072713304,-0.3275616972384166,188.49554404082855,135.81921140386265,0.0,0.004599485748784558,31089.248857841943,0.0,0.0035533902711949216,7.222092350154738e-10,4.786081060515195e-5,0,0
6.000000000000001e-5,7.350699952937171,-285.06160658409226,277.71090663115507,0.0036287334863332795,-0.2949024342232425,0.29127370073690917,-5.551115123125783e-17,-0.004931587291557418,-0.4144836083674106,-0.3978857701402933,188.49553981388672,164.9819189257631,0.0,0.006786979645123277,31089.24746351248,0.0,0.004264261095285459,8.96860524973557e-10,4.786081060515195e-5,0,0
7.000000000000001e-5,8.57555252864954,-285.64803451719405,277.0724819885445,0.005119666712504226,-0.3474479093351025,0.34232824262259826,-2.7755575615628914e-17,-0.006601700779955255,-0.48774102137555464,-0.4681961901834301,188.49553518513213,194.14145220772247,0.0,0.00939853104235972,31089.24593663821,0.0,0.004975241229469054,1.1012623720926817e-9,4.786081060515195e-5,0,0
8.0e-5,9.800283226778445,-286.2304027594419,276.43011953266347,0.0068657816276480495,-0.4001134245444166,0.39324764291676867,8.326672684688674e-17,-0.008511516941720976,-0.5609894421439359,-0.5384907170230565,188.49553015464917,223.29740619875264,0.0,0.0124340607958968,31089.244277246973,0.0,0.005686349991794177,1.2898991440940533e-9,4.786081060515195e-5,0,0
9.0e-5,11.02487464118972,-286.8087030340941,275.78382839290435,0.008867029956325819,-0.4528979452340628,0.4440309152777369,-5.551115123125783e-17,-0.010661000332234077,-0.6342278532292502,-0.6087671111926901,188.49552472253507,252.44937591319558,0.0,0.01589348149200332,31089.24248537085,0.0,0.006397606696042369,1.4816843563712767e-9,4.786081060515195e-5,0,0
0.0001,12.249309367728726,-287.3829271222235,275.1336177544948,0.011123357337733198,-0.5058004340108884,0.49467707667315514,0.0,-0.013050112362504918,-0.7074552373664998,-0.6790231342122928,188.49551888889982,281.5969564362806,0.0,0.019776697450682622,31089.24056104614,0.0,0.007109030651275848,1.6616798271563982e-9,4.786081060515195e-5,0,0
0.00011,13.473570004467703,-287.95306686283493,274.47949685836727,0.013634703328087522,-0.5588198507385913,0.5451851474105038,5.551115123125783e-17,-0.015678811299619427,-0.7806705774829676,-0.749256548696347,188.49551265386626,310.73974292968,0.0,0.02408360472880045,31089.238504313376,0.0,0.007820641161385321,1.8610758676339267e-9,4.786081060515195e-5,0,0
0.00012000000000000002,14.6976391519531,-288.51911415298065,273.82147500102747,0.016401001403278326,-0.6119551525707146,0.5955541511674364,5.551115123125783e-17,-0.01854705226720388,-0.8538728567121925,-0.8194651184618464,188.49550601756997,339.8773306370631,0.0,0.02881409112347201,31089.236315217287,0.0,0.00853245752463801,2.047996555763071e-9,4.786081060515195e-5,0,0
0.00013000000000000002,15.921499413452846,-289.08106094787564,273.1595615344227,0.019422178961779876,-0.6652052939837483,0.6457831150219685,5.551115123125783e-17,-0.021654787245915963,-0.9270610584079344,-0.8896466086361908,188.49549898015928,369.009314889648,0.0,0.03396803617570786,31089.233993806825,0.0,0.009244499033225901,2.232945857296581e-9,4.786081060515195e-5,0,0
0.00014000000000000001,17.145133395203604,-289.63889926101206,272.4937658658084,0.022698157327829645,-0.718569226810344,0.695871069482514,-1.6653345369377348e-16,-0.025001965073948362,-1.0002341661581422,-0.9597987857649782,188.49549154179536,398.13529111175336,0.0,0.039545311174318566,31089.231540135163,0.0,0.009956784972814256,2.4287345372700497e-9,4.786081060515195e-5,0,0
0.00015000000000000001,18.36852370665797,-290.19262116427274,271.8240974576148,0.026228851754867548,-0.7720459002726326,0.7458170485177649,-1.1102230246251565e-16,-0.02858853144756185,-1.0733911637989113,-1.0299194179196873,188.49548370265205,427.25485482634724,0.0,0.04554577916007774,31089.22895425967,0.0,0.010669334622090389,2.6213211089601285e-9,4.786081060515195e-5,0,0
0.00016,19.591652960731643,-290.74221878804383,271.1505658273122,0.030014171429239553,-0.8256342610156482,0.7956200895864082,-2.7755575615628914e-16,-0.0324144289216321,-1.1465310354284388,-1.100006274805238,188.49547546291603,456.36760166059344,0.0,0.051969294930143295,31089.22623624193,0.0,0.01138216725231273,2.813412433577689e-9,4.786081060515195e-5,0,0
0.00017,20.814503774050515,-291.2876843213265,270.47318054727594,0.03405401947416442,-0.8793332531408518,0.8452792336666874,5.551115123125783e-17,-0.03647959691022201,-1.2196527654209746,-1.1700571278674272,188.49546682278665,485.47312735139707,0.0,0.058815705042736574,31089.223386147733,0.0,0.012095302126860203,3.009856589658577e-9,4.786081060515195e-5,0,0
0.00018,22.037058767197745,-291.829010011848,269.79195124465036,0.03834829295396097,-0.9331418182397583,0.8947935252857973,0.0,-0.04078397168716896,-1.2927553384407624,-1.2400697504002296,188.495457782476,514.5710277509473,0.0,0.06608484782207923,31089.220404047042,0.0,0.01280875850078192,3.1884839699070078e-9,4.786081060515195e-5,0,0
0.00019,23.259300564960746,-292.3661881661724,269.10688760121167,0.042896882878536755,-0.987058895427657,0.9441620125491202,0.0,-0.04532748638670281,-1.365837739455983,-1.3100419176529527,188.4954483422089,543.6608988322583,0.0,0.0737765533635873,31089.217290014054,0.0,0.013522555620347218,3.383725685063288e-9,4.786081060515195e-5,0,0
0.0002,24.481211796578133,-292.8992111498087,268.4179993532305,0.04769967420814123,-1.0410834213774305,0.9933837471692891,0.0,-0.05011007100407311,-1.4388989537526826,-1.379971406937244,188.4954385022229,572.7423366947065,0.0,0.08189064353932234,31089.214044127133,0.0,0.01423671272259608,3.5701431715454146e-9,4.786081060515195e-5,0,0
0.00021,25.7027750959866,-293.4280713873207,267.7252962913341,0.05275654585837526,-1.0952143303534656,1.0424577844950904,1.1102230246251565e-16,-0.0551316523962086,-1.5119379669487016,-1.4498559977339365,188.4954282627682,601.814937569568,0.0,0.09042693200369936,31089.21066646884,0.0,0.014951249034889907,3.760598736926579e-9,4.786081060515195e-5,0,0
0.00022,26.923973102067727,-293.95276136243365,267.0287882603659,0.058067370705464895,-1.1494505542456566,1.0913831835401915,-2.220446049250313e-16,-0.060392154282386534,-1.5849537650075947,-1.5196934717997272,188.49541762410774,630.8782978255501,0.0,0.09938522419945084,31089.207157125944,0.0,0.015666183774462706,3.966182741607649e-9,4.786081060515195e-5,0,0
0.00023,28.144788458894713,-294.4732736181416,266.3284851592469,0.06363201559179243,-1.2037910226034947,1.140159007011702,-1.1102230246251565e-16,-0.06589149724493387,-1.657945334252542,-1.589481613273684,188.49540658651708,659.9320139743232,0.0,0.10876531736384694,31089.203516189336,0.0,0.0163815361479727,4.145226991519868e-9,4.786081060515195e-5,0,0
0.00024000000000000003,29.36520381597907,-294.98960075681333,265.6243969408343,0.06945034133168856,-1.2582346626702465,1.1887843213385583,2.220446049250313e-16,-0.07162959872994173,-1.730911661380257,-1.6592182087835647,188.49539515028442,688.9756826760475,0.0,0.11856700053517115,31089.199743754132,0.0,0.017097325351054352,4.337855170552518e-9,4.786081060515195e-5,0,0
0.00025,30.58520182851715,-295.5017354402973,264.9165336117802,0.07552220271748224,-1.312780399417218,1.2372581966997356,-1.1102230246251565e-16,-0.077606373048002,-1.8038517334748851,-1.7289010475519486,188.49538331571068,718.008900744899,0.0,0.12879005455945103,31089.195839919612,0.0,0.017813570567870873,4.5385987607060585e-9,4.786081060515195e-5,0,0
0.00026000000000000003,31.804765157636755,-296.009670390026,264.20490523238925,0.08184744852580987,-1.367427155578096,1.2855797070522859,-1.1102230246251565e-16,-0.08382173137497051,-1.8767645380218938,-1.7985279215021688,188.49537108310932,747.0312651545901,0.0,0.13943425209744414,31089.1918047892,0.0,0.018530290970667187,4.72544586620216e-9,4.786081060515195e-5,0,0
0.00027,33.023876470643444,-296.5133983871195,263.48952191647606,0.08842592152418005,-1.4221738516833735,1.3337479301591935,0.0,-0.09027558175274619,-1.9496490629219558,-1.8680966253640365,188.49535845280644,776.042373043889,0.0,0.15049935763187758,31089.187638470492,0.0,0.019247505719323366,4.914356695889799e-9,4.786081060515195e-5,0,0
0.00028000000000000003,34.242518441266974,-297.0129122724879,262.7703938312209,0.09525745847779785,-1.4770194060948534,1.3817619476170555,-1.1102230246251565e-16,-0.09696782909007218,-2.0225042965048257,-1.9376049567793547,188.49534542514075,805.0418217221355,0.0,0.16198512747494231,31089.183341075237,0.0,0.01996523396090863,5.1010005568466465e-9,4.786081060515195e-5,0,0
0.00029,35.46067374990744,-297.50820494693323,262.0475311970258,0.1023418901566444,-1.531962735040223,1.429620844883579,3.3306690738754696e-16,-0.10389837516336098,-2.095329227543206,-2.0070507164072042,188.49533200046352,834.0292086747527,0.0,0.17389130977603995,31089.178912719348,0.0,0.020683494829235795,5.300719658346553e-9,4.786081060515195e-5,0,0
0.00030000000000000003,36.678325083881546,-297.99926937125036,261.3209442873688,0.10967904134281253,-1.5870027526477084,1.4773237113048958,-1.1102230246251565e-16,-0.11106711861753471,-2.1681228452666037,-2.0764317080290056,188.4953181791386,863.0041315687561,0.0,0.18621764452978318,31089.17435352286,0.0,0.021402307444416353,5.486628444975605e-9,4.786081060515195e-5,0,0
0.00031,37.895455137668534,-298.48609856632675,260.5906434286582,0.11726873083809591,-1.6421383709807926,1.524869640142697,2.220446049250313e-16,-0.11847395496690016,-2.240884139375182,-2.1457457386533414,188.49530396154233,891.9661882582584,0.0,0.1989638635842485,31089.169663609955,0.0,0.022121690912416034,5.680508818536878e-9,4.786081060515195e-5,0,0
0.00032,39.11204661315623,-298.9686856132419,259.8566390000857,0.1251107714718353,-1.6973685000730077,1.5722577286011725,1.1102230246251565e-16,-0.1261187765960251,-2.3136121000535965,-2.214990618620531,188.49528934806364,920.914976789971,0.0,0.21212969064948056,31089.164843108956,0.0,0.02284166432461102,5.872719885044453e-9,4.786081060515195e-5,0,0
0.00033000000000000005,40.32808221988684,-299.44702365336576,259.118941433479,0.13320497010901677,-1.7526920479627925,1.6194870778537762,3.3306690738754696e-16,-0.13400147276065832,-2.3863057179848295,-2.2841641617069572,188.4952743391039,949.850095408703,0.0,0.22571484130624841,31089.159892152285,0.0,0.023562246757344685,6.0585237139643144e-9,4.786081060515195e-5,0,0
0.00034,41.54354467530267,-299.92110588845594,258.37756121315334,0.14155112765862138,-1.8081079207284114,1.6665567930697902,1.1102230246251565e-16,-0.14212192958865288,-2.4589639843640065,-2.3532641852291274,188.495258935077,978.7711425628535,0.0,0.23971902301505216,31089.154810876513,0.0,0.02428345727148502,6.256220578051974e-9,4.786081060515195e-5,0,0
0.00035000000000000005,42.75841670499182,-300.39092558075447,257.63250887576265,0.15014903908222993,-1.8636150225229384,1.7134659834407089,1.1102230246251565e-16,-0.15048003008092437,-2.5315858909122104,-2.4222885101474714,188.4952431364093,1007.6777169099021,0.0,0.2541419351253804,31089.1495994223,0.0,0.02500531491198266,6.445248872805065e-9,4.786081060515195e-5,0,0
0.00036,43.972681042933594,-300.8564760530836,256.88379501015,0.1589984934028788,-1.919212255609301,1.7602137622064224,2.220446049250313e-16,-0.15907565411242008,-2.6041704298902792,-2.4912349611698614,188.49522694353956,1036.5694173218956,0.0,0.26898326888521684,31089.144257934426,0.0,0.025727838707429545,6.638891259652668e-9,4.786081060515195e-5,0,0
0.00037000000000000005,45.186320431744,-301.3177506889407,256.13143025719666,0.1680992737141621,-1.9748985203953802,1.8067992466812184,2.220446049250313e-16,-0.16790867843312107,-2.676716594112599,-2.560101366854851,188.495210356919,1065.4458428909306,0.0,0.28424270745079694,31089.13878656175,0.0,0.026451047669618297,6.826011530319809e-9,4.786081060515195e-5,0,0
0.00038,46.399317622920904,-301.77474293259195,255.37542530967104,0.17745115718958832,-2.0306727154691604,1.853221558279572,0.0,-0.17697897666905615,-2.7492233769608747,-2.628885559714616,188.49519337701116,1094.3065929346258,0.0,0.2999199258966118,31089.133185457227,0.0,0.02717496079310223,7.0037437828462945e-9,4.786081060515195e-5,0,0
0.00039000000000000005,47.61165537708926,-302.22744628916615,254.61579091207696,0.18705391509218408,-2.0865337376339466,1.8994798225417626,0.0,-0.186286419323345,-2.821689772397911,-2.6975853763176127,188.4951760042921,1123.1512670016036,0.0,0.31601459122566183,31089.127454777918,0.0,0.02789959705475613,7.202902739533723e-9,4.786081060515195e-5,0,0
0.0004,48.82331646424605,-302.6758543247466,253.8525378605006,0.1969073127843445,-2.142480481943614,1.94557316915927,2.220446049250313e-16,-0.19583087377725894,-2.894114774981354,-2.7661986573909143,188.4951582392501,1151.97946487695,0.0,0.33252636237995536,31089.12159468494,0.0,0.028624975413337674,7.400619757638727e-9,4.786081060515195e-5,0,0
0.00041000000000000005,50.03428366400521,-303.1199606664625,253.08567700245732,0.20701110973793108,-2.19851184173792,1.9915007319999896,2.220446049250313e-16,-0.2056122042913081,-2.966497379877447,-2.8347232479222466,188.4951400823858,1180.790786587685,0.0,0.3494548902512567,31089.115605343468,0.0,0.029351114809049682,7.585770952361903e-9,4.786081060515195e-5,0,0
0.00042,51.24453976584235,-303.55975900257965,252.31521923673733,0.21736505954461838,-2.254626708677857,2.0372616491332387,0.0,-0.21563027200634477,-3.038836582874758,-2.9031569972616977,188.4951215342122,1209.5848324082187,0.0,0.3667998176920773,31089.109486922745,0.0,0.030078034163103045,7.773476844857852e-9,4.786081060515195e-5,0,0
0.00043000000000000004,52.45406756933937,-303.99524308259026,251.54117551325095,0.22796890992648103,-2.3108239727810442,2.0828550628545637,2.220446049250313e-16,-0.2258849349446953,-3.1111313803979024,-2.9714977592231024,188.49510259525445,1238.3612028658058,0.0,0.3845607795269152,31089.103239596065,0.0,0.030805752377280483,7.957753234144604e-9,4.786081060515195e-5,0,0
0.00044,53.662849884428866,-304.4264067173015,250.76355683287267,0.23882240274682842,-2.3671025224571722,2.1282801197103436,0.0,-0.23637604801131207,-3.18338076952125,-3.0397433921850943,188.4950832660501,1267.119498745997,0.0,0.40273740256373625,31089.096863540763,0.0,0.03153428833350106,8.147838782140981e-9,4.786081060515195e-5,0,0
0.00045000000000000004,54.870869531638505,-304.85324377892397,249.98237424728546,0.2499252740212803,-2.4234612445434744,2.173535970522195,4.440892098500626e-16,-0.247103462994948,-3.255583747982623,-3.1078917591918107,188.49506354714882,1295.859321098083,0.0,0.4213293056057014,31089.090358938214,0.0,0.03226366089338553,8.339036209822903e-9,4.786081060515195e-5,0,0
0.00046,56.07810934233514,-305.275748201158,249.19763885882287,0.26127725392908674,-2.4798990243402455,2.2186217704111595,6.661338147750939e-16,-0.2580670285693514,-3.327739314196976,-3.1759407280532574,188.49504343911252,1324.580271240533,0.0,0.44033609946313645,31089.0837259738,0.0,0.032993888897822496,8.519935491488329e-9,4.786081060515195e-5,0,0
0.00047000000000000004,57.284552158968836,-305.69391397928064,248.40936182031183,0.2728780668246872,-2.536414745646386,2.2635366788216995,2.220446049250313e-16,-0.26926659029448863,-3.399846467270067,-3.2438881714453096,188.49502294251528,1353.2819507664292,0.0,0.4597573869657441,31089.076964836942,0.0,0.03372499116653542,8.716015766768725e-9,4.786081060515195e-5,0,0
0.00048000000000000007,58.49018083531669,-306.1077351702305,247.61755433491388,0.2847274312495104,-2.593007290794986,2.3082798595454763,6.661338147750939e-16,-0.2807019906177838,-3.471904207012111,-3.311731967009356,188.4950020579433,1381.9639615488968,0.0,0.47959276297505765,31089.070075721047,0.0,0.034456986497650485,8.902280492634196e-9,4.786081060515195e-5,0,0
0.0004900000000000001,59.69497823672654,-306.5172058926926,246.82222765596603,0.2968250599440124,-2.649675540688934,2.352850480744922,4.440892098500626e-16,-0.29237306887538583,-3.5439115339514284,-3.3794699974515683,188.49498078599493,1410.6259057465265,0.0,0.49984181439713654,31089.06305882352,0.0,0.03518989366726535,9.086877353001177e-9,4.786081060515195e-5,0,0
0.0005,60.89892724036049,-306.92232032718135,246.0233930868209,0.3091706598599541,-2.706418374836559,2.397247714976605,0.0,-0.30427966129345874,-3.615867449348067,-3.447100150641801,188.49495912728057,1439.267385808794,0.0,0.5205041201955013,31089.055914345776,0.0,0.03592373142901874,9.278303189988457e-9,4.786081060515195e-5,0,0
0.00051,62.10201073543828,-307.32307271612416,245.22106198068585,0.321763932172913,-2.7632346713872904,2.4414707392143775,2.220446049250313e-16,-0.31642160098948846,-3.6877709552074207,-3.514620319712101,188.49493708242267,1467.8880044814705,0.0,0.5415792514043082,31089.048642493173,0.0,0.03665851851366108,9.463522824756931e-9,4.786081060515195e-5,0,0
0.0005200000000000001,63.30421162348039,-307.7194573639424,244.41524574046207,0.33460457229503243,-2.8201233071673495,2.4855187348723176,4.440892098500626e-16,-0.3287987179736236,-3.759621054293828,-3.582028403154829,188.49491465205574,1496.4873648120322,0.0,0.5630667711417623,31089.041243475058,0.0,0.03739427362862589,9.651572334748448e-9,4.786081060515195e-5,0,0
0.0005300000000000001,64.50551281855111,-308.11146863713293,243.6059558185818,0.3476922698880054,-2.8770831577154534,2.5293908878274483,0.0,-0.3414108391500281,-3.831416750144155,-3.6493223049203856,188.49489183682624,1525.065070155057,0.0,0.5849662346237681,31089.033717504717,0.0,0.03813101545760224,9.826210988980733e-9,4.786081060515195e-5,0,0
0.00054,65.70589724750138,-308.4991009643477,242.79320371684634,0.36102670887628935,-2.9341130973185465,2.5730863884422575,0.0,-0.35425778831826715,-3.9031570470813683,-3.7164999345145326,188.49486863739264,1553.6207241776237,0.0,0.607277189177818,31089.02606479942,0.0,0.03886876266010808,1.0025904807753339e-8,4.786081060515195e-5,0,0
0.00055,66.90534785021143,-308.8823488364734,241.977000986262,0.3746075674605551,-2.991211999047543,2.616604431586988,0.0,-0.3673393861747103,-3.9748409502280935,-3.783559207095306,188.4948450544253,1582.1539308647002,0.0,0.629999174257117,31089.018285580325,0.0,0.03960753387106469,1.020552955165177e-8,4.786081060515195e-5,0,0
0.0005600000000000001,68.10384757983319,-309.26120680670937,241.15735922687625,0.3884345181313669,-3.048378734793082,2.6599442166617155,2.220446049250313e-16,-0.38065545031395875,-4.046467465520143,-3.8504980435695066,188.4948210886065,1610.6642945245242,0.0,0.6531317214549407,31089.01038007255,0.0,0.040347347700371926,1.0392751608953588e-8,4.786081060515195e-5,0,0
0.0005700000000000001,69.3013794030326,-309.63566949064534,240.33429008761283,0.4025072276830879,-3.1056121753012973,2.70310494761821,0.0,-0.3942057952303024,-4.11803559972005,-3.917314370688769,188.49479674063036,1639.1514197939814,0.0,0.6766743545192292,31089.002348505106,0.0,0.041088222732484615,1.0578835940924791e-8,4.786081060515195e-5,0,0
0.00058,70.49792630023171,-310.00573156633766,239.507805266106,0.41682535722802105,-3.162911190209601,2.746085832981581,4.440892098500626e-16,-0.40799023231919174,-4.189544360430578,-3.9840061211452094,188.49477201120285,1667.614911643977,0.0,0.7006265893674154,31088.994191110927,0.0,0.041830177525989935,1.0769524643600148e-8,4.786081060515195e-5,0,0
0.00059,71.69347126585058,-310.3713877743851,238.67791650853448,0.43138856221076977,-3.220274648082468,2.788886085871699,4.440892098500626e-16,-0.42200856987874236,-4.260992756108206,-4.050571233666622,188.49474690104174,1696.0543753847983,0.0,0.7249879341014842,31088.985908126808,0.0,0.04257323061318585,1.0937689441659071e-8,4.786081060515195e-5,0,0
0.0006000000000000001,72.88799730854888,-310.7326329180035,237.84463560945466,0.4461964924228295,-3.2777014164472233,2.8315049240243946,4.440892098500626e-16,-0.4362606131112532,-4.332379796076605,-4.117007653111245,188.49472141087654,1724.469416671473,0.0,0.7497578890232641,31088.977499793462,0.0,0.04331740049966056,1.1132421578324836e-8,4.786081060515195e-5,0,0
0.0006100000000000001,74.08148745146747,-311.08946186309987,237.00797441163243,0.4612487920174001,-3.335190361829843,2.8739415698124438,6.661338147750939e-16,-0.4507461641247643,-4.403704490540097,-4.183313330562069,188.4946955414485,1752.8596415091192,0.0,0.7749359466499487,31088.968966355445,0.0,0.044062705663873054,1.1318905212415187e-8,4.786081060515195e-5,0,0
0.00062,75.27392473246958,-311.44186953834503,236.16794480587544,0.47654509952442425,-3.3927403497907465,2.916195250266323,4.440892098500626e-16,-0.4654650219346217,-4.474965850597102,-4.249486223420696,188.49466929351053,1781.2246562582905,0.0,0.8005215917298506,31088.960308061163,0.0,0.044809164556734754,1.1483868078698833e-8,4.786081060515195e-5,0,0
0.00063,76.46529220438204,-311.78985093524574,235.32455873086374,0.492085047865846,-3.450350244960593,2.958265197094748,6.661338147750939e-16,-0.4804169824650806,-4.5461628882535585,-4.315524295500733,188.49464266782726,1809.5640676403143,0.0,0.8265143012583813,31088.951525162905,0.0,0.04555679560119229,1.1679183821444727e-8,4.786081060515195e-5,0,0
0.00064,77.65557293523594,-312.1334011082162,234.47782817298034,0.5078682643710896,-3.508018911076068,3.0001506467049794,6.661338147750939e-16,-0.49560183855092577,-4.617294616436326,-4.381425517120722,188.4946156651749,1837.877482742621,0.0,0.8529135444942604,31088.94261791675,0.0,0.04630561719181129,1.1854473905975604e-8,4.786081060515195e-5,0,0
0.0006500000000000001,78.84475000850742,-312.47251517464804,233.62776516614068,0.5238943707927579,-3.5657452110156687,3.0418508402229114,2.220446049250313e-16,-0.5110193799391158,-4.688360049006581,-4.4471878651965895,188.4945882863412,1866.1645090240677,0.0,0.8797187829759513,31088.933586582625,0.0,0.04705564769436144,1.2038953778326089e-8,4.786081060515195e-5,0,0
0.0006600000000000001,80.03280652335799,-312.80718831497967,232.7743817916216,0.5401629833225493,-3.6235280068354827,3.0833650235129344,4.440892098500626e-16,-0.5266693932904571,-4.759358200773192,-4.51280932333362,188.49456053212555,1894.4247543202555,0.0,0.9069294705383237,31088.924431424253,0.0,0.04780690544540263,1.2217689620425132e-8,4.786081060515195e-5,0,0
0.00067,81.21972559487482,-313.13741577276494,231.91769017789005,0.5566737126073863,-3.6813661598049494,3.124692447197564,4.440892098500626e-16,-0.542551662181306,-4.830288087506059,-4.578287881917947,188.49453240333872,1922.6578268488392,0.0,0.9345450533295399,31088.915152709145,0.0,0.0485594087518722,1.2393391823212196e-8,4.786081060515195e-5,0,0
0.00068,82.40549035431069,-313.4631928547407,231.05770250043008,0.5734261637657673,-3.739258530442618,3.165832366676851,4.440892098500626e-16,-0.55866596710528,-4.901148725949467,-4.64362153820755,188.49450390080304,1950.8633352148304,0.0,0.9625649698281669,31088.905750708618,0.0,0.049313175890673557,1.2579086980379905e-8,4.786081060515195e-5,0,0
0.0006900000000000001,83.59008394932358,-313.7845149308937,230.1944309815701,0.5904199364043229,-3.79720397855188,3.2067840421475573,0.0,-0.5750120854750114,-4.9719391338353915,-4.708808296422746,188.49447502535222,1979.0408884158892,0.0,0.990988650860508,31088.89622569774,0.0,0.05006822510826574,1.2761687297191404e-8,4.786081060515195e-5,0,0
0.0007000000000000001,84.7734895442165,-314.1013774345258,229.32788789030926,0.6076546246345886,-3.855201363256696,3.2475467386221086,8.881784197001252e-16,-0.5915897916239228,-5.042658329896797,-4.773846167836191,188.49444577783134,2007.190095847615,0.0,1.019815519618161,31088.88657795533,0.0,0.050824574620254394,1.2938317302951807e-8,4.786081060515195e-5,0,0
0.00071,85.9556903201764,-314.4137758623194,228.45808554214304,0.6251298170899885,-3.9132495430372938,3.2881197259473067,8.881784197001252e-16,-0.6083988568080148,-5.113305333880918,-4.838733170862367,188.4944161590969,2035.3105673088248,0.0,1.0490449916757933,31088.876807763954,0.0,0.05158224261098388,1.3105349933734134e-8,4.786081060515195e-5,0,0
0.00072,87.13666947551353,-314.7217057744015,227.58503629888807,0.6428450969430236,-3.971347375765852,3.3285022788228282,0.0,-0.6254390492077002,-5.18387916656252,-4.903467331146546,188.49438617001658,2063.401913006826,0.0,1.0786764750091384,31088.866915409923,0.0,0.052341247233130675,1.3287456541305476e-8,4.786081060515195e-5,0,0
0.0007300000000000001,88.31641022589989,-315.0251627944064,226.70875256850664,0.6608000419226744,-4.029493718742157,3.3686936768194826,0.0,-0.6427101339296495,-5.254378849757144,-4.968046681653252,188.49435581146946,2091.463743562682,0.0,1.1087093700132122,31088.856901183244,0.0,0.05310160660729793,1.3464798213902451e-8,4.786081060515195e-5,0,0
0.0007400000000000001,89.49489580460809,-315.32414260953817,225.82924680493014,0.6789942243320017,-4.087687428729231,3.4086932043972302,1.1102230246251565e-15,-0.6602118730086626,-5.3248034063343095,-5.0324692627541765,188.49432508434572,2119.4956700164657,0.0,1.1391430695207436,31088.846765377624,0.0,0.053863338821611435,1.3634818905872148e-8,4.786081060515195e-5,0,0
0.00075,90.67210946274952,-315.6186409706317,224.9465315078822,0.6974272110659568,-4.145927361988942,3.448500150922987,1.1102230246251565e-15,-0.6779440254095768,-5.395151860230735,-5.096733122315582,188.4942939895468,2147.4973038325134,0.0,1.1699769588208262,31088.836508290486,0.0,0.05462646193131675,1.3815832092950453e-8,4.786081060515195e-5,0,0
0.00076,91.84803446951226,-315.9086536922136,224.06061922270135,0.7160985636293925,-4.204212374317578,3.4881138106881866,4.440892098500626e-16,-0.6959063470291897,-5.465423236463511,-5.160836315785154,188.49426252798523,2175.468256904663,0.0,1.201210415677783,31088.826130222886,0.0,0.055390993958377724,1.3988761659450288e-8,4.786081060515195e-5,0,0
0.0007700000000000001,93.02265411239908,-316.194176652561,223.17152254016196,0.7350078381552764,-4.2625413210813825,3.5275334829261067,0.0,-0.7140985906982131,-5.535616561143261,-5.22477690627832,188.49423070058464,2203.4081415614874,0.0,1.2328428103502431,31088.815631479574,0.0,0.05615695289107626,1.4169852083356638e-8,4.786081060515195e-5,0,0
0.0007800000000000001,94.19595169746484,-316.4752057937607,222.27925409629594,0.7541545854231018,-4.320913057252066,3.5667584718289658,8.881784197001252e-16,-0.7325205061832603,-5.60573086148727,-5.2885529646640235,188.4941985082797,2231.3165705715182,0.0,1.2648735056104374,31088.805012368914,0.0,0.056924356683613425,1.4337855600704552e-8,4.786081060515195e-5,0,0
0.00079,95.36791054955373,-316.7517371217666,221.3838265722129,0.7735383508774998,-4.379326437442288,3.6057880865647887,4.440892098500626e-16,-0.7511718401888392,-5.675765165832631,-5.352162569649933,188.4941659520161,2259.1931571484674,0.0,1.297301856763702,31088.794273202908,0.0,0.05769322325571194,1.450310472411731e-8,4.786081060515195e-5,0,0
0.0008,96.53851401253635,-317.02376670645623,220.48525269392,0.7931586746470433,-4.437780315941069,3.6446216412940267,4.440892098500626e-16,-0.7700523363594052,-5.745718503649309,-5.415603807867107,188.49413303275045,2287.0375149564265,0.0,1.330127211668192,31088.783414297195,0.0,0.05846357049221999,1.4681994266185772e-8,4.786081060515195e-5,0,0
0.0008100000000000001,97.70774544954632,-317.2912906816873,219.58354523214103,0.8130150915632514,-4.496273546749207,3.6832584551859573,8.881784197001252e-16,-0.7891617352814031,-5.815589905553245,-5.478874773954097,188.4940997514503,2314.849258115077,0.0,1.3633489107548102,31088.772435970986,0.0,0.059235416242716395,1.48496381371932e-8,4.786081060515195e-5,0,0
0.0008200000000000001,98.87558824321687,-317.55430524535177,218.67871700213487,0.8331071311797807,-4.5548049836146145,3.7216978524348354,8.881784197001252e-16,-0.8084997744853697,-5.885378403319391,-5.541973570640465,188.4940661090941,2342.628001204875,0.0,1.3969662870473385,31088.76133854709,0.0,0.06000877832111717,1.5019853458198007e-8,4.786081060515195e-5,0,0
0.0008300000000000001,100.04202579591683,-317.8128066594306,217.77078086351375,0.8534343177918143,-4.613373480067624,3.7599391622758116,8.881784197001252e-16,-0.82806618844804,-5.955083029894757,-5.60489830882976,188.49403210667103,2370.3733592722347,0.0,1.4309786661827806,31088.75012235189,0.0,0.06078367450528354,1.5197816258943897e-8,4.786081060515195e-5,0,0
0.00084,101.20704152998667,-318.06679125004644,216.8597497200598,0.8739961704556357,-4.671977889456261,3.7979817190006258,4.440892098500626e-16,-0.8478607085944905,-6.024702819411418,-5.667647107681886,188.4939977451811,2398.084947834708,0.0,1.4653853664319083,31088.738787715294,0.0,0.06156012253663123,1.5358184928676577e-8,4.786081060515195e-5,0,0
0.0008500000000000001,102.37061888797405,-318.3162554075161,215.94563651954206,0.8947922030083925,-4.730617064981436,3.835824861973044,4.440892098500626e-16,-0.867883063300317,-6.094236807199502,-5.7302180946949095,188.49396302563503,2425.7623828861415,0.0,1.5001856987200182,31088.727334970783,0.0,0.062338140119741356,1.5528719532476032e-8,4.786081060515195e-5,0,0
0.0008600000000000001,103.53274133286914,-318.5611955864017,215.02845425353263,0.9158219240880497,-4.789289859732126,3.873467935644077,4.440892098500626e-16,-0.8881329778938236,-6.1636840298001605,-5.792609405786276,188.4939279490542,2453.4052809018426,0.0,1.535378966647883,31088.715764455337,0.0,0.06311774492197259,1.569564905823384e-8,4.786081060515195e-5,0,0
0.0008700000000000001,104.69339234833961,-318.8016083055611,214.10821595722157,0.9370848371535208,-4.8479951267204635,3.9109102895669436,0.0,-0.9086101746582491,-6.233043524978507,-5.854819185373428,188.49389251647068,2481.0132588437186,0.0,1.5709644665129159,31088.704076509453,0.0,0.06389895457307486,1.5858187731726536e-8,4.786081060515195e-5,0,0
0.00088,105.85255543896542,-319.0374901481975,213.18493470923215,0.9585804405049874,-4.9067317189168,3.9481512784118142,8.881784197001252e-16,-0.9293143728340307,-6.302314331736549,-5.916845586453834,188.49385672892706,2508.5859341654227,0.0,1.6069414873305274,31088.692271477117,0.0,0.06468178666480451,1.602848623966091e-8,4.786081060515195e-5,0,0
0.0008900000000000001,107.01021413047327,-319.2688377619077,212.2586236314345,0.9803082273044028,-4.965498489284709,3.985190261980308,8.881784197001252e-16,-0.9502452886210735,-6.37149549032608,-5.9786867706844316,188.49382058747645,2536.1229248174823,0.0,1.6433093108556913,31088.680349705788,0.0,0.06546625875054092,1.6195200295415768e-8,4.786081060515195e-5,0,0
0.0009000000000000001,108.16635196997065,-319.49564785873,211.32929588875948,1.002267685596165,-5.024294290815901,4.022026605219739,1.3322676295501878e-15,-0.9714026351810641,-6.440586042261549,-6.0403409084604265,188.49378409318248,2563.6238492524126,0.0,1.6800672116046989,31088.668311546382,0.0,0.0662523883449046,1.6359825282669105e-8,4.786081060515195e-5,0,0
0.0009100000000000001,109.32095252617975,-319.717917215191,210.39696468901127,1.0244582983279789,-5.083117976565132,4.058659678237155,4.440892098500626e-16,-0.9927861226398118,-6.509585030332934,-6.101806178993538,188.4937472471192,2591.0883264298404,0.0,1.7172144568771226,31088.656157353245,0.0,0.06704019292337679,1.6518449639374433e-8,4.786081060515195e-5,0,0
0.00092,110.47399938967094,-319.93564267235104,209.4616432826801,1.046879543371887,-5.141968399684991,4.095088856313107,1.7763568394002505e-15,-1.014395458089618,-6.578491498618549,-6.163080770389584,188.493710050371,2618.5159758215973,0.0,1.7547503067779662,31088.643887484166,0.0,0.06782968992192062,1.6683540077222503e-8,4.786081060515195e-5,0,0
0.00093,111.62547617309602,-320.14882113584946,208.52334496275347,1.0695308935454773,-5.200844413460668,4.131313519915193,1.3322676295501878e-15,-1.0362303455916653,-6.647304492497864,-6.224162879725474,188.49367250403267,2645.906417416815,0.0,1.7926740142400175,31088.631502300334,0.0,0.06862089673660376,1.68511453957354e-8,4.786081060515195e-5,0,0
0.0009400000000000001,112.7753665114211,-320.3574495759484,207.58208306452735,1.0924118166332653,-5.259744871344633,4.16733305471137,8.881784197001252e-16,-1.0582904861784481,-6.716023058664284,-6.285050713125582,188.49363460920924,2673.2592717270113,0.0,1.830984825046389,31088.619002166324,0.0,0.06941383072322255,1.7015402239972666e-8,4.786081060515195e-5,0,0
0.0009500000000000001,113.92365406215919,-320.561525027576,206.63787096541688,1.115521775408243,-5.318668626991246,4.203146851583006,1.3322676295501878e-15,-1.0805755778562256,-6.784646245137894,-6.34574248583748,188.49359636701593,2700.574159791159,0.0,1.869681977853256,31088.60638745008,0.0,0.07020850919692777,1.7168483485568986e-8,4.786081060515195e-5,0,0
0.0009600000000000001,115.07032250560243,-320.76104459036833,205.69072208476598,1.1388602276535988,-5.377614534291314,4.238754306637717,1.3322676295501878e-15,-1.1030853156075047,-6.853173101278216,-6.40623642230706,188.49355777857815,2727.8507031807558,0.0,1.9087647042127844,31088.59365852291,0.0,0.07100494943185197,1.7329654874304046e-8,4.786081060515195e-5,0,0
0.00097,116.2153555450541,-320.95600542871074,204.74064988365672,1.1624266261846092,-5.436581447406557,4.2741548212219485,8.881784197001252e-16,-1.1258193913935504,-6.921602677796899,-6.4665307562530145,188.49351884503147,2755.0885240048756,0.0,1.9482322285962475,31088.580815759455,0.0,0.0718031686607383,1.7476101579760872e-8,4.786081060515195e-5,0,0
0.0009800000000000002,117.35873690706019,-321.1464047717782,203.78766786471806,1.1862204188706849,-5.495568220804006,4.309347801933322,4.440892098500626e-16,-1.1487774941569386,-6.9899340267704035,-6.526623730740678,188.49347956752152,2782.287244915212,0.0,1.9880837684173325,31088.567859537696,0.0,0.07260318407457102,1.7648384836865816e-8,4.786081060515195e-5,0,0
0.00099,118.5004503416406,-321.3322399135746,202.831789571934,1.2102410486575945,-5.554573709290333,4.344332660632739,4.440892098500626e-16,-1.1719593098241128,-7.058166201652674,-6.586513598255236,188.49343994720388,2809.4464891111193,0.0,2.028318534055634,31088.554790238886,0.0,0.07340501282220745,1.7797594807633654e-8,4.786081060515195e-5,0,0
0.001,119.64047962252032,-321.5135082129712,201.87302859045093,1.2344879535898368,-5.613596768046097,4.379108814456264,2.220446049250313e-15,-1.1953645213080055,-7.1262982572877664,-6.646198620774292,188.49339998524417,2836.565880344634,0.0,2.0689357288803363,31088.541608247593,0.0,0.07420867201001179,1.795992480430053e-8,4.786081060515195e-5,0,0
0.00101,120.77880854735977,-321.6902070937443,200.91139854638453,1.2589605668331845,-5.67263625265991,4.413675685826726,4.440892098500626e-16,-1.2189928085106474,-7.194329249922452,-6.70567706983978,188.49335968281784,2863.645042925489,0.0,2.1099345492740764,31088.528313951625,0.0,0.07501417870149027,1.8111105504203806e-8,4.786081060515195e-5,0,0
0.00102,121.91542093798522,-321.86233404461154,199.9469131066264,1.2836583166973754,-5.73169101916251,4.448032702465137,1.3322676295501878e-15,-1.2428438483258548,-7.262258237218807,-6.7649472266292285,188.49331904111025,2890.6836017261194,0.0,2.151314184656992,31088.514907742054,0.0,0.07582154991692815,1.8260942324238583e-8,4.786081060515195e-5,0,0
0.00103,123.05030064061874,-322.0298866192681,198.9795859786494,1.3085806266589701,-5.790759924060788,4.48217929740182,1.3322676295501878e-15,-1.2669173146419053,-7.3300842782667734,-6.824007382026379,188.49327806131654,2917.6811821866604,0.0,2.1930738175109523,31088.501390013196,0.0,0.07663080263302824,1.842780314800785e-8,4.786081060515195e-5,0,0
0.0010400000000000001,124.18343152610765,-322.19286243642085,198.0094309103133,1.333726915384354,-5.849841824371683,4.5161149089873325,1.3322676295501878e-15,-1.2912128783442738,-7.397806433596681,-6.882855836691133,188.49323674464154,2944.6374103199296,0.0,2.2352126234039704,31088.48776116255,0.0,0.07744195378255114,1.857308287722681e-8,4.786081060515195e-5,0,0
0.0010500000000000002,125.31479749015388,-322.3512591798229,197.0364616896691,1.359096596752904,-5.90893557765603,4.549838980903128,8.881784197001252e-16,-1.3157302073183743,-7.4654237651917725,-6.941490901128859,188.49319509229983,2971.5519127164052,0.0,2.2777297710147946,31088.47402159083,0.0,0.07825502025395711,1.8732125496578877e-8,4.786081060515195e-5,0,0
0.0010600000000000002,126.4443824535428,-322.50507459830567,196.06069214476287,1.3846890798802918,-5.968040042052287,4.5833509621719974,1.3322676295501878e-15,-1.3404689664523637,-7.53293533650066,-6.999910895759015,188.49315310551557,2998.4243165491825,0.0,2.3206244221576724,31088.460171701918,0.0,0.07907001889104963,1.8875933434359116e-8,4.786081060515195e-5,0,0
0.00107,127.57217036237176,-322.6543065058118,195.08213614344004,1.41050376914195,-6.027154076310201,4.616650307168253,1.3322676295501878e-15,-1.365428817639939,-7.600340212449799,-7.058114150983121,188.4931107855225,3025.2542495789403,0.0,2.3638957318073013,31088.44621190285,0.0,0.0798869664926206,1.9023894036462874e-8,4.786081060515195e-5,0,0
0.00108,128.6981451882782,-322.79895278142544,194.10080759314724,1.4365400641966743,-6.086276539824365,4.649736475627692,8.881784197001252e-16,-1.3906094197832015,-7.667637459455911,-7.116099007252056,188.4930681335639,3052.041340158874,0.0,2.40754284812395,31088.432142603815,0.0,0.0807058798120974,1.9178247389478598e-8,4.786081060515195e-5,0,0
0.00109,129.82229092866748,-322.93901136940286,193.11672044073538,1.4627973600103776,-6.145406292667679,4.682608932657303,8.881784197001252e-16,-1.4160104287955284,-7.734826145438378,-7.173863815132682,188.49302515089244,3078.785217239632,0.0,2.4515649124787475,31088.417964218093,0.0,0.08152677555719137,1.932040867916318e-8,4.786081060515195e-5,0,0
0.0011,130.94459160694035,-323.0744802792015,192.1298886722612,1.4892750468799836,-6.2045421956247315,4.715267148744749,4.440892098500626e-16,-1.4416314976044895,-7.801905339831625,-7.231406935373794,188.49298183877025,3105.485510374241,0.0,2.4959610594791557,31088.403677162096,0.0,0.08234967038954831,1.946547973502577e-8,4.786081060515195e-5,0,0
0.00111,132.06503127271995,-323.2053575855083,191.14032631278843,1.5159725104574646,-6.2636831102250685,4.747710599767606,1.3322676295501878e-15,-1.467472276154785,-7.868874113597464,-7.288726738971395,188.49293819846878,3132.1418497230156,0.0,2.5407304169946063,31088.389281855296,0.0,0.08317458092440048,1.961491405411131e-8,4.786081060515195e-5,0,0
0.0011200000000000001,133.1835940020785,-323.33164142826706,190.14804742618864,1.5428891317740157,-6.322827898776376,4.7799387670023625,8.881784197001252e-16,-1.4935324114112278,-7.935731539237419,-7.34582160723329,188.49289423126874,3158.7538660584596,0.0,2.585872106182307,31088.37477872023,0.0,0.08400152373022052,1.976010643306436e-8,4.786081060515195e-5,0,0
0.0011300000000000001,134.3002638977637,-323.45333001270484,189.15306611494114,1.5700242872643695,-6.38197542439755,4.811951137133184,1.7763568394002505e-15,-1.5198115473617437,-8.002476690805011,-7.402689931842992,188.4928499384601,3185.321190770155,0.0,2.631385241513222,31088.36016818248,0.0,0.08483051532837692,1.9904172511575613e-8,4.786081060515195e-5,0,0
0.0011400000000000002,135.41502508942457,-323.5704216093575,188.1553965199329,1.5973773487912433,-6.441124551051674,4.843747202260435,2.6645352591003757e-15,-1.5463093250204234,-8.06910864391803,-7.4593301149229525,188.49280532134193,3211.8434558696463,0.0,2.6772689307982116,31088.345450670644,0.0,0.08566157219279144,2.0047351431684568e-8,4.786081060515195e-5,0,0
0.0011500000000000002,136.52786173383706,-323.6829145540942,187.15505282025717,1.6249476836699246,-6.5002741435788955,4.875326459908974,1.7763568394002505e-15,-1.5730253824305827,-8.13562647577077,-7.515740569097094,188.49276038122247,3238.3202939953035,0.0,2.723522275214345,31088.330626616334,0.0,0.08649471074959819,2.019423261251374e-8,4.786081060515195e-5,0,0
0.00116,137.6387580151291,-323.7908072481413,186.15204923301218,1.6527346546929869,-6.559423067729184,4.9066884130362,1.3322676295501878e-15,-1.5999593546678696,-8.20202926514624,-7.571919717552667,188.49271511941893,3264.7513384171825,0.0,2.77014436933137,31088.315696454123,0.0,0.08732994737680445,2.033188226113758e-8,4.786081060515195e-5,0,0
0.00117,138.74769814500567,-323.89409815810467,185.14640001309903,1.680737620155129,-6.618570190195005,4.9378325700398795,2.220446049250313e-15,-1.6271108738434241,-8.26831609242836,-7.6278659941013975,188.49266953725757,3291.1362230418777,0.0,2.817134301138354,31088.300660621564,0.0,0.08816729840395347,2.0466176059441565e-8,4.786081060515195e-5,0,0
0.00118,139.85466636297286,-323.9927858159919,184.13811945301916,1.7089559338781535,-6.677714378643853,4.968758444765702,1.3322676295501878e-15,-1.6544795691070113,-8.334486039614092,-7.683577843239947,188.4926236360735,3317.4745824173438,0.0,2.864491152070475,31088.285519559147,0.0,0.08900678011178875,2.0607202284861348e-8,4.786081060515195e-5,0,0
0.00119,140.95964693656197,-324.086868819233,183.12722188267114,1.737388945236064,-6.736854501750716,4.9994655565146555,1.7763568394002505e-15,-1.6820650666502637,-8.400538190325584,-7.739053720209686,188.49257741721073,3343.7660517377362,0.0,2.912213997035983,31088.27027371028,0.0,0.08984840873192043,2.0736470422721975e-8,4.786081060515195e-5,0,0
0.0012000000000000001,142.06262416155317,-324.1763458307002,182.1137216691471,1.766035999180287,-6.79598942923039,5.029953430050106,1.3322676295501878e-15,-1.7098669897098957,-8.466471629822259,-7.794292091055759,188.49253088202207,3370.0102668482127,0.0,2.960301904443316,31088.25492352129,0.0,0.09069220044649332,2.088326474247726e-8,4.786081060515195e-5,0,0
0.0012100000000000001,143.1635823621987,-324.2612155787271,181.09763321652846,1.7948964362650157,-6.855118031869702,5.060221595604689,2.220446049250313e-15,-1.7378849585709935,-8.532285445012889,-7.849291432685437,188.49248403186905,3396.206864249739,0.0,3.008753936228366,31088.23946944136,0.0,0.0915381713878568,2.1011820790228786e-8,4.786081060515195e-5,0,0
0.0012200000000000002,144.2625058914455,-324.3414768571266,180.07897096568118,1.8239695926726849,-6.914239181559628,5.090269588886945,8.881784197001252e-16,-1.7661185905703005,-8.597978724467639,-7.904050232925808,188.4924368681219,3422.3554811038825,0.0,3.057569147881917,31088.223911922556,0.0,0.09238633763823657,2.1152242797584098e-8,4.786081060515195e-5,0,0
0.0012300000000000002,145.3593791311578,-324.4171285252085,179.05774939405077,1.8532548002395453,-6.973351751327261,5.12009695108772,2.6645352591003757e-15,-1.7945675000995784,-8.663550558430073,-7.958566990580714,188.4923893921594,3448.45575523759,0.0,3.106746588477219,31088.20825141976,0.0,0.09323671522940817,2.1280409254198496e-8,4.786081060515195e-5,0,0
0.00124,146.4541864923388,-324.488169507795,178.03398301545624,1.8827513864813687,-7.0324546153677066,5.149703228886343,3.552713678800501e-15,-1.82323129860897,-8.729000038829144,-8.012840215487014,188.49234160536892,3474.5073251479553,0.0,3.1562853006977267,31088.192488390705,0.0,0.09408932014237242,2.141978793640531e-8,4.786081060515195e-5,0,0
0.00125,147.5469124153527,-324.5545987952365,177.00768637988386,1.9124586746192633,-7.091546649075819,5.17908797445656,2.220446049250313e-15,-1.8521095946104091,-8.794326259291132,-8.066868428570139,188.49229350914632,3500.5098300069712,0.0,3.2061843208649834,31088.17662329589,0.0,0.09494416830703277,2.1546802210503646e-8,4.786081060515195e-5,0,0
0.00126,148.6375413701453,-324.6164154434258,175.9788740732806,1.942375983605605,-7.150626729077846,5.208250745472245,2.220446049250313e-15,-1.8812019936810642,-8.859528315151604,-8.120650161898919,188.49224510489583,3526.4629096662843,0.0,3.2564426789666583,31088.16065659861,0.0,0.09580127560187425,2.1674460899678838e-8,4.786081060515195e-5,0,0
0.00127,149.72605785646502,-324.6736185738115,174.94756071734656,1.9725026281500722,-7.209693733262944,5.237191105112877,2.6645352591003757e-15,-1.910508098466821,-8.924605303467267,-8.17418395873972,188.49219639403012,3552.3662046619215,0.0,3.3070593986847294,31088.144588764917,0.0,0.09666065785364465,2.1808653924426658e-8,4.786081060515195e-5,0,0
0.00128,150.8124464040832,-324.72620737341055,173.91376096932743,2.0028379187457963,-7.268746540814565,5.265908622068771,2.220446049250313e-15,-1.940027508685784,-8.989556323027871,-8.22746837360986,188.49214737797007,3578.219356219016,0.0,3.358033497423813,31088.128420263587,0.0,0.09752233083703732,2.1933558184972224e-8,4.786081060515195e-5,0,0
0.0012900000000000001,151.89669157301384,-324.7741810948196,172.87748952180573,2.0333811616956137,-7.327784032241715,5.294402870546106,2.6645352591003757e-15,-1.9697598211318452,-9.054380474368015,-8.280501972330303,188.49209805814482,3604.022006256506,0.0,3.409363986339642,31088.11215156612,0.0,0.09838631027437596,2.205888511436216e-8,4.786081060515195e-5,0,0
0.0013000000000000002,152.97877795373307,-324.8175390562259,171.83876110249284,2.0641316591384338,-7.3868050894101245,5.322673430271694,2.6645352591003757e-15,-1.9997046296782404,-9.119076859778987,-8.33328333207767,188.49204843599168,3629.773797391854,0.0,3.4610498703676837,31088.095783146702,0.0,0.0992526118353013,2.2179814929135233e-8,4.786081060515195e-5,0,0
0.0013100000000000002,154.05869016739828,-324.8562806414169,170.79759047401868,2.0950887090756893,-7.445808595573229,5.350719886497544,2.220446049250313e-15,-2.0298615252811945,-9.183644583320504,-8.385811041435492,188.49199851295606,3655.4743729457123,0.0,3.5130901482519015,31088.0793154822,0.0,0.1001212511364597,2.2309697422784325e-8,4.786081060515195e-5,0,0
0.0013200000000000002,155.13641286606645,-324.8904052997889,169.7539924337225,2.1262516053979157,-7.50479343540309,5.3785418300051795,3.1086244689504383e-15,-2.0602300959835587,-9.248082750832499,-8.438083700444786,188.4919482904914,3681.1233769466116,0.0,3.565483812573663,31088.062749052122,0.0,0.10099224374119355,2.243634849435905e-8,4.786081060515195e-5,0,0
0.00133,156.21193073291252,-324.9199125463549,168.70798181344247,2.1576196379114023,-7.563758495021129,5.406138857109729,8.881784197001252e-16,-2.090809926918499,-9.3123904699468,-8.490099920653885,188.49189777005907,3706.720454135615,0.0,3.6182298497807728,31088.0460843386,0.0,0.10186560515923374,2.2551112491275838e-8,4.786081060515195e-5,0,0
0.00134,157.28522848244697,-324.94480196175175,167.65957347930484,2.1891920923649595,-7.6227026620287734,5.4335105696638175,1.3322676295501878e-15,-2.12160060031325,-9.376566850098854,-8.541858325167563,188.4918469531284,3732.2652499709766,0.0,3.6713272402166646,31088.02932182638,0.0,0.10274135084639402,2.2670638130661835e-8,4.786081060515195e-5,0,0
0.00135,158.356290860733,-324.96507319224565,166.60878233151277,2.220968250476779,-7.681624825537948,5.460656575061174,3.1086244689504383e-15,-2.1526016954928373,-9.440611002539347,-8.59335754869545,188.49179584117653,3757.7574106327756,0.0,3.7247749581497076,31088.0124620028,0.0,0.10361949620426715,2.2800464918870667e-8,4.786081060515195e-5,0,0
0.00136,159.4251026456034,-324.9807259497376,165.55562330413431,2.252947389961375,-7.740523876201441,5.487576486240069,2.220446049250313e-15,-2.1838127888839014,-9.504522040345869,-8.644596237599698,188.49174443568833,3783.1965830275435,0.0,3.7785719718026662,31087.995505357736,0.0,0.10450005657992316,2.2905865038058693e-8,4.786081060515195e-5,0,0
0.0013700000000000001,160.4916486468769,-324.9917600117672,164.50011136489047,2.2851287845566297,-7.799398706243131,5.514269921686504,1.3322676295501878e-15,-2.215233454018533,-9.568299078434467,-8.695573049941956,188.49169273815644,3808.5824147928784,0.0,3.8327172433822767,31087.97845238363,0.0,0.10538304726560951,2.3031859593125592e-8,4.786081060515195e-5,0,0
0.0013800000000000002,161.55591370657402,-324.9981752215161,163.44226151494215,2.3175117040509257,-7.858248209488086,5.540736505437167,3.9968028886505635e-15,-2.246863261538145,-9.631941233571247,-8.746286655529612,188.4916407500811,3833.9145543020486,0.0,3.8872097291089727,31087.961303575434,0.0,0.10626848349845315,2.3150374284242048e-8,4.786081060515195e-5,0,0
0.0013900000000000002,162.61788269913248,-324.99997148780994,162.38208878867746,2.3500954143103705,-7.917071281392537,5.5669758670821725,3.9968028886505635e-15,-2.278701779197365,-9.695447624383888,-8.796735735961313,188.4915884729701,3859.1926506685886,0.0,3.9420483792467307,31087.94405943058,0.0,0.10715638046016458,2.3258422930660938e-8,4.786081060515195e-5,0,0
0.0014000000000000002,163.67754053162227,-324.99714878511975,161.31960825349753,2.3828791773060916,-7.975866819073681,5.592987641767593,1.7763568394002505e-15,-2.3107485718679994,-9.758817371373159,-8.846918984671763,188.49153590833876,3884.4163537508666,0.0,3.997232138133044,31087.92672044899,0.0,0.10804675327674389,2.3367148223318868e-8,4.786081060515195e-5,0,0
0.00141,164.73487214395996,-324.98970715356245,160.25483500960252,2.4158622511416326,-8.034633721339368,5.618771470197741,3.1086244689504383e-15,-2.3430032015430164,-9.822049596924366,-8.896835106975796,188.49148305770981,3909.585314156656,0.0,4.052759944209028,31087.90928713304,0.0,0.10893961701818869,2.3479955327254665e-8,4.786081060515195e-5,0,0
0.00142,165.789862509123,-324.9776466989,159.18778418977706,2.4490438900804223,-8.093370888717669,5.644326998637251,2.220446049250313e-15,-2.3754652273405603,-9.885143425318834,-8.946482820111736,188.49142992261338,3934.6991832476924,0.0,4.108630730049654,31087.891759987535,0.0,0.10983498669820418,2.359609580643296e-8,4.786081060515195e-5,0,0
0.00143,166.84249663336308,-324.9609675925383,158.11847095917528,2.4824233445733324,-8.152077223486247,5.6696538789129205,3.552713678800501e-15,-2.4081342055080066,-9.948097982745272,-8.995860853284023,188.49137650458684,3959.75761314421,0.0,4.164843422394102,31087.87413951967,0.0,0.11073287727391501,2.3699722115355648e-8,4.786081060515195e-5,0,0
0.00144,167.89275955641924,-324.9396700715242,157.04691051510497,2.5159998612862964,-8.210751629701646,5.6947517684153555,3.552713678800501e-15,-2.44100968942607,-10.010912397311184,-9.044967947705118,188.49132280517483,3984.760256729468,0.0,4.221396942176234,31087.856426239046,0.0,0.11163330364557922,2.3814406606426086e-8,4.786081060515195e-5,0,0
0.0014500000000000001,168.94063635173057,-324.9137544385428,155.9731180868122,2.549772683128027,-8.269393013228402,5.719620330100378,1.3322676295501878e-15,-2.4740912296129296,-10.073585799054207,-9.093802856636684,188.49126882592915,4009.706767654281,0.0,4.2782902045552,31087.838620657603,0.0,0.11253628065630422,2.3915788655015646e-8,4.786081060515195e-5,0,0
0.0014600000000000001,169.98611212664835,-324.8832210619124,154.8971089352641,2.583741049277795,-8.32800028176802,5.744259232490233,4.884981308350689e-15,-2.5073783737284145,-10.13611731995342,-9.142364345430067,188.49121456840868,4034.5968003415037,0.0,4.335522118946154,31087.820723289646,0.0,0.11344182309176473,2.4029753721566127e-8,4.786081060515195e-5,0,0
0.0014700000000000002,171.02917202264766,-324.8480703755801,153.81889835293245,2.61790419521328,-8.38657234488781,5.768668149674535,2.6645352591003757e-15,-2.540870666578188,-10.198506093940635,-9.190651191565998,188.4911600341793,4059.430009990538,0.0,4.393091589051095,31087.802734651767,0.0,0.11434994567992267,2.4134172348089233e-8,4.786081060515195e-5,0,0
0.0014800000000000002,172.06980121553858,-324.80830287911476,152.73850166357627,2.6522613527385017,-8.445108114049564,5.792846761311068,3.552713678800501e-15,-2.5745676501180297,-10.260751256911647,-9.238662184693634,188.49110522481385,4084.206052581803,0.0,4.450997512889816,31087.78465526287,0.0,0.11526066309074912,2.423524900901919e-8,4.786081060515195e-5,0,0
0.0014900000000000002,173.10798491567678,-324.76391913770067,151.65593422202397,2.686811750011806,-8.503606502638107,5.816794752626306,3.552713678800501e-15,-2.6084688634581,-10.32285194673745,-9.286396126668837,188.49105014189206,4108.924584881203,0.0,4.509238782830982,31087.766485644108,0.0,0.11617398993594834,2.4327461073392342e-8,4.786081060515195e-5,0,0
0.0015,174.14370836817392,-324.71491978212896,150.57121141395518,2.7215546115739375,-8.562066425989691,5.84051181441576,3.552713678800501e-15,-2.642573842867283,-10.384807303275444,-9.333851831591744,188.4909947870005,4133.585264444591,0.0,4.567814285623309,31087.748226318916,0.0,0.11708994076868368,2.4437175991098847e-8,4.786081060515195e-5,0,0
0.00151,175.17695685310707,-324.661305508789,149.48434865568197,2.756489158376155,-8.620486801420228,5.863997643044077,2.220446049250313e-15,-2.676882121777538,-10.44661646838056,-9.381028125843603,188.49093916173243,4158.187749622191,0.0,4.626722902426869,31087.729877812926,0.0,0.11800853008330571,2.453893156728615e-8,4.786081060515195e-5,0,0
0.00152,176.20771568572826,-324.60307707965814,148.39536139393002,2.7916146078084356,-8.6788665482534,5.887251940444969,3.552713678800501e-15,-2.711393230788319,-10.508278585916424,-9.427923848122916,188.4908832676878,4182.731699563046,0.0,4.685963508844488,31087.711440653966,0.0,0.11892977231508214,2.4628156458650352e-8,4.786081060515195e-5,0,0
0.0015300000000000001,177.23597021667283,-324.54023532229144,147.30426510561873,2.826930173727713,-8.737204587848586,5.910274414120877,3.1086244689504383e-15,-2.7461066976710042,-10.569792801766404,-9.474537849480813,188.49082710647318,4207.216774219421,0.0,4.74553497495327,31087.692915372067,0.0,0.11985368183992999,2.4735678651188753e-8,4.786081060515195e-5,0,0
0.0015400000000000001,178.26170583216788,-324.4727811298092,146.2110752976414,2.8624350664861984,-8.795499843628672,5.933064777142481,3.9968028886505635e-15,-2.781022047373404,-10.63115826384471,-9.520868993355755,188.49077067970163,4231.642634351205,0.0,4.805436165336222,31087.674302499385,0.0,0.12078027297414966,2.4825818255302945e-8,4.786081060515195e-5,0,0
0.0015500000000000002,179.28490795423986,-324.40071546088495,145.1158075066452,2.8981284929597515,-8.853751241107698,5.955622748147951,2.220446049250313e-15,-2.8161388020242493,-10.692374122107402,-9.566916155607483,188.49071398899272,4256.00894153032,0.0,4.865665939113989,31087.655602570227,0.0,0.12170955997416115,2.4920036312270355e-8,4.786081060515195e-5,0,0
0.0015600000000000002,180.30556204092164,-324.3240393397313,144.01847729880976,2.934009656576305,-8.911957707918322,5.977948051342022,2.220446049250313e-15,-2.8514564809377876,-10.753439528563389,-9.612678224550255,188.49065703597236,4280.315358145071,0.0,4.926223149976688,31087.636816120987,0.0,0.12264155703624226,2.5009586977764453e-8,4.786081060515195e-5,0,0
0.0015700000000000002,181.32365358645959,-324.2427538560857,142.91910026962623,2.970077757344339,-8.970118173839179,6.000040416494847,3.552713678800501e-15,-2.886974600618382,-10.814353637285379,-9.658154100985369,188.49059982227283,4304.561547404528,0.0,4.98710664621585,31087.617943690173,0.0,0.12357627829626883,2.5106403025998425e-8,4.786081060515195e-5,0,0
0.00158,182.3391681215191,-324.1568601651947,141.8176920436757,3.006331991881432,-9.028231570822063,6.021899578940636,2.6645352591003757e-15,-2.922692674765134,-10.87511560442084,-9.703342698232959,188.49054234953257,4328.7471733428765,0.0,5.048315270756468,31087.598985818317,0.0,0.12451373782945711,2.5192122499184677e-8,4.786081060515195e-5,0,0
0.00159,183.35209121339093,-324.06635948779785,140.71426827440698,3.0427715534428295,-9.08629683301894,6.043525279576116,2.6645352591003757e-15,-2.9586102142765904,-10.935724588202866,-9.748242942163095,188.4904846193963,4352.87190082375,0.0,5.109847861189133,31087.57994304802,0.0,0.1254539496501082,2.5287166111054304e-8,4.786081060515195e-5,0,0
0.0016,184.36240846619586,-323.97125311011,139.60884464391418,3.0793956319500904,-9.144312896808843,6.06491726485876,4.440892098500626e-15,-2.9947267272554683,-10.996179748961067,-9.792853771226135,188.49042663351477,4376.935395544562,0.0,5.171703249802287,31087.56081592386,0.0,0.12639692771135438,2.5367034035828073e-8,4.786081060515195e-5,0,0
0.00161,185.37010552108924,-323.8715423838035,138.50143686271423,3.1162034140197594,-9.202278700824557,6.086075286804803,3.552713678800501e-15,-3.031041719013393,-11.05648024913237,-9.837174136482375,188.49036839354477,4400.937324040815,0.0,5.233880263614558,31087.54160499244,0.0,0.12734268590490777,2.545320112318228e-8,4.786081060515195e-5,0,0
0.0016200000000000001,186.37516805646553,-323.7672287259883,137.39206066952278,3.153194082992096,-9.260193185979205,6.106999102987114,3.1086244689504383e-15,-3.0675546920757477,-11.116625253271856,-9.881203001630993,188.49030990114906,4424.877353690398,0.0,5.296377724407196,31087.52231080231,0.0,0.12829123806081083,2.5543960169294166e-8,4.786081060515195e-5,0,0
0.0016300000000000002,187.37758178816128,-323.65831361919237,136.28073183103118,3.1903668189598497,-9.318055295492632,6.1276884765327875,2.6645352591003757e-15,-3.104265146186491,-11.176613928063489,-9.924939343038277,188.4902511579963,4448.75515271788,0.0,5.3591944487566066,31087.50293390397,0.0,0.1292425979471891,2.563620977308334e-8,4.786081060515195e-5,0,0
0.0016400000000000002,188.37733246965857,-323.54479861134064,135.16746614168213,3.227720798797075,-9.375863974917662,6.148143176120593,3.1086244689504383e-15,-3.141172578313054,-11.236445442330881,-9.968382149765123,188.49019216576093,4472.570390198781,0.0,5.4223292480669825,31087.483474849796,0.0,0.13019677927000595,2.569994241724549e-8,4.786081060515195e-5,0,0
0.0016500000000000002,189.37440589228723,-323.4266853157324,134.0522794234453,3.265255196187978,-9.433618172166165,6.168362975978193,3.1086244689504383e-15,-3.178276482651269,-11.296118967047965,-10.01153042359384,188.49013292612315,4496.322736063827,0.0,5.485780928603007,31087.46393419413,0.0,0.1311537956728194,2.579462866220128e-8,4.786081060515195e-5,0,0
0.0016600000000000002,190.3687878854269,-323.3039754110193,132.93518752559245,3.302969181655813,-9.491316837534994,6.188347655879188,3.9968028886505635e-15,-3.215576350630349,-11.355633675349678,-10.054383179054247,188.4900734407688,4520.011861103205,0.0,5.549548291522677,31087.444312493113,0.0,0.1321136607365411,2.5858161473157892e-8,4.786081060515195e-5,0,0
0.00167,191.3604643167084,-323.1766706411804,131.81620632447212,3.3408619225918126,-9.548958923731742,6.208097001139937,3.9968028886505635e-15,-3.2530716709178975,-11.414988742542594,-10.096939443449042,188.4900137113894,4543.637436970793,0.0,5.61363013291018,31087.424610304795,0.0,0.1330763879791973,2.5957850285918127e-8,4.786081060515195e-5,0,0
0.00168,192.34942109221458,-323.0447728154985,130.69535172328403,3.3789325832841497,-9.606543385900352,6.227610802616208,2.6645352591003757e-15,-3.2907619294249555,-11.47418334611551,-10.139198256878487,188.48995373968185,4567.199136188385,0.0,5.678025243808904,31087.404828188977,0.0,0.13404199085569196,2.601387971007396e-8,4.786081060515195e-5,0,0
0.00169,193.33564415668056,-322.90828380853355,129.5726396518531,3.417180324946945,-9.664069181646552,6.246888856699611,2.6645352591003757e-15,-3.328646609311114,-11.533216665750043,-10.181158672264367,188.48989352734864,4590.696632149896,0.0,5.742732410254476,31087.384966707323,0.0,0.13501048275757202,2.610123417401411e-8,4.786081060515195e-5,0,0
0.0017000000000000001,194.31911949369362,-322.76720556009644,128.4480860664029,3.455604305749285,-9.721535271063138,6.26593096531386,4.884981308350689e-15,-3.3667251909896505,-11.592087883331132,-10.222819755373258,188.48983307609754,4614.129599125555,0.0,5.807750413307937,31087.365026423227,0.0,0.1359818770127946,2.6173165759701966e-8,4.786081060515195e-5,0,0
0.0017100000000000001,195.2998331258923,-322.6215400752215,127.32170694932928,3.4942036808442865,-9.778940616755088,6.284736935910807,3.552713678800501e-15,-3.4049971521326987,-11.650796182957539,-10.264180584839096,188.48977238764166,4637.497712266092,0.0,5.873078029088972,31087.34500790184,0.0,0.13695618688549652,2.623941538354435e-8,4.786081060515195e-5,0,0
0.0017200000000000002,196.277771115165,-322.4712894241376,126.19351830897264,3.5329776023981974,-9.836284183864528,6.303306581466337,3.1086244689504383e-15,-3.4434619676764884,-11.709340750952343,-10.305240252185023,188.48971146369936,4660.800647606903,0.0,5.938714028809228,31087.32491171006,0.0,0.13793342557576574,2.63188794785707e-8,4.786081060515195e-5,0,0
0.0017300000000000002,197.25291956284832,-322.31645574223904,125.06353617939082,3.5719252196194957,-9.893564940095507,6.321639720476019,4.884981308350689e-15,-3.482119109826602,-11.767720775873354,-10.345997861844562,188.4896503059941,4684.038082072201,0.0,6.0046571788057115,31087.304738416453,0.0,0.138913606219415,2.638500198881566e-8,4.786081060515195e-5,0,0
0.0017400000000000002,198.2252646099242,-322.1570412300552,123.93177662013109,3.6110456787880447,-9.950781855738644,6.3397361769506055,3.9968028886505635e-15,-3.5209680480632954,-11.825935448523508,-10.386452531182073,188.48958891625446,4707.20969347917,0.0,6.070906240574265,31087.284488591275,0.0,0.13989674188775755,2.645304749554489e-8,4.786081060515195e-5,0,0
0.00175,199.19479243721733,-321.99304815321915,122.79825571600193,3.650338123284251,-10.007933903695568,6.357595780411325,4.884981308350689e-15,-3.560008249146847,-11.883983961961238,-10.42660339051252,188.48952729621402,4730.3151605420735,0.0,6.137459970803123,31087.264162806438,0.0,0.14088284558738493,2.6525488826256716e-8,4.786081060515195e-5,0,0
0.00176,200.16148926559126,-321.82447884243555,121.66298957684435,3.689801693618257,-10.065020059503246,6.3752183658849955,3.9968028886505635e-15,-3.5992391771229455,-11.941865511510823,-10.466449583120555,188.48946544761128,4753.354162876396,0.0,6.2043171214065405,31087.24376163547,0.0,0.14187193025994704,2.658832896212937e-8,4.786081060515195e-5,0,0
0.00177,201.12534135614413,-321.65133569344744,120.52599433730333,3.729435527459147,-10.122039301358088,6.392603773898952,6.217248937900877e-15,-3.638660293328146,-11.99957929477265,-10.505990265278893,188.4894033721896,4776.32638100292,0.0,6.271476439558498,31087.2232856535,0.0,0.14286400878193406,2.6647450780681314e-8,4.786081060515195e-5,0,0
0.0017800000000000001,202.08633501040438,-321.4736211670022,119.38728615659785,3.7692387596641725,-10.17899061013994,6.4097518504757725,3.1086244689504383e-15,-3.6782710563953276,-12.057124511633518,-10.545224606265997,188.48934107169714,4799.231496351828,0.0,6.33893666772647,31087.20273543725,0.0,0.14385909396446073,2.671401573561827e-8,4.786081060515195e-5,0,0
0.0017900000000000001,203.04445657052494,-321.2913377888166,118.2468812182917,3.8092105223080024,-10.235872969435865,6.426662447127871,3.9968028886505635e-15,-3.7180709222592627,-12.114500364276836,-10.584151788383096,188.48927854788676,4822.069191266774,0.0,6.4066965437052845,31087.182111564984,0.0,0.1448571985530526,2.677532829481466e-8,4.786081060515195e-5,0,0
0.0018000000000000002,203.99969241947764,-321.10448814954094,117.10479573006334,3.849349944711976,-10.292685365563798,6.443335420851827,2.6645352591003757e-15,-3.7580593441621266,-12.17170605719284,-10.622771006970495,188.48921580251593,4844.839149008945,0.0,6.474754800651033,31087.16141461649,0.0,0.14585833522743444,2.6834809881137733e-8,4.786081060515195e-5,0,0
0.0018100000000000002,204.9520289812467,-320.9130749047222,115.9610459234756,3.8896561534733856,-10.349426787596007,6.45977063412263,4.440892098500626e-15,-3.798235772659179,-12.228740797188745,-10.661081470423216,188.48915283734675,4867.5410537611115,0.0,6.543110167115061,31087.140645173084,0.0,0.1468625166013208,2.690468717259087e-8,4.786081060515195e-5,0,0
0.0018200000000000002,205.90145272102149,-320.7171007747662,114.81564805374487,3.9301282724947564,-10.406096227382397,6.475967954887651,6.661338147750939e-15,-3.8385996556243636,-12.285603793398884,-10.699082400205937,188.48908965414574,4890.174590631654,0.0,6.611761367078018,31087.119803817517,0.0,0.14786975522220866,2.6951386643270236e-8,4.786081060515195e-5,0,0
0.0018300000000000002,206.8479501453892,-320.51656854489926,113.66861839951025,3.9707654230131473,-10.462692679573648,6.4919272565605075,3.9968028886505635e-15,-3.8791504382560427,-12.34229425729479,-10.736773030867276,188.48902625468384,4912.739445658597,0.0,6.680707119983977,31087.09889113403,0.0,0.14888006357117223,2.7000991630055093e-8,4.786081060515195e-5,0,0
0.00184,207.7915078025263,-320.31148106512825,112.5199732626021,4.011566723629462,-10.51921514164418,6.507648418014725,4.440892098500626e-15,-3.9198875630827414,-12.398811402695268,-10.774152610053385,188.48896264073636,4935.235305813609,0.0,6.749946140774618,31087.077907708295,0.0,0.1498934540626598,2.7070090724556906e-8,4.786081060515195e-5,0,0
0.00185,208.73211228238995,-320.10184125020004,111.36972896781016,4.052531290337766,-10.57566261391497,6.523131323577212,4.884981308350689e-15,-3.960810469968932,-12.455154445776422,-10.811220398520875,188.48889881408283,4957.661859005993,0.0,6.819477139923483,31087.05685412736,0.0,0.1509099390442929,2.7111155702363998e-8,4.786081060515195e-5,0,0
0.00186,209.66975021690837,-319.8876520795606,110.21790186265227,4.093658236554602,-10.63203409957616,6.538375863021566,4.440892098500626e-15,-4.001918596120857,-12.511322605081634,-10.847975670149044,188.48883477650702,4980.018794086682,0.0,6.889298823470265,31087.035730979696,0.0,0.1519295307966673,2.7172597928670772e-8,4.786081060515195e-5,0,0
0.0018700000000000001,210.60440828017113,-319.6689165973121,109.064508317141,4.1349466731483275,-10.688328604709545,6.553381931561226,4.440892098500626e-15,-4.043211376092442,-12.567315101531536,-10.884417711951478,188.48877052979677,5002.305800852187,0.0,6.959409893055193,31087.014538855088,0.0,0.15295224153315642,2.722044751407582e-8,4.786081060515195e-5,0,0
0.0018800000000000002,211.53607318861827,-319.4456379121699,107.90956472355168,4.176395708468441,-10.744545138310858,6.568149429842427,4.884981308350689e-15,-4.0846882417911825,-12.623131158433923,-10.920545824086949,188.48870607574395,5024.522570048568,0.0,7.029809045953448,31086.993278344667,0.0,0.15397808339971672,2.72656549490935e-8,4.786081060515195e-5,0,0
0.0018900000000000002,212.46473170122923,-319.21781919741835,106.75308749618925,4.218004448374913,-10.800682712311904,6.582678263936997,3.552713678800501e-15,-4.126348622484139,-12.678770001493664,-10.956359319869659,188.48864141614442,5046.66879337536,0.0,7.100494975109651,31086.97195004089,0.0,0.15500706847469523,2.7320400136643386e-8,4.786081060515195e-5,0,0
0.0019000000000000002,213.39037061971086,-318.9854636908657,105.59509307115482,4.259771996267537,-10.856740341602524,6.596968345334995,3.9968028886505635e-15,-4.168191944803947,-12.73423085882254,-10.991857525778821,188.4885765527979,5068.744163489515,0.0,7.171466369172401,31086.95055453746,0.0,0.15603920876863922,2.735439157824926e-8,4.786081060515195e-5,0,0
0.0019100000000000002,214.31297678868523,-318.7485746947979,104.43559790611272,4.301697453115242,-10.912717044052377,6.611019590937143,4.884981308350689e-15,-4.210217632754869,-12.789512960949066,-11.02703978146759,188.48851148750794,5090.748374009302,0.0,7.24272191252887,31086.92909242936,0.0,0.1570745162241081,2.7400338324656826e-8,4.786081060515195e-5,0,0
0.0019200000000000003,215.2325370958766,-318.50715557593213,103.27461848005561,4.343779917485442,-10.96861184053257,6.624831923047138,5.329070518200751e-15,-4.252425107718907,-12.844615540828283,-11.061905439771301,188.48844622208182,5112.6811195182145,0.0,7.314260285339446,31086.9075643128,0.0,0.15811300271548723,2.7444775070606386e-8,4.786081060515195e-5,0,0
0.00193,216.14903847229746,-318.26120976536833,102.11217129307097,4.386018485573355,-11.024423754937107,6.6384052693637585,3.552713678800501e-15,-4.294813788461942,-12.899537833851511,-11.096453866715109,188.4883807583305,5134.542095568848,0.0,7.386080163572433,31086.885970785203,0.0,0.15915468004880412,2.7482581051174737e-8,4.786081060515195e-5,0,0
0.00194,217.06246789243457,-318.0107407585409,100.94827286610644,4.428412251231338,-11.080151814204182,6.6517395629728515,3.9968028886505635e-15,-4.337383091139954,-12.954279077856071,-11.130684441520916,188.48831509806848,5156.330998686788,0.0,7.458180219038812,31086.864312445156,0.0,0.1601995599615466,2.7524229832820435e-8,4.786081060515195e-5,0,0
0.0019500000000000001,217.972812374434,-317.7557521151689,99.78293974073495,4.470960305998197,-11.135795048337284,6.664834742339098,6.217248937900877e-15,-4.380132429305234,-13.008838513134968,-11.164596556613693,188.48824924311384,5178.047526374453,0.0,7.53055911942701,31086.842589892432,0.0,0.16124765412248313,2.7570298148649197e-8,4.786081060515195e-5,0,0
0.0019600000000000004,218.88005898028567,-317.4962474592052,98.61618847891968,4.513661739128496,-11.191352490426155,6.677690751297668,4.884981308350689e-15,-4.423061213912693,-13.063215382446536,-11.19818961762713,188.488183195288,5199.691377114949,0.0,7.603215528337783,31086.820803727896,0.0,0.16229897413148528,2.7600486680878777e-8,4.786081060515195e-5,0,0
0.00197,219.78419481600696,-317.23223047878554,97.44803566277866,4.556515637621869,-11.246823176667549,6.690307539045688,4.440892098500626e-15,-4.466168853326174,-13.117408931024057,-11.231463043408647,188.48811695641584,5221.262250375895,0.0,7.676148105319066,31086.79895455356,0.0,0.16335353151935228,2.7639101396470522e-8,4.786081060515195e-5,0,0
0.00198,220.68520703182654,-316.9637049261756,96.27849789434913,4.5995210862523015,-11.302206146385863,6.702685060133572,5.773159728050814e-15,-4.509454753324871,-13.171418406585355,-11.264416266023785,188.48805052832543,5242.759846613253,0.0,7.749355505900955,31086.77704297249,0.0,0.16441133774763803,2.767494165084594e-8,4.786081060515195e-5,0,0
0.00199,221.58308282236626,-316.6906746177177,95.10759179535157,4.642677167597419,-11.357500442053558,6.7148232744561485,5.773159728050814e-15,-4.552918317109704,-13.225243059342318,-11.297048730759913,188.4879839128481,5264.183867275118,0.0,7.822836381630651,31086.755069588828,0.0,0.1654724042084796,2.7708601565978874e-8,4.786081060515195e-5,0,0
0.002,222.4778094268238,-316.41314343377707,93.93533400695344,4.685982962067754,-11.412705109311434,6.726722147243688,5.329070518200751e-15,-4.5965589453098215,-13.278882142010435,-11.329359896129342,188.48791711181832,5285.534014805519,0.0,7.896589380107498,31086.733035007728,0.0,0.16653674222442852,2.7734212558472304e-8,4.786081060515195e-5,0,0
0.00201,223.36937412915356,-316.13111531868606,92.76174118953256,4.729437547935994,-11.467819196988723,6.738381649052741,7.105427357601002e-15,-4.6403760359891155,-13.332334909818258,-11.361349233871787,188.48785012707356,5306.809992648192,0.0,7.970613145018045,31086.71093983537,0.0,0.1676043630482837,2.7764887514103442e-8,4.786081060515195e-5,0,0
0.00202,224.25776425824765,-315.8445942806885,91.58683002244092,4.773040001366221,-11.522841757123032,6.749801755756822,6.217248937900877e-15,-4.684368984652782,-13.385600620516854,-11.393016228956196,188.48778296045433,5328.011505250345,0.0,8.044906316171145,31086.688784678918,0.0,0.16867527786292688,2.779630226684704e-8,4.786081060515195e-5,0,0
0.00203,225.14296718811588,-315.5535843918825,90.41061720376672,4.816789396443143,-11.577771844980093,6.760982448536957,3.552713678800501e-15,-4.728537184253922,-13.438678534389222,-11.424360379581962,188.48771561380403,5349.13825806641,0.0,8.119467529533106,31086.666570146477,0.0,0.16974949778115994,2.7821209780398704e-8,4.786081060515195e-5,0,0
0.00204,226.02497033806523,-315.2580897881628,89.23311945009769,4.86068480520129,-11.63260851907336,6.7719237138720825,7.105427357601002e-15,-4.772880025200225,-13.491567914259656,-11.455381197179507,188.48764808896888,5370.18995756178,0.0,8.194295417262852,31086.644296847106,0.0,0.17082703384554448,2.7854872998445135e-8,4.786081060515195e-5,0,0
0.00205,226.9037611728786,-314.9581146691618,88.05435349628327,4.9047252976541955,-11.687350841183427,6.782625543529243,7.105427357601002e-15,-4.817396895360641,-13.544268025503076,-11.486078206410246,188.48758038779786,5391.166311216522,0.0,8.269388607747157,31086.621965390743,0.0,0.1719078970282434,2.7873183920668065e-8,4.786081060515195e-5,0,0
0.00206,227.77932720299304,-314.6536632981898,86.87433609519678,4.948909941823572,-11.741997876377281,6.79308793455372,5.329070518200751e-15,-4.862087180072152,-13.596778136054372,-11.516450945165923,188.48751251214262,5412.0670275290995,0.0,8.344745725635883,31086.599576388227,0.0,0.17299209823086478,2.7892663616302382e-8,4.786081060515195e-5,0,0
0.0020700000000000002,228.6516559846772,-314.34474000217483,85.6930840174977,4.993237803768448,-11.7965486930274,6.8033108892589595,4.884981308350689e-15,-4.906950262146571,-13.649097516417637,-11.546498964567345,188.4874444638574,5432.8918160200665,0.0,8.420365391877251,31086.57713045126,0.0,0.17407964828430775,2.7912222061443615e-8,4.786081060515195e-5,0,0
0.0020800000000000003,229.52073512020814,-314.0313491716007,84.51061405139265,5.037707947614294,-11.851002362830647,6.8132944152163635,5.773159728050814e-15,-4.951985521877382,-13.70122543967543,-11.576221828962504,188.487376244799,5453.640387235742,0.0,8.496246223753177,31086.554628192367,0.0,0.17517055794861053,2.7931306392781075e-8,4.786081060515195e-5,0,0
0.0020900000000000003,230.38655225804766,-313.7134952604448,83.32694300239721,5.082319435582107,-11.905357960827024,6.823038525244927,5.773159728050814e-15,-4.997192337046624,-13.75316118149795,-11.605619115924084,188.48730785682667,5474.31245275188,0.0,8.572386834914594,31086.532070224883,0.0,0.17626483791280065,2.7949874477350978e-8,4.786081060515195e-5,0,0
0.0021000000000000003,231.24909509301773,-313.39118278611477,82.1420876930971,5.12707132801751,-11.959614565418269,6.832543237400772,7.105427357601002e-15,-5.042570082931838,-13.804904020152255,-11.634690416246352,188.48723930180202,5494.907725177335,0.0,8.64878583541684,31086.50945716293,0.0,0.1773624987947472,2.796471834654035e-8,4.786081060515195e-5,0,0
0.0021100000000000003,232.1083513664755,-313.06441632938424,80.95606496290891,5.171962683419765,-12.013771258386233,6.8418085749664765,4.884981308350689e-15,-5.088118132313047,-13.856453236511346,-11.663435333941484,188.48717058158897,5515.425918157686,0.0,8.725441831755045,31086.48678962139,0.0,0.17846355114101528,2.7987615183744374e-8,4.786081060515195e-5,0,0
0.0021200000000000004,232.9643088664872,-312.73320053432803,79.76889166784093,5.216992558470816,-12.06782712491114,6.850834566440341,9.325873406851315e-15,-5.13383585547982,-13.907808114063286,-11.691853486235235,188.48710169805364,5535.866746378879,0.0,8.80235342689957,31086.464068215857,0.0,0.17956800542672258,2.79907376096733e-8,4.786081060515195e-5,0,0
0.0021300000000000004,233.81695542800222,-312.39754010825555,78.5805846802535,5.262160008064269,-12.121781253589676,6.8596212455254175,6.217248937900877e-15,-5.179722620238307,-13.958967938920283,-11.719944503562086,188.48703265306432,5556.229925570836,0.0,8.879519220331453,31086.441293562668,0.0,0.18067587205539795,2.8015738742781515e-8,4.786081060515195e-5,0,0
0.00214,234.66627893302552,-312.0574398216446,77.39116088861921,5.30746408533436,-12.17563273645284,6.868168651118491,6.661338147750939e-15,-5.225777791918391,-14.009931999827678,-11.747708029559702,188.4869634484914,5576.515172511048,0.0,8.956937808077877,31086.418466278814,0.0,0.1817871613588423,2.802094608428396e-8,4.786081060515195e-5,0,0
0.00215,235.51226731079015,-311.71290450807294,76.20063719728294,5.352903841684894,-12.229380668983755,6.876476827298873,7.105427357601002e-15,-5.2720007333808745,-14.060699588173,-11.775143721062912,188.4868940862072,5596.722205028179,0.0,9.034607782747699,31086.39558698195,0.0,0.1829018835969915,2.8026814327675176e-8,4.786081060515195e-5,0,0
0.00216,236.35490853792862,-311.3639390641501,75.0090305262216,5.398478326818118,-12.283024150135176,6.884545823317071,7.105427357601002e-15,-5.3183908050246895,-14.111269997994876,-11.802251248097008,188.48682456808604,5616.85074200562,0.0,9.112527733566935,31086.372656290383,0.0,0.18402004895778132,2.8035899782286045e-8,4.786081060515195e-5,0,0
0.00217,237.19419063864396,-311.01054844944736,73.81635781080344,5.444186588763623,-12.336562282346927,6.8923756935833165,7.105427357601002e-15,-5.364947364794162,-14.161642525991994,-11.82903029387052,188.48675489600404,5636.900503385062,0.0,9.190696246414324,31086.349674823017,0.0,0.18514166755701467,2.8050981287774945e-8,4.786081060515195e-5,0,0
0.00218,238.03010168487975,-310.6527376864277,72.62263600154803,5.490027673907145,-12.389994171563115,6.899966497655981,6.661338147750939e-15,-5.411669768186355,-14.211816471531959,-11.855480554767372,188.4866850718391,5656.871210170033,0.0,9.269111903856876,31086.32664319932,0.0,0.1862667494382308,2.8050981287774945e-8,4.786081060515195e-5,0,0
0.00219,238.86262979648967,-310.29051186037407,71.42788206388447,5.536000627019396,-12.443318927249223,6.9073183002298375,6.217248937900877e-15,-5.458557368258411,-14.26179113666021,-11.881601740338505,188.48661509747083,5676.762584429439,0.0,9.34777328518547,31086.303562039353,0.0,0.1873953045725767,2.805301314162678e-8,4.786081060515195e-5,0,0
0.0022,239.69176314140654,-309.9238761193172,70.23211297791077,5.582104491284801,-12.49653566240899,6.9144311711242015,6.661338147750939e-15,-5.5056095156349985,-14.311565826108792,-11.907393573292882,188.48654497478046,5696.574349301074,0.0,9.426678966450416,31086.280431963696,0.0,0.18852734285868059,2.8060945019003913e-8,4.786081060515195e-5,0,0
0.00221,240.5174899358101,-309.55283567396253,69.03534573815251,5.628338308330244,-12.549643493601158,6.921305185270922,5.329070518200751e-15,-5.552825558515729,-14.361139847305168,-11.932855789487958,188.48647470565075,5716.306228995132,0.0,9.505827520497103,31086.25725359343,0.0,0.18966287412252755,2.8060945019003913e-8,4.786081060515195e-5,0,0
0.00222,241.339798444295,-309.17739579761604,67.83759735332107,5.67470111825375,-12.602641540956032,6.927940422702298,8.881784197001252e-15,-5.600204842682727,-14.41051251038097,-11.957988137919548,188.48640429196593,5735.957948797692,0.0,9.585217517001597,31086.234027550126,0.0,0.19080190811733713,2.8060945019003913e-8,4.786081060515195e-5,0,0
0.00223,242.15867698003706,-308.79756182610953,66.63888484607249,5.721191959653137,-12.655528928191906,6.934336968538781,7.105427357601002e-15,-5.647746711508129,-14.459683128180734,-11.982790380711192,188.48633373561165,5755.529235074206,0.0,9.664847522506294,31086.210754455828,0.0,0.19194445452344328,2.8060945019003913e-8,4.786081060515195e-5,0,0
0.0022400000000000002,242.97411390495975,-308.4133391577244,65.43922525276473,5.767809869654633,-12.708304782631277,6.9404949129766536,6.217248937900877e-15,-5.6954505059617375,-14.508651016270584,-12.00726229310288,188.48626303847487,5775.0198152729545,0.0,9.744716100455555,31086.187434932996,0.0,0.19309052294817616,2.8060945019003913e-8,4.786081060515195e-5,0,0
0.0022500000000000003,243.78609762989936,-308.0247332531153,64.23863562321606,5.814553883941439,-12.760968235216929,6.946414351275502,7.105427357601002e-15,-5.743315564618672,-14.557415492946852,-12.0314036634393,188.48619220244382,5794.429417928496,0.0,9.82482181123139,31086.164069604514,0.0,0.19424012292574622,2.8060945019003913e-8,4.786081060515195e-5,0,0
0.0022600000000000003,244.5946166147698,-307.6317496352323,63.03713302046261,5.8614230367822735,-12.813518420527842,6.952095383745579,5.329070518200751e-15,-5.791341223667029,-14.605975879244761,-12.055214293157462,188.48612122940787,5813.7577726651125,0.0,9.905163212189102,31086.14065909366,0.0,0.1953932639171303,2.8060945019003913e-8,4.786081060515195e-5,0,0
0.0022700000000000003,245.39965936872673,-307.2343938892425,61.83473452051593,5.908416361059846,-12.865954476794945,6.957538115735111,7.105427357601002e-15,-5.8395268169157015,-14.654331498946952,-12.078693996773856,188.4860501212575,5833.004610200231,0.0,9.98573885769299,31086.11720402405,0.0,0.19654995530995986,2.8060945019003913e-8,4.786081060515195e-5,0,0
0.0022800000000000003,246.20121445033053,-306.8326716624506,60.631457212120196,5.955532888299313,-12.918275545916675,6.962742657617374,7.105427357601002e-15,-5.887871675802128,-14.70248167859206,-12.101842601870949,188.48597887988421,5852.169662347823,0.0,10.066547299152006,31086.093705019637,0.0,0.1977102064184113,2.8060945019003913e-8,4.786081060515195e-5,0,0
0.0022900000000000004,246.99927046770932,-306.42658866421857,59.42731819650942,6.00277164869668,-12.970480773474415,6.967709124777747,6.217248937900877e-15,-5.936375129400163,-14.750425747483238,-12.124659949083277,188.48590750718043,5871.252662021818,0.0,10.147587085055484,31086.070162704702,0.0,0.19887402648309832,2.8060945019003913e-8,4.786081060515195e-5,0,0
0.0023000000000000004,247.79381607872057,-306.01615066588477,58.22233458716425,6.050131671147151,-13.022569308747743,6.9724376376006045,7.105427357601002e-15,-5.9850365044279865,-14.79816303769662,-12.147145892082877,188.4858360050395,5890.253343239475,0.0,10.228856761008805,31086.046577703808,0.0,0.20004142467096644,2.8060945019003913e-8,4.786081060515195e-5,0,0
0.00231,248.58483999111237,-305.60136350068166,57.01652350956944,6.097611983273448,-13.074540304729497,6.976928321456063,8.881784197001252e-15,-6.033855125256007,-14.84569288408977,-12.169300297564252,188.4857643753555,5909.171441124752,0.0,10.310354869769101,31086.022950641778,0.0,0.2012124100751896,2.8060945019003913e-8,4.786081060515195e-5,0,0
0.00232,249.37233096268412,-305.182233063653,55.80990210096904,6.145211611454075,-13.126392918140759,6.9811813066867,8.881784197001252e-15,-6.082830313914931,-14.893014624310126,-12.1911230452288,188.48569262002334,5928.006691911672,0.0,10.39207995128099,31085.999282143683,0.0,0.20238699171506896,2.8060945019003913e-8,4.786081060515195e-5,0,0
0.00233,250.15627780144587,-304.7587653115699,54.60248751012412,6.192929580851544,-13.17812630944557,6.985196728594039,7.105427357601002e-15,-6.131961390103711,-14.94012759880336,-12.21261402776867,188.4856207409385,5946.758832947654,0.0,10.474030542712239,31085.97557283479,0.0,0.20356517853593334,2.8060945019003913e-8,4.786081060515195e-5,0,0
0.00234,250.93666936577785,-304.3309662628467,53.394296897068934,6.240764915440523,-13.229739642865546,6.988974727425033,5.329070518200751e-15,-6.181247671197732,-14.987031150821702,-12.233773150850158,188.485548739997,5965.427602696848,0.0,10.556205178489492,31085.95182334056,0.0,0.20474697940904235,2.8060945019003913e-8,4.786081060515195e-5,0,0
0.00235,251.7134945645885,-303.89884199745467,52.18534743286629,6.288716638035988,-13.281232086394336,6.992515448358361,7.105427357601002e-15,-6.230688472256881,-15.03372462643229,-12.254600333096517,188.48547661909546,5984.012740743452,0.0,10.638602390333965,31085.928034286633,0.0,0.20593240313149122,2.8060945019003913e-8,4.786081060515195e-5,0,0
0.00236,252.48674235747222,-303.46239865683617,50.975656299364076,6.336783770321263,-13.332602811811883,6.995819041490632,7.105427357601002e-15,-6.280283106033782,-15.080207374525417,-12.275095506070297,188.4854043801309,6002.513987795002,0.0,10.721220707297157,31085.90420629878,0.0,0.20712145842611776,2.8060945019003913e-8,4.786081060515195e-5,0,0
0.00237,253.2564017548663,-303.02164244381714,49.76524068895096,6.384965332876081,-13.38385099469857,6.998885661822503,8.881784197001252e-15,-6.330030882982005,-15.126478746822805,-12.295258614255141,188.48533202500062,6020.931085685679,0.0,10.804058655796544,31085.88034000288,0.0,0.20831415394141148,2.8060945019003913e-8,4.786081060515195e-5,0,0
0.00238,254.02246181820703,-302.5765796225189,48.55411780431189,6.433260345204522,-13.434975814449164,7.001715469244656,7.993605777301127e-15,-6.379931111264375,-15.172538097885793,-12.315089615037104,188.48525955560228,6039.263777379572,0.0,10.887114759651277,31085.856436024915,0.0,0.20951049825142473,2.8060945019003913e-8,4.786081060515195e-5,0,0
0.00239,254.7849116600853,-302.12721651826945,47.342304858184164,6.481667825762945,-13.485976454286618,7.004308628523684,7.105427357601002e-15,-6.429983096761295,-15.218384785123517,-12.33458847868541,188.48518697383375,6057.511806973944,0.0,10.970387540117866,31085.83249499093,0.0,0.21071049985568588,2.8060945019003913e-8,4.787016338675398e-5,0,0
0.0024000000000000002,255.54374044440115,-301.67355951751307,46.12981907311197,6.530186791987866,-13.536852101275716,7.00666530928786,6.217248937900877e-15,-6.480186143079123,-15.264018168801062,-12.353755188332755,188.48511428159298,6075.674919702475,0.0,11.053875515925867,31085.80851752702,0.0,0.21191416717911463,2.8060945019003913e-8,4.824558918063715e-5,0,0
0.0024100000000000002,256.2989373865178,-301.2156150677199,44.916677681202145,6.578816260323759,-13.587601946336562,7.008785686012819,7.993605777301127e-15,-6.530539551558638,-15.309437612047539,-12.372589739955082,188.48504148077802,6093.752861938501,0.0,11.137577203313565,31085.78450425928,0.0,0.21312150857193932,2.8060945019003913e-8,4.862213393891368e-5,0,0
0.0024200000000000003,257.0504917534152,-300.75338967729425,43.70289792387916,6.627555246250822,-13.638225184257909,7.010669938007102,8.881784197001252e-15,-6.581042621283475,-15.354642480864225,-12.391092142350876,188.48496857328686,6111.7453811982405,0.0,11.221491116063635,31085.76045581382,0.0,0.2143325323096164,2.8060945019003913e-8,4.8999808720133486e-5,0,0
0.0024300000000000003,257.79839286384214,-300.2868899154821,42.488497051640095,6.6764027643126855,-13.68872101371031,7.012318249397639,7.993605777301127e-15,-6.631694649088696,-15.399632144132529,-12.409262417119951,188.48489556101748,6129.652226143991,0.0,11.3056157655388,31085.73637281671,0.0,0.21554724659275182,2.8060945019003913e-8,4.937861305948088e-5,0,0
0.0024400000000000003,258.5426300884684,-299.81612241227765,41.27349232380941,6.7253578281440625,-13.73908863725914,7.01373080911509,7.105427357601002e-15,-6.6824949295693425,-15.44440597362204,-12.42710059864175,188.48482244586762,6147.473146587333,0.0,11.389949660717482,31085.712255893966,0.0,0.21676565954702454,2.8060945019003913e-8,4.975852766287564e-5,0,0
0.0024500000000000004,259.28319285003556,-299.3410938583291,40.0579010082937,6.774419450498345,-13.789327261377455,7.014907810879122,6.217248937900877e-15,-6.733442755089096,-15.48896334399849,-12.444606734053155,188.48474922973483,6165.207893492301,0.0,11.474491308229442,31085.68810567152,0.0,0.21798777922311216,2.8060945019003913e-8,5.013953984302211e-5,0,0
0.0024600000000000004,260.02007062350765,-298.86181100484373,38.84174038133615,6.823586643275148,-13.839436096458671,7.015849453183533,5.329070518200751e-15,-6.784537415788895,-15.5333036328317,-12.46178088322583,188.48467591451634,6182.856218978566,0.0,11.559239212391388,31085.663922775228,0.0,0.2192136135966185,2.8060945019003913e-8,5.0521679869491853e-5,0,0
0.0024700000000000004,260.7532529362204,-298.37828066349186,37.62502772727153,6.872858417547793,-13.889414356829128,7.0165559392813535,9.769962616701378e-15,-6.83577819959574,-15.577426220603478,-12.478623118743059,188.48460250210903,6200.417876324578,0.0,11.644191875242608,31085.639707830785,0.0,0.22044317056800325,2.8060945019003913e-8,5.0904904523772776e-5,0,0
0.00248,261.48272936803016,-297.89050970630984,36.40778033827984,6.922233783590718,-13.939261260760468,7.017027477169764,7.105427357601002e-15,-6.8871643922314,-15.621330490715494,-12.495133525876135,188.4845289944093,6217.892619970713,0.0,11.729347796580548,31085.615461463774,0.0,0.22167645796251362,2.8060945019003913e-8,5.1289238953713956e-5,0,0
0.00249,262.2084895514622,-297.3985050656026,35.190015514140455,6.97171175090687,-13.988976030481856,7.017264279575,7.105427357601002e-15,-6.9386952772212895,-15.665015829497115,-12.51131220256024,188.484455393313,6235.28020552239,0.0,11.81470547399641,31085.591184299574,0.0,0.22291348353011833,2.8060945019003913e-8,5.167465657773124e-5,0,0
0.0025,262.93052317185794,-296.9022737338453,33.97175056198746,7.021291328255012,-14.03855789219207,7.017266563937073,7.993605777301127e-15,-6.990370135903278,-15.708481626213215,-12.527159259369888,188.48438170071546,6252.58038975321,0.0,11.900263402910683,31085.566876963378,0.0,0.22415425494544305,2.8060945019003913e-8,5.2061155479538046e-5,0,0
0.00251,263.6488199675212,-296.4018227635834,32.75300279606234,7.070971523676947,-14.08800607607142,7.017034552394488,1.0658141036401503e-14,-7.042188247436684,-15.751727273071937,-12.542674819493891,188.4843079185113,6269.792930608022,0.0,11.986020076608723,31085.542540080154,0.0,0.2253987798077084,2.8060945019003913e-8,5.2448736524844664e-5,0,0
0.00252,264.3633697298647,-295.8971592673331,31.53378953746854,7.120751344524747,-14.137319816293516,7.016568471768787,9.769962616701378e-15,-7.094148888811178,-15.794752165232454,-12.557859018709859,188.48423404859437,6286.917587206049,0.0,12.071973986276259,31085.51817427464,0.0,0.22664706564066978,2.8060945019003913e-8,5.283739606971177e-5,0,0
0.00253,265.0741623035546,-295.38829041747965,30.3141281139252,7.17062979748785,-14.1864983510369,7.0158685535490655,8.881784197001252e-15,-7.146251334855851,-15.837555700812642,-12.57271200535823,188.48416009285776,6303.954119843928,0.0,12.158123621034907,31085.49378017128,0.0,0.2278991198925592,2.8060945019003913e-8,5.3227115015132276e-5,0,0
0.00254,265.78118758665516,-294.8752234461758,29.094035859520737,7.220605888620156,-14.235540922496476,7.014935033876338,9.769962616701378e-15,-7.1984948582482495,-15.88013728089676,-12.587233940315873,188.48408605319366,6320.902289998796,0.0,12.244467467977657,31085.469358394254,0.0,0.22915494993602925,2.8060945019003913e-8,5.361791334815985e-5,0,0
0.00255,266.48443553077203,-294.357965645239,27.873530114467055,7.270678623367026,-14.284446776894871,7.013768153527858,7.993605777301127e-15,-7.250878729523496,-15.922496309543108,-12.601424996969202,188.48401193149328,6337.761860331327,0.0,12.33100401220433,31085.44490956739,0.0,0.2304145630680989,2.8060945019003913e-8,5.400974461183122e-5,0,0
0.00256,267.18389614119525,-293.8365243660474,26.652628224852236,7.320847006592228,-14.33321516449355,7.012368157901339,9.769962616701378e-15,-7.303402217083473,-15.964632193791598,-12.61528536118686,188.48393772964684,6354.532594688763,0.0,12.417731736857021,31085.420434314212,0.0,0.23167796651010153,2.8060945019003913e-8,5.4402637758119154e-5,0,0
0.0025700000000000002,267.87955947704137,-293.3109070194359,25.431347542394604,7.371110042604826,-14.381845339603867,7.010735296999055,8.881784197001252e-15,-7.356064587206004,-16.006544343671354,-12.62881523129197,188.48386344954343,6371.21425810795,0.0,12.504649123155533,31085.39593325787,0.0,0.2329451674076348,2.8060945019003913e-8,5.479659161821554e-5,0,0
0.0025800000000000003,268.5714156513945,-292.7811210755904,24.20970542419598,7.421466735186007,-14.430336560597905,7.008869825411919,1.1546319456101628e-14,-7.4088651040541595,-16.04823217220823,-12.642014818033907,188.48378909307098,6387.806616818332,0.0,12.59175465043274,31085.371407021106,0.0,0.23421617283051266,2.8060945019003913e-8,5.5191560322381816e-5,0,0
0.0025900000000000003,269.25945483144704,-292.2471740639418,22.987719232494964,7.4719160876158295,-14.47868808991919,7.006772002303377,9.769962616701378e-15,-7.461803029685501,-16.08969509543232,-12.654884344559665,188.4837146621162,6404.309438244949,0.0,12.67904679616999,31085.346856226282,0.0,0.23549098977271926,2.8060945019003913e-8,5.558758060138225e-5,0,0
0.0026000000000000003,269.94366723863914,-291.70907357305913,21.765406334420216,7.522457102699942,-14.526899194093259,7.004442091393334,9.769962616701378e-15,-7.514877624061501,-16.13093253238543,-12.66742404638477,188.48364015856447,6420.722491011426,0.0,12.766524036032408,31085.322281495315,0.0,0.23676962515236497,2.8060945019003913e-8,5.59846298772565e-5,0,0
0.0026100000000000003,270.624043148798,-291.1668272505414,20.542784101743617,7.573088782796196,-14.574969143738075,7.001880360941892,8.881784197001252e-15,-7.568088145056919,-16.171943905128515,-12.679634171363748,188.4835655842998,6437.045544942939,0.0,12.854184843904243,31085.297683449666,0.0,0.23805208581164428,2.8060945019003913e-8,5.638270263322309e-5,0,0
0.0026200000000000004,271.300572892276,-290.62044280290917,19.319869910633226,7.62381012984123,-14.622897213574282,6.99908708373307,1.0658141036401503e-14,-7.621433848469257,-16.212728638749077,-12.691514979660193,188.48349094120476,6453.278371069164,0.0,12.942027691924133,31085.273062710316,0.0,0.23933837851679585,2.8060945019003913e-8,5.678179219607837e-5,0,0
0.0026300000000000004,271.973246854088,-290.0699279954948,18.09668114140691,7.674620145376959,-14.670682682435348,6.996062537058409,1.1546319456101628e-14,-7.674913988028276,-16.25328616136855,-12.703066743716391,188.48341623116036,6469.4207416272275,0.0,13.030051050520374,31085.24841989774,0.0,0.24062850995806434,2.8060945019003913e-8,5.718190162271042e-5,0,0
0.0026400000000000004,272.64205547404794,-289.51529065233234,16.87323517828448,7.72551783057703,-14.71832483327751,6.992807002700498,1.0658141036401503e-14,-7.728527815405528,-16.293615904149615,-12.714289748222516,188.48334145604605,6485.4724300646285,0.0,13.118253388446123,31085.223755631887,0.0,0.24192248674966446,2.8060945019003913e-8,5.758300365497904e-5,0,0
0.00265,273.30698924690495,-288.956538656046,15.649549409141171,7.776502186273185,-14.76582295318961,6.989320766916443,9.769962616701378e-15,-7.782274580223966,-16.333717301303523,-12.725184290085405,188.48326661773962,6501.433211042159,0.0,13.206633172814614,31085.199070532177,0.0,0.24322031542974676,2.8060945019003913e-8,5.798513164462227e-5,0,0
0.00266,273.9680387224783,-288.3936799477386,14.425641225260398,7.82757221298158,-14.813176333402799,6.985604120421233,7.105427357601002e-15,-7.836153530067611,-16.373589790097384,-12.735750678396931,188.4831917181171,6517.302860436813,0.0,13.295188869134318,31085.174365217426,0.0,0.24452200246036584,2.8060945019003913e-8,5.838824490717043e-5,0,0
0.00267,274.6251945057917,-287.82672252687814,13.20152802108658,7.878726910929028,-14.860384269300036,6.981657358371027,1.0658141036401503e-14,-7.890163910491207,-16.413232810861356,-12.745989234401963,188.48311675905273,6533.0811553446665,0.0,13.383918941344064,31085.149640305866,0.0,0.2458275542274499,2.8060945019003913e-8,5.8792337861893196e-5,0,0
0.00268,275.27844725720684,-287.2556744511847,11.97722719397793,7.929965280079156,-14.907446060425492,6.9774807803463545,1.0658141036401503e-14,-7.944304965029982,-16.452645806995886,-12.75590029146587,188.4830417424189,6548.7678740837555,0.0,13.472821851848124,31085.124896415116,0.0,0.2471369770407727,2.8060945019003913e-8,5.9197418149539716e-5,0,0
0.00269,275.92778769255625,-286.68054383651526,10.752756143959054,7.9812863201585404,-14.954361010493809,6.973074690335288,1.2434497875801753e-14,-7.9985759352094625,-16.491828224978878,-12.765484195041697,188.48296667008603,6564.362796196943,0.0,13.5618960615513,31085.100134162167,0.0,0.24845027713392748,2.8060945019003913e-8,5.960349570541257e-5,0,0
0.0027,276.57320658327484,-286.101338856749,9.528132273474233,8.032689030682736,-15.001128427399188,6.968439396716472,1.1546319456101628e-14,-8.052976060555281,-16.530779514372835,-12.774741302636848,188.48289154392256,6579.865702454771,0.0,13.651140029893924,31085.075354163317,0.0,0.24976746066430272,2.8060945019003913e-8,6.001053179829907e-5,0,0
0.00271,277.2146947565316,-285.5180677436709,8.303372987139236,8.084172410982259,-15.047747623224362,6.9635752122421195,9.769962616701378e-15,-8.107504578603077,-16.569499127831968,-12.783671983779428,188.48281636579483,6595.276374858301,0.0,13.740552214886852,31085.050557034192,0.0,0.2510885337130599,2.8060945019003913e-8,6.041852995347652e-5,0,0
0.00272,277.8522430953598,-284.93073878685425,7.07849569149453,8.135735460228489,-15.094217914249398,6.958482454020926,9.769962616701378e-15,-8.16216072490843,-16.607986521109236,-12.792276619984172,188.48274113756707,6610.594596641924,0.0,13.830131073146429,31085.025743389728,0.0,0.25241350228511317,2.8060945019003913e-8,6.082751046049273e-5,0,0
0.0027300000000000002,278.48584253878613,-284.33936033354377,5.853517794757762,8.187377177459513,-15.140538620960394,6.953161443500899,1.0658141036401503e-14,-8.216943733056846,-16.646241153063457,-12.800555604717967,188.48266586110125,6625.820152276191,0.0,13.919875059929373,31085.000913844102,0.0,0.2537423723091112,2.8060945019003913e-8,6.123743394942371e-5,0,0
0.0027400000000000002,279.11548408196006,-283.74394078853635,4.628456706576338,8.239096561605889,-15.18670906805799,6.947612506452115,7.993605777301127e-15,-8.271852834673776,-16.68426248566625,-12.808509343364985,188.48259053825709,6640.952827470597,0.0,14.009782629167663,31084.976069010743,0.0,0.25507514963742056,2.8060945019003913e-8,6.16483105041199e-5,0,0
0.0027500000000000003,279.7411587762817,-283.1444886140615,3.40332983778,8.290892611516368,-15.232728584465793,6.9418359729494385,7.993605777301127e-15,-8.326887259434727,-16.722049984009036,-12.816138253191438,188.48251517089193,6655.992409176379,0.0,14.099852233503379,31084.951209502316,0.0,0.2564118400461116,2.8060945019003913e-8,6.206013415255285e-5,0,0
0.0027600000000000003,280.3628577295285,-282.54101232966167,2.178154600133378,8.342764325983513,-15.278596503338589,6.935832177355093,8.881784197001252e-15,-8.382046235075322,-16.759603116309982,-12.823442763309927,188.4824397608607,6670.938685589275,0.0,14.190082324323471,31084.926335930675,0.0,0.2577524492349458,2.8060945019003913e-8,6.24728937550223e-5,0,0
0.0027700000000000003,280.98057210598233,-281.9335205120707,0.9529484060885314,8.394710703769269,-15.324312162070504,6.929601458301255,1.0658141036401503e-14,-8.437328987401537,-16.796921353920933,-12.830423314643419,188.4823643100159,6685.791446152298,0.0,14.28047135179454,31084.901448906858,0.0,0.2590969828273651,2.8060945019003913e-8,6.288658753027254e-5,0,0
0.0027800000000000004,281.59429312655453,-281.3220217950918,-0.27227133146252186,8.446730743630459,-15.369874902302946,6.923144158672504,9.769962616701378e-15,-8.492734740299893,-16.83400417133424,-12.837080359888846,188.48228882020737,6700.550481558472,0.0,14.3710177648975,31084.876549041062,0.0,0.2604454463704837,2.8060945019003913e-8,6.33012121159654e-5,0,0
0.0027900000000000004,282.20401206891097,-280.70652486947546,-1.4974871994354253,8.498823444344229,-15.415284069932468,6.916460625588255,7.993605777301127e-15,-8.548262715747722,-16.870851046189664,-12.843414363480319,188.48221329328243,6715.215583753572,0.0,14.461720011462287,31084.851636942607,0.0,0.2617978453350811,2.8060945019003913e-8,6.37167479913131e-5,0,0
0.0028000000000000004,282.8097202675958,-280.0870384827954,-2.722681784800385,8.550987804733381,-15.460539015118437,6.909551210385075,1.021405182655144e-14,-8.603912133823481,-16.907461459281148,-12.84942580155195,188.48213773108566,6729.786545938848,0.0,14.552576538202437,31084.82671321995,0.0,0.2631541851155974,2.8060945019003913e-8,6.41332140213502e-5,0,0
0.0028100000000000004,283.4114091141549,-279.46357143932426,-3.9478376748305113,8.603222823691668,-15.505639092290618,6.902416268598967,9.325873406851315e-15,-8.659682212717112,-16.94383489456359,-12.855115161900354,188.4820621354589,6744.263162573715,0.0,14.643585790749698,31084.801778480614,0.0,0.26451447103013065,2.8060945019003913e-8,6.45505837583854e-5,0,0
0.00282,284.00907005725776,-278.8361325999089,-5.172937457348719,8.655527500209027,-15.550583660156601,6.8950561599475915,9.325873406851315e-15,-8.715572168740456,-16.979970839159655,-12.860482943946707,188.4819865082412,6758.645229378474,0.0,14.734746213688528,31084.776833331212,0.0,0.26587870832043575,2.8060945019003913e-8,6.496886909304611e-5,0,0
0.00283,284.60269460281955,-278.2047308818441,-6.397963720975334,8.70790083339671,-15.595372081709083,6.887471248312387,7.549516567451064e-15,-8.771581216337719,-17.01586878336641,-12.865529658698504,188.48191085126862,6772.932543336979,0.0,14.826056250590588,31084.751878377378,0.0,0.2672469021519258,2.8060945019003913e-8,6.538803290365158e-5,0,0
0.00284,285.19227431412145,-277.56937525874577,-7.622899055375546,8.760341822512384,-15.640003724233008,6.879661901720641,1.0658141036401503e-14,-8.827708568095916,-17.051528220662053,-12.870255828710906,188.4818351663744,6787.124902699306,0.0,14.917514344049168,31084.726914223786,0.0,0.26861905761367477,2.8060945019003913e-8,6.580809819933808e-5,0,0
0.00285,285.7778008119308,-276.93007476042374,-8.847726051507,8.812849466985101,-15.684477959312606,6.871628492327525,1.199040866595169e-14,-8.883953434755487,-17.08694864771256,-12.874661988047759,188.48175945538867,6801.222106984413,0.0,15.009118935713577,31084.701941474123,0.0,0.2699951797184224,2.8060945019003913e-8,6.622906075517965e-5,0,0
0.00286,286.35926577461987,-276.2868384727532,-10.072427301866629,8.865422766440272,-15.728794162838273,6.863371396398018,1.021405182655144e-14,-8.940315025220853,-17.122129564378305,-12.878748682242225,188.4816837201385,6815.223956982787,0.0,15.10086846632348,31084.676960731034,0.0,0.2713752734025812,2.8060945019003913e-8,6.665088546398135e-5,0,0
0.00287,286.93666093828455,-275.6396755375456,-11.296985400738926,8.918060720724524,-15.772951715013312,6.854890994288807,1.199040866595169e-14,-8.996792546571058,-17.15707047372063,-12.882516468257066,188.48160796244784,6829.130254759071,0.0,15.19276137574317,31084.651972596148,0.0,0.2727593435262449,2.8060945019003913e-8,6.707359725835471e-5,0,0
0.00288,287.5099780968615,-274.98859515241867,-12.521382944442744,8.970762329930476,-15.816950000360556,6.846187670430093,8.43769498715119e-15,-9.053385204070477,-17.19177088200841,-12.88596591444461,188.48153218413736,6842.940803654681,0.0,15.284796102995832,31084.626977670006,0.0,0.27414739487319906,2.8060945019003913e-8,6.749716467113753e-5,0,0
0.00289,288.0792091022448,-274.33360657066595,-13.74560253157877,9.023526594421494,-15.86078840772884,6.837261813307368,1.2878587085651816e-14,-9.110092201179512,-17.226230298724584,-12.889097600506288,188.48145638702454,6856.655408290415,0.0,15.376971086297678,31084.6019765521,0.0,0.2755394321509336,2.8060945019003913e-8,6.792161622637405e-5,0,0
0.0029000000000000002,288.64434586440194,-273.674719101125,-14.969626763276862,9.076352514856312,-15.904466330299364,6.8281138154430705,1.021405182655144e-14,-9.166912739565376,-17.26044823657263,-12.891912117451886,188.48138057292343,6870.27387456904,0.0,15.46928476309212,31084.5769698408,0.0,0.2769354599906572,2.8060945019003913e-8,6.834691672405468e-5,0,0
0.0029100000000000003,289.2053803514886,-273.0119421080451,-16.1934382434433,9.12923909221364,-15.947983165591905,6.818744073378287,1.1546319456101628e-14,-9.223846019112951,-17.294424211483026,-12.894410067558452,188.4813047436447,6883.796009677883,0.0,15.56173557008382,31084.55195813333,0.0,0.2783354829473135,2.8060945019003913e-8,6.877305816550827e-5,0,0
0.0029200000000000003,289.76230458996275,-272.34528501095457,-17.417019579008034,9.18218532781665,-15.991338315470905,6.809152987654275,1.2878587085651816e-14,-9.280891237935624,-17.328157742619677,-12.896592064328804,188.48122890099555,6897.221622091382,0.0,15.654321943272738,31084.526942025794,0.0,0.27973950549959903,2.8060945019003913e-8,6.920004517776968e-5,0,0
0.0029300000000000003,290.31511066469835,-271.67475728452627,-18.640353380171888,9.235190223357444,-16.034531186151426,6.799340962793999,9.769962616701378e-15,-9.3380475923862,-17.361648352386315,-12.89845873244976,188.48115304677967,6910.550521573654,0.0,15.747042317988072,31084.501922113133,0.0,0.28114753204998366,2.8060945019003913e-8,6.962788771375239e-5,0,0
0.0029400000000000003,290.86379071909727,-271.00036845844346,-19.86342226065369,9.288252780921386,-16.077561188204967,6.789308407283602,1.2434497875801753e-14,-9.395314277067879,-17.39489556643284,-12.900010707749987,188.4810771827971,6923.782519181028,0.0,15.83989512892218,31084.47689898908,0.0,0.2825595669247321,2.8060945019003913e-8,7.005655373498731e-5,0,0
0.0029500000000000004,291.40833695520166,-270.322128117264,-21.08620883793752,9.34137200301143,-16.120427736565183,6.779055733553774,1.0658141036401503e-14,-9.452690484845245,-17.42789891366169,-12.901248637157527,188.48100131084422,6936.917427264579,0.0,15.932878810164462,31084.45187324615,0.0,0.2839756143739279,2.8060945019003913e-8,7.048602739584409e-5,0,0
0.0029600000000000004,291.948741633804,-269.6400459002847,-22.308695733519183,9.394546892572322,-16.163130250533428,6.76858335796112,7.549516567451064e-15,-9.510175406855321,-17.4606579262341,-12.902173178656987,188.48092543271375,6949.955059472651,0.0,16.02599179523511,31084.426845475675,0.0,0.28539567857149883,2.8060945019003913e-8,7.09163599517254e-5,0,0
0.0029700000000000004,292.48499707455755,-268.95413150140337,-23.53086557315406,9.44777645301475,-16.205668153784185,6.757891700769454,1.0658141036401503e-14,-9.56776823251866,-17.493172139576355,-12.90278500124642,188.4808495501945,6962.895230753329,0.0,16.119232517118885,31084.401816267673,0.0,0.28681976361524475,2.8060945019003913e-8,7.13474732851882e-5,0,0
0.0029800000000000004,293.01709565608564,-268.26439466898205,-24.752700987103594,9.50105968823943,-16.248040874370403,6.746981186130994,1.1546319456101628e-14,-9.625468149550489,-17.525441092386075,-12.90308478489382,188.48077366507155,6975.737757356971,0.0,16.212599408298793,31084.376786210938,0.0,0.28824787352686654,2.8060945019003913e-8,7.17794181792214e-5,0,0
0.00299,293.5450298160896,-267.5708452057079,-25.97418461038157,9.554395602661128,-16.29024784472867,6.735852242067558,1.021405182655144e-14,-9.683274343971878,-17.557464326638396,-12.903073220493352,188.480697779126,6988.482456838672,0.0,16.30609090078971,31084.351755892952,0.0,0.2896800122519975,2.8060945019003913e-8,7.221215965641514e-5,0,0
0.003,294.06879205145634,-266.8734929684538,-27.19529908300253,9.607783201232547,-16.332288501684236,6.724505300451708,1.199040866595169e-14,-9.741186000121015,-17.589241387592104,-12.902751009821227,188.48062189413494,7001.129148060697,0.0,16.39970542617194,31084.326725899875,0.0,0.29111618366023667,2.8060945019003913e-8,7.264568608077171e-5,0,0
0.00301,294.5883749183652,-266.17234786813873,-28.41602705022644,9.661221489468254,-16.374162286455974,6.712940796987742,1.2434497875801753e-14,-9.799202300664394,-17.620771823795813,-12.902118865491243,188.48054601187147,7013.677651194986,0.0,16.49344141562471,31084.30169681655,0.0,0.2925563915451832,2.8060945019003913e-8,7.308001644046325e-5,0,0
0.00302,295.1037710323936,-265.4674198695866,-29.636351162806942,9.714709473468417,-16.415868644661167,6.701159171192768,1.1102230246251565e-14,-9.857322426608198,-17.65205518709407,-12.901177510910019,188.4804701341046,7026.127787725563,0.0,16.58729729995962,31084.27666922646,0.0,0.2940006396244735,2.8060945019003913e-8,7.351513117397068e-5,0,0
0.00303,295.61497306862185,-264.7587189913846,-30.856254077237196,9.76824615994254,-16.457407026320173,6.689160866377652,1.1546319456101628e-14,-9.915545557309652,-17.6830910326334,-12.899927680231936,188.4803942625991,7038.479380450964,0.0,16.68127150965404,31084.2516437117,0.0,0.2954489315398196,2.8060945019003913e-8,7.395100854228065e-5,0,0
0.00304,296.1219737617375,-264.04625530574083,-32.07571845599653,9.821830556233126,-16.498776885860984,6.676946329627876,1.021405182655144e-14,-9.97387087048838,-17.713878918868392,-12.898370118313695,188.48031839911562,7050.732253486659,0.0,16.775362474884393,31084.226620852998,0.0,0.29690127085704987,2.8060945019003913e-8,7.438767553520631e-5,0,0
0.00305,296.6247659061384,-263.33003893834143,-33.294726967796834,9.875461670339213,-16.53997768212363,6.664516011784443,1.4210854715202004e-14,-10.032297542237904,-17.744418407567643,-12.896505580668654,188.48024254541042,7062.886232267452,0.0,16.869568625559427,31084.20160122965,0.0,0.29835766106615097,2.8060945019003913e-8,7.482510962367184e-5,0,0
0.0030600000000000002,297.1233423560353,-262.61008006820634,-34.51326228782887,9.9291385109399,-16.581008878364514,6.6518703674246344,1.0658141036401503e-14,-10.09082474703711,-17.774709063819813,-12.894334833420734,188.48016670323548,7074.941143549872,0.0,16.963888391353404,31084.176585419507,0.0,0.29981810558131206,2.8060945019003913e-8,7.526328603134347e-5,0,0
0.0030700000000000002,297.6176960255533,-261.88638892754454,-35.731307098008514,9.982860087417764,-16.62186994226053,6.63900985484279,1.3766765505351941e-14,-10.149451657761796,-17.804750456039503,-12.891858653258142,188.48009087433834,7086.89681541454,0.0,17.05832020173921,31084.151573998985,0.0,0.3012826077409707,2.8060945019003913e-8,7.570222864435039e-5,0,0
0.0030800000000000003,298.10781988883235,-261.1589758016093,-36.94884408722285,10.036625409882236,-16.66256034591317,6.6259349360309585,1.4210854715202004e-14,-10.208177445696208,-17.834542155973242,-12.889077827386673,188.48001506046208,7098.753077268553,0.0,17.15286248602143,31084.126567543008,0.0,0.3027511708078606,2.8060945019003913e-8,7.614190812595123e-5,0,0
0.0030900000000000003,298.59370698012754,-260.4278510285511,-38.16585595157625,10.090433489192842,-16.7030795658524,6.612646076659579,1.199040866595169e-14,-10.267001280544703,-17.8640837387053,-12.885993153482788,188.47993926334524,7110.509759847812,0.0,17.24751367336932,31084.101566625024,0.0,0.30422379796906124,2.8060945019003913e-8,7.658234012017373e-5,0,0
0.0031000000000000003,299.07535039390785,-259.69302499927136,-39.382325394636396,10.144283336982442,-16.74342708304049,6.5991437460580675,1.021405182655144e-14,-10.325922330443406,-17.893374782663578,-12.882605439646351,188.47986348472182,7122.166695219376,0.0,17.342272192849748,31084.07657181695,0.0,0.30570049233604896,2.8060945019003913e-8,7.702349791882668e-5,0,0
0.0031100000000000004,299.5527432849542,-258.9545081572745,-40.59823512767956,10.198173965680372,-16.7836023828757,6.58542841719534,7.105427357601002e-15,-10.384939761971879,-17.922414869625445,-12.878915504353053,188.47978772632112,7133.723716783794,0.0,17.437136473460043,31084.051583689186,0.0,0.30718125694475035,2.8060945019003913e-8,7.746539611326597e-5,0,0
0.0031200000000000004,300.02587886845686,-258.21231099851957,-41.81356786993714,10.252104388535475,-16.823604955195798,6.571500566660347,1.4654943925052066e-14,-10.444052740164906,-17.95120358472345,-12.874924176406555,188.47971198986775,7145.180659277389,0.0,17.53210494416077,31084.02660281056,0.0,0.30866609475559725,2.8060945019003913e-8,7.790800326168412e-5,0,0
0.0031300000000000004,300.4947504201119,-257.46644407127104,-43.028306348840744,10.306073619639118,-16.863434294281557,6.557360674642459,1.1546319456101628e-14,-10.50326042852426,-17.979740516451187,-12.870632294890331,188.47963627708157,7156.537358774597,0.0,17.62717603390848,31084.001629748345,0.0,0.31015500865358336,2.8060945019003913e-8,7.835134009324951e-5,0,0
0.0031400000000000004,300.9593512762168,-256.7169179759489,-44.242433300267884,10.360080673948113,-16.90308989886001,6.543009224911918,1.2434497875801753e-14,-10.562561989030534,-18.008025256668937,-12.866040709119197,188.47956058967756,7167.793652690228,0.0,17.722348171688314,31083.976665068196,0.0,0.31164800144832283,2.8060945019003913e-8,7.879537034749529e-5,0,0
0.0031500000000000005,301.41967483376493,-255.9637433649781,-45.45593146878683,10.414124567307534,-16.94257127210767,6.528446704800153,9.769962616701378e-15,-10.62195658215502,-18.036057400609373,-12.861150278590578,188.4794849293659,7178.949379781754,0.0,17.81761978654662,31083.95170933418,0.0,0.3131450758741107,2.8060945019003913e-8,7.924010261682601e-5,0,0
0.00316,301.8757145505396,-255.20693094263692,-46.668783607902654,10.468204316473532,-16.981877921653613,6.513673605180106,1.3766765505351941e-14,-10.681443366871608,-18.06383654688328,-12.85596187293542,188.4794092978518,7190.004380151577,0.0,17.912989307623434,31083.926763108746,0.0,0.314646234589985,2.8060945019003913e-8,7.968556122465997e-5,0,0
0.00317,302.32746394520706,-254.4464914649052,-47.88097248030182,10.522318939135971,-17.021009359582408,6.498690420446456,1.1102230246251565e-14,-10.741021500668769,-18.091362297485098,-12.8504763718689,188.47933369683543,7200.958495249259,0.0,18.008455164184937,31083.90182695266,0.0,0.3161514801797906,2.8060945019003913e-8,8.013168796408565e-5,0,0
0.00318,302.7749165974084,-253.6824357393111,-49.092480858097254,10.576467453941136,-17.059965102436962,6.483497648495851,1.4210854715202004e-14,-10.800690139561505,-18.118634257798604,-12.844694665140715,188.47925812801194,7211.811567873785,0.0,18.104015785655797,31083.876901425036,0.0,0.3176608151522451,2.8060945019003913e-8,8.057850217878249e-5,0,0
0.00319,303.218066147851,-252.91477462477775,-50.30329152307323,10.630648880514215,-17.09874467122123,6.468095790707035,1.199040866595169e-14,-10.860448438103418,-18.14565203660242,-12.838617652485254,188.47918259307136,7222.563442175776,0.0,18.19966960165146,31083.851987083293,0.0,0.31917424194100597,2.8060945019003913e-8,8.1025991572517e-5,0,0
0.0032,303.6569062983989,-252.14351903146874,-51.513387266930046,10.684862239481815,-17.137347591402808,6.4524853519210135,1.199040866595169e-14,-10.92029554939879,-18.172415246075577,-12.83224624357132,188.47910709369856,7233.213963659698,0.0,18.295415042010376,31083.827084483153,0.0,0.3206917629047402,2.8060945019003913e-8,8.147415585972595e-5,0,0
0.00321,304.0914308121621,-251.36867992063333,-52.722750891528655,10.739106552494372,-17.175773392915406,6.43666684042106,1.3766765505351941e-14,-10.980230625114672,-18.19892350180302,-12.825581357951645,188.47903163157318,7243.76297918608,0.0,18.391250536826124,31083.802194178614,0.0,0.32221338032719504,2.8060945019003913e-8,8.192298127644715e-5,0,0
0.00322,304.52163351358547,-250.59026830445035,-53.931365209135,10.79338084224845,-17.214021610161208,6.420640767912781,1.4210854715202004e-14,-11.040252815493062,-18.22517642278105,-12.818623925012155,188.4789562083696,7254.210336973675,0.0,18.487174516479495,31083.777316721942,0.0,0.32373909641727083,2.8060945019003913e-8,8.237249149165016e-5,0,0
0.0032300000000000002,304.9475082885364,-249.80829524587182,-55.13921304266437,10.847684132509052,-17.252091782013096,6.404407649504067,1.2878587085651816e-14,-11.100361269363077,-18.2511736314228,-12.81137488392082,188.4788808257568,7264.555886601661,0.0,18.583185411670456,31083.752452663597,0.0,0.32526891330909563,2.8060945019003913e-8,8.282262025809117e-5,0,0
0.0032400000000000003,305.3690490843916,-249.02277185846592,-56.34627722592547,10.902015448131776,-17.289983451816795,6.387968003685041,1.199040866595169e-14,-11.16055513415322,-18.27691475356365,-12.803835183576393,188.4788054853984,7274.799479011794,0.0,18.679281653450094,31083.727602552317,0.0,0.32680283306210134,2.8060945019003913e-8,8.327342603300925e-5,0,0
0.0032500000000000003,305.7862499101233,-248.2337093062587,-57.5525406038644,10.95637381508494,-17.32769616739285,6.371322352307931,1.199040866595169e-14,-11.220833555903654,-18.30239941846656,-12.796005782556737,188.47873018895257,7284.940966510553,0.0,18.775461673252423,31083.70276693498,0.0,0.32834085766110194,2.8060945019003913e-8,8.372483729977842e-5,0,0
0.0032600000000000003,306.1991048363843,-247.44111880357553,-58.75798603280863,11.010758260471622,-17.365229481038526,6.3544712205669285,1.3766765505351941e-14,-11.281195679278483,-18.327627258827466,-12.787887649066928,188.478654938072,7294.980202771285,0.0,18.871723902926142,31083.677946356707,0.0,0.3298829890163731,2.8060945019003913e-8,8.417690720692594e-5,0,0
0.0032700000000000003,306.6076079955922,-246.645011614882,-59.96259638071009,11.06516781255163,-17.402582949529567,6.337415136977956,1.1102230246251565e-14,-11.341640647578119,-18.35259791078056,-12.779481760887077,188.47857973440378,7304.91704283633,0.0,18.968066774766346,31083.653141360755,0.0,0.33142922896373384,2.8060945019003913e-8,8.462960982144607e-5,0,0
0.0032800000000000004,307.01175358201294,-245.84539905462339,-61.16635452738946,11.1196015007634,-17.43975613412185,6.320154633358472,1.1546319456101628e-14,-11.402167602751712,-18.377311013903594,-12.770789105319892,188.47850457958938,7314.75134311913,0.0,19.064488721546084,31083.62835248851,0.0,0.3329795792646297,2.8060945019003913e-8,8.508290559322562e-5,0,0
0.0032900000000000004,307.4115358518432,-245.04229248706412,-62.36924336477894,11.17405835574583,-17.47674860055292,6.302690244807117,1.6431300764452317e-14,-11.462775685409511,-18.401766211223123,-12.761810679137863,188.47842947526468,7324.48296140633,0.0,19.160988176547907,31083.60358027953,0.0,0.33453404160621775,2.8060945019003913e-8,8.55368395610151e-5,0,0
0.0033000000000000004,307.80694912329193,-244.23570332612616,-63.57124579716569,11.228537409359998,-17.51355991904341,6.285022509683429,9.769962616701378e-15,-11.523464034835397,-18.425963149219722,-12.752547488530361,188.47835442305973,7334.111756859868,0.0,19.257563573595284,31083.578825271452,0.0,0.3360926176014534,2.8060945019003913e-8,8.599137398618284e-5,0,0
0.0033100000000000004,308.19798777666125,-243.42564303522695,-64.77234474143424,11.283037694710881,-17.550189664298333,6.267151969587479,1.554312234475219e-14,-11.584231788999363,-18.449901477833194,-12.743000549050294,188.47827942459887,7343.63759001905,0.0,19.35421334708399,31083.55408800002,0.0,0.3376553087891788,2.8060945019003913e-8,8.644650838701695e-5,0,0
0.0033200000000000005,308.5846462544264,-242.6121231271163,-65.97252312731008,11.337558246168925,-17.586637415508296,6.24907916933939,9.769962616701378e-15,-11.645078084570045,-18.473580850467712,-12.733170885560586,188.47820448150057,7353.060322802607,0.0,19.450935932013365,31083.529368999047,0.0,0.339222116634213,2.8060945019003913e-8,8.690223950190423e-5,0,0
0.00333,308.96691906131457,-241.79515516371274,-67.17176389760176,11.392098099391593,-17.62290275635052,6.23080465695895,1.3322676295501878e-14,-11.706002056927318,-18.49700092399692,-12.7230595321803,188.47812959537745,7362.379818510749,0.0,19.547729764017486,31083.504668800415,0.0,0.3407930425274437,2.8060945019003913e-8,8.735855763568334e-5,0,0
0.00334,309.3448007643829,-240.97475075593948,-68.3700500084434,11.446656291344826,-17.658985274989853,6.212328983645051,1.3766765505351941e-14,-11.767002840174928,-18.5201613587691,-12.7126675322306,188.47805476783623,7371.595941827206,0.0,19.64459327939634,31083.479987934035,0.0,0.34236808778592137,2.8060945019003913e-8,8.781545753924758e-5,0,0
0.00335,309.7182859930961,-240.15092156355902,-69.56736442953697,11.50123186032441,-17.69488456407957,6.193652703755181,1.2878587085651816e-14,-11.828079567153114,-18.54306181861215,-12.701995938180396,188.47798000047754,7380.708558821244,0.0,19.741524915146776,31083.455326927862,0.0,0.34394725365295387,2.8060945019003913e-8,8.827293842211814e-5,0,0
0.00336,310.08736943940227,-239.3236792950079,-70.76369014439423,11.555823845977303,-17.73060022076212,6.174776374784843,1.4210854715202004e-14,-11.889231369451343,-18.565701970838663,-12.691045811591668,188.47790529489606,7389.717536949688,0.0,19.838523108993503,31083.43068630783,0.0,0.345530541298204,2.8060945019003913e-8,8.873098207488883e-5,0,0
0.00337,310.4520458578086,-238.49303570722972,-71.95901015057876,11.610431289322875,-17.766131846669733,6.155700557346876,9.769962616701378e-15,-11.950457377420989,-18.588081486250942,-12.679818223064608,188.47783065268032,7398.6227450589095,0.0,19.935586299419928,31083.40606659789,0.0,0.3471179518177879,2.8060945019003913e-8,8.918959652226555e-5,0,0
0.00338,310.81231006545613,-237.6590026055086,-73.1533074599474,11.665053232774065,-17.801479047924907,6.136425815150876,1.9984014443252818e-14,-12.011756720188153,-18.610200039145926,-12.668314252182448,188.47775607541277,7407.424053386825,0.0,20.03271292569894,31083.38146831995,0.0,0.3487094862343756,2.8060945019003913e-8,8.9648761431943e-5,0,0
0.0033900000000000002,311.16815694219287,-236.82159184330092,-74.3465650988918,11.719688720158455,-17.836641435140812,6.116952714982374,9.325873406851315e-15,-12.073128525666418,-18.632057307320135,-12.65653498745608,188.47768156466958,7416.121333564861,0.0,20.12990142792357,31083.356891993863,0.0,0.3503051454972932,2.8060945019003913e-8,9.010846811435824e-5,0,0
0.0034000000000000002,311.5195814306471,-235.98081532206734,-75.53876610857962,11.774336796739338,-17.871618623421526,6.097281826682208,1.1102230246251565e-14,-12.134571920569705,-18.653652972074596,-12.644481526268304,188.47760712202074,7424.714458619918,0.0,20.227150247037624,31083.332338137454,0.0,0.35190493048262644,2.8060945019003913e-8,9.056873041857205e-5,0,0
0.0034100000000000003,311.866578536299,-235.13668499110324,-76.7298935451956,11.828996509236612,-17.90641023236223,6.077413723125636,9.769962616701378e-15,-12.196086030425153,-18.67498671821972,-12.632154974817926,188.47753274902993,7433.2033029763315,0.0,20.32445782486618,31083.307807266443,0.0,0.3535088419933265,2.8060945019003913e-8,9.102951923074809e-5,0,0
0.0034200000000000003,312.2091433275516,-234.2892128473691,-77.9199304801824,11.883666905847676,-17.94101588604921,6.057348980201558,1.3322676295501878e-14,-12.257669979586009,-18.6960582340801,-12.619556448063527,188.4774584472545,7441.587742457783,0.0,20.42182260414601,31083.283299894476,0.0,0.3551168807593168,2.8060945019003913e-8,9.149084976799171e-5,0,0
0.0034300000000000003,312.5472709358009,-233.43841093532004,-79.10886000048077,11.93834703626823,-17.97543521305983,6.0370881767916265,1.554312234475219e-14,-12.319322891244584,-18.716867211499366,-12.606687069667036,188.47738421824533,7449.867654289258,0.0,20.519243028555923,31083.258816533064,0.0,0.3567290474376021,2.8060945019003913e-8,9.195269424912278e-5,0,0
0.0034400000000000003,312.8809565555052,-232.5842913467344,-80.29666520877063,11.993035951712983,-18.009667846462285,6.016631894749326,1.2434497875801753e-14,-12.381043887445196,-18.73741334584495,-12.593547971936928,188.47731006354695,7458.042917098923,0.0,20.61671754274702,31083.234357691617,0.0,0.35834534261237877,2.8060945019003913e-8,9.241506191276505e-5,0,0
0.0034500000000000004,313.21019544425315,-231.72686622054218,-81.48332922371095,12.047732704936326,-18.04371342381538,5.995980718879075,1.2434497875801753e-14,-12.442832089097255,-18.757696336012827,-12.580140295771333,188.47723598469736,7466.113410920048,0.0,20.714244592372836,31083.209923877388,0.0,0.3599657667951473,2.8060945019003913e-8,9.287794079229639e-5,0,0
0.0034600000000000004,313.53498292283143,-230.86614774265232,-82.66883518017907,12.102436350252889,-18.077571587168034,5.97513523691517,1.4654943925052066e-14,-12.504686615988213,-18.777715884432215,-12.566465190600695,188.47716198322797,7474.079017192882,0.0,20.811822624119404,31083.18551559546,0.0,0.3615903204248257,2.8060945019003913e-8,9.334130861254897e-5,0,0
0.0034700000000000004,313.855314375291,-230.0021481457796,-83.85316622951137,12.157145943558056,-18.111241983058832,5.9540960395008,1.4210854715202004e-14,-12.566606586796711,-18.797471697070318,-12.552523814330343,188.47708806066368,7481.9396187665325,0.0,20.909450085735262,31083.161133348774,0.0,0.3632190038678654,2.8060945019003913e-8,9.380519098020623e-5,0,0
0.0034800000000000005,314.171185249013,-229.13487970927076,-85.03630553974213,12.211860542348393,-18.144724262515325,5.932863720166954,1.2434497875801753e-14,-12.62859111910565,-18.81696348343688,-12.538317333282688,188.47701421852267,7489.695099900816,0.0,21.0071254260613,31083.136777638043,0.0,0.364851817418368,2.8060945019003913e-8,9.426955222764655e-5,0,0
0.0034900000000000005,314.4825910547729,-228.26435475892995,-86.21823629584284,12.266579205742007,-18.17801808105333,5.911438875311347,1.3322676295501878e-14,-12.690639329415383,-18.836190956588908,-12.523846922139246,188.47694045831648,7497.34534626812,0.0,21.10484709506058,31083.112448961805,0.0,0.36648876129820435,2.8060945019003913e-8,9.473440817314716e-5,0,0
0.0035,314.7895273668051,-227.39058566684378,-87.3989416999613,12.321300994498824,-18.211123098676037,5.889822104177242,1.687538997430238e-14,-12.752750333156822,-18.855153833135194,-12.509113763882329,188.47686678154992,7504.890244955231,0.0,21.202613543848017,31083.08814781635,0.0,0.36812983565713486,2.8060945019003913e-8,9.519973515793867e-5,0,0
0.00351,315.0919898228652,-226.51358485120485,-88.57840497166016,12.376024971040778,-18.244038979873036,5.868014008832281,1.4210854715202004e-14,-12.814923244704723,-18.87385183324088,-12.494119049736565,188.47679318972095,7512.329684465145,0.0,21.30042322472001,31083.063874695737,0.0,0.3697750405729317,2.8060945019003913e-8,9.566552822139196e-5,0,0
0.00352,315.389974124292,-225.63336477613626,-89.7566093481556,12.430750199472001,-18.276765393619247,5.846015194147272,1.554312234475219e-14,-12.877157177390874,-18.892284680632006,-12.478863979110088,188.47671968432078,7519.663554718908,0.0,21.398274591183913,31083.03963009178,0.0,0.3714243760515023,2.8060945019003913e-8,9.613179020219464e-5,0,0
0.00353,315.6834760360692,-224.74993795151354,-90.9335380845555,12.485475745598805,-18.309302013373692,5.823826267774908,1.2434497875801753e-14,-12.93945124351739,-18.91045210259996,-12.463349759535529,188.47664626683374,7526.891747057379,0.0,21.49616609798751,31083.015414494024,0.0,0.37307784202701477,2.8060945019003913e-8,9.659851350035664e-5,0,0
0.00354,315.9724913868849,-223.8633169327874,-92.10917445409733,12.540200676949745,-18.341648517078212,5.8014478401284855,9.769962616701378e-15,-13.001804554370013,-18.928353830006007,-12.44757760661071,188.47657293873715,7534.014154243041,0.0,21.59409620114827,31082.991228389714,0.0,0.374735438362025,2.8060945019003913e-8,9.706568007682159e-5,0,0
0.00355,316.25701606919114,-222.97351432080492,-93.28350174838603,12.594924062795481,-18.373804587156016,5.778880524360563,1.5987211554602254e-14,-13.06421622023145,-18.94598959728563,-12.431548743939132,188.47649970150144,7541.030670461754,0.0,21.692063357982647,31082.967072263815,0.0,0.376397164847605,2.8060945019003913e-8,9.753329781385378e-5,0,0
0.0035600000000000002,316.53704603926246,-222.08054276163097,-94.45650327763136,12.64964497416862,-18.405769910510163,5.7561249363415685,1.4654943925052066e-14,-13.126685350394725,-18.963359142453022,-12.415264403070179,188.47642655659,7547.941191324527,0.0,21.790066027135147,31082.942946598963,0.0,0.37806302120347335,2.8060945019003913e-8,9.800134592942433e-5,0,0
0.0035700000000000003,316.8125773172532,-221.1844149463679,-95.62816237088512,12.704362483883482,-18.437544178521904,5.7331816946384455,1.4210854715202004e-14,-13.189211053176633,-18.98046220710533,-12.398725823439115,188.4763535054592,7554.745613869254,0.0,21.88810266860739,31082.91885187547,0.0,0.37973300707812685,2.8060945019003913e-8,9.846982953089223e-5,0,0
0.0035800000000000003,317.0836059872539,-220.2851436109755,-96.79846237627832,12.759075666555816,-18.469127087048925,5.71005142049314,1.8207657603852567e-14,-13.2517924359311,-18.997298536427124,-12.381934252306724,188.47628054955823,7561.443836562454,0.0,21.986171743787065,31082.894788571306,0.0,0.3814071220489741,2.8060945019003913e-8,9.893873594350733e-5,0,0
0.0035900000000000003,317.3501281973473,-219.38274153609012,-97.96738666125711,12.813783598622361,-18.500518336423465,5.686734737801135,1.8207657603852567e-14,-13.314428605062655,-19.013867879194585,-12.36489094469885,188.47620769032915,7568.035759300991,0.0,22.084271715476728,31082.870757162076,0.0,0.3830853656224703,2.8060945019003913e-8,9.940805288463639e-5,0,0
0.0036000000000000003,317.6121401596629,-218.47722154684266,-99.13491861282009,12.868485358360424,-18.531717631450345,5.6632322730899425,1.1546319456101628e-14,-13.377118666039973,-19.030169987779843,-12.34759716334559,188.4761349292069,7574.52128341378,0.0,22.182401047922557,31082.846758121028,0.0,0.38476773723425417,2.8060945019003913e-8,9.987779391405771e-5,0,0
0.0036100000000000004,317.8696381504306,-217.56859651267646,-100.30104163775405,12.923180025907332,-18.562724681404852,5.639544655497548,1.554312234475219e-14,-13.43986172340932,-19.046204618155166,-12.330054178620205,188.47606226761908,7580.900311663476,0.0,22.280558206843022,31082.822791918996,0.0,0.38645423624928593,2.8060945019003913e-8,0.00010034792929700109,0,0
0.0036200000000000004,318.12261851003404,-216.65687934716468,-101.46573916286933,12.9778666832798,-18.59353920003054,5.615672516750772,1.7319479184152442e-14,-13.50265688080814,-19.061971529897185,-12.312263268477945,188.47598970698607,7587.1727482481665,0.0,22.378741659457365,31082.798859024428,0.0,0.3881448619619873,2.8060945019003913e-8,0.00010081845874836126,0,0
0.0036300000000000004,318.3710776430624,-215.74208300782618,-102.62899463523617,13.032544414393271,-18.624160905536925,5.591616491143683,1.7319479184152442e-14,-13.565503240978629,-19.07747048619108,-12.294225718394408,188.47591724872092,7593.338498803035,0.0,22.476949874514105,31082.77495990336,0.0,0.3898396135963827,2.8060945019003913e-8,0.000101289389589726,0,0
0.0036400000000000004,318.61501201836137,-214.82422049594194,-103.7907915224194,13.087212305081136,-18.654589520597007,5.567377215515894,1.2878587085651816e-14,-13.628399905781322,-19.09270125383467,-12.27594282130385,188.4758448942293,7599.397470402015,0.0,22.57518132231931,31082.75109501939,0.0,0.3915384903062425,2.8060945019003913e-8,0.00010176069671646859,0,0
0.0036500000000000005,318.8544181690836,-213.90330485636983,-104.95111331271362,13.1418694431139,-18.68482477234476,5.542955329230885,1.3322676295501878e-14,-13.691345976208739,-19.107663603242578,-12.257415877537102,188.4757726449095,7605.349571559433,0.0,22.67343447476489,31082.727264833666,0.0,0.3932414911752274,2.8060945019003913e-8,0.00010223238079062891,0,0
0.0036600000000000005,319.0892926927376,-212.97934917735967,-106.10994351537785,13.196514918218254,-18.714866392372475,5.51835147415424,1.1546319456101628e-14,-13.754340552399047,-19.122357308450255,-12.238646194759344,188.4757005021523,7611.194712231645,0.0,22.771707805356705,31082.703469804892,0.0,0.39494861521703445,2.8060945019003913e-8,0.00010270444276017088,0,0
0.00367,319.3196322512367,-212.05236659036677,-107.2672656608698,13.25114782209611,-18.744714116727955,5.493566294631865,1.199040866595169e-14,-13.817382733649712,-19.136782147118065,-12.219635087907545,188.47562846734104,7616.93280381865,0.0,22.869999789242602,31082.679710389282,0.0,0.39665986137554504,2.8060945019003913e-8,0.0001031768547436751,0,0
0.00368,319.54543357094576,-211.1223702698656,-108.42306330108003,13.305767248443502,-18.774367685911677,5.468600437468201,1.554312234475219e-14,-13.880471618431292,-19.150937900535244,-12.200383879127706,188.47555654185152,7622.563759165686,0.0,22.96830890324033,31082.655987040587,0.0,0.3983752285249741,2.8060945019003913e-8,0.00010364963639737657,0,0
0.00369,319.7666934427283,-210.18937343316242,-109.57732000956575,13.36037229296947,-18.803826844873768,5.443454551904325,1.6431300764452317e-14,-13.94360630440107,-19.164824353623914,-12.180893897711925,188.4754847270519,7628.087492564839,0.0,23.066633625865396,31082.632300210033,0.0,0.4000947154700206,2.8060945019003913e-8,0.00010412275670740323,0,0
0.0037,319.98340872199174,-209.2533893402074,-110.73001938178415,13.4149620534148,-18.833091343010892,5.418129289596116,1.4210854715202004e-14,-14.00678588841691,-19.178441294943006,-12.161166480035028,188.47541302430284,7633.503919756595,0.0,23.16497243735874,31082.608650346352,0.0,0.4018183209460204,2.8060945019003913e-8,0.00010459622853076223,0,0
0.00371,320.1955763287323,-208.31443129340647,-111.88114503532564,13.469535629570778,-18.862160934163064,5.392625304592314,1.5987211554602254e-14,-14.070009466551024,-19.19178851669218,-12.141202969491147,188.47534143495724,7638.812957931435,0.0,23.263323819714373,31082.585037895748,0.0,0.4035460436190996,2.8060945019003913e-8,0.00010507003583776209,0,0
0.00372,320.4031932475786,-207.3725126374317,-113.03068061014669,13.524092123297772,-18.891035376610276,5.366943253312533,1.5987211554602254e-14,-14.133276134103754,-19.20486581471571,-12.121004716429965,188.47526996036035,7644.014525731365,0.0,23.361686256706914,31082.561463301874,0.0,0.40527788208633075,2.8060945019003913e-8,0.00010554416643641928,0,0
0.0037300000000000002,320.60625652783466,-206.42764675903223,-114.17860976880225,13.578630638543801,-18.919714433069096,5.341083794525329,1.9984014443252818e-14,-14.196584985617498,-19.217672988506294,-12.100573078092719,188.47519860184968,7649.108543251459,0.0,23.46005823391894,31082.537927005844,0.0,0.40701383487588905,2.8060945019003913e-8,0.00010601862651066218,0,0
0.0037400000000000003,320.8047632835219,-205.47984708684356,-115.32491619667817,13.633150281362989,-18.948197870689064,5.315047589326097,1.1546319456101628e-14,-14.259935114890471,-19.23020984120891,-12.079909418547953,188.47512736075498,7654.094932041388,0.0,23.558438238768304,31082.514429446208,0.0,0.40875390044721144,2.8060945019003913e-8,0.00010649340786453299,0,0
0.0037500000000000003,320.99871069341975,-204.52912709119713,-116.4695836022225,13.687650159933977,-18.976485461049045,5.288835301115095,1.687538997430238e-14,-14.323325614990704,-19.24247617962456,-12.05901510862709,188.47505623839814,7658.973615106932,0.0,23.656824760535315,31082.49097105892,0.0,0.41049807719115644,2.8060945019003913e-8,0.00010696848790871238,0,0
0.0037600000000000003,321.1880960011064,-203.57550028392842,-117.6125957171778,13.742129384578226,-19.004576980153466,5.262447595575264,1.2878587085651816e-14,-14.386755578269899,-19.254471814214046,-12.037891525859653,188.47498523609323,7663.744516911479,0.0,23.755216290389853,31082.46755227737,0.0,0.4122463634301658,2.8060945019003913e-8,0.00010744388057845611,0,0
0.0037700000000000003,321.37291651499726,-202.6189802181852,-118.753936296812,13.796587067778242,-19.032472208428374,5.235885140650151,1.2434497875801753e-14,-14.450224096377386,-19.266196559101637,-12.01654005440836,188.47491435514644,7668.407563377503,0.0,23.853611321418274,31082.444173532313,0.0,0.4139987574184275,2.8060945019003913e-8,0.00010791955992291158,0,0
0.0037800000000000004,321.55316960838377,-201.65958048823492,-119.89358912014882,13.851022324195755,-19.06017093071746,5.209148606521733,1.509903313490213e-14,-14.513730260274112,-19.277650232078777,-11.994962085003905,188.474843596856,7672.96268188805,0.0,23.952008348650345,31082.420835251913,0.0,0.41575525734204055,2.8060945019003913e-8,0.00010839552921322604,0,0
0.0037900000000000004,321.7288527194705,-200.69731472927137,-121.03153799019913,13.905434270689772,-19.087672936277933,5.1822386655881845,1.3766765505351941e-14,-14.577273160246587,-19.288832654607752,-11.973159014879464,188.4747729625122,7677.4098012881805,0.0,24.050405869085917,31082.397537861703,0.0,0.4175158613191809,2.8060945019003913e-8,0.00010887178818771992,0,0
0.0038000000000000004,321.89996335141166,-199.73219661722086,-122.16776673419065,13.959822026334612,-19.114978018776263,5.155155992441679,1.509903313490213e-14,-14.640851885920931,-19.299743651825267,-11.95113224770509,188.4747024533973,7681.748851886437,0.0,24.14880238172164,31082.374281784563,0.0,0.41928056740026914,2.8060945019003913e-8,0.00010934831121085786,0,0
0.0038100000000000005,322.0664990723463,-198.76423986854823,-123.3022592037979,14.014184712437773,-19.142085976283852,5.127901263846109,1.687538997430238e-14,-14.704465526276902,-19.310383052546012,-11.928883193521699,188.47463207078556,7685.979765456251,0.0,24.247196387577443,31082.351067440737,0.0,0.4210493735681397,2.8060945019003913e-8,0.00010982510910617638,0,0
0.0038200000000000005,322.22845751543315,-197.7934582400614,-124.43499927537165,14.068521452557825,-19.168996611272576,5.100475158714786,1.9984014443252818e-14,-14.768113169661957,-19.320750689266266,-11.90641326867496,188.47456181594313,7690.102475237384,0.0,24.345586389722975,31082.327895247796,0.0,0.4228222777382114,2.8060945019003913e-8,0.0001103021709356472,0,0
0.0038300000000000005,322.38583637888433,-196.81986552871604,-125.56597085016817,14.122831372522132,-19.195709730610183,5.072878358088086,2.042810365310288e-14,-14.83179390380532,-19.33084639816735,-11.883723895748851,188.47449169012808,7694.1169159373185,0.0,24.44397089330391,31082.304765620636,0.0,0.4245992777586596,2.8060945019003913e-8,0.0001107794858150879,0,0
0.0038400000000000005,322.5386334259979,-195.8434755714197,-126.69515785457797,14.177113600444546,-19.22222514555562,5.045111545111105,1.9095836023552692e-14,-14.895506815832087,-19.340670019119134,-11.860816503499038,188.4744216945903,7698.023023732658,0.0,24.54234840556811,31082.281678971463,0.0,0.4263803714105896,2.8060945019003913e-8,0.00011125704653956736,0,0
0.00385,322.68684648518945,-194.86430224483505,-127.82254424035426,14.231367266743016,-19.248542671754223,5.0171754050112325,1.509903313490213e-14,-14.959250992277346,-19.350221395683477,-11.837692526785887,188.4743518305715,7701.820736270507,0.0,24.640717435891755,31082.258635709793,0.0,0.4281655564082119,2.8060945019003913e-8,0.00011173484957423263,0,0
0.00386,322.8304734500234,-193.8823594651822,-128.948113984841,14.285591504157074,-19.274662129232794,4.989070625075746,1.4654943925052066e-14,-15.023025519100347,-19.359500375117616,-11.814353406507443,188.4742820993052,7705.509992669818,0.0,24.739076495805275,31082.23563624242,0.0,0.42995483039901883,2.8060945019003913e-8,0.00011221288774994342,0,0
0.00387,322.9695122792427,-192.89766118804178,-130.07185109120073,14.339785447765294,-19.300583342394575,4.960797894629308,1.509903313490213e-14,-15.086829481698626,-19.368506808377564,-11.790800589532004,188.47421250201668,7709.090733522765,0.0,24.837424099019202,31082.212680973425,0.0,0.43174819096396216,2.8060945019003913e-8,0.00011269115392162354,0,0
0.00388,323.10396099679775,-191.91022140815588,-131.19373958864168,14.39394823500266,-19.326306140014097,4.9323579050114725,2.1760371282653068e-14,-15.150661964922202,-19.377240550121467,-11.767035528630458,188.4741430399229,7712.5629008960805,0.0,24.935758761449918,31082.189770304147,0.0,0.4335456356176329,2.8060945019003913e-8,0.00011316963364776944,0,0
0.0038900000000000002,323.2338176918747,-190.9200541592295,-132.31376353264505,14.448079005677798,-19.351830355231918,4.903751349554156,2.1316282072803006e-14,-15.21452205308779,-19.385701458712877,-11.743059682408514,188.47407371423247,7715.926438332361,0.0,25.034079001245274,31082.166904633195,0.0,0.43534716180844196,2.8060945019003913e-8,0.00011364833793660323,0,0
0.0039000000000000003,323.35908051892255,-189.9271735137309,-133.43190700519153,14.502176901990193,-19.37715582554923,4.874978923559069,1.8207657603852567e-14,-15.278408829993015,-19.393889396224033,-11.718874515238525,188.47400452614576,7719.181290851394,0.0,25.132383338810072,31082.144084356412,0.0,0.4371527669188027,2.8060945019003913e-8,0.00011412724502359028,0,0
0.00391,323.47974769767916,-188.9315935826919,-134.5481541149871,14.556241068547287,-19.402282392822393,4.846041324275137,1.7763568394002505e-14,-15.342321378930665,-19.401804228439115,-11.694481497191212,188.47393547685465,7722.327404951444,0.0,25.23067029683149,31082.12130986687,0.0,0.4389624482653148,2.8060945019003913e-8,0.00011460634765346478,0,0
0.003920000000000001,323.59581751319683,-187.933328515507,-135.6624889976898,14.610270652381512,-19.4272099032573,4.816939250875818,1.7319479184152442e-14,-15.406258782702933,-19.409445824857436,-11.669882103967026,188.47386656754264,7725.364728610547,0.0,25.32893840030433,31082.098581554885,0.0,0.44077620309894916,2.8060945019003913e-8,0.00011508565306551921,0,0
0.00393,323.7072883158666,-186.93239249973252,-136.77489581613406,14.664264802967207,-19.45193820740367,4.787673404436494,1.6431300764452317e-14,-15.47022012363571,-19.416814058696623,-11.645077816827438,188.47379779938478,7728.293211287769,0.0,25.427186176556138,31082.07589980796,0.0,0.44259402860523467,2.8060945019003913e-8,0.00011556513207020003,0,0
0.00394,323.81415852144164,-185.92879976088483,-137.88535876055667,14.718222672237495,-19.476467160149205,4.758244487911747,2.1760371282653068e-14,-15.534204483592895,-19.423908806895724,-11.620070122525718,188.47372917354767,7731.112803924466,0.0,25.525412155272306,31082.05326501082,0.0,0.44441592190444673,2.8060945019003913e-8,0.00011604480266563799,0,0
0.00395,323.9164266110597,-184.922564562238,-138.99386204882163,14.772143414601056,-19.50079662071363,4.7286532061126065,1.9539925233402755e-14,-15.598210943990654,-19.430729950118362,-11.594860513237826,188.47366069118934,7733.823458945527,0.0,25.62361486852096,31082.030677545372,0.0,0.44624188005179644,2.8060945019003913e-8,0.00011652463184692874,0,0
0.00396,324.01409113126493,-183.91370120462176,-140.10038992664306,14.826026186958789,-19.52492645264261,4.698900265683854,1.9095836023552692e-14,-15.662238585811803,-19.437277372755744,-11.569450486492734,188.4735923534593,7736.4251302606,0.0,25.721792850777682,31082.00813779071,0.0,0.44807190003762104,2.8060945019003913e-8,0.00011700463746193435,0,0
0.0039700000000000004,324.10715069402823,-182.90222402621743,-141.2049266678107,14.879870148720428,-19.548856523801597,4.668986375081203,2.042810365310288e-14,-15.726286489620168,-19.443550962929724,-11.543841545102758,188.47352416149855,7738.917773265297,0.0,25.819944638950307,31081.985646123107,0.0,0.44990597878757743,2.8060945019003913e-8,0.00011748480082349189,0,0
0.00398,324.1956039767673,-181.88814740235472,-142.30745657441253,14.933674461821058,-19.572586706369485,4.638912244548459,1.8207657603852567e-14,-15.790353735574879,-19.449550612495806,-11.518035197093532,188.4734561164394,7741.3013448424135,0.0,25.918068772403377,31081.963202915977,0.0,0.4517441131628346,2.8060945019003913e-8,0.00011796510681474914,0,0
0.0039900000000000005,324.2794497223652,-180.87148574530696,-143.40796397705813,14.987438290737527,-19.59611687683222,4.608678586094722,1.7763568394002505e-14,-15.854439403444847,-19.455276217046045,-11.492032955633697,188.47338821940556,7743.575803363088,0.0,26.016163792982624,31081.94080853992,0.0,0.45358629996026995,2.8060945019003913e-8,0.00011844557651564946,0,0
0.004,324.3586867391883,-179.8522535040868,-144.50643323510133,15.041160802504828,-19.619446915976226,4.57828611347143,1.865174681370263e-14,-15.918542572623037,-19.460727675912068,-11.465836338964493,188.4733204715121,7745.741108688,0.0,26.11422824503924,31081.91846336264,0.0,0.4554325359126647,2.8060945019003913e-8,0.00011892616907195619,0,0
0.0040100000000000005,324.4333139011031,-178.8304651642404,-145.6028487368625,15.094841166732287,-19.642576708881794,4.547735542149539,1.8207657603852567e-14,-15.982662322141024,-19.46590489216787,-11.439446870329043,188.47325287386536,7747.797222168501,0.0,26.21226067545412,31081.896167748997,0.0,0.45728281768890294,2.8060945019003913e-8,0.00011940689435746554,0,0
0.00402,324.50333014749253,-177.80613524764186,-146.69719489985044,15.1484785556198,-19.665506144916264,4.517027589296493,1.509903313490213e-14,-16.046797730683277,-19.470807772632757,-11.412866077901363,188.473185427563,7749.744106647787,0.0,26.31025963366185,31081.87392206098,0.0,0.45913714189416976,2.8060945019003913e-8,0.00011988775122308282,0,0
0.004030000000000001,324.5687344832707,-176.7792783122866,-147.78945617098398,15.202072143973853,-19.688235117727178,4.486162973753357,1.865174681370263e-14,-16.110947876601728,-19.475436227874056,-11.386095494715214,188.47311813369393,7751.581726461989,0.0,26.40822367167473,31081.851726657682,0.0,0.4609955050701532,2.8060945019003913e-8,0.00012036872738203919,0,0
0.00404,324.6295259788973,-175.74990895208478,-148.87961702681233,15.25562110922355,-19.71076352523522,4.4551424160117,1.9539925233402755e-14,-16.1751118379301,-19.479790172210027,-11.359136658592625,188.47305099333823,7753.310047441335,0.0,26.5061513441065,31081.82958189529,0.0,0.4628579036952448,2.8060945019003913e-8,0.00012084979586686473,0,0
0.004050000000000001,324.68570377039055,-174.71804179665327,-149.96766197373717,15.3091246314365,-19.733091269627145,4.423966638190675,1.7319479184152442e-14,-16.239288692398503,-19.48386952371251,-11.33199111207226,188.47298400756725,7754.9290369112,0.0,26.60404120819611,31081.807488127117,0.0,0.46472433418474457,2.8060945019003913e-8,0.00012133098403639686,0,0
0.00406,324.7372670593397,-173.68369151110855,-151.053575548231,15.362581893334612,-19.75521825734848,4.392636364013897,1.5987211554602254e-14,-16.303477517447803,-19.487674204209657,-11.304660402337568,188.4729171774435,7756.43866369323,0.0,26.70189182383122,31081.78544570354,0.0,0.4665947928910642,2.8060945019003913e-8,0.00012181226089387487,0,0
0.004070000000000001,324.7842151129163,-172.64687279585766,-152.13734231705854,15.41599208030984,-19.777144399096212,4.361152318786403,1.8207657603852567e-14,-16.36767739024422,-19.491204139288637,-11.277146081144608,188.47285050402058,7757.838898106397,0.0,26.799701753571693,31081.763454972028,0.0,0.4684692761039345,2.8060945019003913e-8,0.00012229363155984163,0,0
0.00408,324.82654726388455,-171.6076003863897,-153.2189468774947,15.469354380439801,-19.79886960981124,4.329515229371477,2.1316282072803006e-14,-16.431887387693706,-19.494459258298274,-11.2494497047497,188.47278398834328,7759.1297119680585,0.0,26.89746956267285,31081.741516277118,0.0,0.4703477800506117,2.8060945019003913e-8,0.00012277508643621093,0,0
0.004090000000000001,324.8642629106109,-170.56588905306577,-154.29837385754502,15.522667984503304,-19.820393808670865,4.297725824167598,2.042810365310288e-14,-16.49610658645663,-19.497439494351596,-11.221572833836781,188.47271763144744,7760.311078594991,0.0,26.99519381910871,31081.719629960404,0.0,0.4722303008960872,2.8060945019003913e-8,0.00012325661564402401,0,0
0.0041,324.89736151707245,-169.52175360091,-155.37560791616244,15.575932085995811,-19.841716919080955,4.265784833085181,2.042810365310288e-14,-16.560334062962124,-19.50014478432848,-11.1935170334447,188.47265143436,7761.382972804443,0.0,27.092873093594985,31081.69779636054,0.0,0.47411683474329663,2.8060945019003913e-8,0.00012373821275744878,0,0
0.00411,324.9258426128649,-168.47520886939822,-156.45063374346665,15.629145881144774,-19.862838868668213,4.233692987523472,1.865174681370263e-14,-16.6245688934228,-19.502575068878105,-11.165283872894037,188.47258539809891,7762.345370915114,0.0,27.190505959612075,31081.676015813227,0.0,0.47600737763333234,2.8060945019003913e-8,0.00012421987833423354,0,0
0.00412,324.94970579320875,-167.42626973224762,-157.52343606096105,15.68230856892491,-19.88375958927214,4.2014510203472675,2.1760371282653068e-14,-16.688810153849207,-19.504730292421478,-11.136874925713876,188.47251952367318,7763.198250748177,0.0,27.288090993427822,31081.654288651196,0.0,0.4779019255456556,2.8060945019003913e-8,0.00012470158723107416,0,0
0.00413,324.9689507189554,-166.3749510972053,-158.59399962175007,15.735419351073363,-19.904479016936982,4.169059665863651,1.8207657603852567e-14,-16.75305692006435,-19.506610403153953,-11.108291769568247,188.4724538120828,7763.941591628262,0.0,27.385626774120155,31081.63261520422,0.0,0.47980047439831,2.8060945019003913e-8,0.0001251833577163991,0,0
0.0041400000000000005,324.98357711659185,-165.32126790583592,-159.6623092107558,15.788477432104754,-19.92499709190355,4.136519659798827,1.7319479184152442e-14,-16.817308267718428,-19.508215353047486,-11.0795359861824,188.47238826431868,7764.575374384402,0.0,27.48311188359972,31081.61099579908,0.0,0.48170302004813814,2.8060945019003913e-8,0.0001256651604468889,0,0
0.00415,324.99358477824455,-164.26523513331017,-160.72834964493427,15.841482019326198,-19.945313758600832,4.103831739274671,2.1760371282653068e-14,-16.881563272303204,-19.50954509785322,-11.05060916126881,188.47232288136277,7765.09958135102,0.0,27.58054490663216,31081.589430759577,0.0,0.48360955829099694,2.8060945019003913e-8,0.00012614699131714702,0,0
0.0041600000000000005,324.9989735616826,-163.20686778819115,-161.79210577349124,15.894432322852147,-19.965428965637656,4.070996642785547,2.042810365310288e-14,-16.94582100916683,-19.510599597103656,-11.02151288445296,188.4722576641879,7765.5141963688375,0.0,27.677924430860532,31081.56792040653,0.0,0.4855200848619766,2.8060945019003913e-8,0.0001266288640705271,0,0
0.00417,324.99974339031934,-162.1461809122217,-162.85356247809753,15.947327555619204,-19.985342665794008,4.038015110174841,2.1760371282653068e-14,-17.010080553528212,-19.5113788141151,-10.992248749198914,188.4721926137578,7765.819204785827,0.0,27.77524904682732,31081.54646505775,0.0,0.4874345954356189,2.8060945019003913e-8,0.00012711075218851953,0,0
0.0041800000000000006,324.99589425321386,-161.08318958010994,-163.91270467310375,16.00016693340078,-20.00505481601244,4.004887882611694,2.1760371282653068e-14,-17.074340980491836,-19.511882715989792,-10.962818352734615,188.47212773102711,7766.01459345809,0.0,27.872517347996542,31081.52506502802,0.0,0.48935308562613844,2.8060945019003913e-8,0.00012759264334746834,0,0
0.00419,324.98742620507096,-160.01790889931584,-164.96951730575492,16.05294967482172,-20.0245653773892,3.971615702567517,1.865174681370263e-14,-17.138601365062215,-19.51211127361828,-10.93322329597703,188.47206301694132,7766.10035075078,0.0,27.969727930775566,31081.503720629167,0.0,0.49127555098764353,2.8060945019003913e-8,0.00012807456498174774,0,0
0.004200000000000001,324.97433936624026,-158.9503540098357,-166.02398535640438,16.10567500137276,-20.043874315165375,3.9381993137926568,2.398081733190338e-14,-17.202860782158684,-19.51206446168148,-10.903465183456973,188.47199847243675,7766.076466538958,0.0,28.066879394536915,31081.482432169927,0.0,0.49320198701436024,2.8060945019003913e-8,0.00012855646047976732,0,0
0.00421,324.95663392271473,-157.8805400839877,-167.07609383872688,16.158342137424956,-20.062981598717737,3.9046394612928133,1.865174681370263e-14,-17.267118306629808,-19.51174225865297,-10.873545623243778,188.47193409844056,7765.942932208487,0.0,28.163970341639796,31081.461199956055,0.0,0.49513238914085533,2.8060945019003913e-8,0.00012903836390455725,0,0
0.004220000000000001,324.93431012612797,-156.80848232619564,-168.12582779993224,16.210950310243945,-20.08188720154969,3.8709368913057745,1.687538997430238e-14,-17.331373013268305,-19.511144646800982,-10.84346622686978,188.47186989587067,7765.699740656836,0.0,28.260999377451682,31081.44002429025,0.0,0.49706675274226303,2.8060945019003913e-8,0.00012952024344831115,0,0
0.00423,324.9073682937505,-155.73419597277348,-169.17317232097687,16.263498750004167,-20.100591101281875,3.837092351277743,1.9984014443252818e-14,-17.39562397682544,-19.510271612190568,-10.81322860925441,188.47180586563584,7765.346886293962,0.0,28.35796511036955,31081.418905472183,0.0,0.4990050731345105,2.8060945019003913e-8,0.00013000210703172088,0,0
0.004240000000000001,324.8758088084854,-154.65769629170794,-170.21811251677738,16.315986689802923,-20.119093279642815,3.8031065898399294,2.1316282072803006e-14,-17.45987027202586,-19.509123144685574,-10.782834388628217,188.47174200863557,7764.884365043076,0.0,28.454866151841152,31081.397843798477,0.0,0.500947345574547,2.8060945019003913e-8,0.00013048395126008527,0,0
0.00425,324.83963211886277,-153.5789985824425,-171.2606335364202,16.368413365674428,-20.137393722459336,3.768980356784944,1.9095836023552692e-14,-17.52411097358209,-19.507699237950757,-10.752285186456618,188.4716783257601,7764.312174341514,0.0,28.551701116386045,31081.376839562694,0.0,0.5028935652605718,2.8060945019003913e-8,0.00013096575060757287,0,0
0.004260000000000001,324.7988387390335,-152.49811817565922,-172.30072056337414,16.42077801660361,-20.15549241964695,3.734714403043375,1.9095836023552692e-14,-17.58834515620942,-19.50599988945356,-10.721582627363446,188.47161481789038,7763.630313141442,0.0,28.648468621616573,31081.355893055334,0.0,0.5048437273322659,2.8060945019003913e-8,0.000131447504599147,0,0
0.00427,324.7534292487618,-151.4150704330614,-173.33835881570036,16.473079884539985,-20.173389365200002,3.7003094806600476,1.5987211554602254e-14,-17.652571894640317,-19.504025100466254,-10.690728339054267,188.4715514858981,7762.838781910697,0.0,28.74516728825858,31081.335004563844,0.0,0.5067978268710219,2.8060945019003913e-8,0.0001319292160812946,0,0
0.00428,324.70340429341707,-150.32987074715462,-174.3735335462624,16.52531821441128,-20.191084557181817,3.6657663427705725,1.9984014443252818e-14,-17.716790263639332,-19.50177487606765,-10.659723952239382,188.4714883306456,7761.937582633504,0.0,28.84179574017214,31081.314174372597,0.0,0.5087558589001785,2.8060945019003913e-8,0.00013241087292698017,0,0
0.00429,324.64876458396463,-149.2425345410285,-175.40623004293602,16.577492254137045,-20.208577997714656,3.6310857435776427,1.7763568394002505e-14,-17.780999338017644,-19.499249225145046,-10.628571100556798,188.47142535298593,7760.926718811227,0.0,28.938352604372067,31081.29340276288,0.0,0.5107178183852535,2.8060945019003913e-8,0.00013289245900911795,0,0
0.0043,324.5895108969557,-148.15307726813745,-176.43643362881812,16.629601254642115,-20.22586969296951,3.596268438327426,1.6431300764452317e-14,-17.845198192647732,-19.496448160396014,-10.59727142049482,188.4713625537628,7759.806195463105,0.0,29.034836511048216,31081.272690012913,0.0,0.5126837002341789,2.8060945019003913e-8,0.00013337398693610836,0,0
0.0043100000000000005,324.52564407451626,-147.06151441208075,-177.46412966243537,16.681644469869955,-20.242959653155882,3.5613151832859646,2.1760371282653068e-14,-17.909385902478196,-19.493371698330126,-10.565826551314508,188.4712999338105,7758.576019126933,0.0,29.131246093585823,31081.25203639782,0.0,0.5146534992975376,2.8060945019003913e-8,0.00013385543249672116,0,0
0.00432,324.4571650243354,-145.96786148638296,-178.4893035379523,16.73362115679597,-20.25984789251134,3.526226735715401,1.7319479184152442e-14,-17.973561542548286,-19.490019859270774,-10.534238134971865,188.47123749395405,7757.236197859793,0.0,29.22757998858552,31081.23144218963,0.0,0.5166272103688002,2.8060945019003913e-8,0.00013433680023616779,0,0
0.0043300000000000005,324.38407471965184,-144.87213403427268,-179.51194068537896,16.785530575440593,-20.276534429290997,3.491003853850435,1.7319479184152442e-14,-18.037724188002738,-19.48639266735672,-10.502507816039923,188.47117523500899,7755.786741238682,0.0,29.323836835883366,31081.21090765728,0.0,0.5186048281845649,2.8060945019003913e-8,0.00013481806877588265,0,0
0.00434,324.3063741992406,-143.77434762846258,-180.53202657077787,16.837371988882406,-20.29301928575684,3.4556472968744654,1.687538997430238e-14,-18.101872914106323,-19.482490150543914,-10.47063724163037,188.47111315778145,7754.227660361232,0.0,29.420015278570578,31081.1904330666,0.0,0.5205863474247956,2.8060945019003913e-8,0.00013529923820658485,0,0
0.004350000000000001,324.2240645673982,-142.67451787092736,-181.54954669647068,16.889144663271008,-20.30930248816699,3.420157824896016,1.887379141862766e-14,-18.166006796258706,-19.47831234060696,-10.438628061315292,188.4710512630682,7752.558967846299,0.0,29.51611396301328,31081.17001868032,0.0,0.5225717627130644,2.8060945019003913e-8,0.0001357803117880002,0,0
0.00436,324.13714699392654,-141.5726603926825,-182.56448660124389,16.940847867839874,-20.325384066764723,3.384536198924886,2.1094237467877974e-14,-18.230124910008993,-19.47385927314077,-10.40648192704846,188.47098955165657,7750.780677834635,0.0,29.612131538871974,31081.149664758057,0.0,0.5245610686167921,2.8060945019003913e-8,0.0001362612705828048,0,0
0.004370000000000001,324.04562271411686,-140.46879085356153,-183.57683186055525,16.992480874919064,-20.34126405576752,3.3487831808484962,2.2648549702353193e-14,-18.294226331070554,-19.469130987562043,-10.374200493086477,188.47092802432442,7748.892805989466,0.0,29.708066659120984,31081.129371556315,0.0,0.5265542596474929,2.8060945019003913e-8,0.0001367421170023475,0,0
0.00438,323.9494930287317,-139.36292494199418,-184.58656808673743,17.044042959947838,-20.356942493355835,3.3128995334080376,2.4646951146678475e-14,-18.358310135335618,-19.464127527110804,-10.341785415909698,188.47086668184014,7746.895369497124,0.0,29.803917980067617,31081.109139328466,0.0,0.5285513302610173,2.8060945019003913e-8,0.00013722283488874776,0,0
0.004390000000000001,323.8487593039867,-138.25507837478273,-185.59368092920388,17.095533401487106,-20.372419421661863,3.2768860201747856,1.7763568394002505e-14,-18.422375398890086,-19.45884893885178,-10.309238354143112,188.47080552496266,7744.788387067581,0.0,29.899684161371372,31081.08896832476,0.0,0.5305522748577988,2.8060945019003913e-8,0.00013770340759530764,0,0
0.0044,323.74342297153106,-137.14526689687935,-186.59815607465165,17.14695148123189,-20.387694886758098,3.240743405526249,2.4202861936828413e-14,-18.486421198028133,-19.453295273675888,-10.276560968476652,188.47074455444144,7742.571878935073,0.0,29.995363866062778,31081.06885879233,0.0,0.5325570877830986,2.8060945019003913e-8,0.00013818385810437928,0,0
0.004410000000000001,323.6334855284272,-136.0335062811615,-187.5999792472656,17.198296484023487,-20.402768938645806,3.204472454622362,2.3314683517128287e-14,-18.550446609266952,-19.447466586301527,-10.243754921585683,188.47068377101644,7740.245866858588,0.0,30.090955760562306,31081.04881097517,0.0,0.5345657633272555,2.8060945019003913e-8,0.0001386641579685377,0,0
0.00442,323.5189485371295,-134.91981232820862,-188.59913620892084,17.249567697861714,-20.417641631243377,3.168073933381706,2.55351295663786e-14,-18.614450709361446,-19.44136293527598,-10.210821878051085,188.47062317541813,7737.810374122443,0.0,30.186458514698945,31081.028825114146,0.0,0.536578295725932,2.8060945019003913e-8,0.00013914430380881915,0,0
0.004430000000000001,323.39981362546223,-133.8042008660767,-189.5956127593854,17.300764413916863,-20.432313022374522,3.1315486084577024,2.3314683517128287e-14,-18.67843257531897,-19.43498438297659,-10.177763504279149,188.4705627683674,7735.265425536758,0.0,30.28187080172879,31081.008901446974,0.0,0.5385946791603663,2.8060945019003913e-8,0.00013962429537779653,0,0
0.00444,323.2760824865962,-132.68668775007427,-190.58939473652177,17.351885926541676,-20.446783173756323,3.094897247214684,2.1760371282653068e-14,-18.7423912844139,-19.42833099561212,-10.144581468421315,188.47050255057567,7732.611047437998,0.0,30.37719129835334,31080.98904020823,0.0,0.5406149077576211,2.8060945019003913e-8,0.00014010411383234833,0,0
0.00445,323.14775687902466,-131.5672888625363,-191.5804680164883,17.402931533283123,-20.461052150987268,3.0581206177041835,2.2648549702353193e-14,-18.806325914202507,-19.42140284322385,-10.111277440293698,188.47044252274483,7729.847267689407,0.0,30.472418684737786,31080.96924162936,0.0,0.5426389755908371,2.8060945019003913e-8,0.00014058376892565894,0,0
0.00446,323.01483862653856,-130.44602011259855,-192.56881851393993,17.45390053489409,-20.475120023535013,3.0212194886409662,2.4646951146678475e-14,-18.870235542537525,-19.414199999686776,-10.077853091296376,188.47038268556716,7726.974115681507,0.0,30.567551644529058,31080.949505938617,0.0,0.5446668766794847,2.8060945019003913e-8,0.00014106322267117,0,0
0.00447,322.8773296182006,-129.3228974359721,-193.55443218222837,17.504792235344958,-20.488986864724115,2.9841946293791963,2.1538326677728037e-14,-18.934119247582824,-19.406722542710803,-10.04431009433258,188.47032303972546,7723.991622332542,0.0,30.662588864873722,31080.92983336116,0.0,0.5466986049896179,2.8060945019003913e-8,0.0001415425057543357,0,0
0.0044800000000000005,322.7352318083181,-128.19793679471613,-194.53729501360172,17.555605941834997,-20.502652751723602,2.947046809888654,2.864375403532904e-14,-18.997976107828233,-19.398970553841618,-10.010650123727615,188.47026358589292,7720.899820088877,0.0,30.75752903643582,31080.910224118965,0.0,0.5487341544341303,2.8060945019003913e-8,0.000142021601048814,0,0
0.00449,322.5885472164154,-127.07115417701159,-195.51739303940366,17.606340964803763,-20.516117765534414,2.9097768007306914,2.220446049250313e-14,-19.06180520210403,-19.39094411846195,-9.976874855147557,188.47020432473317,7717.698742925456,0.0,30.85237085341441,31080.89067843084,0.0,0.5507735188730095,2.8060945019003913e-8,0.00014250047645285313,0,0
0.0045000000000000005,322.4372779272053,-125.94256559693336,-196.4947123302718,17.656996617942255,-20.529381990976745,2.872385373034522,1.9317880628477724e-14,-19.12560560959582,-19.382643325792387,-9.942985965517813,188.47014525690025,7714.388426346162,0.0,30.947113013561147,31080.871196512446,0.0,0.5528166921135955,2.8060945019003913e-8,0.00014297914662747546,0,0
0.00451,322.28142609055925,-124.81218709422365,-197.4692389963354,17.707572218204007,-20.54244551667721,2.8348732984732337,1.7319479184152442e-14,-19.189376409859033,-19.37406826889241,-9.90898513294161,188.47008638303865,7710.9689073842255,0.0,31.041754218197497,31080.851778576296,0.0,0.5548636679108372,2.8060945019003913e-8,0.00014345761489034659,0,0
0.004520000000000001,322.12099392147684,-123.68003473406276,-198.44095918741394,17.758067085816034,-20.555308435055927,2.797241349239936,2.5979218776228663e-14,-19.25311668283375,-19.36521904466125,-9.874874036617967,188.47002770378322,7707.440224602547,0.0,31.13629317223201,31080.83242483171,0.0,0.5569144399675526,2.8060945019003913e-8,0.00014393584764292588,0,0
0.00453,321.9559837000542,-122.54612460684197,-199.40985909321216,17.8084805442897,-20.56797084231345,2.7594902980237865,2.1094237467877974e-14,-19.316825508859164,-19.356095753838797,-9.840654356759849,188.46996921975926,7703.802418094096,0.0,31.23072858417726,31080.813135484877,0.0,0.5589690019346875,2.8060945019003913e-8,0.00014441386542154988,0,0
0.004540000000000001,321.786397771452,-121.41047282793393,-200.375924943518,17.85881192043138,-20.580432838417593,2.721620917986254,2.2426505097428162e-14,-19.38050196868851,-19.346698501006323,-9.806327774511956,188.46991093158243,7700.055529482177,0.0,31.325059166166795,31080.793910738787,0.0,0.5610273474115772,2.8060945019003913e-8,0.00014489163728942378,0,0
0.00455,321.6122385458616,-120.27309553746444,-201.339143008397,17.909060544353085,-20.592694527090092,2.6836339827370423,2.1094237467877974e-14,-19.44414514350346,-19.337027394587373,-9.77189597186829,188.4698528398588,7696.199601920804,0.0,31.419283633971798,31080.774750793273,0.0,0.5630894699462078,2.8060945019003913e-8,0.0001453691682501701,0,0
0.004560000000000001,321.433508498471,-119.13400890008208,-202.29949959838885,17.95922574948289,-20.604756015793168,2.6455302663103186,2.3314683517128287e-14,-19.507754114928932,-19.327082546848377,-9.73736063158966,188.4697949451848,7692.234680094922,0.0,31.513400707017666,31080.755655845,0.0,0.5651553630354792,2.8060945019003913e-8,0.00014584645548580688,0,0
0.00457,321.2502101694299,-117.99322910472956,-203.25698106470026,18.009306872575284,-20.616617415715954,2.6073105431407146,2.6645352591003757e-14,-19.571327965047626,-19.316864073899445,-9.702723437120973,188.46973724814725,7688.160810220754,0.0,31.607409108400415,31080.736626087455,0.0,0.5672250201254683,2.8060945019003913e-8,0.00014632347390698686,0,0
0.004580000000000001,321.06234616381323,-116.85077236441276,-204.21157379940033,18.059303253721325,-20.62827884176081,2.568975588039523,2.0872192862952943e-14,-19.63486577641477,-19.306372095694865,-9.66798607250832,188.4696797493234,7683.9780400459895,0.0,31.701307564902958,31080.717661710958,0.0,0.5692984346116944,2.8060945019003913e-8,0.00014680024153093663,0,0
0.00459,320.8699191515844,-115.70665491597099,-205.16326423561333,18.109214236358795,-20.63974041252945,2.5305261761706923,2.1760371282653068e-14,-19.698366632072585,-19.295606736033875,-9.63315022231587,188.46962244928085,7679.6864188500895,0.0,31.795094807011193,31080.69876290266,0.0,0.5713755998393836,2.8060945019003913e-8,0.00014727673954822995,0,0
0.004600000000000001,320.6729318675571,-114.56089301984538,-206.11203884771152,18.159039167282035,-20.651002250309045,2.4919630830270467,2.2426505097428162e-14,-19.761829615565087,-19.284568122561012,-9.598217571542726,188.4695653485775,7675.28599744444,0.0,31.888769568929952,31080.679929846512,0.0,0.5734565091037364,2.8060945019003913e-8,0.00014775295587331205,0,0
0.00461,320.4713871113568,-113.41350295984901,-207.05788415150766,18.20877739665185,-20.662064481058074,2.4532870844062593,1.9761969838327786e-14,-19.825253810952514,-19.273256386766832,-9.563189805539416,188.4695084477617,7670.7768281726285,0.0,31.982330588598778,31080.66116272331,0.0,0.5755411556501936,2.8060945019003913e-8,0.00014822888524700095,0,0
0.00462,320.2652877473805,-112.26450104293413,-208.00078670444626,18.258428278005102,-20.672927234392176,2.4144989563871135,2.353672812205332e-14,-19.888638302826074,-19.261671663988153,-9.52806860992446,188.46945174737218,7666.158964910552,0.0,32.07577660770758,31080.642461710668,0.0,0.5776295326747058,2.8060945019003913e-8,0.0001487045255002678,0,0
0.0046300000000000004,320.05463670475643,-111.1139035989613,-208.94073310579495,18.307991168264333,-20.683590643569758,2.3755994753054637,2.398081733190338e-14,-19.951982176322435,-19.24981409340866,-9.492855670500454,188.46939524793797,7661.432463066652,0.0,32.16910637171215,31080.623826983032,0.0,0.5797216333240018,2.8060945019003913e-8,0.00014917987761813023,0,0
0.00464,319.83943697730217,-109.96172698046725,-209.8777099968348,18.3574654277471,-20.694054845477545,2.336589417730476,1.8207657603852567e-14,-20.01528451713834,-19.23768381805915,-9.457552673170454,188.4693389499785,7656.597379582029,0.0,32.26231862984935,31080.605258711643,0.0,0.5818174506958579,2.8060945019003913e-8,0.00014965490572108053,0,0
0.0046500000000000005,319.61969162348214,-108.8079875624318,-210.81170406105016,18.406850420175306,-20.704319980615992,2.2974695604407245,2.375877272697835e-14,-20.078544411545224,-19.22528098481789,-9.422161303853613,188.46928285400358,7651.653772930566,0.0,32.35541213515244,31080.586757064608,0.0,0.5839169778393698,2.8060945019003913e-8,0.00015012964977723087,0,0
0.00466,319.39540376636427,-107.65270174204609,-211.742702024318,18.45614551268431,-20.71438619308453,2.258240680400263,2.375877272697835e-14,-20.14176094640363,-19.212605744410943,-9.386683248401233,188.46922696051337,7646.601703119077,0.0,32.44838564446598,31080.56832220681,0.0,0.586020207755223,2.8060945019003913e-8,0.00015060405471391258,0,0
0.0046700000000000005,319.1665765935755,-106.49588593847875,-212.6706906550966,18.50535007583191,-20.72425363056675,2.2189035547348723,1.7763568394002505e-14,-20.20493320917793,-19.199658251412313,-9.351120192512312,188.4691712699984,7641.4412316873595,0.0,32.54123791846073,31080.549954299993,0.0,0.5881271333959666,2.8060945019003913e-8,0.00015107814129905472,0,0
0.00468,318.9332133572564,-105.33755659264315,-213.5956567646131,18.55446348360728,-20.7339224443154,2.1794589607081676,2.6867397195928788e-14,-20.268060287950778,-19.186438664244218,-9.31547382164905,188.46911578293958,7636.172421708309,0.0,32.633967721648276,31080.5316535027,0.0,0.5902377476662847,2.8060945019003913e-8,0.00015155190074307712,0,0
0.004690000000000001,318.69531737401513,-104.177730166963,-214.51758720705203,18.603485113439586,-20.743392789137292,2.139907675697744,2.1094237467877974e-14,-20.331141271437634,-19.17294714517715,-9.279745820952229,188.46906049980817,7630.795337787934,0.0,32.72657382239565,31080.51341997031,0.0,0.5923520434232722,2.8060945019003913e-8,0.0001520253127857557,0,0
0.0047,318.4528920248802,-103.01642314513927,-215.43646887974083,18.652414346206676,-20.752664823378034,2.100250477171395,2.1316282072803006e-14,-20.394175249001268,-19.159183860330046,-9.24393787515642,188.4690054210658,7625.310046065443,0.0,32.8190549929396,31080.495253855006,0.0,0.5944700134767079,2.8060945019003913e-8,0.00015249837490344254,0,0
0.004710000000000001,318.20594075525247,-101.85365203191522,-216.3522887233372,18.70125056624345,-20.76173870890671,2.0604881426632957,2.020605904817785e-14,-20.45716131066632,-19.145148979670257,-9.208051668505036,188.4689505471645,7619.716614213221,0.0,32.911410009400875,31080.47715530584,0.0,0.5965916505893318,2.8060945019003913e-8,0.000152971109482411,0,0
0.00472,317.9544670748561,-100.68943335284223,-217.26503372201378,18.749993161350197,-20.770614611100342,2.020621449750182,2.1094237467877974e-14,-20.520098547133724,-19.130842677013607,-9.172088884665293,188.46889587854665,7614.01511143686,0.0,33.003637651798236,31080.459124468653,0.0,0.5987169474771197,2.8060945019003913e-8,0.00015344346569715062,0,0
0.004730000000000001,317.69847455768866,-99.52378365404465,-218.17469090364386,18.798641522800764,-20.77929269882835,1.9806511760276155,1.7763568394002505e-14,-20.582986049795238,-19.116265130024335,-9.136051206643003,188.46884141564502,7608.205608475127,0.0,33.09573670406238,31080.44116148611,0.0,0.6008458968095618,2.8060945019003913e-8,0.00015391545401348405,0,0
0.00474,317.4379668419705,-98.35671950198505,-219.08124733998537,18.84719504535054,-20.78777314443669,1.9405780990861832,1.5765166949677223e-14,-20.645822910747842,-19.101416520214975,-9.099940316697278,188.46878715888278,7602.288177599934,0.0,33.187705954049605,31080.423266497728,0.0,0.6029784912099391,2.8060945019003913e-8,0.0001543870771707756,0,0
0.004750000000000001,317.1729476300929,-97.18825748322809,-219.9846901468647,18.895653127244337,-20.796056123732107,1.9004029964878146,2.6867397195928788e-14,-20.7086082228083,-19.08629703294619,-9.063757896254984,188.4687331086735,7596.262892616262,0.0,33.279544193555424,31080.40543963985,0.0,0.6051147232556034,2.8060945019003913e-8,0.00015485832280454082,0,0
0.00476,316.9034206885655,-96.01841420420564,-220.88500648435974,18.944015170224166,-20.804141815966037,1.860126645741909,2.0872192862952943e-14,-20.771341079527424,-19.070906857426724,-9.027505625825292,188.46867926542106,7590.129828862146,0.0,33.37125021832795,31080.387681045635,0.0,0.6072545854782554,2.8060945019003913e-8,0.00015532917082622388,0,0
0.004770000000000001,316.62938984796267,-94.84720629098,-221.78218355698252,18.992280579536725,-20.81203040381855,1.819749824281871,2.55351295663786e-14,-20.834020575204693,-19.055246186712907,-8.991185184913846,188.46862562951986,7583.889063208481,0.0,33.46282282808114,31080.3699908451,0.0,0.6093980703642256,2.8060945019003913e-8,0.0001557996478920437,0,0
0.00478,316.35085900286936,-93.6746503890083,-222.67620861386092,19.04044876394094,-20.81972207338205,1.7792733094411552,2.6423307986078726e-14,-20.896645804902473,-19.03931521770868,-8.954798251937035,188.46857220135462,7577.540674059028,0.0,33.55426082650785,31080.35236916507,0.0,0.6115451703547538,2.8060945019003913e-8,0.00015626970017787456,0,0
0.00479,316.0678321118253,-92.50076316290519,-223.56706894891994,19.088519135715153,-20.827217014144935,1.7386978784298268,2.5091040356528538e-14,-20.959215864460564,-19.023114151164968,-8.91834650413606,188.46851898130052,7571.08474135017,0.0,33.645563021292794,31080.33481612923,0.0,0.6136958778462718,2.8060945019003913e-8,0.00015673935699415942,0,0
0.0048000000000000004,315.78031319726904,-91.32556129620652,-224.45475190106234,19.13649111066432,-20.834515418975084,1.698024308310801,2.2093438190040615e-14,-21.02172985051048,-19.006643191679483,-8.881831617490796,188.46846596972313,7564.521346550829,0.0,33.73672822412523,31080.317331858096,0.0,0.6158501851906849,2.8060945019003913e-8,0.0001572086035229181,0,0
0.00481,315.48830634548085,-90.14906149113231,-225.3392448543484,19.184364108126992,-20.841617484103182,1.657253375976234,2.5091040356528538e-14,-21.084186860489798,-18.989902547696254,-8.845255266633743,188.46841316697842,7557.850572662288,0.0,33.82775525071159,31080.299916469023,0.0,0.6180080846956539,2.8060945019003913e-8,0.00015767742447539423,0,0
0.0048200000000000005,315.19181570652455,-88.9712804683488,-226.22053523817561,19.23213755098211,-20.84852340910606,1.6163858581239836,1.7430501486614958e-14,-21.1465859926566,-18.97289243150507,-8.808619124763709,188.4683605734129,7551.072504217968,0.0,33.91864292078788,31080.28257007623,0.0,0.6201695686248798,2.8060945019003913e-8,0.00015814582585883807,0,0
0.00483,314.8908454941883,-87.79223496673158,-227.09861052745651,19.279810865655747,-20.85523339688971,1.5754225312340058,2.453592884421596e-14,-21.208926346103674,-18.955613059241067,-8.77192486355949,188.4683081893634,7544.187227283255,0.0,34.00939005813193,31080.265292790755,0.0,0.622334629198386,2.8060945019003913e-8,0.0001586137841429608,0,0
0.0048400000000000006,314.58539998592494,-86.61194174312678,-227.97345824279805,19.32738348212758,-20.861747653672374,1.5343641715448406,2.7755575615628914e-14,-21.271207020772945,-18.938064650884023,-8.735174153093375,188.46825601515727,7537.194829455223,0.0,34.09999549057551,31080.248084720508,0.0,0.6245032585928049,2.8060945019003913e-8,0.00015908130800663944,0,0
0.00485,314.27548352279143,-85.43041757211387,-228.84506595067742,19.374854833937324,-20.86806638896733,1.4932115550300402,2.042810365310288e-14,-21.33342711746961,-18.920247430257877,-8.698368661744631,188.4682040511123,7530.095399862455,0.0,34.1904580500162,31080.230945970245,0.0,0.626675448941661,2.8060945019003913e-8,0.00015954838023486684,0,0
0.004860000000000001,313.96110050938654,-84.24767924576652,-229.71342126361995,19.422224358190906,-20.874189815565725,1.4519654573748628,2.5979218776228663e-14,-21.395585737876655,-18.90216162502984,-8.661510056112881,188.4681522975368,7522.889029164681,0.0,34.280776572429204,31080.21387664158,0.0,0.6288511923356589,2.8060945019003913e-8,0.00016001499763809712,0,0
0.00487,313.6422554137889,-83.06374357341453,-230.57851184037423,19.469491495566565,-20.880118149519106,1.4106266539525834,2.4202861936828413e-14,-21.457681984568787,-18.88380746670992,-8.62460000093133,188.46810075472948,7515.57580955258,0.0,34.3709498978789,31080.196876833004,0.0,0.6310304808229673,2.8060945019003913e-8,0.0001604811675193496,0,0
0.004880000000000001,313.318952767493,-81.8786273814042,-231.44032538608874,19.51665569032074,-20.885851610122007,1.369195919801312,2.4868995751603507e-14,-21.51971496102699,-18.8651851906499,-8.587640158979987,188.4680494229796,7508.1558347473865,0.0,34.460976870530274,31080.179946639844,0.0,0.6332133064095081,2.8060945019003913e-8,0.00016094685664444497,0,0
0.00489,312.99119716534517,-80.69234751286008,-232.298849652485,19.56371639029385,-20.891390419894257,1.327674029600443,1.9317880628477724e-14,-21.58168377165251,-18.8462950360427,-8.550632190998833,188.46799830256688,7500.629200000638,0.0,34.55085633866019,31080.16308615431,0.0,0.6353996610592422,2.8060945019003913e-8,0.00016141207138271885,0,0
0.004900000000000001,312.6589932654779,-79.50492082744478,-233.154072438033,19.610673046915853,-20.896734804563273,1.286061757647472,2.9531932455029164e-14,-21.643587521781203,-18.827137245921328,-8.513577755600757,188.46794739376162,7492.996002093742,0.0,34.64058715466844,31080.146295465485,0.0,0.6375895366944586,2.8060945019003913e-8,0.0001618768066780768,0,0
0.00491,312.322345789244,-78.31636420112004,-234.0059815881239,19.657525115211715,-20.901884993046167,1.2443598778344889,2.1871393585115584e-14,-21.705425317697575,-18.80771206715812,-8.476478509184673,188.46789669682462,7485.256339337693,0.0,34.7301681750887,31080.12957465934,0.0,0.6397829251960622,2.8060945019003913e-8,0.000162341071619998,0,0
0.004920000000000001,311.9812595211493,-77.12669452590625,-234.8545649952429,19.704272053806672,-20.906841217431783,1.202569163625153,2.5646151868841116e-14,-21.767196266649115,-18.78801975046359,-8.439336105848291,188.4678462120072,7477.4103115725975,0.0,34.81959826059928,31080.1129238187,0.0,0.6419798184038635,2.8060945019003913e-8,0.00016280482022532072,0,0
0.00493,311.63573930878465,-75.93592870964302,-235.69981059914153,19.75091332493135,-20.911603712962545,1.160690388031238,2.3425705819590803e-14,-21.82889947686025,-18.76806055038554,-8.402152197301078,188.46779593955125,7469.458020167331,0.0,34.90887627603367,31080.096343023288,0.0,0.6441802081168676,2.8060945019003913e-8,0.0001632680788729718,0,0
0.004940000000000001,311.28579006275703,-74.74408367574813,-236.54170638700873,19.797448394426688,-20.91617271801626,1.118724323589614,2.453592884421596e-14,-21.89053405754661,-18.747834725307833,-8.36492843277697,188.4677458796892,7461.399568019039,0.0,34.998001090391014,31080.07983234972,0.0,0.6463840860935649,2.8060945019003913e-8,0.00016373082615447898,0,0
0.00495,310.9314167566199,-73.55117636297784,-237.3802403936419,19.84387673174878,-20.920548474087735,1.0766717423390002,2.475797344914099e-14,-21.95209911892904,-18.727342537449392,-8.327666458947178,188.46769603264414,7453.235059552752,0.0,35.08697157684629,31080.063391871503,0.0,0.6485914440522207,2.8060945019003913e-8,0.00016419305846324117,0,0
0.00496,310.57262442680235,-72.35722372518559,-238.21540070161666,19.89019780997346,-20.92473122577033,1.034533415796913,2.6867397195928788e-14,-22.013593772247706,-18.706584252862903,-8.290367919832853,188.46764639862968,7444.964600720861,0.0,35.175786612760426,31080.04702165905,0.0,0.6508022736711669,2.8060945019003913e-8,0.00016465477899135772,0,0
0.0049700000000000005,310.2094181725375,-71.16224273108097,-239.04717544145637,19.93641110580078,-20.928721220737334,0.9923101149365969,2.5202062658991053e-14,-22.07501712977615,-18.685560141433612,-8.253034456717693,188.46759697785006,7436.588299002629,0.0,35.2644450796902,31080.030721779654,0.0,0.6530165665890937,2.8060945019003913e-8,0.000165115954142106,0,0
0.00498,309.8418031557902,-69.9662503639892,-239.87555279180089,19.98251609955931,-20.932518709723247,0.9500026101639882,2.9753977059954195e-14,-22.136368304835283,-18.664270476878084,-8.215667708060664,188.4675477705002,7428.106263403709,0.0,35.35294586339797,31080.014492297552,0.0,0.6552343144053399,2.8060945019003913e-8,0.00016557660812267783,0,0
0.0049900000000000005,309.4697846011837,-68.76926362160903,-240.70052097957452,20.028512275210254,-20.936123946505017,0.9076116712948092,2.5757174171303632e-14,-22.1976464118075,-18.64271553674273,-8.178269309408407,188.4674987767656,7419.518604455563,0.0,35.441287853861255,31079.998333273878,0.0,0.6574555086801872,2.8060945019003913e-8,0.00016603672466183883,0,0
0.005,192.9106890673512,-75.57129951577173,-249.52206828015306,20.051406064775524,-20.95567218645436,0.8491941359409072,-0.03179582579060164,-22.257225261566795,-18.615453938126382,-8.139066580195411,188.46751857332012,5239.885262910628,0.0,35.518606082251985,31080.00486253667,0.0,0.6596798946215923,2.8060945019003913e-8,0.00016603672466183883,1,0
0.0050100000000000006,192.66316275832446,-74.37237507219882,-250.34018301753107,20.051226249282955,-20.991151280750454,0.7747728650159864,-0.09535064775803154,-22.3150520599717,-18.58251164397254,-8.098117328777668,188.46753859888005,5230.337661793711,0.0,35.58488277480458,31080.011467330303,0.0,0.6619069753404208,2.8060945019003913e-8,0.00016603672466183883,1,0
0.00502,192.412784581586,-73.17250733026067,-251.1548535644869,20.05099355401255,-21.026409847282025,0.7003121578553753,-0.15883144663651166,-22.372735515533105,-18.549344161207806,-8.057217489674557,188.4675588582943,5220.735834578699,0.0,35.65098465343896,31080.01814925405,0.0,0.6641365064413394,2.8060945019003913e-8,0.00016603672466183883,1,0
0.005030000000000001,192.15955809556388,-71.97171334273354,-251.96606834274925,20.050708111958922,-21.061447787322884,0.6258130422978692,-0.22223749521896313,-22.430275064539508,-18.51595235676062,-8.016368420466861,188.4675793512766,5211.080041243908,0.0,35.71691126724438,31080.024908213527,0.0,0.6663684917631912,2.8060945019003913e-8,0.00016603672466183883,1,0
0.00504,191.90348689916695,-70.77001017555813,-252.77381582316016,20.050370058370362,-21.096265004428915,0.551276544416119,-0.28556806733440127,-22.4876701481549,-18.482337098695393,-7.975571466998417,188.46760007753306,5201.370541143763,0.0,35.78266217049291,31080.03174411182,0.0,0.6686029350969934,2.8060945019003913e-8,0.00016603672466183883,1,0
0.005050000000000001,191.64457463173378,-69.56741490759632,-253.57808452584013,20.04997953073199,-21.130861404423506,0.47670368850091194,-0.34882243785829664,-22.54492021241188,-18.44849925617761,-7.934827963348482,188.467621036762,5191.607593002081,0.0,35.84823692261138,31080.038656849472,0.0,0.6708398401856901,2.8060945019003913e-8,0.00016603672466183883,1,0
0.00506,191.38282497298076,-68.36394463038901,-254.37886302035054,20.04953666874894,-21.165236895382755,0.40209549704537295,-0.41199988272287824,-22.60202470820415,-18.41443969943938,-7.894139231805418,188.46764222865423,5181.791454905547,0.0,35.91363508815302,31080.045646324506,0.0,0.6730792107239029,2.8060945019003913e-8,0.00016603672466183883,1,0
0.005070000000000001,191.11824164294993,-67.15961644791247,-255.17613992585657,20.049041614329273,-21.199391387620903,0.327452990729693,-0.4750996789274121,-22.65898309127915,-18.38015929974462,-7.853506582841028,188.467663652893,5171.922384297159,0.0,35.97885623676913,31080.05271243251,0.0,0.6753210503576854,2.8060945019003913e-8,0.00016603672466183883,1,0
0.00508,190.8508284019561,-65.95444747633613,-255.96990391128853,20.04849451156695,-21.23332479367558,0.25277718840552943,-0.5381211045485083,-22.715794822229945,-18.34565892935484,-7.812931315085876,188.46768530915418,5162.000637969955,0.0,36.04389994318052,31080.059855066575,0.0,0.6775653626842748,2.8060945019003913e-8,0.00016603672466183883,1,0
0.005090000000000001,190.58058905053326,-64.7484548437786,-256.7601436955032,20.047895506724544,-21.26703702829334,0.17806910708113755,-0.6010634387503445,-22.772459366487485,-18.31093946149451,-7.772414715305835,188.46770719710614,5152.026472060639,0.0,36.108765787148975,31080.067074117364,0.0,0.6798121512518471,2.8060945019003913e-8,0.00016603672466183883,1,0
0.0051,190.3075274293809,-63.54165569006483,-257.5468480474441,20.047244748215974,-21.300528008415032,0.10332976190617948,-0.6639259617949455,-22.828976194312062,-18.276001770316984,-7.731958058379355,188.46772931641001,5142.000142043485,0.0,36.173453353448494,31080.074369473146,0.0,0.6820614195592706,2.8060945019003913e-8,0.00016603672466183883,1,0
0.005110000000000001,190.03164741930897,-62.33406716648187,-258.33000578630094,20.046542386589024,-21.333797653161305,0.028560166156946565,-0.7267079550524562,-22.88534478078489,-18.240846730870174,-7.691562607275664,188.46775166671966,5131.921902724226,0.0,36.23796223183648,31080.081741019778,0.0,0.684313171055862,2.8060945019003913e-8,0.00016603672466183883,1,0
0.00512,189.75295294118314,-61.125706435535875,-259.1096057816688,20.04578857450786,-21.36684588381812,-0.046238668778123326,-0.7894087010112211,-22.94156460579936,-18.205475219062457,-7.65122961303431,188.46777424768175,5121.792008234069,0.0,36.302292017024804,31080.089188640737,0.0,0.6865674091411412,2.8060945019003913e-8,0.00016603672466183883,1,0
0.00513,189.4714479558688,-59.91659067070732,-259.88563695370607,20.04498346673535,-21.399672623822337,-0.12106573341314686,-0.85202748328816,-22.99763515405196,-18.169888111628715,-7.610960314745029,188.46779705893584,5111.610712023845,0.0,36.36644230865085,31080.096712217197,0.0,0.688824137164589,2.8060945019003913e-8,0.00016603672466183883,1,0
0.0051400000000000005,189.1871364641749,-58.70673705620763,-260.65808827329215,20.044127220115378,-21.432277798747307,-0.1959200201789706,-0.9145635866388457,-23.053555915033094,-18.134086286096426,-7.570755939529235,188.46782010011444,5101.37826685822,0.0,36.430412711248366,31080.10431162796,0.0,0.6910833584254036,2.8060945019003913e-8,0.00016603672466183883,1,0
0.00515,188.9000225067971,-57.49616278673487,-261.42694876218354,20.04321999355498,-21.464661336288486,-0.27080052343728234,-0.977016296967659,-23.109326383017585,-18.098070620751837,-7.530617702521951,188.4678433708431,5091.094924810009,0.0,36.49420283421818,31080.111986749565,0.0,0.693345076172258,2.8060945019003913e-8,0.00016603672466183883,1,0
0.0051600000000000005,188.6101101642602,-56.28488506722876,-262.1922074931715,20.042261948006423,-21.496823166249246,-0.3457062394946213,-1.0393849013380365,-23.164946057055047,-18.06184199460626,-7.490546806855043,188.46786687074044,5080.7609372545885,0.0,36.5578122917991,31080.11973745625,0.0,0.6956092936030606,2.8060945019003913e-8,0.00016603672466183883,1,0
0.00517,188.31740355686034,-55.072921112627064,-262.95385359023487,20.0412532464492,-21.528763220526468,-0.420636166616168,-1.1016686879824995,-23.220414440959836,-18.02540128736257,-7.450544443641121,188.46789059941824,5070.376554864439,0.0,36.62124070303833,31080.127563619997,0.0,0.6978760138647121,2.8060945019003913e-8,0.00016603672466183883,1,0
0.005180000000000001,188.02190684460635,-53.86028814762012,-263.7118762286973,20.040194053871858,-21.560481433096474,-0.4955893050393385,-1.163866946312885,-23.275731043301032,-17.988749379381566,-7.4106117919586225,188.46791455648153,5059.942027603718,0.0,36.68448769176214,31080.13546511057,0.0,0.7001452400528682,2.8060945019003913e-8,0.00016603672466183883,1,0
0.00519,187.7236242271606,-52.64700340640676,-264.4662646353786,20.03908453725385,-21.591977740000726,-0.5705646569872531,-1.2259789669303256,-23.330895377391922,-17.951887151648787,-7.37075001883764,188.46793874152863,5049.457604723008,0.0,36.74755288654623,31080.143441795513,0.0,0.7024169752116983,2.8060945019003913e-8,0.00016603672466183883,1,0
0.005200000000000001,187.42255994377925,-51.4330841324484,-265.21700808875033,20.037924865547176,-21.623252079331905,-0.6455612266819077,-1.2880040416354381,-23.385906961279574,-17.914815485741027,-7.330960279246874,188.4679631541512,5038.923534754057,0.0,36.81043592068622,31080.15149354018,0.0,0.7046912223336497,2.8060945019003913e-8,0.00016603672466183883,1,0
0.00521,187.11871827325228,-50.21854757822536,-265.96409591908576,20.036715209658052,-21.654304391219682,-0.7205780203574346,-1.3499414634383267,-23.440765317733824,-17.877535263793426,-7.291243716081453,188.46798779393436,5028.3400655047635,0.0,36.87313643216784,31080.159620207764,0.0,0.706967984359208,2.8060945019003913e-8,0.00016603672466183883,1,0
0.005220000000000001,186.8121035338423,-49.00341100499012,-266.7075175086133,20.03545574242835,-21.685134617816836,-0.7956140462729131,-1.4117905265686945,-23.495469974236354,-17.840047368466223,-7.25160146015147,188.4680126604567,5017.70744405409,0.0,36.9356540636372,31080.167821659314,0.0,0.7092472641766628,2.8060945019003913e-8,0.00016603672466183883,1,0
0.00523,186.5027200832235,-47.78769168252331,-267.44726229166656,20.03414663861711,-21.71574270328523,-0.870668314725151,-1.4735505264857995,-23.550020462969336,-17.802352682912,-7.212034630171928,188.46803775329045,5007.0259167471995,0.0,36.997988462370955,31080.176097753745,0.0,0.7115290646218699,2.8060945019003913e-8,0.00016603672466183883,1,0
0.005240000000000001,186.1905723184195,-46.571406888887346,-268.18331975483477,20.03278807488179,-21.74612859378201,-0.9457398380612858,-1.5352207598885728,-23.604416320803995,-17.76445209074276,-7.172544332753091,188.4680630720014,4996.295729190614,0.0,37.06013928024637,31080.18444834791,0.0,0.7138133884780187,2.8060945019003913e-8,0.00016603672466183883,1,0
0.00525,185.87566467574104,-45.35457391018163,-268.91567943711215,20.03138022975965,-21.776292237445713,-1.0208276306911515,-1.5968005247255022,-23.65865708928889,-17.726346475997346,-7.133131662392188,188.46808861614912,4985.517126247508,0.0,37.12210617371138,31080.192873296553,0.0,0.7161002384753963,2.8060945019003913e-8,0.00016603672466183883,1,0
0.005260000000000001,185.55800163072269,-44.13721004029595,-269.64433093004646,20.029923283648817,-21.806233584382532,-1.0959307090995356,-1.65828912020471,-23.71274231463799,-17.688036723108773,-7.093797701465647,188.46811438528692,4974.690352033041,0.0,37.18388880375451,31080.201372452397,0.0,0.7183896172911569,2.8060945019003913e-8,0.00016603672466183883,1,0
0.00527,185.2375876980595,-42.919332580665774,-270.36926387788714,20.02841741878947,-21.835952586652603,-1.1710480918582693,-1.7196858468038645,-23.7666715477185,-17.64952371687194,-7.054543520222673,188.46814037896198,4963.815649909874,0.0,37.24548683587479,31080.2099456661,0.0,0.7206815275490879,2.8060945019003913e-8,0.00016603672466183883,1,0
0.005280000000000001,184.91442743154272,-41.70095884002542,-271.0904679777324,20.026862819244776,-21.86544919825637,-1.2461787996380718,-1.7809900062801691,-23.82044434403854,-17.610808342411165,-7.015370176779356,188.46816659671538,4952.893262483669,0.0,37.30689994005161,31080.218592786354,0.0,0.7229759718193803,2.8060945019003913e-8,0.00016603672466183883,1,0
0.00529,184.58852542399504,-40.48210613416284,-271.8079329796755,20.025259670881947,-21.894723375120986,-1.3213218552202814,-1.8422009016802097,-23.874060263734556,-17.571891485148146,-6.976278717113836,188.4681930380822,4941.923431598773,0.0,37.36812779071449,31080.227313659838,0.0,0.7252729526183976,2.8060945019003913e-8,0.00016603672466183883,1,0
0.0053,184.25988630720536,-39.26279178567272,-272.52164868695075,20.023608161352982,-21.923775075086848,-1.396476283508406,-1.9033178373499744,-23.927518871558586,-17.532774030769787,-6.9372701750625225,188.4682197025916,4930.906398333923,0.0,37.42917006671284,31080.236108131292,0.0,0.7275724724084479,2.8060945019003913e-8,0.00016603672466183883,1,0
0.0053100000000000005,183.92851475186296,-38.043033123710885,-273.23160495607823,20.021908480075563,-21.952604257894098,-1.4716411115394674,-1.9643401189446368,-23.98081973686521,-17.49345686519635,-6.898345572316927,188.4682465897668,4919.842402998086,0.0,37.49002645128563,31080.2449760435,0.0,0.7298745335975556,2.8060945019003913e-8,0.00016603672466183883,1,0
0.00532,183.59441546749116,-36.82284748374803,-273.9377916970074,20.02016081821371,-21.98121088516927,-1.5468153684952295,-2.0252670534384967,-24.033962433598372,-17.453940874549655,-6.859505918421689,188.4682736991253,4908.731685126381,0.0,37.55069663203103,31080.25391723735,0.0,0.7321791385392339,2.8060945019003913e-8,0.00016603672466183883,1,0
0.0053300000000000005,183.25759320238035,-35.602252207322906,-274.6401988732622,20.018365368658458,-22.009594920412,-1.621998085713253,-2.0860979491348504,-24.086946540277992,-17.414226945121417,-6.820752210773122,188.4683010301788,4897.57448347609,0.0,37.61118030087598,31080.26293155183,0.0,0.73448628953226,2.8060945019003913e-8,0.00016603672466183883,1,0
0.00534,182.9180527435204,-34.38126464179618,-275.33881650208116,20.01652232600845,-22.037756328981743,-1.6971882966975986,-2.1468321156756973,-24.13977163998636,-17.374315963341704,-6.782085434619148,188.46832858243334,4886.371036022707,0.0,37.67147715404581,31080.272018824056,0.0,0.7367959888204494,2.8060945019003913e-8,0.00016603672466183883,1,0
0.005350000000000001,182.57579891653282,-33.15990214010368,-276.0336346545621,20.01463188655042,-22.065695078084694,-1.7723850371296983,-2.207468864051742,-24.192437320354344,-17.334208815747584,-6.743506563059682,188.46835635538943,4875.121579956183,0.0,37.73158689203373,31080.2811788893,0.0,0.7391082385924331,2.8060945019003913e-8,0.00016603672466183883,1,0
0.00536,182.2308365856022,-31.938182060510485,-276.7246434558004,20.012694248239658,-22.093411136760558,-1.8475873448787699,-2.2680075066120455,-24.244943173547245,-17.293906388951928,-6.705016557048054,188.468384348542,4863.826351677178,0.0,37.79150921957023,31080.29041158103,0.0,0.7414230409814343,2.8060945019003913e-8,0.00016603672466183883,1,0
0.005370000000000001,181.88317065340664,-30.71612176636263,-277.4118330850321,20.010709610680397,-22.12090447586969,-1.9227942600121057,-2.3284473570738595,-24.2972887962508,-17.253409569612177,-6.666616365393331,188.46841256138052,4852.485586793372,0.0,37.851243845592634,31080.299716730893,0.0,0.7437403980650479,2.8060945019003913e-8,0.00016603672466183883,1,0
0.00538,181.53280606104872,-29.49373862584236,-278.09519377577095,20.008678175106137,-22.148175068080043,-1.9980048248053208,-2.388787730532375,-24.349473789656564,-17.212719244399537,-6.628306924763571,188.4684409933891,4841.099520115992,0.0,37.91079048321445,31080.309094168762,0.0,0.7460603118650191,2.8060945019003913e-8,0.00016603672466183883,1,0
0.005390000000000001,181.17974778798484,-28.27105001171972,-278.77471581594915,20.006600144359865,-22.17522288785436,-2.0732180837523,-2.4490279434704822,-24.40149775944744,-17.171836299968028,-6.590089159689697,188.4684696440465,4829.668385656279,0.0,37.97014884969478,31080.318543722766,0.0,0.7483827843470258,2.8060945019003913e-8,0.00016603672466183883,1,0
0.0054,180.8240008519545,-27.04807330110633,-279.4503895480543,20.004475722874346,-22.20204791143734,-2.1484330835750622,-2.5091673137684394,-24.453360315782763,-17.130761622923977,-6.551963982570527,188.46849851282627,4818.192416622145,0.0,38.02931866640764,31080.328065219303,0.0,0.7507078174204592,2.8060945019003913e-8,0.00016603672466183883,1,0
0.005410000000000001,180.46557030890907,-25.82482587520818,-280.12220536926714,20.002305116652153,-22.228650116843014,-2.2236488732332518,-2.5692051607135977,-24.505061073283436,-17.089496099795237,-6.51393229367855,188.46852759919676,4806.671845414821,0.0,38.08829965881134,31080.337658483044,0.0,0.753035412938209,2.8060945019003913e-8,0.00016603672466183883,1,0
0.00542,180.1044612529401,-24.60132511907928,-280.79015373159774,20.00008853324585,-22.255029483842016,-2.298864503933901,-2.629140805010121,-24.55659965101653,-17.04804061700119,-6.475994981166409,188.4685569026212,4795.106903625755,0.0,38.14709155641773,31080.347323337,0.0,0.7553655726964459,2.8060945019003913e-8,0.00016603672466183883,1,0
0.005430000000000001,179.74067881620647,-23.377588421373034,-281.4542251420213,19.997826181737985,-22.28118599394915,-2.3740790291404164,-2.6889735687885565,-24.607975672480165,-17.006396060822127,-6.438152921074412,188.46858642255782,4783.497822033334,0.0,38.20569409276156,31080.357059602502,0.0,0.7576982984344095,2.8060945019003913e-8,0.00016603672466183883,1,0
0.00544,179.37422816886186,-22.153633174097088,-282.11441016261347,19.995518272721064,-22.30711963041081,-2.449291504582007,-2.748702775615564,-24.659188765587608,-16.96456331736953,-6.400406977338854,188.4686161584598,4771.844830599989,0.0,38.264107005369695,31080.36686709925,0.0,0.7600335918341937,2.8060945019003913e-8,0.00016603672466183883,1,0
0.005450000000000001,179.00511451898117,-20.9294767723646,-282.77069941068316,19.9931650182775,-22.33283037819274,-2.52450098826238,-2.8083277505034667,-24.71023856265187,-16.922543272555863,-6.362758001801204,188.4686461097755,4760.14815846911,0.0,38.32233003573043,31080.37674564532,0.0,0.7623714545205369,2.8060945019003913e-8,0.00016603672466183883,1,0
0.0054600000000000004,178.63334311248633,-19.70513661414771,-283.4230835589081,19.990766631959524,-22.358318223967608,-2.5997065404687323,-2.8678478199198487,-24.761124700369457,-16.880336812065053,-6.325206834217859,188.4686762759484,4748.408033962248,0.0,38.38036292926266,31080.386695057212,0.0,0.7647118880606099,2.8060945019003913e-8,0.00016603672466183883,1,0
0.00547,178.25891923307196,-18.480630100030147,-284.071553335465,19.98832332876895,-22.383583156102915,-2.6749072237803233,-2.927262311797207,-24.811846819804384,-16.837944821322758,-6.287754302271175,188.46870665641725,4736.624684576288,0.0,38.43820543528515,31080.396715149825,0.0,0.7670548939638084,2.8060945019003913e-8,0.00016603672466183883,1,0
0.0054800000000000005,177.88184820213024,-17.255974632959937,-284.71609952416344,19.985835325137025,-22.40862516464882,-2.7501021030769053,-2.9865705555424347,-24.862404566371847,-16.795368185466927,-6.250401221580908,188.46873725061607,4724.798336980739,0.0,38.495857306985826,31080.40680573654,0.0,0.7694004736815453,2.8060945019003913e-8,0.00016603672466183883,1,0
0.00549,177.50213537867506,-16.031187618002043,-285.3567129645748,19.983302838904184,-22.4334442413261,-2.8252902455470092,-3.0457718820463313,-24.91279758982166,-16.752607789318596,-6.213148395716729,188.46876805797427,4712.92921701509,0.0,38.55331830139088,31080.41696662919,0.0,0.7717486286070433,2.8060945019003913e-8,0.00016603672466183883,1,0
0.0055000000000000005,177.11978615926617,-14.806286462090878,-285.9933845521646,19.9807260892997,-22.458040379514284,-2.900470720696136,-3.1048656236932386,-24.96302554422166,-16.70966451735271,-6.175996616211393,188.4687990779167,4701.017549686271,0.0,38.61058817933412,31080.427197638124,0.0,0.774099360075132,2.8060945019003913e-8,0.00016603672466183883,1,0
0.00551,176.7348059779324,-13.58128857378362,-286.6261052384199,19.978105296921417,-22.482413574239715,-2.975642600354645,-3.1638511143704005,-25.01308808794075,-16.666539253669207,-6.138946662574867,188.46883030986376,4689.063559166186,0.0,38.66766670542604,31080.437498572195,0.0,0.7764526693620427,2.8060945019003913e-8,0.0001661061437593092,1,0
0.005520000000000001,176.34720030609415,-12.356211363011234,-287.25486603097966,19.97544068371531,-22.506563822163884,-3.0508049586855073,-3.222727689477498,-25.062984883632,-16.623232881964135,-6.101999302308997,188.46886175323132,4677.067468789259,0.0,38.72455364802317,31080.447869238793,0.0,0.7788085576852081,2.8060945019003913e-8,0.00016658085249238175,1,0
0.00553,175.95697465248608,-11.131072240833022,-287.8796579937608,19.97273247295516,-22.53049112157168,-3.1259568721920257,-3.281494685936069,-25.112715598215278,-16.579746285501194,-6.065155290923272,188.46889340743104,4665.029501050204,0.0,38.78124877919723,31080.4583094439,0.0,0.7811670262030601,2.8060945019003913e-8,0.00016705464037124196,1,0
0.005540000000000001,175.56413456307848,-9.905888619187625,-288.50047224708686,19.969980889222025,-22.55419547235992,-3.2010974197252775,-3.3401514421990246,-25.162279902859982,-16.53608034708315,-6.02841537195124,188.46892527187018,4652.949877601739,0.0,38.8377518747044,31080.468818992063,0.0,0.7835280760148329,2.8060945019003913e-8,0.00016752746850229316,1,0
0.00555,175.16868562099853,-8.680677910646255,-289.1172999678129,19.967186158383853,-22.57767687602577,-3.2762256824912743,-3.3986972982598838,-25.211677472967466,-16.492235949023573,-5.9917802769675745,188.46895734595185,4640.828819252402,0.0,38.894062713954504,31080.479397686442,0.0,0.7858917081603629,2.8060945019003913e-8,0.0001679993317383055,1,0
0.005560000000000001,174.7706334464511,-7.455457528165089,-289.7301323894518,19.96434850757489,-22.600935335655485,-3.351340744058275,-3.45713159566236,-25.26090798815329,-16.448213973118783,-5.955250725606163,188.468989629075,4628.666545964527,0.0,38.95018107998036,31080.490045328832,0.0,0.7882579236198953,2.8060945019003913e-8,0.0001684702331419402,1,0
0.00557,174.36998369663857,-6.230244884837797,-290.33896080229835,19.96146816517522,-22.623970855913008,-3.426441690363623,-3.5154536775095586,-25.309971132229283,-16.404015300619896,-5.918827425578762,188.4690221206345,4616.463276852189,0.0,39.006106759406876,31080.50076171969,0.0,0.7906267233138875,2.8060945019003913e-8,0.00016894015863468115,1,0
0.005580000000000001,173.96674206568076,-5.005057393647909,-290.9437765535531,19.958545360790154,-22.646783443028912,-3.5015276097205064,-3.573662888473393,-25.358866593185663,-16.359640812204937,-5.8825110726944985,188.4690548200212,4604.219230179265,0.0,39.06183954242055,31080.511546658134,0.0,0.7929981081028177,2.8060945019003913e-8,0.00016940909511564683,1,0
0.00559,173.56091428453396,-3.7799124672220668,-291.54457104744546,19.955580325229654,-22.669373104789173,-3.5765975928247915,-3.6317585748039125,-25.407594063172546,-16.31509138795149,-5.846302350880109,188.46908772662204,4591.934623357647,0.0,39.11737922273852,31080.52239994201,0.0,0.7953720787869921,2.8060945019003913e-8,0.0001698770560400048,1,0
0.005600000000000001,173.15250612090904,-2.5548275175809634,-292.14133574535583,19.95257329048774,-22.691739850524357,-3.6516507327612153,-3.689740084338543,-25.45615323848184,-16.27036790730902,-5.810201932201018,188.46912083982002,4579.609672945341,0.0,39.17272559757809,31080.533321367846,0.0,0.7977486361063567,2.8060945019003913e-8,0.00017034400131125949,1,0
0.00561,172.74152337919014,-1.329819955893897,-292.7340621659371,19.949524489721853,-22.71388369109857,-3.7266861250099392,-3.747606766511398,-25.504543819528465,-16.225471249071852,-5.774210476882885,188.46915415899443,4567.244594644885,0.0,39.227878467625914,31080.544310730955,0.0,0.8001277807403074,2.8060945019003913e-8,0.00017080995380765185,1,0
0.005620000000000001,172.32797190035174,-0.10490719222973599,-293.3227418852343,19.94643415723217,-22.735804638898795,-3.8017028674526,-3.805357972362554,-25.55276551083178,-16.18040229135203,-5.738328633334284,188.46918768352074,4554.839603301626,0.0,39.28283763700745,31080.555367825396,0.0,0.8025095133075053,2.8060945019003913e-8,0.00017127489016897923,1,0
0.0056300000000000005,171.91185756187565,1.119893364689796,-293.90736653680614,19.943302528440974,-22.75750270782417,-3.8767000603782638,-3.862993054547211,-25.600818020996677,-16.13516191155245,-5.702557038169793,188.46922141277076,4542.39491290219,0.0,39.3376029132563,31080.566492444006,0.0,0.8048938343656897,2.8060945019003913e-8,0.00017173878820003763,1,0
0.00564,171.49318627766783,2.344564307737686,-294.48792781184187,19.940129839871936,-22.778977913275394,-3.9516768064893144,-3.920511367344944,-25.648701062694563,-16.08975098634017,-5.6668963162339026,188.46925534611273,4529.910736572986,0.0,39.39217410728361,31080.577684378462,0.0,0.8072807444114969,2.8060945019003913e-8,0.0001722016777331581,1,0
0.0056500000000000005,171.07196399797385,3.569088231629012,-295.06441745928106,19.936916329129424,-22.800230272144304,-4.026632210907049,-3.977912266668854,-25.696414352644233,-16.044170391619886,-5.631347080625723,188.46928948291134,4517.387286578771,0.0,39.44655103334754,31080.58894341925,0.0,0.8096702438802774,2.8060945019003913e-8,0.000172663513372584,1,0
0.00566,170.64819670929475,4.793447733168328,-295.63682728592926,19.93366223487779,-22.82125980280344,-4.101565381177371,-4.035195110074788,-25.743957611592382,-15.998421002507744,-5.595909932724275,188.4693238225278,4504.824774321352,0.0,39.50073350902274,31080.600269355735,0.0,0.8120623331459159,2.8060945019003913e-8,0.00017312432366672903,1,0
0.0056700000000000006,170.2218904343016,6.017625411497139,-296.2051491565764,19.930367796820626,-22.842066525095856,-4.176475427275868,-4.092359256770375,-25.791330564294373,-15.952503693304976,-5.56058546221454,188.4693583643199,4492.223410338233,0.0,39.55472135516981,31080.611661976138,0.0,0.8144570125206543,2.8060945019003913e-8,0.00017358406918521752,1,0
0.00568,169.7930512317504,7.241603868340476,-296.76937499411014,19.927033255680065,-22.86265046032489,-4.251361461613312,-4.149404067624232,-25.838532939494367,-15.906419337472272,-5.525374247114236,188.46939310764216,4479.583404301504,0.0,39.6085143959049,31080.623121067587,0.0,0.8168542822549136,2.8060945019003913e-8,0.00017404275903343258,1,0
0.005690000000000001,169.36168519639523,8.46536570825576,-297.32949677963296,19.92365885317597,-22.8830116312442,-4.32622259904042,-4.20632890517499,-25.885564469905763,-15.86016880760366,-5.490276853801227,188.46942805184577,4466.9049650165725,0.0,39.66211245856925,31080.634646416132,0.0,0.8192541425371213,2.8060945019003913e-8,0.00017450037437787003,1,0
0.0057,168.92779845890246,9.688893538878013,-297.885506552574,19.92024483200527,-22.90315006204773,-4.401057956852949,-4.263133133640352,-25.932424892191086,-15.813752975401307,-5.4552938370416655,188.4694631962787,4454.188300421229,0.0,39.71551537369882,31080.64623780677,0.0,0.8216565934935363,2.8060945019003913e-8,0.00017495692311911282,1,0
0.005710000000000001,168.49139718576293,10.912169971168616,-298.4373964108038,19.916791435821104,-22.92306577835995,-4.47586665479637,-4.319816118926221,-25.979113946942068,-15.767172711649897,-5.420425740018693,188.46949854028583,4441.433617584556,0.0,39.76872297499397,31080.65789502345,0.0,0.8240616351880798,2.8060945019003913e-8,0.00017541237432985857,1,0
0.00572,168.05248757920478,12.135177619661746,-298.9851585107459,19.913298909212173,-22.942758807226085,-4.550647815070411,-4.376377228635592,-26.025631378659348,-15.720428886191598,-5.385673094362012,188.46953408320897,4428.64112270603,0.0,39.82173509928911,31080.669617849133,0.0,0.8264692676221648,2.8060945019003913e-8,0.00017586675294423149,1,0
0.005730000000000001,167.61107587710498,13.35789910271172,-299.52878506748846,19.909767497681884,-22.962229177102557,-4.625400562333514,-4.432815832077646,-26.07197693573223,-15.673522367901008,-5.35103642017792,188.4695698243869,4415.811021114632,0.0,39.87455158652254,31080.681406065763,0.0,0.828879490734529,2.8060945019003913e-8,0.00017632002326321838,1,0
0.00574,167.167168352901,14.580317042739331,-300.0682683548946,19.90619744762766,-22.981476917847402,-4.700124023707158,-4.489131300276652,-26.118150370418064,-15.626454024660461,-5.316516226080118,188.46960576315547,4402.943517268097,0.0,39.927172279706156,31080.693259454343,0.0,0.8312923044010693,2.8060945019003913e-8,0.00017677220183187625,1,0
0.005750000000000001,166.72077131550117,15.802414066480402,-300.60360070571284,19.902589006320152,-23.000502060710943,-4.7748173287799,-4.545323005980945,-26.164151438821754,-15.579224723335319,-5.282113009221092,188.46964189884767,4390.038814752091,0.0,39.97959702489536,31080.70517779489,0.0,0.833707708434678,2.8060945019003913e-8,0.00017722325185816346,1,0
0.00576,166.27189110919565,17.024172805230677,-301.1347745116855,19.898942421882495,-23.019304638326467,-4.849479609611433,-4.601390323671826,-26.209979900874917,-15.531835329749741,-5.247827255324175,188.46967823079365,4377.097116279638,0.0,40.03182567115889,31080.71716086653,0.0,0.8361257025850808,2.8060945019003913e-8,0.0001776731888123717,1,0
0.005770000000000001,165.8205341135657,18.24557589509425,-301.66178222365676,19.89525794326957,-23.03788468470109,-4.924110000736376,-4.657332629572481,-26.255635520315042,-15.484286708662374,-5.2136594387162205,188.46971475832086,4364.118623690445,0.0,40.08385807054886,31080.729208447472,0.0,0.8385462865386777,2.8060945019003913e-8,0.00017812200758669794,1,0
0.00578,165.36670674339337,19.466605977229634,-302.1846163516809,19.891535820247277,-23.056242235206675,-4.998707639167977,-4.713149301656816,-26.301118064664475,-15.436579723742451,-5.179610022360961,188.469751480754,4351.103537950399,0.0,40.13569407807068,31080.741320315028,0.0,0.8409694599183833,2.8060945019003913e-8,0.00017856967531602874,1,0
0.005790000000000001,164.9104154485701,20.687245698096604,-302.70326946512733,19.887776303371787,-23.07437732657089,-5.073271664401596,-4.768839719658302,-26.34642730520925,-15.388715237545943,-5.1456794578928395,188.46978839741527,4338.052059151059,0.0,40.18733355165316,31080.75349624568,0.0,0.8433952222834731,2.8060945019003913e-8,0.00017901622224548996,1,0
0.0058000000000000005,164.45166671400514,21.907477709702835,-303.2177341927876,19.883979643968864,-23.09228999686839,-5.147801218418222,-4.82440326507885,-26.391563016977823,-15.340694111492116,-5.11186818565163,188.46982550762422,4324.964386509287,0.0,40.23877635211867,31080.765736015033,0.0,0.8458235731294268,2.8060945019003913e-8,0.00017946159994440547,1,0
0.00581,163.9904670595335,23.12728466985045,-303.72800322297877,19.8801460941131,-23.109980285512087,-5.22229544568758,-4.879839321197543,-26.436524978719667,-15.292517205839992,-5.0781766347174795,188.46986281069795,4311.840718366843,0.0,40.290022343153204,31080.77803939789,0.0,0.8482545118877783,2.8060945019003913e-8,0.00017990582674821953,1,0
0.0058200000000000005,163.5268230398231,24.34664924238264,-304.2340693036488,19.876275906607322,-23.12744823324457,-5.296753493171337,-4.935147273079439,-26.481312972883778,-15.244185379665337,-5.044605222946679,188.46990030595114,4298.68125219014,0.0,40.34107139127674,31080.79040616827,0.0,0.8506880379259649,2.8060945019003913e-8,0.00018034890414554694,1,0
0.00583,163.06074124428187,25.565554097429327,-304.73592524247823,19.872369334961842,-23.144693882129577,-5.371174510325964,-4.990326507584264,-26.525926785597,-15.195699490837612,-5.011154357008039,188.46993799269612,4285.486184569987,0.0,40.39192336581345,31080.802836099378,0.0,0.8531241505471783,2.8060945019003913e-8,0.00018079078040275642,1,0
0.005840000000000001,162.5922282969636,26.783981911655054,-305.2335639069836,19.868426633373836,-23.161717275543666,-5.445557649105683,-5.045376413375218,-26.570366206642277,-15.147060395997276,-4.977824432419581,188.46997587024293,4272.2557112214245,0.0,40.442578138862146,31080.81532896371,0.0,0.8555628489902201,2.8060945019003913e-8,0.0001812315142222659,1,0
0.00585,162.12129085647453,28.001915368503134,-305.72697822461765,19.864448056706735,-23.178518458167936,-5.519902063965066,-5.100296380927598,-26.61463102943674,-15.098268950533278,-4.944615833586241,188.47001393789938,4258.990026983647,0.0,40.493035585266654,31080.82788453299,0.0,0.8580041324293561,2.8060945019003913e-8,0.00018167104563535097,1,0
0.005860000000000001,161.64793561587797,29.219337158443402,-306.2161611828709,19.860433860469563,-23.19509747597991,-5.594206911861546,-5.15508580253748,-26.658721051009785,-15.049326008560616,-4.911528933837722,188.4700521949711,4245.689325819896,0.0,40.54329558258637,31080.840502578234,0.0,0.8604479999741764,2.8060945019003913e-8,0.00018210937417864614,1,0
0.00587,161.1721693025997,30.43622997921745,-306.7011058293707,19.85638430079644,-23.211454376245484,-5.6684713522579155,-5.209744072330356,-26.702636071980905,-15.000232422898403,-4.878564095467148,188.4700906407616,4232.3538008175365,0.0,40.59335801106683,31080.853182869785,0.0,0.862894450669453,2.8060945019003913e-8,0.00018254652624176415,1,0
0.005880000000000001,160.69399867833215,31.652576536084702,-307.18180527198024,19.852299634425904,-23.22758920751104,-5.7426945471245405,-5.264270586269791,-26.74637589653744,-14.950989045047816,-4.845721669770114,188.47012927457246,4218.983644188085,0.0,40.643222753610274,31080.8659251773,0.0,0.8653434834950046,2.8060945019003913e-8,0.00018298246039438054,1,0
0.00589,160.21343053893835,32.86835954206818,-307.6582526788963,19.84818011868049,-23.24350201959565,-5.816875660941447,-5.318664742165926,-26.789940332412314,-14.901596725170505,-4.813001997084463,188.47016809570314,4205.579047267342,0.0,40.692889695746494,31080.878729269774,0.0,0.8677950973655586,2.8060945019003913e-8,0.00018341718388979744,1,0
0.005900000000000001,159.7304717143552,34.08356171820037,-308.1304412787467,19.844026011446143,-23.25919286358343,-5.8910138607004345,-5.372925939684162,-26.833329190861562,-14.852056312067088,-4.780405406830376,188.4702071034513,4192.140200515594,0.0,40.74235872560352,31080.891594915593,0.0,0.8702492911306199,2.8060945019003913e-8,0.0001838506907329493,1,0
0.00591,159.24512906849677,35.29816579376823,-308.5983643606863,19.839837571151794,-23.274661791815902,-5.965108315906822,-5.42705358035355,-26.876542286641723,-14.802368653155924,-4.747932217551082,188.47024629711262,4178.667293517852,0.0,40.79162973387855,31080.90452188251,0.0,0.8727060635743372,2.8060945019003913e-8,0.00018428295812900064,1,0
0.005920000000000001,158.75740949915627,36.51215450655944,-309.062015274492,19.8356150567489,-23.289908857884715,-6.039158198581241,-5.4810470675754335,-26.91957943798732,-14.752534594452055,-4.715582736954261,188.47028567598113,4165.16051498413,0.0,40.84070261380887,31080.917509937695,0.0,0.875165413415376,2.8060945019003913e-8,0.00018471399732822302,1,0
0.00593,158.2673199379084,37.72551060310722,-309.5213874306586,19.83135872769102,-23.30493411662415,-6.113162683261184,-5.534905806631822,-26.962440466587953,-14.702554980546392,-4.683357261953567,188.47032523934908,4151.620052749817,0.0,40.889577261142925,31080.930558847765,0.0,0.8776273393067897,2.8060945019003913e-8,0.00018514380277936948,1,0
0.005940000000000001,157.77486735001062,38.938216838935666,-309.97647430049034,19.827068843913448,-23.319737624104068,-6.187120947002581,-5.588629204693971,-27.005125197565565,-14.65243065458517,-4.651256078710972,188.470364986507,4138.046093776093,0.0,40.93825357411133,31080.94366837877,0.0,0.8800918398358966,2.8060945019003913e-8,0.00018557235568003594,1,0
0.00595,157.28005873430425,40.15025597880484,-310.427269416196,19.822745665812917,-23.334319437622735,-6.261032169381023,-5.642216670830669,-27.047633459451394,-14.602162458249563,-4.619279462679572,188.47040491674392,4124.438824150389,0.0,40.986731453398185,31080.956838296235,0.0,0.8825589135241555,2.8060945019003913e-8,0.00018599965680195923,1,0
0.005960000000000001,156.78290112311493,41.36161079695586,-310.87376637097873,19.81838945422721,-23.348679615699915,-6.334895532493004,-5.695667616016747,-27.089965084162976,-14.551751231735425,-4.587427678646627,188.47044502934722,4110.798429086878,0.0,41.03501080211226,31080.970068365168,0.0,0.8850285588270473,2.8060945019003913e-8,0.00018642568638523732,1,0
0.0059700000000000005,156.28340158215295,42.57226407735498,-311.3159588191287,19.81400047041499,-23.362818218069997,-6.40871022095704,-5.748981453141394,-27.132119906980975,-14.501197813733548,-4.555700980777438,188.47048532360287,4097.125092927108,0.0,41.08309152575839,31080.983358350106,0.0,0.8875007741339551,2.8060945019003913e-8,0.00018685045878997358,1,0
0.00598,155.78156721041225,43.78219861393973,-311.75384047611226,19.809578976035503,-23.376735305675307,-6.482475421914641,-5.802157597016571,-27.174097766525946,-14.450503041409803,-4.524099612659427,188.4705257987954,4083.4189991405665,0.0,41.13097353220893,31080.9967080151,0.0,0.8899755577680497,2.8060945019003913e-8,0.00018727395329106583,1,0
0.0059900000000000005,155.27740514007004,44.99139721086214,-312.1874051186621,19.805125233128468,-23.390430940659478,-6.556190325031084,-5.855195464385247,-27.21589850473501,-14.399667750385714,-4.492623807346682,188.47056645420795,4069.680330325395,0.0,41.17865673167523,31081.010117123766,0.0,0.8924529079861758,2.8060945019003913e-8,0.00018769616505905085,1,0
0.006,154.77092253638548,46.19984268273331,-312.6166465848647,19.800639504093894,-23.40390518636093,-6.629854122496203,-5.908094473929747,-27.25752196683835,-14.348692774719268,-4.461273787405226,188.4706072891224,4055.909268209133,0.0,41.226141036679344,31081.02358543927,0.0,0.89493282297874,2.8060945019003913e-8,0.00018811708696509638,1,0
0.006010000000000001,154.26212659759736,47.40751785486832,-313.0415587742488,19.796122051672036,-23.417158107306633,-6.703466009024907,-5.960854046280012,-27.298968001335897,-14.297578946885753,-4.4300497649583335,188.47064830281937,4042.105993649456,0.0,41.27342636202568,31081.037112724403,0.0,0.8974153008696032,2.8060945019003913e-8,0.00018853672407489336,1,0
0.00602,153.75102455482224,48.61440556352978,-313.46213564787155,19.79157313892331,-23.4301897692057,-6.777025181857727,-6.01347360402182,-27.340236459973482,-14.246327097759094,-4.398951941732641,188.47068949457827,4028.270686635054,0.0,41.320512624772846,31081.050698741514,0.0,0.8999003397159728,2.8060945019003913e-8,0.00018895503551453335,1,0
0.006030000000000001,153.2376236719514,49.82048865617189,-313.8783712284047,19.786993029208325,-23.443000238943398,-6.85053084076109,-6.065952571705008,-27.381327197719386,-14.19493805659313,-4.367980509104363,188.47073086367743,4014.403526286482,0.0,41.367399744205514,31081.06434325264,0.0,0.9023879375082999,2.8060945019003913e-8,0.00018937206534709594,1,0
0.00604,152.7219312455479,51.02574999168425,-314.2902596002194,19.78238198616796,-23.45558958457502,-6.923982188027716,-6.118290375851672,-27.42224007274034,-14.143412651003516,-4.337135648146322,188.4707724093941,4000.5046908571558,0.0,41.41408764180642,31081.078046019426,0.0,0.9048780921701757,2.8060945019003913e-8,0.00018978776438890316,1,0
0.006050000000000001,152.20395460474248,52.23017244063555,-314.69779490946996,19.777740273703436,-23.467957875320128,-6.997378428476452,-6.1704864449642525,-27.46297494637796,-14.09175170694926,-4.306417529674924,188.47081413100452,3986.574357734235,0.0,41.460576241228495,31081.091806803197,0.0,0.9073708015582339,2.8060945019003913e-8,0.00019020214655179196,1,0
0.00606,151.68370111112992,53.43373888551639,-315.1009713641777,19.773068155956526,-23.480105181556684,-7.0707187694526175,-6.222540209533769,-27.503531683124567,-14.039956048715204,-4.275826314297952,188.47085602778398,3972.6127034397937,0.0,41.50686546826702,31081.10562536497,0.0,0.9098660634620521,2.8060945019003913e-8,0.00019061519796929882,1,0
0.006070000000000001,151.16117815866377,54.636432220984034,-315.49978323431276,19.76836589728972,-23.492031574815456,-7.144002420827608,-6.274451102047814,-27.543910150599395,-13.988026498894069,-4.245362152462427,188.47089809900692,3958.619903631759,0.0,41.552955250831864,31081.11950146547,0.0,0.9123638756040585,2.8060945019003913e-8,0.000191026924198881,1,0
0.00608,150.6363931735519,55.8382353541036,-315.8942248518757,19.763633762266554,-23.503737127774453,-7.217228594998886,-6.326218556998683,-27.584110219524348,-13.935963878369268,-4.215025184503176,188.47094034394686,3944.5961331051817,0.0,41.59884551891998,31081.133434865133,0.0,0.9148642356394382,2.8060945019003913e-8,0.00019143729936481335,1,0
0.006090000000000001,150.10935361415056,57.03913120459252,-316.2842906109779,19.758872015631916,-23.515221914253573,-7.290396506889536,-6.377842010891419,-27.62413176370001,-13.883769006297577,-4.184815540691481,188.47098276187666,3930.541565793325,0.0,41.644536204587794,31081.147425324158,0.0,0.9173671411560452,2.8060945019003913e-8,0.00019184632791144351,1,0
0.0061,149.5800669708585,58.239102705062564,-316.66997496792175,19.754080922292438,-23.526486009209233,-7.363505373947862,-6.42932090225178,-27.6639746599813,-13.831442700092262,-4.154733341284256,188.47102535206838,3916.456374768934,0.0,41.69002724192383,31081.1614726025,0.0,0.9198725896743133,2.8060945019003913e-8,0.00019225400465889414,1,0
0.006110000000000001,149.04854076601038,59.43813280126271,-317.05127244127857,19.74926074729694,-23.537529488729273,-7.4365544161467785,-6.480654671634246,-27.703638788253304,-13.778985775406266,-4.124778696573607,188.47106811379345,3902.3407322454746,0.0,41.7353185670214,31081.1755764599,0.0,0.9223805786471729,2.8060945019003913e-8,0.00019266032926226057,1,0
0.0061200000000000004,148.51478255377035,60.6362044523208,-317.4281776119674,19.744411755816984,-23.548352430027858,-7.509542855983278,-6.531842761629991,-27.743124031406822,-13.72639904611589,-4.094951706936648,188.4711110463227,3888.194809578533,0.0,41.780410117951405,31081.18973665589,0.0,0.9248911054599672,2.8060945019003913e-8,0.00019306527354158443,1,0
0.006130000000000001,147.97879992002376,61.833300630987296,-317.80068512333145,19.739534213127374,-23.558954911440576,-7.5824699184774955,-6.582884616874777,-27.782430275314066,-13.673683324304307,-4.065252462885688,188.47115414892642,3874.018777267059,0.0,41.82530183473521,31081.203952949836,0.0,0.9274041674303738,2.8060945019003913e-8,0.00019346885414841392,1,0
0.0061400000000000005,147.44060048227053,63.02940432387531,-318.16878968121443,19.734628384586898,-23.56933701241959,-7.655334831172057,-6.633779684056892,-27.82155740880409,-13.620839420245844,-4.035681045118892,188.47119742087438,3859.8128049549364,0.0,41.869993659317664,31081.218225100925,0.0,0.9299197618083258,2.8060945019003913e-8,0.00019387104532479077,1,0
0.00615,146.90019188951587,64.22449853170377,-318.53248605403576,19.729694535618954,-23.579498813528957,-7.728136824130962,-6.684527411924985,-27.860505323638275,-13.567868142390001,-4.006237524571041,188.47124086143594,3845.5770614323314,0.0,41.91448553554022,31081.232552868227,0.0,0.9324378857759384,2.8060945019003913e-8,0.0001942718624879866,1,0
0.0061600000000000005,146.35758182216193,65.41856626953908,-318.8917690728651,19.724732931692344,-23.58944039644008,-7.800875129938486,-6.735127251295904,-27.8992739144858,-13.514770297345919,-3.97692196246485,188.47128446988012,3831.311714637197,0.0,41.95877740911419,31081.246936010662,0.0,0.9349585364474363,2.8060945019003913e-8,0.0001946712785963825,1,0
0.00617,145.81277799189908,66.61159056703518,-319.24663363149523,19.71974383830215,-23.59916184392715,-7.873548983698117,-6.785578655062488,-27.937863078898886,-13.461546689867216,-3.947734410362358,188.47132824547555,3817.0169316569013,0.0,42.00286922759396,31081.261374287064,0.0,0.9374817108690828,2.8060945019003913e-8,0.00019506931144763068,1,0
0.006180000000000001,145.26578814159558,67.80355446867615,-319.5970746865154,19.714727520950596,-23.608663239862945,-7.946157623031274,-6.8358810782014485,-27.976272717288168,-13.408198122836854,-3.9186749102168648,188.47137218749063,3802.6928787297634,0.0,42.0467609403506,31081.275867456166,0.0,0.9400074060191148,2.8060945019003913e-8,0.00019546592902735388,1,0
0.00619,144.7166200451879,68.99444103401656,-319.9430872573825,19.709684245128074,-23.61794466921448,-8.01870028807583,-6.8860339777809605,-28.01450273289791,-13.354725397252295,-3.8897434944250264,188.47141629519354,3788.3397212466853,0.0,42.090452498545275,31081.290415276628,0.0,0.9425356188076761,2.8060945019003913e-8,0.00019586113688332268,1,0
0.006200000000000001,144.16528150757028,70.18423333792242,-320.284666426492,19.70461427629416,-23.627006218038964,-8.091176221484766,-6.936036812968512,-28.05255303178119,-13.30112931221095,-3.86094018587918,188.4714605678523,3773.957623752857,0.0,42.13394385510297,31081.305017507064,0.0,0.9450663460767573,2.8060945019003913e-8,0.0001962549270986963,1,0
0.00621,143.61178036448393,71.37291447081107,-320.6218073392478,19.699517879858792,-23.63584797347976,-8.163584668424605,-6.9858890450385385,-28.09042352277502,-13.247410664895941,-3.8322649980202286,188.4715050047348,3759.546749949512,0.0,42.17723496468628,31081.319673906055,0.0,0.9475995846001349,2.8060945019003913e-8,0.0001966472929100932,1,0
0.006220000000000001,143.056124482405,72.56046753889298,-320.95450520413135,19.694395321163405,-23.644470023762576,-8.235924876573623,-7.035590137380081,-28.128114117475512,-13.193570250561777,-3.8037179348904004,188.47154960510898,3745.1072626955784,0.0,42.22032578366931,31081.334384232174,0.0,0.9501353310833163,2.8060945019003913e-8,0.00019703824680242232,1,0
0.00623,142.49832175843372,73.74687566441001,-321.28275529276954,19.68924686546228,-23.65287245819161,-8.308196096120342,-7.085139555504448,-28.16562473021281,-13.13960886252081,-3.7752989911866024,188.47159436824265,3730.639324009647,0.0,42.26321627011161,31081.34914824397,0.0,0.9526735821634835,2.8060945019003913e-8,0.00019742774781419253,1,0
0.006240000000000001,141.9383801201814,74.93212198587669,-321.6065529400018,19.68407277790385,-23.66105536714601,-8.380397579761466,-7.134536767052787,-28.2029552780262,-13.085527292129356,-3.74700815231391,188.47163929340377,3716.143095071683,0.0,42.30590638373243,31081.363965700035,0.0,0.9552143344094443,2.8060945019003913e-8,0.00019781581421902256,1,0
0.00625,141.37630752565818,76.1161896583193,-321.9258935439472,19.678873323512157,-23.669018842076245,-8.452528582700062,-7.1837812418036435,-28.240105680639,-13.031326328774469,-3.718845394439299,188.47168437986036,3701.6187362249884,0.0,42.348396085884815,31081.378836358992,0.0,0.9577575843215809,2.8060945019003913e-8,0.00019820244719222918,1,0
0.006260000000000001,140.81211196315977,77.29906185351521,-322.2407725660686,19.67364876716834,-23.676762975500765,-8.524588362643538,-7.232872451680539,-28.277075860433563,-12.977006759860753,-3.690810684545589,188.47172962688063,3687.0664069781074,0.0,42.3906853395301,31081.393759979495,0.0,0.9603033283318061,2.8060945019003913e-8,0.0001985876016106919,1,0
0.00627,140.24580145115397,78.48072176023224,-322.55118553123833,19.6683993735923,-23.684287861002623,-8.59657617980163,-7.281809870759465,-28.313865742426053,-12.922569370797643,-3.662903980485723,188.471775033733,3672.486266006854,0.0,42.432774109212296,31081.408736320307,0.0,0.962851562803518,2.8060945019003913e-8,0.0001989713207204702,1,0
0.006280000000000001,139.67738403816662,79.6611525844677,-322.85712802780085,19.663125407324245,-23.691593593226376,-8.668491296884019,-7.330592975276357,-28.35047525424136,-12.868014944986513,-3.6351252310372075,188.47182059968614,3657.8784711562175,0.0,42.47466236103274,31081.423765140244,0.0,0.965402284031561,2.8060945019003913e-8,0.00019935356141763394,1,0
0.0062900000000000005,139.10686780266755,80.84033754968621,-323.1585957076362,19.657827132706593,-23.698680267874916,-8.74033297909822,-7.379221243634495,-28.38690432608794,-12.813344263808512,-3.60747437595672,188.47186632400906,3643.243179442532,0.0,42.516350062624795,31081.438846198245,0.0,0.9679554882421861,2.8060945019003913e-8,0.0001997343361908599,1,0
0.006300000000000001,138.53426085295504,82.01825989705985,-323.4555842862214,19.652504813865693,-23.70554798170659,-8.812100494147227,-7.427694156412052,-28.42315289073252,-12.758558106612316,-3.5799513460350667,188.4719122059711,3628.5805470554824,0.0,42.557837183128704,31081.453979253372,0.0,0.9705111715930175,2.8060945019003913e-8,0.0002001136366267739,1,0
0.0063100000000000005,137.95957132704152,83.19490288570434,-323.7480895426912,19.64715871469383,-23.71219683253227,-8.88379311222698,-7.4760111963693054,-28.459220883474924,-12.703657250702255,-3.552556063152238,188.4719582448421,3613.8907293602847,0.0,42.599123693166504,31081.469164064823,0.0,0.9730693301730178,2.8060945019003913e-8,0.00020049145893628884,1,0
0.00632,137.38280739253716,84.37024979291841,-324.0361073198986,19.6417890988312,-23.718626919212703,-8.955410106024015,-7.524171848456168,-28.495108242122754,-12.648642471326713,-3.5252884403326163,188.47200443989232,3599.1738808998502,0.0,42.64020956481721,31081.484400391942,0.0,0.9756299600024603,2.8060945019003913e-8,0.0002008677856721805,1,0
0.0063300000000000006,136.80397724653412,85.5442839144209,-324.3196335244733,19.636396229648007,-23.724838341655815,-9.026950750712679,-7.572175599819371,-28.530814906966132,-12.593514541666572,-3.498148381800547,188.4720507903925,3584.4301553969563,0.0,42.681094771591944,31081.499687994256,0.0,0.978193057032901,2.8060945019003913e-8,0.00020124262577687207,1,0
0.00634,136.22308911549004,86.71698856458819,-324.5986641268805,19.63098037022666,-23.730831200814183,-9.098414323952628,-7.620021939809816,-28.566340820752288,-12.538274232824257,-3.471135783035905,188.47209729561405,3569.6597057565436,0.0,42.721779288409245,31081.51502663148,0.0,0.9807586171471538,2.8060945019003913e-8,0.00020161596363104523,1,0
0.006350000000000001,135.64015125511108,87.88834707669143,-324.87319516147767,19.625541783344055,-23.73660559868269,-9.169800105886035,-7.667710359989853,-28.601685928660327,-12.482922313812708,-3.444250530829926,188.4721439548289,3554.8626840679817,0.0,42.76226309157067,31081.530416063528,0.0,0.9833266361592703,2.8060945019003913e-8,0.00020198779900276742,1,0
0.00636,135.05517195023455,89.05834280313334,-325.143222726571,19.62008073145392,-23.74216163829618,-9.24110737913475,-7.715240354140481,-28.63685017827576,-12.427459551544747,-3.417492503341208,188.47219076730977,3540.0392416073787,0.0,42.80254615873618,31081.545856050558,0.0,0.9858971098145192,2.8060945019003913e-8,0.0002023581361862703,1,0
0.006370000000000001,134.46815951471115,90.22695911568499,-325.40874298447125,19.614597476669275,-23.747499423727294,-9.312335428797388,-7.762611418268539,-28.671833519565187,-12.371886710822587,-3.3908615701518485,188.47223773232997,3525.1895288399346,0.0,42.84262846890004,31081.56134635292,0.0,0.9884700337893726,2.8060945019003913e-8,0.00020272694024818516,1,0
0.00638,133.8791222912872,91.39417940572146,-325.66975216154776,19.609092280744996,-23.75261906008434,-9.383483542446479,-7.8098230506138915,-28.706635904850845,-12.316204554327872,-3.3643575923236853,188.47228484916366,3510.3136954223946,0.0,42.88251000236649,31081.576886731247,0.0,0.9910454036914907,2.8060945019003913e-8,0.0002030942207570663,1,0
0.006390000000000001,133.2880686514851,92.55998708445931,-325.9262465482824,19.603565405060415,-23.757520653509417,-9.454551010125343,-7.856874751656605,-28.74125728878525,-12.260413842611506,-3.337980422454777,188.4723321170858,3495.4118902053888,0.0,42.922190740725846,31081.59247694646,0.0,0.9936232150597135,2.8060945019003913e-8,0.00020345999166750117,1,0
0.0064,132.69500699548567,93.72436558319046,-326.1782224993222,19.598017110602104,-23.76220431117641,-9.525537124345014,-7.903766024123939,-28.775697628325645,-12.2045153340842,-3.3117299047359268,188.47237953537223,3480.4842612359935,0.0,42.96167066683049,31081.60811675972,0.0,0.9962034633640512,2.8060945019003913e-8,0.00020382421316746113,1,0
0.006410000000000001,132.09994575200767,94.88729835351928,-326.425676433531,19.59244765794665,-23.766670141289378,-9.596441180081058,-7.950496372997522,-28.809956882708732,-12.148509785006864,-3.285605875007427,188.47242710329968,3465.530955760151,0.0,43.00094976477119,31081.623805932537,0.0,0.9987861440056813,2.8060945019003913e-8,0.0002041869152710138,1,0
0.00642,131.5028933781886,96.0487688675969,-326.6686048340409,19.586857307243612,-23.770918253080758,-9.667262474770457,-7.997065305520368,-28.84403501342504,-12.092397949481644,-3.2596081608158087,188.47247482014586,3450.552120225299,0.0,43.040028019853345,31081.639544226702,0.0,1.0013712523169456,2.8060945019003913e-8,0.0002045480632669877,1,0
0.006430000000000001,130.90385835946415,97.20876061835655,-326.90700424830135,19.581246318198527,-23.774948756809945,-9.738000308308091,-8.043472331203828,-28.877931984193637,-12.036180579442753,-3.2337365814707937,188.47252268518946,3435.54790028284,0.0,43.078905418573584,31081.65533140435,0.0,1.003958783561352,2.8060945019003913e-8,0.0002049076594836316,1,0
0.00644,130.30284920944814,98.3672571197474,-327.14087128812906,19.575614950056032,-23.778761763761704,-9.808653983043651,-8.089716961834636,-28.911647760936475,-11.979858424648103,-3.207990948102328,188.47257069771027,3420.518440790882,0.0,43.11758194859622,31081.67116722797,0.0,1.0065487329335772,2.8060945019003913e-8,0.00020526571059950594,1,0
0.006450000000000001,129.69987446981062,99.52424190697036,-327.37020262975585,19.569963461583036,-23.782357386244986,-9.879222803777939,-8.135798711481804,-28.94518231175314,-11.923432232670521,-3.1823710637176816,188.47261885698916,3405.4638858167195,0.0,43.15605759873013,31081.68705146042,0.0,1.0091410955594755,2.8060945019003913e-8,0.0002056222020786827,1,0
0.0064600000000000005,129.09494271015757,100.67969853671022,-327.59499501387563,19.564292111052104,-23.78573573759155,-9.949706077759647,-8.181717096503569,-28.97853560689518,-11.866902748889945,-3.156876723258698,188.47266716230814,3390.384378639686,0.0,43.19433235890563,31081.702983864914,0.0,1.011735866496086,2.8060945019003913e-8,0.00020597712005034075,1,0
0.006470000000000001,128.4880625279082,101.83361058737079,-327.815245245691,19.558601156224782,-23.7888969321549,-10.020103114681632,-8.227471635554238,-29.011707618740775,-11.810270716485194,-3.131507713659083,188.47271561295042,3375.2800617537378,0.0,43.23240622015137,31081.718964205073,0.0,1.014333040731647,2.8060945019003913e-8,0.00020633047303694751,1,0
0.0064800000000000005,127.8792425481733,102.9859616593076,-328.03095019495873,19.552890854335192,-23.7918410853092,-10.09041322667741,-8.273061849591032,-29.044698321769168,-11.75353687642653,-3.106263813901762,188.47276420820046,3360.1510768702665,0.0,43.27027917457155,31081.734992244936,0.0,1.01693261318561,2.8060945019003913e-8,0.00020668225562558984,1,0
0.00649,127.26849142363236,104.13673537506126,-328.242106796034,19.547161462073547,-23.79456831344841,-10.160635728317413,-8.318487261880925,-29.077507692535324,-11.696701967468009,-3.081144795076362,188.47281294734398,3344.9975649208322,0.0,43.30795121532318,31081.751067748948,0.0,1.019534578708659,2.8060945019003913e-8,0.00020703244837280005,1,0
0.006500000000000001,126.65581783441073,105.28591537958995,-328.44871204791406,19.541413235569944,-23.797078733985376,-10.230769936605425,-8.363747398007426,-29.110135709644368,-11.639766726140518,-3.0561504204366656,188.4728618296681,3329.8196660600365,0.0,43.3454223365935,31081.767190482013,0.0,1.022138932082731,2.8060945019003913e-8,0.00020738106875800577,1,0
0.00651,126.04123048795634,106.43348534050216,-328.65076301428104,19.535646430378133,-23.799372465351077,-10.300815170974726,-8.408841785877286,-29.14258235372612,-11.582731886744794,-3.0312804454582363,188.4729108544612,3314.617519668343,0.0,43.38269253357747,31081.783360209465,0.0,1.0247456680210403,2.8060945019003913e-8,0.00020772808384619812,1,0
0.006520000000000001,125.42473811891566,107.57942894828867,-328.84825682354347,19.529861301459434,-23.8014496269941,-10.370770753284225,-8.453769955727246,-29.174847607409795,-11.525598181344598,-3.00653461789598,188.47296002101317,3299.391264354915,0.0,43.419761802455504,31081.79957669712,0.0,1.0273547811681056,2.8060945019003913e-8,0.00020807350844177785,1,0
0.00653,124.8063494890101,108.72372991655386,-329.04119066887705,19.524058103166766,-23.803310339379948,-10.440636007814687,-8.498531440130698,-29.2069314552984,-11.46836633976049,-2.9819126778418834,188.47300932861535,3284.1410379606073,0.0,43.45663014037121,31081.81583971129,0.0,1.0299662660997797,2.8060945019003913e-8,0.00020841734328599232,1,0
0.006540000000000001,124.1860733869106,109.86637198224864,-329.22956180826486,19.518237089228773,-23.804954723990694,-10.510410261264774,-8.543125774004334,-29.238833883943453,-11.411037089563568,-2.9574143577825396,188.47305877656058,3268.8669775608287,0.0,43.4932975454094,31081.83214901875,0.0,1.032580117323283,2.8060945019003913e-8,0.0002087595604049336,1,0
0.00655,123.56391862811378,111.00733890589957,-329.4133675645361,19.512398512734034,-23.806382903324593,-10.580092842747128,-8.587552494614798,-29.270554881819493,-11.353611156069576,-2.933039382657107,188.47310836414323,3253.569219468607,0.0,43.52976401657409,31081.84850438682,0.0,1.0351963292772377,2.8060945019003913e-8,0.00020910017227795258,1,0
0.006560000000000001,122.9398940548158,112.14661447184127,-329.59260532540395,19.506542626115397,-23.80759500089584,-10.64968308378421,-8.631811141585185,-29.302094439298795,-11.296089262333094,-2.9087874699147633,188.47315809065927,3238.247899237494,0.0,43.56602955376681,31081.86490558331,0.0,1.0378148963317089,2.8060945019003913e-8,0.0002094391553398786,1,0
0.00657,122.3140085357872,113.28418248844616,-329.7672725435033,19.500669681134436,-23.808591141234345,-10.719180318304462,-8.675901256901668,-29.333452548625875,-11.23847212914239,-2.88465832957273,188.4732079554063,3222.9031516647137,0.0,43.602094157764874,31081.8813523766,0.0,1.0404358127882436,2.8060945019003913e-8,0.00020977653006232222,1,0
0.006580000000000001,121.68627096624652,114.42002678835473,-329.93736673642616,19.49477992886596,-23.80937144988578,-10.788583882638047,-8.719822384920008,-29.364629203892253,-11.18076047501398,-2.8606516642738242,188.47325795768367,3207.5351107941533,0.0,43.6379578301999,31081.897844535622,0.0,1.0430590728799183,2.8060945019003913e-8,0.00021011228081750655,1,0
0.00659,121.05669026773415,115.55413122870524,-330.1028854867577,19.48887361968269,-23.80993605341146,-10.857893115512686,-8.76357407237192,-29.395624401011066,-11.122955016187813,-2.836767169344398,188.47330809679235,3192.1439099194936,0.0,43.673620573536446,31081.91438182986,0.0,1.0456846707713834,2.8060945019003913e-8,0.00021044639957901873,1,0
0.006600000000000001,120.42527538798535,116.68647969136342,-330.26382644211003,19.482951003239993,-23.810285079388578,-10.927107358049557,-8.80715586837168,-29.426438137691846,-11.065056466622586,-2.8130045328519557,188.4733583720351,3176.7296815873356,0.0,43.7090823910507,31081.93096402938,0.0,1.0483126005589165,2.8060945019003913e-8,0.00021077887490714847,1,0
0.00661,119.79203530080335,117.81705608315085,-330.42018731515594,19.477012328460777,-23.810418656410313,-10.996225953759074,-8.850567324422446,-29.457070413415142,-11.007065537991382,-2.7893634356629846,188.47340878271652,3161.2925576004127,0.0,43.74434328680945,31081.947590904845,0.0,1.050942856270474,2.8060945019003913e-8,0.00021110971018219182,1,0
0.006620000000000001,119.15697900593139,118.94584433607463,-330.5719658836613,19.471057843520423,-23.810336914086186,-11.06524824853646,-8.893807994422612,-29.487521229407392,-10.948982939677311,-2.765843551500673,188.47345932814304,3145.832669020689,0.0,43.779403265649115,31081.964262227542,0.0,1.0535754318657489,2.8060945019003913e-8,0.00021143891258998404,1,0
0.0066300000000000005,118.5201155289251,120.07282840755508,-330.7191599905167,19.465087795831916,-23.810039983042394,-11.134173590657678,-8.936877434672256,-29.51779058861562,-10.890809378769866,-2.7424445470025987,188.47351000762293,3130.350146172696,0.0,43.81426233315491,31081.98097776935,0.0,1.056210321236229,2.8060945019003913e-8,0.0002117664495087171,1,0
0.006640000000000001,117.88145392102419,121.197992280654,-330.86176754376805,19.45910243203097,-23.809527994922316,-11.203001330774843,-8.97977520387934,-29.547878495682294,-10.832545560060915,-2.7191660817784395,188.47356082046645,3114.8451186466887,0.0,43.84892049564006,31081.997737302805,0.0,1.058847518205261,2.8060945019003913e-8,0.00021209233208138722,1,0
0.0066500000000000005,117.24100325902378,122.32131996430215,-330.9997865166464,19.45310199796138,-23.808801082387,-11.27173082191198,-9.022500863166023,-29.577784956920137,-10.774192186041555,-2.6960078084676056,188.47361176598577,3099.317715301998,0.0,43.88337776012541,31082.014540601085,0.0,1.0614870165281136,2.8060945019003913e-8,0.00021241656432589157,1,0
0.00666,116.59877264514547,123.44279549352669,-331.13321494759657,19.4470867386604,-23.807859379115914,-11.340361419460562,-9.06505397607495,-29.607509980287112,-10.71574995689873,-2.6729693727968424,188.4736628434951,3083.768064270306,0.0,43.91763413431895,31082.031387438037,0.0,1.0641288098920485,2.8060945019003913e-8,0.0002127391357621758,1,0
0.006670000000000001,115.95477120690781,124.56240292967794,-331.2620509403053,19.441056898344282,-23.80670301980755,-11.408892481175046,-9.107434108575376,-29.637053575361225,-10.657219570512375,-2.6500504136377714,188.4737140523107,3068.1962929590136,0.0,43.95168962659544,31082.048277588157,0.0,1.0667728919163901,2.8060945019003913e-8,0.0002130600214264866,1,0
0.00668,115.30900809699678,125.680126360656,-331.3862926637279,19.435012720393907,-23.805332140180276,-11.477323367168454,-9.149640829069401,-29.666415753315565,-10.598601722452837,-2.6272505630644503,188.47376539175087,3052.602528054622,0.0,43.98554424597644,31082.065210826655,0.0,1.0694192561525997,2.8060945019003913e-8,0.00021337924368599465,1,0
0.006690000000000001,114.66149249313544,126.79594990113694,-331.50593835211447,19.42895444734048,-23.80374687697328,-11.54565343990777,-9.191673708398113,-29.695596526893272,-10.53989710597819,-2.6045694464107143,188.4738168611361,3036.9868955260963,0.0,44.01919800211023,31082.082186929438,0.0,1.0720678960843546,2.8060945019003913e-8,0.00021369679576666717,1,0
0.0067,114.01223359795404,127.90985769279808,-331.620986305035,19.422882320851446,-23.80194736794741,-11.61388206420942,-9.233532319847614,-29.724595910382572,-10.481106412032302,-2.582006682327645,188.47386845978895,3021.349520628348,0.0,44.052650905251916,31082.099205673097,0.0,1.0747188051276262,2.8060945019003913e-8,0.00021401264178778912,1,0
0.006710000000000001,113.36124063885845,129.02183390454422,-331.7314348874033,19.416796581716405,-23.799933751886392,-11.682008607234696,-9.275216239155176,-29.753413919591935,-10.422230329242653,-2.5595618828408817,188.47392018703425,3005.690527905636,0.0,44.0859029662438,31082.11626683499,0.0,1.0773719766307654,2.8060945019003913e-8,0.00021432682579991535,1,0
0.00672,112.70852286789965,130.13186273273203,-331.8372825295006,19.410697469833202,-23.797706168597806,-11.75003243848518,-9.316725044515227,-29.782050571825096,-10.363269543918854,-2.537234653407765,188.47397204219905,2990.0100411951207,0.0,44.118954196495736,31082.133370193173,0.0,1.0800274038745876,2.8060945019003913e-8,0.0002146393008378919,1,0
0.006730000000000001,112.05408956164192,131.2399284013948,-331.9385277269977,19.40458522419411,-23.795264758914392,-11.81795292979805,-9.358058316585367,-29.81050588585634,-10.304224740051023,-2.5150245929745694,188.47402402461265,2974.3081836303263,0.0,44.15180460796573,31082.150515526482,0.0,1.0826850800724632,2.8060945019003913e-8,0.00021495008889022005,1,0
0.00674,111.39795002103118,132.34601516246667,-332.03516904097614,19.39846008287214,-23.792609664695306,-11.885769455341482,-9.399215638492322,-29.838779881905676,-10.245096599308702,-2.4929312940335535,188.47407613360667,2958.5850776447232,0.0,44.18445421314062,31082.167702614493,0.0,1.0853449983704082,2.8060945019003913e-8,0.00021525916815889196,1,0
0.006750000000000001,110.74011357126257,133.45010729600654,-332.1272050979489,19.39232228300743,-23.789741028827464,-11.953481391609904,-9.440196595837865,-29.866872581614146,-10.185885801039776,-2.470954342679889,188.47412836851512,2942.840844975273,0.0,44.21690302501694,31082.184931237578,0.0,1.088007151847182,2.8060945019003913e-8,0.00021556655299312388,1,0
0.00676,110.08058956164837,134.55218911042095,-332.21463458987995,19.38617206079379,-23.786658995227,-12.0210881174194,-9.48100077670475,-29.8947840080191,-10.126593022269926,-2.4490933186685737,188.47418072867433,2927.0756066660906,0.0,44.249151057081896,31082.20220117687,0.0,1.0906715335143837,2.8060945019003913e-8,0.00021587222480364682,1,0
0.006770000000000001,109.41938736548435,135.65224494268833,-332.29745627420266,19.380009651465286,-23.78336370884082,-12.088589013902777,-9.521627771662518,-29.922514185529707,-10.067218937701883,-2.427347795471185,188.47423321342308,2911.2894830719506,0.0,44.28119832329445,31082.219512214317,0.0,1.0933381363165549,2.8060945019003913e-8,0.00021617617197892264,1,0
0.0067800000000000004,108.75651637991754,136.75025915857992,-332.3756689738376,19.37383528928311,-23.779855315648085,-12.155983464505088,-9.562077173773353,-29.950063139902266,-10.007764219715588,-2.4057173403325507,188.4742858221026,2895.4825938621198,0.0,44.31304483806667,31082.23686413267,0.0,1.0960069531312826,2.8060945019003913e-8,0.00021647841174786409,1,0
0.006790000000000001,108.09198602581178,137.84621615288341,-332.4492715772092,19.367649207522277,-23.77613396266198,-12.223270854978571,-9.602348578597855,-29.97743089821578,-9.94822953836777,-2.3842015143272803,188.47433855405657,2879.655058023863,0.0,44.34469061624503,31082.254256715496,0.0,1.0986779767693085,2.8060945019003913e-8,0.0002167789245941451,1,0
0.0068000000000000005,107.42580574761438,138.94010034962403,-332.5182630382614,19.36145163845874,-23.77219979793135,-12.290450573378077,-9.642441584200782,-30.00461748884749,-9.8886155613926,-2.362799872416204,188.4743914086313,2863.8069938662866,0.0,44.37613567309203,31082.271689747213,0.0,1.1013511999746375,2.8060945019003913e-8,0.00021707771249827867,1,0
0.006810000000000001,106.75798501322157,140.03189620228608,-332.5826423764731,19.355242813356384,-23.768052970542605,-12.357522010056112,-9.682355791156802,-30.031622941448575,-9.828922954201856,-2.3415119635026755,188.47444438517556,2847.9385190239923,0.0,44.407380024267866,31082.289163013054,0.0,1.104026615424653,2.8060945019003913e-8,0.0002173747551795155,1,0
0.0068200000000000005,106.0885333138445,141.12158819403348,-332.64240867687107,19.349022962454306,-23.763693630621482,-12.424484557658158,-9.722090802556151,-30.058447286919716,-9.769152379885972,-2.320337330488769,188.47449748304078,2832.049750460933,0.0,44.438423685812225,31082.306676299155,0.0,1.1067042157302314,2.8060945019003913e-8,0.00021767009016439298,1,0
0.00683,105.41746016387337,142.20916083793134,-332.69756109004413,19.342792314954057,-23.759121929335052,-12.491337611117665,-9.761646224010265,-30.085090557386927,-9.709304499214767,-2.299275510331256,188.47455070158097,2816.1408044741,0.0,44.46926667412626,31082.32422939246,0.0,1.1093839934358631,2.8060945019003913e-8,0.00021796365625580127,1,0
0.006840000000000001,104.74477510074311,143.29459867716503,-332.74809883215437,19.336551099007117,-23.754338018893712,-12.558080567651292,-9.801021663657417,-30.111552786177366,-9.6493799706388,-2.2783260340976383,188.47460404015283,2800.211796697419,0.0,44.499909005954756,31082.34182208084,0.0,1.1120659410197744,2.8060945019003913e-8,0.00021825550454290799,1,0
0.00685,104.07048768479764,144.3778862852599,-332.79402118494846,19.33029954170244,-23.749342052553228,-12.62471282675401,-9.840216732168251,-30.137834007795206,-9.589379450290854,-2.2574884270217552,188.47465749811573,2784.262842105587,0.0,44.53035069836825,31082.35945415303,0.0,1.114750050894052,2.8060945019003913e-8,0.00021854559100047133,1,0
0.006860000000000001,103.39460749915341,145.45900826630162,-332.83532749576835,19.324037869054074,-23.74413418461693,-12.691233790194223,-9.8792310427514,-30.163934257897587,-9.529303591987574,-2.236762208559533,188.47471107483182,2768.2940550179096,0.0,44.56059176874555,31082.377125398663,0.0,1.117436315404773,2.8060945019003913e-8,0.00021883392193108864,1,0
0.00687,102.71714414956413,146.53794925515345,-332.87201717755977,19.317766305988975,-23.738714570437843,-12.757642862008773,-9.918064211158836,-30.189853573270643,-9.469153047231405,-2.2161468924443994,188.47476476966594,2752.305549102227,0.0,44.59063223475619,31082.394835608295,0.0,1.120124726832135,2.8060945019003913e-8,0.0002191204957840559,1,0
0.006880000000000001,102.03810726428351,147.6146939176758,-332.90408970888114,19.311485076334847,-23.733083366421013,-12.823939448498152,-9.956715855691506,-30.215591991805656,-9.40892846521279,-2.195641986742551,188.4748185819858,2736.297437378833,0.0,44.620472114343116,31082.4125845734,0.0,1.1228152773905917,2.8060945019003913e-8,0.00021940532124261475,1,0
0.00689,101.35750649392875,148.6892269509436,-332.9315446339109,19.305194402808176,-23.727240730025777,-12.89012295822158,-9.995185597204681,-30.2411495524751,-9.34863049281273,-2.175246993908175,188.47487251116192,2720.2698322244587,0.0,44.65011142570547,31082.430372086397,0.0,1.125507959228989,2.8060945019003913e-8,0.00021968838087386283,1,0
0.006900000000000001,100.67535151134321,149.76153308346417,-332.95438156245365,19.29889450700234,-23.721186819768228,-12.956192801991877,-10.033473059113302,-30.26652629530909,-9.288259774605127,-2.1549614108384176,188.47492655656762,2704.2228453761563,0.0,44.679550187281606,31082.448197940612,0.0,1.1282027644307064,2.8060945019003913e-8,0.0002199696601302703,1,0
0.00691,99.99165201145937,150.83159707539335,-332.97260016994613,19.29258560937581,-23.71492179522354,-13.022148392870829,-10.071577867397437,-30.291722261371497,-9.227816952860062,-2.134784728928146,188.47498071757917,2688.1565879354594,0.0,44.70878841773209,31082.46606193036,0.0,1.1308996850138,2.8060945019003913e-8,0.00022024918011995243,1,0
0.006920000000000001,99.30641771116021,151.89940371875377,-332.9862001974617,19.286267929240488,-23.708445817028625,-13.087989146163913,-10.109499650607528,-30.31673749273652,-9.167302667546563,-2.114716434124695,188.47503499357575,2672.0711703722204,0.0,44.73782613592299,31082.4839638509,0.0,1.133598712931149,2.8060945019003913e-8,0.00022052691383069728,1,0
0.00693,98.61965834914211,152.96493783764905,-332.99518145171373,19.279941684750195,-23.701759046884547,-13.153714479415566,-10.147238039869684,-30.341572032465066,-9.106717556336257,-2.094756006982209,188.4750893839395,2655.9667025288372,0.0,44.76666336090922,31082.501903498487,0.0,1.1362998400706048,2.8060945019003913e-8,0.00022080288438320467,1,0
0.006940000000000001,97.93138368577571,154.0281842884809,-332.99954380505886,19.2736070928892,-23.694861647559264,-13.219323812404086,-10.18479266889095,-30.36622592458143,-9.046062254606746,-2.074902922716049,188.4751438880555,2639.8432936242166,0.0,44.795300111918074,31082.51988067032,0.0,1.1390030582551438,2.8060945019003913e-8,0.00022107704851294374,1,0
0.0069500000000000004,97.24160350296745,155.08912796016378,-332.99928719549825,19.26726436946093,-23.687753782890216,-13.284816567136776,-10.22216317396451,-30.39069921404984,-8.98533739544565,-2.05515665125683,188.4751985053119,2623.70105225795,0.0,44.823736408332834,31082.537895164634,0.0,1.1417083592430217,2.8060945019003913e-8,0.0002213494457541515,1,0
0.006960000000000001,96.55032760402058,156.1477537743397,-332.994411626679,19.26091372907672,-23.68043561778712,-13.350192167844842,-10.259349193974847,-30.414991946751297,-8.924543609654453,-2.035516657304342,188.47525323509987,2607.5400864143994,0.0,44.851972269676615,31082.55594678065,0.0,1.1444157347279333,2.8060945019003913e-8,0.00022162004554194398,1,0
0.0069700000000000005,95.85756581349574,157.20404668559254,-332.9849171678936,19.25455538514477,-23.67290731823469,-13.415450040978506,-10.296350370402887,-30.4391041694603,-8.863681525753005,-2.01598240038129,188.47530807681363,2591.360503466885,0.0,44.880007715596236,31082.574035318583,0.0,1.147125176339172,2.8060945019003913e-8,0.00022188883818765465,1,0
0.006980000000000001,95.16332797707133,158.2579916816621,-332.9708039540795,19.24818954985912,-23.665169051295543,-13.480589615201911,-10.333166347331076,-30.463035929821935,-8.802751769983828,-1.996553334886812,188.47536302985054,2575.1624101818184,0.0,44.90784276584637,31082.592160579705,0.0,1.1498366756417957,2.8060945019003913e-8,0.00022215583841408287,1,0
0.0069900000000000006,94.46762396140399,159.30957378365667,-332.9520721858166,19.241816434188802,-23.657220985112996,-13.545610321388342,-10.369796771448517,-30.48678727632867,-8.741754966317183,-1.9772289101498188,188.4754180936111,2558.9459127230148,0.0,44.935477440273594,31082.610322366316,0.0,1.1525502241367918,2.8060945019003913e-8,0.0002224210526382761,1,0
0.007,93.77046365398742,160.35877804626728,-332.9287221293248,19.235436247867092,-23.64906328891412,-13.610511592614976,-10.406241292055894,-30.51035825829764,-8.68069173645574,-1.9580085704821002,188.47547326749893,2542.7111166557715,0.0,44.96291175880096,31082.62852048174,0.0,1.1552658132612497,2.8060945019003913e-8,0.0002226844461309871,1,0
0.007010000000000001,93.07185696301279,161.4055895579789,-332.9007541164601,19.229049199380814,-23.640696133012643,-13.675292864158061,-10.442499561070552,-30.533748925847746,-8.619562699839928,-1.9388917552313103,188.47552855092084,2526.4581269512337,0.0,44.99014574141229,31082.646754730355,0.0,1.1579834343885325,2.8060945019003913e-8,0.00022294602669070684,1,0
0.00702,92.37181381722772,162.44999344128266,-332.8681685447099,19.222655495959906,-23.632119688811965,-13.739953573487874,-10.478571233031339,-30.55695932987698,-8.558368473653466,-1.9198778988335832,188.4755839432869,2510.1870479906574,0.0,45.01717940813695,31082.66502491761,0.0,1.160703078828452,2.8060945019003913e-8,0.0002232057936715215,1,0
0.007030000000000001,91.67034416579475,163.4919748528876,-332.8309658771872,19.216255343566885,-23.623334128808334,-13.804493160263716,-10.514455965103647,-30.579989522039828,-8.497109672828847,-1.9009664308660987,188.4756394440104,2493.8979835696728,0.0,45.04401277903443,31082.683330850028,0.0,1.1634247378274503,2.8060945019003913e-8,0.00022346375609411107,1,0
0.00704,90.96745797815036,164.5315189839315,-332.78914664262436,19.209848946886634,-23.61433962659388,-13.868911066329005,-10.550153417084207,-30.602839554724707,-8.435786910053475,-1.8821567760993787,188.4756950525079,2477.5910369026687,0.0,45.07064587417948,31082.7016723352,0.0,1.1661484025687785,2.8060945019003913e-8,0.00022371988537044085,1,0
0.007050000000000001,90.26316524386311,165.56861106019124,-332.7427114353652,19.203436509316145,-23.605136356859855,-13.933206735706115,-10.58566325140593,-30.62550948103162,-8.374400795775482,-1.8634483545493197,188.47575076819925,2461.2663106270743,0.0,45.097078713646994,31082.72004918181,0.0,1.1688740641726838,2.8060945019003913e-8,0.0002239741952364191,1,0
0.00706,89.55747597249172,166.6032363422928,-332.6916609153569,19.197018232954466,-23.59572449539981,-13.997379614591567,-10.620985133142737,-30.64799935474982,-8.312951938210379,-1.844840581529084,188.4758065905077,2444.9239068078105,0.0,45.12331131749721,31082.738461199657,0.0,1.1716017136965957,2.8060945019003913e-8,0.00022422669084166957,1,0
0.007070000000000001,88.85040019344267,167.6353801259208,-332.63599580814025,19.190594318592712,-23.58610421911289,-14.06142915135097,-10.656118730014324,-30.67030923033559,-8.251440943347397,-1.8263328677006712,188.4758625188597,2428.563926941639,0.0,45.14934370576111,31082.756908199597,0.0,1.1743313421353176,2.8060945019003913e-8,0.00022447732862865277,1,0
0.00708,88.14194795582817,168.66502774202718,-332.5757169048397,19.184164965704202,-23.57627570600707,-14.125354796514028,-10.691063712390854,-30.692439162890125,-8.18986841495645,-1.807924619126375,188.4759185526853,2412.186471961627,0.0,45.17517589842577,31082.775389993658,0.0,1.177062940421219,2.8060945019003913e-8,0.0002247261509584833,1,0
0.007090000000000001,87.43212932832235,169.6921645570406,-332.5108250621518,19.177730372434695,-23.56623913520259,-14.189156002769568,-10.72581975329768,-30.714389208137593,-8.128234954594983,-1.789615237319886,188.47597469141775,2395.7916422415315,0.0,45.20080791542005,31082.793906394953,0.0,1.1797964994244332,2.8060945019003913e-8,0.00022497312593692392,1,0
0.0071,86.72095439901932,170.71677597307297,-332.4413212023334,19.171290735592784,-23.55599468693526,-14.252832224960613,-10.76038652841998,-30.736159422403226,-8.066541161615362,-1.7714041192973227,188.47603093449385,2379.379537600359,0.0,45.22623977660029,31082.812457217748,0.0,1.1825320099530547,2.8060945019003913e-8,0.00022521826748721913,1,0
0.007110000000000001,86.00843327528897,171.73884742812825,-332.36720631318815,19.164846250640313,-23.545542542559932,-14.316382920079366,-10.794763716107372,-30.757749862591485,-8.004787633172185,-1.7532906576278222,188.4760872813538,2362.950257306787,0.0,45.251471501736134,31082.831042277438,0.0,1.1852694627533438,2.8060945019003913e-8,0.00022546155884937968,1,0
0.0071200000000000005,85.29457608363359,172.7583643963087,-332.2884814480526,19.158397111682994,-23.53488288455391,-14.379807547262246,-10.828950997378461,-30.779160586164497,-7.942974964230065,-1.7352742404841521,188.47614373144137,2346.5039000837164,0.0,45.27650311049667,31082.849661390574,0.0,1.1880088485099283,2.8060945019003913e-8,0.00022570300716866915,1,0
0.007130000000000001,84.57939296954395,173.7753123880216,-332.20514772578144,19.151943511461052,-23.52401589652052,-14.443105567785041,-10.862948055925491,-30.80039165112041,-7.881103747571455,-1.7173542516927824,188.4762002842037,2330.0405641128186,0.0,45.30133462243646,31082.868314374864,0.0,1.1907501578460147,2.8060945019003913e-8,0.00022594260337462785,1,0
0.0071400000000000005,83.8628940973554,174.78967695018463,-332.11720633073134,19.145485641340077,-23.512941763192547,-14.506276445057798,-10.896754578118651,-30.821443115971974,-7.8191745738048,-1.6995300707840002,188.4762569390916,2313.5603470390997,0.0,45.32596605698185,31082.887001049163,0.0,1.1934933813235955,2.8060945019003913e-8,0.00022618033311267577,1,0
0.007150000000000001,83.14508965010256,175.80144366643248,-332.02465851274405,19.13902369130183,-23.501660670435903,-14.569319644619974,-10.930370253010718,-30.84231503972524,-7.757188031372712,-1.6818010730415835,188.47631369555936,2297.063345975439,0.0,45.3503974334174,31082.905721233532,0.0,1.1962385094436658,2.8060945019003913e-8,0.00022641622029697522,1,0
0.0071600000000000006,82.42598982937575,176.81059815732027,-331.927505587129,19.132557849935363,-23.490172805253117,-14.632234634135582,-10.963794772341387,-30.86300748185831,-7.695144706560798,-1.664166629552355,188.47637055306487,2280.5496575073144,0.0,45.374628770872484,31082.92447474919,0.0,1.1989855326464367,2.8060945019003913e-8,0.0002266502434533843,1,0
0.00717,81.70560485517512,177.81712608052888,-331.82574893464437,19.126088304428066,-23.478478355787097,-14.695020883388068,-10.99702783054166,-30.883520502300286,-7.633045183506029,-1.6466261072553792,188.47642751106963,2264.019377697308,0.0,45.39866008830792,31082.94326141855,0.0,1.2017344413115565,2.8060945019003913e-8,0.00022688240110371738,1,0
0.007180000000000001,80.98394496576552,178.82101313106892,-331.7193900014774,19.119615240556904,-23.466577511324694,-14.75767786427557,-11.030069124738214,-30.903854161410273,-7.570890044205947,-1.629178868991012,188.47648456903877,2247.4726020898306,0.0,45.42249140450283,31082.962081065223,0.0,1.2044852257583316,2.8060945019003913e-8,0.00022711269356981423,1,0
0.00719,80.2610204175316,179.82224504148297,-331.6084302992238,19.113138842679753,-23.45447046230038,-14.820205050806006,-11.062918354757704,-30.924008519956452,-7.508679868527862,-1.6118242735496437,188.47654172644107,2230.9094257158404,0.0,45.4461227380416,31082.980933514023,0.0,1.207237876245951,2.8060945019003913e-8,0.0002273411083769869,1,0
0.007200000000000001,79.53684148483131,180.82080758204944,-331.4928714048668,19.10665929372684,-23.44215740030013,-14.882601919092032,-11.09557522313103,-30.94398363909555,-7.446415234217965,-1.5945616757201933,188.47659898274898,2214.329943097442,0.0,45.46955410730099,31082.999818590975,0.0,1.2099923829737151,2.8060945019003913e-8,0.0002275676529152823,1,0
0.00721,78.81141845985026,181.81668656098435,-331.3727149607539,19.10017677519228,-23.429638518064984,-14.944867947346392,-11.128039435097591,-30.963779580352,-7.384096716911255,-1.5773904263383542,188.47665633743867,2197.734248252729,0.0,45.49278553043738,31083.018736123344,0.0,1.2127487360812637,2.8060945019003913e-8,0.00022779233626023243,1,0
0.007220000000000001,78.08476165245528,182.80986782464305,-331.2479626745742,19.093691467125737,-23.416914009494974,-15.007002615876818,-11.160310698609438,-30.983396405597617,-7.3217248901410015,-1.5603098723346278,188.47671378999,2181.1224347004254,0.0,45.5158170253741,31083.037685939576,0.0,1.2155069256488116,2.8060945019003913e-8,0.0002280151144999215,1,0
0.00723,77.3568813900483,183.8003372577211,-331.1186163193338,19.08720354812416,-23.403984069652825,-15.06900540708132,-11.192388724335434,-31.00283417703113,-7.259300325349006,-1.5433193567819998,188.47677133988657,2164.494595464754,0.0,45.53864860978901,31083.056667869398,0.0,1.2182669416973817,2.8060945019003913e-8,0.00022823602535377435,1,0
0.007240000000000001,76.62778801741871,184.7880807834559,-330.9846777333308,19.080713195323654,-23.39084889476789,-15.130875805443228,-11.224273225665389,-31.02209295715805,-7.196823591895579,-1.526418218943455,188.47682898661577,2147.8508230801244,0.0,45.56128030110207,31083.075681743754,0.0,1.221028774189046,2.8060945019003913e-8,0.00022845504982618725,1,0
0.00725,75.8974918965974,185.77308436382518,-330.84614882012886,19.074220584391433,-23.377508682239938,-15.192613297526503,-11.255963918714162,-31.04117280877054,-7.134295257070169,-1.509605794319178,188.4768867296688,2131.191209596067,0.0,45.58371211646316,31083.094727394848,0.0,1.2237924130271647,2.8060945019003913e-8,0.0002286721849786011,1,0
0.007260000000000001,75.16600340670873,186.75533399974793,-330.70303154853053,19.067725889517895,-23.36396363064309,-15.254217371970775,-11.287460522325658,-31.060073794927387,-7.071715886101772,-1.4928814146935352,188.47694456854057,2114.5158465819704,0.0,45.605944072739995,31083.11380465613,0.0,1.2265578480566321,2.8060945019003913e-8,0.00022888742927426597,1,0
0.00727,74.43333294382323,187.7348157312826,-330.555327952549,19.061229283408803,-23.35021393972966,-15.31568751948658,-11.318762758076792,-31.078795978934195,-7.009086042169886,-1.476244408181735,188.47700250272996,2097.8248251319956,0.0,45.62797618650614,31083.132913362315,0.0,1.229325069064121,2.8060945019003913e-8,0.00022910077531420464,1,0
0.007280000000000001,73.69949092080999,188.71151563782564,-330.40304013137944,19.0547309372775,-23.33625981043418,-15.377023232850522,-11.349870350281543,-31.09733942432375,-6.946406286415312,-1.459694099276291,188.47706053173957,2081.118235869914,0.0,45.649808474029186,31083.152053349397,0.0,1.2320940657783346,2.8060945019003913e-8,0.00022931223519974397,1,0
0.0072900000000000005,72.96448776718852,189.6854198383095,-330.24617024936873,19.048231020837385,-23.32210144487727,-15.438224006900649,-11.380783025994841,-31.115704194836347,-6.883677177951693,-1.4432298088931717,188.47711865507594,2064.396168954084,0.0,45.67144095125916,31083.171224454625,0.0,1.2348648278702554,2.8060945019003913e-8,0.00022952177505948523,1,0
0.007300000000000001,72.22833392898046,190.6565144913999,-330.0847205359851,19.04172970229428,-23.307739046369658,-15.499289338531419,-11.41150051501639,-31.133890354400386,-6.820899273876535,-1.426850854417701,188.4771768722495,2047.658714082271,0.0,45.692873633816795,31083.190426516565,0.0,1.2376373449534033,2.8060945019003913e-8,0.00022972943136157636,1,0
0.0073100000000000005,71.49103986856151,191.62478579569193,-329.91869328578656,19.03522714833907,-23.293172819416135,-15.560218726689163,-11.442022549894592,-31.151897967113086,-6.758073129283075,-1.410556549750222,188.47723518277454,2030.9059604966965,0.0,45.714106536982264,31083.20965937504,0.0,1.2404116065840898,2.8060945019003913e-8,0.0002299351763182661,1,0
0.007320000000000001,70.75261606451221,192.59021998990735,-329.74809085838757,19.02872352414037,-23.278402969719618,-15.621011672367253,-11.472348865930318,-31.169727097221344,-6.695199297271938,-1.3943462053514288,188.47729358616937,2014.137996988931,0.0,45.735139675683826,31083.228922871192,0.0,1.2431876022616806,2.8060945019003913e-8,0.00023013901600804632,1,0
0.007330000000000001,70.01307301146929,193.55280335308922,-329.5729156784265,19.02221899333731,-23.26342970418513,-15.681667678601412,-11.502479201180693,-31.187377809102642,-6.632278328963244,-1.3782191282875083,188.47735208195616,1997.3549119049349,0.0,45.755973064486675,31083.248216847456,0.0,1.2459653214288557,2.8060945019003913e-8,0.00023034095036680163,1,0
0.00734,69.27242121997652,194.51252220479716,-329.3931702355302,19.01571371803239,-23.24825323092386,-15.74218625046489,-11.53241329646275,-31.204850167246203,-6.569310773508584,-1.3621746222749458,188.47741066966108,1980.5567931500048,0.0,45.77660671758192,31083.267541147565,0.0,1.248744753471877,2.8060945019003913e-8,0.0002305409585362933,1,0
0.007350000000000001,68.5306712163353,195.46936290530212,-329.2088570842795,19.009207858784464,-23.232873759257266,-15.802566895063869,-11.562150895357211,-31.222144236234307,-6.506297178103493,-1.3462119877251197,188.4774693488143,1963.743728193854,0.0,45.79704064877571,31083.286895616584,0.0,1.2515258877208542,2.8060945019003913e-8,0.00023073905342108764,1,0
0.00736,67.78783354245506,196.42331185577962,-329.01997884417193,19.00270157460184,-23.217291499721085,-15.862809121532855,-11.591691744212127,-31.239260080723582,-6.4432380880001645,-1.330330521788568,188.47752811895,1946.9158040756793,0.0,45.817274871478425,31083.306280100893,0.0,1.2543087134500155,2.8060945019003913e-8,0.00023093523070855104,1,0
0.007370000000000001,67.04391875570342,197.37435549850358,-328.82653819958574,18.996195022935414,-23.201506664069466,-15.922912441029766,-11.621035592146391,-31.256197765426638,-6.38013404651983,-1.3145295183990484,188.47758697960637,1930.0731074091666,0.0,45.8373093986941,31083.3256944482,0.0,1.2570932198779818,2.8060945019003913e-8,0.00023112948697663616,1,0
0.00738,66.29893742875613,198.3224803170387,-328.6285378997404,18.989688359671977,-23.18551946527906,-15.98287636673153,-11.650182191053414,-31.272957355093723,-6.3169855950660505,-1.2988082683173054,188.47764593032565,1913.2157243876445,0.0,45.85714424300989,31083.34513850755,0.0,1.2598793961680406,2.8060945019003913e-8,0.00023132182333496232,1,0
0.007390000000000001,65.55290014944681,199.26767283643272,-328.42598075865857,18.983181739127563,-23.169330117553187,-16.042700413829287,-11.679131295604611,-31.289538914494567,-6.253793273137544,-1.2831660591745226,188.47770497065414,1896.3437407891572,0.0,45.87677941658572,31083.364612129328,0.0,1.2626672314284249,2.8060945019003913e-8,0.00023151223440771168,1,0
0.0074,64.80581752061673,200.20991962340756,-328.21886965512556,18.97667531404091,-23.15293883632588,-16.10238409952383,-11.707882663252876,-31.30594250840036,-6.190557618341667,-1.2676021755155809,188.47776410014222,1879.4572419816307,0.0,45.89621493114406,31083.384115165252,0.0,1.265456714712593,2.8060945019003913e-8,0.00023170070833930523,1,0
0.007410000000000001,64.0577001599636,201.14920728655076,-328.0072075326486,18.97016923556703,-23.136345838266113,-16.16192694302099,-11.736436054236071,-31.32216820156594,-6.127279166407755,-1.2521158988420176,188.47782331834438,1862.5563129279926,0.0,45.91545079795976,31083.403647468407,0.0,1.268247835019513,2.8060945019003913e-8,0.00023188725579522534,1,0
0.00742,63.30855869989111,202.08552247650556,-327.79099739941495,18.96366365327087,-23.11955134128187,-16.221328465527122,-11.764791231580427,-31.338216058711957,-6.06395845120098,-1.2367065076546737,188.4778826248192,1845.6410381914056,0.0,45.93448702785014,31083.423208893226,0.0,1.2710405812939463,2.8060945019003913e-8,0.0002320718735867311,1,0
0.007430000000000001,62.55840378735763,203.01885188616055,-327.57024232824915,18.957158715121032,-23.10255556452443,-16.280588190244305,-11.79294796110387,-31.354086144507452,-6.000596004735809,-1.2213732774961485,188.4779420191294,1828.7115019403466,0.0,45.95332363116512,31083.44279929551,0.0,1.2738349424267372,2.8060945019003913e-8,0.00023225455184416877,1,0
0.00744,61.80724608372492,203.94918225083887,-327.3449454565695,18.95065456748367,-23.085358728392375,-16.339705642366063,-11.820906011419401,-31.369778523552384,-5.937192357190461,-1.206115480992917,188.47800150084183,1811.7677879539585,0.0,45.9719606177775,31083.462418532417,0.0,1.2766309072551028,2.8060945019003913e-8,0.00023243528857254392,1,0
0.007450000000000001,61.05509626460656,204.8765003484869,-327.1151099863431,18.944151355116364,-23.067961054535928,-16.398680349072677,-11.848665153938413,-31.385293260360356,-5.8737480369207455,-1.1909323878972344,188.47806106952757,1794.809979627186,0.0,45.99039799707331,31083.482066462493,0.0,1.2794284645629257,2.8060945019003913e-8,0.00023261408591042365,1,0
0.0074600000000000005,60.30196501971665,205.80079299986153,-326.8807391840409,18.937649221162207,-23.050362765861028,-16.457511839526703,-11.87622516287388,-31.400630419341507,-5.810263570474663,-1.1758232651287344,188.4781207247618,1777.8381599761005,0.0,46.008635777942494,31083.50174294565,0.0,1.2822276030810495,2.8060945019003913e-8,0.00023279093921897004,1,0
0.007470000000000001,59.54786305271686,206.72204706871864,-326.6418363805907,18.931148307143896,-23.032564086533604,-16.516199644868333,-11.903585815243563,-31.415790064785654,-5.746739482606657,-1.1607873768157475,188.47818046612394,1760.852411643052,0.0,46.02667396876943,31083.521447843184,0.0,1.285028311487577,2.8060945019003913e-8,0.00023296583697936246,1,0
0.0074800000000000005,58.79280108106563,207.64024946199842,-326.39840497133014,18.924648752957953,-23.014565241983682,-16.574743298211207,-11.930746890873282,-31.430772260845394,-5.683176296292684,-1.1458239843364275,188.47824029319764,1743.8528169021452,0.0,46.04451257742378,31083.541181017805,0.0,1.2878305784081687,2.8060945019003913e-8,0.00023313880808813886,1,0
0.007490000000000001,58.03678983586482,208.5553871300125,-326.1504484159583,18.918150696869024,-22.99636645890971,-16.633142334637622,-11.957708172399958,-31.445577071519516,-5.619574532744751,-1.130932346359515,188.47830020557075,1726.8394576643789,0.0,46.06215161125144,31083.56094233359,0.0,1.290634392416348,2.8060945019003913e-8,0.00023330981989092003,1,0
0.007500000000000001,57.27984006170766,209.46744706662892,-325.8979702384869,18.911654275504297,-22.97796796528266,-16.691396291194227,-11.984469445274707,-31.460204560636527,-5.555934711426124,-1.1161117188849161,188.47836020283535,1709.8124154830618,0.0,46.07959107706555,31083.58073165603,0.0,1.2934397420338026,2.8060945019003913e-8,0.00023347888004733586,1,0
0.00751,56.52196251652596,210.37641630945723,-325.64097402718943,18.905159623847968,-22.9593699903503,-16.749504706887556,-12.011030497765928,-31.474654791838383,-5.492257350066489,-1.101361355283938,188.47842028458783,1692.7717715591396,0.0,46.09683098113767,31083.600548852017,0.0,1.296246615730695,2.8060945019003913e-8,0.00023364598913740153,1,0
0.007520000000000001,55.76316797143719,211.28228194003245,-325.3794634345512,18.89866687523583,-22.940572764641434,-16.80746712267966,-12.03739112096235,-31.488927828564293,-5.428542964677314,-1.0866805063393414,188.47848045042878,1675.7176067465784,0.0,46.113871329189145,31083.620393789828,0.0,1.2990550019259703,2.8060945019003913e-8,0.00023381112245271507,1,0
0.00753,55.00346721059144,212.18503108399878,-325.1134421772163,18.892176161349926,-22.921576519970014,-16.865283081483632,-12.063551108775899,-31.503023734034716,-5.364792069567468,-1.072068420285074,188.47854069996316,1658.650001557748,0.0,46.13071212638245,31083.640266339207,0.0,1.3018648889876674,2.8060945019003913e-8,0.00023397432453214212,1,0
0.007540000000000001,54.24287103101801,213.08465091129278,-324.84291403593585,18.885687612213317,-22.902381489439502,-16.922952128159245,-12.089510257944752,-31.51694257123559,-5.301005177358787,-1.0575243428457526,188.47860103280019,1641.5690361688025,0.0,46.147353377312825,31083.660166371286,0.0,1.3046762652332347,2.8060945019003913e-8,0.00023413556355939003,1,0
0.00755,53.48139024247251,213.98112863632514,-324.5678828555135,18.87920135618491,-22.882987907447006,-16.98047380950851,-12.115268368036103,-31.53068440290262,-5.2371827990019515,-1.0430475172759053,188.47866144855337,1624.4747904251246,0.0,46.16379508599988,31083.680093758594,0.0,1.3074891189298448,2.8060945019003913e-8,0.00023429480775626066,1,0
0.007560000000000001,52.71903566728209,214.8744515181633,-324.2883525447511,18.872717519954378,-22.86339600968753,-17.03784767427144,-12.140825241449141,-31.54424929150582,-5.173325443792542,-1.0286371843989137,188.4787219468406,1607.3673438467465,0.0,46.18003725587949,31083.700048375147,0.0,1.3103034382947147,2.8060945019003913e-8,0.0002344521235054936,1,0
0.00757,51.955818140193024,215.76460686071155,-324.0043270763931,18.866236228537215,-22.843606033158167,-17.095073273121674,-12.166180683417773,-31.55763729923417,-5.109433619387282,-1.0142925826457656,188.4787825272841,1590.2467756338708,0.0,46.19607988979565,31083.720030096345,0.0,1.313119211495425,2.8060945019003913e-8,0.00023460744979379722,1,0
0.007580000000000001,51.19174850821567,216.65158201289216,-323.71581048707003,18.85975760526977,-22.8236182161624,-17.152150158662046,-12.191334502013433,-31.57084848798049,-5.045507831820096,-1.0000129480934312,188.47884318951043,1573.1131646722413,0.0,46.21192298999259,31083.740038799053,0.0,1.3159364266502447,2.8060945019003913e-8,0.00023476081275040223,1,0
0.00759,50.42683763047075,217.5353643688249,-323.42280687724144,18.853281771804525,-22.80343279831422,-17.209077885420495,-12.216286508147808,-31.5838829193264,-4.981548585518997,-0.9857975145031332,188.47890393315055,1555.9665895387643,0.0,46.227566558106936,31083.76007436157,0.0,1.318755071828454,2.8060945019003913e-8,0.00023491221286667946,1,0
0.007600000000000001,49.66109637803492,218.41594136800634,-323.1253204111369,18.846808848105248,-22.78305002054248,-17.265856009845514,-12.241036515575551,-31.596740654527483,-4.917556383322207,-0.9716455133582222,188.47896475783978,1538.8071285068793,0.0,46.24301059516,31083.780136663634,0.0,1.3215751350506741,2.8060945019003913e-8,0.0002350616285317908,1,0
0.0076100000000000004,48.89453563378658,219.29330049548784,-322.8233553166979,18.84033895244246,-22.76247012509494,-17.322484090302062,-12.265584340896838,-31.609421754498722,-4.853531726495394,-0.9575561739018994,188.47902566321787,1521.6348595522359,0.0,46.258255101550255,31083.80022558645,0.0,1.324396604289195,2.8060945019003913e-8,0.00023520907787453332,1,0
0.007620000000000001,48.12716629225036,220.16742928205463,-322.5169158855166,18.833872201388772,-22.741693355542676,-17.378961687067285,-12.289929803560161,-31.621926279799922,-4.789475114748317,-0.9435287231746337,188.47908664892896,1504.4498603581094,0.0,46.27330007704589,31083.820341012663,0.0,1.3272194674683082,2.8060945019003913e-8,0.00023535454953933777,1,0
0.0076300000000000005,47.35899925944342,221.03831530440138,-322.20600647277587,18.827408709814517,-22.72071995678414,-17.435288362326148,-12.314072725864664,-31.634254290621488,-4.725387046251965,-0.9295623860513551,188.4791477146216,1487.2522083210586,0.0,46.288145520777434,31083.840482826377,0.0,1.3300437124646394,2.8060945019003913e-8,0.00023549803906163652,1,0
0.007640000000000001,46.59004545271957,221.90594618531014,-321.89063149718635,18.82094859088325,-22.699550175049453,-17.491463680167424,-12.33801293296289,-31.64640584677023,-4.661268017655852,-0.9156563852783428,188.47920885994878,1470.0419805564693,0.0,46.30279143123062,31083.860650913175,0.0,1.3328693271074858,2.8060945019003913e-8,0.00023563955240331336,1,0
0.0076500000000000005,45.8203158006145,222.77030959382554,-321.57079544092477,18.81449195604748,-22.678184257904572,-17.547487206579266,-12.361750252863134,-31.658381007655393,-4.597118524105269,-0.9018099415099705,188.47927008456796,1452.8192539041402,0.0,46.31723780623929,31083.88084516007,0.0,1.3356962991791521,2.8060945019003913e-8,0.0002357790695676834,1,0
0.007660000000000001,45.049821242690335,223.63139324543036,-321.24650284956925,18.80803891504444,-22.65662245425555,-17.60335850944511,-12.385284516431922,-31.670179832274933,-4.532939059258746,-0.8880222733451042,188.47933138814105,1435.584104933892,0.0,46.331484642978445,31083.901065455608,0.0,1.3385246164152922,2.8060945019003913e-8,0.000235916628171004,1,0
0.007670000000000001,44.27857272938026,224.4891849022198,-320.9177583320356,18.801589575891924,-22.634865014352627,-17.659077158539525,-12.408615557396436,-31.68180237920188,-4.468730115305867,-0.8742925973633291,188.4793927703344,1418.336609951252,0.0,46.34553193795742,31083.92131168974,0.0,1.3413542665052496,2.8060945019003913e-8,0.00023605217791665412,1,0
0.007680000000000001,43.50658122183271,225.3436723730759,-320.5845665605108,18.7951440448842,-22.61291218979452,-17.714642725524037,-12.431743212346902,-31.693248706570888,-4.404492182984878,-0.8606201281608499,188.47945423081893,1401.0768450030378,0.0,46.35937968701317,31083.94158375395,0.0,1.344185237092403,2.8060945019003913e-8,0.00023618575511625411,1,0
0.007690000000000001,42.73385769175609,226.19484351383988,-320.24693227038773,18.788702426588046,-22.59076423353254,-17.770054783942943,-12.454667320738855,-31.70451887206496,-4.3402257516007285,-0.8470040783862771,188.47951576926994,1383.8048858830775,0.0,46.37302788530372,31083.961881541167,0.0,1.3470175157745106,2.8060945019003913e-8,0.00023631733716328318,1,0
0.0077,41.960413121261915,227.04268622748612,-319.9048602601967,18.7822648238388,-22.56842139987483,-17.825312909219114,-12.477387724895442,-31.71561293290246,-4.275931309042875,-0.8334436587760408,188.4795773853673,1366.5208081377796,0.0,46.38647652730165,31083.982204945827,0.0,1.3498510901040592,2.8060945019003913e-8,0.0002364469297458649,1,0
0.007710000000000001,41.186258502709556,227.8871884642929,-319.5583553915384,18.77583133773656,-22.545883944490477,-17.880416678650093,-12.499904270009733,-31.726530945824116,-4.2116093418037845,-0.819938078189665,188.47963907879537,1349.2246870719728,0.0,46.399725606787804,31084.002553863844,0.0,1.3526859475886137,2.8060945019003913e-8,0.0002365745231654101,1,0
0.00772,40.41140483854992,228.72833822201403,-319.2074225890139,18.76940206764238,-22.523152124413684,-17.93536567140375,-12.522216804146817,-31.73727296708037,-4.147260334997018,-0.8064865436447697,188.47970084924307,1331.916597754515,0.0,46.41277511684505,31084.02292819264,0.0,1.355522075691168,2.8060945019003913e-8,0.00023670013593671962,1,0
0.007730000000000001,39.635863141168635,229.5661235460496,-318.85206684015515,18.762977111174614,-22.50022619804799,-17.990159468514346,-12.54432517824608,-31.7478390524188,-4.082884772375694,-0.793088260351837,188.47976269640384,1314.5966150240358,0.0,46.42562504985217,31084.043327831117,0.0,1.3583594618305002,2.8060945019003913e-8,0.0002368237455827732,1,0
0.00774,38.85964443272987,230.40053252961567,-318.4922931953539,18.756556564205354,-22.477106425170305,-18.04479765287838,-12.566229246123202,-31.75822925707181,-4.018483136351115,-0.7797424317487724,188.47982461997566,1297.2648134946953,0.0,46.43827539747794,31084.063752679685,0.0,1.3611980933815264,2.8060945019003913e-8,0.00023694536501981528,1,0
0.007750000000000001,38.08275974501966,231.23155331391365,-318.12810676779003,18.750140520856778,-22.45379306693516,-18.09927980925054,-12.587928864472355,-31.768443635744404,-3.9540559080113606,-0.7664482595352062,188.47988661966104,1279.9212675619062,0.0,46.45072615067517,31084.084202640246,0.0,1.3640379576756603,2.8060945019003913e-8,0.0002370649733342972,1,0
0.00776,37.305220119289025,232.05917408829876,-317.75951273335875,18.74372907349782,-22.43028638587873,-18.153605524239712,-12.609423892868179,-31.778482242602237,-3.889603567140238,-0.7532049437066135,188.4799486951671,1262.566051408144,0.0,46.46297729967512,31084.104677616226,0.0,1.3668790420011694,2.8060945019003913e-8,0.00023718258853230867,1,0
0.007770000000000001,36.52703660609707,232.88338309044792,-317.3865163305972,18.73732231274075,-22.406586645923092,-18.207774386304827,-12.630714193767783,-31.788345131259845,-3.8251265922359696,-0.7400116825881611,188.48001084620554,1245.1992390086655,0.0,46.475028833981696,31084.125177512542,0.0,1.369721333603539,2.8060945019003913e-8,0.00023729820195466517,1,0
0.0077800000000000005,35.74822026515429,233.7041686065265,-317.00912286061003,18.730920327437815,-22.382694112380143,-18.26178598575099,-12.651799632512743,-31.798032354768903,-3.7606254605305534,-0.7268676728683907,188.48007307249262,1227.820904137407,0.0,46.48688074236613,31084.145702235634,0.0,1.3725648196858327,2.8060945019003913e-8,0.00023741180736966405,1,0
0.007790000000000001,34.96878216516444,234.52151897135593,-316.6273376869935,18.72452320467809,-22.35860905195588,-18.315639914725306,-12.672680077330954,-31.80754396560696,-3.6961006480086134,-0.7137721096326182,188.4801353737492,1210.43112037266,0.0,46.4985330128615,31084.166251693467,0.0,1.3754094874090583,2.8060945019003913e-8,0.00023752342269982296,1,0
0.0078000000000000005,34.18873338366849,235.33542256857802,-316.2411662357604,18.71813102978425,-22.334331732754382,-18.369335767213066,-12.693355399338607,-31.816880015666015,-3.6315526294269915,-0.7007241863962079,188.48019774970072,1193.0299611030387,0.0,46.509985632757484,31084.186825795503,0.0,1.3782553238925332,2.8060945019003913e-8,0.00023763302088860433,1,0
0.007810000000000001,33.408085006886175,236.1458678308212,-315.85061399526137,18.711743886309538,-22.309862424281967,-18.422873139033506,-12.713825472541886,-31.826040556241622,-3.56698187833374,-0.6877230951375317,188.4802602000773,1175.6174995331587,0.0,46.52123858859527,31084.207424452743,0.0,1.3811023162142535,2.8060945019003913e-8,0.0002377406207488067,1,0
0.00782,32.6268481295589,236.95284323986428,-315.45568651610876,18.70536185603473,-22.285201397451143,-18.476251627836145,-12.734090173838894,-31.83502563802191,-3.5023888670881025,-0.6747680263308204,188.48032272461364,1158.193808689667,0.0,46.53229186616245,31084.228047577693,0.0,1.383950451411262,2.8060945019003913e-8,0.00023784619600051432,1,0
0.00783,31.845033854791957,237.75633732680055,-315.0563894110958,18.698985018965164,-22.260348924584804,-18.529470833096582,-12.754149383021348,-31.84383531107692,-3.4377740668797294,-0.6618581689787142,188.48038532304903,1140.7589614269443,0.0,46.54314545048826,31084.24869508441,0.0,1.386799716480021,2.8060945019003913e-8,0.00023794977703625597,1,0
0.007840000000000001,31.062653293896652,238.55633867220055,-314.6527283551184,18.692613453327922,-22.235305279420167,-18.582530356112613,-12.774002982776256,-31.85246962484816,-3.3731379477485817,-0.6489927106446913,188.48044799512746,1123.3130304330716,0.0,46.553799325838604,31084.269366888457,0.0,1.3896500983767854,2.8060945019003913e-8,0.0002380513381116875,1,0
0.007850000000000001,30.279717566232748,239.35283590627412,-314.2447090850937,18.686247235568988,-22.210070737112847,-18.63542980000039,-12.793650858687677,-31.860928628138232,-3.3084809786048144,-0.6361708374852455,188.48051074059757,1105.8560882357224,0.0,46.56425347571158,31084.290062906948,0.0,1.3925015840179749,2.8060945019003913e-8,0.00023815088461269507,1,0
0.00786,29.496237799049858,240.1458177090327,-313.8323373998786,18.679886440350547,-22.184645574240903,-18.688168769690332,-12.813092899238269,-31.869212369100783,-3.2438036272485125,-0.6233917342818813,188.4805735592126,1088.3882072080016,0.0,46.57450788283279,31084.31078305853,0.0,1.395354160280553,2.8060945019003913e-8,0.0002382484311192895,1,0
0.00787,28.71222512732983,240.93527281044942,-313.4156191601876,18.67353114054829,-22.159030068808796,-18.74074687192331,-12.832328995810917,-31.87732089523054,-3.1791063603898877,-0.6106545844729148,188.4806364507305,1070.9094595744207,0.0,46.584562529151,31084.331527263377,0.0,1.3982078140024041,2.8060945019003913e-8,0.00023834395410827006,1,0
0.00788,27.927690693627937,241.7211899906201,-312.99456028850926,18.667181407248876,-22.133224500251433,-18.793163715246756,-12.851359042690294,-31.88525425335358,-3.1143896436693836,-0.5979585701850922,188.48069941491383,1053.4199174167893,0.0,46.594417395833794,31084.35229544321,0.0,1.4010625319827117,2.8060945019003913e-8,0.000238437457352126,1,0
0.007890000000000001,27.142645647915067,242.50355807992193,-312.569166769022,18.66083730974732,-22.107229149438105,-18.845418910010608,-12.870182937064296,-31.893012489617803,-3.049653941677759,-0.5853028722649789,188.48076245152993,1035.919652680144,0.0,46.604072463263336,31084.373087521297,0.0,1.4039183009823406,2.8060945019003913e-8,0.00023852895367168156,1,0
0.0079,26.3571011474192,243.28236595917235,-312.13944464750955,18.65449891554465,-22.081044298676467,-18.897512068363707,-12.888800579025611,-31.900595649483602,-2.9848997179767682,-0.5726866703102438,188.48082556035072,1018.4087371787839,0.0,46.613527711032404,31084.39390342244,0.0,1.406775107724217,2.8060945019003913e-8,0.00023861842488622984,1,0
0.00791,25.571068356466398,244.0576025597877,-311.70540003127445,18.648166290345443,-22.054670231716585,-18.949442804249564,-12.907211871573056,-31.908003777714708,-2.9201274351190776,-0.5601091427006732,188.48088874115288,1000.8872426020744,0.0,46.622783117940315,31084.414743072997,0.0,1.409632938893715,2.8060945019003913e-8,0.00023870587627309106,1,0
0.00792,24.784558446322514,244.82925686393983,-311.26703908905137,18.64183949805551,-22.028107233754735,-19.001210733402797,-12.925416720613004,-31.915236918369175,-2.8553375546692124,-0.5475694666290458,188.48095199371775,983.3552405205612,0.0,46.63183866198912,31084.435606400868,0.0,1.4124917811390407,2.8060945019003913e-8,0.00023879130745798477,1,0
0.007930000000000001,23.997582595034228,245.5973179047131,-310.82436805091965,18.63551860077967,-22.001355591437434,-19.052815473345092,-12.943415034960719,-31.922295114790725,-2.7905305372239226,-0.5350668181318383,188.4810153178314,965.8128023918823,0.0,46.64069432037992,31084.45649333552,0.0,1.4153516210716188,2.8060945019003913e-8,0.00023887472323902079,1,0
0.007940000000000001,23.21015198727054,246.36177476625983,-310.37739320821447,18.629203658819566,-21.974415592865302,-19.10425664338145,-12.961206726341633,-31.92917840960008,-2.7257068424330626,-0.5226003721197632,188.4810787132846,948.259999566797,0.0,46.64935006950918,31084.477403807963,0.0,1.4182124452664795,2.8060945019003913e-8,0.00023895611536924738,1,0
0.00795,22.42227781416327,247.12261658395602,-309.926120913438,18.622894730671504,-21.947287527597044,-19.15553386459621,-12.978791709392631,-31.935886844686646,-2.6608669290200986,-0.5101693024080873,188.48114217987285,930.6969032951321,0.0,46.65780588496527,31084.498337750763,0.0,1.4210742402626502,2.8060945019003913e-8,0.00023903548427491386,1,0
0.00796,21.633971273148486,247.87983254455523,-309.47055758016825,18.61659187302443,-21.91997168665328,-19.20664675984936,-12.996169901663274,-31.94242046120032,-2.596011254803212,-0.4977727817468587,188.48120571739634,913.1235847318461,0.0,46.666061741525105,31084.519295098045,0.0,1.4239369925635448,2.8060945019003913e-8,0.00023911282813394302,1,0
0.007970000000000001,20.845243567806676,248.63341188634286,-309.0107096829685,18.610295140757948,-21.892468362520432,-19.257594953772582,-13.013341223616932,-31.94877929954353,-2.531140276716073,-0.48540998185089634,188.48126932566,895.5401149430154,0.0,46.67411761315084,31084.540275785486,0.0,1.4268006886373565,2.8060945019003913e-8,0.00023918813914848916,1,0
0.007980000000000001,20.056105907704953,249.38334389928792,-308.5465837572954,18.60400458694034,-21.864777849154553,-19.30837807276554,-13.030305598631962,-31.95496339936342,-2.4662544508290942,-0.4730800734296814,188.48133300447356,877.9465649119409,0.0,46.681973472986726,31084.561279750345,0.0,1.4296653149174496,2.8060945019003913e-8,0.0002392614362576352,1,0
0.00799,19.26656950823585,250.12961792519684,-308.07818639940587,18.59772026282679,-21.836900441985293,-19.358995744991933,-13.047062953002776,-31.9609727995443,-2.4013542323702097,-0.4607822262170611,188.48139675365138,860.3430055450658,0.0,46.68962929335611,31084.58230693143,0.0,1.4325308578027567,2.8060945019003913e-8,0.00023933269954497932,1,0
0.008,18.476645590459334,250.8722233578638,-307.60552426626265,18.591442217857498,-21.808836437919602,-19.409447600375778,-13.063613215940894,-31.96680753820027,-2.3364400757462853,-0.44851560900080223,188.48146057301267,842.7295076781163,0.0,46.69708504575847,31084.603357269112,0.0,1.4353973036581726,2.8060945019003913e-8,0.00023940193571316687,1,0
0.008010000000000001,17.68634538094269,251.61114964322184,-307.1286040754414,18.585170499656005,-21.78058613534564,-19.459733270597596,-13.079956319575992,-31.972467652667998,-2.2715124345642987,-0.43627938965198787,188.48152446238132,825.1061420821518,0.0,46.704340700866666,31084.62443070534,0.0,1.4382646388149531,2.8060945019003913e-8,0.00023946914161452823,1,0
0.008020000000000001,16.89568011160142,252.34638627949278,-306.6474326050334,18.57890515402749,-21.752149834136503,-19.509852389090568,-13.096092198956793,-31.977953179499714,-2.2065717616527394,-0.424072735154315,188.48158842158603,807.4729794696161,0.0,46.711396228524166,31084.64552718363,0.0,1.4411328495711102,2.8060945019003913e-8,0.0002395343260489409,1,0
0.00803,16.104661019539037,253.07792281733657,-306.16201669355047,18.572646224957182,-21.723527835654142,-19.559804591036702,-13.112020792052052,-31.983264154456556,-2.1416185090827593,-0.4118948116331751,188.48165245046022,789.8300905003789,0.0,46.71825159774256,31084.666646649064,0.0,1.4440019221918157,2.8060945019003913e-8,0.00023959746963811077,1,0
0.00804,15.313299346887778,253.8057488599997,-305.67236323982706,18.56639375460877,-21.694720442753006,-19.609589513363204,-13.127742039751475,-31.988400612501795,-2.0766531281899763,-0.3997447843846693,188.48171654884212,772.1775457879019,0.0,46.72490677669904,31084.687789048305,0.0,1.446871842909799,2.8060945019003913e-8,0.00023965859393596314,1,0
0.00805,14.52160634064878,254.52985406346312,-305.1784792029228,18.560147783323,-21.665727959783897,-19.65920679473849,-13.143255885866454,-31.99336258779461,-2.0116760695957154,-0.38762181790442973,188.4817807165747,754.5154159052531,0.0,46.73136173273406,31084.70895432958,0.0,1.4497425979257499,2.8060945019003913e-8,0.00023971768130895063,1,0
0.008060000000000001,13.729593252531707,255.25022813658927,-304.6803716020227,18.553908349616165,-21.63655069259769,-19.708656075568513,-13.158562277130958,-31.998150113683806,-1.9466877832287217,-0.3755250759163644,188.4818449535057,736.8437713912201,0.0,46.73761643234916,31084.7301424427,0.0,1.4526141734087217,2.8060945019003913e-8,0.00023977474036029206,1,0
0.00807,12.937271338796222,255.96686084126765,-304.1780475163387,18.547675490178783,-21.607188948549044,-19.75793699799297,-13.173661163202263,-32.00276322270188,-1.8816887183468793,-0.36345372140122834,188.4819092594877,719.1626827564863,0.0,46.74367084120476,31084.751353339037,0.0,1.4554865554965328,2.8060945019003913e-8,0.00023982975859946146,1,0
0.00808,12.14465186009016,256.67974199256145,-303.67151408500786,18.541449239874307,-21.57764303650022,-19.8070492058815,-13.188552496661694,-32.007201946559235,-1.8166793235587235,-0.3514069166250948,188.481973634378,701.4722204896281,0.0,46.74952492411824,31084.772586971565,0.0,1.4583597302961753,2.8060945019003913e-8,0.00023988274962887315,1,0
0.00809,11.351746081290877,257.3888614588516,-303.16077850699133,18.535229631737856,-21.54791326682468,-19.85599234482992,-13.20323623301526,-32.011466316138566,-1.751660046845391,-0.33938382316770443,188.48203807803867,683.7724550633196,0.0,46.75517864506196,31084.79384329482,0.0,1.4612336838842184,2.8060945019003913e-8,0.00023993370583737586,1,0
0.008100000000000001,10.558565271344492,258.09420916198076,-302.64584804097234,18.529016696975035,-21.517999951410815,-19.90476606215642,-13.217712330694319,-32.015556361489516,-1.686631335582332,-0.32738360195069127,188.48210259033664,666.0634569404235,0.0,46.760631967161565,31084.815122264914,0.0,1.4641084023072166,2.8060945019003913e-8,0.0002399826165014364,1,0
0.008110000000000001,9.76512070310621,258.79577507739674,-302.1267300052524,18.52281046496084,-21.487903403665655,-19.95337000689789,-13.231980751056186,-32.019472111823504,-1.6215936365613608,-0.315405413265724,188.48216717114363,648.3452965801575,0.0,46.765884852694256,31084.836423839566,0.0,1.4669838715821153,2.8060945019003913e-8,0.00024002950777027993,1,0
0.00812,8.97142365317955,259.493549234295,-301.60343177764827,18.516610963238605,-21.457623938518555,-20.00180382980602,-13.246041458384655,-32.023213595508764,-1.5565473960123182,-0.3034484168024889,188.48223182033612,630.6180444441735,0.0,46.7709372630873,31084.85774797806,0.0,1.469860077696663,2.8060945019003913e-8,0.00024007435888612205,1,0
0.00813,8.177485401756439,260.18752171576034,-301.0759607953855,18.510418217518904,-21.427161872424772,-20.050067183343543,-13.259894419890514,-32.026780840065484,-1.4914930596251939,-0.29151177167660336,188.48229653779543,612.8817710027213,0.0,46.77578915891654,31084.879094641274,0.0,1.4727370066098189,2.8060945019003913e-8,0.0002401171749294162,1,0
0.008140000000000001,7.383317232456731,260.8776826589076,-300.5443245549949,18.504232251678765,-21.396517523369162,-20.098159721680606,-13.273539605712035,-32.030173872161406,-1.4264310725722158,-0.27959463645744176,188.48236132340764,595.1365467408473,0.0,46.78044049990507,31084.900463791644,0.0,1.475614644252164,2.8060945019003913e-8,0.00024015793943669983,1,0
0.008150000000000001,6.588930432168187,261.56402225502205,-300.0085306122039,18.49805308776065,-21.365691210869766,-20.146081100690864,-13.286976988915386,-32.03339271760733,-1.3613618795298645,-0.26769616919582706,188.4824261770637,577.3824421644987,0.0,46.78489124492208,31084.921855393237,0.0,1.4784929765263115,2.8060945019003913e-8,0.00024019669076448188,1,0
0.00816,5.794336290885621,262.24653074969876,-299.46858658183055,18.4918807459717,-21.33468325598151,-20.19383097794772,-13.300206545495028,-32.03643740135301,-1.2962859247008662,-0.2558155274516478,188.48249109865932,559.6195278066638,0.0,46.789141351981726,31084.94326941167,0.0,1.4813719893073212,2.8060945019003913e-8,0.00024023338737888186,1,0
0.00817,4.999546101550431,262.9251984429815,-298.92450013767444,18.485715244682954,-21.303493981299702,-20.241409012720627,-13.313228254374057,-32.03930794748328,-1.2312036518365375,-0.24395186832140237,188.48255608809507,541.8478742335708,0.0,46.7931907782421,31084.964705814164,0.0,1.484251668443111,2.8060945019003913e-8,0.00024026804608264993,1,0
0.008180000000000002,4.204571159890481,263.6000156895001,-298.37627901240853,18.479556600428594,-21.272123710963665,-20.28881486597129,-13.326042097404525,-32.04200437921406,-1.166115504258876,-0.232104348465624,188.48262114527628,524.0675520508677,0.0,46.797039480004415,31084.986164569535,0.0,1.4871319997548718,2.8060945019003913e-8,0.00024030068008171895,1,0
0.008190000000000001,3.40942276425956,264.2709728986076,-297.8239309974685,18.473404827905398,-21.240572770660304,-20.33604820034982,-13.338648059367621,-32.044526718889145,-1.101021924882808,-0.22027212413626618,188.48268627011316,506.27863190974824,0.0,46.80068741271219,31085.00764564817,0.0,1.4900129690374795,2.8060945019003913e-8,0.00024033126257081913,1,0
0.0082,2.614112215476341,264.938060534517,-297.26746394294213,18.46725993997204,-21.208841487627687,-20.383108680191057,-13.351046127974007,-32.04687498797664,-1.0359233562384027,-0.20845435120396694,188.48275146252072,488.4811845131444,0.0,46.8041345309507,31085.029149022062,0.0,1.492894562059914,2.8060945019003913e-8,0.0002403598066646334,1,0
0.00821,1.818650816664146,265.6012691164363,-296.70688575745805,18.461121947648614,-21.176930190658563,-20.429995971510806,-13.363236293863935,-32.04904920706593,-0.9708202404933193,-0.19665018518528488,188.4828167224188,470.6752806219224,0.0,46.80738078844634,31085.0506746648,0.0,1.4957767645656732,2.8060945019003913e-8,0.0002403863217243403,1,0
0.00822,1.023049873090212,266.2605892187036,-296.14220440807316,18.45499086011614,-21.14483921010392,-20.476709742001912,-13.375218550607356,-32.051049395864666,-0.9057130194748968,-0.18485878126982858,188.48288204973204,452.86099106101835,0.0,46.81042613806622,31085.07222255155,0.0,1.4986595622731893,2.8060945019003913e-8,0.00024041079144694957,1,0
0.008230000000000001,0.227320692004918,266.916011470921,-295.57342792015936,18.448866684716116,-21.112568877876495,-20.523249661030658,-13.386992894704088,-32.052875573196154,-0.8406021346927144,-0.17307929434734692,188.48294744438994,435.03838672566474,0.0,46.81327053181788,31085.093792659078,0.0,1.5015429408762477,2.8060945019003913e-8,0.00024043322473600928,1,0
0.00824,-0.5685254175185328,267.5675265580872,-295.0005643772894,18.44274942695021,-21.08011952745425,-20.56961539963291,-13.39855932558381,-32.05452775699677,-0.7754880273609803,-0.16131087903475372,188.48301290632682,417.2075385875768,0.0,46.815913920849084,31085.11538496574,0.0,1.5044268860444021,2.8060945019003913e-8,0.00024045361200535423,1,0
0.00825,-1.3644771447453161,268.2151252207308,-294.42362192112256,18.43663909047991,-21.047491493884,-20.61580663051024,-13.409917845606092,-32.0560059643137,-0.7103711384206672,-0.14955268970308566,188.48307843548181,399.3685177010768,0.0,46.818356255447696,31085.13699945149,0.0,1.5073113834233962,2.8060945019003913e-8,0.00024047196873197563,1,0
0.00826,-2.16052317743973,268.8587982550414,-293.84260875128797,18.430535677126272,-21.01468511378472,-20.661823028026337,-13.42106846006039,-32.05731021130277,-0.6452519085623152,-0.1378038805044124,188.4831440317989,381.52139520936646,0.0,46.8205974850418,31085.15863609787,0.0,1.5101964186355807,2.8060945019003913e-8,0.0002404882735908588,1,0
0.008270000000000001,-2.9566522020256,269.49853651300043,-293.2575331252688,18.424439186869748,-20.98170072535118,-20.707664268202983,-13.43201117716592,-32.05844051322667,-0.5801307782480922,-0.12606360539871186,188.48320969522692,363.66624235063364,0.0,46.82263755819974,31085.18029488802,0.0,1.5130819772803341,2.8060945019003913e-8,0.00024050254112814584,1,0
0.008280000000000001,-3.752852903747063,270.1343309025111,-292.6684033582848,18.41834961785004,-20.948538668357248,-20.75333002871652,-13.442746008071607,-32.05939688445313,-0.5150081877347343,-0.11433101818068847,188.4832754257195,345.80313046436794,0.0,46.82447642263039,31085.20197580669,0.0,1.5159680449344803,2.8060945019003913e-8,0.00024051478170631496,1,0
0.00829,-4.549113966829845,270.7661723875279,-292.0752278231743,18.412266966365994,-20.91519928415955,-20.798819988893722,-13.453272966855883,-32.060179338453516,-0.4498845770954638,-0.10260527250654539,188.48334122323516,327.9321309973858,0.0,46.82611402518355,31085.223678840186,0.0,1.5188546071527125,2.8060945019003913e-8,0.00024052496502247056,1,0
0.0083,-5.345424074641713,271.39405198818463,-291.4780149502742,18.406191226875606,-20.88168291570072,-20.844133829708284,-13.463592070526524,-32.06078788780155,-0.38476038624293807,-0.09088552192073829,188.4834070877372,310.0533155101605,0.0,46.82755031185037,31085.245403976453,0.0,1.521741649468012,2.8060945019003913e-8,0.00024053311467514202,1,0
0.008310000000000001,-6.141771909853492,272.0179607809224,-290.87677322730167,18.400122391996046,-20.847989907512936,-20.88927123377683,-13.473703339020378,-32.061222544172225,-0.31963605495150915,-0.07917091988268643,188.48347301919375,292.166755682952,0.0,46.828785227764,31085.267151205,0.0,1.524629157392071,2.8060945019003913e-8,0.00024053922440460396,1,0
0.008320000000000001,-6.938146154599536,272.63788989861627,-290.27151119923235,18.39406045250372,-20.81412060572127,-20.93423188535516,-13.483606795203093,-32.06148331834095,-0.25451202287986874,-0.0674606197934633,188.48353901757787,274.2725233220311,0.0,46.8298187172002,31085.28892051695,0.0,1.5275171164157113,2.8060945019003913e-8,0.00024054329079706976,1,0
0.00833,-7.734535490639143,273.2538305307012,-289.6622374681794,18.388005397334446,-20.780075358047224,-20.979015470334446,-13.493302464868858,-32.06157022018292,-0.18938872959347108,-0.055753775022451046,188.48360508286734,256.3706903658417,0.0,46.830650723578216,31085.310711905007,0.0,1.5304055120093107,2.8060945019003913e-8,0.0002405453168217095,1,0
0.00834,-8.53092859951694,273.86577392329735,-289.04896069327117,18.38195721358363,-20.745854513811988,-21.0236216762373,-13.50279037673993,-32.06148325867264,-0.12426661458709454,-0.04404953893399077,188.48367121504486,238.4613288912103,0.0,46.83128118946171,31085.332525363494,0.0,1.5332943296232229,2.8060945019003913e-8,0.0002405453168217095,1,0
0.008350000000000002,-9.327314162724408,274.4737113793349,-288.43168959052804,18.375915886506522,-20.71145842393992,-21.06805019221406,-13.512070562466329,-32.06122244188365,-0.05914611730736752,-0.03234706491400818,188.48373741409796,220.54451111952667,0.0,46.831710056559736,31085.354360888305,0.0,1.536183554688201,2.8060945019003913e-8,0.0002405453168217095,1,0
0.008360000000000001,-10.123680861859324,275.0776342586764,-287.810432932739,18.369881399518526,-20.676887440961863,-21.112300709038884,-13.52114305662533,-32.060787776988555,0.005972322824595366,-0.02064550639664009,188.48380368001895,202.62030942299538,0.0,46.831937265727866,31085.376218476933,0.0,1.5390731726158189,2.8060945019003913e-8,0.0002405453168217095,1,0
0.00837,-10.920017378788508,275.67753397824146,-287.18519954933606,18.363853734195583,-20.64214191901863,-21.156372919105827,-13.53000789672099,-32.06017927025921,0.07108826639094801,-0.008944016890833961,188.48387001280503,184.688796330689,0.0,46.83196275696958,31085.398098128484,0.0,1.5419631687988977,2.8060945019003913e-8,0.0002405453168217095,1,0
0.00838,-11.716312395807265,276.2734020121269,-286.55599832626956,18.35783287027455,-20.607222213864233,-21.20026651642517,-13.538665123183664,-32.05939692706701,0.13620127395424575,0.0027582499930352,188.48393641245823,166.75004453489927,0.0,46.83178646943746,31085.419999843645,0.0,1.544853528611927,2.8060945019003913e-8,0.0002405453168217095,1,0
0.00839,-12.5125545958008,276.86522989172903,-285.9228382058817,18.35181878565373,-20.572128682869334,-21.24398119661934,-13.547114779369345,-32.05844075188354,0.20131090603518942,0.014462140516555533,188.48400287898542,148.80412689719913,0.0,46.83140834143479,31085.44192362471,0.0,1.5477442374114891,2.8060945019003913e-8,0.0002405453168217095,1,0
0.008400000000000001,-13.308732662405061,277.45300920586385,-285.2857281867792,18.345811456393374,-20.53686168502454,-21.28751665691918,-13.555356911559128,-32.05731074828142,0.266416723089975,0.02616850078666344,188.48406941239827,130.8511164546855,0.0,46.83082831041711,31085.46386947555,0.0,1.550635280536684,2.8060945019003913e-8,0.0002405453168217095,1,0
0.00841,-14.104835280167187,278.03673160088596,-284.6446773237056,18.33981085671627,-20.501421580943767,-21.33087259616004,-13.56339156895854,-32.056006918935125,0.3315182854877463,0.03787817672900906,188.48413601271332,112.89108642617128,0.0,46.830046312993915,31085.48583740164,0.0,1.5535266433095507,2.8060945019003913e-8,0.0002405453168217095,1,0
0.00842,-14.900851134706896,278.6163887808083,-283.99969472741316,18.33381695900837,-20.465808732867604,-21.374048714777736,-13.571218803696798,-32.05452926562241,0.3966151534883835,0.04959201406132663,188.48420267995192,94.92411021828448,0.0,46.82906228493042,31085.50782741005,0.0,1.5564183110354946,2.8060945019003913e-8,0.0002405453168217095,1,0
0.00843,-15.696768912876816,279.19197250741905,-283.3507895645316,18.32782973381955,-20.430023504666575,-21.417044714804913,-13.578838670826157,-32.05287778922559,0.46170688721969455,0.06131085826676763,188.4842694141403,76.950261431737,0.0,46.827876161149646,31085.529839509447,0.0,1.5593102690037097,2.8060945019003913e-8,0.0002405453168217095,1,0
0.008440000000000001,-16.492577302923927,279.7634746003997,-282.6979710574398,18.321849149864292,-20.394066261844493,-21.45986029986692,-13.58625122832105,-32.051052489733166,0.5267930466551416,0.07303555456722144,188.48433621530944,58.96961386743166,0.0,46.826487875734244,31085.551873710087,0.0,1.5622025024876045,2.8060945019003913e-8,0.0002405453168217095,1,0
0.008450000000000001,-17.28826499464892,280.33088693744014,-282.04124848413403,18.315875174022565,-20.35793737154174,-21.50249517517797,-13.593456537077286,-32.04905336624172,0.5918731915913131,0.08476694789660177,188.4844030834952,40.98224153269376,0.0,46.824897361928834,31085.573930023813,0.0,1.5650949967452235,2.8060945019003913e-8,0.0002405453168217095,1,0
0.00846,-18.083820679568806,280.8942014543553,-281.3806311780957,18.309907771340637,-20.321637202538682,-21.544949047537198,-13.600454660911257,-32.04688041695786,0.6569468816256467,0.09650588287411788,188.4844700187383,22.988218647339096,0.0,46.823104552142134,31085.59600846408,0.0,1.5679877370196749,2.8060945019003913e-8,0.0002405453168217095,1,0
0.00847,-18.87923305107625,281.45341014519903,-280.71612852815855,18.303946905032014,-20.285166125258794,-21.587221625324702,-13.60724566655892,-32.04453363920051,0.7220136761338782,0.1082532037774886,188.48453702108424,4.9876196499066054,0.0,46.8211093779494,31085.618109045914,0.0,1.5708807085395533,2.8060945019003913e-8,0.0002405453168217095,1,0
0.008480000000000001,-19.674490804600886,282.0085050623779,-280.04774997837654,18.29799253647846,-20.248524511772104,-21.629312618497647,-13.613829623674945,-32.04201302940335,0.7870731342477626,0.12000975451614115,188.4846040905833,-13.01948079619288,0.0,46.81891177009488,31085.64023178594,0.0,1.5737738965193644,2.8060945019003913e-8,0.0002405453168217095,1,0
0.008490000000000001,-20.46958263776955,282.55947831676446,-279.37550502788827,18.292044625230957,-20.21171273579838,-21.671221738586272,-13.620206604831695,-32.03931858311745,0.852124814832596,0.13177637860434022,188.48467122729068,-31.033007796536964,0.0,46.81651165849449,31085.662376702374,0.0,1.5766672861599478,2.8060945019003913e-8,0.0002405453168217095,1,0
0.0085,-21.264497250567445,283.1063220778092,-278.69940323078237,18.286103129010893,-20.17473117271052,-21.71294869868989,-13.6263766855182,-32.03645029501413,0.9171682764651354,0.14355391913429916,188.48473843126632,-49.052886219581495,0.0,46.81390897223841,31085.684543815023,0.0,1.5795608626489035,2.8060945019003913e-8,0.0002405453168217095,1,0
0.00851,-22.059223345498374,283.64902857365183,-278.01945419596206,18.28016800371112,-20.13758019953773,-21.75449321347293,-13.632339944139073,-32.03340815888799,0.982203077411107,0.1553432187492172,188.48480570257504,-67.07904069047524,0.0,46.81110363959399,31085.706733145285,0.0,1.5824546111610145,2.8060945019003913e-8,0.0002405453168217095,1,0
0.008520000000000002,-22.85374962774549,284.18759009123187,-277.33566758700795,18.274239203397233,-20.100260194968875,-21.79585499916094,-13.638096462013417,-32.03019216766027,1.0472287756031005,0.16714511961627476,188.48487304128642,-85.1113955849664,0.0,46.80809558800864,31085.728944716127,0.0,1.5853485168586712,2.8060945019003913e-8,0.0002405453168217095,1,0
0.008530000000000001,-23.64806480533145,284.7219989763978,-276.6480531220418,18.268316680308793,-20.062771539355655,-21.837033773536675,-13.643646323373687,-32.02680231338221,1.112244928618109,0.17896046339955252,188.48494044747486,-103.1498750231888,0.0,46.804884744112925,31085.751178552127,0.0,1.5882425648922933,2.8060945019003913e-8,0.0002405453168217095,1,0
0.00854,-24.44215758927936,285.25224763401656,-275.95662057358675,18.26240038486065,-20.025114614716035,-21.878029255935886,-13.648989615364481,-32.02323858723875,1.1772510936556948,0.19079009123291524,188.4850079212196,-121.1944028636928,0.0,46.80147103372367,31085.77343467944,0.0,1.5911367404007561,2.8060945019003913e-8,0.0002405453168217095,1,0
0.00855,-25.236016693773216,285.7783285280811,-275.26137976842995,18.25649026564436,-19.98728980473734,-21.918841167243425,-13.654126428041257,-32.01950097955246,1.242246827515654,0.20263484369280338,188.48507546260464,-139.2449026972145,0.0,46.797854381847316,31085.795713125797,0.0,1.594031028511812,2.8060945019003913e-8,0.0002405453168217095,1,0
0.00856,-26.02963083631784,286.30023418181736,-274.5623405874822,18.250586269429554,-19.94929749477962,-21.959469229889258,-13.659056854369169,-32.0155894797876,1.3072316865758449,0.21449556077095622,188.48514307171882,-157.30129784058016,0.0,46.794034712683164,31085.81801392052,0.0,1.5969254143425133,2.8060945019003913e-8,0.0002405453168217095,1,0
0.008570000000000001,-26.82298873789969,286.81795717779084,-273.8595129656375,18.24468834116549,-19.911138071878902,-21.999913167844273,-13.663780990221653,-32.01150407655433,1.3722052267703546,0.22637308184707905,188.4852107486558,-175.36351133066768,0.0,46.790011949627036,31085.840337094538,0.0,1.5998198829996362,2.8060945019003913e-8,0.0002405453168217095,1,0
0.00858,-27.616079123146694,287.3314901580116,-273.152906891632,18.238796423982564,-19.872811924750366,-22.040172706616335,-13.668298934379097,-32.007244757613286,1.4371670035671862,0.2382682456613976,188.48527849351393,-193.43146591823142,0.0,46.78578601527478,31085.862682680316,0.0,1.6027144195801006,2.8060945019003913e-8,0.0002405453168217095,1,0
0.00859,-28.408890720489065,287.8408258240395,-272.44253240790255,18.23291045919397,-19.834319443791763,-22.080247573246062,-13.672610788527418,-32.00281150988029,1.502116571946745,0.25018189028716886,188.48534630639645,-211.50508406192634,0.0,46.78135683142602,31085.885050711924,0.0,1.6056090091713955,2.8060945019003913e-8,0.0002405453168217095,1,0
0.0086,-29.20141226231911,288.3459569370871,-271.7283996104423,18.227030386297308,-19.79566102108651,-22.120137496303016,-13.676716657256721,-31.99820431943115,1.5670534863793932,0.2621148531030757,188.48541418741138,-229.5842879221159,0.0,46.77672431908803,31085.90744122502,0.0,1.6085036368519978,2.8060945019003913e-8,0.0002405453168217095,1,0
0.008610000000000001,-29.993632485151565,288.84687631812346,-271.0105186486595,18.221156142976348,-19.756837050407047,-22.159842205881244,-13.680616648059653,-31.993423171506834,1.6319773008041114,0.274067970765536,188.48548213667146,-247.6689993549066,0.0,46.77188839847963,31085.92985425681,0.0,1.6113982876917958,2.8060945019003913e-8,0.0002405453168217095,1,0
0.008620000000000001,-30.78554012978329,289.34357684797504,-270.2888997252316,18.215287665102803,-19.717847927218013,-22.199361433595534,-13.684310871330032,-31.988468050518755,1.6968875686061882,0.28604207918091973,188.4855501542943,-265.75913990598224,0.0,46.766848989035296,31085.952289846115,0.0,1.6142929467525071,2.8060945019003913e-8,0.0002405453168217095,1,0
0.00863,-31.57712394145376,289.8360514674281,-269.56355309596086,18.209424886738173,-19.678694048679606,-22.238694912576964,-13.687799440361177,-31.983338940054246,1.7617838425959569,0.298038013477675,188.48561824040218,-283.8546308046823,0.0,46.76160600940929,31085.974748033303,0.0,1.6171875990881024,2.8060945019003913e-8,0.0002405453168217095,1,0
0.00864,-32.36837267000503,290.32429317732806,-268.834489069628,18.203567740135647,-19.639375813650755,-22.27784237746901,-13.691082471344373,-31.978035822882298,1.826665674986737,0.31005660797834267,188.4856863951222,-301.9553929578724,0.0,46.75615937748002,31085.997228860313,0.0,1.620082229745223,2.8060945019003913e-8,0.0002405453168217095,1,0
0.008650000000000001,-33.15927507004123,290.8082950386797,-268.10171800784707,18.19771615574208,-19.5998936226924,-22.316803564423253,-13.694160083367162,-31.972558680959438,1.8915326173734535,0.3220986961714569,188.48575461858627,-320.06134694393313,0.0,46.750509010354335,31086.019732370678,0.0,1.622976823763602,2.8060945019003913e-8,0.0002405453168217095,1,0
0.008660000000000001,-33.949819901088404,291.28805017274505,-267.36525032491676,18.19187006219998,-19.560247878070715,-22.355578211095324,-13.6970323984117,-31.966907495435827,1.9563842207107953,0.3341651106833492,188.48582291093098,-338.1724130067272,0.0,46.744654824372184,31086.04225860948,0.0,1.6258713661764799,2.8060945019003913e-8,0.0002405453168217095,1,0
0.00867,-34.73999592775472,291.76355176114174,-266.625096487673,18.186029386349645,-19.520438983760485,-22.394166056640604,-13.699699541353002,-31.961082246661626,2.0212200352920995,0.34625668324984105,188.48589127229775,-356.28851104965304,0.0,46.73859673511114,31086.064807623392,0.0,1.6287658420110274,2.8060945019003913e-8,0.0002405453168217095,1,0
0.00868,-35.52979191988979,292.23479304593974,-265.88126701534003,18.180194053231265,-19.480467345448226,-22.43256684171021,-13.702161639957207,-31.955082914193433,2.086039610727523,0.358374244687802,188.48595970283267,-374.4095606295598,0.0,46.73233465739119,31086.08737946063,0.0,1.63166023628876,2.8060945019003913e-8,0.0002405453168217095,1,0
0.008690000000000002,-36.31919665274441,292.7017673297572,-265.13377247938115,18.174363986087123,-19.440333370535534,-22.47078030844661,-13.704418824879708,-31.948909476800992,2.1508424959229746,0.3705186248666017,188.48602820268667,-392.5354809508192,0.0,46.72586850527959,31086.109974170995,0.0,1.634554534025957,2.8060945019003913e-8,0.0002405453168217095,1,0
0.008700000000000001,-37.10819890712982,293.164467975856,-264.38262350334867,18.1685391063639,-19.40003746814228,-22.508806200479587,-13.706471229663338,-31.942561912474147,2.2156282390585247,0.38269065267942004,188.48609677201532,-410.6661908592868,0.0,46.719198192095845,31086.13259180583,0.0,1.6374487202340757,2.8060945019003913e-8,0.0002405453168217095,1,0
0.00871,-37.89678746957762,293.6228884082357,-263.6278307627316,18.162719333714964,-19.35958004911,-22.546644262921838,-13.708318990736467,-31.936040198429893,2.280396387567542,0.39489115601445945,188.486165410979,-428.80160883644476,0.0,46.712323630416776,31086.15523241807,0.0,1.6403427799201697,2.8060945019003913e-8,0.0002405453168217095,1,0
0.00872,-38.68495113249867,294.0770221117272,-262.8694049848062,18.15690458600278,-19.318961526005044,-22.584294242364912,-13.70996224741108,-31.929344311119706,2.3451464881152386,0.4071209617259939,188.48623411974276,-446.9416529933027,0.0,46.705244732081766,31086.17789606217,0.0,1.6432366980873032,2.8060945019003913e-8,0.0002405453168217095,1,0
0.00873,-39.47267869434292,294.52686263208545,-262.10735694848097,18.151094779301335,-19.2781823131219,-22.621755886874844,-13.711401141880769,-31.922474226237,2.4098780865777414,0.4193808956052809,188.48630289847642,-465.0862410645747,0.0,46.69796140819803,31086.200582794176,0.0,1.646130459734965,2.8060945019003913e-8,0.0002405453168217095,1,0
0.008740000000000001,-40.25995895975809,294.972403576081,-261.3416974841456,18.145289827898697,-19.237242826486487,-22.659028945987956,-13.71263581921875,-31.91542991872491,2.474590728021065,0.4316717823513798,188.4863717473545,-483.2352904026757,0.0,46.690473569146114,31086.223292671675,0.0,1.6490240498594837,2.8060945019003913e-8,0.0002405453168217095,1,0
0.00875,-41.04678073974874,295.41363861159056,-260.5724374735155,18.139489644299548,-19.196143483859416,-22.69611317070657,-13.713666427375793,-31.90821136278406,2.539283956680114,0.44399444554175815,188.4864406665562,-501.38871797182037,0.0,46.68278112458538,31086.24602575381,0.0,1.6519174534544376,2.8060945019003913e-8,0.0002405453168217095,1,0
0.00876,-41.83313285183587,295.85056146768784,-259.79958784947894,18.133694139227842,-19.15488470473932,-22.733008313494626,-13.714493117178083,-31.900818531880734,2.6039573159381177,0.4563497076028078,188.4865096562655,-519.5464403421468,0.0,46.67488398345971,31086.268782101288,0.0,1.6548106555110709,2.8060945019003913e-8,0.0002405453168217095,1,0
0.00877,-42.61900412021535,296.2831659347318,-259.02315959593886,18.127903221629506,-19.113466910366093,-22.76971412827359,-13.715116042325173,-31.89325139875516,2.668610348305533,0.46873838978019755,188.48657871667098,-537.7083736837815,0.0,46.66678205400325,31086.29156177633,0.0,1.6577036410187027,2.8060945019003913e-8,0.0002405453168217095,1,0
0.008780000000000001,-43.40438337591703,296.7114458644555,-258.2431637476601,18.12211679867522,-19.071890523724228,-22.80623037041795,-13.715535359387703,-31.88550993542993,2.7332425953996538,0.4811613121090481,188.48664784796597,-555.8744337609671,0.0,46.65847524374638,31086.314364842743,0.0,1.660596394965139,2.8060945019003913e-8,0.0002405453168217095,1,0
0.008790000000000001,-44.18925945696305,297.135395170053,-257.4596113901099,18.116334775763203,-19.030155969546097,-22.842556796751012,-13.715751227805255,-31.87759411321872,2.797853597923824,0.49361929338397914,188.48671705034846,-574.0445359261967,0.0,46.64996345952163,31086.337191365856,0.0,1.6634889023370796,2.8060945019003913e-8,0.0002405453168217095,1,0
0.0088,-44.97362120852707,297.5550078262664,-256.67251365930167,18.110557056522193,-18.988263674315345,-22.878693165540454,-13.715763809884027,-31.869503902735147,2.862442895647261,0.5061131511289947,188.48678632402115,-592.2185951144044,0.0,46.64124660746988,31086.36004141256,0.0,1.6663811481205308,2.8060945019003913e-8,0.0002405453168217095,1,0
0.00881,-45.75745748309232,297.9702778694708,-255.8818817416364,18.104783542814328,-18.946214066270066,-22.91463923649414,-13.715573270794593,-31.861239273901823,2.927010027384295,0.5186437015671732,188.48685566919136,-610.3965258370303,0.0,46.63232459304659,31086.382915051254,0.0,1.6692731173012114,2.8060945019003913e-8,0.0002405453168217095,1,0
0.008820000000000001,-46.54075714061068,298.38119939776004,-255.08772687374355,18.0990141347382,-18.904007575406265,-22.950394770755572,-13.7151797785695,-31.85280019595953,2.991554530974385,0.5312117595902563,188.48692508607107,-628.5782421763046,0.0,46.62319732102814,31086.405812351895,0.0,1.6721647948649598,2.8060945019003913e-8,0.0002405453168217095,1,0
0.008830000000000001,-47.32350904865963,298.7877665710293,-254.2900603423222,18.093248730631984,-18.861644633481077,-22.98595953089969,-13.714583504100911,-31.844186637476852,3.056075943261698,0.5438181387279784,188.48699457487695,-646.763657779306,0.0,46.61386469551832,31086.428733385976,0.0,1.6750561657981393,2.8060945019003913e-8,0.0002405453168217095,1,0
0.00884,-48.10570208260229,299.1899736110593,-253.48889348397887,18.087487227076537,-18.819125674016263,-23.021333280928395,-13.713784621138233,-31.835398566359622,3.12057380007521,0.5564636511173191,188.4870641358303,-664.952685852317,0.0,46.60432661995494,31086.45167822653,0.0,1.6779472150880452,2.8060945019003913e-8,0.0002405453168217095,1,0
0.00885,-48.88732512574418,299.58781480159763,-252.68423768506815,18.08172951889868,-18.776451132301386,-23.056515786266164,-13.71278330628553,-31.826435949860823,3.185047636208534,0.5691491074714978,188.48713376915705,-683.1452391549155,0.0,46.594582997116525,31086.474646948092,0.0,1.6808379277233076,2.8060945019003913e-8,0.0002405453168217095,1,0
0.008860000000000002,-49.66836706949181,299.98128448844045,-251.8761043815299,18.075975499174472,-18.733621445397286,-23.091506813755664,-13.71157973899912,-31.81729875459061,3.249496985400169,0.5818753170488637,188.48720347508777,-701.3412299942796,0.0,46.584633729129145,31086.497639626745,0.0,1.6837282886942957,2.8060945019003913e-8,0.0002405453168217095,1,0
0.008870000000000001,-50.44881681351014,300.3703770795124,-251.06450505872772,18.070225059232552,-18.690637052139383,-23.126306131653372,-13.710174101585,-31.807986946526462,3.3139213803135235,0.5946430876215203,188.48727325385764,-719.5405702193627,0.0,46.574478717473355,31086.520656340093,0.0,1.6866182829935168,2.8060945019003913e-8,0.0002405453168217095,1,0
0.00888,-51.22866326588087,300.75508704494666,-250.24945125128372,18.064478088657616,-18.64749839314111,-23.160913509625015,-13.708566579196207,-31.798500491023667,3.378320352517507,0.6074532254438587,188.48734310570643,-737.7431712152779,0.0,46.5641178629913,31086.54369716726,0.0,1.6895078956160212,2.8060945019003913e-8,0.0002405453168217095,1,0
0.00889,-52.00789534325972,301.1354089171629,-249.43095454291736,18.058734475293875,-18.60420591079725,-23.195328718741354,-13.706757359830306,-31.788839352825818,3.4426934324666476,0.6203065352208235,188.48741303087857,-755.948943897429,0.0,46.553551065893856,31086.566762188886,0.0,1.6923971115598,2.8060945019003913e-8,0.0002405453168217095,1,0
0.0089,-52.786501971033935,301.5113372909456,-248.60902656627803,18.052994105248647,-18.560760049287364,-23.229551531473536,-13.704746634326609,-31.77900349607559,3.5070401494818473,0.6332038200760337,188.48748302962304,-774.1577987059333,0.0,46.542778225767904,31086.58985148713,0.0,1.6952859158261844,2.8060945019003913e-8,0.0002405453168217095,1,0
0.008910000000000001,-53.56447208348026,301.88286682352054,-247.7836790027817,18.047256862895992,-18.517161254579182,-23.26358172168869,-13.702534596363503,-31.768992884325726,3.571360031731002,0.6461458815197041,188.4875531021934,-792.3696455998817,0.0,46.53179924158385,31086.612965145654,0.0,1.6981742934202433,2.8060945019003913e-8,0.0002405453168217095,1,0
0.00892,-54.341794623920805,302.2499922346304,-246.9549235824445,18.041522630880422,-18.473409974431966,-23.29741906464558,-13.700121442455723,-31.75880748055019,3.635652606209522,0.6591335194163577,188.48762324884783,-810.5843940515931,0.0,46.52061401170308,31086.63610324965,0.0,1.7010622293511783,2.8060945019003913e-8,0.0002405453168217095,1,0
0.00893,-55.118458544882024,302.61270830661067,-246.12277208371535,18.035791290120695,-18.429506658400083,-23.331063336989942,-13.69750737195155,-31.748447247155447,3.6999173987216203,0.6721675319523328,188.487693469849,-828.8019530411225,0.0,46.50922243388561,31086.65926588579,0.0,1.7039497086327224,2.8060945019003913e-8,0.0002405453168217095,1,0
0.00894,-55.89445280825037,302.971009884463,-245.2872363333085,18.030062719813643,-18.385451757836268,-23.36451431675015,-13.694692587029971,-31.737912145992,3.7641539338609427,0.6852487156031444,188.48776376546425,-847.0222310504843,0.0,46.49762440529796,31086.682453142275,0.0,1.706836716283531,2.8060945019003913e-8,0.0002405453168217095,1,0
0.008950000000000001,-56.669766385429774,303.324891875929,-244.44832820603702,18.024336797438107,-18.341245725895188,-23.397771783332633,-13.69167729269782,-31.72720213836605,3.8283617349918906,0.6983778651005537,188.48783413596536,-865.245136058077,0.0,46.48581982252091,31086.705665108788,0.0,1.7097232373275768,2.8060945019003913e-8,0.0002405453168217095,1,0
0.008960000000000001,-57.44438825749796,303.67434925156203,-243.6060596246421,18.018613398758937,-18.29688901753682,-23.430835517517433,-13.688461696786858,-31.716317185051423,3.8925403242306515,0.7115557733994926,188.48790458162867,-883.4705755330758,0.0,46.473808581557606,31086.728901876508,0.0,1.7126092567945388,2.8060945019003913e-8,0.0002405453168217095,1,0
0.00897,-58.218307415363604,304.0193770447994,-242.76044255962464,18.012892397831063,-18.252382089530045,-23.463705301453615,-13.685046009950844,-31.705257246301585,3.95668922242686,0.7247832316447855,188.48797510273508,-901.6984564298825,0.0,46.4615905778417,31086.752163538116,0.0,1.7154947597201962,2.8060945019003913e-8,0.0002405453168217095,1,0
0.00898,-58.99151285992229,304.3599703520324,-241.91148902907494,18.00717366700363,-18.207725400455985,-23.496380918654832,-13.681430445662519,-31.69402228186189,4.020807949144821,0.7380610291376186,188.48804569957,-919.9286851824946,0.0,46.449165706245545,31086.775450187786,0.0,1.718379731146815,2.8060945019003913e-8,0.0002405453168217095,1,0
0.008990000000000001,-59.763993602213525,304.69612433267633,-241.0592110985016,18.001457076924233,-18.162919410711574,-23.528862153994773,-13.677615220210589,-31.682612250982043,4.084896022645216,0.7513899533018176,188.4881163724233,-938.1611676990037,0.0,46.436533861088606,31086.79876192116,0.0,1.7212641561235371,2.8060945019003913e-8,0.0002405453168217095,1,0
0.009000000000000001,-60.53573866357562,305.02783420923896,-240.2036208806612,17.995742496543176,-18.117964582513043,-23.561148793702625,-13.67360055269666,-31.67102711242861,4.148952959866701,0.764770789649905,188.4881871215894,-956.3958093559984,0.0,46.423694936145985,31086.822098835386,0.0,1.7241480197067642,2.8060945019003913e-8,0.0002405453168217095,1,0
0.00901,-61.30673707580308,305.3550952673886,-239.34473053538392,17.99002979311787,-18.07286137989952,-23.593240625358433,-13.669386665032096,-31.659266824497863,4.212978276408178,0.7782043217489374,188.48825794736717,-974.6325149931816,0.0,46.410648824656974,31086.845461029072,0.0,1.7270313069605465,2.8060945019003913e-8,0.0002405453168217095,1,0
0.00902,-62.076977881302035,305.67790285602143,-238.48255226940293,17.98431883221726,-18.027610268736424,-23.625137437888803,-13.664973781934954,-31.647331345028732,4.276971486510252,0.7916913311861649,188.48832885006,-992.8711889077165,0.0,46.39739541933383,31086.868848602313,0.0,1.7299140029569642,2.8060945019003913e-8,0.0002405453168217095,1,0
0.009030000000000002,-62.84645013324572,305.996252387327,-237.61709833617968,17.97860947772636,-17.982211716719117,-23.656839021562067,-13.660362130926659,-31.635220631415926,4.340932103037828,0.805232597534367,188.4883998299756,-1011.1117348488737,0.0,46.383934612370645,31086.892261656652,0.0,1.7327960927765105,2.8060945019003913e-8,0.0002405453168217095,1,0
0.009040000000000001,-63.61514289573,306.31013933685375,-236.7483810357308,17.9729015918508,-17.936666193376375,-23.68834516798396,-13.65555194232891,-31.62293464062322,4.4048596374619535,0.8188288983170686,188.48847088742633,-1029.3540560124543,0.0,46.37026629545229,31086.915700295143,0.0,1.7356775615084705,2.8060945019003913e-8,0.0002405453168217095,1,0
0.00905,-64.38304524392933,306.6195592435733,-235.87641271445122,17.967195035121577,-17.890974170074106,-23.719655670092838,-13.650543449260311,-31.610473329196957,4.468753599842687,0.832481008973474,188.48854202272884,-1047.5980550355205,0.0,46.356390359763544,31086.939164622265,0.0,1.738558394251304,2.8060945019003913e-8,0.0002405453168217095,1,0
0.00906,-65.15014626425156,306.924507709944,-235.00120576494177,17.961489666399732,-17.845136120018783,-23.75077032215528,-13.64533688763312,-31.597836653279725,4.53261349881133,0.8461897028231853,188.48861323620426,-1065.8436339908055,0.0,46.34230669599831,31086.962654743973,0.0,1.7414385761130213,2.8060945019003913e-8,0.0002405453168217095,1,0
0.00907,-65.91643505449315,307.2249804019731,-234.12277262582978,17.955785342881214,-17.799152518261113,-23.781688919761464,-13.639932496149877,-31.585024568624135,4.596438841553143,0.8599557510306788,188.48868452817814,-1084.0906943814202,0.0,46.32801519436895,31086.986170767676,0.0,1.74431809221156,2.8060945019003913e-8,0.0002405453168217095,1,0
0.009080000000000001,-66.68190072399454,307.52097304927855,-233.24112578159466,17.950081920101788,-17.753023841699655,-23.81241125982052,-13.634330516299993,-31.57203703060685,4.660229133790333,0.8737799225696037,188.4887558989804,-1102.3391371354567,0.0,46.31351574461578,31087.009712802246,0.0,1.7471969276751607,2.8060945019003913e-8,0.0002405453168217095,1,0
0.00909,-67.44653239379369,307.81248144514956,-232.35627776238996,17.94437925194199,-17.70675056908441,-23.842937140556085,-13.628531192356384,-31.558873994242838,4.72398387976483,0.8876629841867185,188.48882734894536,-1120.588862600557,0.0,46.29880823601665,31087.033280957963,0.0,1.7500750676427381,2.8060945019003913e-8,0.0002405453168217095,1,0
0.0091,-68.2103191967824,308.09950144660667,-231.46824114386465,17.93867719063226,-17.660333181020555,-23.873266361501628,-13.622534771371967,-31.5455354141996,4.787702582221575,0.9016057003657494,188.48889887841173,-1138.8397705386938,0.0,46.28389255739664,31087.056875346607,0.0,1.7529524972642567,2.8060945019003913e-8,0.0002405453168217095,1,0
0.00911,-68.97325027785945,308.38202897446024,-230.57702854698414,17.932975586758012,-17.613772159971983,-23.903398723495798,-13.616341503176091,-31.53202124481169,4.85138474239176,0.9156088332909071,188.48897048772258,-1157.0917601207907,0.0,46.26876859713792,31087.080496081362,0.0,1.7558292017010981,2.8060945019003913e-8,0.0002405453168217095,1,0
0.009120000000000001,-69.73531479408553,308.6600600133689,-229.68265263785275,17.927274289264915,-17.567067990265055,-23.933334028678043,-13.609951640371133,-31.518331440095523,4.915029859976148,0.9296731428102092,188.4890421772253,-1175.3447299213883,0.0,46.25343624318972,31087.104143276832,0.0,1.7587051661264317,2.8060945019003913e-8,0.0002405453168217095,1,0
0.009130000000000001,-70.49650191483686,308.933590611896,-228.78512612753167,17.921573145464166,-17.52022115809223,-23.96307208048385,-13.603365438328781,-31.5044659537641,4.978637433128661,0.943799386398485,188.48911394727162,-1193.5985779134173,0.0,46.23789538307839,31087.1278170491,0.0,1.7615803757255795,2.8060945019003913e-8,0.0002405453168217095,1,0
0.00914,-71.25680082195962,309.20261688256636,-227.88446177185924,17.915872001037933,-17.473232151515866,-23.99261268364016,-13.596583155186458,-31.490424739242073,5.042206958440309,0.9579883191203038,188.48918579821765,-1211.8532014629627,0.0,46.22214590391761,31087.15151751564,0.0,1.7644548156963846,2.8060945019003913e-8,0.0002405453168217095,1,0
0.00915,-72.01620070992345,309.46713500192106,-226.98067237126963,17.910170700044773,-17.426101460471802,-24.021955644160883,-13.589605051843666,-31.47620774968093,5.105737930922782,0.9722406935924575,188.48925773042373,-1230.1084973239629,0.0,46.206187692418744,31087.17524479534,0.0,1.7673284712495734,2.8060945019003913e-8,0.0002405453168217095,1,0
0.009160000000000001,-72.7746907859751,309.7271412105723,-226.07377077061054,17.904469084925232,-17.378829576773214,-24.05110076934219,-13.582431391958263,-31.46181493797433,5.16922984399273,0.9865572599463306,188.48932974425452,-1248.3643616330705,0.0,46.19002063490131,31087.19899900852,0.0,1.7702013276091182,2.8060945019003913e-8,0.0002405453168217095,1,0
0.009170000000000001,-73.53226027029146,309.9826318132562,-225.1637698589618,17.898766996507458,-17.331416994114242,-24.08004786775807,-13.57506244194274,-31.44724625677366,5.232682189455696,1.0009387657900177,188.48940184007898,-1266.6206899043539,0.0,46.17364461730354,31087.222780276927,0.0,1.7730733700125971,2.8060945019003913e-8,0.0002405453168217095,1,0
0.00918,-74.28889839613328,310.23360317888574,-224.25068256945,17.893064274012964,-17.283864208073904,-24.10879674925556,-13.56749847096042,-31.432501658503647,5.296094457490778,1.0153859561700962,188.48947401827033,-1284.8773770242801,0.0,46.15705952519303,31087.24658872368,0.0,1.7759445837115546,2.8060945019003913e-8,0.0002405453168217095,1,0
0.00919,-75.04459440999817,310.4800517406024,-223.33452187906684,17.8873607550624,-17.236171716119724,-24.137347224950293,-13.559739750921633,-31.417581095378207,5.359466136634913,1.0298995735332852,188.48954627920602,-1303.1343172464412,0.0,46.14026524377774,31087.270424473332,0.0,1.7788149539718574,2.8060945019003913e-8,0.0002405453168217095,1,0
0.009200000000000002,-75.79933757177308,310.7219739958266,-222.41530080848344,17.88165627568148,-17.18834001761161,-24.16569910722188,-13.551786556479868,-31.402484519416504,5.422796713767683,1.0444803576877426,188.48961862326775,-1321.3914041864812,0.0,46.123261657916764,31087.29428765181,0.0,1.7816844660740512,2.8060945019003913e-8,0.0002405453168217095,1,0
0.009210000000000001,-76.55311715488665,310.95936650630745,-221.49303242186662,17.875950670306953,-17.140369613805614,-24.19385220970937,-13.54363916502789,-31.38721188245905,5.486085674095966,1.0591290457641627,188.4896910508414,-1339.6485308169308,0.0,46.10604865213158,31087.31817838644,0.0,1.7845531053137116,2.8060945019003913e-8,0.0002405453168217095,1,0
0.00922,-77.30592244646286,311.19222589817207,-220.56772982669065,17.870243771792687,-17.092261007857857,-24.221806347306533,-13.535297856693752,-31.371763136183986,5.549332501139281,1.0738463721766358,188.48976356231714,-1357.9055894622832,0.0,46.088626110617135,31087.342096805936,0.0,1.7874208570018,2.8060945019003913e-8,0.0002405453168217095,1,0
0.00923,-78.05774274747208,311.4205488619729,-219.63940617355453,17.864535411415797,-17.044014704828232,-24.249561336157484,-13.526762914336873,-31.356138232123655,5.612536676714637,1.0886330685832029,188.48983615808925,-1376.1624717937277,0.0,46.07099391725326,31087.366043040412,0.0,1.790287706465011,2.8060945019003913e-8,0.0002405453168217095,1,0
0.00924,-78.80856737288366,311.64433215273544,-218.70807465599128,17.858825418882944,-16.995631211684348,-24.277116993651976,-13.518034623543974,-31.34033712168116,5.675697680922072,1.1034898638462174,188.48990883855623,-1394.4190688242866,0.0,46.05315195561608,31087.390017221333,0.0,1.793153639046122,2.8060945019003913e-8,0.0002405453168217095,1,0
0.009250000000000001,-79.55838565181783,311.8635725900036,-217.77374851028395,17.85311362233661,-16.94711103730539,-24.304473138420885,-13.509113272625058,-31.32435975614712,5.738814992130136,1.1184174839923955,188.48998160412071,-1412.675270903698,0.0,46.03510010898968,31087.414019481545,0.0,1.7960186401043399,2.8060945019003913e-8,0.0002405453168217095,1,0
0.009260000000000001,-80.30718692769693,312.0782670578856,-216.836441015275,17.847399848361565,-16.898454692485927,-24.33162959033171,-13.499999152609288,-31.308206086716712,5.801888086961428,1.1334166521726559,188.49005445518947,-1430.9309677134436,0.0,46.01683826037779,31087.438049955254,0.0,1.798882695015644,2.8060945019003913e-8,0.0002405453168217095,1,0
0.00927,-81.05496055839737,312.2884125050977,-215.89616549217885,17.841683921991365,-16.849662689939972,-24.35858617048391,-13.490692557240887,-31.291876064506642,5.864916440278725,1.14848808862169,188.4901273921734,-1449.186048261838,0.0,45.998366292515584,31087.46210877804,0.0,1.8017457891731319,2.8060945019003913e-8,0.0002405453168217095,1,0
0.00928,-81.8016959164008,312.4940059450081,-214.9529353043914,17.835965666714955,-16.80073554430475,-24.385342701204447,-13.481193782974923,-31.27536964057246,5.927899525170872,1.1636325106172727,188.49020041548752,-1467.4404008790468,0.0,45.97968408788173,31087.48619608682,0.0,1.8046079079873585,2.8060945019003913e-8,0.0002405453168217095,1,0
0.009290000000000001,-82.54738238894492,312.6950444556788,-214.00676385730205,17.830244904483383,-16.751673772144706,-24.411899006043296,-13.471503128973161,-31.258686765925965,5.990836812938996,1.1788506324392962,188.49027352555095,-1485.6939132121302,0.0,45.960791528710445,31087.510312019884,0.0,1.8074690368866764,2.8060945019003913e-8,0.0002405453168217095,1,0
0.009300000000000001,-83.29200937817419,312.8915251799076,-213.05766459810124,17.82452145571653,-16.702477891955372,-24.438254909768844,-13.461620897099746,-31.241827391552675,6.053727773082821,1.1941431653285939,188.49034672278682,-1503.9464722201808,0.0,45.94168849700379,31087.534456716843,0.0,1.8103291613175712,2.8060945019003913e-8,0.0002405453168217095,1,0
0.00931,-84.03556630129091,313.08344532526854,-212.10565101559027,17.81879513931007,-16.653148424167497,-24.464410238363406,-13.451547391916982,-31.224791468429576,6.1165718732875,1.2095108174454907,188.4904200076224,-1522.1979641694961,0.0,45.92237487454393,31087.558630318657,0.0,1.8131882667449994,2.8060945019003913e-8,0.0002405453168217095,1,0
0.00932,-84.77804259070538,313.27080216415146,-211.15073663998942,17.81306577264238,-16.60368589115082,-24.49036481901873,-13.441282920680939,-31.20757894754292,6.179368579410108,1.224954293828059,188.4904933804889,-1540.4482746286471,0.0,45.90285054290571,31087.582832967615,0.0,1.8160463386527212,2.8060945019003913e-8,0.0002405453168217095,1,0
0.009330000000000001,-85.5194276941861,313.45359303380104,-210.19293504274543,17.807333171581615,-16.554090817218228,-24.51611848013151,-13.430827793337146,-31.190189779906248,6.2421173554667355,1.2404742963501434,188.49056684182167,-1558.697288463728,0.0,45.88311538346925,31087.607064807336,0.0,1.8189033625436315,2.8060945019003913e-8,0.0002405453168217095,1,0
0.009340000000000001,-86.25971107500956,313.63181533635435,-209.23225983633984,17.80159715049289,-16.504363728629627,-24.541671051298955,-13.420182322516167,-31.172623916578516,6.304817663619499,1.2560715236792,188.49064039206,-1576.9448898334592,0.0,45.863169277432725,31087.631325982766,0.0,1.8217593239400882,2.8060945019003913e-8,0.0002405453168217095,1,0
0.00935,-86.99888221211035,313.8054665388781,-208.26872467409285,17.795857522245488,-16.45450515359611,-24.567022363314237,-13.409346823529173,-31.154881308682274,6.367468964163988,1.2717466712336964,188.4907140316471,-1595.1909621845596,0.0,45.84301210582512,31087.655616640142,0.0,1.8246142083842432,2.8060945019003913e-8,0.0002405453168217095,1,0
0.00936,-87.73693060023037,313.97454417340407,-207.3023432499728,17.79011409822025,-16.404515622283856,-24.59217224816212,-13.398321614363434,-31.13696190742222,6.430070715516647,1.2875004311404759,188.49078776103022,-1613.4353882468295,0.0,45.82264374951939,31087.67993692702,0.0,1.8274680014383653,2.8060945019003913e-8,0.0002405453168217095,1,0
0.009370000000000002,-88.4738457500687,314.1390458369651,-206.33312929839795,17.78436668831699,-16.354395666818274,-24.61712053901451,-13.387107015677849,-31.11886566410361,6.492622374202508,1.3033334921917046,188.49086158066058,-1631.6780500285784,0.0,45.802064089245526,31087.704286992277,0.0,1.830320688685166,2.8060945019003913e-8,0.0002405453168217095,1,0
0.009380000000000001,-89.20961718842939,314.2989691916283,-205.36109659404477,17.778615100962025,-16.304145821287978,-24.64186707022603,-13.37570335079833,-31.100592530151104,6.555123394843031,1.319246539801604,188.49093549099325,-1649.918828811759,0.0,45.781273005603836,31087.728666986055,0.0,1.8331722557281176,2.8060945019003913e-8,0.0002405453168217095,1,0
0.00939,-89.944234458372,314.45431196452876,-204.3862589516487,17.772859143115834,-16.253766621749005,-24.666411677329638,-13.36411094571331,-31.082142457127468,6.61757323014422,1.3352402559629653,188.49100949248728,-1668.1576051474703,0.0,45.76027037907833,31087.753077059817,0.0,1.8360226881917776,2.8060945019003913e-8,0.0002405453168217095,1,0
0.0094,-90.67768711935895,314.60507194790193,-203.40863022581138,17.76709862028075,-16.203258606228772,-24.690754197032184,-13.352330129069,-31.063515396752557,6.679971330884856,1.3513153192033762,188.49108358560554,-1686.3942588511559,0.0,45.739056090050255,31087.777517366267,0.0,1.8388719717221031,2.8060945019003913e-8,0.0002405453168217095,1,0
0.00941,-91.40996474740446,314.75124699911464,-202.42822431080003,17.76133333650883,-16.152622314730245,-24.714894467210136,-13.340361232164783,-31.044711300922515,6.742317145904968,1.3674724045411821,188.4911577708148,-1704.6286689980775,0.0,45.71763001881182,31087.80198805942,0.0,1.8417200919867673,2.8060945019003913e-8,0.0002405453168217095,1,0
0.009420000000000001,-92.14105693522258,314.89283504069596,-201.44505514035362,17.75556309440976,-16.101858289236066,-24.738832326905204,-13.328204588948529,-31.025730121728913,6.804610122094447,1.383712183441233,188.4912320485857,-1722.8607139186402,0.0,45.69599204557985,31087.826489294555,0.0,1.8445670346754734,2.8060945019003913e-8,0.0002405453168217095,1,0
0.009430000000000001,-92.87095329237489,315.02983406036634,-200.45913668748193,17.74978769515883,-16.05096707371262,-24.762567616319963,-13.315860536011785,-31.006571811478146,6.866849704381821,1.4000353237703003,188.49130641939263,-1741.09027119386,0.0,45.674142050509865,31087.851021228198,0.0,1.8474127855002644,2.8060945019003913e-8,0.0002405453168217095,1,0
0.00944,-93.59964344541861,315.16224211106646,-199.47048296426863,17.74400693850515,-15.999949214114313,-24.786100176813584,-13.303329412585057,-30.987236322710963,6.929035335723585,1.4164424897523702,188.49138088371387,-1759.3172176508285,0.0,45.65207991371005,31087.875584018137,0.0,1.8502573301958354,2.8060945019003913e-8,0.0002405453168217095,1,0
0.00945,-94.32711703805363,315.2900573109848,-198.4791080216715,17.738220622779785,-15.94880525838757,-24.809429850897615,-13.29061156053298,-30.967723608222066,6.991166457093039,1.4329343419235165,188.49145544203148,-1777.5414293581287,0.0,45.62980551525545,31087.90017782342,0.0,1.8531006545198385,2.8060945019003913e-8,0.0002405453168217095,1,0
0.009460000000000001,-95.05336373127027,315.41327784358464,-197.48502594932262,17.73242854490412,-15.89753575647512,-24.832556482231592,-13.27770732434941,-30.948033621079905,7.0532425074701095,1.449511537086682,188.4915300948312,-1795.7627816214133,0.0,45.60731873520229,31087.924802804322,0.0,1.8559427442531895,2.8060945019003913e-8,0.0002405453168217095,1,0
0.009470000000000001,-95.77837320349494,315.5319019576292,-196.48825087532936,17.726630500398244,-15.8461412603201,-24.855479915618965,-13.264617051152637,-30.928166314646564,7.1152629238305884,1.4661747282660897,188.4916048426026,-1813.9811489788149,0.0,45.584619453602514,31087.94945912237,0.0,1.8587835852003687,2.8060945019003913e-8,0.0002405453168217095,1,0
0.00948,-96.50213515073858,315.64592796720734,-195.48879696607116,17.720826283389517,-15.794622323870355,-24.87819999700267,-13.25134109068033,-30.908121642597713,7.177227141136433,1.4829245646614595,188.49167968583896,-1832.1964051966756,0.0,45.561707550518186,31087.9741469403,0.0,1.8616231631897249,2.8060945019003913e-8,0.0002405453168217095,1,0
0.00949,-97.22463928674179,315.7553542517572,-194.48667842600068,17.715015686621143,-15.742979503082532,-24.900716573461143,-13.237879795284668,-30.887899558942856,7.239134592325472,1.4997616916020107,188.4917546250372,-1850.4084232649675,0.0,45.53858290603643,31087.99886642208,0.0,1.8644614640737722,2.8060945019003913e-8,0.0002405453168217095,1,0
0.009500000000000001,-97.9458753431216,315.86017925608894,-193.48190949744023,17.709198501460932,-15.691213355926354,-24.923029493204062,-13.224233519927294,-30.867500018045536,7.300984708301861,1.516686750500135,188.491829660698,-1868.6170753929816,0.0,45.515245400284144,31088.023617732884,0.0,1.8672984737294882,2.8060945019003913e-8,0.0002405453168217095,1,0
0.009510000000000001,-98.66583306951705,315.9604014904072,-192.47450446038113,17.703374517910085,-15.639324442388801,-24.94513860556827,-13.210402622174287,-30.846922974643725,7.36277691792629,1.533700378804859,188.4919047933256,-1886.8222330048877,0.0,45.49169491344296,31088.04840103911,0.0,1.8701341780586054,2.8060945019003913e-8,0.0002405453168217095,1,0
0.00952,-99.38450223373525,316.0560195303322,-191.4644776322779,17.697543524612154,-15.587313324478448,-24.967043761013525,-13.196387462191053,-30.826168383870314,7.42451064800704,1.5508032099550846,188.49198002342794,-1905.0237667355339,0.0,45.46793132576454,31088.073216508314,0.0,1.8729685629879076,2.8060945019003913e-8,0.0002405453168217095,1,0
0.00953,-100.10187262189666,316.14703201692,-190.45184336784837,17.69170530886205,-15.535180566229583,-24.988744811118615,-13.182188402737253,-30.805236201273814,7.486185323290579,1.5679958733325847,188.49205535151654,-1923.221546425962,0.0,45.44395451758562,31088.098064309277,0.0,1.8758016144695175,2.8060945019003913e-8,0.0002405453168217095,1,0
0.009540000000000002,-100.8179340385802,316.23343765668164,-189.436616058866,17.68585965661519,-15.48292673370654,-25.010241608577235,-13.16780580916165,-30.784126382839048,7.547800366452639,1.5852789942147325,188.4921307781065,-1941.4154411192526,0.0,45.41976436934355,31088.122944611954,0.0,1.8786333184811863,2.8060945019003913e-8,0.0002405453168217095,1,0
0.009550000000000001,-101.53267630696799,316.31523522160177,-188.4188101339588,17.68000635249669,-15.430552395007933,-25.031534007193887,-13.153240049396862,-30.76283888500801,7.609355198089661,1.6026531937269652,188.49220630371656,-1959.605319056171,0.0,45.395360761591704,31088.147857587486,0.0,1.8814636610265765,2.8060945019003913e-8,0.0002405453168217095,1,0
0.00956,-102.24608926899029,316.3924235491559,-187.39844005840155,17.674145179810782,-15.378058120270989,-25.052621861880016,-13.138491493954216,-30.74137366470087,7.670849236710275,1.6201190887951071,188.49228192886886,-1977.79104767102,0.0,45.370743575015275,31088.17280340816,0.0,1.8842926281355492,2.8060945019003913e-8,0.0002405453168217095,1,0
0.00957,-102.95816278546995,316.46500154232706,-186.37552033391194,17.668275920550197,-15.325444481675746,-25.073505028649983,-13.123560515918422,-30.71973067933704,7.732281898726951,1.6376772920973295,188.49235765408915,-1995.9724935873708,0.0,45.34591269044692,31088.19778224743,0.0,1.8871202058644436,2.8060945019003913e-8,0.0002405453168217095,1,0
0.00958,-103.66888673626603,316.5329681696213,-185.35006549844275,17.662398355405724,-15.272712053449386,-25.094183364617145,-13.108447490942286,-30.697909886856422,7.793652598448039,1.6553284120160114,188.49243347990665,-2014.1495226139334,0.0,45.32086798888278,31088.2227942799,0.0,1.8899463802963565,2.8060945019003913e-8,0.0002405453168217095,1,0
0.009590000000000001,-104.37825102041809,316.59632246508244,-184.32209012597772,17.656512263775866,-15.219861411870525,-25.114656727990056,-13.093152797241425,-30.67591124574068,7.85496074806986,1.6730730525892454,188.49250940685403,-2032.3219997403369,0.0,45.29560935149846,31088.24783968133,0.0,1.8927711375414191,2.8060945019003913e-8,0.0002405453168217095,1,0
0.009600000000000001,-105.08624555628928,316.6550635283057,-183.2916088263222,17.65061742377659,-15.166893135273495,-25.134924978068575,-13.07767681558887,-30.653734715034737,7.91620575766898,1.6909118134621721,188.4925854354674,-2050.4897891330565,0.0,45.27013665966538,31088.272918628605,0.0,1.8955944637370707,2.8060945019003913e-8,0.0002405453168217095,1,0
0.00961,-105.79286028171022,316.70919052445043,-182.2586362448963,17.644713612251234,-15.113807804052719,-25.154987975239955,-13.062019929309589,-30.63138025436818,7.977387035195042,1.7088452898381377,188.49266156628627,-2068.652754131344,0.0,45.244449794966954,31088.298031299717,0.0,1.8984163450483333,2.8060945019003913e-8,0.0002405453168217095,1,0
0.00962,-106.49808515412154,316.75870268425234,-181.22318706252696,17.638800604780414,-15.060606000666958,-25.17484558097517,-13.046182524275132,-30.608847823977005,8.038503986463423,1.7268740724294531,188.4927377998536,-2086.8107572431127,0.0,45.21854863921506,31088.323177873805,0.0,1.9012367676680806,2.8060945019003913e-8,0.0002405453168217095,1,0
0.009630000000000001,-107.20191015071687,316.80359930403404,-180.18527599523878,17.632878175692145,-15.007288309643638,-25.194497657825192,-13.030164988898113,-30.58613738472536,8.099556015148288,1.7449987474081752,188.49281413671562,-2104.9636601409143,0.0,45.19243307446676,31088.34835853112,0.0,1.9040557178173059,2.8060945019003913e-8,0.0002405453168217095,1,0
0.009640000000000001,-107.90432526858491,316.84387974571507,-179.14491779404617,17.626946098071997,-14.95385531758317,-25.213944069417302,-13.013967714126718,-30.563248898127405,8.160542522775724,1.7632198963564534,188.492890577422,-2123.1113236578776,0.0,45.16610298304098,31088.373573452984,0.0,1.9068731817453868,2.8060945019003913e-8,0.0002405453168217095,1,0
0.00965,-108.60532052485208,316.87954343682134,-178.1021272447413,17.621004143773412,-14.900307613163365,-25.233184680451316,-12.99759109343912,-30.540182326369155,8.221462908717486,1.7815380962167566,188.49296712252564,-2141.2536077838613,0.0,45.139558247535305,31088.398822821844,0.0,1.909689145730351,2.8060945019003913e-8,0.0002405453168217095,1,0
0.00966,-109.30488595682424,316.91058987049274,-177.05691916768632,17.61505208342807,-14.84664578714363,-25.252219356696113,-12.981035522837907,-30.516937632330674,8.282316570184431,1.7999539192419007,188.49304377258278,-2159.3903716613513,0.0,45.11279875084313,31088.42410682121,0.0,1.912503596079136,2.8060945019003913e-8,0.0002405453168217095,1,0
0.009670000000000002,-110.00301162212814,316.9370186054908,-176.0093084176013,17.609089686456432,-14.792870432369398,-25.27104796498597,-12.96430140084444,-30.493514779608113,8.343102902220545,1.8184679329447775,188.49312052815284,-2177.521473581626,0.0,45.08582437617071,31088.449425635663,0.0,1.9153165191278472,2.8060945019003913e-8,0.0002405453168217095,1,0
0.009680000000000001,-110.69968759885259,316.9588292662047,-174.9593098833547,17.60311672107829,-14.738982143776383,-25.28967037321709,-12.947389128493219,-30.469913732536043,8.403821297697013,1.8370807000479559,188.49319738979855,-2195.64677098078,0.0,45.0586350070545,31088.474779450862,0.0,1.918127901242015,2.8060945019003913e-8,0.0002405453168217095,1,0
0.00969,-111.39490398568998,316.97602154265655,-173.90693848774887,17.597132954323577,-14.68498151839506,-25.30808645034409,-12.930299109326198,-30.446134456209776,8.464471147306789,1.8557927784330701,188.49327435808578,-2213.7661204359815,0.0,45.03123052737848,31088.500168453524,0.0,1.9209377288168499,2.8060945019003913e-8,0.0002405453168217095,1,0
0.0097,-112.08865090207655,316.9885951905062,-172.8522091873117,17.591138152043108,-14.630869155354823,-25.326296066376575,-12.913031749386993,-30.422176916507766,8.5250518395589,1.8746047210899093,188.49335143358363,-2231.87937766148,0.0,45.003610821391845,31088.525592831407,0.0,1.9237459882774939,2.8060945019003913e-8,0.0002405453168217095,1,0
0.009710000000000002,-112.78091848833311,316.9965500310542,-171.79513697208026,17.585132078919568,-14.576645655888457,-25.344299092375746,-12.895587457215182,-30.398041080114183,8.585562760773506,1.8935170760654643,188.4934286168643,-2249.9863975049325,0.0,44.9757757737266,31088.551052773302,0.0,1.9265526660792698,2.8060945019003913e-8,0.0002405453168217095,1,0
0.009720000000000001,-113.47169690580476,316.99988595124466,-170.7357368653913,17.57911449847855,-14.522311623336375,-25.36209540045109,-12.877966643840452,-30.373726914541564,8.646003295076715,1.9125303864125556,188.49350590850312,-2268.087033943494,0.0,44.947725269415436,31088.576548469042,0.0,1.9293577487079276,2.8060945019003913e-8,0.0002405453168217095,1,0
0.00973,-114.16097633700122,316.99860290366684,-169.67402392366506,17.573085173099685,-14.467867663151086,-25.379684863756975,-12.860169722776797,-30.34923438815342,8.706372824396162,1.9316451901385392,188.49358330907856,-2286.181140080193,0.0,44.919459193909674,31088.60208010947,0.0,1.9321612226798919,2.8060945019003913e-8,0.0002405453168217095,1,0
0.00974,-114.84874698573597,316.9927009065556,-168.6100132361928,17.567043864027944,-14.413314382901383,-25.39706735648957,-12.842197110016633,-30.324563470187165,8.76667072845624,1.950862020153572,188.49366081917205,-2304.2685681400994,0.0,44.890977433097355,31088.62764788644,0.0,1.9349630745425026,2.8060945019003913e-8,0.0002405453168217095,1,0
0.00975,-115.53499907726585,316.98218004379146,-167.54371992492085,17.560990331384986,-14.358652392276777,-25.414242753883524,-12.824049224024876,-30.299714130776948,8.826896384773983,1.970181404218856,188.49373843936812,-2322.3491694667223,0.0,44.86227987332155,31088.653251992804,0.0,1.9377632908742561,2.8060945019003913e-8,0.0002405453168217095,1,0
0.009760000000000001,-116.21972285842963,316.96704046489907,-166.47515914423815,17.554924334180633,-14.303882303091783,-25.43121093220888,-12.805726485733016,-30.274686340976583,8.88704916865501,1.989603864894562,188.4938161702543,-2340.4227945182597,0.0,44.833366401398614,31088.678892622418,0.0,1.9405618582850435,2.8060945019003913e-8,0.0002405453168217095,1,0
0.009770000000000001,-116.9029085977866,316.9472823850454,-165.40434608075842,17.54884563032448,-14.249004729290203,-25.447971768768,-12.787229318533127,-30.24948007278271,8.947128453189599,2.009129919487677,188.49389401242104,-2358.4892928640065,0.0,44.80423690463685,31088.704569970087,0.0,1.9433587634163838,2.8060945019003913e-8,0.0002405453168217095,1,0
0.00978,-117.58454658575522,316.9229060850366,-164.33129595310552,17.542753976637606,-14.194020286949591,-25.46452514189247,-12.768558148271868,-30.224095299157838,9.007133609249369,2.028760079999678,188.4939719664618,-2376.548513180789,0.0,44.77489127085506,31088.730284231628,0.0,1.9461539929416614,2.8060945019003913e-8,0.0002405453168217095,1,0
0.00979,-118.2646271347509,316.8939119113137,-163.25602401169695,17.536649128864347,-14.138929594285393,-25.480870930940153,-12.7497134032444,-30.1985319940536,9.067064005483768,2.0484948530738976,188.49405003297292,-2394.600303249321,0.0,44.74532938840134,31088.756035603787,0.0,1.9489475335663542,2.8060945019003913e-8,0.0002405453168217095,1,0
0.009800000000000001,-118.94314057932374,316.86030027594813,-162.17854553852692,17.530530841684243,-14.083733271655353,-25.497009016292317,-12.730695514188358,-30.17279013243408,9.126919008317039,2.068334739942884,188.4941282125536,-2412.6445099507014,0.0,44.715551146172025,31088.78182428427,0.0,1.9517393720282632,2.8060945019003913e-8,0.0002405453168217095,1,0
0.009810000000000001,-119.62007727629563,316.82207165663567,-161.09887584695028,17.524398868724063,-14.02843194156375,-25.51293927935074,-12.711504914277691,-30.146869690299177,9.186697981945175,2.088280236375482,188.4942065058059,-2430.6809792628414,0.0,44.68555643363076,31088.80765047172,0.0,1.9545294950977377,2.8060945019003913e-8,0.0002405453168217095,1,0
0.00982,-120.2954276048978,316.77922659668957,-160.01703028146216,17.518252962569957,-13.973026228665809,-25.528661602534804,-12.692142039116517,-30.120770644708,9.246400288333659,2.1083318326237688,188.4942849133347,-2448.7095562571217,0.0,44.6553451408277,31088.833514365724,0.0,1.9573178895779009,2.8060945019003913e-8,0.0002405453168217095,1,0
0.00983,-120.96918196690709,316.731765705033,-158.93302421748373,17.512092874779697,-13.917516759771836,-25.544175869278902,-12.672607326732932,-30.094492973802446,9.306025287214702,2.1284900133699054,188.4943634357477,-2466.7300850947586,0.0,44.62491715841881,31088.859416166764,0.0,1.9601045423048706,2.8060945019003913e-8,0.0002405453168217095,1,0
0.009840000000000002,-121.64133078678299,316.67968965619036,-157.84687306113963,17.50591835589503,-13.861904163851586,-25.55948196402961,-12.652901217572785,-30.06803665683079,9.365572336085384,2.1487552576727182,188.49444207365528,-2484.742409023546,0.0,44.594272377685414,31088.885356076265,0.0,1.962889440147979,2.8060945019003913e-8,0.0002405453168217095,1,0
0.009850000000000001,-122.31186451180248,316.6229991902774,-156.758592249043,17.499729155454155,-13.806189072038457,-25.574579772243272,-12.633024154493487,-30.04140167417141,9.425040790205413,2.1691280389142094,188.4945208276706,-2502.746370374291,0.0,44.56341069055372,31088.911334296507,0.0,1.9656725700099877,2.8060945019003913e-8,0.0002405453168217095,1,0
0.00986,-122.98077361219744,316.5616951129913,-155.6681972480721,17.493525022004313,-13.750372117633841,-25.58946918038313,-12.612976582757614,-30.01458800735636,9.484430002595778,2.1896088247458607,188.49459969840953,-2520.7418105576617,0.0,44.532331989614605,31088.93735103069,0.0,1.9684539188273051,2.8060945019003913e-8,0.0002405453168217095,1,0
0.00987,-123.64804858128879,316.49577829559854,-154.57570355515443,17.48730570311448,-13.694453936111247,-25.604150075917072,-12.592758950026635,-29.987595639095332,9.543739324037082,2.210198077034896,188.49467868649052,-2538.7285700606576,0.0,44.50103616814354,31088.963406482893,0.0,1.9712334735701968,2.8060945019003913e-8,0.0002405453168217095,1,0
0.009880000000000002,-124.31367993562235,316.4252496749231,-153.48112669704264,17.481070945388147,-13.638435165120601,-25.618622347315096,-12.57237170635458,-29.96042455329946,9.602968103068463,2.2308962518102575,188.49475779253467,-2556.706488443471,0.0,44.46952312012056,31088.98950085802,0.0,1.974011221242996,2.8060945019003913e-8,0.0002405453168217095,1,0
0.009890000000000001,-124.97765821510299,316.35011025333284,-152.38448223009755,17.47482049447624,-13.582316444492413,-25.632885884046967,-12.551815304181606,-29.933074735105254,9.662115685986468,2.2517037992085847,188.4948370171657,-2574.6754043360856,0.0,44.43779274025044,31089.01563436188,0.0,1.9767871488843098,2.8060945019003913e-8,0.0002405453168217095,1,0
0.0099,-125.6399739831297,316.2703610987251,-151.28578574006409,17.46855409509016,-13.526098416242036,-25.646940576579844,-12.531090198327577,-29.905546170898592,9.721181416844603,2.2726211634199487,188.49491636100987,-2592.6351554351704,0.0,44.405844923982976,31089.04180720109,0.0,1.9795612435672263,2.8060945019003913e-8,0.0002405453168217095,1,0
0.00991,-126.30061782672944,316.1860033445121,-150.18505284185147,17.462271491014892,-13.469781724573764,-25.660786316376175,-12.51019684598564,-29.877838848338822,9.780164637452602,2.293648782633568,188.49499582469593,-2610.585578500777,0.0,44.373679567533465,31089.06801958312,0.0,1.982333492399516,2.8060945019003913e-8,0.0002405453168217095,1,0
0.00992,-126.95958035669072,316.09703818960406,-149.08229917931055,17.45597242512228,-13.413367015885035,-25.674422995891412,-12.489135706715665,-29.84995275638279,9.839064687376272,2.314787088983344,188.49507540885517,-2628.5265093532225,0.0,44.34129656790325,31089.094271716247,0.0,1.9851038825238323,2.8060945019003913e-8,0.0002405453168217095,1,0
0.009930000000000001,-127.61685220769772,316.00346689839284,-147.97754042501165,17.44965663938431,-13.35685493877058,-25.687850508571923,-12.467907242437771,-29.821887885309057,9.897880903937581,2.336036508493258,188.49515511412127,-2646.4577828699457,0.0,44.30869582290038,31089.12056380956,0.0,1.9878724011179105,2.8060945019003913e-8,0.0002405453168217095,1,0
0.009940000000000001,-128.27242403846208,315.9052908007336,-146.8707922800228,17.443323874886644,-13.300246144026515,-25.70106874885307,-12.44651191742576,-29.793644226742188,9.9566126222147,2.3573974610226855,188.49523494113038,-2664.379232982336,0.0,44.27587723116057,31089.146896072943,0.0,1.9906390353947614,2.8060945019003913e-8,0.0002405453168217095,1,0
0.00995,-128.92628653185727,315.80251129192607,-145.76207047368416,17.436973871842163,-13.243541284654514,-25.71407761215712,-12.424950198300508,-29.765221773676892,10.015259175042711,2.378870360211671,188.495314890521,-2682.2906926727974,0.0,44.24284069216805,31089.17326871708,0.0,1.9934037726028668,2.8060945019003913e-8,0.0002405453168217095,1,0
0.00996,-129.5784303950499,315.6951298326945,-144.65139076338704,17.43060636960464,-13.186741015865813,-25.726876994891384,-12.403222554023294,-29.736620520502466,10.073819893014301,2.4004556134259687,188.495394962934,-2700.191993971578,0.0,44.20958610627676,31089.199681953425,0.0,1.9961666000263698,2.8060945019003913e-8,0.0002405453168217095,1,0
0.009970000000000001,-130.22884635963214,315.583147949167,-143.53876893434833,17.424221106682516,-13.12984599508531,-25.739466794446543,-12.38132945588927,-29.70784046302712,10.132294104480524,2.4221536217020656,188.49547515901256,-2718.082967953809,0.0,44.176113374731585,31089.22613599418,0.0,1.9989275049852633,2.8060945019003913e-8,0.0002405453168217095,1,0
0.009980000000000001,-130.87752518175338,315.4665672328543,-142.42422079938777,17.417817820752838,-13.072856881955571,-25.751846909194718,-12.359271377520592,-29.678881598502485,10.190681135552271,2.4439647796921093,188.4955554794021,-2735.963444736511,0.0,44.14242239968977,31089.252631052314,0.0,2.0016864748355747,2.8060945019003913e-8,0.0002405453168217095,1,0
0.00999,-131.52445764225172,315.3453893406262,-141.3077621987004,17.41139624867523,-13.015774338340952,-25.764017238487945,-12.337048794859863,-29.64974392564792,10.248980310101635,2.4658894756087832,188.4956359247503,-2753.8332534757315,0.0,44.10851308424235,31089.279167341516,0.0,2.0044434969695533,2.8060945019003913e-8,0.0002405453168217095,1,0
0.01,-132.16963454678492,315.2196159946888,-140.1894089996353,17.40495612650603,-12.958599028331427,-25.775977682656496,-12.314662186163208,-29.62042744467523,10.30719094976365,2.4879280911699624,188.49571649570706,-2771.692222363504,0.0,44.07438533243595,31089.30574507622,0.0,2.0071985588158485,2.8060945019003913e-8,0.0002405453168217095,1,0
