time_s,phase_a_voltage_v,phase_b_voltage_v,phase_c_voltage_v,phase_a_current_a,phase_b_current_a,phase_c_current_a,zero_current_a,d_axis_current_a,q_axis_current_a,electromagnetic_torque_nm,shaft_mass_1_speed_rad_s,shaft_mass_2_speed_rad_s,shaft_mass_3_speed_rad_s,shaft_mass_4_speed_rad_s,shaft_mass_5_speed_rad_s,shaft_mass_6_speed_rad_s,shaft_mass_7_speed_rad_s,shaft_mass_8_speed_rad_s,shaft_coupling_1_torque_nm,shaft_coupling_2_torque_nm,shaft_coupling_3_torque_nm,shaft_coupling_4_torque_nm,shaft_coupling_5_torque_nm,shaft_coupling_6_torque_nm,shaft_coupling_7_torque_nm,terminal_power_w,rotor_port_power_w,magnetic_coenergy_j,kinetic_energy_j,elastic_energy_j,dissipated_energy_j,maximum_energy_residual_j,maximum_energy_quadrature_defect_j,event_count,control_sample_count
0.0,0.0,0.0,0.0,0.0007254498882599068,-0.0003627249441299533,-0.0003627249441299533,1.0842021724855044e-19,0.0008884910300979219,0.0,0.0,188.49555921538757,188.49555921538757,188.49555921538757,188.49555921538757,188.49555921538757,188.49555921538757,188.49555921538757,188.49555921538757,0.0,0.0,0.0,0.0,0.0,0.0,0.0,0.0,0.0,0.8941758906988456,373071.0463611776,0.0,0.0,0.0,0.0,0,0
1.0e-5,1.2252182327145844,-282.0688652738847,280.84364704117013,0.0008059463136449179,-0.13093954114296225,0.13013359482931736,1.3877787807814457e-17,0.0002911228235909502,-0.18460899418742444,-0.1307568884679823,188.49555668754766,188.495555445476,188.4955541888394,188.49555318352995,188.49555236100397,188.49555167556562,188.4955510955793,188.49555059845432,2.423514359861656e-6,2.5132741257039015e-6,2.5132741399147562e-6,2.4675781844507583e-6,2.3990344288904453e-6,2.31994533805846e-6,2.237090129142416e-6,73.48214862424001,0.0,0.8944830279376268,373071.0206559285,1.952575975304512e-18,0.02579043959480443,1.2437711971458043e-10,0.00018365479542550509,0,1
2.0e-5,2.4504190523660547,-282.6754654948903,280.22504644252433,0.001282662054549628,-0.3397966793324118,0.3385140172778623,5.551115123125783e-17,-0.0020454625915758695,-0.4796363043845445,-0.33973627419268254,188.4955531890161,188.4955516755525,188.49554916229155,188.49554715167304,188.49554550662123,188.49554413574455,188.4955429757719,188.49554198153461,5.328995591877793e-6,7.816267586776421e-6,7.771041626927766e-6,7.600139772565018e-6,7.368462191110689e-6,7.110632465672992e-6,6.845383298773912e-6,190.91543377657814,0.0,0.8962483044784364,373070.99463048746,2.6756983256602312e-17,0.05158153347060787,1.944431404082847e-9,0.00018365479542550509,0,1
3.0000000000000004e-5,3.675585046138776,-283.27804827182763,279.60246322568895,0.002248271742004229,-0.5488349635881502,0.546586691846146,0.0,-0.006006724188841406,-0.7745616844063906,-0.5486703886868983,188.49554849644943,188.4955479055982,188.49554413574424,188.49554111981695,188.49553865223942,188.49553659592445,188.4955348559655,188.49553336462887,4.732462997881701e-6,1.3395639560521977e-5,1.3260028419578504e-5,1.293010688452334e-5,1.2509249526997113e-5,1.2052115678354292e-5,1.1587781469977673e-5,308.30814642914834,0.0,0.8995800013937801,373070.9682111742,1.1809487887813916e-16,0.0773742620571753,4.492872737044129e-9,0.00018365479542550509,0,1
4.0e-5,4.900698801712063,-283.8766050406616,278.9759062389495,0.003702629302095418,-0.7580554890107064,0.7543528597086113,1.6653345369377348e-16,-0.011591815381873094,-1.0693809894746225,-0.757572649578858,188.4955426100896,188.4955441355928,188.49553910919767,188.49553508796183,188.49553179785863,188.4955290561054,188.49552673616012,188.49552474773745,3.6060192688119885e-7,1.925129809996623e-5,1.898023487935732e-5,1.8457479579570002e-5,1.782139623217674e-5,1.7144395558631176e-5,1.6464278045757313e-5,425.65863678493486,0.0,0.9044766543683482,373070.94139806135,3.3854620738601516e-16,0.10316964375250919,7.073563002696348e-9,0.00018365479542550509,0,1
5.0e-5,6.125742907507657,-284.4711272945756,278.34538438706784,0.005645619693766375,-0.9674593643220621,0.9618137446282959,0.0,-0.018799864310118763,-1.3640900773387372,-0.9664564628746921,188.4955355301033,188.49554036551487,188.49553408265203,188.49552905610778,188.49552494347898,188.49552151628745,188.49551861635578,188.49551613086103,-8.036593748140392e-6,2.538314734903263e-5,2.4931661428834184e-5,2.4182258162336323e-5,2.3304902521864568e-5,2.238747198436003e-5,2.14748668821603e-5,542.9652560525162,0.0,0.9109368084441571,373070.9141911967,7.927182774423503e-16,0.12896869595085514,9.623832793181908e-9,0.00018365479542550509,0,2
6.000000000000001e-5,7.350699952937171,-285.06160658409226,277.71090663115507,0.008077154410411413,-1.1770477094060465,1.1689705549956353,1.1102230246251565e-16,-0.027629979321165288,-1.6586848083137757,-1.1753352220330462,188.49552725658216,188.4955365953416,188.49552905610753,188.495523024255,188.49551808910056,188.49551397647068,188.49551049655258,188.495507514,-2.0709312782890565e-5,3.1791082081608635e-5,3.11143082462606e-5,3.0104442728495773e-5,2.89597685624865e-5,2.7781345569077853e-5,2.6619535169011832e-5,660.2263564609202,0.0,0.918959018785795,373070.88659060234,1.680289464185403e-15,0.15477243506350075,1.2187016486253643e-8,0.00018365479542550509,0,2
7.000000000000001e-5,8.57555252864954,-285.64803451719405,277.0724819885445,0.01099717144281993,-1.386821655079718,1.3758244836368982,0.0,-0.03808124898708287,-1.953161045338585,-1.3842223070049842,188.49551778954273,188.495532825049,188.49552402956436,188.49551699240357,188.49551123472344,188.49550643665515,188.49550237675055,188.49549889715445,-3.790794129147207e-5,3.8474986718481374e-5,3.752817561462202e-5,3.622403369396565e-5,3.4785994684996546e-5,3.332601594917273e-5,3.189828234413661e-5,777.440291282661,0.0,0.928541850645497,373070.85859627504,3.3789578781573613e-15,0.18058187653996421,1.47960809576686e-8,0.00018365479542550509,0,2
8.0e-5,9.800283226778445,-286.2304027594419,276.43011953266347,0.014405639699368394,-1.5967823449917637,1.5823767052923954,1.1102230246251565e-16,-0.050152736657895325,-2.2475146540546262,-1.5931310828328975,188.4955071289265,188.49552905461178,188.49551900302274,188.49551096055364,188.49550438034774,188.49549889684093,188.49549425694974,188.49549028032476,-5.9883078150586855e-5,4.543473542194254e-5,4.41732638916531e-5,4.2541031324949685e-5,4.0783580911078754e-5,3.902148352208368e-5,3.7311100647960393e-5,894.6054148649545,0.0,0.939683878525604,373070.8302081867,6.557295659273904e-15,0.20639803488868774,1.729706181063939e-8,0.00018365479542550509,0,2
9.0e-5,11.02487464118972,-286.8087030340941,275.78382839290435,0.018302556730909345,-1.8069309342610358,1.7886283775301266,2.220446049250313e-16,-0.06384348321323619,-2.5417415028538217,-1.802074898654388,188.49549527460016,188.49552528400346,188.49551397648284,188.49550492870537,188.49549752597355,188.49549135702807,188.49548613715018,188.4954816635113,-8.688555047323132e-5,5.267019180714427e-5,5.104957339026328e-5,4.9055435727529684e-5,4.6952527638637054e-5,4.4867748332913515e-5,4.285798378633049e-5,1011.7200826486105,0.0,0.9523836865391342,373070.8014262838,1.231751982468651e-14,0.23222192369745318,1.9846522494870733e-8,0.00018365479542550509,0,2
0.0001,12.249309367728726,-287.3829271222235,275.1336177544948,0.02268795090823386,-2.017268590254553,1.9945806393463188,0.0,-0.07915250435643273,-2.8358374629469303,-2.0110670863241635,188.49548222635556,188.49552151319625,188.49550894994488,188.49549889685886,188.49549067160095,188.49548381721667,188.49547801735196,188.4954730467156,-0.00011916642836964919,6.018120845832642e-5,5.815710436597732e-5,5.576724732603289e-5,5.329283525283557e-5,5.0864810518830295e-5,4.853892425456252e-5,1128.7826511950957,0.0,0.9666398679679479,373070.7722504886,2.2368201286581892e-14,0.2580545556537388,2.2419178654156657e-8,0.00018365479542550509,0,3
0.00011,13.473570004467703,-287.95306686283493,274.47949685836727,0.02756187692454029,-2.227796490202739,2.2002346132781985,-2.220446049250313e-16,-0.09607879608470449,-3.1297984084010304,-2.220120959787328,188.49546798390986,188.49551774216113,188.49550392340902,188.49549286501428,188.49548381723002,188.49547627740677,188.4954698975551,188.49546442993807,-0.0001569770404835913,6.796762700272962e-5,6.549585730250551e-5,6.267646637625468e-5,5.980450341187826e-5,5.7012670623857176e-5,5.435389447702721e-5,1245.7914782013,0.0,0.9824510260198995,373070.74268069747,3.9226942855287015e-14,0.2838969425652368,2.491524782669008e-8,0.00018365479542550509,0,3
0.00012000000000000002,14.6976391519531,-288.51911415298065,273.82147500102747,0.03292441574736363,-2.438515820967117,2.405591405219754,2.220446049250313e-16,-0.11462133470697178,-3.4236202161975244,-2.42924981412863,188.49545254690563,188.49551397086782,188.4954988968755,188.49548683317175,188.4954769628609,188.49546873759846,188.49546177775966,188.49545581317793,-0.0002005689887941836,7.602927759739475e-5,7.306583223100349e-5,6.978309338978583e-5,6.648753276493335e-5,6.331132830786346e-5,6.030290710641595e-5,1362.744922522472,0.0,0.9998157737863302,373070.712716781,6.645306988668682e-14,0.3097500953807507,2.740173035697957e-8,0.00018365479542550509,0,3
0.00013000000000000002,15.921499413452846,-289.08106094787564,273.1595615344227,0.03877567901360372,-2.6494277808556737,2.61065210184207,0.0,-0.13477907141244683,-3.717298766310613,-2.638466923892908,188.49543591491098,188.49551019928478,188.49549387034446,188.49548080133138,188.49547010849366,188.4954611977918,188.4954536579657,188.49544719643555,-0.0002501941639878602,8.436597835750903e-5,8.086702983085836e-5,7.708712836262954e-5,7.334192341147683e-5,6.97607840706993e-5,6.638595506676392e-5,1479.641344203304,0.0,1.0187327333936642,373070.6823585853,1.0891038351302022e-13,0.335615024210587,3.005741450352872e-8,0.00018365479542550509,0,3
0.00014000000000000001,17.145133395203604,-289.63889926101206,272.4937658658084,0.045115806749066206,-2.860533578297095,2.815417771548029,2.220446049250313e-16,-0.15655093501695472,-4.010829941754897,-2.8477855422440603,188.49541808741967,188.4955064273792,188.49548884381616,188.49547476949334,188.4954632541284,188.49545365798684,188.49544553817327,188.49543857971133,-0.0003061047600284583,9.297753582943047e-5,8.889945039503022e-5,8.458857146531606e-5,8.036767587951688e-5,7.63610379339863e-5,7.26030309668585e-5,1596.4791044967242,0.0,1.0392005363556625,373070.65160593175,1.7306003997671453e-13,0.3614927383466572,3.2467475910916144e-8,0.00018365479542550509,0,3
0.00015000000000000001,18.36852370665797,-290.19262116427274,271.8240974576148,0.05194496952681496,-3.0718344325753586,3.0198894630485444,4.440892098500626e-16,-0.17993582926528084,-4.304209628653438,-3.0572188994543317,188.49539906385118,188.49550265511704,188.49548381729076,188.49546873765775,188.4954563997652,188.49544611818368,188.49543741838244,188.49542996300818,-0.00036855328957838274,0.00010186374375559248,9.716309436733073e-5,9.228742350486652e-5,8.756478993947325e-5,8.311209001141129e-5,7.895412733442686e-5,1713.2565658908363,0.0,1.061217823120549,373070.6204586183,2.672836304253526e-13,0.38738424628251006,3.505890765892472e-8,0.00018365479542550509,0,4
0.00016,19.591652960731643,-290.74221878804383,271.1505658273122,0.05926336397216822,-3.2833315715206526,3.224068207548485,4.440892098500626e-16,-0.2049326382892256,-4.597433716275015,-3.2667802025761454,188.49537884355098,188.49549888246293,188.49547879076843,188.49546270582474,188.4954495454042,188.4954385783824,188.49542929859322,188.49542134632645,-0.0004377925989089704,0.00011102438375742985,0.00010565796204071998,0.00010018368460618099,9.493326610661434e-5,9.001394046176392e-5,8.543919111515808e-5,1829.9720921235976,0.0,1.08478324382292,373070.58891641616,4.0223653764079446e-13,0.4132905557335144,3.7654164491279785e-8,0.00018365479542550509,0,4
0.00017,20.814503774050515,-291.2876843213265,270.47318054727594,0.0670712127036801,-3.4950262312737768,3.4279550185700964,-2.220446049250313e-16,-0.23154022662689666,-4.890498097091829,-3.4764826345022333,188.49535742579053,188.4954951093803,188.4954737642494,188.49545667399445,188.49544269104544,188.495431038583,188.4954211788057,188.49541272966403,-0.0005140758819962149,0.00012045922428788325,0.00011438405381911099,0.00010827735481089285,0.00010247310457989212,9.706659010247365e-5,9.205825821745339e-5,1946.6240482056328,0.0,1.1098954582337817,373070.55697907053,5.912316729142645e-13,0.4392126736574143,4.0070425449956204e-8,0.00018365479542550509,0,4
0.00018,22.037058767197745,-291.829010011848,269.79195124465036,0.07536876870160739,-3.706919658018591,3.631550889316984,4.440892098500626e-16,-0.25975743380637195,-5.1833986668576415,-3.686339352011007,188.4953348097675,188.4954913358313,188.49546873773383,188.49545064216701,188.49543583668904,188.49542349878564,188.49541305901994,188.4954041130213,-0.0005976566967511587,0.00013016802080273449,0.00012334137017747104,0.00011656843484075807,0.00011018430583120686,0.00010427003807100821,9.881132199587861e-5,2063.2108004511865,0.0,1.136553134898747,373070.524646303,8.506536887418713e-13,0.46515160627436586,4.2535773313312486e-8,0.00018365479542550509,0,4
0.00019,23.259300564960746,-292.3661881661724,269.10688760121167,0.08415631302297585,-3.919013106692576,3.834856793669599,-4.440892098500626e-16,-0.28958307708668096,-5.47613132465509,-3.8963634850813063,188.49531099460594,188.49548756177683,188.49546371122193,188.4954446103426,188.49542898233508,188.49541595899032,188.49540493923593,188.49539549639863,-0.0006887889786520718,0.00014015051551213853,0.00013252991143991588,0.00012505692486630693,0.00011806686970497471,0.00011162428545541392,0.00010569837392612746,2179.7307164968056,0.0,1.1647549514834725,373070.4919178104,1.2004037763995189e-12,0.4911083590866733,4.5060980988220756e-8,0.00018365479542550509,0,4
0.0002,24.481211796578133,-292.8992111498087,268.4179993532305,0.09343415694019208,-4.131307841678308,4.037873684738115,-4.440892098500626e-16,-0.32101594876838924,-5.768691972963429,-4.106568135251615,188.49528597935634,188.49548378717645,188.4954586847139,188.4954385785213,188.4954221279837,188.49540841919713,188.49539681945376,188.49538687980086,-0.0007877270557300475,0.00015040643640784612,0.0001419496779966889,0.0001337428254784001,0.00012612079678531174,0.0001191293323242748,0.0001127194060333292,2296.182165328145,0.0,1.1944995943085837,373070.458793268,1.6643751899315433e-12,0.5170839368984425,4.7543676804512325e-8,0.00018365479542550509,0,5
0.00021,25.7027750959866,-293.4280713873207,267.7252962913341,0.10320263745018093,-4.343805134570827,4.240602497120646,0.0,-0.35405482163957025,-6.061076517695532,-4.316966375590154,188.49525976299591,188.49548001198852,188.4954536582099,188.49543254670326,188.49541527363493,188.49540087940616,188.4953886996735,188.49537826322833,-0.0008947256637141798,0.000160935497742265,0.0001516006706556161,0.0001426261366750392,0.00013434608754411825,0.00012678517849717963,0.00011987433016874549,2412.5635172945495,0.0,1.225785759099152,373070.4252723234,2.270959600321558e-12,0.5430793438353777,5.002676056395372e-8,0.00018365479542550509,0,5
0.00022,26.923973102067727,-293.95276136243365,267.0287882603659,0.1134621172045821,-4.556506263939218,4.443044146734635,-4.440892098500626e-16,-0.3886984489965275,-6.353280868255274,-4.527571249767438,188.49523234442867,188.49547623617008,188.4954486317101,188.4954265148886,188.4954084192889,188.49539333961744,188.49538057989517,188.49536964667703,-0.0010100399598738652,0.0001717373996046323,0.0001614828891860487,0.00015170685938814543,0.00014274274178244228,0.0001345918244251565,0.0001271632161227998,2528.8731441317395,0.0,1.2586121509274422,373070.3913545966,3.0535844573505294e-12,0.5690955833649439,5.255045419996773e-8,0.00018365479542550509,0,5
0.00023,28.144788458894713,-294.4732736181416,266.3284851592469,0.12421298885021598,-4.769412516976232,4.6451995281260166,4.440892098500626e-16,-0.42494555924252553,-6.645300937615308,-4.738395769830003,188.49520372248568,188.4954724596769,188.49544360521472,188.4954204830775,188.49540156494572,188.49538579983107,188.49537246011883,188.49536103014734,-0.0011339255383849278,0.0001828118272177992,0.00017159633455540724,0.00016098499352845685,0.00015131076024513246,0.00014254927047274712,0.00013458605550270564,2645.109418992618,0.0,1.2929774833352015,373070.35703968606,4.051281487541821e-12,0.5951336583159974,5.487629093497981e-8,0.00018365479542550509,0,5
0.00024000000000000003,29.36520381597907,-294.98960075681333,265.6243969408343,0.13545567274061204,-4.982525188245824,4.847069515505212,0.0,-0.46279485862340675,-6.937132642364091,-4.949452915671588,188.4951738959252,188.4954686824635,188.49543857872393,188.49541445127008,188.49539471060547,188.4953782600471,188.49536434034454,188.49535241363964,-0.001266638444157142,0.00019415845116721453,0.00018194100686097503,0.00017046053986136123,0.00016005014304440457,0.00015065751663995153,0.00014214284024891,2761.270716465834,0.0,1.3288804786737984,373070.3223271656,5.309286498231783e-12,0.6211945708981026,5.750653454122956e-8,0.00018365479542550509,0,5
0.00025,30.58520182851715,-295.5017354402973,264.9165336117802,0.14719061905420722,-5.195845580331796,5.048654961277589,0.0,-0.5022450285464315,-7.228771902773268,-5.16075563326482,188.49514286343287,188.4954649044831,188.4954335522379,188.49540841946646,188.49538785626822,188.49537072026558,188.49535622057235,188.49534379716115,-0.0014084351880190027,0.00020577692679030202,0.00019251690667992927,0.00018013349871992546,0.0001689608903919504,0.0001589165633777978,0.00014983356217396215,2877.355412602457,0.0,1.3663198676257842,373070.2872165893,6.87967065959295e-12,0.6472793227207557,5.993473965737461e-8,0.00018365479542550509,0,6
0.00026000000000000003,31.804765157636755,-296.009670390026,264.20490523238925,0.15941830330933127,-5.409375001682388,5.249956698373057,0.0,-0.5432947310141392,-7.5202146428343895,-5.3723168349291885,188.49511062362194,188.49546112568765,188.4954285257568,188.49540238766676,188.4953810019341,188.49536318048663,188.49534810080232,188.4953351807123,-0.001559572759896516,0.0002176668939263826,0.00020332403447356762,0.00019000387019540987,0.00017804300298165932,0.00016732641061956155,0.00015765808826401218,2993.361884930433,0.0,1.4052943899547645,373070.2517074823,8.822003468443513e-12,0.6733889148127444,6.243088921525919e-8,0.00018365479542550509,0,6
0.00027,33.023876470643444,-296.5133983871195,263.48952191647606,0.17213922628370848,-5.62311476636947,5.450975540085762,-4.440892098500626e-16,-0.5859426086465458,-7.811456790315983,-5.58414939841752,188.4950771750334,188.4954573460278,188.49542349928086,188.49539635587115,188.4953741476032,188.4953556407103,188.49533998103448,188.49532656428656,-0.0017203086449915916,0.00022982797690040968,0.000214362390765499,0.00020007165503921343,0.00018729648056606263,0.0001758870587965089,0.00016561653004010246,3109.288512477153,0.0,1.4458027944409997,373070.2157993411,1.12040475379488e-11,0.6995243476418666,6.474105190140689e-8,0.00018365479542550509,0,6
0.00028000000000000003,34.242518441266974,-297.0129122724879,262.7703938312209,0.18535391832557935,-5.837066195655518,5.6517122773299375,0.0,-0.6301872792948573,-8.102494276840925,-5.796266164421618,188.49504251613627,188.4954535654529,188.4954184728102,188.49539032407975,188.4953672932756,188.49534810093664,188.4953318612689,188.49531794788433,-0.0018909008361609747,0.00024225978337805154,0.0002256319760082781,0.00021033685367766175,0.00019672132389000896,0.00018459850831642477,0.000173708879458917,3225.1336758000953,0.0,1.4878438379853574,373070.17949164205,1.4102485496546474e-11,0.7256866211341051,6.721695713571285e-8,0.00018365479542550509,0,6
0.00029,35.46067374990744,-297.50820494693323,262.0475311970258,0.19906293706258538,-6.0512306167787075,5.852167679716123,4.440892098500626e-16,-0.6760273387717706,-8.393323037933138,-6.008679936200405,188.49500664532775,188.495449783911,188.49541344634503,188.4953842922927,188.4953604389514,188.49534056116573,188.49532374150564,188.495309331506,-0.0020716078497055312,0.00025496190564056054,0.00023713279051235103,0.00022079946644781856,0.00020631753348665516,0.0001934607586578374,0.00018193512841044313,3340.895757005269,0.0,1.5314162859456344,373070.14278383774,1.760367908958633e-11,0.7518767346924736,6.963790770073142e-8,0.00018365479542550509,0,6
0.00030000000000000003,36.678325083881546,-297.99926937125036,261.3209442873688,0.2132668694989629,-6.265609363559075,6.052342494060111,-4.440892098500626e-16,-0.7234613581785037,-8.683939013084636,-6.2214034776866685,188.4949695609335,188.49544600134894,188.49540841988548,188.4953782605101,188.4953535846307,188.49533302139764,188.49531562174474,188.49530071516182,-0.002262688738179336,0.0002679339186635321,0.00024886483464173215,0.00023145949427361145,0.00021608510893506017,0.00020247381102062034,0.00019029526738678637,3456.573139773731,0.0,1.576518911643657,373070.10567536304,2.1804460846551555e-11,0.7780956872157603,7.203510014874848e-8,0.00018365479542550509,0,7
0.00031,37.895455137668534,-298.48609856632675,260.5906434286582,0.2279663275380106,-6.480203774321055,6.252237446783046,1.3322676295501878e-15,-0.7724878893266185,-8.974338145791918,-6.4344495140524165,188.49493126120782,188.49544221771217,188.49540339343176,188.49537222873215,188.49534673031357,188.49532548163242,188.49530750198625,188.49529209885213,-0.0024644031051961612,0.0002811753806252759,0.00026082810908836795,0.00024231693698650858,0.00022602405141375348,0.00021163766493026426,0.0001987891091202454,3572.164209375938,0.0,1.6231504971183166,373070.06816562207,2.6812958425964215e-11,0.8043444771173976,7.462012755962699e-8,0.00018365479542550509,0,7
0.00032,39.11204661315623,-298.9686856132419,259.8566390000857,0.24316194789107626,-6.695015191650738,6.451853243759661,-4.440892098500626e-16,-0.8231054647616367,-9.26451638361269,-6.647830730810755,188.4948917443339,188.49543843294487,188.495398366984,188.49536619695894,188.49533987600014,188.49531794187016,188.4952993822302,188.4952834825675,-0.0026770111196104673,0.00029468583253161595,0.00027302261400311,0.00025337179551643274,0.00023613436083599892,0.00022095232113189534,0.00020741681685648716,3687.667352694156,0.0,1.67130983305422,373070.03025398904,3.274945196671279e-11,0.8306241023446927,7.679229123078168e-8,0.00018365479542550509,0,7
0.00033000000000000005,40.32808221988684,-299.44702365336576,259.118941433479,0.25885439635799556,-6.910044963880379,6.651190567522384,8.881784197001252e-16,-0.8753125923917091,-9.554469678242834,-6.861559771056995,188.49485100842406,188.49543464698993,188.49539334054242,188.49536016519062,188.4953330216905,188.4953104021109,188.49529126247668,188.49527486630828,-0.0029007735290178527,0.0003084647978878752,0.0002854483502462424,0.0002646240701171809,0.0002464160376736968,0.00023041777978616285,0.00021617838221171803,3803.0809582529537,0.0,1.7209957178648818,373069.99193982035,3.9747264637553854e-11,0.8569355603974936,7.932941495716883e-8,0.00018365479542550509,0,7
0.00034,41.54354467530267,-299.92110588845594,258.37756121315334,0.2750443655341954,-7.12529444391166,6.850250078377467,1.7763568394002505e-15,-0.929107758212651,-9.844193985562761,-7.075649235254318,188.49480905152,188.49543085978897,188.49538831410715,188.49535413342733,188.49532616738472,188.49530286235475,188.49528314272573,188.49526625007488,-0.0031359516735841586,0.00032251178237568956,0.00029810531810198215,0.0002760737612903519,0.00025686908247274376,0.0002400340408930668,0.00022507379662378701,3918.4034162374983,0.0,1.7722069580267426,373069.95322244876,4.7953686694886575e-11,0.8832798483465156,8.170342178509538e-8,0.00018365479542550509,0,7
0.00035000000000000005,42.75841670499182,-300.39092558075447,257.63250887576265,0.29173257688637544,-7.340764989779705,7.0490324128933315,1.7763568394002505e-15,-0.9844894236430819,-10.133685265704077,-7.290111679218099,188.49476587159302,188.49542707128222,188.49538328767835,188.49534810166918,188.4953193130829,188.49529532260175,188.49527502297738,188.495257633881,-0.003382807500809326,0.0003368262740235384,0.00031099351749053206,0.0002877208697973366,0.0002674934955800845,0.00024980110504080333,0.00023410305028753742,4033.633118519932,0.0,1.8249423675707066,373069.91410119215,5.753093322716195e-11,0.9096579628515533,8.414633984391018e-8,0.00018365479542550509,0,8
0.00036,43.972681042933594,-300.8564760530836,256.88379501015,0.30891977628408473,-7.556457962654275,7.247538186370191,0.0,-1.041456030934238,-10.422939483085635,-7.504959614978074,188.49472146654426,188.49542328140865,188.49537826125618,188.49534206991632,188.49531245878512,188.495287782852,188.4952669032317,188.49524901772708,-0.0036416035774303745,0.0003514077415875949,0.00032411294958262227,0.00029956539639153235,0.00027828927676099013,0.0002597189723195781,0.00024326589237910756,4148.768458673578,0.0,1.8792007688411292,373069.874575336,6.865713601678777e-11,0.9360709001798143,8.646607392581718e-8,0.00018365479542550509,0,8
0.00037000000000000005,45.186320431744,-301.3177506889407,256.13143025719666,0.32660673389834516,-7.77237472659553,7.445767992697184,-8.881784197001252e-16,-1.1000060031950563,-10.711952606469907,-7.7202055098970614,188.49467583420508,188.49541949010592,188.4953732348408,188.4953360381689,188.49530560449153,188.49528024310553,188.49525878348877,188.49524040160009,-0.003912603104890611,0.00036625563550340967,0.0003374636146089016,0.00031160734099167087,0.00028925642673482965,0.0002697876433410684,0.00025256254622535446,4263.807831995217,0.0,1.9349809924176817,373069.8346441334,8.15273697177337e-11,0.9625196562246107,8.882508347254903e-8,0.00018365479542550509,0,8
0.00038,46.399317622920904,-301.77474293259195,255.37542530967104,0.344794248450105,-7.9885166499562965,7.643722401506192,0.0,-1.160137739035716,-11.00072060903948,-7.935861783651191,188.49462897233718,188.49541569731036,188.49536820843235,188.49533000642703,188.49529875020218,188.49527270336242,188.4952506637486,188.49523178550044,-0.004196069932049462,0.00038136938741006876,0.0003510455129421275,0.0003238467043531479,0.00030039494632044805,0.0002800071174503538,0.0002619930044566732,4378.749635535389,0.0,1.99228187617545,373069.79430682276,9.635471266231041e-11,0.9890052265234701,9.115927815384062e-8,0.00018365479542550509,0,8
0.00039000000000000005,47.61165537708926,-302.22744628916615,254.61579091207696,0.36348314491653033,-8.204885104244125,7.841401959327593,-8.881784197001252e-16,-1.2218496152873715,-11.289239468443139,-8.15194080817351,188.49458087863297,188.49541190295702,188.495363182031,188.49532397469085,188.49529189591718,188.49526516362275,188.4952425440113,188.49522316942853,-0.004492268569473545,0.0003967484098822416,0.000364858644918975,0.00033628348698355737,0.0003117048357167973,0.0002903773960239997,0.0002715572569436664,4493.592268116572,0.0,2.051102265618124,373069.75356261927,1.1337134243655326e-10,1.0155286062758937,9.351464905910101e-8,0.00018365479542550509,0,8
0.0004,48.82331646424605,-302.6758543247466,253.8525378605006,0.38267427658454944,-8.421481464643431,8.038807188058883,0.0,-1.2851399843454745,-11.57750516686199,-8.36845490551849,188.4945315507158,188.49540810697954,188.4953581556369,188.49531794296053,188.4952850416366,188.49525762388657,188.49523442427684,188.49521455340212,-0.0048014642012365605,0.00041239209540056,0.0003789030108236613,0.0003489176898048285,0.0003231860949238774,0.0003008984785677349,0.000281255294434235,4608.334130359364,0.0,2.1114410133529264,373069.7124107261,1.3282966701128214e-10,1.0420907903609862,9.593159632295678e-8,0.00018365479542550509,0,9
0.00041000000000000005,50.03428366400521,-303.1199606664625,253.08567700245732,0.40236852059324413,-8.638307108096127,8.235938587502883,0.0,-1.3500071795675432,-11.865513691045305,-8.585416349020285,188.49448098614027,188.49540430931032,188.49535312925016,188.49531191123617,188.49527818736058,188.49525008415398,188.49522630454533,188.49520593742162,-0.0051239227000280385,0.0004282998166000862,0.00039317861101034746,0.00036174931315802183,0.0003348387248600093,0.00031157036562279306,0.0002910867913977766,4722.973624696579,0.0,2.173296979858294,373069.6708503121,1.550034911181869e-10,1.0686927733552072,9.816538723561585e-8,0.00018365479542550509,0,9
0.00042,51.24453976584235,-303.55975900257965,252.31521923673733,0.42256677782228014,-8.855363413056264,8.432796635233984,0.0,-1.4164495152996803,-12.153261032366396,-8.802837362429706,188.49442918239254,188.49540050988037,188.49534810287096,188.49530587951793,188.4952713330892,188.49524254442503,188.4952181848168,188.49519732146996,-0.005459910638906773,0.00044447092585131465,0.00040768544558617004,0.000374778357624006,0.0003466627261450861,0.0003223930577576084,0.00030105204149938336,4837.5091553953425,0.0,2.2366690333991572,373069.62888051127,1.8018921897535154e-10,1.095335549550476,1.0056139339992276e-7,0.00018365479542550509,0,9
0.00043000000000000004,52.45406756933937,-303.99524308259026,251.54117551325095,0.44326997710709337,-9.07265176081038,8.62938178370329,8.881784197001252e-16,-1.4844652815350186,-12.440743186898747,-9.02073011663731,188.49437613689054,188.4953967086194,188.49534307649944,188.4952998478059,188.49526447882252,188.4952350046998,188.4952100650913,188.49518870554755,-0.005809695306754459,0.00046090475540960796,0.00042242351529553357,0.0003880048241327039,0.00035865809835816664,0.000333366555286041,0.00031115103787204834,4951.939128587237,0.0,2.3015560490616402,373069.58650044625,2.0870709281082017e-10,1.1220201129716827,1.0281079959942319e-7,0.00018365479542550509,0,9
0.00044,53.662849884428866,-304.4264067173015,250.76355683287267,0.4644790729453021,-9.290173534378827,8.825694461433525,0.0,-1.5540527466281069,-12.727956155461605,-9.239106729775255,188.49432184698438,188.4953929054558,188.49533805013573,188.49529381610026,188.49525762456068,188.4952274649783,188.4952019453689,188.49518008965478,-0.006173544719026924,0.00047760061596979764,0.0004373928210610334,0.00040142871251758194,0.0003708248424660887,0.0003444908581883288,0.00032138377001167395,5066.261952286297,0.0,2.367956909086897,373069.5437092168,2.4090246820071116e-10,1.1487474573938259,1.0519295345207125e-7,0.00018365479542550509,0,9
0.00045000000000000004,54.870869531638505,-304.85324377892397,249.98237424728546,0.4861950475275916,-9.507930118996555,9.021735071468962,-8.881784197001252e-16,-1.6252101546463962,-13.014895943685817,-9.457979264964674,188.4942663099566,188.49538910031654,188.49533302377995,188.4952877844011,188.49525077030376,188.4952199252607,188.49519382564966,188.49517147381403,-0.006551727631483983,0.0004945577979589277,0.0004525933625809664,0.00041505002353403597,0.0003831629590657082,0.00035576596677833194,0.00033175022791676056,5180.476036415061,0.0,2.435870502328426,373069.50050591433,2.771471266217443e-10,1.1755185763590181,1.074000616427262e-7,0.00018365479542550509,0,10
0.00046,56.07810934233514,-305.275748201158,249.19763885882287,0.508418906292569,-9.725922900273677,9.217503993981111,1.7763568394002505e-15,-1.6979357307559977,-13.301558562049168,-9.677359731769092,188.49420952302253,188.49538529312736,188.49532799743224,188.49528175270862,188.49524391605183,188.49521238554698,188.4951857059336,188.49516285802568,-0.00694451355426734,0.0005117755697644499,0.0004680251397842783,0.00042886875835179694,0.00039567244847849015,0.0003671918813971109,0.00034225000212334544,5294.579792818471,0.0,2.505295725031141,373069.45688959304,3.1784062486717527e-10,1.2023344631936035,1.0983238136336171e-7,0.00018365479542550509,0,10
0.00047000000000000004,57.284552158968836,-305.69391397928064,248.40936182031183,0.5311516778051908,-9.944153263949573,9.413001586144384,1.7763568394002505e-15,-1.7722276812496531,-13.587940025931946,-9.89726008535114,188.49415148333054,188.49538148381257,188.49532297109275,188.49527572102292,188.49523706180503,188.49520484583724,188.49517758622082,188.49515424226811,-0.007352172763256337,0.0005292531780606291,0.00048368815353999617,0.0004428849174824556,0.00040835331102834216,0.0003787686026526238,0.0003528834666107761,5408.571635285849,0.0,2.576231480740306,373069.41285927023,3.6341168276894013e-10,1.229196111025635,1.1196962246273756e-7,0.00018365479542550509,0,10
0.00048000000000000007,58.49018083531669,-306.1077351702305,247.61755433491388,0.5543944179374762,-10.162622597131516,9.608228179194038,-1.7763568394002505e-15,-1.8480841882199588,-13.874036355692533,-10.117692222942196,188.49409218796242,188.49537767229515,188.49531794476158,188.49526968934413,188.49523020756342,188.49519730613156,188.49516946651133,188.4951456265417,-0.007774976313751347,0.0005469898480326973,0.0004995824039541463,0.0004570985015961426,0.00042120554748315,0.00039049612991715055,0.00036365061444360025,5522.449979580818,0.0,2.648676679308552,373069.3684139551,4.1431960868715176e-10,1.2561045128017354,1.1426594466110163e-7,0.00018365479542550509,0,10
0.0004900000000000001,59.69497823672654,-306.5172058926926,246.82222765596603,0.5781482075759299,-10.3813322872359,9.80318407965997,-8.881784197001252e-16,-1.9255034122685135,-14.159843576712662,-10.338667984102818,188.49403163393367,188.49537385849672,188.49531291843886,188.49526365767238,188.4952233533271,188.49518976643,188.4951613468052,188.49513701084683,-0.008213196053226235,0.000564984781778799,0.000515707891647621,0.0004715095107781231,0.0004342291580673452,0.0004023744648143923,0.0003745514339341671,5636.213243459166,0.0,2.722630237231857,373069.32355263445,4.710557635250439e-10,1.2830606613035722,1.1648607942463252e-7,0.00018365479542550509,0,10
0.0005,60.89892724036049,-306.92232032718135,246.0233930868209,0.6024141546292856,-10.600283722427982,9.997869567798695,0.0,-2.0044834898654704,-14.445357719462727,-10.560199148355569,188.49396981819388,188.49537004233758,188.49530789212469,188.49525762600783,188.4952164990962,188.49518222673262,188.49515322710246,188.49512839521105,-0.008667104633153067,0.0005832371589173935,0.0005320646164072573,0.0004861179462873899,0.00044742414310239287,0.00041440360696376466,0.00038558591545567733,5749.859846694682,0.0,2.798091077088229,373069.2782742908,5.341450640690485e-10,1.310065549164188,1.1881055931445283e-7,0.00018365479542550509,0,11
0.00051,62.10201073543828,-307.32307271612416,245.22106198068585,0.6271933895974682,-10.819478289863099,10.19228490026563,-8.881784197001252e-16,-2.0850225387233636,-14.730574819536816,-10.782297436932698,188.49390673762704,188.49536622373662,188.49530286581918,188.4952515943506,188.49520964487076,188.4951746870395,188.4951451074032,188.49511977963473,-0.009136975522628876,0.0006017461364167254,0.0005486525784811902,0.0005009238087088086,0.0004607905032846249,0.000426583556745852,0.00039675355575369275,5863.388211092948,0.0,2.875058128330901,373069.23257786664,6.041475250807351e-10,1.337120168884444,1.2100002512449581e-7,0.00018365479542550509,0,11
0.0005200000000000001,63.30421162348039,-307.7194573639424,244.41524574046207,0.6524870654402781,-11.038917375440585,10.386430310000309,1.7763568394002505e-15,-2.167118657826455,-15.015490917707771,-11.004974511953867,188.49384238905196,188.49536240261136,188.49529783952246,188.49524556270083,188.4952027906509,188.4951671473507,188.49513698770747,188.4951111640911,-0.00962308302009729,0.0006205108477178589,0.0005654717779754459,0.0005159270987165065,0.00047432823938192703,0.0004389143144349905,0.00040805481817007827,5976.796760513096,0.0,2.953530327191107,373069.18646226457,6.816598417537426e-10,1.3642255128498217,1.2311969672246237e-7,0.00018365479542550509,0,11
0.0005300000000000001,64.50551281855111,-308.11146863713293,243.6059558185818,0.6782963617223254,-11.258602364961058,10.580306003238736,1.7763568394002505e-15,-2.2507699221187765,-15.300102060002335,-11.228241972646245,188.49377676922248,188.49535857887798,188.4952928132346,188.49523953105864,188.4951959364367,188.49515960766632,188.49512886801529,188.49510254858052,-0.01012570226492826,0.0006395304022588366,0.0005825222153688081,0.0005311278167328126,0.00048803735159325123,0.00045139588009790454,0.00041948969588828655,6090.083920897558,0.0,3.0335066156552237,373069.139926383,7.673170124274923e-10,1.3913825733465914,1.2541890120898458e-7,0.00018365479542550509,0,11
0.00054,65.70589724750138,-308.4991009643477,242.79320371684634,0.7046224823224962,-11.478534643108087,10.77391216078559,-8.881784197001252e-16,-2.3359743852079697,-15.58440429774596,-11.452111355763689,188.49370987482794,188.49535475245128,188.49528778695577,188.4952334994242,188.49518908222825,188.4951520679864,188.49512074832674,188.4950939331034,-0.01064510925212847,0.0006588038863484247,0.0005998038907673031,0.000546525963679656,0.0005019178398191215,0.0004640282551383601,0.0004310581774080169,6203.248120289751,0.0,3.114985941804363,373069.09296909865,8.617940013441487e-10,1.4185923425775784,1.2762232543678254e-7,0.00018365479542550509,0,11
0.00055,66.90534785021143,-308.8823488364734,241.977000986262,0.7314666574180253,-11.69871559384728,10.967248936429256,8.881784197001252e-16,-2.422730076732955,-15.86839368762768,-11.676594133107653,188.49364170249356,188.49535092324467,188.495282760686,188.4952274677976,188.4951822280257,188.495144528311,188.49511262864186,188.49508531769297,-0.011181580842001937,0.0006783303611669345,0.0006173168042769572,0.0005621215403937008,0.0005159697050033385,0.00047681143880751176,0.00044276025248995987,6316.287788859734,0.0,3.1979672592334616,373069.0455892883,9.65807443327616e-10,1.4458558126777747,1.2984240596591867e-7,0.00018365479542550509,0,12
0.0005600000000000001,68.10384757983319,-309.26120680670937,241.15735922687625,0.7588301390692622,-11.919146598748743,11.16031645967948,0.0,-2.511035007725747,-16.152066291734695,-11.901701713568041,188.49357224878074,188.49534709117017,188.4952777344254,188.495221436179,188.49517537382908,188.49513698864018,188.49510450896074,188.49507670234962,-0.011735394773886854,0.0006981088641369038,0.0006350609556846076,0.0005779145475490743,0.0005301929481127399,0.0004897454322150274,0.00045459531278374543,6429.201358917822,0.0,3.2824495278612633,373068.99778578547,1.0801173890239502e-9,1.4731739757300613,1.3194914347258724e-7,0.00018365479542550509,0,12
0.0005700000000000001,69.3013794030326,-309.63566949064534,240.33429008761283,0.7867142010787651,-12.139829036741295,11.353114835662529,0.0,-2.600887170642288,-16.435418177607016,-12.127445442323328,188.49350151018746,188.49534325613843,188.49527270817407,188.49521540456854,188.49516851963853,188.49512944897404,188.4950963892834,188.49506808704086,-0.01230682967607899,0.0007181384070944485,0.000653036344936686,0.0005939049858971757,0.0005445875691728053,0.0005028302351335334,0.00046656392165972393,6541.987264936179,0.0,3.3684317138271815,373068.9495573805,1.2055290938770674e-9,1.5005478237812944,1.3417812095434245e-7,0.00018365479542550509,0,12
0.00058,70.49792630023171,-310.00573156633766,239.507805266106,0.8151201430993833,-12.360764285188745,11.545644142089365,2.6645352591003757e-15,-2.692284534065168,-16.71844541831208,-12.353836596814917,188.49342948314867,188.49533941805868,188.4952676819321,188.49520937296634,188.4951616654541,188.49512190931264,188.49508826960988,188.4950594717671,-0.012896165080400201,0.0007384179768787913,0.000671242972777597,0.0006100928556977969,0.0005591535692243688,0.0005160658475432678,0.000478666072803946,6654.643943578348,0.0,3.455912788436397,373068.9009028643,1.3428948479612552e-9,1.5279783488577385,1.3625034181452556e-7,0.00018365479542550509,0,12
0.00059,71.69347126585058,-310.3713877743851,238.67791650853448,0.8440492883466013,-12.581953718912514,11.737904430565914,8.881784197001252e-16,-2.7852250454022514,-17.001144092489124,-12.580886387325247,188.4933561640367,188.49533557683878,188.49526265569955,188.49520334137256,188.49515481127594,188.49511436965605,188.49508014994026,188.49505085652868,-0.01350368143174513,0.0007589465346469204,0.0006896808389056375,0.000626478158035404,0.000573890948491862,0.0005294522707071092,0.0004909017537703675,6767.169833716769,0.0,3.5448917285045254,373068.8518210063,1.4931158499280372e-9,1.5554665429800798,1.3838340309768604e-7,0.00018365479542550509,0,12
0.0006000000000000001,72.88799730854888,-310.7326329180035,237.84463560945466,0.8735029855585843,-12.803398710550512,11.929895724991928,0.0,-2.879706628262315,-17.283510284413552,-12.808605954389376,188.49328154916157,188.49533173238518,188.4952576294765,188.4951973097873,188.4951479571041,188.49510683000432,188.49507203027457,188.49504224136513,-0.014129660101707964,0.000779723016519962,0.0007083499426638329,0.0006430608939984594,0.0005887997072482332,0.000542989504785707,0.0005032709538855262,6879.563376458231,0.0,3.6353675157561804,373068.8023105807,1.657144123948213e-9,1.583013398178273,1.4071000792315047e-7,0.00018365479542550509,0,13
0.0006100000000000001,74.08148745146747,-311.08946186309987,237.00797441163243,0.9034826045983166,-13.0251006289614,12.121618024363086,8.881784197001252e-16,-2.9757271878050324,-17.565540084031134,-13.037006371127873,188.49320563477147,188.49532788460294,188.495252603263,188.4951912782107,188.4951411029387,188.49509929035753,188.49506391061288,188.49503362627684,-0.014774383398196589,0.0008007463311049401,0.000727250284565939,0.0006598410637614904,0.0006038798470062168,0.000556677549484963,0.0005157729517464849,6991.823015157323,0.0,3.727339137654397,373068.7523703153,1.8359844807224132e-9,1.6106199065065039,1.4261556438577294e-7,0.00018365479542550509,0,13
0.00062,75.27392473246958,-311.44186953834503,236.16794480587544,0.9339895363034274,-13.247060838979552,12.313071302676125,0.0,-3.073284610773147,-17.847229587012134,-13.266098642470569,188.49312841705316,188.49532403339566,188.49524757705913,188.49518524664293,188.49513424877983,188.49509175071577,188.49505579095526,188.49502501122504,-0.015438134578202867,0.000822015361592987,0.0007463818641681441,0.0006768186684089628,0.0006191313670719234,0.0005705164064088164,0.0005284084187177074,7103.947195437831,0.0,3.8208055872918165,373068.7019988911,2.030696523684181e-9,1.6382870600585175,1.447851904617936e-7,0.00018365479542550509,0,13
0.00063,76.46529220438204,-311.78985093524574,235.32455873086374,0.9650251965561751,-13.469280702410684,12.504255505854509,8.881784197001252e-16,-3.1723767602099313,-18.128574894825405,-13.495893700889145,188.4930498921323,188.4953201786656,188.49524255086496,188.4951792150841,188.4951273946276,188.49508421107907,188.49504767130173,188.49501639621013,-0.016121197858344538,0.0008435289639485699,0.0007657446811326629,0.0006939937090333359,0.0006345542684121908,0.0005845060750160336,0.0005411773488004923,7215.934365222054,0.0,3.915765862301629,373068.6511949941,2.2423966994997495e-9,1.6660158509822747,1.467910698826902e-7,0.00018365479542550509,0,13
0.00064,77.65557293523594,-312.1334011082162,234.47782817298034,0.9965910239997493,-13.691761577095972,12.695170553096224,8.881784197001252e-16,-3.2730014781525036,-18.40957211478234,-13.726402407134149,188.49297005607391,188.49531632031352,188.49523752468053,188.49517318353435,188.49512054048205,188.49507667144752,188.49503955165235,188.49500778123246,-0.016823858427340244,0.0008652859666009594,0.0007853387358136565,0.000711366185719875,0.0006501485521442918,0.000598646555961535,0.0005540797297361455,7327.782974748151,0.0,4.012218965208771,373068.59995728993,2.4722603949861084e-9,1.6938072714941665,1.490619195784748e-7,0.00018365479542550509,0,13
0.0006500000000000001,78.84475000850742,-312.47251517464804,233.62776516614068,1.028688481973735,-13.914504817231157,12.885816335257424,1.7763568394002505e-15,-3.3751565830155243,-18.690217360100675,-13.957635547540008,188.49288890488285,188.4953124582388,188.4952324985059,188.49516715199383,188.49511368634333,188.4950691318212,188.4950314320072,188.49499916633843,-0.01754640245595457,0.0008872851704474494,0.0008051640277673133,0.0007289360998901095,0.0006659142183422229,0.0006129378492453208,0.0005671155501018044,7439.491476595366,0.0,4.1101639028070585,373068.54828445415,2.7215240792865955e-9,1.721662313893061,1.5102913446252142e-7,0.00018365479542550509,0,14
0.0006600000000000001,80.03280652335799,-312.80718831497967,232.7743817916216,1.0613190541353532,-14.137511771853116,13.076192717717763,8.881784197001252e-16,-3.4788398749292697,-18.97050674993827,-14.189603836648528,188.49280643450416,188.49530859233937,188.49522747234113,188.49516112046265,188.49510683221152,188.49506159220016,188.49502331236633,188.4949905515284,-0.018289117109138997,0.000909525349748197,0.0008252205562120363,0.0007467034525552307,0.000681851267625877,0.0006273799555692738,0.0005802839638986979,7551.058325697324,0.0,4.209599687010671,373068.49617511174,2.991487492849804e-9,1.7495819705744595,1.531486146788552e-7,0.00018365479542550509,0,14
0.00067,81.21972559487482,-313.13741577276494,231.91769017789005,1.0944842443002347,-14.360783784596011,13.266299540295776,-8.881784197001252e-16,-3.5840491357732027,-19.250436409446735,-14.422317916457594,188.4927226408235,188.49530472251175,188.49522244618623,188.49515508894095,188.4950999780867,188.49505405258446,188.49501519272977,188.49498193675674,-0.019052290555376272,0.0009320052491510467,0.0008455083212538517,0.0007646682437965069,0.0006979597009135752,0.0006419728751138054,0.0005935857622754726,7662.481979363201,0.0,4.310525334739919,373068.4436278373,3.283515884846088e-9,1.7775672340450304,1.5508331772245976e-7,0.00018365479542550509,0,14
0.00068,82.40549035431069,-313.4631928547407,231.05770250043008,1.1281855804732173,-14.58432219460675,13.456136614133532,-8.881784197001252e-16,-3.6907821239080993,-19.530002469845016,-14.655788351915962,188.4926375196676,188.49530084865103,188.49521742004123,188.49514905742888,188.49509312396899,188.4950465129742,188.49500707309758,188.4949733220239,-0.019836211979112783,0.0009547235850264624,0.0008660273230337578,0.000782830474539864,0.0007142395183787897,0.0006567166081730136,0.0006070209386713765,7773.76089730686,0.0,4.4129398667959485,373068.3906412156,3.599042297646033e-9,1.8056190969364456,1.570485250318443e-7,0.00018365479542550509,0,14
0.0006900000000000001,83.59008394932358,-313.7845149308937,230.1944309815701,1.162424612569526,-14.80812833565102,13.645703723081493,0.0,-3.7990365768640677,-19.809201068462787,-14.89002563181915,188.49255106680468,188.4952969706508,188.49521239390617,188.49514302592655,188.49508626985846,188.49503897336942,188.49499895346983,188.4949647073302,-0.02064117159140355,0.0009776790455422457,0.000886777559954699,0.0008011901462028348,0.0007306907213607827,0.0006716111552214077,0.0006205894817734592,7884.8935416639615,0.0,4.516842308219942,373068.3372138116,3.939569899291947e-9,1.8337385520187603,1.591696070918358e-7,0.00018365479542550509,0,14
0.0007000000000000001,84.7734895442165,-314.1013774345258,229.32788789030926,1.1972029143253011,-15.032203536393098,13.835000622067799,1.7763568394002505e-15,-3.908810208732282,-20.088028348803796,-15.125040166010468,188.49246327794495,188.49529308840323,188.49520736778106,188.49513699443412,188.4950794157552,188.4950314337702,188.49499083384657,188.49495609272947,-0.021467460640816838,0.0010008702902120081,0.0009077590321576734,0.0008197472591264798,0.0007473133098110374,0.000686656516439399,0.0006342913780890136,7995.878377017006,0.0,4.622231687647919,373068.283344206,4.306674364390094e-9,1.8619265922136141,1.6114849817061572e-7,0.00018365479542550509,0,15
0.00071,85.9556903201764,-314.4137758623194,228.45808554214304,1.2325220789395428,-15.256549118965241,14.024027040025697,0.0,-4.020100715491153,-20.366480460579144,-15.360842288293775,188.492374148741,188.49528920179907,188.49520234166593,188.49513096295172,188.49507256165933,188.49502389417663,188.49498271422783,188.49494747822203,-0.022315371420681185,0.0010242959472546165,0.0009289717387550578,0.0008385018145657952,0.0007641072831836571,0.0007018526940858472,0.0006481256475320274,8106.713870408429,0.0,4.729107038186893,373068.22903092456,4.702006307184182e-9,1.890184210607545,1.631511958241627e-7,0.00018365479542550509,0,15
0.00072,87.13666947551353,-314.7217057744015,227.58503629888807,1.268383718906109,-15.48116639872549,14.212782679819382,0.0,-4.132905775041327,-20.644553559760432,-15.597442255708337,188.49228367478824,188.49528531072755,188.49519731556077,188.49512493147947,188.49506570757092,188.49501635458873,188.4949745946137,188.4949388637549,-0.023185197284624315,0.001047954617108493,0.0009504156790363094,0.0008574538136132404,0.0007810726435117932,0.000717199686242953,0.0006620932097268772,8217.39849136158,0.0,4.83746739729548,373068.17427243845,5.1272937623029934e-9,1.9185124004656897,1.6519388410657365e-7,0.00018365479542550509,0,15
0.0007300000000000001,88.31641022589989,-315.0251627944064,226.70875256850664,1.3047894700042826,-15.706056685093339,14.40126721508906,1.7763568394002505e-15,-4.247223041952361,-20.922243808652723,-15.834850243789756,188.49219185162542,188.4952814150765,188.4951922894656,188.4951189000175,188.4950588534901,188.4950088150066,188.49496647500422,188.49493024932846,-0.024077232653774372,0.0010718448678730397,0.0009720908527521832,0.0008766032561835502,0.000798209391887239,0.000732697494714829,0.0006761940593558169,8327.930711909608,0.0,4.947311805620355,373068.119067235,5.584344716709398e-9,1.9469121552447608,1.670113911611537e-7,0.00018365479542550509,0,15
0.0007400000000000001,89.49489580460809,-315.32414260953817,225.82924680493014,1.3417409890257317,-15.931221280698217,14.589480291672487,0.0,-4.363050150145543,-21.1995473759375,-16.0730763476247,188.49209867473505,188.49527751473224,188.4951872633804,188.49511286856597,188.49505199941692,188.4950012754303,188.49495835539943,188.4949216349431,-0.024991773026775577,0.0010959652389301855,0.0009939972585537582,0.0008959501439500528,0.0008155175284094707,0.0007483461182855589,0.0006904281843564952,8438.309006612393,0.0,5.058639307364859,373068.06341378205,6.075049693810254e-9,1.9753844686055537,1.6907558036960424e-7,0.00018365479542550509,0,15
0.00075,90.67210946274952,-315.6186409706317,224.9465315078822,1.3792399556597572,-16.15666148162045,14.777421525960694,0.0,-4.480384710293553,-21.476460436735394,-16.312130578950583,188.4920041395439,188.49527360957958,188.49518223730516,188.495106837125,188.4950451453515,188.4949937358599,188.4949502357994,188.49491302066056,-0.025929114990522306,0.0011203142369606844,0.0010161348960496808,0.0009154944780824792,0.000832997053376916,0.0007641455587592549,0.0007047955705462572,8548.531852581353,0.0,5.171448949620679,373068.0073105695,6.601384390289888e-9,2.003930334425263,1.7093961500458388e-7,0.00018365479542550509,0,16
0.00076,91.84803446951226,-315.9086536922136,224.06061922270135,1.4172880681575712,-16.382378576043944,14.965090507886377,1.7763568394002505e-15,-4.599224315134839,-21.752979172639066,-16.55202286935603,188.49190824142343,188.49526969950193,188.49517721123985,188.49510080569476,188.49503829129395,188.49498619629549,188.4949421162042,188.49490440648128,-0.026889556232250422,0.0011448903394162269,0.0010385037648485973,0.0009352362585115515,0.0008506479676314571,0.0007800958167043515,0.0007192950922085828,8658.597729492361,0.0,5.285739783271199,373067.95075602765,7.165412361461689e-9,2.032550746809917,1.7280168043698474e-7,0.00018365479542550509,0,16
0.0007700000000000001,93.02265411239908,-316.194176652561,223.17152254016196,1.45588704315582,-16.60837384401608,15.152486800860261,1.7763568394002505e-15,-4.719566539509935,-22.029099771765736,-16.79276306958302,188.49181097569033,188.49526578438113,188.49517218518446,188.49509477427534,188.49503143724434,188.4949786567371,188.49493399661384,188.49489579234418,-0.027873395545999102,0.0011696919910408887,0.0010611038633173697,0.0009551754866468087,0.0008684702718694259,0.0007961968909444561,0.0007339278101019531,8768.505119606492,0.0,5.401510862867236,373067.8937485275,7.769287765390984e-9,2.0612467001072057,1.7488761966388822e-7,0.00018365479542550509,0,16
0.0007800000000000001,94.19595169746484,-316.4752057937607,222.27925409629594,1.4950386196258223,-16.834648558204055,15.339609938578235,1.7763568394002505e-15,-4.84140893512272,-22.304818428829606,-17.03436094455809,188.4917123376069,188.4952618640976,188.49516715913896,188.4950887428669,188.49502458320276,188.4949711171848,188.4949258770284,188.49488717824968,-0.02888093284281168,0.001194717604530382,0.001083935189787888,0.0009753121647504415,0.0008864639666852359,0.0008124487831502325,0.000748693716669413,8878.252507798681,0.0,5.518761245423267,373067.83628646267,8.415258157929744e-9,2.0900191889185655,1.7655644985598018e-7,0.00018365479542550509,0,16
0.00079,95.36791054955373,-316.7517371217666,221.3838265722129,1.5347445566073548,-17.061203983086312,15.526459426478954,-1.7763568394002505e-15,-4.964749033218007,-22.58013134518429,-17.276826174605628,188.49161232238168,188.49525793853024,188.49516213310332,188.49508271146956,188.49501772916932,188.4949635776387,188.49491775744795,188.49487856419813,-0.029912469163573374,0.0012199655619742344,0.0011069977439398526,0.0009956462916607123,0.0009046290525253076,0.0008288514940235636,0.0007635928014663174,8987.838381574455,0.0,5.637489990796912,373067.77836820786,9.105667341639482e-9,2.118869208110773,1.7857800941462054e-7,0.00018365479542550509,0,16
0.0008,96.53851401253635,-317.02376670645623,220.48525269392,1.5750066350681569,-17.28804137515508,15.713034740086922,0.0,-5.089584341989153,-22.855034728885016,-17.520168352448927,188.4915109251698,188.4952540075564,188.4951571070775,188.49507668008346,188.49501087514412,188.49495603809885,188.49490963787252,188.49486995025995,-0.030968306683426094,0.0012454342101266835,0.001130291524565341,0.0010161778693840162,0.0009229655306294271,0.0008454050229564913,0.000778625049313808,9097.2612310945,0.0,5.757696160996622,373067.71999216615,9.842958272776483e-9,2.1477977528273415,1.8035106262581646e-7,0.00018365479542550509,0,17
0.0008100000000000001,97.70774544954632,-317.2912906816873,219.58354523214103,1.6158266535922832,-17.51516198165281,15.899335328060527,1.7763568394002505e-15,-5.215912351880569,-23.129524794720897,-17.76439698669659,188.49140814107355,188.49525007105203,188.49515208106138,188.49507064870875,188.49500402112724,188.4949484985653,188.49490151830219,188.4948613364355,-0.03204874872701591,0.0012711218649863465,0.00115381653077673,0.001036906898168155,0.0009414734020893878,0.0008621093705569738,0.0007937891787339613,9206.519549187384,0.0,5.879378821114791,373067.66115667624,1.0629676019705078e-8,2.176805818500036,1.8224747755368753e-7,0.00018365479542550509,0,17
0.0008200000000000001,98.87558824321687,-317.55430524535177,218.67871700213487,1.6572064281953818,-17.742567040334603,16.085360612139223,0.0,-5.343730535625441,-23.40359776426702,-18.009521501173214,188.49130396514295,188.49524612889144,188.49514705505496,188.49506461734555,188.49499716711878,188.49494095903813,188.494893398737,188.49485272265514,-0.033154099772993106,0.0012970268084167014,0.0011775727609047992,0.001057833379771722,0.0009601526659638315,0.0008789645381348521,0.0008090863977564533,9315.611831370072,0.0,6.002537039198903,373067.6018600131,1.1468470783151024e-8,2.205894400860801,1.8402936145800464e-7,0.00018365479542550509,0,17
0.0008300000000000001,100.04202579591683,-317.8128066594306,217.77078086351375,1.6991477962316006,-17.970257780145747,16.27110998391415,3.552713678800501e-15,-5.473036343021505,-23.677249865956227,-18.25555122972486,188.49119839237608,188.49524218094749,188.49514202905814,188.495058585994,188.49499031311885,188.49493341951742,188.494885279177,188.49484410891927,-0.03428466546467501,0.0013231472880745887,0.0012015602137066539,0.0010789573149541098,0.0009790033240869578,0.0008959705253293038,0.0008245167033117395,9424.536575876366,0.0,6.127169885005602,373067.54210047994,1.2362100969685231e-8,2.2350644959529107,1.8583852592901628e-7,0.00018365479542550509,0,17
0.00084,101.20704152998667,-318.06679125004644,216.8597497200598,1.7416526141351536,-18.19823542045644,16.45658280632129,0.0,-5.603827203603371,-23.950477335120986,-18.502495417590666,188.49109141771973,188.4952382270915,188.49513700307088,188.49505255465422,188.49498345912752,188.49492588000322,188.49487715962226,188.49483549522824,-0.035440752620673144,0.001349481519448359,0.0012257788873010211,0.0011002787040483852,0.000998025377252132,0.0009131273335638568,0.0008400800804677644,9533.292283673381,0.0,6.253276430392451,373067.4818763626,1.3313436324312906e-8,2.2643171001416182,1.8758843452204577e-7,0.00018365479542550509,0,17
0.0008500000000000001,102.37061888797405,-318.3162554075161,215.94563651954206,1.7847227592538122,-18.426501171226548,16.641778411972737,0.0,-5.736100524058079,-24.22327641405502,-18.750363218307925,188.49098303606988,188.4952342671933,188.49513197709305,188.49504652332635,188.4949766051449,188.49491834049562,188.49486904007284,188.4948268816617,-0.03662266924076518,0.0013760276819667627,0.0012502287794163847,0.00112179754922348,0.0010172188260562098,0.00093043496152867,0.0008557765174179721,9641.877458485937,0.0,6.380855748600877,373067.4211859817,1.4325461122454892e-8,2.2936532101245937,1.895139866009421e-7,0.00018365479542550509,0,18
0.0008600000000000001,103.53274133286914,-318.5611955864017,215.02845425353263,1.8283601255628659,-18.655056231826038,16.82669610626317,0.0,-5.8698536935157914,-24.4956433520451,-18.99916369748263,188.49087324227222,188.4952303011211,188.4951269511246,188.49504049201053,188.49496975117108,188.49491080099466,188.49486092052877,188.49481826822,-0.037830724517517345,0.001402783920561257,0.0012749098898023892,0.0011435138508204545,0.0010365836698538189,0.000947893411616052,0.0008716045623047286,9750.290606808994,0.0,6.509906915221514,373067.3600275888,1.5401277418538377e-8,2.32307382294249,1.9113169640039285e-7,0.00018365479542550509,0,18
0.0008700000000000001,104.69339234833961,-318.8016083055611,214.10821595722157,1.8725666234725304,-18.88390179080051,17.011335167327978,-1.7763568394002505e-15,-6.005084083588876,-24.767574405422494,-19.248905832149802,188.49076203112267,188.49522632874164,188.4951219251654,188.4950344607069,188.49496289720616,188.49490326150044,188.49485280099012,188.49480965482428,-0.03906522884364916,0.0014297483453102888,0.0012998222154070316,0.001165427610512637,0.0010561199107775865,0.0009655026834454183,0.0008875655849103214,9858.53023792802,0.0,6.64042900806108,373067.2983993658,1.6544108359016116e-8,2.3525799359899304,1.930392205806708e-7,0.00018365479542550509,0,18
0.00088,105.85255543896542,-319.0374901481975,213.18493470923215,1.9173441836915188,-19.113039026470346,17.195694842778828,0.0,-6.141789043162143,-25.039065837634165,-19.499598505357305,188.4906493973679,188.49522234992008,188.49511689921533,188.4950284294156,188.49495604325023,188.494895722013,188.49484468145695,188.49480104147494,-0.04032649381983855,0.0014569190307800461,0.0013249657557667938,0.001187538827719159,0.00107582754981983,0.0009832627771502178,0.0009036595819273963,9966.594863947117,0.0,6.772421105852396,373067.23629953037,1.77573015510692e-8,2.3821725470256987,1.945906174388723e-7,0.00018365479542550509,0,18
0.0008900000000000001,107.01021413047327,-319.2688377619077,212.2586236314345,1.9626947549773721,-19.342469106209272,17.3797743512319,1.7763568394002505e-15,-6.27996590105997,-25.310113919284092,-19.75125050769553,188.49053533570583,188.49521836452004,188.4951118732743,188.49502239813677,188.49494918930338,188.49488818253243,188.4948365619293,188.49479242817236,-0.041614832264752155,0.0014842940165700202,0.0013503405072623487,0.0012098475049500124,0.0010957065874754868,0.0010011736924635528,0.0009198865414125068,10074.482999805317,0.0,6.90588228865985,373067.17372628325,1.9044332497202608e-8,2.4118526541824035,1.9648272339689576e-7,0.00018365479542550509,0,18
0.0009000000000000001,108.16635196997065,-319.49564785873,211.32929588875948,2.0086203059435963,-19.57219318657166,17.563572880628065,1.7763568394002505e-15,-6.4196119634696664,-25.580714928194286,-20.003870534108977,188.4904198407863,188.49521437240358,188.49510684734219,188.49501636687052,188.49494233536572,188.4948806430588,188.49482844240725,188.49478381500597,-0.0429305582215358,0.0015118713039481424,0.0013759464689339085,0.001232353642871331,0.0011157570244408888,0.0010192354308484752,0.0009362464469437892,10182.193163300699,0.0,7.0408116371368,373067.1106778677,2.0408808089322926e-8,2.4416212559759267,1.980483250313414e-7,0.00018365479542550509,0,19
0.0009100000000000001,109.32095252617975,-319.717917215191,210.39696468901127,2.0551228208008565,-19.80221241219753,17.74708959139668,3.552713678800501e-15,-6.56072451922053,-25.850865149436018,-20.257467187949164,188.49030290721146,188.49521037343115,188.4951018214188,188.495010335617,188.49493548143732,188.49487310359214,188.49482032289086,188.49477520197613,-0.044273986968114576,0.0015396488597061442,0.001401783638864118,0.0012550572426528461,0.0011359788609635046,0.0010374479927597324,0.0009527376697721079,10289.723875102643,0.0,7.1772082335256835,373067.047152452,2.185447016461856e-8,2.4714793513150077,1.997067587133916e-7,0.00018365479542550509,0,19
0.00092,110.47399938967094,-319.93564267235104,209.4616432826801,2.1022042991568846,-20.032527915581465,17.930323616424584,1.7763568394002505e-15,-6.703300839824113,-26.120560875380747,-20.51204898036558,188.49018452953638,188.4952063674617,188.49509679550405,188.49500430437632,188.49492862751828,188.49486556413257,188.49481220338015,188.49476658899417,-0.04564543502409568,0.0015676246131275384,0.0014278520141419726,0.001277958305472282,0.0011563720978366998,0.0010558113779699507,0.0009693617519649367,10397.073658771931,0.0,7.315071161520861,373066.9831481291,2.3385199128943903e-8,2.5014279395112604,2.0138976306038892e-7,0.00018365479542550509,0,19
0.00093,111.62547617309602,-320.14882113584946,208.52334496275347,2.149866759835704,-20.263140817594007,18.113274057758304,0.0,-6.8473381742789865,-26.389798405770605,-20.767624324672045,188.49006470226962,188.49520235435253,188.49509176959774,188.49499827314867,188.4949217736087,188.49485802468013,188.4948040838752,188.4947579760605,-0.047045220158232426,0.001595796456349774,0.0014541515926019821,0.001301056832166303,0.001176936735506895,0.0010743255883771674,0.0009861186890638418,10504.241040788635,0.0,7.4543995049328045,373066.91866303526,2.5005017640032035e-8,2.53146802028837,2.0306868594999194e-7,0.00018365479542550509,0,19
0.0009400000000000001,112.7753665114211,-320.3574495759484,207.58208306452735,2.1981122386377345,-20.494052226804378,18.295939988166648,3.552713678800501e-15,-6.992833751732615,-26.65857404775918,-21.024201538033914,188.48994341987375,188.4951983339594,188.49508674369972,188.49499224193414,188.4949149197087,188.4948504852349,188.49479596437607,188.4947493631755,-0.048473661395831646,0.001624162244286298,0.0014806823703045202,0.0013243528243229719,0.0011976727758592487,0.0010929906227852282,0.0010030084688875673,10611.224550568164,0.0,7.595192348108626,373066.85369529086,2.6718094358506703e-8,2.5616005937907396,2.0466215309988822e-7,0.00018365479542550509,0,19
0.0009500000000000001,113.92365406215919,-320.561525027576,206.63787096541688,2.246942790120243,-20.725263239570957,18.478320449450717,1.7763568394002505e-15,-7.139784778912608,-26.926884115971923,-21.281788838188938,188.4898206767659,188.49519430613648,188.4950817178098,188.4949862107329,188.49490806581832,188.49484294579696,188.4947878448828,188.49474075043898,-0.04993107902787408,0.0016527197921694103,0.0015074443469281773,0.0013478462816092218,0.0012185802188937611,0.001111806482617661,0.0010200310751331543,10718.022720485169,0.0,7.737448775163249,373066.78824306617,2.8528747765097848e-8,2.59182666059192,2.063624071346748e-7,0.00018365479542550509,0,20
0.0009600000000000001,115.07032250560243,-320.76104459036833,205.69072208476598,2.296360483367482,-20.956774939031074,18.660414455663595,1.7763568394002505e-15,-7.288188445393919,-27.194724932536793,-21.540394347780406,188.48969646731837,188.49519027073632,188.4950766919278,188.49498017954502,188.4949012119377,188.49483540636635,188.49477972539546,188.4947321378514,-0.05141779461801643,0.0016814668782916264,0.0015344375180720293,0.0013715372062872433,0.0012396590657507423,0.001130773168482424,0.0010371846898078463,10824.634085885527,0.0,7.881167871016685,373066.7223044507,3.044145004060766e-8,2.6221472217031794,2.0786657851934454e-7,0.00018365479542550509,0,20
0.00097,116.2153555450541,-320.95600542871074,204.74064988365672,2.3463674017833123,-21.1885883948738,18.842220993090493,1.7763568394002505e-15,-7.4380419236406015,-27.46209282713459,-21.80002609377977,188.48957078585917,188.49518622760988,188.49507166605355,188.4949741483707,188.49489435806694,188.49482786694315,188.4947716059141,188.4947235253136,-0.05293413100828581,0.0017104012411506275,0.0015616618816766126,0.0013954256000223708,0.0012609093161342066,0.0011498906811011622,0.0010544710345904429,10931.057185106232,0.0,8.026348721253186,373066.6558774529,3.2460831020714705e-8,2.652563278582521,2.094348256487244e-7,0.00018365479542550509,0,20
0.0009800000000000002,117.35873690706019,-321.1464047717782,203.78766786471806,2.396965646865219,-21.420704663784136,19.02373901691892,1.7763568394002505e-15,-7.589342363824843,-27.728984137068785,-22.0606920016397,188.4894436266726,188.49518217660653,188.49506664018682,188.49496811721002,188.4948875042061,188.49482032752744,188.49476348643879,188.49471491282594,-0.054480412330289774,0.0017395205819064063,0.0015891174345117332,0.0014195114622337357,0.0012823309726717191,0.0011691590197324686,0.0010718901102952927,11037.290559503004,0.0,8.172990410737789,373066.588960132,3.45916822086339e-8,2.6830758331428557,2.1103087993745717e-7,0.00018365479542550509,0,20
0.00099,118.5004503416406,-321.3322399135746,202.831789571934,2.448157335975181,-21.65312478881033,19.204967452835152,1.7763568394002505e-15,-7.742086896483612,-27.995395207305716,-22.322399897138318,188.48931498399978,188.495178117574,188.49506161432743,188.49496208606317,188.4948806503553,188.49481278811925,188.49475536696957,188.49470630038883,-0.056056964007711985,0.001768822560298533,0.0016168041738434669,0.0014437947943468643,0.0013039240357102244,0.0011885781850979882,0.0010894419002447364,11143.332753466122,0.0,8.32109202405333,373066.52155053226,3.683896086711508e-8,2.713685887759602,2.1256198459718156e-7,0.00018365479542550509,0,20
0.001,119.64047962252032,-321.5135082129712,201.87302859045093,2.4999446040931543,-21.885849799417958,19.38590519532481,3.552713678800501e-15,-7.896272629957833,-28.261322390534346,-22.58515750301192,188.48918485203927,188.4951740503584,188.4950565884751,188.49495605493027,188.49487379651464,188.49480524871868,188.4947472475065,188.49469768811323,-0.057664112766136366,0.0017983047976066757,0.0016447220952708896,0.0014682755992048158,0.0013256885046067923,0.0012081481784136372,0.0011071263905029216,11249.182314444033,0.0,8.470652644704659,373066.45364675636,3.920779416978368e-8,2.7443944452780693,2.1405510544636464e-7,0.00018365479542550509,0,21
0.00101,120.77880854735977,-321.6902070937443,200.91139854638453,2.5523295996177167,-22.1188807105649,19.566551110947188,1.7763568394002505e-15,-8.051896655647814,-28.526762047196335,-22.848972443566225,188.4890532249477,188.4951699748042,188.49505156262964,188.49495002381144,188.49486694268418,188.4947977093258,188.49473912804964,188.49468907599953,-0.05930218663929576,0.0018279648734984555,0.0016728711970176446,0.0014929538762187278,0.0013476243822364564,0.0012278689991653824,0.0011249415601753965,11354.83779295515,0.0,8.621671356195494,373066.3852468195,4.170348343018697e-8,2.7752025090209775,2.156466226838072e-7,0.00018365479542550509,0,21
0.00102,121.91542093798522,-321.86233404461154,199.9469131066264,2.6053144841518288,-22.352218522478353,19.746904038326527,0.0,-8.20895604805622,-28.791710545535732,-23.113852244131618,188.48892009684025,188.49516589075427,188.49504653679077,188.49494399270682,188.49486008886404,188.4947901699407,188.49473100859908,188.4946804639375,-0.06097151497419051,0.0018578003281308764,0.0017012514739733753,0.0015178296283169246,0.0013697316666170245,0.0012477406486828269,0.0011428893253524475,11460.297742607445,0.0,8.7741472418842,373066.31634864985,4.433150840366068e-8,2.8061110827964546,2.1699108988804117e-7,0.00018365479542550509,0,21
0.00103,123.05030064061874,-322.0298866192681,198.9795859786494,2.6589014362307193,-22.585864221022494,19.92696278479178,3.552713678800501e-15,-8.3674478596216,-29.0561642616682,-23.379804325007093,188.4887854617913,188.4951617980498,188.49504151095823,188.49493796161656,188.4948532350543,188.4947826305634,188.49472288915481,188.4946718519275,-0.06267242844116139,0.0018878086601479271,0.0017298629232620488,0.0015429028546707357,0.0013920103615648882,0.0012677631269659706,0.0011609696851028195,11565.560720125843,0.0,8.928079383550967,373066.24695023417,4.709753165099356e-8,2.8371211709051525,2.1859154900050193e-7,0.00018365479542550509,0,21
0.0010400000000000001,124.18343152610765,-322.19286243642085,198.0094309103133,2.71309264910445,-22.81981877711069,20.106726128006244,1.7763568394002505e-15,-8.52736912336977,-29.320119579620535,-23.646836003460958,188.48864931383508,188.49515769653036,188.49503648513178,188.49493193054076,188.4948463812551,188.494775091194,188.49471476971695,188.49466323996995,-0.0644052590369395,0.0019179873272490156,0.001758705540446659,0.0015681735576196232,0.0014144604664371174,0.0012879364348303834,0.0011791826252348647,11670.62528536777,0.0,9.083466861852672,373066.1770495456,5.000740298724827e-8,2.8682337781467777,2.2000482025053003e-7,0.00018365479542550509,0,21
0.0010500000000000002,125.31479749015388,-322.3512591798229,197.0364616896691,2.7678903324642574,-23.05408314672371,20.286192814259458,3.552713678800501e-15,-8.688716850360722,-29.58357289138973,-23.91495449027792,188.48851164696612,188.49515358603387,188.49503145931112,188.4949258994796,188.49483952746647,188.49476755183252,188.4947066502855,188.49465462818753,-0.0661703400920397,0.0019483337443635396,0.0017877793217296878,0.001593641738573126,0.0014370819825244574,0.0013082605715939444,0.0011975281297014195,11775.490001346509,0.0,9.240308755499449,373066.1066446241,5.3067163994994876e-8,2.8994499098263895,2.2147281722451062e-7,0.00018365479542550509,0,22
0.0010600000000000002,126.4443824535428,-322.50507459830567,196.06069214476287,2.823296708275289,-23.288658270070208,20.46536156179492,1.7763568394002505e-15,-8.851488034932384,-29.846520596972603,-24.18416689464628,188.48837245514,188.49514946639658,188.49502643349595,188.4949198684332,188.49483267368853,188.4947600124791,188.49469853086057,188.49464601658065,-0.0679680062785587,0.0019788452848656934,0.0018170842641629381,0.001619307398136094,0.001459874909676473,0.0013287355404447698,0.0012160039639359521,11880.153434242768,0.0,9.398604142373529,373066.0357334157,5.6283052610968576e-8,2.930770571760856,2.228621638067363e-7,0.00018365479542550509,0,22
0.00107,127.57217036237176,-322.6543065058118,195.08213614344004,2.879314010555828,-23.523545071368375,20.64423106081255,1.7763568394002505e-15,-9.01567965474498,-30.108959104414712,-24.454480223646645,188.48823173227387,188.49514533745307,188.49502140768598,188.49491383740164,188.4948258199214,188.4947524731338,188.4946904114422,188.4946374050273,-0.06979859361183205,0.002009519279700722,0.001846620361678486,0.001645170537803331,0.0014828392497783227,0.0013493613390103132,0.0012346122498321233,11984.61415342403,0.0,9.558352099381944,373065.9643137724,5.966150780180984e-8,2.9621967702857948,2.240843900436218e-7,0.00018365479542550509,0,22
0.00108,128.6981451882782,-322.79895278142544,194.10080759314724,2.9359444890581727,-23.758744459137613,20.822799970079444,1.7763568394002505e-15,-9.18128866562872,-30.370884829878953,-24.72590137599103,188.4880894722471,188.49514119903623,188.49501638188087,188.49490780638513,188.49481896616516,188.49474493379662,188.49468229203043,188.4946287935279,-0.0716624394620069,0.0020403530161847705,0.001876387610939001,0.00167123115899237,0.0015059750030289587,0.0013701379694357474,0.0012533529873269833,12088.870731471632,0.0,9.71955170097266,373065.8923836134,6.320917430036968e-8,2.993729512261615,2.2563081403248475e-7,0.00018365479542550509,0,22
0.00109,129.82229092866748,-322.93901136940286,193.11672044073538,2.993190407063989,-23.99425732565605,21.00106691859207,5.329070518200751e-15,-9.348312004230042,-30.63229419768441,-24.998437144179224,188.4879456689019,188.49513705097732,188.4950113560803,188.49490177538377,188.49481211241988,188.4947373944677,188.49467417262534,188.49462018208283,-0.0735598825560827,0.0020713437400787793,0.0019063860066198535,0.001697489262718399,0.001529282170469215,0.0013910654319484461,0.001272226160976886,12192.921744196097,0.0,9.882202019608647,373065.8199408456,6.693290742435674e-8,3.0253698050789426,2.2689271853004733e-7,0.00018365479542550509,0,22
0.0011,130.94459160694035,-323.0744802792015,192.1298886722612,3.0510540430831465,-24.23008454694346,21.17903050386031,-1.7763568394002505e-15,-9.516746585466272,-30.893183640364814,-25.272094210962997,188.48780031604383,188.49513289310588,188.49500633028396,188.4948957443977,188.4948052586857,188.49472985514709,188.49466605322698,188.49461157082717,-0.0754912629840746,0.0021024886514342533,0.0019366155441780109,0.0017239448503136856,0.0015527607534383536,0.0014121437265484094,0.0012912317552372654,12296.765770660202,0.0,10.046302124916169,373065.7469834517,7.08397779733455e-8,3.0571186566638158,2.283080312720509e-7,0.00018365479542550509,0,23
0.00111,132.06503127271995,-323.2053575855083,191.14032631278843,3.109537686720201,-24.466226982007342,21.356689295287147,3.552713678800501e-15,-9.686589307757767,-31.15354959869747,-25.5468791545067,188.4876534074426,188.4951287252497,188.49500130449144,188.49488971342703,188.49479840496267,188.49472231583482,188.4946579338354,188.49460295976132,-0.0774569222044521,0.002133784906538816,0.001967076219282493,0.0017505979222818269,0.0015764107522348025,0.0014333728544515534,0.0013103673104956082,12400.401393190321,0.0,10.211851084847915,373065.6735093133,7.493707720215673e-8,3.0889770754830472,2.2957135567547304e-7,0.00018365479542550509,0,23
0.0011200000000000001,133.1835940020785,-323.33164142826706,190.14804742618864,3.168643638447457,-24.70268547262978,21.534041834182336,7.105427357601002e-15,-9.857837053073435,-31.413388521751607,-25.82279844791043,188.48750493683255,188.495124547235,188.49499627870242,188.49488368247194,188.4947915512509,188.494714776531,188.4946498144507,188.49459434875092,-0.07945720305035209,0.0021652296172276486,0.0019977680265026443,0.0017774484801256207,0.0016002321687922372,0.0014547528148027844,0.00132963516432405,12503.827197395482,0.0,10.378847965532998,373065.59951621055,7.923232187737257e-8,3.120946070550089,2.3094897237674328e-7,0.00018365479542550509,0,23
0.0011300000000000001,134.3002638977637,-323.45333001270484,189.15306611494114,3.2283742132380366,-24.9394608435837,21.71108663034566,-1.7763568394002505e-15,-10.030486681792766,-31.67269686695621,-26.099858452748382,188.48735489791335,188.4951203588862,188.4949912529165,188.49487765153253,188.4947846975505,188.4947072372357,188.4946416950729,188.49458573779634,-0.08149244973407188,0.002196819851380427,0.002028690960017565,0.0018044965254411238,0.0016242250031106575,0.0014762836091590792,0.0013490353185331427,12607.0417721942,0.0,10.547291829740368,373065.52500200074,8.37332594127487e-8,3.153026651429968,2.320866227811802e-7,0.00018365479542550509,0,23
0.0011400000000000002,135.41502508942457,-323.5704216093575,188.1553965199329,3.2887317383748975,-25.176553902135982,21.88782216376109,3.552713678800501e-15,-10.204535035346886,-31.931471100138218,-26.378065421380285,188.48720328435056,188.49511616002604,188.49498622713327,188.49487162060896,188.49477784386156,188.494699697949,188.49463357570204,188.49457712689795,-0.08356300785151272,0.002228552630805236,0.0020598450142905733,0.0018317420594753386,0.0016483892563303737,0.0014979652378614983,0.0013685677565641319,12710.043709829522,0.0,10.717181737373467,373065.449964529,8.844787308148375e-8,3.1852198282435915,2.3338456610344505e-7,0.00018365479542550509,0,23
0.0011500000000000002,136.52786173383706,-323.6829145540942,187.15505282025717,3.3497185551220854,-25.413965437995678,22.064246882873597,1.7763568394002505e-15,-10.379978933680892,-32.18970769558038,-26.657425493335126,188.48705008977635,188.49511195047552,188.49498120135235,188.49486558970133,188.49477099018415,188.49469215867092,188.4946254563382,188.49456851620397,-0.08566922438918179,0.002260424931501692,0.002091230183712822,0.0018591850839868584,0.0016727249288492896,0.0015197977011571773,0.0013882324629913567,12812.831605891839,0.0,10.888516744589595,373065.3744017266,9.338438731386812e-8,3.217526611671812,2.3459320447338783e-7,0.00018365479542550509,0,24
0.00116,137.6387580151291,-323.7908072481413,186.15204923301218,3.4113370146264774,-25.65169622264594,22.240359208019466,3.552713678800501e-15,-10.55681518047436,-32.44740313604944,-26.937944700742754,188.4868953077901,188.49510773005392,188.4949761755733,188.49485955880982,188.4947641365184,188.49468461940154,188.49461733698146,188.49455990571474,-0.08781144772609106,0.002292433682502981,0.0021228464629957644,0.001886825600060149,0.0016972320214607706,0.0015417810001285837,0.0014080267402386548,12915.404059329967,0.0,11.061295905009674,373065.2983114154,9.855127307368218e-8,3.2499480129596696,2.3584832906098363e-7,0.00018365479542550509,0,24
0.00117,138.74769814500567,-323.89409815810467,185.14640001309903,3.473589477685066,-25.889747009136357,22.416157531451294,1.7763568394002505e-15,-10.73504056318815,-32.704553912843934,-27.219628967892277,188.486738931959,188.4951034985788,188.4949711497957,188.49485352793454,188.49475728286438,188.49467708014095,188.49460921763185,188.49455129528283,-0.08999002763984243,0.0023245757682761603,0.0021546938453959052,0.0019146636090354718,0.0017219105358510234,0.0015639151348894043,0.0014279531524818978,13017.759672469947,0.0,11.235518269565825,373065.22169130895,1.0395725332972282e-7,3.2824850439211626,2.3710358496020767e-7,0.00018365479542550509,0,24
0.00118,139.85466636297286,-323.9927858159919,184.13811945301916,3.536478318329414,-26.128118532224548,22.59164021389514,3.552713678800501e-15,-10.91465184794067,-32.961156525861156,-27.502484104573963,188.48658095581877,188.49509925586597,188.4949661240191,188.49484749707563,188.4947504292222,188.49466954088922,188.49460109828942,188.49454268490865,-0.09220531531157572,0.0023568480251152657,0.00218677232466602,0.001942699111501689,0.0017467604736067788,0.0015862001058004616,0.0014480117037708462,13119.897051041578,0.0,11.41118288491051,373065.1445392072,1.0961130859362889e-7,3.315138716943055,2.3819650574186113e-7,0.00018365479542550509,0,24
0.00119,140.95964693656197,-324.086868819233,183.12722188267114,3.6000059216493607,-26.36681150792519,22.76680558627583,1.7763568394002505e-15,-11.095645782143613,-33.21720748363484,-27.78651580854475,188.48642137287422,188.49509500172948,188.49496109824304,188.4948414662332,188.49474357559194,188.49466200164642,188.49459297895427,188.49453407459254,-0.09445766332874883,0.0023892472419289046,0.0022190818945949653,0.0019709321093799304,0.00177178183418214,0.0016086359134301897,0.0014682023785429488,13221.81480419319,0.0,11.588288793933085,373065.0668528991,1.1552268256037039e-7,3.347910044988037,2.392661222483383e-7,0.00018365479542550509,0,24
0.0012000000000000001,142.06262416155317,-324.1763458307002,182.1137216691471,3.6641746854364605,-26.60582663342403,22.941651947987573,1.7763568394002505e-15,-11.278019091972165,-33.472703303392194,-28.071729661834212,188.48626017659998,188.49509073598165,188.49495607246703,188.4948354354074,188.4947367219737,188.4946544624126,188.49458485962643,188.49452546449646,-0.09674742569084616,0.0024217701600632857,0.002251622549006571,0.0019993626036693968,0.0017969746188678526,0.0016312225586534446,0.0014885251593891313,13323.511544514215,0.0,11.766835034849665,373064.98863026954,1.217008878222619e-7,3.380800041597637,2.405378426995064e-7,0.00018365479542550509,0,25
0.0012100000000000001,143.1635823621987,-324.2612155787271,181.09763321652846,3.728987016122556,-26.845164586495805,23.11617757037325,0.0,-11.46176848757374,-33.72764051108153,-28.35813113644442,188.48609736044114,188.495086458433,188.49495104669057,188.49482940459836,188.49472986836759,188.49464692318784,188.49457674030597,188.49451685462083,-0.09907495781248576,0.002454413472712691,0.0022843942805539363,0.0020279905957956146,0.0018223388293986398,0.0016539600415641509,0.0015089770982356088,13424.985888045954,0.0,11.946820642461766,373064.9098690867,1.2815571166880333e-7,3.4138097208953275,2.415633448549226e-7,0.00018365479542550509,0,25
0.0012200000000000002,144.2625058914455,-324.3414768571266,180.07897096568118,3.7944453285417374,-27.08482602530257,23.290380696760838,5.329070518200751e-15,-11.646890663116121,-33.98201564141934,-28.64572559394437,188.4859329178138,188.49508216889237,188.49494602091318,188.49482337380624,188.49472301477368,188.4946393839722,188.49456862099296,188.4945082448044,-0.10144061652767067,0.0024871738251110997,0.0023173970814288625,0.002056816087431912,0.0018478744651800882,0.0016768483638527343,0.0015295610011287764,13526.236454300151,0.0,12.128244648001798,373064.8305670018,1.348972219939442e-7,3.446940097590176,2.4264632404735753e-7,0.00018365479542550509,0,25
0.0012300000000000002,145.3593791311578,-324.4171285252085,179.05774939405077,3.860552049465312,-27.324811588461174,23.464259538995865,3.552713678800501e-15,-11.83338229167783,-34.23582523795647,-28.93451827861969,188.48576684210593,188.4950778671667,188.4949409951343,188.49481734303114,188.4947161611921,188.49463184476576,188.49456050168746,188.49449963504753,-0.10384476009319443,0.0025200478127571646,0.002350630944993881,0.0020858390799105564,0.0018735815280973567,0.0016998875244367273,0.0015502768726209926,13627.261866285196,0.0,12.311106077486423,373064.7507217626,1.419357732629892e-7,3.4801921869795103,2.437562985763142e-7,0.00018365479542550509,0,25
0.00124,146.4541864923388,-324.488169507795,178.03398301545624,3.9273096154413007,-27.565121894638608,23.63781227919731,0.0,-12.021240027878731,-34.48906585311524,-29.224514320091334,188.48559912667784,188.4950735530613,188.49493596935343,188.49481131227324,188.49470930762288,188.49462430556858,188.4945523823895,188.49449102535064,-0.10628774819171272,0.0025530319811868374,0.0023840958638310372,0.0021150595739909406,0.0018994600197856926,0.0017230775234298168,0.0015711246961624958,13728.060750520677,0.0,12.495403952256327,373064.67033110734,1.4928201259295177e-7,3.5135670049509073,2.4472329290814443e-7,0.00018365479542550509,0,25
0.00125,147.5469124153527,-324.5545987952365,177.00768637988386,3.994720474409778,-27.80575754243225,23.811037068022472,0.0,-12.210460505357862,-34.74173404824568,-29.51571872954617,188.48542976486291,188.49506922637954,188.49493094357,188.49480528153262,188.49470245406619,188.49461676638072,188.49454426309913,188.49448241589013,-0.10876994193661305,0.0025861228274788317,0.002417791830061078,0.002144477572260328,0.0019255099398496345,0.00174641836273004,0.0015921044544361385,13828.631737059586,0.0,12.681137288035961,373064.58939288056,1.5694688591353543e-7,3.5470655679839402,2.459058243420298e-7,0.00018365479542550509,0,26
0.00126,148.6375413701453,-324.6164154434258,175.9788740732806,4.062787081679948,-28.046719109874008,23.98393202819407,5.329070518200751e-15,-12.401040341970596,-34.993826393652476,-29.808136405702538,188.48525874996832,188.4950648869231,188.49492591778346,188.49479925080945,188.49469560052208,188.49460922720226,188.49453614381648,188.49447380666638,-0.11129170387467402,0.0026193167991681587,0.002451718834847183,0.002174093074633454,0.0019517312903223338,0.0017699100429651171,0.001613212937377706,13928.97345949891,0.0,12.868305096243335,373064.50790480175,1.649416442068696e-7,3.5806888931521197,2.4675061469081605e-7,0.00018365479542550509,0,26
0.00127,149.72605785646502,-324.6736185738115,174.94756071734656,4.1315118996870694,-28.28800715423493,24.156495254547877,8.881784197001252e-15,-12.592976139837955,-35.24533946864137,-30.101772134441298,188.48508607527566,188.4950605344918,188.49492089199322,188.49479322010384,188.49468874699065,188.49460168803327,188.49452802454155,188.4944651975037,-0.11385339798805638,0.00265261029027708,0.002485876870664261,0.002203906083790841,0.001978124071798204,0.0017935525632799543,0.0016344532019288982,14029.084554997851,0.0,13.056906383833772,373064.4258644648,1.732778498663556e-7,3.6144379981254144,2.4775029047741093e-7,0.00018365479542550509,0,26
0.00128,150.8124464040832,-324.72620737341055,173.91376096932743,4.200897401477313,-28.5296222120194,24.32872481054209,5.329070518200751e-15,-12.786264480251155,-35.496269861584665,-30.396630581767653,188.48491173404156,188.4950561688837,188.49491586619865,188.49478718941594,188.494681893472,188.49459414887383,188.49451990527442,188.4944565884025,-0.11645538969745983,0.0026859996460295577,0.0025202659289236262,0.0022339166000655553,0.002004688285715983,0.0018173459252315283,0.0016558252546434726,14128.963664303785,0.0,13.246940151595995,373064.34326957085,1.8196738312900128e-7,3.648313901171752,2.487808928308688e-7,0.00018365479542550509,0,26
0.0012900000000000001,151.89669157301384,-324.7741810948196,172.87748952180573,4.2709460685639,-28.771564798606875,24.50061873004298,3.552713678800501e-15,-12.980901926297047,-35.7466141699575,-30.692716296581974,188.48473571949847,188.495051789895,188.49491084039917,188.4947811587459,188.49467503996624,188.494586609724,188.49451178601515,188.49444797936312,-0.11909804586753303,0.002719481158555803,0.0025548860006813223,0.002264124625874331,0.002031423932175147,0.0018412901290472128,0.001677329078460077,14228.609431766476,0.0,13.438405394716344,373064.2601178127,1.9102244860598316e-7,3.682317621157823,2.496067040280714e-7,0.00018365479542550509,0,26
0.0013000000000000002,152.97877795373307,-324.8175390562259,171.83876110249284,4.341660392514338,-29.01383540809911,24.672175015584777,3.552713678800501e-15,-13.176885020343525,-35.99636900039344,-30.990033706837565,188.48455802485526,188.4950473973201,188.49490581459412,188.49477512809383,188.49466818647346,188.49457907058382,188.49450366676382,188.4944393705772,-0.12178173480582244,0.0027530510697391097,0.0025897370777738793,0.0022945301618140235,0.002058331011969061,0.0018653851756957884,0.0016989646554580462,14328.020505360073,0.0,13.631301101807964,373064.17640700063,2.0045558190537903e-7,3.716450177549635,2.505612960862491e-7,0.00018365479542550509,0,27
0.0013100000000000002,154.05869016739828,-324.8562806414169,170.79759047401868,4.413042870967459,-29.25643451291053,24.84339164194308,1.7763568394002505e-15,-13.374210289225068,-36.24553096871079,-31.288587125768984,188.48437864329796,188.49504299095153,188.49490078878287,188.49476909745988,188.49466133299373,188.4945715314534,188.49449554752047,188.49443076204508,-0.1245068262680118,0.002786705568788017,0.0026248191493771778,0.0023251332098830346,0.0020854095280237184,0.0018896310647027459,0.0017207285008669082,14427.195536693373,0.0,13.82562625627387,373064.09213481046,2.102796563541504e-7,3.750712590413286,2.515146476783636e-7,0.00018365479542550509,0,27
0.0013200000000000002,155.13641286606645,-324.8904052997889,169.7539924337225,4.485096007385726,-29.499362563579506,25.01426655619379,5.329070518200751e-15,-13.572874244293374,-36.494096699958156,-31.588380751560436,188.48419756799038,188.49503857058005,188.49489576296475,188.49476306684417,188.49465447952716,188.4945639923328,188.49448742828517,188.49442215357593,-0.12727369145908152,0.002820440791745815,0.0026601322060509913,0.0023559337714216255,0.002112659479892698,0.0019140277970171038,0.0017426239355872175,14526.13318102774,0.0,14.021379836149329,373064.00729878416,2.2050788981771502e-7,3.78510588041633,2.5239595546899807e-7,0.00018365479542550509,0,27
0.00133,156.21193073291252,-324.9199125463549,168.70798181344247,4.557822314489284,-29.742619988689956,25.18479767420068,7.105427357601002e-15,-13.772873376335959,-36.74206282847925,-31.889418660123937,188.48401479207484,188.49503413599453,188.49489073713903,188.49475703624682,188.49464762607386,188.49455645322206,188.49447930905797,188.49441354517012,-0.13008270303534242,0.0028542528209514195,0.0026956762392055245,0.002386931847599527,0.0021400808689152617,0.0019385753733605071,0.0017646509685398382,14624.83209730281,0.0,14.21856081233921,373063.9218965818,2.3115385161147284e-7,3.8196310688280977,2.5312075470351747e-7,0.00018365479542550509,0,27
0.00134,157.28522848244697,-324.94480196175175,167.65957347930484,4.631224312129749,-29.986207194559842,25.354982882430093,0.0,-13.974204158196311,-36.98942599794847,-32.191704808021214,188.48383030867288,188.49502968698204,188.49488571130507,188.49475100566798,188.4946407726339,188.49454891412128,188.49447118983892,188.494404936828,-0.13293423510742897,0.002888137686033243,0.0027314512381937384,0.0024181274395012053,0.0021676736955378306,0.0019632737955173063,0.0017868095796658157,14723.2909481504,0.0,14.417168149207992,373063.8359258561,2.422314695187931e-7,3.8542891775193047,2.5398012751254306e-7,0.00018365479542550509,0,27
0.00135,158.356290860733,-324.96507319224565,166.60878233151277,4.705304528849171,-30.230124565055768,25.5248200362066,0.0,-14.176863042266998,-37.23618286142573,-32.495243028551016,188.48364411088585,188.4950252233277,188.4948806854621,188.49474497510778,188.4946339192074,188.49454137503054,188.4944630706281,188.49439632875712,-0.13582866324178577,0.0029220913633976053,0.0027674571921565416,0.002449520549884454,0.00219543796055377,0.001988123062899305,0.001809099752049681,14821.508399916194,0.0,14.617200803577798,373063.74938438897,2.537550368888365e-7,3.889081228961393,2.547847336165088e-7,0.00018365479542550509,0,28
0.00136,159.4251026456034,-324.9807259497376,165.55562330413431,4.780065497938553,-30.47437246126972,25.694306963331172,1.7763568394002505e-15,-14.380846465663641,-37.48233008138202,-32.80003703823731,188.48345619179574,188.49502074481487,188.49487565960942,188.49473894456636,188.49462706579442,188.49453383594988,188.49445495142555,188.49438772095786,-0.13876636446140767,0.0029561097720827156,0.0028036940907649743,0.00248111118083294,0.0022233736654018177,0.002013123174631648,0.0018315177139185401,14919.483122669737,0.0,14.818657726146938,373063.6622698186,2.6573921985749065e-7,3.9240082462261197,2.5558999505737034e-7,0.00018365479542550509,0,28
0.0013700000000000001,160.4916486468769,-324.9917600117672,164.50011136489047,4.855509757186036,-30.718951221337434,25.863441464151407,5.329070518200751e-15,-14.586150850276717,-37.72786432974435,-33.106090436535695,188.48326654446578,188.49501625122497,188.49487063374625,188.49473291404385,188.4946202123951,188.49452629687937,188.49444683223138,188.49437911322343,-0.14174771724925228,0.0029901887781531578,0.002840161924294593,0.0025128993307745873,0.002251480812163642,0.0020382741330324805,0.0018540670613038657,15017.213790222095,0.0,15.021537861331257,373063.5745796398,2.7819906465078244e-7,3.9590712529857583,2.5628052352510977e-7,0.00018365479542550509,0,28
0.0013800000000000002,161.55591370657402,-324.9981752215161,163.44226151494215,4.93163985225938,-30.96386116028805,26.032221308028678,5.329070518200751e-15,-14.792772597704188,-37.97278228795966,-33.413406698431984,188.48307516194114,188.49501174233757,188.49486560787182,188.4947268835404,188.4946133590095,188.4945187578191,188.4944387130456,188.49437050555417,-0.14477310154673395,0.0030243241918888053,0.0028768606797568985,0.00254488500312533,0.002279759401137671,0.0020635759376075313,0.001876747805502621,15114.699080151184,0.0,15.225840145441358,373063.48631147714,2.911500050104211e-7,3.9942712735122265,2.570701068543846e-7,0.00018365479542550509,0,28
0.0013900000000000002,162.61788269913248,-324.99997148780994,162.38208878867746,5.008458334598457,-31.209102569779596,26.20064423518115,7.105427357601002e-15,-15.000708091866464,-38.217080647029746,-33.721989177514054,188.48288203724974,188.49500721793032,188.49486058198534,188.49472085305612,188.4946065056377,188.4945112187691,188.49443059386832,188.49436189795048,-0.14784289875770518,0.0030585117686503516,0.002913790346859013,0.0025770681988923627,0.0023082094325228564,0.002089028591357067,0.001899559926592742,15211.937673815466,0.0,15.431563507299627,373063.3974629491,3.046078697037467e-7,4.029609332675475,2.5768112135726717e-7,0.00018365479542550509,0,28
0.0014000000000000002,163.67754053162227,-324.99714878511975,161.31960825349753,5.08596776294573,-31.454675717881578,26.36870795493586,7.105427357601002e-15,-15.209953696507156,-38.46075610756526,-34.03184110199132,188.48268716340277,188.49500267777904,188.49485555608598,188.49471482259116,188.49459965227985,188.49450367972946,188.49442247469958,188.49435329063658,-0.15095749175098794,0.0030927472069484097,0.0029509509127545464,0.0026094489189123493,0.0023368309105820106,0.0021146320898375315,0.0019225034090206705,15308.928256375264,0.0,15.638706867206693,373063.30803181534,3.1858889013138804e-7,4.065086455941617,2.583680876744321e-7,0.00018365479542550509,0,29
0.00141,164.73487214395996,-324.98970715356245,160.25483500960252,5.164170699447908,-31.70058084883808,26.53641014939017,0.0,-15.42050576035535,-38.703805379810674,-34.34296558143949,188.4824905333956,188.49499812165757,188.49485053017293,188.49470879214564,188.494592798936,188.49449614070025,188.49441435553945,188.4943446836128,-0.15411726485588195,0.0031270261485571993,0.0029883423647381058,0.0026420271675231533,0.0023656238314502254,0.0021403864389357707,0.0019455741729779152,15405.669516802518,0.0,15.847269138417492,373063.21801568195,3.3310970806487674e-7,4.100703669371306,2.591245027855349e-7,0.00018365479542550509,0,29
0.00142,165.789862509123,-324.9776466989,159.18778418977706,5.243069709400322,-31.94681818289355,26.703748473493235,3.552713678800501e-15,-15.632360617178808,-38.94622518368833,-34.655365606545594,188.48229214020833,188.49499354933792,188.49484550424532,188.4947027617197,188.49458594560625,188.49448860168155,188.494406236388,188.49433607665574,-0.15732260386971464,0.0031613441792242014,0.003025964692303651,0.0026748029428116382,0.0023945882008775676,0.0021662916349298733,0.001968776108548731,15502.160147898132,0.0,16.057249226981984,373063.12741200195,3.481873834564923e-7,4.136461999618774,2.59717680500815e-7,0.00018365479542550509,0,29
0.00143,166.84249663336308,-324.9609675925383,158.11847095917528,5.322667364577255,-32.193387916071345,26.870720551494102,7.105427357601002e-15,-15.845514580730367,-39.18801224886169,-34.969044041531404,188.48209197680654,188.49498896059012,188.4948404783023,188.4946967313135,188.4945790922907,188.4944810626734,188.49439811724525,188.49432746976572,-0.16057389605231154,0.003195696826071792,0.003063817880263331,0.002707776248449534,0.0024237240172773067,0.0021923476797178765,0.0019921092298997856,15598.398846317,0.0,16.268646029860857,373063.0362183702,3.6383940238299077e-7,4.172362473929743,2.602293963233082e-7,0.00018365479542550509,0,29
0.00144,167.89275955641924,-324.9396700715242,157.04691051510497,5.402966241144053,-32.44029021995633,27.03732397881228,0.0,-16.05996394735783,-39.429163314769454,-35.284003627373835,188.48189003614203,188.49498435518234,188.49483545234298,188.49469070092712,188.49457223898946,188.4944735236759,188.4943899981113,188.49431886294315,-0.1638715301287268,0.0032300795563044993,0.003101901917259564,0.002740947085939638,0.00245303128213914,0.0022185545751236546,0.0020155735154823162,15694.384312581386,0.0,16.481458435570886,373062.94443237636,3.8008368509771274e-7,4.2084061201385925,2.6087152184273155e-7,0.00018365479542550509,0,29
0.0014500000000000001,168.94063635173057,-324.9137544385428,155.9731180868122,5.483968921159132,-32.68752524144602,27.203556320286896,7.105427357601002e-15,-16.27570499351227,-39.66967513067873,-35.600246977758864,188.48168631115357,188.49497973288078,188.49483042636643,188.49468467056073,188.49456538570263,188.4944659846891,188.4943818789862,188.49431025642963,-0.16721589629239997,0.0032644877829466346,0.0031402167866145803,0.0027743154575361473,0.002482509997146831,0.0022449123207666233,0.0020391689481160657,15790.115251101954,0.0,16.69568532311923,373062.8520517643,3.9693859414203947e-7,4.244593966665255,2.6151434889820635e-7,0.00018365479542550509,0,30
0.0014600000000000001,169.98611212664835,-324.8832210619124,154.8971089352641,5.565677988720132,-32.93509310260005,27.369415113879928,7.105427357601002e-15,-16.492733980898773,-39.90954445570938,-35.91777658607997,188.4814807947675,188.4949750934497,188.4948254003717,188.49467864021443,188.49455853243026,188.49445844571306,188.49437375987,188.49430165022554,-0.17060738620123317,0.003298916855781986,0.003178762479665309,0.0028078813627434585,0.0025121601629967127,0.0022714209174821143,0.0020628911322670973,15885.590370187201,0.0,16.911325563539226,373062.7590741139,4.1442294262844715e-7,4.280927042512387,2.6194889882202865e-7,0.00018365479542550509,0,30
0.0014700000000000002,171.02917202264766,-324.8480703755801,153.81889835293245,5.648096029705069,-33.182993900473804,27.53489787076874,5.329070518200751e-15,-16.711047156530668,-40.148768058877295,-36.23659482522198,188.48127347989853,188.49497043665147,188.49482037435786,188.4946726098884,188.49455167917247,188.4944509067479,188.4943656407628,188.49429304409,-0.1740463929794116,0.003333362069675161,0.0032175389777477914,0.002841644804396637,0.002541981780283198,0.002298080364929067,0.0020867442642586997,15980.808382060575,0.0,17.128378019730732,373062.6654968415,4.325560026055622e-7,4.3174063772632145,2.6249945693501697e-7,0.00018365479542550509,0,30
0.0014800000000000002,172.06980121553858,-324.80830287911476,152.73850166357627,5.731225635049762,-33.43122770682644,27.700002071776684,3.552713678800501e-15,-16.930640747690106,-40.3873427191567,-36.55670393981373,188.48106435945047,188.49496576224647,188.49481534832393,188.49466657958274,188.49454482592938,188.49444336779362,188.49435752166465,188.49428443802336,-0.17753331121902494,0.0033678186561934,0.003256546269716498,0.0028756057822558745,0.0025719748510879548,0.002324890665727164,0.0021107283560093393,16075.768002885075,0.0,17.346841544513065,373062.5713175179,4.5135751351280557e-7,4.354033001078239,2.6298622982090514e-7,0.00018365479542550509,0,30
0.0014900000000000002,173.10798491567678,-324.76391913770067,151.65593422202397,5.815069398680633,-33.67979456795091,27.86472516927028,0.0,-17.151510964532562,-40.62526522551369,-36.87810604959559,188.48085342631688,188.4949610699931,188.4948103222689,188.49466054929758,188.49453797270107,188.49443582885033,188.4943494025756,188.494275832026,-0.18106853697647152,0.0034022817888326173,0.0032957843388214947,0.0029097642998223705,0.002602139377296142,0.0023518518172567227,0.0021348433881085427,16170.467952776427,0.0,17.566714981299867,373062.47653371,4.7084769076717775e-7,4.390807944691161,2.635389027560997e-7,0.00018365479542550509,0,30
0.0015,174.14370836817392,-324.71491978212896,150.57121141395518,5.899629918988104,-33.928694504394244,28.029064585406147,3.552713678800501e-15,-17.373653997602723,-40.86253237695854,-37.2008031453103,188.48064067338188,188.49495635964786,188.49480529619177,188.49465451903308,188.49453111948762,188.4944282899181,188.49434128349574,188.49426722635778,-0.18465246777149247,0.0034367465775071437,0.003335253170158037,0.0029441203584283926,0.002632475359106712,0.0023789638206941355,0.0021590893441074677,16264.906955823748,0.0,17.787997163000895,373062.3811431525,4.910472344872537e-7,4.427732239404539,2.636983207626731e-7,0.00018365479542550509,0,31
0.00151,175.17695685310707,-324.661305508789,149.48434865568197,5.984909795018808,-34.17792751089329,28.1930177158745,1.0658141036401503e-14,-17.597066022973795,-41.09914098256925,-37.52479709595168,188.48042609352083,188.49495163096523,188.4948002700915,188.49464848878935,188.49452426628912,188.49442075099697,188.49433316442511,188.49425862101904,-0.18828550259177868,0.003471208074883325,0.0033749527474724594,0.002978673960498668,0.002662982795131885,0.0024062266788122955,0.002183461497690775,16359.08374009872,0.0,18.010686913619455,373062.28514340427,5.119773382609623e-7,4.46480691708574,2.6435786365519576e-7,0.00018365479542550509,0,31
0.00152,176.20771568572826,-324.60307707965814,148.39536139393002,6.07091162621386,-34.427493556216426,28.356581930002577,7.105427357601002e-15,-17.821743202302688,-41.33508786153417,-37.850089648587804,188.48020967960102,188.49494688369774,188.49479524396702,188.49464245856652,188.49451741310568,188.494413212087,188.49432504536378,188.4942500157507,-0.19196804188705752,0.0035056612703301404,0.003414883054653206,0.003013425106459522,0.0026936616896344745,0.0024336403908895576,0.0022079643603536425,16452.997037672347,0.0,18.234783048092805,373062.18853185064,5.33659698113141e-7,4.502033010163593,2.646768096081775e-7,0.00018365479542550509,0,31
0.0015300000000000001,177.23597021667283,-324.54023532229144,147.30426510561873,6.157638015632903,-34.677392582802085,28.519754567169187,7.105427357601002e-15,-18.047681677804697,-41.57036984321339,-38.17668242044707,188.47999142448245,188.4949421175959,188.49479021781724,188.49463642836474,188.4945105599374,188.4944056731883,188.49431692631183,188.49424141055314,-0.19570048757374248,0.0035401010904161367,0.003455044077503855,0.003048373798053561,0.0027245120433108116,0.002461204956925922,0.002232597947633641,16546.645584639307,0.0,18.460284370281066,373062.0913060444,5.561165214843204e-7,4.5394115516238704,2.6502521802140855e-7,0.00018365479542550509,0,31
0.0015400000000000001,178.26170583216788,-324.4727811298092,146.2110752976414,6.24509156790846,-34.927624506636135,28.68253293872768,3.552713678800501e-15,-18.274877574852734,-41.804983767171514,-38.50457690243154,188.47977132101855,188.49493733240828,188.49478519164106,188.49463039818414,188.49450370678437,188.49439813430095,188.4943088072693,188.49423280542672,-0.1994832430233051,0.0035745223995200526,0.003495435797004065,0.0030835200366290394,0.0027555338570512955,0.0024889203777567204,0.0022573622416190986,16640.02812113075,0.0,18.68718967367277,373061.99346353573,5.793705364309264e-7,4.5769435750039715,2.65344584138294e-7,0.00018365479542550509,0,31
0.0015500000000000002,179.28490795423986,-324.40071546088495,145.1158075066452,6.333274890690753,-35.17818921694193,28.844914326251192,7.105427357601002e-15,-18.50332699950065,-42.038926483229154,-38.83377445494692,188.4795493620569,188.49493252788142,188.49478016543736,188.49462436802483,188.49449685364667,188.494390595425,188.49430068823628,188.49422420065025,-0.20331671307238364,0.003608919999773974,0.0035360581952681436,0.003118863824850493,0.002786727131552258,0.0025167866555468876,0.002282257219883954,16733.14339133468,0.0,18.915497740253738,373061.89500205556,6.034450008781691e-7,4.61463011438733,2.6572576464212183e-7,0.00018365479542550509,0,32
0.0015600000000000002,180.30556204092164,-324.3240393397313,144.01847729880976,6.4221905908874035,-35.42908657620227,29.006895985314884,1.0658141036401503e-14,-18.733026043611016,-42.27219485148586,-39.16427631539807,188.47932554044002,188.49492770375986,188.49477513920496,188.49461833788698,188.49449000052442,188.49438305656048,188.4942925692128,188.4942155962241,-0.20720130401760906,0.003643288629728403,0.003576911256751858,0.0031544051642207194,0.0028180918680025258,0.0025448037890805075,0.002307277813730746,16825.990143504852,0.0,19.145207342168156,373061.7959191491,6.283637119879652e-7,4.6524722043981415,2.658505643127196e-7,0.00018365479542550509,0,32
0.0015700000000000002,181.32365358645959,-324.2427538560857,142.91910026962623,6.511841274399252,-35.680316420009525,29.168475145610287,7.105427357601002e-15,-18.963970784911677,-42.50478574236168,-39.49608359805207,188.47909984900596,188.49492285978613,188.49477011294272,188.4946123077707,188.4944831474177,188.49437551770748,188.49428445019896,188.49420699187021,-0.21113742361101417,0.003677622962250826,0.0036179949630721353,0.003190144055661648,0.002849628068981147,0.0025729717782438932,0.0023324288675323768,16918.567129977157,0.0,19.37631724155938,373061.6962121752,6.541510156630484e-7,4.69047088019682,2.662305838563306e-7,0.00018365479542550509,0,32
0.00158,182.3391681215191,-324.1568601651947,141.8176920436757,6.602229549290483,-35.931878556635404,29.329649007344926,7.105427357601002e-15,-19.196157281983965,-42.736696036658046,-39.82919728596187,188.4788722805892,188.49491799570072,188.4947650866494,188.4946062776761,188.4944762943266,188.4943679788661,188.4942763311948,188.49419838758897,-0.21512548106161233,0.003711917609452886,0.003659309294995472,0.003226080500351003,0.0028813357352814872,0.002601290624252961,0.0023577103994583126,17010.8731071937,0.0,19.608826188493627,373061.5958786747,6.808318161885346e-7,4.728627177474249,2.6651149087619785e-7,0.00018365479542550509,0,32
0.00159,183.35209121339093,-324.06635948779785,140.71426827440698,6.693358023765514,-36.18377276695584,29.490414743190343,1.0658141036401503e-14,-19.429581576856965,-42.96792262558944,-40.163618234623755,188.47864282802126,188.49491311124214,188.49476006032378,188.49460024760336,188.49446944125123,188.4943604400364,188.49426821220044,188.4941897833807,-0.21916588703266893,0.003746167115590282,0.0037008542338556882,0.003262214502781191,0.0029132148655157675,0.002629760329005748,0.002383122386333092,17102.90683571525,0.0,19.842732921697372,373061.494916187,7.084315859401053e-7,4.766942132445219,2.665733211393295e-7,0.00018365479542550509,0,32
0.0016,184.36240846619586,-323.97125311011,139.60884464391418,6.7852293075851655,-36.43599880411148,29.65076949652633,1.0658141036401503e-14,-19.66423969253817,-43.19846241083435,-40.499347167749,188.47841148413153,188.49490820614682,188.49475503396462,188.4945942175526,188.49446258819165,188.4943529012184,188.49426009321587,188.49418117954406,-0.2232590536387451,0.0037803659611812535,0.003742629761552818,0.0032985460607140027,0.0029452654636508147,0.002658380891325862,0.002408664811615946,17194.66708024134,0.0,20.07803616739295,373061.3933224464,7.36976375247377e-7,4.805416781841579,2.6684029089119043e-7,0.00018365479542550509,0,33
0.00161,185.37010552108924,-323.8715423838035,138.50143686271423,6.8778460083553075,-36.68855639361551,29.810710385260208,3.552713678800501e-15,-19.90012763812982,-43.42831230455723,-40.83638468500258,188.47817824174797,188.49490328014917,188.49475000757064,188.4945881875239,188.494455735148,188.49434536241222,188.49425197424122,188.49417257607936,-0.22740539444430552,0.003814508560094687,0.0037846358558735194,0.003335075179904834,0.0029774875286943114,0.0026871523132250275,0.0024343322447848426,17286.152609618814,0.0,20.314734641025186,373061.2910949892,7.664928223812156e-7,4.844052162905738,2.6700947652891216e-7,0.00018365479542550509,0,33
0.0016200000000000001,186.37516805646553,-323.7672287259883,137.39206066952278,6.971210731260717,-36.94144523321276,29.970234501952056,3.552713678800501e-15,-20.137241408886627,-43.65746922944941,-41.17473126190637,188.47794309369786,188.4948983329816,188.49474498114057,188.49458215751747,188.49444888212034,188.4943378236179,188.49424385527652,188.49416397268877,-0.2316053244628804,0.0038485892586277437,0.0038268725004919624,0.003371801858014223,0.0030098810649115126,0.002716074591742501,0.0024601298751847356,17377.36219685794,0.0,20.552827047102962,373061.18823115434,7.970081636239055e-7,4.882849313384918,2.670865892340224e-7,0.00018365479542550509,0,33
0.0016300000000000002,187.37758178816128,-323.65831361919237,136.28073183103118,7.065326082180688,-37.194664992381355,30.129338910200673,3.552713678800501e-15,-20.375576981217673,-43.885930118788956,-41.51438724160468,188.47770603280847,188.49489336437435,188.49473995467304,188.4945761275334,188.4944420291088,188.49433028483554,188.49423573632185,188.49415536937263,-0.2358592601482239,0.003882602339268626,0.003869339671916938,0.0034087260992254897,0.003042446069922322,0.0027451477327256057,0.002486057721095003,17468.294619156113,0.0,20.792312077056536,373061.0847284765,8.285502435418086e-7,4.92180927152418,2.672313964002804e-7,0.00018365479542550509,0,33
0.0016400000000000002,188.37733246965857,-323.54479861134064,135.16746614168213,7.160194665689504,-37.44821531230533,30.28802064661584,1.0658141036401503e-14,-20.615130315275515,-44.11369191647175,-41.8553528386642,188.47746705190792,188.49488837405573,188.49473492816674,188.49457009757182,188.49443517611346,188.4943227460652,188.49422761737728,188.49414676613137,-0.24016761940401032,0.0039165420184814614,0.003912037347508779,0.003445847905366506,0.003075182548387456,0.002774371732225056,0.002512115765097578,17558.948657910034,0.0,21.033188410007995,373060.98058448994,8.611475252714649e-7,4.9609330760585975,2.6727275337368184e-7,0.00018365479542550509,0,33
0.0016500000000000002,189.37440589228723,-323.4266853157324,134.0522794234453,7.255819086443818,-37.70209580550595,30.44627671906214,7.105427357601002e-15,-20.855897352494356,-44.34075157706144,-42.19762813478965,188.47722614382587,188.4948833617519,188.49472990162025,188.49456406763287,188.4944283231344,188.49431520730693,188.49421949844285,188.49413816328413,-0.24453082156558148,0.003950402438540834,0.0039549655091675184,0.0034831672760269328,0.003108090500901328,0.0028037465920252025,0.0025383039831397003,17649.32309873544,0.0,21.275454711573115,373060.8757969389,8.948291010338899e-7,5.0002217662051684,2.673539677144898e-7,0.00018365479542550509,0,34
0.0016600000000000002,190.3687878854269,-323.3039754110193,132.93518752559245,7.35220194552179,-37.95630605603545,30.604104110513667,3.552713678800501e-15,-21.097874020694814,-44.56710606581068,-42.54121308680198,188.47698330139426,188.49487832718697,188.4947248750322,188.49455803771667,188.49442147017172,188.4943076685608,188.49421137951865,188.4941295608313,-0.24894928740975675,0.003984177679971612,0.003998124134323433,0.003520684214793235,0.0031411699264740633,0.002833272314177293,0.0025646165751849193,17739.416731475358,0.0,21.51910963565551,373060.7703633575,9.296247026555745e-7,5.039676381655074,2.6735651537102e-7,0.00018365479542550509,0,34
0.00167,191.3604643167084,-323.1766706411804,131.81620632447212,7.449345840155399,-38.21084561934531,30.76149977918992,3.552713678800501e-15,-21.341056234142734,-44.79275235870129,-42.88610752658201,188.476738517448,188.49487327008293,188.49471984840116,188.49455200782336,188.49441461722552,188.49430012982688,188.49420326060476,188.49412095845443,-0.2534234391437167,0.004017861753709884,0.004041513198208557,0.0035583987226726066,0.0031744208285751085,0.0028629488976186224,0.002591059088485892,17829.22835021593,0.0,21.764151824289357,373060.66428106965,9.655647123695245e-7,5.0792979625667325,2.6735675937028525e-7,0.00018365479542550509,0,34
0.00168,192.34942109221458,-323.0447728154985,130.69535172328403,7.547253366791031,-38.46571402172057,30.918460654929554,7.105427357601002e-15,-21.585439888564935,-45.01768744250316,-43.23231115268202,188.4764917848259,188.49486819015976,188.49471482172567,188.49454597795307,188.49440776429591,188.49429259110525,188.49419514170125,188.49411235615386,-0.2579537004060275,0.00405144859789397,0.004085132680239356,0.0035963108035765856,0.0032078432055206996,0.002892776343298209,0.002617631544575394,17918.756753309717,0.0,22.010579905429143,373060.55754761,1.0026801735900416e-6,5.1190875495576,2.6735675937028525e-7,0.00018365479542550509,0,34
0.00169,193.33564415668056,-322.90828380853355,129.5726396518531,7.645927119114438,-38.720910760300384,31.07498364118595,3.552713678800501e-15,-21.831020863733052,-45.24190831480457,-43.579823534266644,188.47624309637115,188.49486308713531,188.4947097950042,188.49453994810594,188.49440091138297,188.49428505239598,188.49418702280818,188.49410375393,-0.26254049626084175,0.004084932085745674,0.004128982554298943,0.003634420455933096,0.00324143706246649,0.0029227546509886793,0.0026443339237871566,18008.000743387616,0.0,22.258392493754315,373060.45016051386,1.0410028019249688e-6,5.159046183695083,2.6735675937028525e-7,0.00018365479542550509,0,34
0.0017000000000000001,194.31911949369362,-322.76720556009644,128.4480860664029,7.745369689409452,-38.976435302680564,31.231065613271102,-7.105427357601002e-15,-22.077795021009045,-45.46541198406125,-43.92864410677443,188.47599244493227,188.4948579607253,188.49470476823532,188.4945339182821,188.4943940584868,188.49427751369913,188.4941789039256,188.49409515212346,-0.26718425319697503,0.004118306016354101,0.004173062798810134,0.0036727276840800016,0.0032752023977262734,0.0029528838233097154,0.0026711662035672212,18096.95912737821,0.0,22.507588189437147,373060.3421175423,1.0805649962272087e-6,5.199174906487199,2.6735675937028525e-7,0.00018365479542550509,0,35
0.0017100000000000001,195.2998331258923,-322.6215400752215,127.32170694932928,7.84558366494891,-39.23228708719325,31.386703422244345,3.552713678800501e-15,-22.325758208438685,-45.68819546961689,-44.27877218013209,188.47573982336382,188.49485281064338,188.49469974141743,188.49452788848166,188.49438720560747,188.49426997501476,188.49417078505357,188.49408655073464,-0.27188539911835363,0.004151564121434692,0.004217373389145962,0.003711232487932037,0.003309139213284684,0.002983163857869009,0.002698122192638097,18185.630716515763,0.0,22.758165580006207,373060.2334162328,1.121399849842227e-6,5.239474759873602,2.6735675937028525e-7,0.00018365479542550509,0,35
0.0017200000000000002,196.277771115165,-322.4712894241376,126.19351830897264,7.946571627725893,-39.488465522784374,31.541893895058493,3.552713678800501e-15,-22.57490626081121,-45.91025580174242,-44.630206938738645,188.47548522452712,188.49484763660107,188.494694714549,188.4945218587048,188.4943803527451,188.49426243634295,188.49416266619218,188.49407794942357,-0.27664436334766895,0.00418470006173699,0.004261914297557512,0.003749934870750593,0.003343247511817804,0.0030135947561098497,0.0027252078139938796,18274.014326355664,0.0,23.010123240190513,373060.12405389996,1.1635411619548792e-6,5.279946786217439,2.6735675937028525e-7,0.00018365479542550509,0,35
0.0017300000000000002,197.25291956284832,-322.31645574223904,125.06353617939082,8.048336157458923,-39.74496998838181,31.6966338309229,3.552713678800501e-15,-22.825234994688937,-46.13159002169408,-44.982947432927254,188.47522864129098,188.49484243830776,188.49468968762844,188.4945158289516,188.4943734998998,188.49425489768376,188.4941545473415,188.49406934819066,-0.28146157661625626,0.004217707424431616,0.004306685500197194,0.003788834833116539,0.003377527294616378,0.0030441765187538827,0.00275242308993473,18362.108776797424,0.0,23.263459729640786,373060.01402808464,1.2070234490632275e-6,5.32059202829592,2.6735675937028525e-7,0.00018365479542550509,0,35
0.0017400000000000002,198.2252646099242,-322.1570412300552,123.93177662013109,8.150879829642223,-40.00179983296353,31.850920003321303,0.0,-23.076740210985896,-46.35219518174291,-45.33699258304528,188.47497006653248,188.4948372154707,188.4946846606541,188.4945097992222,188.49436664707164,188.49424735903727,188.4941464285016,188.4940607470363,-0.2863374710626172,0.004250579725154857,0.004351686971798552,0.0038279323781207353,0.0034119785607875652,0.003074909146522753,0.0027797680024030935,18449.91289209625,0.0,23.51817359376936,373059.9033363293,1.2518819565842622e-6,5.3614115292899776,2.6735675937028525e-7,0.00018365479542550509,0,35
0.00175,199.19479243721733,-321.99304815321915,122.79825571600193,8.254205216875832,-40.258954375132305,32.00474915825649,1.0658141036401503e-14,-23.32941769252066,-46.57206834522286,-45.69234117506406,188.47470949313774,188.49483196779508,188.49467963362432,188.49450376951674,188.4943597942607,188.49423982040355,188.49413830967256,188.49405214632338,-0.2912724802273312,0.004283310407795948,0.0043969186851089415,0.003867227505677917,0.00344660131409924,0.003105792640973437,0.002807242525609599,18537.425500882084,0.0,23.774263362483676,373059.79197641835,1.2981526706179999e-6,5.402406332773674,2.6735675937028525e-7,0.00018365479542550509,0,36
0.00176,200.16148926559126,-321.82447884243555,121.66298957684435,8.358314885309733,-40.51643290348083,32.158118018171116,7.105427357601002e-15,-23.583263209098327,-46.791206586550715,-46.04899186902521,188.47444691400264,188.49482669498383,188.49467460653742,188.49449773983537,188.4943529414671,188.49423228178267,188.49413019085443,188.4940435460523,-0.29626703904738405,0.004315892843048452,0.004442380613087771,0.003906720219049475,0.0034813955532631002,0.003136827000321585,0.0028348400691819986,18624.645436167266,0.0,24.031727552120934,373059.6799458988,1.3458723297654732e-6,5.4435774827040015,2.6735675937028525e-7,0.00018365479542550509,0,36
0.00177,201.12534135614413,-321.65133569344744,120.52599433730333,8.463211394374465,-40.77423467647877,32.311023282104316,7.105427357601002e-15,-23.838272517571355,-47.009606991264285,-46.40694319906548,188.4741823220336,188.49482139673782,188.4946695793917,188.49449171017818,188.49434608869095,188.4942247431747,188.4941220720473,188.49403494586082,-0.3013215838536951,0.004348320330242128,0.004488072724864178,0.003946410522232213,0.003516361279865876,0.003168012227908523,0.002862566939599631,18711.57153536163,0.0,24.290564665294056,373059.56724208174,1.3950784371880634e-6,5.484926023411538,2.6735675937028525e-7,0.00018365479542550509,0,36
0.0017800000000000001,202.08633501040438,-321.4736211670022,119.38728615659785,8.568897299730429,-41.03235892177547,32.463461622045045,0.0,-24.094441356882793,-47.227266656079756,-46.76619356473306,188.4739157101483,188.49481607275575,188.49466455218544,188.49448568054532,188.4943392359323,188.49421720457968,188.49411395325123,188.49402634574932,-0.30643655236565914,0.0043805860894048365,0.0045339949972278415,0.00398629841264686,0.0035514984970810293,0.00319934832111457,0.0028904231649020673,18798.202640295207,0.0,24.55077318854335,373059.45386252005,1.4458092727057919e-6,5.526452999589791,2.6735675937028525e-7,0.00018365479542550509,0,36
0.0017900000000000001,203.04445657052494,-321.2913377888166,118.2468812182917,8.6753751513445,-41.29080483631585,32.61542968497136,7.105427357601002e-15,-24.351765450639622,-47.444182688920215,-47.12674123520476,188.47364707127642,188.49481072273414,188.49465952491684,188.49447965093694,188.49433238319128,188.49420966599772,188.49410583446627,188.49401774571817,-0.3116123836828022,0.004412683270918816,0.004580147397179601,0.0040263838940504115,0.0035868072061968626,0.003230835283053679,0.0029184087227911437,18884.53759722939,0.0,24.81235159321282,373059.33980476967,1.498103905084247e-6,5.568159456283614,2.6735675937028525e-7,0.00018365479542550509,0,36
0.0018000000000000002,203.99969241947764,-321.10448814954094,117.10479573006334,8.782647494791473,-41.5495715858879,32.76692409109644,7.105427357601002e-15,-24.610240504673023,-47.660352208963154,-47.4885843448464,188.47337639836044,188.49480534636737,188.4946544975841,188.49447362135314,188.49432553046796,188.49420212742885,188.4940977156925,188.49400914615347,-0.31684951828422814,0.004444604948803832,0.004626529897819864,0.0040666669686117984,0.00362228740761128,0.00326247311228256,0.0029465235927232936,18970.575256875738,0.0,25.075298334148997,373059.22506664484,1.5520022044304042e-6,5.610046438877358,2.6735675937028525e-7,0.00018365479542550509,0,37
0.0018100000000000002,204.9520289812467,-320.9130749047222,115.9610459234756,8.890716867752774,-41.808658305572635,32.91794143781988,7.105427357601002e-15,-24.86986221210885,-47.87577234665913,-47.85172090188702,188.4731036843564,188.4947999433476,188.49464947018538,188.49446759179406,188.49431867776246,188.49419458887317,188.49408959693002,188.49400054705558,-0.322148398020246,0.004476344123003795,0.00467314246629047,0.0041071476399174855,0.003657939100729868,0.0032942618115741062,0.002974760757381789,19056.314474403203,0.0,25.339611851708458,373059.1096457086,1.6075448546783111e-6,5.652114993083448,2.6735675937028525e-7,0.000184812518937566,0,37
0.0018200000000000002,205.90145272102149,-320.7171007747662,114.81564805374487,8.999585799746987,-42.06806409964141,33.06847829989445,1.4210854715202004e-14,-25.130626253429593,-48.09044024376958,-48.216148788484574,188.4728289222346,188.49479451336487,188.49464444271882,188.49446156225983,188.49431182507487,188.49418705033074,188.49408147817888,188.49399194803914,-0.3275094661070541,0.004507893715864242,0.0047199850730672566,0.004147825907386604,0.003693762290509328,0.0033262013773200927,0.003003126933082134,19141.75410945298,0.0,25.60529057160608,373058.9935392737,1.6647733663468709e-6,5.694366164931854,2.6735675937028525e-7,0.0001867621414209375,0,37
0.0018300000000000002,206.8479501453892,-320.51656854489926,113.66861839951025,9.109256815022782,-42.32778804079384,33.21853122577107,7.105427357601002e-15,-25.39252829153108,-48.30435305342295,-48.58186575190087,188.47255210498042,188.49478905610695,188.49463941518255,188.49445553275058,188.49430497240527,188.49417951180163,188.49407335943914,188.4939833491045,-0.3329331671207558,0.004539246571323652,0.004767057688909171,0.004188701772607217,0.0037297569765541994,0.003358291814572034,0.0030316221458535075,19226.893026160833,0.0,25.872332902496023,373058.87674491137,1.7237300892861596e-6,5.736801000758213,2.6735675937028525e-7,0.00018872015686591248,0,37
0.00184,207.7915078025263,-320.31148106512825,112.5199732626021,9.219732430662827,-42.587829170321484,33.368096739658675,1.0658141036401503e-14,-25.655563974290747,-48.517507940142565,-48.94886940885405,188.47227322559493,188.49478357125952,188.49463438757462,188.49444950326645,188.49429811975378,188.49417197328592,188.49406524071088,188.49397475025205,-0.33841994699424705,0.004570395460948173,0.0048143602793970786,0.0042297752384143905,0.003765923159558371,0.0033905331221140145,0.003060246376779041,19311.73009316794,0.0,26.140737236885588,373058.7592601973,1.7844582256499428e-6,5.779420547190996,2.6735675937028525e-7,0.00019068692378115815,0,37
0.00185,208.73211228238995,-320.10184125020004,111.36972896781016,9.33101515785653,-42.84818649762845,33.517171339771934,1.0658141036401503e-14,-25.919728932135158,-48.72990207989303,-49.31715724103144,188.47199227709586,188.49477805850597,188.49462935989305,188.49444347380756,188.49429126712047,188.49416443478364,188.49405712199416,188.4939661518919,-0.34397025300922746,0.004601333075723968,0.004861892811813817,0.004271046307062321,0.00380226084279478,0.00342292529971866,0.0030889996041820744,19396.264183639272,0.0,26.410501949799034,373058.6410829821,1.8470018429322495e-6,5.822225851138423,2.6735675937028525e-7,0.0001926620647758892,0,38
0.00186,209.66975021690837,-319.8876520795606,110.21790186265227,9.44310749845491,-43.10885900076637,33.66575150231147,1.0658141036401503e-14,-26.185018783098933,-48.94153266009837,-49.68672660398784,188.4717092525182,188.49477251752754,188.49462433213588,188.49443744437403,188.49428441450544,188.4941568962949,188.4940490032891,188.4939575540244,-0.3495845337872596,0.00463205203149597,0.0049096552543637095,0.004312514979472937,0.0038387700247761725,0.0034554683488292603,0.003117874374338969,19480.494175270647,0.0,26.681625400859755,373058.522210851,1.9114058871990624e-6,5.865217959775818,2.6735675937028525e-7,0.00019464575209626744,0,38
0.0018700000000000001,210.60440828017113,-319.6689165973121,109.064508317141,9.556011944701226,-43.36984562634178,33.813833681640574,1.0658141036401503e-14,-26.45142913288796,-49.15239687967869,-50.057574727251954,188.471424144915,188.49476694800322,188.49461930430107,188.494431414966,188.4942775619088,188.49414935781974,188.49404088459573,188.4939489562402,-0.355263239287694,0.004662544862406914,0.004957647572414459,0.004354181259062173,0.0038754507085765333,0.0034881622691047554,0.0031468778208714188,19564.418950303112,0.0,26.954105934141086,373058.4026411242,1.9777161964547195e-6,5.908397920533904,2.6735675937028525e-7,0.00019663797655292137,0,38
0.0018800000000000002,211.53607318861827,-319.4456379121699,107.90956472355168,9.669730982067314,-43.63114528869028,33.96141430662298,1.0658141036401503e-14,-26.718955569949433,-49.36249194910562,-50.42969870536419,188.4711369473581,188.4947613496098,188.49461427638656,188.49442538558358,188.49427070933064,188.49414181935822,188.49403276591414,188.4939403585396,-0.36100682079965196,0.004692804027018216,0.005005869730694279,0.004396045144583027,0.003912302897369324,0.0035210070613804767,0.0031760099751823034,19648.037395544958,0.0,27.227941875675793,373058.2823713973,2.0459795141410716e-6,5.951766781085704,2.6735675937028525e-7,0.00019863858712276805,0,38
0.0018900000000000002,212.46473170122923,-319.21781919741835,106.75308749618925,9.784267087385626,-43.89275687008794,34.108489782702335,7.105427357601002e-15,-26.98759366803506,-49.57181509042909,-50.80309550236224,188.47084765293891,188.49475572202186,188.49460924839025,188.49441935622693,188.49426385677103,188.49413428091043,188.4940246472444,188.493931760923,-0.36681573093490427,0.0047228219016921535,0.005054321693860331,0.004438106641295292,0.003949326591055069,0.0035540027243268213,0.0032052708182268574,19731.348402382228,0.0,27.503131534408364,373058.1613992717,2.116243502730831e-6,5.99532558933248,2.6735675937028525e-7,0.00020064741901459904,0,38
0.0019000000000000002,213.39037061971086,-318.9854636908657,105.59509307115482,9.899622730093487,-44.15467922024577,34.25505649015229,1.0658141036401503e-14,-27.25733898377574,-49.78036353732315,-51.1777619472487,188.47055625476918,188.49475006491173,188.49460422031,188.49441332689617,188.4942570042301,188.49412674247645,188.49401652858657,188.49392316382546,-0.37269042362235605,0.004752590785150446,0.005103003427208153,0.004480365750445969,0.0039865217892383065,0.0035871492606029953,0.0032346603270854146,19814.35086679679,0.0,27.779673200823705,373058.0397226415,2.1885567574921264e-6,6.039075393389408,2.6735675937028525e-7,0.00020266485577710713,0,39
0.0019100000000000002,214.31297678868523,-318.7485746947979,104.43559790611272,10.015800368845145,-44.41691115692902,34.40111078808388,3.552713678800501e-15,-27.528187061729163,-49.98813453510296,-51.55369474310903,188.4702627459817,188.4947443779495,188.49459919214368,188.4944072975914,188.49425015170792,188.49411920405635,188.49400840994073,188.49391456724732,-0.37863135409575066,0.004782102891473183,0.005151914894897525,0.004522822472956989,0.00402388849479407,0.0036204466698284143,0.0032641705962437317,19897.04368937297,0.0,28.057565149105557,373057.91733912006,2.262968820409635e-6,6.083017241571728,2.6735675937028525e-7,0.0002046904787710302,0,39
0.0019200000000000003,215.2325370958766,-318.50715557593213,103.27461848005561,10.132802451243329,-44.67945146587512,34.546649014631804,7.105427357601002e-15,-27.800133434443943,-50.19512534076079,-51.93089046725888,188.46996711973108,188.49473866080302,188.49459416388908,188.4944012683128,188.49424329920458,188.49411166565017,188.49400029130697,188.49390597075427,-0.3846389788959166,0.0048113503613174124,0.00520105605612331,0.004565476811167812,0.004061426709903504,0.0036538949546622845,0.0032938091888699006,19979.425775311705,0.0,28.336805636990253,373057.79424604046,2.339530194242882e-6,6.127152182381867,2.6735675937028525e-7,0.00020672444259828282,0,39
0.00193,216.14903847229746,-318.26120976536833,102.11217129307097,10.25063141661833,-44.94229889990484,34.69166748328652,7.105427357601002e-15,-28.073173617543294,-50.40133322302042,-52.309345562148685,188.46966936919452,188.4947329131379,188.49458913554395,188.49439523906045,188.4942364467202,188.494104127258,188.49399217268535,188.49389737434666,-0.39071375585476087,0.004840325246310506,0.005250426876322045,0.0046083287671621065,0.004099136434964512,0.0036874941118769655,0.003323576148868801,20061.496034452088,0.0,28.617392903203722,373057.67044102895,2.4182923566979573e-6,6.171481264495134,2.6735675937028525e-7,0.0002087665363721125,0,39
0.00194,217.06246789243457,-318.0107407585409,100.94827286610644,10.36928969418932,-45.205452179181485,34.83616248499218,7.105427357601002e-15,-28.347303112282802,-50.60675546236317,-52.68905633998045,188.46936948757255,188.49472713461748,188.49458410710605,188.4943892098345,188.49422959425488,188.4940965888799,188.49398405407592,188.49388877802485,-0.3968561440907634,0.0048690195198286546,0.005300027316035294,0.004651378342272139,0.004137017672158239,0.0037212441432568077,0.0033534714482028605,20143.253381281636,0.0,28.899325168453398,373057.545921719,2.499307774764098e-6,6.216005536744444,2.6735675937028525e-7,0.00021081711008508197,0,39
0.0019500000000000001,217.972812374434,-317.7557521151689,99.78293974073495,10.488779704279967,-45.46890999067953,34.98013028639956,-3.552713678800501e-15,-28.622517403132516,-50.81138935107263,-53.070018978131856,188.46906746808972,188.49472132490286,188.49457907857305,188.49438318063508,188.49422274180867,188.49408905051592,188.49397593547877,188.49388018224977,-0.4030666040054238,0.004897425073375317,0.005349857333251107,0.0046946255404254345,0.0041750704214846834,0.00375514504975083,0.003383495068193021,20224.696734953945,0.0,29.182600634021412,373057.42068605457,2.5826299191760734e-6,6.26072604810475,2.6735675937028525e-7,0.0002128755364174395,0,40
0.0019600000000000004,218.88005898028567,-317.4962474592052,98.61618847891968,10.609103854989176,-45.73267098888812,35.12356713389896,1.0658141036401503e-14,-28.898811962813095,-51.015232193251016,-53.45222952849001,188.4687633039955,188.49471548365284,188.49457404994266,188.49437715146232,188.4942158893817,188.49408151216616,188.493967816894,188.49387158702172,-0.4093455972673541,0.0049255337123783605,0.0053999168920570995,0.004738070359623592,0.00421329468631626,0.003789196832728159,0.0034136386306671263,20305.82501929501,0.0,29.46721748400094,373057.29473168356,2.668313279014792e-6,6.305643847678017,2.6735675937028525e-7,0.0002149424420251067,0,40
0.00197,219.78419481600696,-317.23223047878554,97.44803566277866,10.73026454192383,-45.99673379573966,35.26646925381585,1.7763568394002505e-14,-29.176182252360846,-51.21828130485413,-53.8356839176391,188.4684569885649,188.49470961052396,188.49456902121244,188.49437112231632,188.49420903697407,188.4940739738307,188.4939596983217,188.49386299188055,-0.41569358681404256,0.004953337163446037,0.00545020594689416,0.004781712807279348,0.004251690466553493,0.0038233994909728786,0.0034439101557317553,20386.637162817042,0.0,29.753173885153153,373057.1680559575,2.7564133764297195e-6,6.350759984679168,2.6735675937028525e-7,0.00021701733680437596,0,40
0.00198,220.68520703182654,-316.9637049261756,96.27849789434913,10.85226415092054,-46.26109699965888,35.40883284873837,1.7763568394002505e-14,-29.454623716224983,-51.420534013744884,-54.22037793763637,188.4681485150992,188.4947037051705,188.49456399238002,188.49436509319722,188.49420218458584,188.49406643550958,188.4939515797619,188.49385439682663,-0.42211103683257734,0.0049808270630493645,0.005500724459579498,0.004825552881735362,0.004290257765071415,0.003857753025206634,0.003474309683161092,20467.132098739654,0.0,30.04046798427113,373057.0406565394,2.8469867816218867e-6,6.396075508420605,2.6735675937028525e-7,0.0002191002155187971,0,40
0.00199,221.58308282236626,-316.6906746177177,95.10759179535157,10.975105056236867,-46.52575915586973,35.55065409963287,7.105427357601002e-15,-29.734131784820082,-51.62198765971849,-54.60630725075746,188.4678378769268,188.49469776724445,188.49455896344293,188.49435906410517,188.49419533221715,188.49405889720288,188.49394346121468,188.49384580186035,-0.428598412761225,0.0050079949686270275,0.005551472386823297,0.004869590586407568,0.004328996581375089,0.0038922574355431117,0.0035048371905290754,20547.30876499977,0.0,30.329097909212106,373056.91253110074,2.94009112780953e-6,6.441591468295702,2.6735675937028525e-7,0.00022119135140941104,0,40
0.002,222.4778094268238,-316.41314343377707,93.93533400695344,11.098789621738568,-46.7907187858387,35.691929164100145,7.105427357601002e-15,-30.014701872115374,-51.822639594546196,-54.993467384879374,188.46752506740395,188.49469179639547,188.49455393439868,188.49435303504026,188.49418847986806,188.49405135891064,188.49393534268012,188.4938372074693,-0.43515618127503086,0.005034832351584306,0.005602449683986821,0.004913825920885628,0.004367906918637976,0.00392691272403356,0.0035354926551718346,20627.16610426894,0.0,30.619061767455065,373056.78367764235,3.0357851264327117e-6,6.4873089137620426,2.6735675937028525e-7,0.00022329029387752053,0,41
0.00201,223.36937412915356,-316.13111531868606,92.76174118953256,11.223320197630201,-47.0559743780622,35.832654180432016,7.105427357601002e-15,-30.296329380659493,-52.02248718199085,-55.38185374302525,188.46721007991545,188.49468579227099,188.49454890524476,188.49434700600264,188.49418162753867,188.49404382063298,188.4939272241583,188.4938286136539,-0.44178481028216576,0.005061330595958147,0.005653656308276522,0.004958258890003009,0.004406988777852394,0.003961718888893628,0.0035662672165051035,20706.70306395932,0.0,30.91035764841658,373056.6540938528,3.1341285823991256e-6,6.533228894325195,2.6735675937028525e-7,0.00022539750835123828,0,41
0.00202,224.25776425824765,-315.8445942806885,91.58683002244092,11.348699120189625,-47.321524388005855,35.97282526781623,0.0,-30.579009701646537,-52.22152779784092,-55.77146160359264,188.4668929078754,188.49467975451608,188.4945438759786,188.49434097699245,188.49417477522908,188.49403628236993,188.49391910564933,188.49382001992717,-0.44848476890729416,0.005087481000149996,0.005705092214769447,0.005002889493434637,0.004446242159214853,0.003996675933350957,0.0035971693592997678,20785.918596237138,0.0,31.20298362331139,373056.5237771072,3.2351824096722574e-6,6.579352459523529,2.6735675937028525e-7,0.00022751234150841793,0,41
0.00203,225.14296718811588,-315.5535843918825,90.41061720376672,11.474928714431982,-47.58736723709247,36.112438522660504,7.105427357601002e-15,-30.86273821002665,-52.419758829963094,-56.16228611100441,188.466573544728,188.49467368277354,188.49453884659758,188.4943349480098,188.4941679229394,188.49402874412158,188.49391098715324,188.4938114262895,-0.45525652749168866,0.005113274776300525,0.005756757356982778,0.005047717735177315,0.004485667067090082,0.004031783854785864,0.0036281991258340085,20864.81165804351,0.0,31.49693774244215,373056.392725112,3.3390086468106922e-6,6.625680658911546,2.6735675937028525e-7,0.0002296354248438326,0,41
0.00204,226.02497033806523,-315.2580897881628,89.23311945009769,11.602011292331785,-47.85350131305637,36.251490020724596,7.105427357601002e-15,-31.14751026705326,-52.617177678326584,-56.55432228058081,188.46625198394818,188.4946675766838,188.49453381709907,188.4943289190548,188.49416107066972,188.49402120588798,188.49390286867012,188.49380283274124,-0.4621005575787729,0.005138703049295756,0.005808651688999911,0.005092743616904372,0.0045252635005852415,0.004067042654869013,0.003659356496935162,20943.38121110402,0.0,31.792218036273265,373056.2609355822,3.4456704727603628e-6,6.672214542042182,2.6735675937028525e-7,0.00023176595591115068,0,41
0.00205,226.9037611728786,-314.9581146691618,88.05435349628327,11.729949153981863,-48.11992496936227,36.38997581538042,3.552713678800501e-15,-31.433321217879595,-52.81378175504598,-56.947564993882956,188.46592821904255,188.49466143588506,188.49452878748036,188.4943228901276,188.4941542184201,188.4940136676692,188.49389475020004,188.49379423979775,-0.469017331906076,0.005163756856937596,0.005860775163911702,0.005137967140443678,0.004565031461684965,0.004102452333259343,0.00369064144569875,21021.62622194568,0.0,32.08882251395261,373056.12840658287,3.555232222689504e-6,6.718955158448848,2.6735675937028525e-7,0.00023390472309761656,0,42
0.00206,227.77932720299304,-314.6536632981898,86.87433609519678,11.858744584385072,-48.386636526075634,36.52789194169057,7.105427357601002e-15,-31.72016639657199,-53.0095684843958,-57.34200900846434,188.46560224354994,188.49465526001313,188.49452375773876,188.49431686122833,188.49414736619067,188.49400612946533,188.49388663174312,188.49378564745936,-0.47600732439688853,0.005188427149048991,0.005913127731544954,0.005183388307143488,0.004604970952766907,0.004138012891741205,0.0037220446099797133,21099.54566190252,0.0,32.38674916570827,373055.9951358485,3.667759404068368e-6,6.7659035576280315,2.6735675937028525e-7,0.0002360511825851841,0,42
0.0020700000000000002,228.6516559846772,-314.34474000217483,85.6930840174977,11.988399853191101,-48.65363426981318,36.66523441662211,1.7763568394002505e-14,-32.00804112617684,-53.20453530284383,-57.73764895813925,188.46527405104223,188.49464904870152,188.4945187278715,188.4943108323571,188.49414051398153,188.49399859127644,188.49387851329942,188.49377705521144,-0.4830710101508522,0.00521270478630953,0.00596570934562779,0.005229007119753604,0.004645081973040144,0.004173724332405371,0.0037535749568811116,21177.13850712878,0.0,32.68599596271317,373055.8611207844,3.7833187128321713e-6,6.813060789022992,2.6735675937028525e-7,0.0002382054161067515,0,42
0.0020800000000000003,229.52073512020814,-314.0313491716007,84.51061405139265,12.118917217302258,-48.920916452670554,36.801999235368314,1.0658141036401503e-14,-32.296940713844606,-53.398679659102584,-58.13447934351302,188.46494363512505,188.49464280158136,188.4945136978758,188.494304803514,188.49413366179277,188.49399105310258,188.493870394869,188.49376846305438,-0.4902088654292893,0.005236580539587976,0.00601851995428504,0.005274823580768029,0.004685364525974123,0.0042095866522120495,0.0037852325357914385,21254.403738619312,0.0,32.98656085429994,373055.72635914537,3.901978049780441e-6,6.860427902005928,2.6735675937028525e-7,0.00024036725127440928,0,42
0.0020900000000000003,230.38655225804766,-313.7134952604448,83.32694300239721,12.250298919127424,-49.18848129262394,36.93818237349653,1.0658141036401503e-14,-32.58686045337183,-53.591999014152776,-58.53249453697804,188.4646109894386,188.4946365182815,188.49450866774876,188.49429877469925,188.49412680962448,188.4939835149438,188.49386227645192,188.49375987098853,-0.49742136765356904,0.005260045091163512,0.006071559508832314,0.005320837691108693,0.004725818611867272,0.0042455998524908445,0.0038170173199161272,21331.340342218813,0.0,33.2884417690772,373055.59084869723,4.023806536978272e-6,6.908005945859096,2.6735675937028525e-7,0.00024253707089688659,0,42
0.0021000000000000003,231.24909509301773,-313.39118278611477,82.1420876930971,12.38254718771272,-49.45632697292492,37.073779785212224,1.4210854715202004e-14,-32.877795622804676,-53.784490841285184,-58.931688778019875,188.46427610765832,188.4946301984284,188.49450363748753,188.4942927459129,188.49411995747673,188.49397597680021,188.4938541580483,188.49375127955787,-0.5047089953887309,0.00528308903300756,0.006124827955193979,0.0053670494526194545,0.004766444233793576,0.004281763933508653,0.0038489292894610116,21407.947308638402,0.0,33.59163661341519,373055.4545875748,4.148874534390725e-6,6.955795969755673,2.6735675937028525e-7,0.0002447143469798685,0,43
0.0021100000000000003,232.1083513664755,-313.06441632938424,80.95606496290891,12.515664235595668,-49.724451643053634,37.208787407457976,3.552713678800501e-15,-33.16974148944087,-53.97615262611458,-59.33205618317102,188.46393898349564,188.49462384164622,188.49449860708918,188.4942867171551,188.49411310534964,188.49396843867186,188.4938460396582,188.49374268876275,-0.5120722283366479,0.005305702863446449,0.006178325242557348,0.005413458868050114,0.004807241392941863,0.004318078895606536,0.003880958559377312,21484.22363346098,0.0,33.89614327392504,373055.31757356564,4.277253656660384e-6,7.00379902274121,2.6735675937028525e-7,0.000246899365068054,0,43
0.0021200000000000004,232.9643088664872,-312.73320053432803,79.76889166784093,12.649652258544513,-49.99285341868028,37.343201160135784,1.0658141036401503e-14,-33.46269330989779,-54.166981866611714,-59.73359074631899,188.46359961069874,188.4946174475567,188.49449357655072,188.49428068842596,188.4941062532433,188.49396090055882,188.4938379212817,188.4937340980599,-0.5195115473247818,0.005327876994716263,0.0062320513154989765,0.005460065941397474,0.004848210089016147,0.004354544739051391,0.003913114599565892,21560.168317153893,0.0,34.2019596173276,373055.17980410956,4.409016790035098e-6,7.052016153716213,2.6735675937028525e-7,0.0002490918120084673,0,43
0.0021300000000000004,233.81695542800222,-312.39754010825555,78.5805846802535,12.784513438105893,-50.26153038053363,37.47701694242774,7.105427357601002e-15,-33.75664632524939,-54.3569760731542,-60.13628632911997,188.46325798305324,188.4946110157792,188.49448854586916,188.49427465972562,188.49409940115783,188.49395336246116,188.4938298029189,188.49372550744965,-0.5270274342960481,0.005349601743917187,0.006286006121715149,0.005506870671004194,0.004889350327072606,0.00439116146467855,0.003945397458428035,21635.780365089096,0.0,34.50908348759285,373055.0412770168,4.544238109419094e-6,7.100448411417173,2.6735675937028525e-7,0.0002512920561946741,0,43
0.00214,234.66627893302552,-312.0574398216446,77.39116088861921,12.920249939891267,-50.530480574849655,37.61023063495841,1.4210854715202004e-14,-34.05159576356332,-54.546132768548865,-60.5401366661164,188.46291409438297,188.49460454593086,188.49448351504142,188.49426863105418,188.4940925490933,188.49394582437895,188.49382168456987,188.4937169169324,-0.5346203722966054,0.005370867335824592,0.006340189605356095,0.005553873060952341,0.004930662105327999,0.004427929073817616,0.0039778071112894775,21711.058787552,0.0,34.817512707099375,373054.9019901092,4.682993095532423e-6,7.149096844396517,2.6735675937028525e-7,0.00025349967763635406,0,43
0.00215,235.51226731079015,-311.71290450807294,76.20063719728294,13.056863914679468,-50.79970201274304,37.74283809806358,3.552713678800501e-15,-34.347536837511306,-54.7344494880728,-60.94513536000764,188.46256793855068,188.49459803762628,188.49447848406442,188.4942626024118,188.4940856970498,188.49393828631227,188.49381356623465,188.49370832708175,-0.542290845467283,0.005391663902918342,0.006394601709082126,0.005601073113155053,0.004972145425863994,0.004464847565746943,0.004010343537240946,21786.002599757663,0.0,35.12724507508401,373054.7619415986,4.825358552315836e-6,7.197962501002317,2.6735675937028525e-7,0.0002557148083038585,0,44
0.00216,236.35490853792862,-311.3639390641501,75.0090305262216,13.194357495334582,-51.06919267124228,37.87483517590772,1.4210854715202004e-14,-34.644464749359884,-54.92192377948623,-61.351275891800945,188.4622195094588,188.49459149047777,188.494473452935,188.49425657379857,188.49407884502742,188.49393074826116,188.4938054479134,188.493699737898,-0.5500393390318115,0.0054119814844164615,0.006449242376119768,0.0056484708315398535,0.005013800291655102,0.004501916938909556,0.0040429963142811776,21860.610821855833,0.0,35.438278370204756,373054.62112933124,4.971412624351442e-6,7.247046429358603,2.6735675937028525e-7,0.0002579374419767744,0,44
0.00217,237.19419063864396,-311.01054844944736,73.81635781080344,13.332732796548257,-51.33895049326277,38.00621769671453,7.105427357601002e-15,-34.9423746910392,-55.108553203063856,-61.75855162115938,188.4618688010502,188.49458490409526,188.49446842165,188.49425054521464,188.49407199302627,188.49392321022572,188.49379732960614,188.4936911488083,-0.557866339285706,0.0054318100256645074,0.006504111549483493,0.005696066214278872,0.005055626704188576,0.004539137196572618,0.004075775427275108,21934.88247894322,0.0,35.750610350414334,373054.47955078736,5.121234814586926e-6,7.2963496773468615,2.6735675937028525e-7,0.0002601675539387893,0,44
0.00218,238.03010168487975,-310.6527376864277,72.62263600154803,13.471991917328886,-51.608973386416665,38.136981469087786,3.552713678800501e-15,-35.24126183929342,-55.29433533164447,-62.166955776702366,188.46151580730876,188.49457827808627,188.49446339020616,188.49424451666013,188.49406514104643,188.493915672206,188.493789211313,188.493682559813,-0.5657723335853064,0.005451139376545733,0.006559209168852664,0.005743859266701179,0.005097624663762845,0.004576508337900798,0.00410868092849892,22008.81660108334,0.0,36.06423875002336,373054.33720383805,5.274906002079457e-6,7.345873292585945,2.6735675937028525e-7,0.0002624049448464727,0,44
0.00219,238.86262979648967,-310.29051186037407,71.42788206388447,13.612136939321442,-51.8792592235086,38.26712228418715,-3.552713678800501e-15,-35.54112135821238,-55.47926775065255,-62.57648146124278,188.46116052226026,188.49457161205592,188.4944583586002,188.49423848813515,188.49405828908803,188.49390813420206,188.493781093034,188.49367397091248,-0.5737578103351544,0.005469959292673021,0.006614535173410374,0.005791849990394837,0.005139794172064116,0.004614030364337385,0.004141712796275954,22082.41222331494,0.0,36.37916128090409,373054.1940863673,5.432508459948091e-6,7.395618322410878,2.6735675937028525e-7,0.0002646496636525275,0,44
0.0022,239.69176314140654,-309.9238761193172,70.23211297791077,13.753169927882176,-52.14980584188417,38.39663591400202,1.4210854715202004e-14,-35.84194839684913,-55.66334805813834,-62.98712164702347,188.46080293997306,188.49456490560695,188.49445332682882,188.49423245963982,188.49405143715114,188.493900596214,188.49377297476923,188.4936653827109,-0.5818232589810277,0.00548825943530451,0.006670089503828525,0.005840038386025981,0.005182135231867946,0.004651703273944818,0.004174871005694136,22155.668385667897,0.0,36.695375630903534,373054.0501966709,5.594125873369815e-6,7.445585813851423,2.6735675937028525e-7,0.00026690173476418,0,45
0.00221,240.5174899358101,-309.55283567396253,69.03534573815251,13.895092929061018,-52.420611044546604,38.525518115485596,3.552713678800501e-15,-36.14373809419922,-55.84657386478981,-63.39886918606125,188.46044305455882,188.49455815833971,188.4944482948886,188.49422643117427,188.49404458523586,188.49389305824187,188.49376485651882,188.4936567952086,-0.5899691699912757,0.00550602936677036,0.006725872096877694,0.005888424457095809,0.005224647842878349,0.0046895270699902625,0.00420814458078933,22228.584133167828,0.0,37.012879466491775,373053.9055326594,5.759843357842513e-6,7.4957768136112914,2.6735675937028525e-7,0.00026916102813673293,0,45
0.00222,241.339798444295,-309.17739579761604,67.83759735332107,14.037907969347746,-52.691672600141366,38.65376463079363,3.552713678800501e-15,-36.44648557927051,-56.028942793963076,-63.811716810533596,188.46008086017318,188.49455136985216,188.49444326277617,188.49422040273862,188.49403773334228,188.49388552028572,188.49375673828285,188.49364820780212,-0.5981960348498252,0.005523258557204258,0.006781882887625379,0.005937008204611516,0.005267332009059711,0.0047275017501950956,0.004241544042531631,22301.158515848074,0.0,37.33167043264045,373053.7600918587,5.929747477609131e-6,7.546192368048574,2.6735675937028525e-7,0.00027142774270449976,0,45
0.00223,242.15867698003706,-308.79756182610953,66.63888484607249,14.181617058102201,-52.96298824170843,38.78137118360624,7.105427357601002e-15,-36.75018596624663,-56.210452481730975,-64.22565712297073,188.4597163510165,188.4945445397398,188.49443823048804,188.49421437433298,188.4940308814705,188.49387798234565,188.49374862006138,188.49363962049182,-0.6065043460437141,0.005539936374261867,0.00683812181305421,0.0059857896325699045,0.005310187731108362,0.004765627314712528,0.004275069445573321,22373.390588769158,0.0,37.65174614980897,373053.6138722069,6.103926264085085e-6,7.596833523154549,2.6735675937028525e-7,0.0002737015080936378,0,45
0.0022400000000000002,242.97411390495975,-308.4133391577244,65.43922525276473,14.326222185908513,-53.23455566722475,38.908333481316255,1.4210854715202004e-14,-37.05483435701338,-56.391100576903845,-64.6406826016089,188.45934952133462,188.49453766759572,188.49443319802072,188.4942083459575,188.49402402962062,188.49387044442173,188.4937405018545,188.49363103327806,-0.614894597050681,0.005556052090292418,0.006894588809649438,0.006034768741141505,0.005353215009519241,0.004803903766389617,0.004308720766866836,22445.279412026783,0.0,37.97310421519338,373053.46687165624,6.282469234583447e-6,7.64770132453137,2.6735675937028525e-7,0.00027598236793457964,0,45
0.0022500000000000003,243.78609762989936,-308.0247332531153,64.23863562321606,14.471725325621847,-53.50637253893036,39.034647213308524,7.105427357601002e-15,-37.360425838783364,-56.57088474106862,-65.0567855955952,188.45898036541948,188.49453075301065,188.4944281653706,188.4942023176123,188.4940171777927,188.493862906514,188.49373238366226,188.49362244679656,-0.6233672823257035,0.005571594880989128,0.006951283808293018,0.0060839455332466486,0.005396413847266857,0.0048423311039362815,0.0043424979792519025,22516.824050767485,0.0,38.29574220110306,373053.3190885925,6.465467411048835e-6,7.698796817369514,2.6735675937028525e-7,0.00027827051134798886,0,46
0.0022600000000000003,244.5946166147698,-307.6317496352323,63.03713302046261,14.618128429416839,-53.77843648452582,39.160308055109,1.0658141036401503e-14,-37.66695548906385,-56.74980264859976,-65.47395833551911,188.45860887761,188.49452379557286,188.49442313253414,188.49419628929746,188.49401032598686,188.49385536862255,188.4937242654848,188.49361386104766,-0.6319228972915878,0.005586553822251705,0.007008206742206147,0.0061333200112247965,0.00543978424524405,0.004880909326630878,0.004376389540141634,22588.023575192772,0.0,38.61965765769542,373053.17052099673,6.653013339008243e-6,7.75012104642591,2.6735675937028525e-7,0.0002805656279161184,0,46
0.0022700000000000003,245.39965936872673,-307.2343938892425,61.83473452051593,14.765433428537694,-54.05074509716861,39.285311668630925,3.552713678800501e-15,-37.974418375727474,-56.92785198668888,-65.89219293383809,188.45823505229262,188.49451679486816,188.49441809950764,188.49419026101313,188.49400347420323,188.49384783074746,188.49371614732217,188.49360527539636,-0.6405619383216683,0.005600917888382018,0.0070653575449652894,0.006182892176322952,0.005483326204542616,0.004919638437626883,0.0044104065135317505,22658.87706057082,0.0,38.944848112859795,373053.0211664458,6.845201106713943e-6,7.801675056003326,2.6735675937028525e-7,0.00028286790906997816,0,46
0.0022800000000000003,246.20121445033053,-306.8326716624506,60.631457212120196,14.913642235669553,-54.323295934168655,39.40965369849913,1.4210854715202004e-14,-38.282809552188766,-57.105030455392296,-66.31148137496453,188.45785888390208,188.49450975048,188.4944130662874,188.49418423275944,188.49399662244184,188.49384029288876,188.49370802917448,188.493596689843,-0.6492849027342356,0.005614675956813198,0.0071227361453940485,0.0062326620298733815,0.005527039729920302,0.004958518434378778,0.004444548963798756,22729.383587255517,0.0,39.2713110691262,373052.8710229506,7.042126364302886e-6,7.853459889928103,2.6735675937028525e-7,0.00028517708583569723,0,46
0.0022900000000000004,246.99927046770932,-306.42658866421857,59.42731819650942,15.062756743327647,-54.5960865175773,39.53332977424967,1.0658141036401503e-14,-38.59212405992536,-57.28133576765084,-66.7318155207331,188.45748036692208,188.49450266198934,188.49440803286967,188.4941782045365,188.49398977070283,188.49383275504655,188.4936999110418,188.49358810438792,-0.6580922887715397,0.005627816804957497,0.007180342470186618,0.006282629577631482,0.005570924818305567,0.00499754931859675,0.00447881686566487,22799.54224069412,0.0,39.599044004959936,373052.7200885375,7.243886343267829e-6,7.905476591526748,2.6735675937028525e-7,0.00028749336274414006,0,46
0.0023000000000000004,247.79381607872057,-306.01615066588477,58.22233458716425,15.212778824876466,-54.869114333491495,39.656335508615044,7.105427357601002e-15,-38.90235692610955,-57.45676564932794,-67.153187105575,188.4570994958861,188.49449552897474,188.49440299925064,188.49417217634442,188.4939829189863,188.4938252172209,188.4936917929242,188.49357951969947,-0.6669845955939484,0.005640329107180708,0.007238176451074274,0.0063327948184355165,0.005614981475249525,0.005036731088951196,0.004513210193212824,22869.352111442517,0.0,39.92804437310183,373052.56836168864,7.450579875801382e-6,7.95772620360229,2.6735675937028525e-7,0.00028981642707726074,0,47
0.00231,248.58483999111237,-305.60136350068166,57.01652350956944,15.363710331645237,-55.1423768333315,39.778666501686274,7.105427357601002e-15,-39.21350316856472,-57.63131783921985,-67.57558774723269,188.456716265378,188.49448835101228,188.49439796542646,188.49416614818333,188.4939760672923,188.49381767941185,188.4936836748218,188.4935709357779,-0.6759623232605425,0.005652201436166404,0.007296238012480805,0.006383157756111757,0.005659209701249557,0.005076063745822701,0.004547716810956004,22938.812295169053,0.0,40.258309603390686,373052.41584046173,7.662307414637048e-6,8.010209768411348,2.6735675937028525e-7,0.0002921465543458679,0,47
0.00232,249.37233096268412,-305.182233063653,55.80990210096904,15.5155530926824,-55.415871433848956,39.90031834116658,1.4210854715202004e-14,-39.52555779583709,-57.804990089084015,-67.9990089472233,188.4563306700327,188.4944811276756,188.49439293139324,188.49416012005335,188.49396921562095,188.4938101416195,188.49367555673467,188.49356235195572,-0.6850259727222361,0.005663422265939744,0.007354527079823647,0.0064337183929996655,0.005703609496900075,0.005115547292819489,0.004582348353179944,23007.92189266582,0.0,40.58983710265279,373052.2625224894,7.879171052779863e-6,8.062928327642515,2.6735675937028525e-7,0.0002944835306441518,0,47
0.00233,250.15627780144587,-304.7587653115699,54.60248751012412,15.668308917067922,-55.68959551576678,40.02128659869887,7.105427357601002e-15,-39.83851580238508,-57.97778016368591,-68.42344208082487,188.45594270453705,188.49447385853594,188.494387897147,188.49415409195458,188.49396236397237,188.4938026038439,188.4936674386629,188.4935537682332,-0.6941760458046182,0.0056739799634470955,0.007413043579511669,0.0064844767308578355,0.0057481808644817,0.005155181726600233,0.004617104885522139,23076.68000986729,0.0,40.92262425153254,373052.10840586125,8.101274543425013e-6,8.115882922393023,2.6735675937028525e-7,0.0002968272787064741,0,47
0.00234,250.93666936577785,-304.3309662628467,53.394296897068934,15.821979592338348,-55.96354642441424,40.14156683207591,1.0658141036401503e-14,-40.15237217109544,-58.14968584081772,-68.84887840265449,188.45555236363023,188.494466543162,188.49438286268372,188.49414806388717,188.49395551234662,188.49379506608514,188.49365932060658,188.49354518461075,-0.7034130451946616,0.005683862795656136,0.007471787435188171,0.006535432769259941,0.005792923806374528,0.005194967048227639,0.004651986384569318,23145.085757857752,0.0,41.25666840583388,373051.95348868327,8.328723320102258e-6,8.169074593144286,2.6735675937028525e-7,0.00029917780653238024,0,47
0.00235,251.7134945645885,-303.89884199745467,52.18534743286629,15.976566885478334,-56.237721469009735,40.261154583531415,1.0658141036401503e-14,-40.467121870921474,-58.320704911335596,-69.2753090418141,188.45515964210475,188.49445918112008,188.49437782799936,188.4941420358512,188.4939486607438,188.49378752834326,188.4936512025658,188.49353660179023,-0.7127374744271895,0.005693058924060246,0.007530758568438101,0.006586586514046644,0.005837838323371924,0.005234903259298207,0.004686992821534508,23213.138252886012,0.0,41.591966894823734,373051.7977695409,8.561624516837365e-6,8.22250437973718,2.6735675937028525e-7,0.00030153513924802144,0,48
0.00236,252.48674235747222,-303.46239865683617,50.975656299364076,16.132072540104243,-56.5121179240181,40.38004538391387,0.0,-40.78275986182852,-58.49083517916877,-69.70272501278295,188.45476453480694,188.49445177197398,188.49437279308978,188.49413600784683,188.49394180916403,188.49377999061835,188.49364308454062,188.49352801977193,-0.7221498378731195,0.005701556408399089,0.007589956899427541,0.006637937965969343,0.00588292441706062,0.005274990357760689,0.004722111452995392,23280.836616368986,0.0,41.928517024143495,373051.64124657377,8.800086988570746e-6,8.276173321348088,2.6735675937028525e-7,0.00030389916595491284,0,48
0.00237,253.2564017548663,-303.02164244381714,49.76524068895096,16.288498276223713,-56.78673302917047,40.49823475294677,7.105427357601002e-15,-41.099281094866,-58.660074461347214,-70.13111721591865,188.45436703663776,188.4944443152851,188.49436775795084,188.49412997987415,188.49393495760737,188.4937724529105,188.49363496653118,188.49351943785473,-0.7316506407228884,0.005709343203818218,0.00764938234505963,0.00668948712902484,0.0059281820905146,0.0053152283439956705,0.004757354501195188,23348.179974902592,0.0,42.2663160757044,373051.48391747545,9.044221331608166e-6,8.330082456466288,2.6735675937028525e-7,0.000306269808584253,0,48
0.00238,254.02246181820703,-302.5765796225189,48.55411780431189,16.445845792488544,-57.06156398804929,40.61571819556078,2.1316282072803006e-14,-41.41668050737029,-58.82842058804723,-70.56047642734612,188.45396714255338,188.4944368106123,188.4943627225783,188.4941239519333,188.49392810607392,188.4937649152197,188.49362684853753,188.49351085603897,-0.741240388972592,0.005716407155941905,0.007709034827698691,0.00674123400222193,0.005973611344228802,0.005355617220776043,0.004792722034641095,23415.16746027999,0.0,42.6053613044397,373051.32578042,9.294139904362944e-6,8.384232822869613,2.6735675937028525e-7,0.00030864709003725066,0,48
0.00239,254.7849116600853,-302.12721651826945,47.342304858184164,16.604116764656393,-57.33660796876942,40.73249120411305,1.7763568394002505e-14,-41.73495302547516,-58.995871402609424,-70.99079330464414,188.4535648475659,188.49442925751202,188.4943576869679,188.49411792402435,188.49392125456382,188.49375737754613,188.49361873055975,188.493502274325,-0.7509195894126413,0.0057227360085270185,0.007768914264529858,0.0067931785877295425,0.00601921218088175,0.005396156985101541,0.0048282140290425435,23481.79820949868,0.0,42.9456499396934,373051.16683359887,9.549956848127137e-6,8.43862545759894,2.6735675937028525e-7,0.00031103116309721957,0,48
0.0024000000000000002,255.54374044440115,-301.67355951751307,46.12981907311197,16.763312846554925,-57.61186210323982,40.84854925668492,7.105427357601002e-15,-42.05409356175722,-59.162424761574634,-71.42205838196394,188.45316014674407,188.4944216555382,188.4943526511153,188.49411189614747,188.49391440307713,188.49374983988977,188.49361061259793,188.4934936934493,-0.7606887496125232,0.005728317398961291,0.007829020569405376,0.006845320891953222,0.006064984599680079,0.0054368476409214495,0.004863830456361962,23548.07136477478,0.0,43.28717918348705,373051.00707570696,9.811788107877544e-6,8.493261396932443,2.6735675937028525e-7,0.00031342171024564824,0,49
0.0024100000000000002,256.2989373865178,-301.2156150677199,44.916677681202145,16.923435667334694,-57.887323488599776,40.9638878212651,1.0658141036401503e-14,-42.37409702016972,-59.32807853469255,-71.85426208109452,188.45275303521396,188.49441400424226,188.49434761501612,188.49410586830277,188.49390755161394,188.49374230225072,188.4936024946522,188.49348511341216,-0.770548377901809,0.005733138854500552,0.00788935365887089,0.006897660912740022,0.006110928604590615,0.0054776891858829835,0.0048995579435886505,23613.98607354631,0.0,43.62994621352127,373050.84650497127,1.0079751453374802e-5,8.548141676360634,2.6735675937028525e-7,0.0003158186078792147,0,49
0.0024200000000000003,257.0504917534152,-300.75338967729425,43.70289792387916,17.084486831233946,-58.16298918725063,41.07850235601669,0.0,-42.69495829611574,-59.49283060494808,-72.28739471200053,188.4523435081596,188.4944063031732,188.4943425786659,188.49409984049035,188.49390070017435,188.49373476462907,188.49359437672265,188.49347653347786,-0.7804989833604448,0.005737187798800392,0.007949913443585643,0.006950198655419015,0.006157044197100614,0.005518681620594101,0.00493540931632519,23679.5414884837,0.0,43.9739481830774,373050.6851191518,1.0353966500507247e-5,8.603267330562792,2.6735675937028525e-7,0.0003182222292849868,0,49
0.0024300000000000003,257.79839286384214,-300.2868899154821,42.488497051640095,17.246467919772158,-58.438856225386864,41.19238830561471,3.552713678800501e-15,-43.01667227166371,-59.65667886860608,-72.72144646261792,188.45193156082368,188.4943985518775,188.49433754206018,188.4940938127103,188.49389384875846,188.49372722702486,188.49358625880936,188.49346795364673,-0.7905410758029725,0.0057404515450580895,0.008010699838463253,0.0070029341181623295,0.0062033313811744595,0.005559824943611513,0.004971384649585575,23744.736767507628,0.0,44.3191822176906,373050.52291651216,1.063455473249911e-5,8.658639393381637,2.6735675937028525e-7,0.00032063213363053844,0,49
0.0024400000000000003,258.5426300884684,-299.81612241227765,41.27349232380941,17.409380490249152,-58.71492159372269,41.30554110347357,2.1316282072803006e-14,-43.339233818052705,-59.81962123522827,-73.15640740464566,188.45151718850815,188.4943907498992,188.49433250519436,188.49408778496277,188.49388699736636,188.49371968943817,188.49357814091238,188.49345937391914,-0.8006751657639875,0.005742917298979577,0.008071712752317772,0.007055867307546038,0.006249790153245671,0.005601119157708112,0.005007483917580435,23809.57107379574,0.0,44.6656454165868,373050.3598953349,1.0921639521459631e-5,8.714258897796814,2.6735675937028525e-7,0.00032304849435604854,0,49
0.0024500000000000004,259.28319285003556,-299.3410938583291,40.0579010082937,17.573226076681934,-58.99118224673349,41.41795617005158,1.4210854715202004e-14,-43.66263779334476,-59.98165562770834,-73.5922674886391,188.451100386575,188.49438289677977,188.4943274680639,188.49408175724787,188.49388014599816,188.49371215186906,188.49357002303182,188.49345079506716,-0.8109017644820318,0.005744572157644345,0.008132952093677925,0.007108998223330332,0.006296420519559254,0.005642564261326921,0.0050437070942646045,23874.04357579662,0.0,45.01333485091256,373050.19605443056,1.121534614988699e-5,8.77012687589813,2.6735675937028525e-7,0.00032547124502005365,0,50
0.0024600000000000004,260.02007062350765,-298.86181100484373,38.84174038133615,17.73800618712786,-59.26763510416984,41.529628917042,1.0658141036401503e-14,-43.98687904734715,-60.142779982279464,-74.02901655524265,188.45068115044688,188.49437499205825,188.49432243066406,188.4940757295657,188.49387329465392,188.4937046143176,188.4935619051678,188.49344221709111,-0.8212213838851234,0.005745403108922353,0.008194417770718276,0.007162326868009217,0.006343222479719746,0.005684160256405502,0.00508004015697705,23938.153447232624,0.0,45.362247566827975,373050.03139211953,1.1515801832433889e-5,8.826244358859638,2.6735675937028525e-7,0.0003279003970280969,0,50
0.0024700000000000004,260.7532529362204,-298.37828066349186,37.62502772727153,17.903722303455233,-59.5442770511013,41.64055474764609,1.7763568394002505e-14,-44.311952421686605,-60.30299224853974,-74.46664433576396,188.45025947560774,188.49436703527115,188.49431739299013,188.4940697019164,188.4938664433338,188.49369707678386,188.49355378732042,188.4934336392196,-0.8316345365750335,0.005745397027555388,0.008256109691612279,0.007215853245920556,0.006390196035114926,0.005725907140324171,0.005116496556879957,24001.89986711009,0.0,45.71238058541468,373049.8659062324,1.1823135737846668e-5,8.88261237691513,2.6735675937028525e-7,0.0003303358168469106,0,50
0.00248,261.48272936803016,-297.89050970630984,36.40778033827984,18.07037588347735,-59.82110493639451,41.750729052917194,2.1316282072803006e-14,-44.63785274503747,-60.46229038949599,-74.9051404418799,188.44983535760346,188.49435902595252,188.49431235503735,188.49406367430007,188.4938595920378,188.4936895392679,188.49354566948975,188.493425061453,-0.8421417358112795,0.005744540680638011,0.008318027759780522,0.007269577356312951,0.006437341189910573,0.005767804914298846,0.005153076371345433,24065.282019736744,0.0,46.063730899269544,373049.6995951283,1.2137479011012546e-5,8.939231959331865,2.6735675937028525e-7,0.0003327773102113907,0,50
0.00249,262.2084895514622,-297.3985050656026,35.190015514140455,18.237968359489575,-60.09811557348489,41.86014721399534,1.4210854715202004e-14,-44.96457483562196,-60.620672381579574,-75.34449437153064,188.44940879204256,188.49435096363385,188.49430731680087,188.4940576467168,188.4938527407661,188.49368200176983,188.49353755167587,188.49341648379166,-0.8527434954985589,0.005742820724181197,0.008380171879210918,0.00732349920285813,0.006484657944303196,0.005809853579164859,0.005189779573469,24128.299094728038,0.0,46.416295473990495,373049.5324571862,1.245896479497058e-5,8.99610413438307,2.6735675937028525e-7,0.0003352251801574391,0,50
0.0025,262.93052317185794,-296.9022737338453,33.97175056198746,18.406501139179372,-60.37530573959816,41.96880460041881,1.4210854715202004e-14,-45.292113498868915,-60.77813621468068,-75.7846955039891,188.44897977459686,188.49434284784414,188.49430227827577,188.49405161916675,188.49384588951875,188.49367446428968,188.49352943387888,188.49340790704431,-0.8634403301674585,0.005740223699831848,0.008442541952826677,0.007377618787554496,0.0065321463001779545,0.0058520531333652315,0.005226606137077594,24190.950287020823,0.0,46.77007124636945,373049.3644913384,1.2787728253251927e-5,9.053229929320207,2.6735675937028525e-7,0.00033767920961780273,0,51
0.00251,263.6488199675212,-296.4018227635834,32.75300279606234,18.57597560302049,-60.65267217734159,42.07669657432112,7.105427357601002e-15,-45.620463532325154,-60.93467989215467,-76.22573311125598,188.44854830100212,188.4943346781099,188.4942972394571,188.49404559165,188.49383903829587,188.49366692682753,188.4935213160989,188.4933993312113,-0.8742327549597555,0.005736736037713186,0.008505137880571167,0.007431936112485715,0.006579806259022103,0.005894403578837526,0.00526354137544538,24253.23479687575,0.0,47.12505512757753,373049.1956960039,1.3123906592252797e-5,9.110610370346116,2.6735675937028525e-7,0.0003401394663101187,0,51
0.00252,264.3633697298647,-295.8971592673331,31.53378953746854,18.746393104049897,-60.93021159475973,42.18381849070986,1.7763568394002505e-14,-45.949619725730074,-61.090301430846765,-76.66759635866913,188.44811436705862,188.49432645395515,188.49429220033983,188.49403956416668,188.49383218709752,188.49365938938345,188.49351319833602,188.49339075548454,-0.8851212856161355,0.0057323440572480955,0.008567959560401572,0.007486451182314724,0.006627637822621324,0.005936904914899621,0.005300599377442428,24315.151829887072,0.0,47.481244003079816,373049.02606908884,1.346763908377574e-5,9.168246482589625,2.6735675937028525e-7,0.0003426055804946204,0,51
0.00253,265.0741623035546,-295.38829041747965,30.3141281139252,18.917754969942134,-61.20792066376043,42.29016569381834,2.1316282072803006e-14,-46.27957685625691,-61.244998861134626,-77.11027429452383,188.44767796863187,188.49431817490134,188.4942871609189,188.4940335367169,188.49382533592384,188.4936518519575,188.49350508059032,188.4933821798644,-0.8961064384522099,0.005727033959945338,0.00863100689375007,0.007541163995554712,0.006675640993452747,0.005979557141665204,0.005337780226691846,24376.700596999774,0.0,47.83863472914923,373048.8556090533,1.3819067087793948e-5,9.226139290078352,2.6735675937028525e-7,0.00034507813421508216,0,51
0.00254,265.78118758665516,-294.8752234461758,29.094035859520737,19.090062501585262,-61.485796020931275,42.395733519346024,7.105427357601002e-15,-46.610329691007415,-61.39877022694341,-77.5537558560663,188.44723910165322,188.49430984046745,188.49428212118914,188.49402750930074,188.4938184847749,188.49364431454978,188.4934969628619,188.49337360435123,-0.9071887303527599,0.005720791841058226,0.00869427977417514,0.0075960745557761555,0.006723815773699959,0.006022360258185255,0.005375083895667654,24437.88031451544,0.0,48.19722413440167,373048.6843143777,1.4178334075082417e-5,9.284289815710261,2.6735675937028525e-7,0.0003475562141838917,0,51
0.00255,266.48443553077203,-294.357965645239,27.873530114467055,19.263316973964017,-61.763834266741696,42.5005172927777,1.0658141036401503e-14,-46.94187298467767,-61.55161358577882,-77.99802986454031,188.44679776212055,188.49430145016993,188.49427708114536,188.49402148191834,188.49381163365078,188.49363677716033,188.49348884515084,188.4933650297915,-0.9183686787467158,0.005713603673878964,0.008757778097858715,0.007651182864071515,0.006772162164352835,0.006065314265903066,0.005412510359201983,24498.690204105595,0.0,48.55700901795237,373048.51218412246,1.4545585650229173e-5,9.342699081224993,2.6735675937028525e-7,0.000350040675292429,0,52
0.00256,267.18389614119525,-293.8365243660474,26.652628224852236,19.437519633626163,-62.04203196721055,42.60451233358442,1.7763568394002505e-14,-47.274201484457876,-61.70352700873271,-78.44308503673952,188.44635394609884,188.4942930035227,188.49427204078228,188.4940154545698,188.4938047825516,188.49362923978921,188.49348072745727,188.4933564561855,-0.9296468015940365,0.005705455319053865,0.008821501758145,0.0077064889237714596,0.006820680168089899,0.006108419163869616,0.005450044244925456,24559.12949281373,0.0,48.91798615269408,373048.3392168103,1.4920969574490923e-5,9.40136810717611,2.6735675937028525e-7,0.0003525308703891117,0,52
0.0025700000000000002,267.87955947704137,-293.3109070194359,25.431347542394604,19.612671698466087,-62.320385653973794,42.707713955507735,1.4210854715202004e-14,-47.60730993010774,-61.85450858050666,-78.88890998565127,188.4459076497208,188.49428450003717,188.49426700009457,188.49400942725524,188.49379793147745,188.4936217024365,188.49347260978126,188.49334788268746,-0.9410236173693045,0.005696332521757608,0.00888545064469004,0.007761992738872792,0.0068693697856050395,0.006151674952732389,0.00548770029913026,24619.197413064718,0.0,49.28015228521898,373048.1654104275,1.5304635789211857e-5,9.460297912904847,2.6735675937028525e-7,0.0003550271104113545,0,52
0.0025800000000000003,268.5714156513945,-292.7811210755904,24.20970542419598,19.788774359739442,-62.598891822659354,42.81011746291995,2.1316282072803006e-14,-47.94119304921051,-62.00455639945362,-79.33549320999465,188.44545886918755,188.49427593922223,188.49426195907682,188.49400339997476,188.49379108042842,188.4936141651023,188.49346449212294,188.49333930929777,-0.952499645045364,0.005686220912971329,0.008949624649985388,0.007817694308965173,0.006918231018584464,0.0061950816327187574,0.005525478611051016,24678.893202681575,0.0,49.6435041322523,373047.99076354003,1.569673643906963e-5,9.519489516512035,2.6735675937028525e-7,0.000357529007928431,0,52
0.0025900000000000003,269.25945483144704,-292.2471740639418,22.987719232494964,19.965828780678617,-62.877546933747865,42.91171815306927,1.4210854715202004e-14,-48.27584555966236,-62.153668577591816,-79.78282310031025,188.44500760076915,188.49426732058424,188.49425691772362,188.49399737272847,188.4937842294046,188.49360662778662,188.49345637448238,188.49333073601676,-0.964075404076745,0.005675106004654484,0.0090140236597136,0.007873593638626275,0.0069672638686149035,0.006238639203487661,0.005563379155026249,24738.216104890937,0.0,50.00803838223765,373047.81527473585,1.6097425895249618e-5,9.578943934828732,2.6735675937028525e-7,0.00036003704572953876,0,52
0.0026000000000000003,269.94366723863914,-291.70907357305913,21.765406334420216,20.143836097349237,-63.15634741175592,43.01251131440671,1.0658141036401503e-14,-48.61126216734483,-62.301843240637055,-80.23088793398578,188.44455384080536,188.49425864362703,188.49425187602938,188.4939913455165,188.49377737840612,188.49359909048957,188.49344825685964,188.49332216372963,-0.9757514143798893,0.005662973190568188,0.009078647564166875,0.007929690728111893,0.007016468338471915,0.006282347664811727,0.005601401900532377,24797.165368336027,0.0,50.373751693456356,373047.6389432083,1.650686077923751e-5,9.638662183386675,2.6735675937028525e-7,0.0003625505266473539,0,53
0.0026100000000000003,270.624043148798,-291.1668272505414,20.542784101743617,20.322797416189523,-63.43528964697885,43.11249223078936,1.7763568394002505e-14,-48.947437571013324,-62.44907852800719,-80.67967588695996,188.44409758570612,188.49424990785192,188.49424683398857,188.4939853183389,188.49377052743304,188.49359155321122,188.4934401392549,188.4933135924367,-0.9875281963209399,0.005649807749342983,0.009143496247961957,0.00798598557942043,0.007065844430635071,0.006326207016804641,0.0056395307773902115,24855.74024707831,0.0,50.740640697399925,373047.46176758973,1.6925199986251275e-5,9.698645276389643,2.6735675937028525e-7,0.00036506994231538803,0,53
0.0026200000000000004,271.300572892276,-290.62044280290917,19.319869910633226,20.502713813801112,-63.71436999557059,43.211656181769506,1.4210854715202004e-14,-49.284366462373185,-62.59537259284478,-81.12917503439962,188.44363883195226,188.4942411127577,188.4942417915955,188.49397929119584,188.49376367648546,188.49358401595163,188.4934320216682,188.49330502125343,-0.9994062706940186,0.005635594839408675,0.009208569594226779,0.008042478195797287,0.007115392145004895,0.006370217260949218,0.00567778120533724,24913.940000606537,0.0,51.108701998699146,373047.2837459508,1.7352604709170737e-5,9.758894226686401,2.6735675937028525e-7,0.00036759499485672364,0,53
0.0026300000000000004,271.973246854088,-290.0699279954948,18.09668114140691,20.683586338903734,-63.99358477786818,43.30999843896447,1.4210854715202004e-14,-49.62204352134659,-62.74072360205751,-81.57937334015995,188.443177576096,188.49423225784057,188.49423674884446,188.4939732640874,188.49375682556348,188.49357647871085,188.4934239040997,188.49329645018022,-1.011386158707565,0.005620319501068227,0.009273867484100862,0.008099168580333327,0.007165111486142628,0.006414378394017817,0.005716153279365477,24971.763893853094,0.0,51.477932171477235,373047.10487696854,1.7789238462351386e-5,9.819410045741765,2.6735675937028525e-7,0.00037012577803399727,0,53
0.0026400000000000004,272.64205547404794,-289.51529065233234,16.87323517828448,20.8654160109911,-64.27293027929642,43.40751426830532,-3.552713678800501e-15,-49.96046341855626,-62.885129736331585,-82.03025866296667,188.44271381476165,188.49422334259427,188.49423170572967,188.4939672370137,188.4937499746672,188.49356894148897,188.49341578654943,188.49328787921738,-1.0234683819644348,0.005603966656483106,0.009339389799150055,0.008156056732687489,0.007215002454346697,0.006458690416845769,0.005754646973429756,25029.211197199173,0.0,51.84832776098587,373046.92515934294,1.8235267105637302e-5,9.880193743606377,2.6735675937028525e-7,0.0003726620685962079,0,53
0.00265,273.30698924690495,-288.956538656046,15.649549409141171,21.048203821160634,-64.5524027495325,43.50419892837189,1.4210854715202004e-14,-50.299620813004886,-63.02858919016239,-82.48181875142217,188.44224754464616,188.49421436650996,188.49422666224527,188.4939612099748,188.4937431237967,188.49356140428608,188.49340766901753,188.49327930928996,-1.035653462446447,0.005586521105398923,0.009405136417250937,0.008213142657949035,0.007265065050905406,0.006503153331978595,0.005793262257134391,25086.281186487213,0.0,52.219885281687574,373046.7445924071,1.869085886844742e-5,9.94124632888627,2.6735675937028525e-7,0.00037520405289143133,0,54
0.00266,273.9680387224783,-288.3936799477386,14.425641225260398,21.231950729727124,-64.83199840432346,43.60004767459638,2.842170943040401e-14,-50.63951035695212,-63.17110017185846,-82.93404125585552,188.44177876251982,188.49420532907632,188.49422161838532,188.49395518297086,188.49373627295208,188.4935538671022,188.4933995515041,188.49327074039826,-1.047941922493288,0.005567967527659423,0.00947110721705946,0.008270426357194438,0.007315299277999898,0.006547767136416027,0.005831982336323316,25142.97314302237,0.0,52.592601220723246,373046.5631749071,1.9156184373789478e-5,10.002568808713445,2.6735675937028525e-7,0.0003777514947087557,0,54
0.00267,274.6251945057917,-287.82672252687814,13.20152802108658,21.416657666020782,-65.11171342557785,43.6950557595571,2.1316282072803006e-14,-50.98012669599146,-63.31266090356308,-83.38691372903244,188.4413074652267,188.49419622977942,188.49421657414388,188.49394915600197,188.49372942213344,188.49354632993746,188.49339143400925,188.4932621716179,-1.060334284788921,0.005548290482296991,0.009537302073046039,0.008327907830679493,0.007365705139895429,0.006592531830691861,0.00587082332760458,25199.28635358105,0.0,52.96647203784889,373046.38090500265,1.9631416663198114e-5,10.064162188717988,2.6735675937028525e-7,0.00038030453122228636,0,54
0.00268,275.27844725720684,-287.2556744511847,11.97722719397793,21.602325530282222,-65.39154395964086,43.78921842935867,2.4868995751603507e-14,-51.32146446432953,-63.45326962129353,-83.84042361554015,188.44083364968532,188.49418706810286,188.49421152951484,188.49394312906824,188.49372257134087,188.49353879279187,188.49338331653306,188.49325360294927,-1.0728310723428645,0.0055274744091518,0.009603720857056519,0.008385587083818535,0.007416282635995142,0.006637447415260844,0.0059097853302287895,25255.220110426886,0.0,53.34149416170772,373046.19778148667,2.0116731220537464e-5,10.126027472998361,2.6735675937028525e-7,0.00038286285528621455,0,54
0.00269,275.92778769255625,-286.68054383651526,10.752756143959054,21.788955192359097,-65.6714861182425,43.882530925883415,7.105427357601002e-15,-51.66351828726481,-63.59292457495347,-84.29455825805987,188.4403573128892,188.49417784352764,188.4942064844921,188.49393710216975,188.49371572057447,188.49353125566552,188.49337519907562,188.4932450343927,-1.0854328084712135,0.005505503620167218,0.009670363441574015,0.008443464120112765,0.007467031766895893,0.006682513889668229,0.0059488683166519785,25310.77371131557,0.0,53.717663991517654,373046.01380317647,2.0612305996897636e-5,10.188165664090329,2.6735675937028525e-7,0.0003854268118254345,0,54
0.0027,276.57320658327484,-286.101338856749,9.528132273474233,21.976547492509688,-65.95153597764408,43.97498848513442,1.0658141036401503e-14,-52.00628277887333,-63.73162402836277,-84.74930489235439,188.4398784519075,188.49416855553227,188.49420143906949,188.49393107530662,188.49370886983434,188.4935237185585,188.49336708163705,188.4932364669141,-1.098140016778757,0.005482362310025302,0.009737229699648964,0.00850153893664185,0.00751795253834775,0.006727731253572955,0.005988072259476063,25365.946459506922,0.0,54.09497789511673,373045.82896954997,2.111832143509937e-5,10.250577762935713,2.6735675937028525e-7,0.00038799606061903913,0,55
0.00271,277.2146947565316,-285.5180677436709,8.303372987139236,22.1651032390912,-66.23168958052912,44.06658634143797,2.4868995751603507e-14,-52.34975254687457,-63.869366259260396,-85.20465065925846,188.43939706388562,188.49415920359272,188.49419639324068,188.49392504847896,188.49370201912058,188.49351618147085,188.49335896421746,188.49322790051383,-1.110953221141307,0.005458034546562018,0.009804319498798453,0.008559811537573125,0.007569044948962933,0.006773099508304625,0.006027379619866657,25420.737663765907,0.0,54.473432212526404,373045.64327947237,2.1634960494475035e-5,10.313264768852159,2.6735675937028525e-7,0.0003905707441561601,0,55
0.00272,277.8522430953598,-284.93073878685425,7.07849569149453,22.354623208365815,-66.51194293610699,44.15731972774121,2.1316282072803006e-14,-52.69392219270887,-64.00614955932491,-85.66058260542071,188.43891314604562,188.49414978718238,188.4941913469994,188.49391902168685,188.49369516843325,188.49350864440265,188.49335084681698,188.49321933422658,-1.1238729456845742,0.005432504279145434,0.009871632700793054,0.008618281926988658,0.007620309003302683,0.006818618650408226,0.006066807231638105,25475.146638370847,0.0,54.85302325589619,373045.456731196,2.2162408675827577e-5,10.37622767950455,2.6735675937028525e-7,0.0003931503874879394,0,55
0.0027300000000000002,278.48584253878613,-284.33936033354377,5.853517794757762,22.545108146335853,-66.79229201833967,44.24718387200382,7.105427357601002e-15,-53.03878630682934,-64.14197223421299,-86.11708767261709,188.43842669568696,188.49414030577213,188.49418630033918,188.4939129949304,188.49368831777247,188.49350110735398,188.49334272943568,188.4932107680527,-1.136899714772483,0.005405755328507844,0.009939169175205986,0.008676950104973713,0.007671744701267524,0.006864288680985986,0.006106355194406721,25529.172703129047,0.0,55.233747305694635,373045.2693236352,2.270085404632342e-5,10.439467490874499,2.6735675937028525e-7,0.000395735666659347,0,55
0.0027400000000000002,279.11548408196006,-283.74394078853635,4.628456706576338,22.73655876748176,-67.07273276693259,44.336173999450864,2.1316282072803006e-14,-53.384339471175224,-64.27683260357041,-86.57415270410993,188.43793771018696,188.4941307588303,188.49418125325357,188.49390696820976,188.49368146713834,188.4934935703249,188.49333461207365,188.49320220199257,-1.1500340529785262,0.005377771387371055,0.010006928780614821,0.008735816076772096,0.007723352044643139,0.0069101096030381726,0.00614602348338833,25582.815183381143,0.0,55.615600612448546,373045.0810557287,2.3250487264694328e-5,10.502985197228499,2.6735675937028525e-7,0.00039832591710733944,0,55
0.0027500000000000003,279.7411587762817,-283.1444886140615,3.40332983778,22.928975755539643,-67.35326108646375,44.42428533092413,1.0658141036401503e-14,-53.730576256864154,-64.4107290010612,-87.03176443961823,188.4374461870014,188.49412114582267,188.49417620573604,188.49390094152497,188.49367461653097,188.49348603331546,188.493326494731,188.49319363705408,-1.1632764850815147,0.005348536031976714,0.010074911381696694,0.0087948798386428,0.007775131037891292,0.006956081414666748,0.006185812067547758,25636.073410012857,0.0,55.9985793947516,373044.89192710514,2.3811501606106196e-5,10.566781791085894,2.6735675937028525e-7,0.00040092165257518686,0,56
0.0027600000000000003,280.3628577295285,-282.54101232966167,2.178154600133378,23.12235976126527,-67.63387284834684,44.51151308708161,2.4868995751603507e-14,-54.077491229046686,-64.54365977436936,-87.48990952744336,188.43695212366512,188.4941114662125,188.49417115777993,188.49389491487614,188.49366776595042,188.49347849632576,188.4933183774079,188.49318507323753,-1.1766275360280334,0.005318032701893571,0.010143116836744959,0.008854141399570636,0.007827081681011983,0.0070022041113144695,0.006225702650328735,25688.946719455646,0.0,56.38267984292418,373044.7019367532,2.4384092987796674e-5,10.6308582631879,2.6735675937028525e-7,0.0004035222345965539,0,56
0.0027700000000000003,280.98057210598233,-281.9335205120707,0.9529484060885314,23.31671140224826,-67.91456389094691,44.59785248869868,1.4210854715202004e-14,-54.42507894698444,-64.67562328521838,-87.94857452524106,188.43645551779252,188.4941017194605,188.49416610937854,188.49388888826337,188.4936609153968,188.49347095935588,188.4933102601044,188.4931765095357,-1.1900877309374742,0.0052862447193300355,0.010211545000788913,0.008913600757232132,0.00787920397697972,0.007048477698186062,0.006265712795046063,25741.434453694492,0.0,56.767898118966095,373044.5110830224,2.4968459994127e-5,10.695215602468318,2.6735675937028525e-7,0.000406127919488547,0,56
0.0027800000000000004,281.59429312655453,-281.3220217950918,-0.27227133146252186,23.51203126468753,-68.19533001775956,44.68329875307208,3.197442310920451e-14,-54.77333395935449,-64.80661790940877,-88.40774588926774,188.4359563670781,188.49409190502482,188.4941610605251,188.49388286168679,188.49365406487019,188.49346342240585,188.49330214282062,188.49316794594887,-1.2036575950588762,0.005253155277149091,0.010280195728502584,0.008973257916871091,0.00793149792569503,0.007094902173610862,0.006305842610692558,25793.53596028313,0.0,57.15423035266613,373044.31936495245,2.5564803901967497e-5,10.759854796022307,2.6735675937028525e-7,0.00040873883680742074,0,56
0.0027900000000000004,282.20401206891097,-280.70652486947546,-1.4974871994354253,23.708319902171244,-68.47616699844413,44.767847096272895,3.552713678800501e-15,-55.12225080671712,-64.93664203682805,-88.86740998082215,188.43545466929697,188.49408202236108,188.49415601121277,188.49387683514647,188.4936472143707,188.49345588547575,188.49329402555665,188.49315938247744,-1.2173376537617564,0.005218747434465598,0.010349068876687184,0.00903311287874331,0.007983963531818628,0.007141477536031893,0.006346092071113141,25845.250592348097,0.0,57.54167264339371,373044.12678160856,2.6173328706868563e-5,10.824776829073782,2.6735675937028525e-7,0.00041135458731850205,0,56
0.0028000000000000004,282.8097202675958,-280.0870384827954,-2.722681784800385,23.905577836428506,-68.75707056793549,44.85149273150699,3.552713678800501e-15,-55.471824019215,-65.06569407147879,-89.32755306120029,188.43495042230558,188.49407207092236,188.49415096143463,188.4938708086425,188.49364036389844,188.49344834856566,188.4932859083126,188.4931508201724,-1.2311284325291307,0.005183004132381264,0.010418164291858822,0.009093165647836798,0.008036600792773907,0.0071882037881083605,0.0063864611451447395,25896.577708600027,0.0,57.93022105807053,373043.933332775,2.6794241148074353e-5,10.889982684942643,2.6735675937028525e-7,0.00041397547172958293,0,57
0.0028100000000000004,283.4114091141549,-279.46357143932426,-3.9478376748305113,24.103805555169664,-69.03803642847873,44.9342308733091,1.4210854715202004e-14,-55.82204812141618,-65.19377243147943,-89.7881613039499,188.43444362404202,188.4940620501592,188.49414591118367,188.493864782175,188.4936335134535,188.49344081167564,188.49327779108862,188.49314225903396,-1.245030456919244,0.005145908173421532,0.010487481829044576,0.009153416221572286,0.008089409717086493,0.007235080926498938,0.006426930753421267,25947.51667333388,0.0,58.31987163492773,373043.73901756894,2.7427750734188662e-5,10.955473345013099,2.6735675937028525e-7,0.00041660106808735775,0,57
0.00282,284.00907005725776,-278.8361325999089,-5.172937457348719,24.30300351190937,-69.31906024975657,45.01605673784723,1.7763568394002505e-14,-56.17291763239277,-65.3208755490828,-90.24922079567244,188.43393427252673,188.49405195951957,188.49414086045283,188.49385875574404,188.49362666303594,188.49343327480577,188.49326967388478,188.4931336980119,-1.2590442525562167,0.005107442238321269,0.010557021329651306,0.009213864606696376,0.008142390302279257,0.007282108948964527,0.006467519214229611,25998.066856436504,0.0,58.710620383466875,373043.5438344406,2.8074069769389114e-5,11.021249788703724,2.6735675937028525e-7,0.0004192317317040506,0,57
0.00283,284.60269460281955,-278.2047308818441,-6.397963720975334,24.503172127681868,-69.6001376670219,45.096965539340054,1.4210854715202004e-14,-56.524427061037876,-65.44700187071246,-90.71071752520471,188.43342236586287,188.49404179844896,188.49413580923493,188.49385272934975,188.49361981264587,188.4934257379561,188.4932615567012,188.49312513710652,-1.2731703451062324,0.005067588875402151,0.010626782641895982,0.009274510804541336,0.008195542550928803,0.007329287860176059,0.0065082266371661035,26048.227633401315,0.0,59.10246328048799,373043.3477825596,2.8733413379169576e-5,11.087312993435559,2.6735675937028525e-7,0.0004218672011750413,0,57
0.00284,285.19227431412145,-277.56937525874577,-7.622899055375546,24.704311789863883,-69.8812642821727,45.176952492308814,3.552713678800501e-15,-56.876570908527995,-65.57214985697196,-91.1726373901407,188.432907902237,188.49403156639028,188.49413075752278,188.49384670299222,188.4936129622834,188.49341820112673,188.49325343953802,188.4931165763182,-1.287409260263181,0.00502633049909651,0.010696765611510894,0.009335354812613161,0.00824886646739742,0.007376617658235496,0.006549052993205962,26097.99838533206,0.0,59.49539627193384,373043.1508611222,2.9405999536403414e-5,11.153663934598782,2.6735675937028525e-7,0.00042450751180203583,0,57
0.00285,285.7778008119308,-276.93007476042374,-8.847726051507,24.906422852900306,-70.16243566284707,45.25601280994678,3.552713678800501e-15,-57.22934366602858,-65.69631798267154,-91.6349661917714,188.43239087991947,188.4940212627839,188.49412570530905,188.4938406766715,188.49360611194865,188.4934106643177,188.49324532239527,188.49310801674199,-1.3017615237293816,0.004983649402471535,0.01076697007280858,0.009396396641399463,0.008302362047919676,0.007424098342574403,0.006589998261074204,26147.378498953625,0.0,59.88941527082502,373042.9530700734,3.0092049086995254e-5,11.220303585519263,2.6735675937028525e-7,0.00042715243873925335,0,58
0.00286,286.35926577461987,-276.2868384727532,-10.072427301866629,25.109505636221996,-70.44364734452834,45.334141708306376,1.4210854715202004e-14,-57.582739819525756,-65.81950473682818,-92.09768964746306,188.43187129726505,188.49401088706762,188.49412065258636,188.49383465038775,188.49359926164166,188.4934031275291,188.49323720527315,188.49309945837823,-1.3162276611861552,0.004939527736866012,0.010837395871308164,0.009457636284153637,0.008356029301021195,0.007471729911976865,0.006631042554146482,26196.367366612063,0.0,60.28451616111479,373042.7544086632,3.079178577648274e-5,11.287232917426218,2.6735675937028525e-7,0.0004298023693994346,0,58
0.00287,286.93666093828455,-275.6396755375456,-11.296985400738926,25.313560424077487,-70.72489483068401,45.41133440660652,0.0,-57.93675384990561,-65.94170862268302,-92.56079339148758,188.43134915271338,188.49400043867678,188.49411559934723,188.49382862414103,188.49359241136256,188.49339559076097,188.49322908817174,188.49309090013244,-1.330808198286547,0.004893947527880194,0.010908042840327425,0.009519073747622286,0.00840986822551315,0.007519512365192327,0.006672204961485129,26244.964386281572,0.0,60.68069479765861,373042.55487544596,3.150543627583482e-5,11.354452899421668,2.6735675937028525e-7,0.0004324566047634315,0,58
0.00288,287.5099780968615,-274.98859515241867,-12.521382944442744,25.51858746718874,-71.00617359085254,45.48758612366382,1.0658141036401503e-14,-58.29138022828336,-66.06292815773668,-93.0242629641432,188.43082444478944,188.4939899170441,188.4941105455841,188.49382259793143,188.49358556111142,188.4933880540134,188.49322097109115,188.493082342005,-1.3455036606257282,0.004846890666713399,0.010978910812757814,0.009580709037305013,0.00846387882555888,0.007567445703664077,0.00671348559606777,26293.16896157888,0.0,61.07794700216051,373042.3544697258,3.2233230208228485e-5,11.421964498447885,2.6735675937028525e-7,0.0004351157518103499,0,58
0.00289,288.0792091022448,-274.33360657066595,-13.74560253157877,25.724586981616973,-71.2874790617597,45.562892080142774,2.4868995751603507e-14,-58.6466134184606,-66.18316187375744,-93.48808381835275,188.43029717210408,188.49397932159985,188.4941054912894,188.49381657175903,188.49357871088836,188.49338051728645,188.49321285403147,188.49307378399624,-1.3603145737290983,0.004798338910107169,0.011049999626597806,0.009642542151528488,0.008518061098780727,0.0076155299272784305,0.006754884437350839,26340.980501766633,0.0,61.47626856507064,373042.1531908341,3.297540017488083e-5,11.489768679253427,2.6735675937028525e-7,0.0004377794020914427,0,58
0.0029000000000000002,288.64434586440194,-273.674719101125,-14.969626763276862,25.931559149463077,-71.56880664639696,45.63724749693391,1.0658141036401503e-14,-59.00244787463697,-66.30240831680706,-93.95224131458977,188.42976733335453,188.4939686517717,188.49410043645537,188.49381054562394,188.49357186069346,188.4933729805802,188.49320473699282,188.49306522724646,-1.3752414630206107,0.004748273886622023,0.011121309107644528,0.009704573088960444,0.008572415052217064,0.007663765034364722,0.006796401455322343,26388.398421763843,0.0,61.87565524348331,373041.95103888185,3.373218178198163e-5,11.55786640435902,2.6735675937028525e-7,0.0004404476552700709,0,59
0.0029100000000000003,289.2053803514886,-273.0119421080451,-16.1934382434433,26.139504116863016,-71.85015171619582,45.71064759933283,1.4210854715202004e-14,-59.35887804623094,-66.42066604723964,-94.4167207333748,188.42923492732496,188.49395790698478,188.49409538107426,188.49380451952626,188.49356501052682,188.49336544389473,188.49319661997535,188.49305667175597,-1.3902848538208978,0.0046966770829195426,0.011192839085170103,0.009766801859267815,0.008626940684480111,0.007712151027241099,0.006838015945432208,26435.422142145388,0.0,62.276102765090656,373041.7480132556,3.450381366653661e-5,11.626258634024616,2.6735675937028525e-7,0.00044312044057243094,0,59
0.0029200000000000003,289.76230458996275,-272.34528501095457,-17.417019579008034,26.34842199382917,-72.13150961117842,45.783087617349246,0.0,-59.71589837795924,-66.53793363971823,-94.88150727613262,188.42869995288683,188.4939470866617,188.4940903251382,188.49379849346607,188.49355816038855,188.4933579072301,188.49318850297917,188.4930481163851,-1.4054452713098113,0.004643529861200868,0.011264589385608925,0.009829228460777273,0.008681638000031633,0.007760687901122942,0.006879747785935475,26482.051089148783,0.0,62.677606828160656,373041.54411261773,3.529053752343247e-5,11.69494632621828,2.6735675937028525e-7,0.00044579753114287746,0,59
0.0029300000000000003,290.31511066469835,-271.67475728452627,-18.640353380171888,26.558312855846008,-72.41287563799949,45.8545627821535,1.0658141036401503e-14,-60.073503305178676,-66.65420968324896,-95.34658605425574,188.42816240899947,188.4939361902226,188.4940852686392,188.49379246744346,188.49355131027872,188.49335037058637,188.49318038600438,188.4930395611342,-1.4207232405111117,0.004588813439439399,0.011336559833550197,0.009891852893488817,0.00873650700204509,0.007809375656998796,0.006921597099186272,26528.284694688093,0.0,63.08016309740169,373041.3393364108,3.609259813194416e-5,11.76393043658305,2.6735675937028525e-7,0.0004484792152958106,0,59
0.0029400000000000003,290.86379071909727,-271.00036845844346,-19.86342226065369,26.76917674277981,-72.69424507110314,45.92506832832336,2.1316282072803006e-14,-60.43168725633771,-66.76949278118823,-95.81194209577549,188.42762229471046,188.493925217085,188.49408021156924,188.4937864414585,188.49354446019743,188.49334283396362,188.4931722690511,188.49303100600358,-1.4361192862783234,0.004532508902599375,0.01140875024953969,0.009954675164063786,0.00879154768605872,0.00785821429775524,0.006963563860528321,26574.12239635691,0.0,63.48376720591366,373041.1336841055,3.691024338228939e-5,11.833211918402357,2.6735675937028525e-7,0.0004511652763468099,0,59
0.0029500000000000004,291.40833695520166,-270.322128117264,-21.08620883793752,26.981013659553692,-72.97561315178535,45.99459949223166,-7.105427357601002e-15,-60.7904446506947,-66.88378155126752,-96.2775603402754,188.42707960915624,188.49391416666396,188.49407515392022,188.49378041551128,188.49353761014478,188.4933352973619,188.4931641521194,188.4930224521799,-1.4516339332663035,0.00447459720252219,0.011481160450859118,0.01001769527250218,0.008846760060896575,0.007907203817164365,0.007005648038195034,26619.56363743845,0.0,63.88841475304941,373040.9271559832,3.774372430252312e-5,11.9027917225653,2.6735675937028525e-7,0.000453855648761603,0,60
0.0029600000000000004,291.948741633804,-269.6400459002847,-22.308695733519183,27.19382357422157,-73.25697509043624,46.06315151621472,2.4868995751603507e-14,-61.14976990312725,-66.99707462559118,-96.74342565149988,188.42653435156248,188.49390303837197,188.49407009568392,188.49377438960192,188.49353076012088,188.4933277607813,188.49315603520947,188.49301389966342,-1.4672677059156323,0.004415059149263989,0.011553790258478358,0.01008091322121274,0.008902144126857081,0.007956344217658007,0.00704782809374338,26664.607866904676,0.0,64.29410130846736,373040.7197515716,3.859329508493731e-5,11.97267079753315,2.6735675937028525e-7,0.00045655028388180696,0,60
0.0029700000000000004,292.48499707455755,-268.95413150140337,-23.53086557315406,27.407606417819157,-73.5383260667023,46.130719648883165,1.7763568394002505e-14,-61.5096574242122,-67.10937065065222,-97.20952281823685,188.4259865212446,188.493891831619,188.49406503685205,188.49376836373048,188.49352391012582,188.4933202242219,188.49314791832143,188.49300534726817,-1.4830211284272377,0.004353875421093001,0.011626639485067258,0.010144329007871988,0.008957699883840764,0.008005635499883645,0.007090124711611523,26709.25453942266,0.0,64.70082241211833,373040.511469644,3.9459213113204014e-5,12.042850089307708,2.6735675937028525e-7,0.0004592492088955902,0,60
0.0029800000000000004,293.01709565608564,-268.26439466898205,-24.752700987103594,27.62236208589993,-73.81966122748425,46.197299141584345,1.7763568394002505e-14,-61.87010161557964,-67.22066828736517,-97.67583654332779,188.42543611760814,188.49388054581252,188.49405997741624,188.49376233789704,188.49351706015966,188.49331268768373,188.49313980145536,188.4929967949945,-1.4988947247454503,0.004291026554549049,0.011699707943082505,0.010207942639876677,0.009013427336707291,0.008055077659284038,0.0071325380211360034,26753.503115368145,0.0,65.10857357002824,373040.30230978545,4.034173898959878e-5,12.113330541397628,2.6735675937028525e-7,0.00046195248603567163,0,60
0.00299,293.5450298160896,-267.5708452057079,-25.97418461038157,27.838090437488876,-74.1009756881336,46.26288525064475,1.0658141036401503e-14,-62.231096872359124,-67.33096621107228,-98.14235145040766,188.4248831401493,188.49386918035745,188.49405491736803,188.4937563121017,188.49351021022252,188.49330515116688,188.49313168461137,188.49298824284273,-1.5148890185393236,0.004226492949271687,0.011772995440724188,0.010271754121649934,0.009069326484859808,0.008104670700189054,0.00717506799166534,26797.353060828045,0.0,65.51735025630309,373040.09227160946,4.124113656127531e-5,12.184113094783273,2.6735675937028525e-7,0.00046465962026609464,0,60
0.003,294.06879205145634,-266.8734929684538,-27.19529908300253,28.05479129573268,-74.38226453149987,46.32747323576722,1.7763568394002505e-14,-62.592637580904324,-67.44026311156739,-98.60905207880703,188.42432758845533,188.49385773465625,188.49404985669887,188.49375028634455,188.49350336031452,188.49329761467143,188.49312356778955,188.49297969204687,-1.5310045331770024,0.0041602548649049,0.01184650178924107,0.010335763449024427,0.009125397333058505,0.008154414620700656,0.007217714594302649,26840.803847610237,0.0,65.92714791095396,373039.8813555731,4.215767294743679e-5,12.255198687881437,2.6735675937028525e-7,0.0004673711131714664,0,61
0.00301,294.5883749183652,-266.17234786813873,-28.41602705022644,28.272464446052723,-74.66352281023946,46.39105836418676,1.0658141036401503e-14,-62.95471812359071,-67.5485576930928,-99.07592289626655,188.4237694622051,188.49384620810878,188.49404479540013,188.49374426062568,188.49349651043573,188.49329007819745,188.4931154509901,188.49297114260725,-1.5472417917019539,0.004092292424135557,0.01192022679108673,0.010399970628320432,0.009181639881502335,0.008204309416261601,0.007260455433414581,26883.85495324233,0.0,66.33796194404873,373039.66956134845,4.309161856671403e-5,12.326588256511322,2.6735675937028525e-7,0.00047008683744953483,0,61
0.00302,295.1037710323936,-265.4674198695866,-29.636351162806942,28.49110963600589,-74.94474554698907,46.453635910983195,1.0658141036401503e-14,-63.31733287889651,-67.65584867435369,-99.54294829984482,188.42320876116932,188.49383460011245,188.49403973346307,188.49373823494514,188.49348966058625,188.493282541745,188.49310733421314,188.49296259329046,-1.5636013168232301,0.004022585611529017,0.011994170245095415,0.01046437565987901,0.009238054135941365,0.008254355090064891,0.007303312012903795,26926.505860977504,0.0,66.74978773570834,373039.45688782306,4.40432471635578e-5,12.398282733862436,2.6735675937028525e-7,0.0004728063915334646,0,61
0.00303,295.61497306862185,-264.7587189913846,-30.856254077237196,28.71072657676116,-75.22592773232086,46.51520115555972,2.1316282072803006e-14,-63.68047621676855,-67.76213478855031,-100.0101126048772,188.42264548521118,188.49382291006214,188.49403467087888,188.49373220930303,188.49348281076615,188.49327500531416,188.49309921745873,188.49295404409682,-1.58008363088469,0.0039511142655488385,0.012068331958967615,0.010528978543359102,0.009294640094987816,0.008304551642224212,0.007346284474864628,26968.756059807813,0.0,67.16262063180723,373039.2433347278,4.501283583615415e-5,12.470283050460425,2.6735675937028525e-7,0.00047552993667038246,0,61
0.00304,296.1219737617375,-264.04625530574083,-32.07571845599653,28.931314942097746,-75.50706432597785,46.575749383880144,1.7763568394002505e-14,-64.04414250106312,-67.86741478338288,-100.47740005178153,188.4220796342866,188.49381113735024,188.49402960763868,188.49372618369944,188.49347596097556,188.49326746890497,188.493091100727,188.49294549502667,-1.5966892558455945,0.003877858086537067,0.012142711724727473,0.010593779286754312,0.00935139776022842,0.008354899069398236,0.007389372790016502,27010.605044466185,0.0,67.5764559460327,373039.0289018236,4.6000665062892046e-5,12.542590134131403,2.6735675937028525e-7,0.0004782575102397213,0,61
0.00305,296.6247659061384,-263.33003893834143,-33.294726967796834,29.15287436903061,-75.78815025590613,46.63527588687555,1.0658141036401503e-14,-64.40832608727696,-67.97168742107469,-100.94479480095004,188.42151120844485,188.4937992813666,188.49402454373345,188.4937201581344,188.49346911121455,188.49325993251753,188.4930829840181,188.49293694736255,-1.6134187132597666,0.0038027966357203624,0.012217309338866666,0.010658777889979376,0.00940832713632389,0.008405397368245637,0.007432576928091628,27052.052315435998,0.0,67.99128895767325,373038.81358974666,4.7007018729605946e-5,12.615204909966169,2.6735675937028525e-7,0.00048098899282777996,0,62
0.0030600000000000002,297.1233423560353,-262.61008006820634,-34.51326228782887,29.375404456042947,-76.06918042062924,46.69377596458633,2.4868995751603507e-14,-64.77302132733365,-68.07495147836765,-101.41228094556377,188.42094020782883,188.49378734149855,188.49401947915413,188.49371413260806,188.49346226148324,188.4932523961519,188.49307486733215,188.4929284011047,-1.6302725242541105,0.0037259093279393696,0.012292124593691334,0.010723974352778498,0.009465428223075278,0.008456046547198781,0.007475873607065697,27093.097378949242,0.0,68.4071149158704,373038.5973983174,4.803218415717048e-5,12.688128300285719,2.6735675937028525e-7,0.0004837244854433709,0,62
0.0030700000000000002,297.6176960255533,-261.88638892754454,-35.731307098008514,29.598904762957517,-76.35014968943274,46.75124492647526,1.7763568394002505e-14,-65.13822256966486,-68.17720574653598,-101.87984251252368,188.42036663267552,188.493775317131,188.49401441389153,188.49370810712045,188.49345541178172,188.49324485980813,188.4930667506693,188.4929198549713,-1.6472512095126048,0.0036471754399132195,0.012367157279733476,0.010789368679233746,0.009522701023656044,0.008506846599233953,0.007519285186396996,27133.739746992116,0.0,68.82392903962383,373038.38032654044,4.9076452128522625e-5,12.76136122460874,2.6735675937028525e-7,0.00048646352306952467,0,62
0.0030800000000000003,298.10781988883235,-261.1589758016093,-36.94884408722285,29.823374812353418,-76.63105290027717,46.80767808792378,1.4210854715202004e-14,-65.50392415458845,-68.27844903141707,-102.34746345136243,188.41979048331638,188.49376320764628,188.4940093479364,188.49370208167167,188.49344856211007,188.4932373234863,188.49305863402964,188.49291130896265,-1.664355289247259,0.0035665741024866193,0.012442407187027715,0.010854960869089325,0.009580145539553442,0.008557797524578525,0.00756281181015428,27173.978937317905,0.0,69.24172651341007,373038.1623742966,5.0140116915528675e-5,12.83490459961697,2.6735675937028525e-7,0.0004892066914103377,0,62
0.0030900000000000003,298.59370698012754,-260.4278510285511,-38.16585595157625,30.048814088609554,-76.9118848610721,46.86307077246256,7.105427357601002e-15,-65.87012041674387,-68.3786801534157,-102.81512764111174,188.41921176017772,188.4937510124243,188.4940042812794,188.4936960562618,188.49344171246838,188.49322978718652,188.49305051741328,188.49290276307906,-1.6815852831766334,0.003484084301935475,0.012517874100146376,0.01092075092775957,0.009637761772453679,0.008608899322664065,0.00760645344657096,27213.814473448638,0.0,69.66050248929626,373037.9435414967,5.122347630667537e-5,12.90875933911908,2.6735675937028525e-7,0.0004919533923356811,0,62
0.0031000000000000003,299.07535039390785,-259.69302499927136,-39.382325394636396,30.275222038505145,-77.19264034869305,46.917418310187934,1.7763568394002505e-14,-66.2368056828293,-68.47789794752562,-103.28281888518505,188.41863046378117,188.4937387308424,188.49399921391102,188.4936900308909,188.49343486285676,188.49322225090881,188.49304240082034,188.49289421865265,-1.6989417105088789,0.003399684886045584,0.012593557797986321,0.010986738855159217,0.00969554972632114,0.008660151993376886,0.007650210070003549,27253.245884684104,0.0,70.08025208469198,373037.7238289609,5.232683163431341e-5,12.98292635401443,2.6735675937028525e-7,0.000494703793738227,0,63
0.0031100000000000004,299.5527432849542,-258.9545081572745,-40.59823512767956,30.502598069532784,-77.47331411142076,46.97071604188802,2.842170943040401e-14,-66.60397427637677,-68.57610126332462,-103.75052092428591,188.41804659474406,188.49372636227554,188.49399414582177,188.49368400555903,188.49342801327532,188.49321471465325,188.493034284251,188.49288567568368,-1.7164250899200018,0.0033133545557619826,0.01266945806050801,0.011052924654858742,0.009753509404528238,0.008711555530261705,0.007694057500090334,27292.27270609985,0.0,70.50097038670138,373037.50323666143,5.3450487801586205e-5,13.057406552258165,2.6735675937028525e-7,0.0004974580077714286,0,63
0.0031200000000000004,300.02587886845686,-258.21231099851957,-41.81356786993714,30.730941549780173,-77.75390086913639,47.02295931935624,1.7763568394002505e-14,-66.97162051783388,-68.6732889649868,-104.21821743736149,188.41746015377979,188.49371390609608,188.493989077002,188.4936779802663,188.49342116372412,188.4932071784199,188.49302616770535,188.4928771328407,-1.7340359395254592,0.003225071862434703,0.01274557466433679,0.011119308326858146,0.009811640807273925,0.008763109939739167,0.007738018958272086,27330.894478552287,0.0,70.92265245213777,373037.2817637224,5.459475331020317e-5,13.132200838828334,2.6735675937028525e-7,0.0005002157545026253,0,63
0.0031300000000000004,300.4947504201119,-257.46644407127104,-43.028306348840744,30.96025180928737,-78.03439531119307,47.07414350190572,1.4210854715202004e-14,-67.33973871995377,-68.76945993131258,-104.68589203046974,188.41687114169812,188.49370136167397,188.49398400744195,188.4936719550128,188.49341431420328,188.49319964220888,188.49301805118353,188.49286859012406,-1.75177477686792,0.003134815220627196,0.012821907385600628,0.011185889875324762,0.009869943935846504,0.008814815215808736,0.0077820945937534525,27369.11074869108,0.0,71.34529330305995,373037.0594101776,5.575994028756536e-5,13.207310115690872,2.6735675937028525e-7,0.0005029770317840909,0,63
0.0031400000000000004,300.9593512762168,-256.7169179759489,-44.242433300267884,31.190528139135825,-78.31479209772806,47.12426395859228,2.4868995751603507e-14,-67.7083231902254,-68.86461305573175,-105.15352824370548,188.41627955940572,188.49368872837667,188.4939789371318,188.49366592979854,188.49340746471287,188.4931921060202,188.49300993468566,188.49286004753407,-1.7696421188865714,0.0030425628876393773,0.01289845599517836,0.011252669299832263,0.009928418791832705,0.008866671364016199,0.007826284376138748,27406.92106896061,0.0,71.76888792894103,373036.8361760916,5.694636451389382e-5,13.282735281763049,2.6735675937028525e-7,0.0005057418831154736,0,63
0.0031500000000000005,301.41967483376493,-255.9637433649781,-45.45593146878683,31.421769792024378,-78.59508585866485,47.17331606664049,1.0658141036401503e-14,-68.07736822861631,-68.95874724632418,-105.62110954607402,188.4156854079064,188.49367600556914,188.49397386606165,188.49365990462363,188.49340061525302,188.49318456985395,188.49300181821184,188.49285150645346,-1.7876384819012126,0.0029482929867681307,0.012975220261819409,0.01131964660038065,0.009987065383957106,0.008918678376349298,0.007870588279912383,27444.32499760848,0.0,72.19343128438386,373036.6120624723,5.815434544952663e-5,13.35847723287683,2.6735675937028525e-7,0.0005085103931722346,0,64
0.00316,301.8757145505396,-255.20693094263692,-46.668783607902654,31.65397598066301,-78.87527119621555,47.22129521555257,1.7763568394002505e-14,-68.44686813233707,-69.05186142581366,-106.08861934848841,188.4150886883016,188.49366319261392,188.49396879422144,188.4936538794881,188.4933937658238,188.49317703371023,188.49299370176226,188.4928429668825,-1.8057643815859254,0.0028519834825413426,0.013052199950585042,0.01138682178462247,0.010045883705181335,0.008970836258694881,0.007914981205052296,27481.322098683093,0.0,72.61891829357357,373036.3870694466,5.938420626291742e-5,13.434536861743599,2.6735675937028525e-7,0.000511282001394775,0,64
0.00317,302.32746394520706,-254.4464914649052,-47.88097248030182,31.88714587766555,-79.15534268508691,47.26819680742139,1.7763568394002505e-14,-68.81681719592294,-69.14395453157937,-106.55604100474298,188.41448940179063,188.49365028887107,188.4939637216011,188.49364785439207,188.49338691642532,188.49316949758907,188.49298558533704,188.4928344274391,-1.8240203329528124,0.0027536121997187024,0.01312939482667641,0.011454194851054922,0.010104873762842193,0.009023145006802125,0.00795948725719997,27517.911942038467,0.0,73.04534385030172,373036.161196261,6.0636273856749e-5,13.510915057920979,2.6735675937028525e-7,0.000514057267893886,0,64
0.00318,302.7749165974084,-253.6824357393111,-49.092480858097254,32.12127861684738,-79.43529487031144,47.31401625346412,3.552713678800501e-14,-69.18720970663603,-69.23502551568461,-107.02335780033985,188.41388754967102,188.49363729369816,188.49395864819036,188.4936418293356,188.49338006705767,188.49316196149053,188.4929774689363,188.49282588812358,-1.842406850320621,0.002653156812896462,0.013206804648768777,0.01152176580367481,0.010164035557039153,0.009075604619000366,0.008004106594297067,27554.0941033462,0.0,73.4727028134205,373035.93444310525,6.191087889627319e-5,13.587612707777447,2.6735675937028525e-7,0.0005168359308816151,0,64
0.00319,303.218066147851,-252.91477462477775,-50.30329152307323,32.356373292360395,-79.7151222685964,47.358748976236015,0.0,-69.55803994688978,-69.32507334487913,-107.49055295946957,188.41328313333898,188.49362420645033,188.49395357397893,188.49363580431873,188.49337321772094,188.4931544254147,188.49296935256012,188.49281734893626,-1.860924447301111,0.0025505948470190276,0.013284429174684753,0.01158953464239687,0.010223369096397317,0.009128215091948277,0.008048839189073398,27589.868164096508,0.0,73.90099000906675,373035.7068102007,6.320835583609182e-5,13.664630694455436,2.6735675937028525e-7,0.0005196177992889961,0,64
0.0032,303.6569062983989,-252.14351903146874,-51.513387266930046,32.59242895924473,-79.99481936731189,47.40239040806719,1.4210854715202004e-14,-69.92930219199845,-69.41409700061837,-107.95760963987703,188.4126761542897,188.49361102648027,188.4939484989564,188.49362977934155,188.49336636841522,188.49314688936167,188.49296123620866,188.49280881131162,-1.879573636774205,0.0024459036793098576,0.013362268157139923,0.011657501370876844,0.010282874375564521,0.009180976428418752,0.008093685007751983,27625.233711606335,0.0,74.3302002283409,373035.47829874663,6.452904294799674e-5,13.74196989783433,2.6735675937028525e-7,0.0005224029721352941,0,65
0.00321,304.0914308121621,-251.36867992063333,-52.722750891528655,32.829444631903655,-80.27438062705498,47.444935995151354,1.4210854715202004e-14,-70.3009907149297,-69.50209547905666,-108.4245109459409,188.41206661411766,188.49359775313823,188.49394342311223,188.4936237544041,188.49335951914063,188.4931393533315,188.49295311988212,188.49280027524992,-1.8983549308649441,0.0023390605385049668,0.013440321352040652,0.011725665989029466,0.010342551398505151,0.00923388862951402,0.008138618012361043,27660.190339016623,0.0,74.76032823186048,373035.2489090279,6.587328234697096e-5,13.819631194494896,2.6735675937028525e-7,0.0005251912767834099,0,65
0.00322,304.52163351358547,-250.59026830445035,-53.931365209135,33.067419284007435,-80.553800481866,47.48638119785862,2.842170943040401e-14,-70.67309978638676,-69.58906779105742,-108.89123992966653,188.41145451451698,188.49358438577198,188.4939383464358,188.49361772950647,188.49335266989723,188.4931318173242,188.4929450035806,188.4927917393173,-1.9172688409185383,0.0022300424989172285,0.013518588505574414,0.011794028499263476,0.010402400169879922,0.009286951687755618,0.00818366321903774,27694.737645296627,0.0,75.19136874979354,373035.0186404153,6.724142001974474e-5,13.897615457685808,2.6735675937028525e-7,0.0005279830204847902,0,65
0.0032300000000000002,304.9475082885364,-249.80829524587182,-55.13921304266437,33.30635184973174,-80.83307333702041,47.52672148728871,2.4868995751603507e-14,-71.04562367022257,-69.67501296222106,-109.35777957947437,188.4108398572817,188.4935709237269,188.49393326891644,188.4936117046487,188.49334582068514,188.49312428133993,188.49293688730418,188.49278320351414,-1.9363158774848435,0.0021188264932447964,0.013597069361090952,0.011862588905405147,0.010462420688500007,0.009340165606371187,0.008228820788209745,27728.875235255597,0.0,75.62331647723128,373034.7874932575,6.86338058514958e-5,13.975923557287999,2.6735675937028525e-7,0.0005307777213326981,0,65
0.0032400000000000003,305.3690490843916,-249.02277185846592,-56.34627722592547,33.54624122293872,-81.11219357041375,47.56595234747503,0.0,-71.41855662585874,-69.7599300328859,-109.8241128272317,188.41022264430617,188.49355736634593,188.49392819054327,188.4936056798309,188.49333897150444,188.49311674537873,188.49292877105304,188.49277466784068,-1.95549655028845,0.0020053892909865922,0.013675763664138252,0.011931347207369214,0.010522612959916522,0.009393530383349002,0.008274090689737168,27762.602719543294,0.0,76.05616607646695,373034.55546793557,7.00507936530758e-5,14.054556359777443,2.6735675937028525e-7,0.000533575533067765,0,65
0.0032500000000000003,305.7862499101233,-248.2337093062587,-57.5525406038644,33.78708625770483,-81.39115553153607,47.60406927383126,1.0658141036401503e-14,-71.79189290604118,-69.84381805814687,-110.29022254311148,188.40960287758534,188.49354371296954,188.4939231113054,188.4935996550531,188.49333212235524,188.49310920944063,188.4929206548273,188.49276613378427,-1.9748113682104727,0.0018897075194876933,0.013754671154375675,0.012000303406146884,0.010582976984228942,0.009447046018575378,0.008319472896605618,27795.919714657888,0.0,76.48991217463876,373034.32256584364,7.149274118821916e-5,14.133514728187848,2.6735675937028525e-7,0.0005363764951334948,0,66
0.0032600000000000003,306.1991048363843,-247.44111880357553,-58.75798603280863,34.02888576687708,-81.66995354409633,47.64106777721929,2.842170943040401e-14,-72.16562676158125,-69.92667610784726,-110.75609154874853,188.4089805592151,188.4935299629358,188.4939180311918,188.49359363031533,188.49332527323764,188.49310167352576,188.4929125386271,188.49275760134518,-1.9942608392719459,0.0017717576524365342,0.013833791571036258,0.012069457505649694,0.010643512763421903,0.009500712510799758,0.008364940406051069,27828.82584294264,0.0,76.92454936838426,373034.0887874274,7.296001020012086e-5,14.212799522074823,2.6735675937028525e-7,0.0005391804258635946,0,66
0.0032700000000000003,306.6076079955922,-246.645011614882,-59.96259638071009,34.27163852198849,-81.94858190624893,47.6769433842605,3.552713678800501e-14,-72.53975244143818,-70.00850326658812,-111.22170261824931,188.40835569139253,188.4935161155804,188.49391295019137,188.4935876056177,188.4933184241517,188.49309413763413,188.49290442245263,188.49274906903668,-2.013845470591261,0.0016515160089847214,0.01391312464271266,0.012138809505536585,0.010704220302947043,0.009554529858124106,0.008410519157640017,27861.320732589986,0.0,77.36007222388352,373033.85413218365,7.445296643918164e-5,14.292411597482202,2.6735675937028525e-7,0.0005419872737795206,0,66
0.0032800000000000004,307.01175358201294,-245.84539905462339,-61.16635452738946,34.51534325443717,-82.22703488834694,47.71169163390979,1.0658141036401503e-14,-72.91426418814524,-70.08929863375509,-111.68703846694619,188.40772827641618,188.49350217023658,188.4939078682928,188.49358158096024,188.49331157509755,188.49308660176587,188.49289630630395,188.49274053685912,-2.0335657683835264,0.001528958753747034,0.013992670102607185,0.012208359413801162,0.01076509960012828,0.009608498058650383,0.00845620932031732,27893.40401765274,0.0,77.79647527214976,373033.61860062304,7.597197969010531e-5,14.372351806906156,2.6735675937028525e-7,0.0005447971945070074,0,66
0.0032900000000000004,307.4115358518432,-245.04229248706412,-62.36924336477894,34.75999865471389,-82.50530673436248,47.74530807964862,2.1316282072803006e-14,-73.28915624022335,-70.16906132351811,-112.15208175847646,188.40709831668644,188.49348812623518,188.4939027854848,188.49357555634302,188.49330472607528,188.493079065921,188.49288819018122,188.4927320048128,-2.0534222379279847,0.0014040619018569345,0.014072427679381327,0.012278107224688029,0.010826150660715683,0.009662617113594507,0.008502010862188492,27925.07533804424,0.0,78.23375301136369,373033.3821932886,7.751742379818187e-5,14.452620999257709,2.6735675937028525e-7,0.0005476097529125146,0,66
0.0033000000000000004,307.80694912329193,-244.23570332612616,-63.57124579716569,35.00560337290615,-82.78339166084749,47.777788287941384,2.4868995751603507e-14,-73.66442282994197,-70.24779046484929,-112.61681509963455,188.4064658147058,188.49347398290462,188.49389770175594,188.49356953176607,188.49329787708498,188.4930715300996,188.49288007408455,188.49272347443898,-2.073415383542594,0.001276801314961773,0.014152397093609714,0.012348052941938192,0.010887373487882712,0.009716887017944487,0.008547923757482145,27956.33433954585,0.0,78.67189990448034,373033.144911773,7.90896766971027e-5,14.533220019825192,2.6735675937028525e-7,0.00055042544089412,0,67
0.0033100000000000004,308.19798777666125,-243.42564303522695,-64.77234474143424,35.25215601733623,-83.06128385961722,47.809127842281036,2.842170943040401e-14,-74.04005818804993,-70.3254852015134,-113.08122105359884,188.40583077307915,188.49345973957097,188.49389261709462,188.49356350722948,188.49329102812675,188.49306399430176,188.49287195801418,188.49271494573784,-2.0935457085690157,0.0011471526938384713,0.014232578069413027,0.012418196569292661,0.01094876808182832,0.009771307772688864,0.008593920028833857,27987.180673803257,0.0,79.1109103839844,373032.9067566848,8.06891204351238e-5,14.614149710238207,2.6735675937028525e-7,0.0005532438422754249,0,67
0.0033200000000000005,308.5846462544264,-242.6121231271163,-65.97252312731008,35.49965515448848,-83.33897749798679,47.83932234349836,2.4868995751603507e-14,-74.41605654385744,-70.4021446920767,-113.5452821409573,188.40519319451397,188.49344539555787,188.4938875314892,188.49355748273328,188.49328417920066,188.49305645852755,188.49286384197018,188.49270641716885,-2.1138137153443393,0.0010150915926798731,0.014312970323533403,0.012488538109330705,0.011010334443741332,0.009825879376577085,0.008640026552081181,28017.61399833021,0.0,79.55077885194329,373032.6677276492,8.231614120201783e-5,14.695410908433784,2.6735675937028525e-7,0.000556064961727526,0,67
0.00333,308.96691906131457,-241.79515516371274,-67.17176389760176,35.748099310128964,-83.61646671648643,47.86836740635752,3.197442310920451e-14,-74.79241212067438,-70.47776810993207,-114.00898082843055,188.40455308182067,188.49343095018662,188.49388244492792,188.49355145827752,188.49327733030682,188.493048922777,188.4928557259527,188.4926978887323,-2.1342199051767436,0.0008805934048083941,0.014393573571294116,0.012559077561796528,0.011072072576695735,0.009880601831052438,0.008686243503151392,28047.633976519206,0.0,79.9914996752159,373032.4278253407,8.397112935654842e-5,14.777004448620312,2.6735675937028525e-7,0.0005588886494807821,0,67
0.00334,309.3448007643829,-240.97475075593948,-68.3700500084434,35.997486968580176,-83.89374563031664,47.896258661736525,3.197442310920451e-14,-75.16911913821812,-70.55235464329817,-114.47229953599383,188.40391043791286,188.4934164027761,188.49387735739887,188.49354543386227,188.49327048144534,188.49304138705023,188.49284760996187,188.4926893604285,-2.154764778329533,0.0007436333691801522,0.014474387523477628,0.012629814927681338,0.011133982485153293,0.00993547512977333,0.008732570856401,28077.240277641376,0.0,80.43306718784257,373032.1870504672,8.565447945247172e-5,14.85893116123987,2.6735675937028525e-7,0.0005617152765002853,0,67
0.00335,309.7182859930961,-240.15092156355902,-69.56736442953697,36.24781657320122,-84.17080832829555,47.92299175509436,2.1316282072803006e-14,-75.54617181038067,-70.62590349523606,-114.93522063172415,188.40326526580756,188.4934017526428,188.4938722688901,188.49353940948757,188.4932636326163,188.49303385134726,188.49283949399782,188.49268083385363,-2.1754488339935145,0.0006041865717199002,0.014555411891432612,0.012700750208061606,0.011196064172088516,0.00999049927061435,0.008779008578820413,28106.43257685355,0.0,80.87547568861562,373031.94540482236,8.736659026549198e-5,14.941191872930453,2.6735675937028525e-7,0.000564544382957527,0,68
0.00336,310.08736943940227,-239.3236792950079,-70.76369014439423,36.49908652510822,-84.44764887560004,47.94856235049184,1.0658141036401503e-14,-75.92356434994795,-70.69841388363875,-115.39772644509101,188.40261756862554,188.49338699910092,188.4938671793895,188.49353338515346,188.49325678381982,188.4930263156682,188.49283137806074,188.49267230900793,-2.1962725702639547,0.0004622279362038739,0.014636646377428342,0.012771883406678342,0.011258317634924797,0.010045674260450888,0.008825527696262547,28135.21055519411,0.0,81.31871944593621,373031.70288918045,8.91078648188699e-5,15.023787406489815,2.6735675937028525e-7,0.0005673760783265203,0,68
0.00337,310.4520458578086,-238.49303570722972,-71.95901015057876,36.75129518311336,-84.72426131401204,47.97296613089869,1.0658141036401503e-14,-76.30129096868224,-70.76988504123892,-115.85979926799706,188.4019673495915,188.49337214146226,188.49386208888484,188.49352736085999,188.49324993505596,188.4930187800131,188.49282326215078,188.49266378429584,-2.2172364841133834,0.00031773223016795527,0.01471809068047003,0.012843214527016755,0.011320742879412204,0.010101000090815937,0.008872156048246094,28163.573899586398,0.0,81.76279269787693,373031.4595032961,9.087871041199803e-5,15.106718580841509,2.6735675937028525e-7,0.0005702102523533481,0,68
0.00338,310.81231006545613,-237.6590026055086,-73.1533074599474,37.00444086478559,-85.0006396595968,47.99619879481124,2.1316282072803006e-14,-76.67934587277205,-70.84031621563298,-116.32142134347214,188.40131461203427,188.49335717903625,188.49385699736382,188.49352133660722,188.4932430863248,188.49301124438205,188.49281514626804,188.49265525971768,-2.2383410713827088,0.0001706740679461305,0.014799744503959378,0.012914743565080045,0.011383339911201329,0.010156476759925148,0.008918893815450524,28191.522302849004,0.0,82.20768964730915,373031.21524801047,9.267953864480005e-5,15.189986210998697,2.6735675937028525e-7,0.0005730470831432632,0,68
0.0033900000000000002,311.16815694219287,-236.82159184330092,-74.3465650988918,37.25852184577255,-85.27677790419175,48.01825605841925,3.197442310920451e-14,-77.05772326523424,-70.90970666927942,-116.7825748728349,188.40065935938708,188.49334211112998,188.49385190481402,188.49351531239517,188.4932362376265,188.4930037087751,188.49280703041268,188.49264673527375,-2.2595868267404318,2.1027900786840803e-5,0.014881607539380948,0.012986470525941485,0.011446108726029358,0.010212104271881017,0.008965740967991742,28219.05546369527,0.0,82.65340446434817,373030.97012419783,9.451076544549005e-5,15.273591108026316,2.6735675937028525e-7,0.000575886174589646,0,68
0.0034000000000000002,311.5195814306471,-235.98081532206734,-75.53876610857962,37.51353636025688,-85.55267001434083,48.03913365408396,3.552713678800501e-15,-77.43641734368764,-70.97805567951396,-117.24324201053582,188.4000015951879,188.49332693704824,188.49384681122288,188.49350928822392,188.4932293889611,188.49299617319232,188.49279891458482,188.49263821261627,-2.280974243674443,-0.00013123197425723987,0.014963679477721925,0.013058395411839285,0.011509049328656484,0.010267882620228264,0.009012697479970466,28246.17308673987,0.0,83.09993128388844,373030.72413385625,9.637281109543679e-5,15.357534079003193,2.6735675937028525e-7,0.000578727743043711,0,69
0.0034100000000000003,311.866578536299,-235.13668499110324,-76.7298935451956,37.76948259975971,-85.82830993409198,48.05882733433228,1.0658141036401503e-14,-77.81542230506037,-71.0453625385386,-117.70340487750533,188.39934132307945,188.49331165609343,188.49384171657775,188.49350326409348,188.49322254032873,188.4929886376338,188.49279079878468,188.49262969174546,-2.302503814454691,-0.00028613142742184294,0.015045960009330006,0.01313051822234712,0.011572161723146568,0.010323811805841743,0.0090597333615281,28272.874882494452,0.0,83.54726421056104,373030.4772779275,9.82661002567552e-5,15.441815926985766,2.6735675937028525e-7,0.000581571840416073,0,69
0.0034200000000000003,312.2091433275516,-234.2892128473691,-77.9199304801824,38.02635871309116,-86.10369158525255,48.077332872161435,3.197442310920451e-14,-78.19473234567293,-71.1116265534277,-118.16304556220797,188.3986785468097,188.49329626756568,188.49383662086584,188.4934972400039,188.49321569172946,188.49298110209958,188.49278268301236,188.49262117100974,-2.3241760301281364,-0.00044369647620889907,0.015128448816394968,0.01320283895987373,0.011635445909798037,0.010379891826141296,0.009106877420316906,28299.160567370418,0.0,83.99539731880641,373030.2295562972,0.00010019106199726027,15.526437450974095,2.6735675937028525e-7,0.0005844179494137458,0,69
0.0034300000000000003,312.5472709358009,-233.43841093532004,-79.10886000048077,38.28416280735265,-86.37880886503169,48.094646057679064,2.1316282072803006e-14,-78.57434165669937,-71.17684704615164,-118.62214610931065,188.3980132702317,188.49328077076277,188.49383152407427,188.49349121595523,188.4932088431634,188.49297356658974,188.49277456726804,188.4926126504094,-2.3459913804748944,-0.0006039533091861671,0.015211145581601748,0.013275357625666118,0.011698901894460434,0.0104361226791152,0.009154129854874071,28325.029863689084,0.0,84.44432464792015,373029.9809699745,0.0001021481298172252,15.611399445875584,2.6735675937028525e-7,0.0005872664579816556,0,69
0.0034400000000000003,312.8809565555052,-232.5842913467344,-80.29666520877063,38.54289294730582,-86.65365564756192,48.11076270025613,2.4868995751603507e-14,-78.95424442656429,-71.24102335357358,-119.08068852688021,188.39734549730414,188.4932651649802,188.49382642619003,188.4934851919475,188.49320199463062,188.49296603110437,188.49276645155183,188.49260412994477,-2.367950354001027,-0.0007669282714459769,0.01529404998224404,0.013348074223124229,0.011762529672870947,0.010492504364422395,0.00920149063595499,28350.48249968054,0.0,84.89404020455389,373029.7315200028,0.00010413774167496794,15.69670270246706,2.6735675937028525e-7,0.0005901173076188204,0,69
0.0034500000000000004,313.21019544425315,-231.72686622054218,-81.48332922371095,38.80254715580573,-86.92822578282085,48.125678627015176,3.907985046680551e-14,-79.33443483872195,-71.30415482746383,-119.53865478122243,188.39667523209135,188.4932494495111,188.4938213272,188.49347916798078,188.49319514613126,188.49295849564353,188.49275833586384,188.49259561132513,-2.3900534379094154,-0.0009326478671045635,0.015377161692280428,0.013420988750574736,0.011826329255241408,0.010549036878721552,0.00924895972978268,28375.51820948999,0.0,85.34453796021451,373029.48120858666,0.00010616034001231735,15.782348007356807,2.6735675937028525e-7,0.0005929702892062128,0,70
0.0034600000000000004,313.53498292283143,-230.86614774265232,-82.66883518017907,39.06312341268702,-87.20251309948335,48.139389686796385,2.842170943040401e-14,-79.71490707635236,-71.36624083448793,-119.99602681028192,188.3960024787636,188.49323362364638,188.49381622709097,188.49347314405506,188.49318829766537,188.49295096020728,188.49275022020433,188.4925870945507,-2.412301118073771,-0.0011011387593589106,0.015460480376305874,0.01349410121317618,0.011890300638597306,0.010605720222887527,0.009296506111474478,28400.136733172996,0.0,85.79581185632293,373029.23003683705,0.00010821637178063637,15.868336142948245,2.6735675937028525e-7,0.0005958253323418428,0,70
0.0034700000000000004,313.855314375291,-230.0021481457796,-83.85316622951137,39.324619654726604,-87.47651140518602,48.15189175045945,1.7763568394002505e-14,-80.0956553224446,-71.42728075621156,-120.45278652470812,188.3953272415972,188.4932176866746,188.49381112584956,188.49346712017038,188.49318144923308,188.4929434247957,188.4927421045734,188.49257857791278,-2.4346938790240515,-0.001272427779972496,0.015544005708418851,0.013567411607837698,0.011954443828887662,0.010662554393999102,0.009344159592487689,28424.337816697825,0.0,86.2478558042967,373028.97800477187,0.00011030628846637067,15.954667887405941,2.6735675937028525e-7,0.0005986825539782414,0,70
0.0034800000000000005,314.171185249013,-229.13487970927076,-85.03630553974213,39.58703377658723,-87.75021448413426,48.16318070754706,2.1316282072803006e-14,-80.47667375526969,-71.48727398912304,-120.90891579650095,188.3946495249747,188.4932016378821,188.49380602346233,188.4934610963268,188.49317460083446,188.49293588940884,188.49273398897122,188.49257006141173,-2.457232203913521,-0.0014465419183409267,0.015627737348247184,0.013640919939376772,0.01201875882214809,0.01071953939194259,0.009391920374484997,28448.121211955146,0.0,86.70066368051447,373028.72511357034,0.00011243054611590512,16.041344014619327,2.6735675937028525e-7,0.000601541741491074,0,70
0.0034900000000000005,314.4825910547729,-228.26435475892995,-86.21823629584284,39.85036363023411,-88.02361609865594,48.17325246842184,1.4210854715202004e-14,-80.85795655077166,-71.54621994462939,-121.36439646623988,188.39396933338512,188.4931854765529,188.49380091991563,188.49345507252434,188.49316775246962,188.4929283540468,188.4927258733979,188.49256154504783,-2.4799165744948386,-0.0016235083325399913,0.015711674953502452,0.013714626210202141,0.012083245629779249,0.010776675210149023,0.009439788424712603,28471.48667675668,0.0,87.1542293288725,373028.47136444604,0.0001145896053620058,16.128365294164734,2.6735675937028525e-7,0.000604402998496234,0,70
0.0035,314.7895273668051,-227.39058566684378,-87.3989416999613,40.11460702534474,-88.29670998811052,48.18210296276581,1.7763568394002505e-14,-81.23949788035279,-71.60411804906931,-121.8192103379201,188.39328667142405,188.49316920196875,188.4937958151958,188.49344904876304,188.49316090413865,188.49292081870962,188.49271775785357,188.49255303058848,-2.5027474711089273,-0.0018033543369426752,0.015795818183526045,0.013788530420143275,0.012147904246031072,0.010833961852834584,0.009487763712774822,28494.43397484099,0.0,87.60854655824816,373028.2167598125,0.00011678393144799324,16.215732491267385,2.6735675937028525e-7,0.0006072662836503206,0,71
0.00351,315.0919898228652,-226.51358485120485,-88.57840497166016,40.379761728278105,-88.56948987179459,48.189728143516525,2.1316282072803006e-14,-81.62129191555842,-71.66096774370037,-122.27333919239813,188.39260154379386,188.4931528134092,188.493790709289,188.4934430250429,188.49315405584164,188.4929132833974,188.49270964233847,188.4925445180339,-2.525725372651822,-0.0019861074096603204,0.01588016668616854,0.01386263256985032,0.012212734675464798,0.010891399317419115,0.009535814165227752,28516.962875868383,0.0,88.0636091476599,373027.96130095184,0.00011901399425268467,16.303446366765122,2.6735675937028525e-7,0.0006101313915411466,0,71
0.00352,315.389974124292,-225.63336477613626,-89.7566093481556,40.64582546204981,-88.84194944921498,48.196123987165194,1.4210854715202004e-14,-82.00333282816001,-71.71676848470308,-122.72676478846778,188.39191395530386,188.4931363101515,188.49378560218125,188.49343700136396,188.4931472075787,188.4929057481102,188.49270152685276,188.49253600561727,-2.54885075655343,-0.0021717951948145853,0.01596472011098138,0.013936932658811685,0.012277736923830496,0.010948987598663251,0.009583970603121106,28539.073155422902,0.0,88.51941084635963,373027.7049880147,0.00012128026831582409,16.39150767707445,2.6735675937028525e-7,0.0006129983623061608,0,71
0.00353,315.6834760360692,-224.74993795151354,-90.9335380845555,40.91279590721694,-89.11408239766142,48.20128649044451,1.4210854715202004e-14,-82.38561478563989,-71.77151974320202,-123.17946885148586,188.39122391087037,188.49311969147067,188.49378049385848,188.49343097772626,188.4931403593499,188.49289821284805,188.49269341139654,188.49252749333894,-2.5721240987501233,-0.002360445506371711,0.016049478104109838,0.014011430695020977,0.01234291099122764,0.011006726695771185,0.009632233234880161,28560.76459502157,0.0,88.97594536871608,373027.44782235194,0.00012358323286352244,16.479917174154306,2.6735675937028525e-7,0.000615867267251019,0,71
0.00354,315.9724913868849,-223.8633169327874,-92.10917445409733,41.180670701342436,-89.38588237379128,48.20521167244887,1.4210854715202004e-14,-82.76813195357664,-71.82522100526097,-123.63143308062979,188.39053141551693,188.4931029566395,188.4937753843065,188.49342495412984,188.49313351115535,188.49289067761106,188.49268529596998,188.4925189811992,-2.595545873671957,-0.002552086312919144,0.016134440303683384,0.014086126673714006,0.012408256879441915,0.011064616607072253,0.009680602028354635,28582.03698211267,0.0,89.433206396827,373027.1898053488,0.00012592337183135925,16.5686756054681,2.6735675937028525e-7,0.0006187378477496008,0,71
0.00355,316.25701606919114,-222.97351432080492,-93.28350174838603,41.449447439381984,-89.65734301252652,48.20789557314457,1.7763568394002505e-14,-83.15087849343615,-71.87787177189486,-124.0826391437308,188.3898364743745,188.49308610492855,188.493770273511,188.49341893057468,188.49312666299514,188.4928831423993,188.4926771805732,188.49251047102456,-2.6191165542100014,-0.002746745751895041,0.016219606345844184,0.014161020596137774,0.012473774592537179,0.011122657333213937,0.009729076952673221,28602.89011008118,0.0,89.8911875779472,373026.93093962996,0.00012830117388956176,16.657783713945765,2.6735675937028525e-7,0.000621610249044835,0,72
0.0035600000000000002,316.53704603926246,-222.08054276163097,-94.45650327763136,41.719123672736224,-89.92845793001092,48.20933425727471,1.0658141036401503e-14,-83.5338485672448,-71.92947155905607,-124.53306869075976,188.38913909268146,188.4930691356062,188.4937651614575,188.49341290706082,188.49311981486937,188.49287560721285,188.49266906520643,188.49250196281525,-2.6428366116908237,-0.0029444521337342877,0.016304975865031324,0.014236112466939232,0.012539464133388467,0.011180848869525306,0.00977762485564293,28623.32377824322,0.0,90.34988252974918,373026.6712266498,0.00013071713246751022,16.747242237947514,2.6735675937028525e-7,0.0006244842858054156,0,72
0.0035700000000000003,316.8125773172532,-221.1844149463679,-95.62816237088512,41.98969690923838,-90.19922072389139,48.20952381465304,2.1316282072803006e-14,-83.91703633767305,-71.98001989763716,-124.98270335491036,188.3884392757838,188.49305204793856,188.49376004813146,188.49340688358828,188.49311296677814,188.49286807205175,188.49266094986982,188.49249345474536,-2.6667065158691523,-0.003145233921448387,0.016390548486107104,0.014311402285521524,0.012605325502493159,0.011239191214414745,0.009826277602462241,28643.337791847633,0.0,90.80928484042539,373026.4106666924,0.00013317174577771442,16.83705191123004,2.6735675937028525e-7,0.0006273600182152284,0,72
0.0035800000000000003,317.0836059872539,-220.2851436109755,-96.79846237627832,42.26116461398082,-90.46962497085752,48.20846035687674,2.4868995751603507e-14,-84.30043596353144,-72.02951633349127,-125.43152474120959,188.38773702913528,188.49303484118963,188.49375493351818,188.4934008601571,188.49310611872156,188.49286053691608,188.49265283456353,188.49248494681515,-2.6907267348819017,-0.003349119757151797,0.01647632383549258,0.014386890051799384,0.012671358705302893,0.011297684367654881,0.009875035399290244,28662.93196208498,0.0,91.26938806349129,373026.1492612816,0.00013566551684001204,16.92721346291036,2.6735675937028525e-7,0.0006302375295469675,0,72
0.0035900000000000003,317.3501281973473,-219.38274153609012,-97.96738666125711,42.533524208827174,-90.7396642282559,48.20614001942877,2.4868995751603507e-14,-84.6840416021502,-72.07796042742595,-125.87951443379811,188.38703235829743,188.49301751462113,188.49374981760283,188.49339483676727,188.49309927069967,188.49285300180594,188.49264471928768,188.49247643902495,-2.7148977352422587,-0.00355613844519187,0.016562301535494317,0.014462575766422958,0.01273756374231505,0.011356328323892662,0.009923898224376337,28682.106106085266,0.0,91.73018572045227,373025.88701197534,0.00013819895350512237,17.017727617427933,2.6735675937028525e-7,0.0006331161988220035,0,72
0.0036000000000000003,317.6121401596629,-218.47722154684266,-99.13491861282009,42.80677307277634,-91.00933203297546,48.202558960199184,3.552713678800501e-14,-85.0678474071763,-72.12535175521427,-126.32665399076275,188.38632526893977,188.49300006749263,188.49374470037046,188.49338881341882,188.4930924227126,188.49284546672138,188.49263660404242,188.49246793326142,-2.7392199818109373,-0.0037663189559831167,0.016648481200260967,0.014538459435712525,0.01280394061461898,0.011415123084571377,0.009972866038459927,28700.86004692306,0.0,92.19167129819692,373025.62392161135,0.00014077256847883597,17.108595094506796,2.6735675937028525e-7,0.0006359967343947392,0,73
0.0036100000000000004,317.8696381504306,-217.56859651267646,-100.30104163775405,43.08090854109802,-91.27862190445467,48.197713363356726,4.618527782440651e-14,-85.45184753323517,-72.1716899075799,-126.77292495765467,188.3856157668399,188.49298249906155,188.49373958180598,188.49338279011175,188.49308557476047,188.49283793166245,188.492628488828,188.49245942952479,-2.7636939377683287,-0.003979690428875138,0.016734862442875365,0.014614541056491959,0.012870489326775925,0.011474068647338242,0.010021904603952247,28719.193613611496,0.0,92.653838254358,373025.3599918173,0.00014338687934436928,17.199816609119456,2.6735675937028525e-7,0.0006388787108912442,0,73
0.0036200000000000004,318.12261851003404,-216.65687934716468,-101.46573916286933,43.355927905332905,-91.54752734497123,48.19159943963839,3.197442310920451e-14,-85.8360361360144,-72.2169744901991,-127.2183088685805,188.3849038578835,188.49296480858317,188.4937344618942,188.4933767668461,188.49307872684335,188.49283039662924,188.49262037364454,188.49245092592895,-2.788320064598921,-0.00419628217167034,0.01682144487237691,0.014690820630828938,0.012937209881959344,0.011533165006044399,0.010071046831491515,28737.106641103626,0.0,93.1166800174249,373025.09522301133,0.00014604240858711229,17.29139287145325,2.715198342551073e-7,0.0006417620649637745,0,73
0.0036300000000000004,318.3710776430624,-215.74208300782618,-102.62899463523617,43.631828414060905,-91.81604183714825,48.18421342308741,3.552713678800501e-14,-86.22040736777092,-72.26120512371959,-127.66278723479789,188.3841895480645,188.49294699531055,188.49372934061978,188.49337074362185,188.49307187896133,188.49282286162182,188.49261225849222,188.4924424224742,-2.8130988220597812,-0.004416123658720572,0.01690822809177428,0.01476729815696487,0.013004102281457541,0.011592412163690113,0.010120292939483022,28754.59897030073,0.0,93.58018998146565,373024.8296168906,0.0001487396836166194,17.383324586874352,2.7634870519710475e-7,0.00064464668651526,0,73
0.0036400000000000004,318.61501201836137,-214.82422049594194,-103.7907915224194,43.908607272461396,-92.08415884559834,48.17555157313697,2.1316282072803006e-14,-86.60495537970533,-72.3043814437539,-128.1063415520171,188.38347284348515,188.49292905849467,188.49372421796727,188.49336472043905,188.4930650311145,188.49281532664025,188.49260414337115,188.49243391916085,-2.8380306681626433,-0.004639244536380538,0.016995211701025248,0.014843973640964236,0.013071166526956723,0.011651810115036021,0.010169642896927567,28771.67044804994,0.0,94.04436150884973,373024.56317518745,0.0001514792367906459,17.475612455890023,2.814632058534272e-7,0.0006475329312606859,0,73
0.0036500000000000005,318.8544181690836,-213.90330485636983,-104.95111331271362,44.186261642654344,-92.35187181579686,48.16561017314253,7.105427357601002e-15,-86.98967431976433,-72.34650310088902,-128.54895329523129,188.38275375035604,188.49291099738434,188.49371909392104,188.49335869729765,188.49305818330296,188.4928077916846,188.4925960282815,188.49242541793672,-2.863116059149257,-0.004865674619003002,0.017082395295617836,0.01492084708132424,0.013138402622620227,0.011711358856854481,0.010219096676427064,28788.320927148758,0.0,94.50918792760595,373024.2959009537,0.00015426160543679,17.568257174110876,2.8634749199563103e-7,0.000650420244516392,0,74
0.0036600000000000005,319.0892926927376,-212.97934917735967,-106.10994351537785,44.4647886429192,-92.61917417713792,48.15438553421876,2.842170943040401e-14,-87.37455833729123,-72.38756976067064,-128.9906039322627,188.38203227499633,188.49289281122628,188.49371396846539,188.49335267419772,188.49305133552681,188.49280025675495,188.4925879132235,188.49241691880204,-2.888355449467817,-0.005095443892375151,0.01716977846912382,0.014997918479686234,0.013205810566169873,0.011771058393781786,0.010268618924845097,28804.550266338825,0.0,94.97466253688357,373024.0277959913,0.00015708733187582587,17.661259432214965,2.9129123749194186e-7,0.0006533088564553424,0,74
0.00367,319.3196322512367,-212.05236659036677,-107.2672656608698,44.744185347707734,-92.88605934323152,48.14187399552384,2.842170943040401e-14,-87.75960158310951,-72.42758110360396,-129.43127492485877,188.3813084238336,188.49287449926507,188.49370884158444,188.49334665113923,188.49304448778616,188.49279272185137,188.4925797981973,188.49240841980952,-2.913749291750602,-0.00532858251156032,0.017257360809084243,0.015075187836050219,0.013273390367220639,0.011830908714350663,0.010318243622288392,28820.358330306724,0.0,95.44077860707483,373023.75886085234,0.0001599569634436053,17.75461991591436,2.963332011718389e-7,0.000656198777385153,0,74
0.00368,319.54543357094576,-211.1223702698656,-108.42306330108003,45.02444878835429,-93.15252070937821,48.12807192102396,2.4868995751603507e-14,-88.14479820504178,-72.46653682517191,-129.87094771727695,188.380582203404,188.49285606074318,188.49370371326222,188.49334062812218,188.49303764008107,188.49278518697392,188.4925716832031,188.49239992095949,-2.939298036786252,-0.005565120798284973,0.017345141893889693,0.015152655150640015,0.013341142024782648,0.011890909824220586,0.010367970994784148,28835.74498969207,0.0,95.907529374457,373023.48909740866,0.0001628710525140177,17.848339305919396,3.012557670267757e-7,0.000659089740541352,0,74
0.00369,319.7666934427283,-210.18937343316242,-109.57732000956575,45.305575952683945,-93.41855165424077,48.112975701556906,4.263256414560601e-14,-88.53014235027779,-72.50443663582679,-130.30960374360177,188.37985362035238,188.492837494901,188.4936985834826,188.49333460514657,188.49303079241167,188.49277765212267,188.492563568241,188.4923914222522,-2.9650021335028076,-0.005805089253207996,0.01743312130873864,0.015230320424702626,0.013409065540044729,0.011951061715151923,0.010417801014330763,28850.710121084558,0.0,96.37490804396974,373023.2185075669,0.000165830156520074,17.942418277901066,3.0615546803280935e-7,0.0006619817984391263,0,74
0.0037,319.98340872199174,-209.2533893402074,-110.73001938178415,45.58756378533111,-93.68414553870642,48.09658175337533,1.4210854715202004e-14,-88.91562816318282,-72.54128026099957,-130.74722442257524,188.3791226814322,188.4928188009769,188.49369345222928,188.49332858221243,188.49302394477803,188.4927701172977,188.49255545331116,188.4923829256977,-2.9908620289423222,-0.006048518539760295,0.017521298625351456,0.015308183658632402,0.013477160917866549,0.01201136438801953,0.010467733647918642,28865.253607028248,0.0,96.84290778653848,373022.9470945949,0.0001688348379759193,18.036857502453508,3.113372119833979e-7,0.0006648752171213579,0,75
0.00371,320.1955763287323,-208.31443129340647,-111.88114503532564,45.87040918704176,-93.94929570898975,48.07888652194806,3.907985046680551e-14,-89.30124978993717,-72.57706744108259,-131.18379117116456,188.37838939350567,188.49279997820705,188.4936883194859,188.49332255931972,188.49301709718026,188.4927625824991,188.49254733841383,188.49237443129616,-3.016878168232541,-0.006295439497464805,0.01760967341211339,0.01538624485617035,0.013545428159237982,0.012071817840697996,0.010517732418682257,28879.375336014848,0.0,97.31152174463539,373022.6748604692,0.00017188566449798684,18.131657645058333,3.162460148753432e-7,0.0006677693821358632,0,75
0.00372,320.4031932475786,-207.3725126374317,-113.03068061014669,46.15410901469895,-94.21399549693706,48.05988648223816,2.842170943040401e-14,-89.68700137861913,-72.61179793142972,-131.6192854056609,188.37765376354375,188.49278102582568,188.49368318523594,188.49331653646846,188.49301024961844,188.4927550477269,188.49253922354916,188.49236593703813,-3.0430509945693305,-0.006545883140062436,0.017698245234429866,0.01546450401646382,0.013613867268919222,0.012132422067379522,0.010567832388491016,28893.075202484142,0.0,97.7807430324117,373022.4018058758,0.0001749832088270016,18.226819366051497,3.212987129130873e-7,0.0006706646817730699,0,75
0.0037300000000000002,320.60625652783466,-206.42764675903223,-114.17860976880225,46.4386600819752,-94.47823821746977,48.039578135494594,1.4210854715202004e-14,-90.07287707473537,-72.64547150237311,-132.05368853025635,188.3769157986261,188.4927619430649,188.49367804946272,188.49331051365863,188.49300340209268,188.49274751298117,188.49253110871732,188.49235744292392,-3.0693809491878765,-0.006799880648780565,0.01778701365323654,0.015542961140504019,0.013682478246810792,0.012193177068825278,0.010618033792620718,28906.35310683168,0.0,98.2505647302598,373022.1279328615,0.00017812804884899172,18.322343320587777,3.2628419813218734e-7,0.0006735608558051942,0,75
0.0037400000000000003,320.8047632835219,-205.47984708684356,-115.32491619667817,46.72405915898883,-94.74201717028367,48.017958011294894,2.4868995751603507e-14,-90.45887102358353,-72.67808793921438,-132.48698194437378,188.3761755059412,188.4927427291548,188.4936729121494,188.49330449089024,188.49299655460305,188.49273997826202,188.49252299391844,188.49234894895383,-3.095868471349349,-0.007057463384716023,0.017875978228545364,0.01562161622735303,0.013751261099060663,0.012254082838807356,0.010668336608681273,28919.208955405487,0.0,98.7209798876458,373021.85324350814,0.00018132076761551453,18.41823015860346,3.3134605639806303e-7,0.0006764580037726398,0,75
0.0037500000000000003,320.99871069341975,-204.52912709119713,-116.4695836022225,47.010302972599895,-95.00532563869956,47.99502266609973,3.552713678800501e-14,-90.84497736806607,-72.70964704223212,-132.91914703749705,188.37543289278634,188.49272338332347,188.49366777327907,188.49329846816326,188.4929897071497,188.4927324435695,188.4925148791527,188.49234045720098,-3.1225139983062293,-0.007318662876338422,0.0179651385094437,0.015700469279590124,0.013820215823684201,0.012315139381087192,0.010718740797795778,28931.642660509886,0.0,99.19198152039792,373021.5777412998,0.0001845619533651649,18.514480524779046,3.362120368777255e-7,0.0006793558145712919,0,76
0.0037600000000000003,321.1880960011064,-203.57550028392842,-117.6125957171778,47.29738820579589,-95.26815689281165,47.97076868701579,1.7763568394002505e-14,-91.231190253318,-72.74014862666426,-133.35016520275315,188.37468796656762,188.4927039047969,188.49366263283466,188.4932924454777,188.49298285973265,188.49272490890368,188.49250676442037,188.49233196766556,-3.1493179652894003,-0.007583510825880602,0.018054494043457936,0.015779520295936322,0.013889342427127804,0.012376346690198048,0.010769208738246494,28943.65414039844,0.0,99.66356261636702,373021.30142838875,0.0001878521995423254,18.611095058503885,3.4146482477681595e-7,0.0006822548113764593,0,76
0.0037700000000000003,321.37291651499726,-202.6189802181852,-118.753936296812,47.58531149773004,-95.53050418979875,47.94519269206876,2.842170943040401e-14,-91.61750382679043,-72.76959252270692,-133.78001783801403,188.37394073479993,188.4926842927992,188.4936574907989,188.49328642283353,188.49297601235205,188.49271737426463,188.49249864972157,188.492323478275,-3.176280805470418,-0.007852039111781117,0.01814404437201267,0.0158587692802179,0.013958640909192521,0.012437704760218438,0.010819776596671105,28955.243319273915,0.0,100.1357161355688,373021.0243055941,0.00019119210481925928,18.708074393843397,3.463308759499295e-7,0.0006851541921349957,0,76
0.0037800000000000004,321.55316960838377,-201.65958048823492,-119.89358912014882,47.874069444315886,-95.79236077133751,47.91829132702166,1.7763568394002505e-14,-92.00391223379174,-72.79797857553007,-134.20868633446736,188.37319120510696,188.49266454655236,188.49365234715447,188.49328040023076,188.49296916500796,188.4927098396524,188.49249053505648,188.4923149890296,-3.2034029499555827,-0.00812427978573016,0.018233789037098713,0.015938216226253132,0.01402811127582737,0.012499213593807568,0.010870444618581221,28966.4101272957,0.0,100.6084350046663,373020.74637513794,0.00019458227311465912,18.805419159503863,3.514780774482862e-7,0.0006880545755700296,0,76
0.0037900000000000004,321.7288527194705,-200.69731472927137,-121.03153799019913,48.16365859793173,-96.05371986532774,47.89006126739608,3.907985046680551e-14,-92.39040961984466,-72.8253066452675,-134.63615208395507,188.37243938522118,188.49264466527646,188.49364720188385,188.49327437766934,188.49296231770052,188.4927023050671,188.49248242042523,188.49230649992964,-3.2306848277524023,-0.008400265075453106,0.018323727569853343,0.016017861140277034,0.014097753526932877,0.012560873181396204,0.010921212775975242,28977.154500575976,0.0,101.08171211985723,373020.4676392772,0.00019802331361387288,18.903129978795413,3.5651636559608235e-7,0.0006909555276071178,0,76
0.0038000000000000004,321.89996335141166,-199.73219661722086,-122.16776673419065,48.45407546769441,-96.31457468473197,47.860499217037585,1.7763568394002505e-14,-92.77699012850549,-72.851576607024,-135.06239647380426,188.37168528298383,188.49262464818958,188.49364205496937,188.49326835514927,188.4929554704298,188.49269477050876,188.492474305828,188.49229801311233,-3.258126865744416,-0.008680027383432432,0.01841385949836294,0.016097704021095893,0.014167567664493674,0.012622683528302758,0.010972081031730863,28987.47638118329,0.0,101.55554034412773,373020.1881017137,0.00020151584078793158,19.001207469595045,3.614801298290615e-7,0.0006938570437766411,0,77
0.0038100000000000005,322.0664990723463,-198.76423986854823,-123.3022592037979,48.74531651892792,-96.5749184307677,47.829601911839845,4.263256414560601e-14,-93.16364790598071,-72.8767883508558,-135.48740090041846,188.3709289063449,188.49260449450784,188.49363690639328,188.49326233267053,188.49294862319587,188.49268723597748,188.4924661912651,188.49228952857786,-3.2857294886797073,-0.008963599285231716,0.0185041843470235,0.01617774486978618,0.014237553692573623,0.012684644627503516,0.01102301060873856,28997.375717134964,0.0,102.02991251301198,373019.9077647746,0.00020506047441220835,19.099652244311613,3.665104115202489e-7,0.0006967592056447147,0,77
0.0038200000000000005,322.22845751543315,-197.7934582400614,-124.43499927537165,49.0373781732148,-96.83474429322507,47.79736612001034,4.263256414560601e-14,-93.55037710121002,-72.90094178176905,-135.9111467703792,188.37017026336306,188.49258420344543,188.49363175613763,188.4932563102331,188.49294177599884,188.49267970147332,188.49245807673663,188.49228104418955,-3.313493119131226,-0.009251013538783326,0.018594701636187594,0.016257983688245048,0.014307711612659979,0.012746756476190946,0.011074038782564966,29006.852462396848,0.0,102.50482143474413,373019.62662941206,0.00020865783958668048,19.198464909853445,3.7149843318262654e-7,0.0006996618759095574,0,77
0.0038300000000000005,322.38583637888433,-196.81986552871604,-125.56597085016817,49.330256808933015,-97.09404544785049,47.763788638917504,1.7763568394002505e-14,-93.93717186141916,-72.92403681973408,-136.33361548901473,188.36940936220574,188.49256377421457,188.49362660418436,188.49325028783696,188.49293492883882,188.49267216699636,188.49244996224277,188.4922725599477,-3.3414181774934195,-0.009542303065046553,0.018685410877339326,0.016338420474628634,0.014378041427627775,0.012809019073796613,0.0111251658123388,29015.90657689009,0.0,102.98025988466165,373019.34469802334,0.00021230856675242423,19.29764606759351,3.7666313790207795e-7,0.000702565224375562,0,77
0.0038400000000000005,322.5386334259979,-195.8434755714197,-126.69515785457797,49.62394876100859,-97.35281505809726,47.72886629708873,3.197442310920451e-14,-94.32402633447096,-72.9460733996745,-136.7547884677433,188.36864621114887,188.4925432060256,188.4936214505152,188.49324426548208,188.4929280817159,188.49266463254665,188.49244184778368,188.49226407585263,-3.3695050819347783,-0.009837500977005753,0.01877631158061499,0.01641905522916076,0.01444854314203825,0.012871432415194839,0.011176391668815455,29024.53802648716,0.0,103.45622060814719,373019.0619730404,0.00021601329171215214,19.397196313332767,3.816064732542479e-7,0.000705468809012566,0,77
0.00385,322.68684648518945,-194.86430224483505,-127.82254424035426,49.91845032116711,-97.61104627395406,47.692595952787,3.197442310920451e-14,-94.7109346666899,-72.96705147147324,-137.17464711890403,188.36788081857702,188.4925224980869,188.49361629511185,188.4932382431684,188.49292123463016,188.49265709812428,188.49243373335952,188.49225559410652,-3.3977542484026695,-0.010136640552887322,0.018867403252034176,0.016499887952747372,0.014519216755990882,0.012933996496930611,0.011227716318729541,29032.74678301491,0.0,103.9326963178477,373018.7784583832,0.00021977265564654245,19.497116237263544,3.867507561150507e-7,0.0007083730132445565,0,78
0.00386,322.8304734500234,-193.8823594651822,-128.948113984841,50.21375773748543,-97.86873223517972,47.65497449769435,3.197442310920451e-14,-95.09789100746784,-72.98697099995212,-137.59317286935266,188.3671131929833,188.492501649605,188.49361113795575,188.49323222089595,188.49291438758172,188.49264956372932,188.49242561897057,188.49224711470956,-3.4261660905777456,-0.010439755256950178,0.018958685392722607,0.01658091864569755,0.014590062270972926,0.012996711322424304,0.011279099795606928,29040.5328242466,0.0,104.40967969953289,373018.49415655376,0.0002235873051317989,19.597406423934956,3.918342344755299e-7,0.0007112775159716089,0,78
0.00387,322.9695122792427,-192.89766118804178,-130.07185109120073,50.509867214455895,-98.1258660716264,47.61599885717057,3.197442310920451e-14,-95.48488950934646,-73.00583196486909,-138.01034716156073,188.3663433429693,188.49248065978446,188.49360597902825,188.49322619866464,188.49290754057066,188.49264202936183,188.492417504617,188.49223863546007,-3.4547410198592585,-0.01074687872119462,0.019050157493376574,0.01666214730749971,0.01466107969560948,0.013059576879640211,0.011330580523179812,29047.896133901213,0.0,104.88716341225654,373018.2090686363,0.00022745789215786506,19.698067452220943,3.967535154025814e-7,0.0007141821852245656,0,78
0.00388,323.10396099679775,-191.91022140815588,-131.19373958864168,50.80677491346607,-98.38244090059506,47.575665987129064,4.263256414560601e-14,-95.87192432358134,-73.02363436093172,-138.42615144218496,188.36557127724487,188.49245952782806,188.49360081831054,188.4932201764745,188.49290069359708,188.4926344950219,188.492409390299,188.49223015635835,-3.483479445343167,-0.011058044764192587,0.019141819045542796,0.016743573939880463,0.014732269028512768,0.013122593169680563,0.011382158760704808,29054.836701650023,0.0,105.36514008268138,373017.92319720297,0.0002313850741461145,19.799099895285906,4.018839047936762e-7,0.0007170873472312489,0,78
0.0038900000000000002,323.2338176918747,-190.9200541592295,-132.31376353264505,51.10447695259907,-98.6384498286098,47.53397287601078,3.552713678800501e-14,-96.25898960248722,-73.04037819778516,-138.8405671694107,188.3647970046283,188.49243825293664,188.49359565578368,188.49321415432544,188.49289384666108,188.49262696070957,188.4924012760167,188.49222167740464,-3.5123817738015357,-0.011373287377540287,0.01923366953367367,0.016825198542157693,0.014803630271468471,0.013185760190306262,0.011433834479796623,29061.354523111986,0.0,105.8436023080748,373017.63654486055,0.00023536951396475777,19.900504320548436,4.0693797323521075e-7,0.0007199926705887816,0,78
0.0039000000000000003,323.35908051892255,-189.9271735137309,-133.43190700519153,51.40296940686321,-98.89388595023598,47.490916543372805,2.1316282072803006e-14,-96.64607949726832,-73.05606350001683,-139.25357580778507,188.364020534046,188.49241683430924,188.49359049142853,188.49320813221743,188.49288699976273,188.49261942642494,188.49239316177025,188.49221320086716,-3.5414484096532663,-0.011692640735628146,0.019325708439099643,0.016907021112231746,0.01487516342854045,0.013249077936505316,0.011485607649839746,29067.44959985654,0.0,106.32254265349395,373017.3491157471,0.000239411879945979,20.002281289645143,4.1206354595146877e-7,0.0007228982643010806,0,79
0.00391,323.47974769767916,-188.9315935826919,-134.5481541149871,51.7022483078265,-99.14874235135512,47.44649404352866,1.7763568394002505e-14,-97.03318816261186,-73.07069030713555,-139.66515884180933,188.36324187453266,188.49239527114304,188.49358532522587,188.49320211015043,188.49288015290213,188.49261189216804,188.49238504756,188.49220472674602,-3.5706797549426286,-0.012016139187858599,0.01941793523442481,0.016989041654493775,0.014946868500126609,0.013312546408584147,0.011537437110706872,29073.121939395227,0.0,106.80195365774208,373017.0609125391,0.00024351284590163352,20.10443135839652,4.17030218802239e-7,0.0007258038386787902,0,79
0.003920000000000001,323.59581751319683,-187.933328515507,-135.6624889976898,52.002309643693806,-99.40301210949411,47.40070246580038,3.907985046680551e-14,-97.42030975677143,-73.0842586735672,-140.07529777703533,188.36246103523092,188.4923735626334,188.49358015715626,188.49319608812442,188.4928733060794,188.49260435793897,188.49237693338605,188.49219625277365,-3.600076209324064,-0.012343817259043988,0.01951034938530105,0.017071260165597124,0.015018745493165842,0.013376165598723233,0.011589362428696237,29078.371555180558,0.0,107.2818278335395,373016.7719364519,0.00024767309113997606,20.206955076775515,4.2199935537667876e-7,0.0007287095265082755,0,79
0.00393,323.7072883158666,-186.93239249973252,-136.77489581613406,52.3031493597294,-99.65668829115234,47.35353893142299,3.552713678800501e-14,-97.80743843714103,-73.09676866866774,-140.48397412863687,188.36167802539137,188.49235170797382,188.49357498720013,188.49319006613933,188.4928664592946,188.4925968237378,188.4923688192486,188.4921877789503,-3.6296381700278104,-0.012675709664061507,0.019602950360357863,0.017153676647353677,0.015090794405280494,0.013439935508252177,0.01164138388053848,29083.19846661232,0.0,107.76215766177,373016.4821902319,0.0002518933004807102,20.309852988873605,4.27131630342803e-7,0.0007316154394610974,0,79
0.00394,323.81415852144164,-185.92879976088483,-137.88535876055667,52.6047633581052,-99.90976395359955,47.305000595494406,3.552713678800501e-14,-98.1945683625955,-73.10822037670944,-140.89116942875123,188.3608928543724,188.49232970635612,188.49356981533782,188.49318404419515,188.49285961254785,188.49258928956462,188.49236070514783,188.49217930527624,-3.6593660318463828,-0.013011851288909249,0.019695737618576903,0.01723629109491398,0.01516301524321051,0.013503856133602277,0.011693501433991393,29087.60269903239,0.0,108.24293559453051,373016.1916766601,0.00025617416427015864,20.413125632865068,4.3213628619920286e-7,0.000734521242850561,0,79
0.00395,323.9164266110597,-184.922564562238,-138.99386204882163,52.907147498108465,-100.1622321436831,47.25508464557467,1.7763568394002505e-14,-98.58169369132546,-73.11861389688525,-141.29686522131377,188.3601055316402,188.4923075569702,188.49356464154943,188.49317802229177,188.49285276583925,188.49258175541948,188.4923525910839,188.49217083408647,-3.689260187106808,-0.01335227720343024,0.01978871061056875,0.017319103514171985,0.015235408010228824,0.013567927465090612,0.011745715061053374,29091.584283727272,0.0,108.72415405228219,373015.90040009253,0.0002605163783964627,20.516773540971244,4.371114453727287e-7,0.0007374269960197244,0,80
0.00396,324.01409113126493,-183.91370120462176,-140.10038992664306,53.21029759585897,-100.4140859011419,47.20378830528299,3.197442310920451e-14,-98.9688085854199,-73.12794934328643,-141.70104307564148,188.35931606676849,188.49228525900423,188.4935594658149,188.49317200042918,188.49284591916887,188.49257422130245,188.4923444770571,188.49216236538115,-3.719321025649684,-0.01369702265625694,0.019881868783822032,0.017402113902686978,0.015307972704848183,0.013632149509137825,0.011797982385741701,29095.143257919342,0.0,109.20580542990375,373015.60836337984,0.00026492064430287443,20.620797239426896,4.422788766889063e-7,0.000740332861559001,0,80
0.0039700000000000004,324.10715069402823,-182.90222402621743,-141.2049266678107,53.51420942439892,-100.6653182589406,47.15110883454172,2.4868995751603507e-14,-99.35590721094907,-73.1362268448975,-142.1036845875244,188.35852446943855,188.4922628116447,188.49355428811413,188.49316597860732,188.49283907253684,188.49256668721358,188.49233636306758,188.49215389682584,-3.749548934807928,-0.014046123076855821,0.01997521158461746,0.017485322257027036,0.015380709335793163,0.01369652225336715,0.01185034414550179,29098.27966476525,0.0,109.68788209687243,373015.31556786684,0.00026938766900468883,20.725197248449415,4.4726324080479607e-7,0.0007432384355487431,0,80
0.00398,324.1956039767673,-181.88814740235472,-142.30745657441253,53.81887871405871,-100.91592224056984,47.0970435265112,4.263256414560601e-14,-99.74298373354995,-73.14344654560779,-142.50477136780324,188.35773074943893,188.49224021407625,188.49354910842675,188.49315995682613,188.4928322259432,188.49255915315297,188.49232824911556,188.4921454284208,-3.779944299386174,-0.01439961407703283,0.02006873845114887,0.01756872858149805,0.015453617899198857,0.0137610456989945,0.011902800626312882,29100.993553361775,0.0,110.17037639143209,373015.0220164733,0.00027391816509999076,20.829974082205386,4.522355391278765e-7,0.0007461438400748754,0,80
0.0039900000000000005,324.2794497223652,-180.87148574530696,-143.40796397705813,54.12430115235292,-101.1658908618659,47.04158970951309,6.394884621840902e-14,-100.13003232076018,-73.14960860419723,-142.90428504970316,188.35693491666535,188.49221746548181,188.49354392673226,188.4931539350856,188.4928253793881,188.4925516191207,188.4923201352012,188.49213696016628,-3.81050750163068,-0.014757531444997696,0.020162448810614464,0.01765233287425616,0.015526698398930172,0.013825719843667095,0.011955351791436364,29103.28497874044,0.0,110.65328062369656,373014.72771215375,0.00027851285078494983,20.9351282487754,4.573702450105799e-7,0.0007490492057648512,0,80
0.004,324.3586867391883,-179.8522535040868,-144.50643323510133,54.43047238416601,-101.41521712980776,46.98474474564182,4.263256414560601e-14,-100.51704713985875,-73.15471319433934,-143.30220728367172,188.35613698112067,188.49219456504264,188.49353874301002,188.4931479133856,188.4928185328716,188.4925440851168,188.49231202132464,188.49212849446502,-3.8412389212079865,-0.015119911159052535,0.02025634209155802,0.017736135134107656,0.015599950841035604,0.013890544683702544,0.012007997612011323,29105.154001869563,0.0,111.13658707276659,373014.4326594819,0.0002831724498669074,21.040660250118815,4.6225678357325606e-7,0.000751954083332701,0,81
0.0040100000000000005,324.4333139011031,-178.8304651642404,-145.6028487368625,54.737388011552,-101.66389404586815,46.92650603431622,4.263256414560601e-14,-100.9040223624374,-73.15876050457766,-143.69851975094673,188.35533695291463,188.49217151193824,188.49353355723926,188.49314189172608,188.49281168639382,188.49253655114137,188.49230390748622,188.49212003131714,-3.872138935193218,-0.01548678937273884,0.02035041771472068,0.017820135362949685,0.01567337522551515,0.013955520212418193,0.012060694489169244,29106.600689644965,0.0,111.62028799288039,373014.1368614813,0.00028789769177622963,21.146570582040795,4.6733558201061953e-7,0.0007548588540853274,0,81
0.00402,324.50333014749253,-177.80613524764186,-146.69719489985044,55.045043593837335,-101.9119146063523,46.866871012515034,3.907985046680551e-14,-101.29095216448265,-73.16175073832028,-144.09320416464226,188.3545348422637,188.49214830534646,188.49352836939897,188.493135870107,188.49280483995483,188.49252901719447,188.4922957936861,188.4921115683205,-3.9032079180384227,-0.015858202425032886,0.020444675097295306,0.017904333558171004,0.015746971558317835,0.014020646427540306,0.012113484339776104,29107.62511488825,0.0,112.10437561360324,373013.84031962487,0.000292689311580027,21.252859734161984,4.723344740886759e-7,0.000757763217377333,0,81
0.004030000000000001,324.5687344832707,-176.7792783122866,-147.78945617098398,55.35343464792957,-102.15927179967224,46.80583715174271,2.1316282072803006e-14,-101.67783072197301,-73.1636841138497,-144.48624225833368,188.3537306594909,188.49212494444345,188.49352317946807,188.4931298485283,188.49279799355475,188.4925214832762,188.4922876799245,188.49210310547534,-3.934446241550807,-0.016234186833245623,0.020539113649025165,0.01798872971908949,0.015820739836668096,0.014085923327170846,0.01216636745730515,29108.227356352025,0.0,112.58884213391876,373013.5430370049,0.00029754804999325814,21.359528189885825,4.773833079396717e-7,0.0007606672541939918,0,81
0.00404,324.6295259788973,-175.74990895208478,-148.87961702681233,55.66255664826137,-102.40595860818685,46.74340195992555,4.263256414560601e-14,-102.06465221320606,-73.16456086430813,-144.87761579338107,188.3529244150257,188.4921014284037,188.49351798742524,188.4931238269899,188.49279114719366,188.4925139493866,188.49227956620152,188.49209464278192,-3.96585427487468,-0.016614779301571403,0.020633732774120173,0.018073323845928968,0.015894680067604305,0.014151350904968218,0.012219343811012973,29108.407498714347,0.0,113.07367972538489,373013.2450167479,0.0003024746533914828,21.466576426363808,4.823102987827621e-7,0.0007635707490150911,0,81
0.004050000000000001,324.68570377039055,-174.71804179665327,-149.96766197373717,55.97240502695407,-102.65196800698924,46.67956298003522,2.842170943040401e-14,-102.45141081664553,-73.16438123769886,-145.26730655377014,188.35211611940383,188.49207775640008,188.49351279324907,188.4931178054917,188.49278430087165,188.49250641552572,188.4922714525174,188.49208618271155,-3.9974323844674444,-0.017000016712141353,0.02072853186934065,0.018158115935086983,0.015968792254200448,0.014216929162795822,0.012272413365531865,29108.165632580094,0.0,113.55888052921753,373012.946263645,0.0003074698738201209,21.574004914460954,4.872076731221586e-7,0.000766473755371061,0,82
0.00406,324.7372670593397,-173.68369151110855,-151.053575548231,56.28297517369981,-102.897292967293,46.61431779359327,5.684341886080802e-14,-102.8381007154803,-73.16314549686251,-145.65529635965962,188.351305783267,188.49205392760376,188.4935075969179,188.49311178403363,188.4927774545888,188.49249888169368,188.49226333887242,188.49207772526432,-4.029180934070791,-0.017389936136583017,0.02082351032704821,0.018243105990869424,0.016043076396655476,0.014282658092072964,0.012325531281309754,29107.501854471622,0.0,114.04443666253653,373012.64678089146,0.00031253446900749555,21.681814118723345,4.923118384347891e-7,0.0007693764507671896,0,82
0.004070000000000001,324.7842151129163,-172.64687279585766,-152.13734231705854,56.59426243587684,-103.14192645677531,46.54766402089851,2.4868995751603507e-14,-103.22471609770696,-73.16085391946979,-146.04156706845882,188.35049341736283,188.49202994118437,188.49350239841004,188.49310576261564,188.49277060834524,188.49249134789054,188.49225522526677,188.49206926796953,-4.0611002847014035,-0.01778457482656215,0.02091866753988647,0.01832829400692404,0.016117532500520504,0.014348537688207763,0.012378740674441335,29106.416266826385,0.0,114.53034021856519,373012.3465700863,0.0003176692023743261,21.79000449734862,4.97321993420119e-7,0.0007722785059266213,0,82
0.00408,324.82654726388455,-171.6076003863897,-153.2189468774947,56.90626211880199,-103.38586143682534,46.479599318023375,1.7763568394002505e-14,-103.61125115173708,-73.15750679803071,-146.42610056342366,188.34967903254457,188.49200579630988,188.4934971977035,188.49309974123764,188.49276376214104,188.49248381411635,188.49224711170066,188.4920608108274,-4.093190794619865,-0.018183970215742917,0.021014002880708205,0.01841367998755672,0.016192160568770042,0.014414567947858892,0.012432041847648456,29104.908978001953,0.0,115.0165832606439,373012.04563449294,0.00032287484304443007,21.89857650215379,5.02291145870748e-7,0.0007751799251194402,0,82
0.004090000000000001,324.8642629106109,-170.56588905306577,-154.29837385754502,57.21896948572172,-103.62909086440474,46.41012137868311,4.973799150320701e-14,-103.9977000687194,-73.1531044398786,-146.80887876096574,188.34886263977094,188.49198149214672,188.4934919947762,188.49309371989955,188.49275691597632,188.4924762803712,188.49223899817423,188.49205235383823,-4.1254528193111,-0.018588159927711345,0.02110951573172759,0.018499263930326748,0.016266960597439706,0.014480748871105398,0.0124854347675738,29102.980102269765,0.0,115.50315782543923,373011.74397740886,0.0003281521658543476,22.00753057854128,5.07112154018996e-7,0.0007780805575335892,0,82
0.0041,324.89736151707245,-169.52175360091,-155.37560791616244,57.53237975795445,-103.87160769082458,46.33922793287019,4.263256414560601e-14,-104.38405704039103,-73.14764716717104,-147.1898836054966,188.34804425010591,188.49195702785968,188.49348678960587,188.49308769860127,188.49275006985116,188.49246874665513,188.49223088468767,188.49204389954267,-4.157886711464621,-0.01899718176038334,0.02120520545884297,0.018585045832878677,0.016341932597930153,0.014547080448832794,0.012538919402962367,29100.629759816657,0.0,115.99005591999372,373011.4416038415,0.0003335019513621396,22.1168671654649,5.121275089836619e-7,0.0007809807070904284,0,83
0.00411,324.9258426128649,-168.47520886939822,-156.45063374346665,57.84648811485396,-104.11340486516555,46.266916750311644,3.552713678800501e-14,-104.77031626362613,-73.14113531686425,-147.56909708294884,188.34722387471854,188.49193240261206,188.4934815821701,188.49308167734276,188.49274322376564,188.49246121296824,188.49222277124133,188.49203544794085,-4.1904928209491885,-0.019411073703982318,0.021301071427384244,0.018671025694018795,0.016417076568953082,0.01461356267967684,0.012592449651979809,29097.858076734516,0.0,116.47726952806744,373011.13851715624,0.0003389249858564456,22.226586695398193,5.171057672059831e-7,0.0007838800836035831,0,83
0.00412,324.94970579320875,-167.42626973224762,-157.52343606096105,58.161289693937796,-104.35447533462455,46.19318564068682,3.552713678800501e-14,-105.15647194051743,-73.13356924070536,-147.94650122184382,188.34640152488262,188.49190761556557,188.49347637244625,188.4930756561239,188.49273637771987,188.4924536793106,188.49221465783538,188.49202699649263,-4.223271494792463,-0.019829873931610287,0.021397112991401457,0.018757203514311982,0.01649239251625856,0.01468019555870459,0.012646069842171759,29094.66518501786,0.0,116.96479061034613,373010.8347190763,0.0003444220613659625,22.33668959430556,5.219197713457469e-7,0.0007867785314487064,0,83
0.00413,324.9689507189554,-166.3749510972053,-158.59399962175007,58.476779591083165,-104.5948120417387,46.11803245065558,2.1316282072803006e-14,-105.54251827399443,-73.12494930524083,-148.32207808190068,188.3455772119766,188.49188266588038,188.49347116041162,188.49306963494456,188.49272953171393,188.49244614568227,188.49220654446998,188.49201854519825,-4.2562230771612155,-0.020253620802343164,0.02149332950948324,0.018843579292479262,0.016567880435683247,0.014746979083676948,0.012699780284521456,29091.05122256845,0.0,117.45261109837867,373010.5302130348,0.00034999397566684906,22.447176281610837,5.269333196444848e-7,0.0007896763658589157,0,83
0.0041400000000000005,324.98357711659185,-165.32126790583592,-159.6623092107558,58.79295286056538,-104.83440792626439,46.04145506569908,4.618527782440651e-14,-105.92844947013995,-73.11527589179887,-148.6958097613283,188.34475094748322,188.4918575527152,188.49346594604324,188.4930636138047,188.49272268574794,188.49243861208333,188.49219843114537,188.49201009405797,-4.28934790933598,-0.020682352859129338,0.02158972032283879,0.018930153024491858,0.01664354033714055,0.014813913252809563,0.0127535809447763,29087.016333188578,0.0,117.94072289783836,373010.2250024984,0.00035564153229066014,22.558047170163984,5.318169828127939e-7,0.000792573213846598,0,83
0.00415,324.99358477824455,-164.26523513331017,-160.72834964493427,59.10980451517823,-105.07325592394429,45.96345140876611,3.197442310920451e-14,-106.31425973604621,-73.10454939648957,-149.06767839167262,188.34392274298938,188.4918322752272,188.49346072931803,188.49305759270422,188.49271583982198,188.49243107851385,188.49219031786168,188.49200164568268,-4.3226463296980455,-0.021116108827397895,0.021686284770263686,0.01901692471366445,0.016719372219342166,0.014880998055964767,0.012807471797456671,29082.56066658212,0.0,118.42911788553903,373009.9190926898,0.0003613655405314356,22.669302666207788,5.368113351889026e-7,0.0007954692774987393,0,84
0.0041600000000000005,324.9989735616826,-163.20686778819115,-161.79210577349124,59.42732952627924,-105.31134896995977,45.88401944368057,2.4868995751603507e-14,-106.6999432843524,-73.09277023017846,-149.43766615130573,188.34309261018586,188.49180683257208,188.4934555102127,188.49305157164298,188.49270899393613,188.4924235449739,188.4921822046193,188.49199320007247,-4.3561186736962485,-0.021554927621874498,0.021783022184735934,0.01910389435571247,0.01679537608556103,0.014948233493676355,0.01286140546558423,29077.68437834401,0.0,118.9177879158715,373009.6124871428,0.00036716681545218883,22.780943169346937,5.415775226058628e-7,0.000798364159398296,0,84
0.00417,324.99974339031934,-162.1461809122217,-162.85356247809753,59.74552282393031,-105.54867999928055,45.80315717535028,2.1316282072803006e-14,-107.08549433332547,-73.07993881847783,-149.8057552664823,188.34226056086706,188.49178122390407,188.49345028870383,188.4930455506209,188.4927021480905,188.49241601146355,188.49217409141838,188.49198475461702,-4.389765273832582,-0.021998848343770305,0.021879931895969484,0.019191061951030264,0.016871551941248786,0.015015619559113347,0.012915427501273058,29072.38762995733,0.0,119.40672482102012,373009.3051877025,0.00037304617789182554,22.892969072519882,5.465223873735159e-7,0.0008012582380098887,0,84
0.0041800000000000006,324.99589425321386,-161.08318958010994,-163.91270467310375,60.06437929703755,-105.78524194386497,45.72086264682747,2.4868995751603507e-14,-107.4709071024897,-73.06605560175349,-150.1719279999648,188.3414266069307,188.49175544837595,188.4934450647678,188.49303952963788,188.4926953022852,188.49240847798288,188.4921659782591,188.49197630931656,-4.42358645963762,-0.022447910279929317,0.021977013225094044,0.01927842749442732,0.01694789978640543,0.015083156250605079,0.012969538226217825,29066.670588797366,0.0,119.89592040482476,373008.9971979698,0.00037900445447161524,23.00538076196827,5.513283022617887e-7,0.0008041511472757501,0,84
0.00419,324.98742620507096,-160.01790889931584,-164.96951730575492,60.38389379343684,-106.02102773455643,45.637133941119615,1.7763568394002505e-14,-107.85617581493636,-73.05112103510717,-150.53616665829307,188.3405907603776,188.4917295051391,188.4934398383808,188.4930335086938,188.4926884565203,188.49240094453194,188.49215786514168,188.49196786417133,-4.457582557659663,-0.022902152901834505,0.022074265488627454,0.019365990988536197,0.017024419625691678,0.015150843560025606,0.013023737608432118,29060.533428124898,0.0,120.38536644609317,373008.6885215787,0.000385042477600055,23.11817861720424,5.561465475090177e-7,0.0008070429950379765,0,84
0.004200000000000001,324.97433936624026,-158.9503540098357,-166.02398535640438,60.70406111999247,-106.25603029984099,45.55196917984859,4.618527782440651e-14,-108.24129469518611,-73.0351355883746,-150.89845358663686,188.33975303331147,188.49170339334339,188.49343460951889,188.49302748778857,188.49268161079593,188.4923934111108,188.4921497520663,188.49195942186319,-4.491753891424628,-0.023361615865209906,0.02217168798904101,0.019453752430916182,0.017101111463370344,0.015218681483124108,0.013078025617939915,29053.97632708641,0.0,120.87505469558485,373008.37916396564,0.00039116108547815494,23.23136301097801,5.610140885736747e-7,0.000809933779908123,0,85
0.00421,324.95663392271473,-157.8805400839877,-167.07609383872688,61.02487604272345,-106.49024256932975,45.46536652660639,4.973799150320701e-14,-108.62625797371388,-73.01809974609907,-151.25877118224602,188.3389134379385,188.49167711213738,188.49342937815794,188.49302146692204,188.49267476511213,188.49238587771958,188.4921416390333,188.49195098239227,-4.526100781433228,-0.02382633902064324,0.02226928003625339,0.019541711817623764,0.01717797529964038,0.015286670017434112,0.013132353594325519,29046.999470703566,0.0,121.36497688253989,373008.06912883115,0.00039736112210362056,23.344934309247616,5.658281231613049e-7,0.0008128233407130314,0,85
0.004220000000000001,324.93431012612797,-156.80848232619564,-168.12582779993224,61.34633328695649,-106.72365747411162,45.37732418715516,1.4210854715202004e-14,-109.01105988703068,-73.00001400752083,-151.61710189549473,188.33807198656717,188.4916506606682,188.49342414427366,188.49301544609415,188.49266791946903,188.49237834435831,188.49213352604286,188.49194254307722,-4.56062354513315,-0.024296362394073512,0.022367040917199432,0.019629869151547297,0.017255011135690612,0.015354809162466232,0.013186768323296238,29039.60304986956,0.0,121.85512471490537,373007.75841813965,0.0004036434372750856,23.458892871151722,5.706503551361486e-7,0.0008157117108662515,0,85
0.00423,324.9073682937505,-155.73419597277348,-169.17317232097687,61.66842753741016,-106.95626794392993,45.287840406519834,3.552713678800501e-14,-109.39569467332234,-72.98087888658364,-151.97342821852473,188.33722869160798,188.4916240380816,188.49341890784154,188.49300942530473,188.4926610738667,188.49237081102706,188.4921254130952,188.49193410391825,-4.595322496889388,-0.02477172621079049,0.02246496992966529,0.01971822442599347,0.017332218977569536,0.01542309890698057,0.01324127014555554,29031.78726135316,0.0,122.34548987312091,373007.44703565765,0.0004100088865976245,23.573239048979737,5.755448226063553e-7,0.0008185989061094134,0,85
0.004240000000000001,324.8758088084854,-154.65769629170794,-170.21811251677738,61.99115343832688,-107.18806690909605,45.19691347076926,5.3290705182007514e-14,-109.78015657475467,-72.96069491191537,-152.32773269248986,188.336383565573,188.491597243522,188.49341366883695,188.4930034045537,188.49265422830527,188.4923632777259,188.49211730019053,188.49192566491564,-4.630197947981854,-0.025252470875155808,0.02256306635249672,0.019806777640930306,0.01740959882963944,0.015491539247294739,0.013295859023121803,29023.552307791164,0.0,122.83606401348318,373007.1349851844,0.00041645833148344375,23.68797318814004,5.802166404833553e-7,0.0008214845882868471,0,85
0.00425,324.83963211886277,-153.5789985824425,-171.2606335364202,62.31450559355023,-107.41904729923684,45.10454170568667,3.907985046680551e-14,-110.16443983533969,-72.93946262682593,-152.67999790241328,188.3355366210758,188.49157027613248,188.49340842723504,188.49299738384087,188.4926473827848,188.49235574445493,188.49210918732902,188.49191722882298,-4.665250206566551,-0.02573863698088452,0.022661329463899982,0.019895528793917094,0.017487150689124764,0.015560130183601473,0.013350534927389912,29014.898397688703,0.0,123.3268387650957,373006.8222723686,0.0004229926391566197,23.803095627128226,5.849984907879691e-7,0.0008243690518348057,0,86
0.004260000000000001,324.7988387390335,-152.49811817565922,-172.30072056337414,62.638478566731614,-107.64920204680602,45.01072348007445,1.7763568394002505e-14,-110.54853870545033,-72.91718258927891,-153.03020649059428,188.33468787083098,188.49154313505477,188.49340318301077,188.49299136316617,188.49264053730542,188.4923482112142,188.49210107451103,188.49190879564037,-4.700479577669434,-0.026230265308034184,0.022759758528390073,0.01998447788599833,0.01756487456306388,0.015628871709331804,0.01340524789457076,29005.8257454079,0.0,123.8178057364916,373006.50890107505,0.00042961268265352014,23.918606697497815,5.898249704761049e-7,0.0008272521732626825,0,86
0.00427,324.7534292487618,-151.4150704330614,-173.33835881570036,62.963066881495784,-107.8785240874387,44.91545720594296,1.7763568394002505e-14,-110.93244744190044,-72.89385537188095,-153.37834115763704,188.3338373276539,188.49151581942934,188.493397936139,188.49298534252947,188.49263369186718,188.49234067800376,188.49209296173674,188.4919003626147,-4.735886363154787,-0.0267273968281172,0.022858352815657845,0.020073624910565968,0.017642770453242473,0.01569776381598409,0.013460045970791423,28996.334571164167,0.0,124.30895651586714,373006.1948733846,0.0004363193408264689,24.034506723833825,5.943893690019131e-7,0.0008301336175670637,0,86
0.00428,324.70340429341707,-150.32987074715462,-174.3735335462624,63.288265021468916,-108.10700635710626,44.818741335637384,2.4868995751603507e-14,-111.31616030359554,-72.86948156188635,-153.72438465111622,188.33298500446037,188.49148832839535,188.4933926865943,188.4929793219306,188.4926268464702,188.49233314482373,188.49208484900637,188.49189192974623,-4.771470861710362,-0.02723007270043709,0.022957111579575695,0.02016296986926136,0.017720838363823876,0.015766806501546604,0.01351492949350197,28986.425101029534,0.0,124.80028266479373,373005.8801932274,0.0004431134983445749,24.15079602372386,5.992870578674925e-7,0.0008330139320752994,0,86
0.00429,324.64876458396463,-149.2425345410285,-175.40623004293602,63.61406743045746,-108.33464179404474,44.72057436358736,4.618527782440651e-14,-111.69967155383091,-72.84406176117739,-154.06831977279168,188.33213091426632,188.49146066109068,188.49338743435115,188.49297330136943,188.49262000111455,188.49232561167415,188.49207673632014,188.4918834970352,-4.807233368826769,-0.027738334269191256,0.023056034071673448,0.02025251275655293,0.017799078296096393,0.015835999762450648,0.01356989843371359,28976.097566925077,0.0,125.29177572163195,373005.56486456544,0.0004499960456946857,24.2674749077271,6.03956921696458e-7,0.000835892512541514,0,86
0.0043,324.5895108969557,-148.15307726813745,-176.43643362881812,63.94046851250363,-108.56142333749341,44.620954824989845,3.907985046680551e-14,-112.08297545816347,-72.81759658626089,-154.4101293734714,188.33127507018744,188.49143281665198,188.49338217938381,188.49296728084585,188.49261315580034,188.4923180785551,188.49206862367822,188.49187506730763,-4.8431741767778655,-0.02825222306636821,0.023155119531350632,0.020342253574902713,0.017877490247781846,0.015905343595547627,0.013624952760207254,28965.352206620577,0.0,125.78342719844949,373005.24889325764,0.00045696787918136277,24.384543679343405,6.086141400296619e-7,0.0008387695360290159,0,87
0.0043100000000000005,324.52564407451626,-147.06151441208075,-177.46412966243537,64.26746263217217,-108.78734393123247,44.51988129906037,3.907985046680551e-14,-112.46606628891489,-72.79008666823896,-154.74979636636832,188.33041748543894,188.49140479421465,188.49337692166637,188.4929612603597,188.4926063105277,188.49231054546664,188.49206051108098,188.49186664056364,-4.879293574599582,-0.028771780818449777,0.02325436719928131,0.020432192316285125,0.01795607423146972,0.01597483799126831,0.01368004119765498,28954.18926372283,0.0,126.27522858773482,373004.93228333077,0.0004640299009261208,24.502002634984965,6.133632647620235e-7,0.0008416450492764738,0,87
0.00432,324.4571650243354,-145.96786148638296,-178.4893035379523,64.595044114728,-109.0123965239397,44.41735240921176,2.842170943040401e-14,-112.84893832525117,-72.76153265279729,-155.08730372811416,188.32955817333507,188.49137659291284,188.49337166117272,188.49295523991083,188.49259946529668,188.49230301240885,188.4920523985286,188.49185821397768,-4.915591848066425,-0.029297049435760947,0.02335377630259039,0.020522328984664995,0.018034830241807853,0.016044482948782246,0.013735213057004092,28942.608987671614,0.0,126.76717136263946,373004.6150369792,0.00047118301886869075,24.61985206395074,6.179524961180682e-7,0.0008445187722709857,0,87
0.0043300000000000005,324.38407471965184,-144.87213403427268,-179.51194068537896,64.92320724610887,-109.23657406632344,44.3133668202146,1.7763568394002505e-14,-113.23158584884382,-72.73193520020885,-155.42263448744748,188.32869714728886,188.49134821187954,188.49336639787657,188.49294921949908,188.4925926201074,188.49229547938182,188.49204428602133,188.49184978754997,-4.95206927967652,-0.029828071017298008,0.023453346065209768,0.020612663571760947,0.018113758288809123,0.016114278458406517,0.013790468686707857,28930.611633742585,0.0,127.25924697061554,373004.2971582937,0.0004784281467642699,24.73809224839852,6.225137908488776e-7,0.0008473907890977073,0,87
0.00434,324.3063741992406,-143.77434762846258,-180.53202657077787,65.25194627315037,-109.45986951306554,44.20792323991525,4.973799150320701e-14,-113.61400314616209,-72.70129498531333,-155.75577173239645,188.32783442081177,188.49131965024657,188.49336113175147,188.4929431991243,188.4925857749599,188.4922879463856,188.49203617355934,188.49184136128076,-4.988726148627902,-0.030364887852716294,0.023553075700997184,0.02070319607620874,0.01819285837227458,0.01618422451801571,0.013845808057905362,28918.197463039396,0.0,127.75144683687996,373003.978651397,0.00048576620418289287,24.856723463314715,6.271565054782879e-7,0.0008502611661869164,0,87
0.004350000000000001,324.2240645673982,-142.67451787092736,-181.54954669647068,65.58125540361956,-109.68227582155053,44.101020417931046,4.618527782440651e-14,-113.99618450635013,-72.66961269751216,-156.08669860514786,188.32697000751324,188.49129090714453,188.49335586277076,188.49293717878638,188.49257892985435,188.49228041342027,188.49202806114286,188.49183293806922,-5.025562730802472,-0.030907542423665113,0.02365296442040421,0.020793926497891135,0.018272130493890426,0.01625432112324532,0.013901231135740488,28905.3667424928,0.0,128.24376236129973,373003.65952235577,0.0004931981165067714,24.975745976484504,6.31817894808373e-7,0.0008531298028452983,0,88
0.00436,324.13714699392654,-141.5726603926825,-182.56448660124389,65.91112880658179,-109.9037859554283,43.99265714884657,2.842170943040401e-14,-114.37812422571773,-72.63688904073919,-156.41539831534814,188.32610392110047,188.4912619817029,188.4933505909076,188.4929311584851,188.4925720847908,188.4922728804859,188.49201994877222,188.49182451791543,-5.06257929874479,-0.031456077395409565,0.023753011426432824,0.02088485483136182,0.01835157465791948,0.016324568267185313,0.013956685320336781,28892.11974484883,0.0,128.73618492519614,373003.339775356,0.0005007248149279284,25.09516004846425,6.364783697865306e-7,0.000855996621888927,0,88
0.004370000000000001,324.04562271411686,-140.46879085356153,-183.57683186055525,66.24156061258967,-110.12439288497202,43.88283227238244,4.973799150320701e-14,-114.7598166078208,-72.60312473344693,-156.7418541411002,188.3252361753779,188.49123287305002,188.49334531613496,188.49292513822036,188.49256523976936,188.49226534758256,188.4920118364477,188.49181609792072,-5.099776121643286,-0.032010535621317615,0.023853215909954706,0.020975981074915495,0.0184311908688235,0.0163949659431184,0.014012221200123687,28878.456748664008,0.0,129.22870589159558,373003.0194127024,0.0005083472364448851,25.2149659325571,6.408794727408296e-7,0.000858861336807154,0,88
0.00438,323.9494930287317,-139.36292494199418,-184.58656808673743,66.5725449136011,-110.34408958419044,43.7715446705894,3.552713678800501e-14,-115.14125595913171,-72.56832050861038,-157.06604941767796,188.32436678424696,188.49120358031314,188.49334003842566,188.49291911799193,188.4925583947901,188.4922578147103,188.49200372416942,188.49180767808528,-5.1371534653073025,-0.032570960154078676,0.023953577060704667,0.021067305227187916,0.01851097912680144,0.0164655141500214,0.014067839131176374,28864.378038308347,0.0,129.72131659879258,373002.698438644,0.0005160663238591997,25.335163874785813,6.455775055091983e-7,0.0008617244562287851,0,88
0.004390000000000001,323.8487593039867,-138.25507837478273,-185.59368092920388,66.9040757632494,-110.56286903278384,43.658793269534485,2.842170943040401e-14,-115.52243659132644,-72.53247711370429,-157.3879675446721,188.32349576170552,188.49117410261837,188.49333475775228,188.4929130977997,188.49255154985315,188.49225028186925,188.49199561193765,188.49179925840937,-5.174711592150684,-0.033137394228094585,0.024054094060046438,0.021158827281229975,0.01859093943740442,0.016536212876881784,0.014123539089002435,28849.883903956554,0.0,130.21400836386437,373002.3768574606,0.0005238830257711597,25.455754113863687,6.499027410400426e-7,0.0008645852676771593,0,88
0.0044,323.74342297153106,-137.14526689687935,-186.59815607465165,67.23614717685598,-110.780724214864,43.54457703800807,3.552713678800501e-14,-115.90335281916606,-72.49559531069819,-157.70759198086623,188.32262312184767,188.4911444390908,188.4933294740872,188.49290707764345,188.4925447049586,188.49224274905941,188.4919874997526,188.49179084186596,-5.21245076117315,-0.03370988126842622,0.024154766081965207,0.021250547239333173,0.018671071800831385,0.016607062124005978,0.014179321036131842,28834.97464158719,0.0,130.7067724795231,373002.0546754247,0.0005317982965744096,25.576736881165477,6.54539197814108e-7,0.000867444417418789,0,89
0.004410000000000001,323.6334855284272,-136.0335062811615,-187.5999792472656,67.56875313187565,-110.99764812254043,43.42889499066486,5.3290705182007514e-14,-116.28399896497669,-72.45767587602539,-158.02490625747706,188.3217488788633,188.49111458885437,188.4933241874027,188.49290105752303,188.4925378601065,188.4922352162809,188.49197938761466,188.49178242845514,-5.250371227935714,-0.034288464891446324,0.024255592290158834,0.021342465094718932,0.018751376218768545,0.016678061884029205,0.014235131038219606,28819.650552970095,0.0,131.19960022100997,373001.7318968784,0.0005398130964518929,25.698112400700957,6.589704465986834e-7,0.0008703013316774533,0,89
0.00442,323.5189485371295,-134.91981232820862,-188.59913620892084,67.90188756809772,-111.21363375627872,43.311746188181054,3.552713678800501e-14,-116.66436935872864,-72.41871960056899,-158.33989397913209,188.32087304703762,188.4910845510321,188.49331889767075,188.49289503743825,188.49253101529698,188.49222768353377,188.491971275524,188.49177401520438,-5.288473244556135,-0.034873188902965424,0.02435657184562956,0.02143458084568195,0.01883185269666754,0.016749212150120485,0.014291020968959067,28803.911945661646,0.0,131.6924828463536,373001.4085242335,0.0005479283913682061,25.81988088909139,6.634323876930637e-7,0.0008731562184373654,0,89
0.004430000000000001,323.39981362546223,-133.8042008660767,-189.5956127593854,68.23554438750854,-111.42867412199304,43.19312973448455,3.552713678800501e-14,-117.04445833371825,-72.37872728966344,-158.6525388126131,188.31999564075073,188.49105432474587,188.4933136048632,188.49288901738893,188.49252417053012,188.4922201508181,188.49196316348088,188.49176560211393,-5.326757059662783,-0.03546409730237787,0.024457703896325622,0.021526894489184656,0.018912501239089607,0.016820512917381514,0.014346991197530912,28787.75913300675,0.0,132.1854115898608,373001.08456189395,0.000556145153065467,25.942042555543534,6.678928150261054e-7,0.000876008998061395,0,89
0.00444,323.2760824865962,-132.68668775007427,-190.58939473652177,68.5697174546075,-111.64276223301385,43.0730447784064,1.7763568394002505e-14,-117.42426022884769,-72.3376997630726,-158.96282449396236,188.31911667447733,188.49102390911668,188.4933083089517,188.49288299737492,188.49251732580603,188.49221261813398,188.49195505148546,188.49175718918403,-5.365222918403869,-0.03606123427678298,0.024558987591825066,0.021619406018448473,0.01899332184603475,0.01689196418300476,0.014403041691089413,28771.192434130407,0.0,132.67837766567845,373000.760014294,0.0005644643590562527,26.064597601821372,6.723062100644217e-7,0.0008788595825126033,0,89
0.00445,323.14775687902466,-131.5672888625363,-191.5804680164883,68.90440059639775,-111.85589110879928,42.9514905124016,4.263256414560601e-14,-117.80376938651258,-72.29563785498202,-159.27073482336513,188.31823616278618,188.49099330326442,188.4933030099077,188.49287697739598,188.4925104811248,188.49220508548146,188.49194693953802,188.49174877946206,-5.403871062420613,-0.036664644196043206,0.0246604220631208,0.0217121154330151,0.019074314523153557,0.01696356593909165,0.014459172420389965,28754.212173935804,0.0,133.17137226461517,373000.4348879089,0.0005728869926132508,26.187546222218195,6.767043387867488e-7,0.0008817079658843263,0,90
0.00446,323.01483862653856,-130.44602011259855,-192.56881851393993,69.23958760291012,-112.06805377854238,42.82846617563235,5.684341886080802e-14,-118.18298015706984,-72.25254241396809,-159.57625367832455,188.31735412033981,188.49096250630808,188.49329770770245,188.49287095745194,188.49250363648653,188.4921975528606,188.4919388276389,188.49174037294807,-5.4427017298146385,-0.03727437163610148,0.024762006444112306,0.02180502272834417,0.019155479273520015,0.0170353181748224,0.014515328100264124,28736.818683091842,0.0,133.664386561123,373000.10918723384,0.0005814140427639521,26.310888603531094,6.809613820046856e-7,0.0008845539654733225,0,90
0.00447,322.8773296182006,-129.3228974359721,-193.55443218222837,69.57527222741558,-112.27924328152994,42.70397105411447,6.039613253960852e-14,-118.56188689891633,-72.2084143029827,-159.87936501461826,188.316470561894,188.49093151736568,188.49329240230702,188.4928649375426,188.49249679189128,188.4921900202715,188.49193071578836,188.49173196659515,-5.481715155148548,-0.037890461347881654,0.024863739852241107,0.021898127901568643,0.019236816098720855,0.017107220892366826,0.014571561902039232,28719.01229802771,0.0,134.15741171356336,372999.7829147841,0.0005900465042817791,26.43462492503853,6.854145802592804e-7,0.0008873978906120683,0,90
0.0044800000000000005,322.7352318083181,-128.19793679471613,-194.53729501360172,69.91144818623307,-112.48945266421579,42.57800447798278,4.263256414560601e-14,-118.94048397418112,-72.163254399354,-160.18005285507337,188.3155855022973,188.4909003355543,188.49328709369226,188.49285891766777,188.49248994733918,188.49218248771422,188.49192260398658,188.4917235604035,-5.520911569414434,-0.03851295828449697,0.024965621405443894,0.021991430948233415,0.019318324997368297,0.017179274083485296,0.014627874207270075,28700.793360934702,0.0,134.6504388576257,372999.45607511513,0.0005987853776758816,26.558755358475405,6.896744113582542e-7,0.0008902393046219537,0,90
0.00449,322.5885472164154,-127.07115417701159,-195.51739303940366,70.2481091590902,-112.69867498219926,42.45056582310912,4.263256414560601e-14,-119.31876575099949,-72.11706359476285,-160.47830129662978,188.31469895649067,188.49086895999014,188.49328178182887,188.49285289782725,188.4924831028303,188.49217495518883,188.49191449223383,188.49171515437337,-5.5602912000200515,-0.03914190758514646,0.02506765020888757,0.022084931862551116,0.019400005979375745,0.01725147774138147,0.014684264987607332,28682.16221975713,0.0,135.1434591099375,372999.1286728124,0.0006076316691838751,26.683280068005814,6.940930742660445e-7,0.000893078517410828,0,90
0.0045000000000000005,322.4372779272053,-125.94256559693336,-196.4947123302718,70.58524878909286,-112.90690329892777,42.32165450983495,2.1316282072803006e-14,-119.69672660140508,-72.06984279523499,-160.7740945052299,188.31381093950702,188.49083738978848,188.4932764666873,188.49284687802083,188.49247625836475,188.49216742269542,188.4919063805303,188.49170675162716,-5.599854270775237,-0.03977735457872189,0.025169825359652176,0.02217863064414871,0.019481859046230454,0.01732383186024755,0.014740734206696082,28663.11922819032,0.0,135.63646356485384,372998.8007145511,0.0006165863907579375,26.808199210196186,6.984193278714024e-7,0.0008959152403024695,0,91
0.00451,322.28142609055925,-124.81218709422365,-197.4692389963354,70.92286068332649,-113.11413068932373,42.191270005997325,4.973799150320701e-14,-120.07436090578628,-72.02159292110876,-161.06741672892184,188.31292146647075,188.49080562406377,188.4932711482378,188.4928408582483,188.49246941394262,188.49215989023403,188.4918982688764,188.49169835216495,-5.6396010018651666,-0.04041934478840847,0.025272145951977798,0.022272527288571098,0.01956388419664412,0.017396336433059822,0.014797225220762655,28643.66474566765,0.0,136.12944330152632,372998.4722049759,0.000625650560056098,26.9335129339908,7.024455378479288e-7,0.0008987492090375693,0,91
0.004520000000000001,322.12099392147684,-123.68003473406276,-198.44095918741394,71.26093841307981,-113.32035024014323,42.05941182706346,1.7763568394002505e-14,-120.45166305296476,-71.9723149070186,-161.35825229879467,188.3120305525973,188.49077366192955,188.49326582645048,188.49283483850942,188.492462569564,188.49215235780477,188.49189015727234,188.49168995286473,-5.679531609838943,-0.04106792392080738,0.025374611064072905,0.022366621792439645,0.019646081435177987,0.017468991458646776,0.014853792507281582,28623.799137354556,0.0,136.62238938417687,372998.1431467016,0.0006348252004309688,27.059221380690598,7.067777324509805e-7,0.0009015810019389336,0,91
0.00453,321.9559837000542,-122.54612460684197,-199.40985909321216,71.5994755135984,-113.5255550470305,41.92607953343213,2.842170943040401e-14,-120.82862743589723,-71.92200970189549,-161.64658561778708,188.3111382131926,188.49074150249854,188.4932605012952,188.492828818804,188.49245572522898,188.49214482540768,188.49188204571834,188.49168155372675,-5.719646307586729,-0.0417231378843681,0.025477219775846827,0.022460914147472977,0.01972845076867147,0.01754179692599589,0.014910436467164168,28603.522774150304,0.0,137.11529285544367,372997.813544432,0.0006441113409182054,27.185324683929178,7.109223328916059e-7,0.0009044100784948439,0,91
0.004540000000000001,321.786397771452,-121.41047282793393,-200.375924943518,71.93846548448944,-113.72973821650673,41.79127273201736,4.618527782440651e-14,-121.2052484539444,-71.87067826894148,-161.9324011677036,188.31024446365277,188.49070914488266,188.49325517274164,188.49282279913186,188.49244888093767,188.49213729304284,188.49187393421465,188.4916731547512,-5.759945304328043,-0.04238503276956429,0.025579971152027703,0.02255540435162473,0.019810992200298028,0.017614752829299363,0.014967157063068282,28582.83603267822,0.0,137.6081447400398,372997.48340290005,0.0006535100162217895,27.311822969646816,7.151702424157413e-7,0.0009072366875621796,0,91
0.00455,321.6122385458616,-120.27309553746444,-201.339143008397,72.27790178967021,-113.93289286466327,41.654991074993134,4.973799150320701e-14,-121.58152051076678,-71.8183215856219,-162.21568350411314,188.30934931946348,188.49067658819305,188.49324984075926,188.4928167794927,188.49244203669016,188.49212976071033,188.4918658227615,188.4916647591361,-5.800428805587025,-0.04305365486692825,0.025682864255001103,0.02265009240452187,0.01989370572589433,0.017687859166090725,0.015023954266900397,28561.739295283573,0.0,138.1009360415099,372997.15272897744,0.0006630222667026657,27.438716356064507,7.192047086768127e-7,0.0009100604751593744,0,92
0.004560000000000001,321.433508498471,-119.13400890008208,-202.29949959838885,72.61777785804594,-114.13501212080698,41.51723426276109,3.907985046680551e-14,-121.95743801877086,-71.76494064363123,-162.49641726937492,188.30845279619962,188.49064383154004,188.49324450531734,188.49281075988634,188.49243519248654,188.4921222284102,188.49185771135927,188.49165636688156,-5.841097013179178,-0.043729050648902756,0.025785898136299057,0.022744978294536367,0.01997659135686103,0.017761115924561643,0.015080770060182491,28540.232950019832,0.0,138.59365774938618,372996.8215274553,0.0006726491383642275,27.566004953660794,7.234637205422167e-7,0.0009128818230319802,0,92
0.00457,321.2502101694299,-117.99322910472956,-203.25698106470026,72.95808708374487,-114.33608912781757,41.37800204407279,4.618527782440651e-14,-122.33299539918582,-71.71053644887634,-162.77458719355056,188.30755490952467,188.4906108740332,188.49323916638494,188.49280474031252,188.49242834832688,188.49211469614255,188.49184960000824,188.4916479747899,-5.881950125194724,-0.04441126678449603,0.025889071839506617,0.022840062021636243,0.020059649088935316,0.017834523101983635,0.015137660246876017,28518.31739064274,0.0,139.08630083946846,372996.48980104347,0.0006823916828391517,27.693688865151554,7.274547655367058e-7,0.0009157002110264656,0,92
0.004580000000000001,321.06234616381323,-116.85077236441276,-204.21157379940033,73.29882282581733,-114.53611703918517,41.23729421336794,4.618527782440651e-14,-122.70818707777667,-71.65511002147524,-163.05017808324902,188.3066556751903,188.49057771478138,188.49323382393092,188.49279872077102,188.4924215042113,188.49210716390743,188.4918414887086,188.4916395828614,-5.922988335983723,-0.045100350132891265,0.025992384400193025,0.022935343579437273,0.02014287893213007,0.017908080690230754,0.015194625225406266,28495.993016611366,0.0,139.5788562670999,372996.1575545905,0.000692250957372447,27.82176818546731,7.315540486718675e-7,0.0009185159688016309,0,92
0.00459,320.8699191515844,-115.70665491597099,-205.16326423561333,73.6399784086846,-114.73508902100693,41.0951106123224,3.907985046680551e-14,-123.08300748710592,-71.59866239573168,-163.32317482859318,188.30575510903586,188.49054435289273,188.49322847792394,188.4927927012616,188.4924146601399,188.49209963170495,188.49183337746058,188.49163119109627,-5.964211836126141,-0.04579634774211172,0.026095834844774846,0.023030822961981556,0.02022628088535594,0.017981788682279287,0.015251664968666923,28473.260233078247,0.0,140.07131497087133,372995.824792973,0.0007022280248082806,27.95024300172821,7.355911051387665e-7,0.0009213288840307365,0,92
0.004600000000000001,320.6729318675571,-114.56089301984538,-206.11203884771152,73.98154712206565,-114.93299825067217,40.95145112860659,4.263256414560601e-14,-123.45745106443556,-71.54119462012488,-163.5935623981266,188.3048532269878,188.49051078747465,188.49322312833246,188.49278668178403,188.49240781611275,188.49209209953514,188.49182526626444,188.49162280276863,-6.0056208124333015,-0.04649930685524062,0.02619942219363791,0.023126500168810793,0.020309854951090056,0.018055647072662495,0.01530877944693776,28450.11945088643,0.0,140.5636678693474,372995.49152325594,0.000712323953572628,28.079113393219366,7.39598659982299e-7,0.0009241389524505816,0,93
0.00461,320.4713871113568,-113.41350295984901,-207.05788415150766,74.32352222173162,-115.12983792052354,40.80631569879198,3.197442310920451e-14,-123.83151225616032,-71.48270775727616,-163.86132585175764,188.30395004505934,188.4904770176339,188.49321777512472,188.49278066233802,188.49240097212996,188.49208456739808,188.4918171551206,188.4916144178785,-6.047215447915731,-0.047209274904314924,0.026303145458796973,0.023222375187135214,0.020393601135380912,0.0181296558581181,0.015365909255341759,28426.571086556003,0.0,141.0559058683068,372995.15775037254,0.0007225398176543712,28.208379431368673,7.436194084387004e-7,0.0009269461608780727,0,93
0.00462,320.2652877473805,-112.26450104293413,-208.00078670444626,74.66589692975113,-115.32560123821344,40.6597043084624,5.3290705182007514e-14,-124.20518551788507,-71.4232028839297,-164.12645034164692,188.3030455793498,188.49044304247658,188.49321241826874,188.49277464292337,188.4923941281916,188.49207703529387,188.49180904402928,188.4916060331522,-6.088995921774126,-0.04792629951458505,0.026407003640702698,0.023318448021313998,0.020477519437139158,0.01820381502847379,0.015423111531305711,28402.61556227707,0.0,141.54801986102922,372994.823477124,0.0007328766965926354,28.338041179727973,7.47523781985393e-7,0.0009297503523095219,0,93
0.0046300000000000004,320.05463670475643,-111.1139035989613,-208.94073310579495,75.00866443413568,-115.52028142372421,40.5116169895886,3.552713678800501e-14,-124.57846531014701,-71.36268109095144,-164.38892110109103,188.3021398460441,188.49040886110816,188.49320705773238,188.49276862353977,188.4923872842978,188.49206950322255,188.4918009329907,188.49159764858996,-6.130962409383658,-0.048650428497755804,0.026510995733775022,0.023414718659154232,0.020561609864194086,0.018278124575944688,0.015480386688974335,28378.25330591103,0.0,142.04000072150092,372994.48870849924,0.000743335675454809,28.46809869395143,7.514601475522298e-7,0.0009325516287803648,0,93
0.00464,319.83943697730217,-109.96172698046725,-209.8777099968348,75.35181788933176,-115.71387171137266,40.362053822041,4.973799150320701e-14,-124.95134610067211,-71.30114348330197,-164.6487234514361,188.30123286141227,188.49037447263348,188.49320169348323,188.49276260418702,188.4923804404486,188.49206197118423,188.49179282200515,188.49158926419193,-6.173115082267694,-0.049381709869850354,0.02661512073037553,0.023511187097842168,0.020645872414665423,0.018352584493166013,0.015537734701625006,28353.48475097989,0.0,142.53183930816485,372994.1534495149,0.0007539178448208515,28.598552021771713,7.553276498151185e-7,0.0009353498479267308,0,93
0.0046500000000000005,319.61969162348214,-108.8079875624318,-210.81170406105016,75.69535041612625,-115.90636534848642,40.21101493236025,4.263256414560601e-14,-125.32382236228112,-71.2385911800259,-164.90584279699334,188.300324641809,188.49033987615675,188.49319632548873,188.49275658486482,188.49237359664417,188.49205443917893,188.49178471107282,188.49158088330887,-6.215454108098086,-0.050120191821729776,0.026719377602080208,0.023607853331931494,0.020730307094994682,0.018427194780557876,0.015595155527930782,28328.31033666328,0.0,143.0235264606154,372993.8177074253,0.0007646243007614751,28.72940120297651,7.591911408977303e-7,0.000938145037771454,0,94
0.00466,319.39540376636427,-107.65270174204609,-211.742702024318,76.03925510247602,-116.09775559907952,40.0585004966036,6.039613253960852e-14,-125.69588857731193,-71.17502531421677,-165.16026463789632,188.29941520367296,188.49030507078166,188.49319095371607,188.4927505655729,188.49236675288455,188.49204690720677,188.49177660019419,188.49157250594084,-6.2579796506603556,-0.050865922746415215,0.026823765320180826,0.023704717354867455,0.020814913908653754,0.018501955424527594,0.01565258838539263,28302.73050778424,0.0,143.51505300692236,372993.4814873018,0.0007754561448196588,28.860646269387573,7.630885814902122e-7,0.0009409371808325462,0,94
0.0046700000000000005,319.1665765935755,-106.49588593847875,-212.6706906550966,76.38352500376403,-116.28803574420724,39.904510740443285,4.618527782440651e-14,-126.06753923769611,-71.1104470329977,-165.41197457096257,188.29850456352636,188.49027005561132,188.49318557813223,188.49274454631097,188.49235990916983,188.4920393752678,188.49176848936943,188.49156412873748,-6.300691869851285,-0.05161895122502891,0.026928282844334017,0.023801779165765424,0.020899692855443686,0.018576866417903126,0.015710091748719623,28276.74571480218,0.0,144.00640976392444,372993.1447920324,0.0007864144839905684,28.992287244843094,7.668294204343784e-7,0.000943726059238037,0,94
0.00468,318.9332133572564,-105.33755659264315,-213.5956567646131,76.72815314239082,-116.47719907896993,39.74904593657918,3.907985046680551e-14,-126.43876884069095,-71.04485749751896,-165.66095827861832,188.29759273797436,188.4902348297483,188.49318019870398,188.4927385270788,188.4923530655001,188.4920318433621,188.49176037859885,188.491555751699,-6.343590921659645,-0.0523793260278449,0.027032929129229277,0.023899038750673895,0.020984643941114545,0.01865192775855906,0.015767666033427385,28250.356413813533,0.0,144.49758753036497,372992.8076267425,0.0007975004307005745,29.124324145177283,7.70540530686814e-7,0.0009465117539041168,0,94
0.004690000000000001,318.69531737401513,-104.177730166963,-214.51758720705203,77.07313250830926,-116.66523891452388,39.592106406214725,6.039613253960852e-14,-126.80957189113028,-70.97825788292938,-165.9072015357558,188.29667974370452,188.49019939229464,188.4931748153979,188.4927325078761,188.4923462218755,188.49202431148973,188.49175226788267,188.49154737482561,-6.386676958145151,-0.05314709612329249,0.027137703117141587,0.023996496112705046,0.021069767167153586,0.01872713943313009,0.01582531121505948,28223.563066540635,0.0,144.98857709068733,372992.4699965843,0.0008087151027845994,29.25675697819788,7.743730238707336e-7,0.0009492943746812754,0,94
0.0047,318.4528920248802,-103.01642314513927,-215.43646887974083,77.41845605890894,-116.85214857674953,39.433692517840655,3.552713678800501e-14,-127.17994289933462,-70.91064937836593,-166.15069020465882,188.2957655974863,188.49016374235194,188.49316942818035,188.49272648870257,188.49233937829607,188.49201677965078,188.49174415722112,188.49153900154514,-6.4299501274313124,-0.053922310661739026,0.027242603745663008,0.02409415123606351,0.021155062539410352,0.018802501437592767,0.015883027266509586,28196.366140328726,0.0,145.47936921169867,372992.1319089977,0.0008200596234640828,29.389585743663698,7.780726293538098e-7,0.0009520736307391808,0,95
0.004710000000000001,318.20594075525247,-101.85365203191522,-216.3522887233372,77.76411671991988,-117.03792140993943,39.27380469001959,2.842170943040401e-14,-127.54987638552267,-70.8420331869165,-166.39141024776703,188.29485031617048,188.49012787902126,188.49316403701746,188.49272046955792,188.49233253476194,188.49200924784532,188.49173604661465,188.49153063185756,-6.473410573677866,-0.05470501899474556,0.02734762993940265,0.02419200412269973,0.021240530057884843,0.01887801376613929,0.015940751993004376,28168.766108130898,0.0,145.9699546499761,372991.7933691879,0.0008315351213239756,29.5228104332651,7.816900833290674e-7,0.0009548495177775507,0,95
0.00472,317.9544670748561,-100.68943335284223,-217.26503372201378,78.11010738567921,-117.2225507771509,39.112443391471764,4.973799150320701e-14,-127.91936687988651,-70.77241052560058,-166.6293477285112,188.29393391668856,188.49009180140322,188.49315864187517,188.49271445044187,188.49232569127318,188.49200171607342,188.4917279360635,188.49152226233548,-6.517058437079029,-0.05549527065586801,0.027452780614882766,0.024290054761976876,0.021326169724362742,0.018953676409585896,0.015998545219089166,28140.76344850105,0.0,146.46032415216624,372991.45438012516,0.0008431427302900124,29.656431030607493,7.853408127700412e-7,0.0009576221240692184,0,95
0.004730000000000001,317.69847455768866,-99.52378365404465,-218.17469090364386,78.45642091866857,-117.4060300571945,38.94960913852601,4.618527782440651e-14,-128.2884089183343,-70.70178262536481,-166.86448880028132,188.2930164160522,188.49005550859806,188.49315324271913,188.49270843135412,188.4923188478299,188.49199418433514,188.49171982556797,188.49151389297913,-6.560893853839598,-0.05629311537724302,0.027558054680678623,0.02438830314926932,0.021411981548260073,0.019029489360034013,0.016056407376034976,28112.358645593773,0.0,146.95046844805222,372991.1149470669,0.0008548835896030677,29.790447511192337,7.890118468301122e-7,0.0009603913910172512,0,95
0.00474,317.4379668419705,-98.35671950198505,-219.08124733998537,78.8030501500918,-117.5883526466501,38.785302496558344,2.842170943040401e-14,-128.65699704473454,-70.63015073105491,-167.09681971322465,188.2920978313527,188.49001899970554,188.49314783951488,188.49270241229436,188.4923120044322,188.49198665263057,188.49171171512825,188.49150552378867,-6.604916956160676,-0.05709860307848302,0.027663451037915898,0.024486749276690034,0.021497965528686436,0.01910545261000518,0.01611433843399368,28083.552189153394,0.0,147.44037825439344,372990.77507529635,0.0008667588437970699,29.92485984239572,7.925905372574427e-7,0.0009631571650159931,0,95
0.004750000000000001,317.1729476300929,-97.18825748322809,-219.9846901468647,79.14998787973727,-117.76951195852672,38.6195240787895,3.197442310920451e-14,-129.02512580883104,-70.55751610140236,-167.32632680918098,188.29117817976032,188.4899822738251,188.49314243222767,188.4926963932623,188.49230516108014,188.49197912095977,188.49170360474463,188.4914971582694,-6.649127872227049,-0.0579117838732941,0.027768968578001374,0.024585393137854794,0.021584121667228562,0.019181566156805552,0.016172338363628747,28054.34457450991,0.0,147.9300442715584,372990.43477243505,0.0008787696426703529,30.059667983447344,7.961084700913723e-7,0.0009659194413348393,0,96
0.00476,316.9034206885655,-96.01841420420564,-220.88500648435974,79.4972268769558,-117.94950142596153,38.45227454900582,5.684341886080802e-14,-129.39278977064274,-70.48388000898828,-167.55299653435034,188.29025747852384,188.48994533005572,188.49313702082256,188.4926903742576,188.49229831777384,188.49197158932282,188.49169549441754,188.49148879642132,-6.693526726196364,-0.05873270806135267,0.02787460618361548,0.024684234726379373,0.02167044996933809,0.019257829986842445,0.016230343575954098,28024.73630256425,0.0,148.41945719101165,372990.0940438176,0.0008909171412592127,30.194871885412105,7.996224078155034e-7,0.0009686782221489942,0,96
0.004770000000000001,316.62938984796267,-94.84720629098,-221.78218355698252,79.84475988093675,-118.1283145025698,38.283554621633094,3.197442310920451e-14,-129.75998350053877,-70.40924374022177,-167.7768154400999,188.2893357449699,188.4899081674961,188.49313160526435,188.49268435527995,188.4922914745134,188.4919640577198,188.49168738414724,188.49148043473957,-6.738113638168283,-0.05956142613841653,0.027980362723249996,0.02478327403854408,0.021756950438089007,0.019334244089943553,0.016288415241766163,27994.727879780294,0.0,148.90860769561968,372989.75289249135,0.0009032024998145265,30.33047149117509,8.030227874322726e-7,0.0009714333709379408,0,96
0.00478,316.35085900286936,-93.6746503890083,-222.67620861386092,80.19257960019239,-118.30594465941837,38.113365059226076,4.618527782440651e-14,-130.12670157499034,-70.33360859533508,-167.9977701719779,188.28841299650227,188.48987078524465,188.4931261855177,188.49267833632905,188.49228463129887,188.49195652615077,188.49167927393398,188.4914720732243,-6.78288872418873,-0.060397988789877566,0.02808623706454405,0.024882511063797352,0.02184362307486909,0.019410808468313334,0.01634655379807537,27964.31981818476,0.0,149.39748645264908,372989.4113238414,0.0009156268837726652,30.466466735423698,8.06529547203727e-7,0.0009741850623090909,0,96
0.00479,316.0678321118253,-92.50076316290519,-223.56706894891994,80.54067871317713,-118.48238538704621,37.941706673869135,3.907985046680551e-14,-130.49293857880932,-70.25697588835425,-168.2158474764491,188.28748925060154,188.48983318239937,188.49312076154695,188.49267231740455,188.4922777881304,188.49194899461583,188.49167116377802,188.4914637118757,-6.8278520962273275,-0.061242446888603475,0.028192228058891988,0.0249819457944227,0.021930467886816185,0.019487523105586213,0.016404759220808973,27933.512635355546,0.0,149.88608411765054,372989.06934327784,0.0009281914637267066,30.602857544627675,8.100071582362034e-7,0.0009769331201209819,0,96
0.0048000000000000004,315.78031319726904,-91.32556129620652,-224.45475190106234,80.8890498681287,-118.65763019411608,37.76858032598749,6.394884621840902e-14,-130.858689103068,-70.17934694708539,-168.43103419584165,188.28656452482423,188.48979535805802,188.4931153333163,188.49266629850615,188.49227094500802,188.491941463115,188.49166305367962,188.49145535427695,-6.873003862162616,-0.06209485150413929,0.028298334552507853,0.02508157822635937,0.022017484869866433,0.019564388002182298,0.016463031482860657,27902.30685441768,0.0,150.37439133106056,372988.7269585987,0.0009408974153976127,30.73964383701927,8.131816270906533e-7,0.0009796772343512727,0,97
0.00481,315.48830634548085,-90.14906149113231,-225.3392448543484,81.23768568411839,-118.83167261112244,37.59398692700417,7.105427357601002e-14,-131.22394774948677,-70.1007231130773,-168.643317280912,188.28563883680243,188.48975731131813,188.4931099007897,188.49266027963353,188.49226410193188,188.49193393164842,188.49165494363922,188.49144700042805,-6.9183441257643645,-0.06295525389449974,0.028404555382879337,0.02518140835214666,0.02210467403383376,0.01964140314150864,0.016521305579996426,27870.703004027837,0.0,150.8623987257683,372988.38417526375,0.0009537459196057402,30.87682552257619,8.166656953190188e-7,0.000982417963608817,0,97
0.0048200000000000005,315.19181570652455,-88.9712804683488,-226.22053523817561,81.5865787513368,-119.00450619073817,37.41792743940142,2.1316282072803006e-14,-131.58870913050907,-70.02110574159842,-168.85268379162227,188.284712204243,188.48971904127697,188.49310446393088,188.4926542607863,188.49225725890204,188.4919264002161,188.49164683365711,188.49143864674622,-6.9638729866918645,-0.06382370550704941,0.028510889378909887,0.025281436158312687,0.022192035380404374,0.019718568520495694,0.016579644038692276,27838.70161836611,0.0,151.35009692742642,372988.04099639266,0.000966738162239984,31.01440250300794,8.200348343423425e-7,0.0009851548565363855,0,97
0.00483,314.8908454941883,-87.79223496673158,-227.09861052745651,81.93572163052558,-119.17612450477446,37.24040287424893,3.197442310920451e-14,-131.95296786506287,-69.94049620163227,-169.05912088620363,188.283784644927,188.48968054703155,188.4930990227033,188.49264824196416,188.4922504159186,188.49191886881815,188.49163872373353,188.49143029323162,-7.009590540465794,-0.06470025798071788,0.028617335355598517,0.025381661642214226,0.022279568911165004,0.01979588413056277,0.016638047319208038,27806.30323713564,0.0,151.83747654738272,372987.697427493,0.0009798753342293342,31.15237467173928,8.230920278129439e-7,0.000987887671253046,0,97
0.0048400000000000006,314.58539998592494,-86.61194174312678,-227.97345824279805,82.28510685363716,-119.34652114620411,37.06141429256703,4.973799150320701e-14,-132.3167185807934,-69.85889587584565,-169.2626158278254,188.28285617670917,188.48964182767875,188.49309357707025,188.49264222316674,188.49224357298164,188.49191133745464,188.49163061386875,188.49142193988445,-7.055496878463843,-0.06558496314517637,0.02872389212028148,0.025482084798714055,0.02236727462859278,0.019873349960583653,0.016696515395076883,27773.508405550332,0.0,152.32452818660613,372987.35347409686,0.0009931586315070449,31.29074191389161,8.263860987456351e-7,0.0009906169162145761,0,97
0.00485,314.27548352279143,-85.43041757211387,-228.84506595067742,82.6347269236548,-119.51568972780511,36.880962804150336,1.0658141036401503e-14,-132.67995591198667,-69.77630616057553,-169.46315597955365,188.2819268175172,188.48960288231524,188.4930881269948,188.4926362043937,188.49223673009126,188.49190380612563,188.49162250406306,188.49141359036608,-7.101592087899823,-0.0664778730227118,0.028830558475541057,0.025582705615672552,0.022455152534572864,0.01995096600752344,0.016755048232465874,27740.31767433077,0.0,152.8112424322582,372987.009144175,0.0010065892549832713,31.429504106264357,8.297034124749025e-7,0.0009933423420606935,0,98
0.004860000000000001,313.96110050938654,-84.24767924576652,-229.71342126361995,82.98457431571454,-119.68362388587633,36.69904957016184,3.197442310920451e-14,-133.0426745039472,-69.69272846578906,-169.6607288168092,188.28099658535106,188.48956371003752,188.49308267243975,188.49263018564469,188.4922298872476,188.4918962748312,188.49161439431688,188.49140524467649,-7.147876251819332,-0.06737903982223425,0.028937333206224825,0.02568352408653496,0.02254320263891918,0.020028732260221283,0.016813579406137702,27706.731599687926,0.0,153.2976098653385,372986.66444330645,0.0010201684105088748,31.568661117319465,8.326997842922346e-7,0.0009960635509357607,0,98
0.00487,313.6422554137889,-83.06374357341453,-230.57851184037423,83.3346414774002,-119.85031728057984,36.51567580317969,1.7763568394002505e-14,-133.40486901307025,-69.60816421506158,-169.85532192811505,188.28006549828257,188.48952430994197,188.4930772133677,188.4926241669193,188.49222304445067,188.49188874357142,188.4916062846305,188.49139689915467,-7.194349449078662,-0.0682885159430544,0.02904421509221322,0.02578454020182619,0.022631424940542377,0.02010664871028922,0.016872172818479747,27672.750743315002,0.0,153.78362106099962,372986.3193746784,0.0010338973088453325,31.708212807168902,8.359169138549838e-7,0.000998781057941045,0,98
0.004880000000000001,313.318952767493,-81.8786273814042,-231.44032538608874,83.68492082812212,-120.01576359288859,36.330842764766544,4.263256414560601e-14,-133.76653410261503,-69.52261484556884,-170.04692300420965,188.2791335744545,188.48948468112488,188.49307174974103,188.49261814821722,188.49221620170061,188.49188121234636,188.4915981750042,188.49138855380082,-7.241011754340967,-0.06920635397664388,0.029151202904660334,0.02588575395623849,0.02271981944043233,0.02018471535081723,0.016930828937757436,27638.375672386202,0.0,154.26926658141372,372985.97394391656,0.0010477771656270014,31.848159027559714,8.389323678803517e-7,0.0010014943961077216,0,98
0.00489,312.99119716534517,-80.69234751286008,-232.298849652485,84.0354047598178,-120.17995652661047,36.144551766792745,3.907985046680551e-14,-134.12766444492954,-69.43608180805668,-170.23551984464842,188.2782008320801,188.48944482268243,188.49306628152186,188.49261212953806,188.49220935899754,188.4918736811561,188.49159006543826,188.49138020861514,-7.287863238046707,-0.07013260670237553,0.029258295400815815,0.025987165338879237,0.02280838614622427,0.020262932168098935,0.01698954773437844,27603.60695954474,0.0,154.75453697973873,372985.6281566693,0.0010618092013303943,31.988499621856544,8.4188215712655e-7,0.001004203661482156,0,98
0.004900000000000001,312.6589932654779,-79.50492082744478,-233.154072438033,84.38608563674994,-120.34288980702527,35.95680417027545,6.394884621840902e-14,-134.4882547193804,-69.34856656682472,-170.42110035277443,188.2772672894424,188.48940473371073,188.49306080867208,188.49260611088144,188.4922025163415,188.49186615000073,188.49158195593293,188.49137186733745,-7.334903966418121,-0.07106732709405517,0.029365491335373584,0.02608877434152035,0.022897125058017664,0.020341299161224846,0.017048329174509824,27568.44518289752,0.0,155.23942279666113,372985.2820210754,0.0010759946412353758,32.129234425024606,8.450637594414889e-7,0.0010069091160823385,0,99
0.00491,312.322345789244,-78.31636420112004,-234.0059815881239,84.73695579669956,-120.50455718460496,35.76760138790548,4.263256414560601e-14,-134.8482996167173,-69.26007059968744,-170.60365254806482,188.27633296489353,188.48936441330588,188.49305533115339,188.492600092247,188.49219567373262,188.49185861888031,188.49157384648868,188.49136352996774,-7.382134001438725,-0.07201056831205488,0.02947278944798848,0.026190580956360066,0.022986036179677427,0.020419816316374906,0.017107105418785462,27532.890925999338,0.0,155.72391456811675,372984.9355428285,0.0010903347153904,32.27036326361534,8.479655148052601e-7,0.0010096101950852476,0,99
0.004920000000000001,311.9812595211493,-77.12669452590625,-234.8545649952429,85.08800755126963,-120.66495243535233,35.5769448840828,5.3290705182007514e-14,-135.20779383914595,-69.17059539794948,-170.78316456684573,188.27539787685416,188.4893238605639,188.49304984892723,188.4925940736343,188.49218883117095,188.4918510877949,188.4915657371058,188.49135519276652,-7.429553400841766,-0.07296238370351116,0.029580188466893365,0.026292585174914507,0.023075119515864273,0.020498483626036013,0.017165941730532097,27496.94477784359,0.0,156.20800282561183,372984.5887251779,0.0011048306585759984,32.41188595575554,8.509055401395571e-7,0.0010123071901618763,0,99
0.00493,311.63573930878465,-75.93592870964302,-235.69981059914153,85.43923318521159,-120.82406935773612,35.38483617252462,5.684341886080802e-14,-135.5667320961099,-69.08014246639885,-170.9596246514605,188.27446204381272,188.48928307458087,188.4930443619548,188.492588055043,188.49218198865663,188.4918435567446,188.49155762778454,188.49134685573395,-7.477162218093314,-0.07392282680956797,0.029687687115780292,0.02639478698263531,0.023164375070542587,0.020577301078854582,0.01722483859536128,27460.60733286137,0.0,156.69167808902256,372984.2415738618,0.0011194837102686441,32.55380231113365,8.538034775296133e-7,0.001014999976884895,0,99
0.004940000000000001,311.28579006275703,-74.74408367574813,-236.54170638700873,85.79062495716535,-120.98190177471612,35.19127681755086,5.3290705182007514e-14,-135.92510910651032,-68.98871332327357,-171.13302115679912,188.27352548432478,188.48924205445286,188.49303887019707,188.49258203647267,188.4921751461897,188.49183602572947,188.49154951852523,188.49133851887024,-7.524960502392273,-0.07489195136128579,0.02979528410627985,0.026497186377444137,0.02325380284143419,0.020656268671795708,0.017283795975327365,27423.87919090836,0.0,157.17493087060328,372983.8940946405,0.0011342951146004873,32.696112130983835,8.566243374086291e-7,0.0010176884806177844,0,99
0.00495,310.9314167566199,-73.55117636297784,-237.3802403936419,86.14217509943627,-121.13844353237205,34.99626843293585,3.552713678800501e-14,-136.28291959663903,-68.89630950024643,-171.30334254528157,188.2725882170124,188.489200799276,188.49303337361482,188.49257601792291,188.4921683037703,188.49182849474957,188.4915414093281,188.49133018599395,-7.572948298645491,-0.07586981127489967,0.02990297813668663,0.02659978334603963,0.02334340283676628,0.02073538639305106,0.01734281384884362,27386.760957259943,0.0,157.6577516714986,372983.54629581503,0.0011492661203221866,32.83881520807014,8.594325691668736e-7,0.0010203727306389854,0,100
0.00496,310.57262442680235,-72.35722372518559,-238.21540070161666,86.49387581925762,-121.29368850362793,34.79981268437039,4.263256414560601e-14,-136.64015830453275,-68.80293254238356,-171.4705773990881,188.2716502605635,188.48915930814647,188.49302787216854,188.49256999939334,188.4921614613985,188.49182096380497,188.49153330019368,188.49132185710508,-7.621125647461515,-0.07685646065829399,0.03001076790011492,0.02670257788002317,0.023433175059612843,0.02081465423480111,0.017401822936060185,27349.253242594263,0.0,158.1401309895399,372983.19818318886,0.0011643979807615253,32.981911326673774,8.621368136063623e-7,0.001023052582991929,0,100
0.0049700000000000005,310.2094181725375,-71.16224273108097,-239.04717544145637,86.84571929910317,-121.44763058858624,34.60191128948317,5.3290705182007514e-14,-136.99681998004442,-68.70858400812006,-171.63471442084278,188.270711633731,188.48911758016055,188.49302236581852,188.49256398088352,188.4921546190744,188.49181343289578,188.4915251911222,188.49131352838535,-7.6694925851411995,-0.07785195380728194,0.03011865207683817,0.026805569969919674,0.023523119509973878,0.02089407218353223,0.017460889891327103,27311.35666298314,0.0,158.6220593195704,372982.84976006765,0.0011796919537856079,33.12540026258359,8.64895910224206e-7,0.0010257281702591992,0,100
0.00498,309.8418031557902,-69.9662503639892,-239.87555279180089,87.19769769596103,-121.60026371145092,34.40256601548999,5.3290705182007514e-14,-137.35289938063482,-68.61326546925139,-171.7957424228357,188.26977235533235,188.48907561441462,188.49301685452477,188.49255796239305,188.49214777679808,188.49180590202204,188.491517082114,188.49130519983493,-7.718049143658973,-0.07885634520821849,0.03022662933627629,0.026908759607074728,0.023613236190624942,0.020973640236891633,0.017520015193273508,27273.071839890465,0.0,159.1035271461801,372982.5010322971,0.001195149301759594,33.26928178308379,8.675766293431142e-7,0.0010283993155337512,0,100
0.0049900000000000005,309.4697846011837,-68.76926362160903,-240.70052097957452,87.54980314211312,-121.75158182255268,34.201778680439595,2.4868995751603507e-14,-137.70839127358644,-68.51697851089973,-171.9536503334794,188.26883244424874,188.48903341000522,188.4930113382471,188.49255194392148,188.49214093456965,188.49179837118385,188.49150897316932,188.49129687145398,-7.766795350660103,-0.07986968953143947,0.030334698339617994,0.027012146779263446,0.02370352510761453,0.02105335838117295,0.017579198818813868,27234.399400158887,0.0,159.58452494775383,372982.1520057439,0.0012107712915050935,33.41355564693947,8.702151967077132e-7,0.0010310660157613893,0,100
0.005,192.9106890673512,-75.57129951577173,-249.52206828015306,87.86270441681667,-121.90705276046369,33.98927635790911,-0.03179582579058504,-138.05214328872523,-68.39634471174925,-172.04823552542805,188.2678920914006,188.48899096602904,188.4930058169451,188.49254592546842,188.49213409238916,188.49179084038127,188.49150086428844,188.4912885471401,-7.815731229443005,-0.08089204164375818,0.030442857738617324,0.027115731477831417,0.023793986265006506,0.021133226604908906,0.017638440738995342,17681.254713443905,0.0,160.01742399106143,372981.8027455271,0.001226559194257827,33.55820548225318,9.035641213850365e-7,0.0010310660157613893,1,101
0.0050100000000000006,192.66316275832446,-74.37237507219882,-250.34018301753107,88.13638520593187,-122.06656551959856,33.76502814721518,-0.09535064775802482,-138.38378242037967,-68.25148798366286,-172.07918138527836,188.2669516606146,188.4889482815882,188.49300029057807,188.4925399070334,188.49212725025674,188.49178330961436,188.49149275547188,188.49128022689325,-7.864855749045004,-0.0819234565846898,0.030551106166867292,0.027219513693303554,0.023884619665576423,0.02121324490328025,0.017697670250630626,17606.271796493613,0.0,160.40178865162355,372981.4533711625,0.0012425142607782448,33.703198586205396,9.32734378872313e-7,0.0010310660157613893,1,101
0.00502,192.412784581586,-73.17250733026067,-251.1548535644869,88.41019353260964,-122.22460513050223,33.53930746247857,-0.15883144663646576,-138.71434189980215,-68.10585649354768,-172.1066262372645,188.26601134479176,188.4889053557907,188.4929947591051,188.492533888616,188.4921204081725,188.4917757788832,188.49148464671993,188.49127190681617,-7.91416777856041,-0.08296398956044282,0.030659442255689395,0.027323493412943378,0.02397542531239827,0.02129341326387557,0.01775695537171096,17531.17248346313,0.0,160.78513799163716,372981.10394328006,0.0012586377203808897,33.84851812039089,9.332876947099056e-7,0.0010310660157613893,1,101
0.005030000000000001,192.15955809556388,-71.97171334273354,-251.96606834274925,88.6841213864471,-122.38116609528525,33.312118075772105,-0.22223749521893765,-139.04381899904575,-67.95945423764363,-172.13057222651503,188.2650711650023,188.48886218774572,188.49298922248505,188.4925278702158,188.49211356613648,188.4917682481879,188.49147653803286,188.491263586909,-7.963667159222119,-0.08401369594750374,0.030767864626046748,0.027427670629684542,0.024066403206959297,0.021373731678341557,0.017816296606345094,17455.96036075063,0.0,161.16746502640237,372980.754468468,0.001274930805223913,33.9941633118364,9.33794699939372e-7,0.0010310660157613893,1,101
0.00504,191.90348689916695,-70.77001017555813,-252.77381582316016,88.95816074817608,-122.53624296257856,33.08346381276004,-0.28556806733439544,-139.37221102550328,-67.8122852120036,-172.15102165861737,188.2641311423029,188.48881877656333,188.4929836806765,188.49252185183232,188.4921067241488,188.4917607175285,188.491468429411,188.49125526717194,-8.013353745728981,-0.08507263129932596,0.03087637188393444,0.02753204533237863,0.024157553352234018,0.021454200137756452,0.017875693925580194,17380.639008449154,0.0,161.54876281828552,372980.40495331027,0.0012913947502503137,34.14013338057776,9.343543783610353e-7,0.0010310660157613893,1,101
0.005050000000000001,191.64457463173378,-69.56741490759632,-253.57808452584013,89.23230364967257,-122.68983050897508,32.853348674111956,-0.34882243785826716,-139.6995155480633,-67.66435341148575,-172.1679775972085,188.26319129773395,188.4887751213547,188.49297813363785,188.4925158334651,188.49209988220957,188.49175318690507,188.4914603208546,188.49124695158156,-8.063227388215594,-0.08614085135836813,0.03098496262655015,0.027636617509536165,0.024248875750799037,0.021534818633084818,0.01793514730247381,17305.21199327088,0.0,161.92902488424318,372980.0554070089,0.001308030793130998,34.28642753993792,9.347745323282086e-7,0.0010310660157613893,1,102
0.00506,191.38282497298076,-68.36394463038901,-254.37886302035054,89.50654205710357,-122.84192337709393,32.62177659040192,-0.41199988272287413,-140.0257299444078,-67.51566283130435,-172.18144266250562,188.26225165231887,188.48873122123203,188.4929725813272,188.49250981511366,188.49209304031885,188.4917456563177,188.49145221236418,188.49123864013785,-8.113287932272645,-0.08721841204294467,0.0310936354422231,0.027741387148505936,0.0243403704089018,0.021615587150392912,0.017994584597615493,17229.682881723205,0.0,162.30824438364013,372979.7058361372,0.0013248401742043277,34.43304499656982,9.351872351341661e-7,0.0010310660157613893,1,102
0.005070000000000001,191.11824164294993,-67.15961644791247,-255.17613992585657,89.78086786807478,-122.99251607521778,32.388751424581066,-0.47509967892741756,-140.350851401057,-67.36621746687433,-172.19141903609972,188.26131222706633,188.4886870753086,188.49296702370242,188.49250379677758,188.49208619847676,188.49173812576646,188.49144410394004,188.49123032886448,-8.163535218930987,-0.08830536945881295,0.03120238890764737,0.027846354236892523,0.02443203732882049,0.02169650568661119,0.018054075215631293,17154.055240157122,0.0,162.68641411445833,372979.35624464013,0.0013418241364230679,34.57998495002327,9.353084947476276e-7,0.0010310660157613893,1,102
0.00508,190.8508284019561,-65.95444747633613,-255.96990391128853,90.05527303193597,-123.14160334019599,32.15427721455695,-0.538121104548491,-140.6748773658927,-67.21602131195482,-172.1979096562414,188.2603730429695,188.48864268269878,188.49296146072115,188.49249777845637,188.49207935668335,188.49173059525143,188.4914359955825,188.49122201776163,-8.21396908467672,-0.08940177988846632,0.03131122158816613,0.02795151876578572,0.024523876514026988,0.021777574224271845,0.01811361966863556,17078.332620815014,0.0,163.06352732922448,372979.00663908164,0.001358983925292016,34.727246592785626,9.358037539562714e-7,0.0010310660157613893,1,102
0.005090000000000001,190.58058905053326,-64.7484548437786,-256.7601436955032,90.32974949121126,-123.28917995645756,31.918358050758656,-0.6010634387503266,-140.99780532169385,-67.06507835934816,-172.20091761702463,188.2594341210033,188.48859804251808,188.49295589234077,188.49249176014953,188.49207251493874,188.49172306477266,188.49142788729182,188.49121370682943,-8.26458936144998,-0.09050769979840467,0.03142013203677907,0.028056880725113587,0.02461588796561065,0.02185879276155589,0.018173217926048757,17002.518568322022,0.0,163.4395773284668,372978.65702601924,0.001376320788808797,34.874829110560455,9.358114598442824e-7,0.0010310660157613893,1,102
0.0051,190.3075274293809,-63.54165569006483,-257.5468480474441,90.60428924348658,-123.4352409340289,31.680998192249547,-0.663925961794881,-141.31963300724803,-66.91339259991568,-172.20044674721538,188.25849548212196,188.48855315388312,188.49295031851844,188.4924857418566,188.49206567324302,188.49171553433024,188.4914197790683,188.49120540012336,-8.315395876667964,-0.09162318582408169,0.031529118797191114,0.028162440099645636,0.02470807169070932,0.02194016127943854,0.018232869965424836,16926.616612463997,0.0,163.81455786322212,372978.3074146796,0.0013938359774049885,35.02273168254363,9.360999037068274e-7,0.0010310660157613893,1,103
0.005110000000000001,190.03164741930897,-62.33406716648187,-258.33000578630094,90.87888422073172,-123.57978115334953,31.442201832202528,-0.7267079550524222,-141.6403579747174,-66.76096802409218,-172.1965004461577,188.25755714725798,188.48850801591172,188.49294473921105,188.49247972357708,188.49205883159627,188.49170800392426,188.4914116709125,188.49119709764335,-8.366388453227955,-0.09274829479327895,0.03163818040331723,0.028268196880301133,0.02480042768962143,0.022021679771316194,0.01829250221608225,16850.63028167939,0.0,164.188462332718,372977.957811607,0.0014115307438819628,35.170953481467556,9.362392198383751e-7,0.0010310660157613893,1,103
0.00512,189.75295294118314,-61.125706435535875,-259.1096057816688,91.15352628654028,-123.72279536496805,31.20197310033946,-0.7894087010111832,-141.9599775896717,-66.60780862173542,-172.189081688549,188.25661913732463,188.4884626277229,188.49293915437528,188.4924737053105,188.4920519899986,188.49170047355477,188.49140356282467,188.49118879533424,-8.41756690951205,-0.09388308370528797,0.03174731537616049,0.028374151053267127,0.024892955967699137,0.022103348229448372,0.018352185457858994,16774.563103096505,0.0,164.56128378072688,372977.60822066397,0.0014294063433560363,35.31949367317478,9.362538475922444e-7,0.0010310660157613893,1,103
0.00513,189.4714479558688,-59.91659067070732,-259.88563695370607,91.4282073601749,-123.86427854559861,30.960316294923565,-0.8520274832881611,-142.27848947353,-66.45391838030945,-172.17819418223186,188.25568147321505,188.48841698843685,188.4929335639675,188.4924676870563,188.4920451484501,188.49169294322186,188.49139545480514,188.49118049319617,-8.468931059384728,-0.09502760973883362,0.031856522227926565,0.02848030260671308,0.02498565652395257,0.022185166643811094,0.018411920215719135,16698.418588286448,0.0,164.9330157014468,372977.25864838227,0.0014474640331941485,35.468351416660084,9.36302390758259e-7,0.0010310660157613893,1,103
0.0051400000000000005,189.1871364641749,-58.70673705620763,-260.65808827329215,91.70291935609245,-124.00422572050924,30.717235765605913,-0.9145635866388275,-142.59589128212707,-66.29930128556875,-172.1638417860533,188.25474417579963,188.48837109717505,188.4929279679439,188.492461668814,188.49203830695086,188.49168541292562,188.49138734685422,188.4911721912293,-8.520480712209881,-0.09618193024798494,0.03196579945322853,0.028586651530396523,0.0250785293654201,0.02226713499781141,0.01847170646421903,16622.200239914007,0.0,165.3036516378964,372976.90910128615,0.0014657050729502154,35.61752586434721,9.36302390758259e-7,0.0010310660157613893,1,103
0.00515,188.9000225067971,-57.49616278673487,-261.42694876218354,91.97765424748849,-124.14263213788297,30.472736024223742,-0.977016296967637,-142.91218092160355,-66.14396132059679,-172.14602906956847,188.2538072659236,188.48832495306024,188.49292236626036,188.4924556505831,188.49203146550096,188.4916778826661,188.4913792389722,188.49116389356772,-8.572215672853762,-0.09734610277212319,0.032075145546250905,0.028693197808745907,0.0251715744934895,0.022349253287084814,0.01853154417303493,16545.91154439815,0.0,165.6731855788177,372976.5595886193,0.0014841307243052084,35.767016162362914,9.36302390758259e-7,0.0010310660157613893,1,104
0.0051600000000000005,188.6101101642602,-56.28488506722876,-262.1922074931715,92.25240394223196,-124.27949292085289,30.226821520883504,-1.0393849013380212,-143.22735611619518,-65.98790246728473,-172.12476018706815,188.25287076440608,188.48827855521643,188.49291675887252,188.4924496323631,188.49202462410048,188.49167035244338,188.4913711311596,188.49115560021136,-8.624135741705754,-0.09852018502174165,0.03218455898259309,0.02879994142893949,0.02526479191103581,0.022431521500470453,0.01859135834781611,16469.555985663326,0.0,166.0416111673981,372976.2101168896,0.0015027422510037372,35.91682145058222,9.36302390758259e-7,0.0010310660157613893,1,104
0.00517,188.31740355686034,-55.072921112627064,-262.95385359023487,92.5271602801981,-124.41480306725484,29.979496646363344,-1.1016686879824675,-143.54141440825484,-65.83112870618388,-172.10003888232436,188.2519346920425,188.48823190276892,188.49291114573583,188.49244361415344,188.49201778274954,188.49166282225752,188.49136302341677,188.4911473070264,-8.676240714683832,-0.0997042348878745,0.03229403822579302,0.028906882382067067,0.02535818162370962,0.022513939623011403,0.018651221148988206,16393.13704516556,0.0,166.40892169776967,372975.8606898703,0.0015215409187915284,36.06694086220948,9.36302390758259e-7,0.0010310660157613893,1,104
0.005180000000000001,188.02190684460635,-53.86028814762012,-263.7118762286973,92.8019151606145,-124.54855779837007,29.730765953491613,-1.1638669463128934,-143.8543535902567,-65.67364401473239,-172.0718696081633,188.25099906960367,188.48818499484437,188.49290552680543,188.4924375959536,188.4920109414482,188.49165529210862,188.49135491574398,188.49113901401302,-8.728530383220603,-0.10089831043394604,0.03240358173264957,0.029014020649380967,0.02545174363458491,0.022596507648558806,0.01871113310040018,16316.658187409304,0.0,166.77511090966632,372975.5113140539,0.0015405279953500395,36.2173735238216,9.36302390758259e-7,0.0010310660157613893,1,104
0.00519,187.7236242271606,-52.64700340640676,-264.4662646353786,93.07666047989872,-124.68075238492334,29.480634045290486,-1.225978966930331,-144.1661714885718,-65.51545236792302,-172.040256963374,188.2500639178333,188.48813783057082,188.4928999020362,188.492431577763,188.49200410019657,188.49164776199675,188.49134680814157,188.49113072117132,-8.781004534291263,-0.10210246990102423,0.03251318794399882,0.029121356220723982,0.025545477947825024,0.02267922556386104,0.018771094182603587,16240.122866729385,0.0,167.140172592346,372975.16199592425,0.0015597047502354524,36.36811855564249,9.36302390758259e-7,0.0010310660157613893,1,104
0.005200000000000001,187.42255994377925,-51.4330841324484,-265.21700808875033,93.35138819663587,-124.81138231756498,29.229105680462453,-1.2880040416354532,-144.47686617396994,-65.356557737365,-172.005206232978,188.24912925744565,188.48809040907764,188.49289427138285,188.49242555958116,188.49199725899473,188.49164023192196,188.49133870060984,188.49112243271375,-8.833662950415677,-0.10331677171071796,0.0326228552947172,0.029228889084265575,0.02563938456333048,0.022762093356882396,0.018831104370154783,16163.534519863344,0.0,167.50410097531358,372974.81274473487,0.0015790724548109534,36.51917507181465,9.36302390758259e-7,0.0010310660157613893,1,105
0.00521,187.11871827325228,-50.21854757822536,-265.96409591908576,93.62609020457084,-124.94044296657184,28.976185560081937,-1.34994146343832,-144.78643554016702,-65.19696409272656,-171.96672230101882,188.2481951091246,188.48804272949565,188.49288863479973,188.4924195414075,188.4919904178428,188.49163270188436,188.49133059314934,188.49111414864024,-8.886505409681158,-0.10454127444779537,0.03273258220152009,0.02933661922151387,0.0257334634870503,0.02284511101957598,0.01889108724762778,16086.896579905675,0.0,167.86688994923304,372974.4635669504,0.001598632382181556,36.670542180445146,9.36302390758259e-7,0.0010310660157613893,1,105
0.005220000000000001,186.8121035338423,-49.00341100499012,-266.7075175086133,93.90075833003611,-125.06792958165458,28.72187832995708,-1.4117905265686908,-145.09487730383754,-65.03667540159037,-171.92480965526553,188.24726149352603,188.48799479095703,188.49288299224096,188.49241352324145,188.49198357674084,188.49162517188398,188.49132248576038,188.4911058647386,-8.939531685739304,-0.10577603688071768,0.032842367073886436,0.029444546621714807,0.025827714721958994,0.022928278537859725,0.018951116338709717,16010.212476322704,0.0,168.22853306257326,372974.11446624773,0.001618385807132692,36.82221898319492,9.36302390758259e-7,0.0010310660157613893,1,105
0.00523,186.5027200832235,-47.78769168252331,-267.44726229166656,94.17538446214988,-125.19383763294128,28.466188791398096,-1.4735505264858126,-145.40218942584465,-64.87569562772491,-171.87947346794894,188.24632843127685,188.48794659259548,188.4928773436605,188.49240750508247,188.49197673568895,188.49161764192093,188.4913143784433,188.49109758100903,-8.992741547806917,-0.10702111795209657,0.03295220831171619,0.029552671270799635,0.025922138269344863,0.023011595903152937,0.01901119218472358,15933.485620292033,0.0,168.58902430388915,372973.7654490735,0.001638334006061305,36.97420457532279,9.36302390758259e-7,0.0010310660157613893,1,105
0.005240000000000001,186.1905723184195,-46.571406888887346,-268.18331975483477,94.4499604891885,-125.3181626408088,28.209121794658834,-1.5352207598885457,-145.70836990039376,-64.71402873173484,-171.8307190520391,188.24539594297272,188.4878981335461,188.49287168901193,188.49240148692996,188.49196989468723,188.49161011199527,188.49130627119837,188.4910892974516,-9.04613476068674,-0.10827657677241742,0.03306210429433909,0.029660993156340965,0.026016734132281893,0.023095063104635827,0.019071314758982716,15856.719411586917,0.0,168.94835771184725,372973.4165218643,0.0016584782569106997,37.126498045957405,9.36302390758259e-7,0.0010310660157613893,1,105
0.00525,185.87566467574104,-45.35457391018163,-268.91567943711215,94.72447836476962,-125.4409003422732,27.950682339126438,-1.596800524725463,-146.01341695998585,-64.55167867014872,-171.77855238182266,188.24446404917563,188.48784941294556,188.49286602824864,188.49239546878337,188.49196305373576,188.49160258210708,188.49129816402595,188.4910810183568,-9.099711084770792,-0.1095424726318539,0.033172053400229995,0.029769512258429387,0.0261115023163212,0.023178680129284146,0.019131484042038682,15779.917231090682,0.0,169.30652775920612,372973.0676938763,0.0016788198391029122,37.279098478365654,9.36302390758259e-7,0.0010310660157613893,1,106
0.005260000000000001,185.55800163072269,-44.13721004029595,-269.64433093004646,94.99892997835433,-125.56204635878345,27.69087537059591,-1.6582891202046959,-146.3173286650435,-64.38864939682202,-171.7229790449927,188.24353277041317,188.487800429932,188.49286036132375,188.49238945064212,188.49195621283462,188.49159505225646,188.49129005692657,188.49107274372452,-9.153470276065871,-0.11081886498450544,0.03328205398495099,0.029878228566566634,0.026206442825725595,0.02326244696426638,0.01919162220215842,15703.082454895748,0.0,169.66352858704528,372972.71897152433,0.0016993600334711428,37.432004949999566,9.36302390758259e-7,0.0010310660157613893,1,106
0.00527,185.2375876980595,-42.919332580665774,-270.36926387788714,95.27330715277157,-125.6815961960799,27.429705783586883,-1.7196858468038894,-146.62010290391243,-64.22494486279771,-171.6640042473014,188.24260212718062,188.48775118364512,188.49285468819014,188.49238343250562,188.49194937198394,188.49158752244344,188.49128194990058,188.49106446926456,-9.207412086188537,-0.11210581346671589,0.03339210440193474,0.029987142066172368,0.02630155565890835,0.023346363601614684,0.019251804124264194,15626.218454308766,0.0,170.01935400155466,372972.3703583824,0.001720100122196013,37.585216532094044,9.36302390758259e-7,0.0010310660157613893,1,106
0.005280000000000001,184.91442743154272,-41.70095884002542,-271.0904679777324,95.54760177681206,-125.79954557699564,27.16717862153397,-1.7809900062801418,-146.92173780300044,-64.06056901462168,-171.60163385393872,188.24167213994025,188.48770167322616,188.4928490088004,188.49237741437324,188.49194253118375,188.49157999266814,188.4912738429483,188.49105619497706,-9.261536262373449,-0.11340337788108368,0.03350220298914852,0.03009625273940486,0.02639684082637972,0.023430430023520188,0.019312030363807686,15549.32858107016,0.0,170.3739982428171,372972.02186084463,0.0017410413887332821,37.73873228971189,9.36302390758259e-7,0.0010310660157613893,1,106
0.00529,184.58852542399504,-40.48210613416284,-271.8079329796755,95.82180574036272,-125.91589027533355,26.90329897551146,-1.8422009016802328,-147.22223152146734,-63.89552579497824,-171.53587386544993,188.24074282911894,188.48765189781798,188.49284332310685,188.4923713962444,188.4919356904342,188.4915724629306,188.49126573607003,188.49104792086214,-9.315842547482749,-0.11471161820094888,0.03361234807178981,0.03020556057451884,0.026492298324667818,0.023514646222731805,0.019372300896588257,15472.41617431372,0.0,170.72745560149892,372971.6734852937,0.0017621851177471962,37.892551282012484,9.36302390758259e-7,0.0010310660157613893,1,106
0.0053,184.25988630720536,-39.26279178567272,-272.52164868695075,96.09591100156356,-126.03062627796487,26.638072079159137,-1.9033178373499133,-147.52158245048207,-63.72981914180045,-171.46673091841328,188.23981421510598,188.48760185656502,188.49283763106163,188.4923653781185,188.49192884973533,188.4915649332309,188.49125762926613,188.49103965128796,-9.37033068001766,-0.11603059457544873,0.03372253796086744,0.030315065553843112,0.026587928161308394,0.023599012189645663,0.019432615694676247,15395.484553050814,0.0,171.0797207955418,372971.32524098177,0.0017835325950453127,38.046672562516854,9.36302390758259e-7,0.0010310660157613893,1,107
0.0053100000000000005,183.92851475186296,-38.043033123710885,-273.23160495607823,96.36990945527921,-126.14374946111853,26.37150311648133,-1.964340118944623,-147.81978881422503,-63.56345298963667,-171.39421127726686,188.23888631825224,188.48755154861334,188.49283193261653,188.49235935999494,188.49192200908726,188.49155740356915,188.49124952253715,188.4910313862544,-9.4250003941552,-0.11736036731381194,0.033832770958877045,0.03042476766237101,0.0266837303365004,0.02368352791021433,0.019492895523664622,15318.53703035903,0.0,171.43078821880255,372970.97713426733,0.001805085107501907,38.20109517915515,9.36302390758259e-7,0.0010310660157613893,1,107
0.00532,183.59441546749116,-36.82284748374803,-273.9377916970074,96.64379293072054,-126.2552555902886,26.103597224117294,-2.025267053438485,-148.1168486698801,-63.39643126951328,-171.31832083889904,188.23795915887234,188.4875009731107,188.49282622772313,188.49235334187304,188.4919151684901,188.49154987394536,188.49124141588342,188.49102312139357,-9.479851419721205,-0.11870099690427338,0.03394304535887738,0.030534666882857664,0.026779704854009267,0.02376819337214009,0.01955321662918319,15241.57691337689,0.0,171.78065193798625,372970.62916861556,0.0018268439429958928,38.35581817387353,9.36302390758259e-7,0.0010310660157613893,1,107
0.0053300000000000005,183.25759320238035,-35.602252207322906,-274.6401988732622,96.9175533259733,-126.36514064445197,25.834359681011954,-2.0860979491347944,-148.41276030638267,-63.228757907298146,-171.2390661342543,188.23703275724378,188.4874501292065,188.4928205163327,188.49234732375223,188.4919083279439,188.49154234435966,188.4912333093053,188.49101485670556,-9.53488348221436,-0.1200525440043041,0.03405335943257537,0.030644763201287617,0.026875851723056954,0.02385300856027328,0.019613579571307937,15164.607488462321,0.0,172.12930644683513,372970.28135036136,0.0018488103903380314,38.5108405826799,9.36302390758259e-7,0.0010310660157613893,1,107
0.00534,182.9180527435204,-34.38126464179618,-275.33881650208116,97.19118254212337,-126.4734006541929,25.563795812398602,-2.1468321156757195,-148.70752204479666,-63.060436824317776,-171.1564538241086,188.23610713360483,188.48739901605185,188.49281479839632,188.49234130563184,188.49190148744876,188.4915348148121,188.4912252028031,188.49100659219053,-9.590096302819404,-0.12141506942990432,0.034163711443802036,0.030755056601663,0.02697217093610771,0.02393797346869242,0.01967398433122991,15087.632028198279,0.0,172.47674629003248,372969.93368582724,0.001870985739201218,38.666161435909046,9.36302390758259e-7,0.0010310660157613893,1,107
0.005350000000000001,182.57579891653282,-33.15990214010368,-276.0336346545621,97.46467255115547,-126.58003185932101,25.291911079501567,-2.207468864051746,-149.00113243173521,-62.89147193649423,-171.0704911796905,188.2351823081523,188.48734763279955,188.49280907386475,188.49233528751122,188.49189464700478,188.49152728530277,188.49121709637714,188.49099833229388,-9.645489598411764,-0.12278863418090857,0.03427409965149231,0.03086554706072775,0.027068662513087816,0.024023088075031396,0.019734430883377563,15010.65378387696,0.0,172.8229664320753,372969.58618425485,0.001893371280049177,38.821779758483835,9.36302390758259e-7,0.0010310660157613893,1,108
0.00536,182.2308365856022,-31.938182060510485,-276.7246434558004,97.73801526285612,-126.6850303940359,25.018710897780124,-2.2680075066120295,-149.29358985201944,-62.72186715567186,-170.98118511458173,188.23425830104085,188.4872959786042,188.4928033426885,188.49232926938973,188.49188780661206,188.49151975583175,188.491208990028,188.49099007701548,-9.701063081583712,-0.12417329940301336,0.03438452228514244,0.030976234571468808,0.02716532644002001,0.024108352376675413,0.01979483858622544,14933.675999720697,0.0,173.167961521388,372969.2388519401,0.0019159683040644593,38.97769456996314,9.36302390758259e-7,0.0010310660157613893,1,108
0.005370000000000001,181.88317065340664,-30.71612176636263,-277.4118330850321,98.01120252253338,-126.78839228688084,24.744200639146086,-2.3284473570738413,-149.58489252866138,-62.551626389483374,-170.888542189234,188.23333513238495,188.48724405262215,188.49279760481778,188.49232325126673,188.49188096627066,188.4915122263991,188.49120088375605,188.49098182191017,-9.756816460649667,-0.12556912643628593,0.03449497758304165,0.031087119113294648,0.027262162730881556,0.024193766352553325,0.01985528504220202,14856.701912867384,0.0,173.5117258873966,372968.8916922332,0.0019387781030822799,39.1339048841585,9.36302390758259e-7,0.0010310660157613893,1,108
0.00538,181.53280606104872,-29.49373862584236,-278.09519377577095,98.2842262470156,-126.89011377599937,24.468385811204577,-2.3887877305323517,-149.87503890994128,-62.38075353976264,-170.79256957248612,188.23241282225817,188.48719185401146,188.49279186020263,188.49231723314153,188.49187412598067,188.4915046970049,188.4911927775616,188.49097356697806,-9.81274943964052,-0.12697617676449724,0.03460546374907558,0.031198200671369136,0.027359171377445257,0.02427932999773219,0.019915770824872503,14779.73473852518,0.0,173.85425427906435,372968.544711404,0.0019618019695157086,39.290409709180274,9.36302390758259e-7,0.0010310660157613893,1,108
0.005390000000000001,181.17974778798484,-28.27105001171972,-278.77471581594915,98.5570783579981,-126.99019115169753,24.191271966452668,-2.449027943470467,-150.16402747561244,-62.20925250314247,-170.69327455736638,188.23149139069102,188.4871393819321,188.49278610879273,188.49231121501347,188.4918672857422,188.49149716764921,188.49118467144498,188.49096531221923,-9.868861718339481,-0.1283945120413641,0.034715978993440366,0.031309479219771674,0.027456352399140016,0.024365043296187494,0.019976295897186525,14702.777676996058,0.0,174.19554149653982,372968.19791570865,0.001985041196283806,39.447208047699014,9.36302390758259e-7,0.0010310660157613893,1,108
0.0054,180.8240008519545,-27.04807330110633,-279.4503895480543,98.82975085045027,-127.08862090940443,23.91286478681608,-2.509167313768449,-150.45185692435442,-62.03712717021994,-170.59066502155005,188.23057085766897,188.48708663554586,188.49278035053754,188.4923051968819,188.49186044555532,188.49148963833215,188.49117656540656,188.49095706215596,-9.925152992268693,-0.1298241940951499,0.03482652150228471,0.03142095474573381,0.02755370579081262,0.02445090624230417,0.020036860243332733,14625.833906188649,0.0,174.53558275169772,372967.85131437227,0.002008497076735221,39.60429889720211,9.36302390758259e-7,0.0010310660157613893,1,109
0.005410000000000001,180.46557030890907,-25.82482587520818,-280.12220536926714,99.10223565841508,-127.18539944406807,23.633169912228894,-2.569205160713585,-150.73852579835068,-61.86438142684038,-170.4847484995678,188.22965124313166,188.48703361401633,188.49277458538626,188.49229917874607,188.49185360542015,188.49148210905375,188.49116845944692,188.49094881678806,-9.981622952721919,-0.13126528491452127,0.03493708944742657,0.03153262723407835,0.027651231554940203,0.024536918816830067,0.02009738183270482,14548.906595815473,0.0,174.87437294875352,372967.5049136217,0.0020321709045840342,39.7616812500424,9.36302390758259e-7,0.0010310660157613893,1,109
0.00542,180.1044612529401,-24.60132511907928,-280.79015373159774,99.37452465282789,-127.28052305015122,23.352192942793273,-2.6291408050101186,-151.02403248326058,-61.69101915397006,-170.3755321872404,188.22873256697486,188.48698031650898,188.49276881328777,188.49229316060533,188.49184676533676,188.4914745798141,188.49116035356644,188.49094057159357,-10.038271286784962,-0.13271784665297837,0.03504768099699351,0.0316444966666225,0.027748929689443536,0.0246230810089898,0.020157939603494768,14471.998907370962,0.0,175.21190668147813,372967.1587166871,0.0020560639738340034,39.91935409306466,9.36302390758259e-7,0.0010310660157613893,1,109
0.005430000000000001,179.74067881620647,-23.377588421373034,-281.4542251420213,99.64660977851696,-127.37398822757567,23.069939607707184,-2.688973568788528,-151.3083755833676,-61.51704422615565,-170.2630238628902,188.22781484904974,188.48692674219123,188.49276303419074,188.49228714245896,188.49183992530524,188.4914670506133,188.49115224776543,188.4909323265726,-10.095097677315778,-0.13418194162874109,0.035158294309960425,0.031756563014951666,0.02784680021325414,0.024709392797440444,0.020218534149867295,14395.1139793369,0.0,175.5481789550535,372966.8127297672,0.0020801775787033707,40.077316407652525,9.36302390758259e-7,0.0010310660157613893,1,109
0.00544,179.37422816886186,-22.153633174097088,-282.11441016261347,99.91848298700559,-127.4657915288989,22.78641567962152,-2.7487027756155946,-151.59155373374114,-61.342460512106484,-170.1472314232901,188.22689810916086,188.48687289023238,188.49275724804355,188.4922811243063,188.49183308532568,188.4914595214514,188.49114414204425,188.4909240817252,-10.152101802973535,-0.13565763231497918,0.03526892751111177,0.031868826276699735,0.027944843112892137,0.024795854177135368,0.020279165434899937,14318.254934198287,0.0,175.88318482597967,372966.466959046,0.002104513013551211,40.2355671699852,9.36302390758259e-7,0.0010310660157613893,1,109
0.005450000000000001,179.00511451898117,-20.9294767723646,-282.77069941068316,100.19013630519217,-127.55592970745406,22.501627054084317,-2.808327750503441,-151.87356578160362,-61.16727187388463,-170.02816332389628,188.2259823670642,188.48681875980367,188.49275145479427,188.49227510614656,188.49182624539816,188.49145199232848,188.49113603640325,188.49091584164998,-10.209283338229689,-0.13714498135690967,0.035379578731187245,0.03198128642078757,0.028043058402135834,0.024882465134027143,0.020339833443165034,14241.424871011017,0.0,176.21691975379,372966.12141372566,0.0021290715728072467,40.39410535128964,9.36302390758259e-7,0.0010310660157613893,1,110
0.0054600000000000004,178.63334311248633,-19.70513661414771,-283.4230835589081,100.46156170051302,-127.64439942130633,22.215579588316587,-2.867847819919799,-152.15441042306622,-60.991482168149524,-169.9058276915051,188.22506764246646,188.48676435007832,188.49274565439077,188.49226908797908,188.49181940552276,188.49144446324462,188.49112793084302,188.49090760634678,-10.266641953399022,-0.13864405155191584,0.035490246077021226,0.032093943431355854,0.028141446086635824,0.024969225651295446,0.02040045475544705,14164.626879522606,0.0,176.54937889915635,372965.77609995916,0.0021538545508894722,40.55292991788923,9.36302390758259e-7,0.0010310660157613893,1,110
0.00547,178.25891923307196,-18.480630100030147,-284.071553335465,100.73275107886036,-127.73119723328881,21.928279103314175,-2.9272623117971968,-152.43408620309182,-60.81509524603344,-169.78023232859488,188.22415395502694,188.48670966023153,188.4927398467806,188.4922630698031,188.4918125656996,188.4914369341999,188.4911198253639,188.49089937121724,-10.324177314610752,-0.14015490587897084,0.035600927651189274,0.032206797290477596,0.028240006158264386,0.025056135721733597,0.020461109646948472,14087.864040142042,0.0,176.88055712124176,372965.43102085026,0.0021788632421409037,40.712039830841064,9.36302390758259e-7,0.0010310660157613893,1,110
0.0054800000000000005,177.88184820213024,-17.255974632959937,-284.71609952416344,101.00369642211726,-127.81631990730665,21.639731542600643,-2.986570555542462,-152.71259187847267,-60.63811495165242,-169.65138559411258,188.22324132435682,188.48665468944048,188.49273403191106,188.49225705161788,188.49180572592877,188.49142940519437,188.49111171996628,188.49089113626147,-10.38188908386589,-0.14167760745944413,0.03571162153995111,0.032319847979628946,0.028338738630899307,0.025143195329430768,0.02052179870386439,14011.13940925262,0.0,177.2104496818896,372965.0861825214,0.002204098940748427,40.87143404598307,9.36302390758259e-7,0.0010310660157613893,1,110
0.00549,177.50213537867506,-16.031187618002043,-285.3567129645748,101.2743897206469,-127.89976426029314,21.349942891677408,-3.04577188204628,-152.98992623607,-60.46054512266906,-169.51929595963858,188.22232977001724,188.48659943688443,188.49272820972914,188.49225103342266,188.49179888621032,188.49142187622815,188.4911036146505,188.49088290147958,-10.439776919009745,-0.1432122195765846,0.03582232581027078,0.032433095475127516,0.02843764350503797,0.02523040445733926,0.020582521922245967,13934.4560261915,0.0,177.53905189428374,372964.7415910791,0.002229562940673694,41.03111151418602,9.36302390758259e-7,0.0010310660157613893,1,110
0.0055000000000000005,177.11978615926617,-14.806286462090878,-285.9933845521646,101.54482304201335,-127.98152730537926,21.05891925245512,-3.1048656236932786,-153.26608826798548,-60.282389589511624,-169.38397242938652,188.22141931151742,188.48654390174465,188.4927223801816,188.49224501521672,188.49179204654436,188.4914143473013,188.49109550941694,188.49087467154587,-10.497840473783143,-0.14475880567512256,0.03593303852769125,0.032546539761540316,0.028536720774532398,0.02531776310329903,0.02064327926268472,13857.816905900898,0.0,177.86635946536583,372964.3972556968,0.002255256535566407,41.19107118160055,9.36302390758259e-7,0.0010310660157613893,1,111
0.00551,176.7348059779324,-13.58128857378362,-286.6261052384199,101.81498839597245,-128.0616059657138,20.76666669206849,-3.1638511143703507,-153.54107682067558,-60.103652176575004,-169.24542369334733,188.22050996831405,188.48648808320448,188.4927165432149,188.49223899699928,188.49178520693098,188.49140681841385,188.49108740426618,188.4908664464602,-10.556079397805608,-0.14631742935922532,0.03604375773087032,0.03266018081243516,0.028635970459109927,0.02540527123594316,0.020703985948059334,13781.22505291815,0.0,178.19236781237967,372964.05318244745,0.0022811810186970437,41.351311989706076,9.36302390758259e-7,0.0010310660157613893,1,111
0.005520000000000001,176.34720030609415,-12.356211363011234,-287.25486603097966,102.08487773248905,-128.13999707453613,20.47319124491306,-3.2227276894774572,-153.81489059490548,-59.92433670210198,-169.1036581315286,188.21960175981297,188.48643198044937,188.49271069877526,188.49223297876958,188.49177836737027,188.49139928956595,188.49107929919862,188.49085822154842,-10.614493336610089,-0.14788815440192593,0.0361544814547754,0.03277401861444673,0.02873539255371682,0.02549292884472365,0.02076472357353243,13704.68346133886,0.0,178.51707206035988,372963.70937430445,0.0023073376828835666,41.51183287495907,9.36302390758259e-7,0.0010310660157613893,1,111
0.00553,175.95697465248608,-11.131072240833022,-287.8796579937608,102.3544830793395,-128.21669766153974,20.178499061391726,-3.2814946859360496,-154.08752849633592,-59.744446976745145,-168.9586846542962,188.21869470536865,188.48637559266686,188.49270484680858,188.49222696052684,188.49177152786234,188.49139176075764,188.49107119421458,188.49084999681068,-10.673081931637814,-0.14947104471320038,0.0362652077175607,0.03288805314139864,0.02883498706083021,0.0255807359251623,0.020825492736905815,13628.195100290432,0.0,178.84046772770802,372963.3658373081,0.0023337278204086397,41.672632768840366,9.36302390758259e-7,0.0010310660157613893,1,111
0.005540000000000001,175.56413456307848,-9.905888619187625,-288.50047224708686,102.62379647452083,-128.29170480976006,19.88259633237611,-3.3401514421989944,-154.35898945995237,-59.56398680411003,-168.81051227877435,188.2177888242822,188.48631891904662,188.49269898726052,188.49222094227028,188.49176468840724,188.491384231989,188.49106308931445,188.49084177224702,-10.731844820258711,-0.15106616438160358,0.036375934523333875,0.03300228437717578,0.028934753983325123,0.025668692457893272,0.020886293422112345,13551.76292084923,0.0,179.16255038408093,372963.02257748204,0.0023603527229509214,41.833710598102165,9.36302390758259e-7,0.0010310660157613893,1,111
0.00555,175.16868562099853,-8.680677910646255,-289.1172999678129,102.89281003477994,-128.36501579363494,19.585489358721908,-3.398697298259826,-154.62927261893884,-59.38295998000399,-168.65915052864975,188.2168841357997,188.48626195878052,188.49269312007647,188.4922149239991,188.4917578490051,188.4913767032601,188.4910549844986,188.49083355260694,-10.790781635790221,-0.15267357763984712,0.036486659864496396,0.03311671229543123,0.02903469332972719,0.025756798428869132,0.020947125602117644,13475.389848801045,0.0,179.48331598305776,372962.6796039655,0.0023872136815009997,41.99506528500934,9.36302390758259e-7,0.0010310660157613893,1,112
0.005560000000000001,174.7706334464511,-7.455457528165089,-289.7301323894518,103.16151582089498,-128.43662780296765,19.28718440993383,-3.45713159566235,-154.89837696637343,-59.201370293593186,-168.50460862774824,188.2159806591115,188.48620471106256,188.4926872452015,188.4922089057125,188.49175100965596,188.49136917457102,188.49104687976762,188.49082533789033,-10.84989200751284,-0.15429334887701174,0.03659738171224003,0.03323133687979407,0.029134805097459804,0.02584505382658797,0.021007903134652395,13399.078798449778,0.0,179.80276019803108,372962.3369227467,0.00241431198628825,42.15669574738868,9.36302390758259e-7,0.0010310660157613893,1,112
0.00557,174.36998369663857,-6.230244884837797,-290.33896080229835,103.429905835793,-128.50653794303196,18.98768772613756,-3.5154536775095586,-155.16630135517272,-59.01922152728925,-168.34689550416482,188.21507841335398,188.48614717508895,188.4926813625804,188.49220288740966,188.49174417035994,188.49136164592184,188.49103877512192,188.4908171233478,-10.909175560679355,-0.15592554264314806,0.03670809803817843,0.03334615810408792,0.029235089297525718,0.025933458626409944,0.02106870892281698,13322.832672574541,0.0,180.12087841982827,372961.9945366632,0.0024416489267018336,42.31860089828834,9.36302390758259e-7,0.0010310660157613893,1,112
0.005580000000000001,173.96674206568076,-5.005057393647909,-290.9437765535531,103.69797216175424,-128.57474351072167,18.687005657008164,-3.573662888473402,-155.4330448360876,-58.83651745536274,-168.18602059022894,188.2141774176089,188.4860893500581,188.49267547215774,188.49219686908978,188.49173733111712,188.49135411731262,188.49103067056188,188.49080890897946,-10.968631916514035,-0.15757022364217654,0.036818806789948866,0.03346117594927733,0.029335545921797213,0.02602201283228922,0.021129543580424404,13246.654348115197,0.0,180.43766642277146,372961.65245166875,0.0024692257912215304,42.48077964602553,9.36302390758259e-7,0.0010310660157613893,1,112
0.00559,173.56091428453396,-3.7799124672220668,-291.54457104744546,103.9657068929739,-128.64124185650846,18.385144591150343,-3.631758574803861,-155.6986064884222,-58.65326184446826,-168.02199341911702,188.21327769090166,188.4860312351707,188.49266957387775,188.49219085075205,188.49173049192757,188.49134658874348,188.49102256608785,188.4908006947854,-11.02826069224999,-0.15922745672660454,0.03692950590114208,0.0335763903940034,0.029436174981376517,0.026110716415631785,0.021190407088793606,13170.546683002585,0.0,180.7531200322473,372961.3106736989,0.002497043867330044,42.64323089442775,9.36302390758259e-7,0.0010310660157613893,1,112
0.005600000000000001,173.15250612090904,-2.5548275175809634,-292.14133574535583,104.2331022036681,-128.7060305172705,18.082111020804703,-3.6897400843384762,-155.9629855825215,-58.46945845292065,-167.8548240045401,188.21237925219955,188.4859728296297,188.4926636676844,188.49218483239562,188.4917236527914,188.49133906021447,188.4910144617002,188.49079248558968,-11.08806150113529,-0.16089730689764004,0.037040193288393475,0.033691801411748656,0.02953697648151632,0.026199569366072595,0.021251299429115633,13094.512509052412,0.0,181.0672354471942,372960.96921185334,0.002525104441440819,42.80595354306845,9.36302390758259e-7,0.0010310660157613893,1,113
0.00561,172.74152337919014,-1.329819955893897,-292.7340621659371,104.50015021410684,-128.76910695064745,17.777911410153948,-3.7476067665114066,-156.22618125422701,-58.28511103181037,-167.68452207461016,188.2114821204113,188.48591413264026,188.49265775352143,188.49217881401964,188.49171681370868,188.49133153172565,188.49100635739956,188.49078428139214,-11.148033952446234,-0.162579839327174,0.03715086687003932,0.03380740898055734,0.029637950422813475,0.026288571665768146,0.02131213309948876,13018.554645544098,0.0,181.38000859620308,372960.62807203055,0.0025534087988143325,42.96894648731604,9.36302390758259e-7,0.0010310660157613893,1,113
0.005620000000000001,172.32797190035174,-0.10490719222973599,-293.3227418852343,104.76684298882975,-128.83046853517533,17.472552197226335,-3.805357972362561,-156.488192504813,-58.10022332489325,-167.51109707584936,188.21058631438848,188.4858551434099,188.4926518313322,188.49217279562325,188.4917099746795,188.49132400327713,188.49099825318632,188.49077607736885,-11.208177651493976,-0.16427511933290084,0.03726152453710441,0.033923213076320735,0.029739096807944065,0.02637772330162491,0.021372992306586625,12942.67589917198,0.0,181.69143513526896,372960.2872569284,0.002581958223493714,43.13220861800537,9.36302390758259e-7,0.0010310660157613893,1,113
0.0056300000000000005,171.91185756187565,1.119893364689796,-293.90736653680614,105.03317267299363,-128.89011283597517,17.16603992322019,-3.8629930545471503,-156.74901852621122,-57.91479906725827,-167.33455893294553,188.20969185292515,188.48579586114846,188.4926459010599,188.49216677720563,188.491703135704,188.49131647486897,188.49099014906088,188.4907678735199,-11.268492199662148,-0.16598321236900304,0.03737216415897748,0.0340392136800034,0.02984041563968365,0.02646702426039127,0.02143387767882654,12866.879049993118,0.0,182.0015110934745,372959.9467724088,0.0026107539982116804,43.295738821485266,9.36302390758259e-7,0.0010310660157613893,1,113
0.00564,171.49318627766783,2.344564307737686,-294.48792781184187,105.29913142531487,-128.9480374719056,16.85838116669793,-3.9205113673449556,-157.00865853810947,-57.72884198583269,-167.15491766550173,188.20879875475603,188.4857362850681,188.49263996264733,188.49216075876586,188.4916962967822,188.49130894650122,188.49098204502357,188.49075966984535,-11.32897719438931,-0.16770418405710785,0.03748278361369817,0.03415541076191175,0.029941906921205685,0.02655647452479215,0.021494789201164544,12791.166858145642,0.0,182.31023255067365,372959.60662431474,0.0026397974043195055,43.45953597985398,9.36302390758259e-7,0.0010310660157613893,1,113
0.0056500000000000005,171.07196399797385,3.569088231629012,-295.06441745928106,105.56471148552627,-129.00424024305022,16.54958260360199,-3.977912266668861,-157.26711194397384,-57.5423557986876,-166.97218374773618,188.207907038555,188.48567641438333,188.4926340160371,188.4921547403031,188.49168945791422,188.491301418174,188.49097394107483,188.49075147124316,-11.389632229198632,-0.16943810016748628,0.03759338074263319,0.034271804305589626,0.030043570660737373,0.0266460740755754,0.021555726851794077,12715.542056900666,0.0,182.61759594939267,372959.26682170137,0.0026690897217066397,43.623598971188585,9.36302390758259e-7,0.0010310660157613893,1,114
0.00566,170.64819670929475,4.793447733168328,-295.63682728592926,105.82990504161398,-129.05871887568702,16.239650884970104,-4.035195110074737,-157.5243780184247,-57.35534421610964,-166.78636738240218,188.20701672293444,188.48561624831106,188.49262806117147,188.49214872181648,188.49168261910015,188.49129388988737,188.49096583721527,188.49074327771316,-11.450456893729232,-0.17118502661837098,0.03770395339047994,0.0343883942841785,0.030145406857980284,0.026735822900784356,0.021616601786942802,12640.007365963362,0.0,182.92359747195675,372958.9273703727,0.00269863222872276,43.7879266695939,9.36302390758259e-7,0.0010310660157613893,1,114
0.0056700000000000006,170.2218904343016,6.017625411497139,-296.2051491565764,106.094704228132,-129.11147102245,15.928592638766986,-4.092359256770319,-157.78045590716488,-57.16781094049577,-166.59747850466937,188.20612782644693,188.48555578607062,188.49262209799247,188.4921427033051,188.49167578034005,188.49128636164141,188.4909577334453,188.49073508435754,-11.511450773729308,-0.17294502946874246,0.03781449936724801,0.03450518067030828,0.03024741551630683,0.026825720990212076,0.02167749950470732,12564.56549141993,0.0,183.2282330383686,372958.58827288257,0.002728426202098616,43.952517944886125,9.36302390758259e-7,0.0010310660157613893,1,114
0.00568,169.7930512317504,7.241603868340476,-296.76937499411014,106.35910126123758,-129.1624945173376,15.616414589841916,-4.149404067624204,-158.0353449392737,-56.979759665074454,-166.4055275019197,188.20524036758454,188.48549502688374,188.49261612644176,188.49213668476804,188.49166894163403,188.4912788334362,188.49094962976528,188.49072689117637,-11.57261345107979,-0.17471817493764163,0.03792501649479085,0.034622163439529174,0.03034959663551806,0.026915768318719557,0.02173842065748577,12489.219111994697,0.0,183.5314989308038,372958.2495349969,0.00275847291686753,44.1173716626403,9.36302390758259e-7,0.0010327407112271092,1,114
0.005690000000000001,169.36168519639523,8.46536570825576,-297.32949677963296,106.62308837224171,-129.21178724817148,15.303123498821144,-4.206328905174974,-158.2890444707659,-56.79119407439098,-166.21052485051894,188.2043543647773,188.48543396997457,188.49261014646083,188.49213066620442,188.49166210298216,188.49127130527182,188.49094152617562,188.49071869816967,-11.633944503799619,-0.17650452938224426,0.038035502557294265,0.03473934256722089,0.030451950224040125,0.027005964875259636,0.021799365217987976,12413.970885632854,0.0,183.83339148181588,372957.9111624619,0.0027887736462864857,44.28248668441956,9.36302390758259e-7,0.0010352773258276993,1,114
0.0057,168.92779845890246,9.688893538878013,-297.885506552574,106.88665787419205,-129.25934727864654,14.988726217559197,-4.263133133640283,-158.54155403407776,-56.60211784364385,-166.0124814556983,188.20346983639175,188.48537261456977,188.4926041579908,188.49212464761328,188.49165526438455,188.49126377714833,188.4909334226767,188.49071051030865,-11.695443506070866,-0.17830415931041443,0.03814595532546594,0.03485671803409218,0.030554476287523613,0.027096310645784882,0.021860333162432966,12338.823442734038,0.0,184.133907375269,372957.5731642828,0.002819329661754721,44.44786186799786,9.36302390758259e-7,0.0010378084715703118,1,115
0.005710000000000001,168.49139718576293,10.912169971168616,-298.4373964108038,107.14980203076186,-129.30517260411068,14.67322957601369,-4.319816118926177,-158.7928730385051,-56.41253463971083,-165.8114079652045,188.2025868007304,188.48531095989844,188.49259816097253,188.49211862899372,188.49164842584128,188.49125624906583,188.4909253192692,188.49070232759308,-11.757110028262465,-0.18011713137712526,0.03825637258093373,0.03497428980194428,0.030657174826068,0.027186805615565746,0.021921234319814076,12263.779399130088,0.0,184.4330430452595,372957.23554616526,0.0028501422327345946,44.61349606740891,9.36302390758259e-7,0.0010403349435649245,1,115
0.00572,168.05248757920478,12.135177619661746,-298.9851585107459,107.41251305466227,-129.34926115174795,14.356640384001402,-4.376377228635571,-159.04300077012235,-56.22244812105006,-165.60731477304708,188.20170527603312,188.48524900519223,188.49259215534659,188.4921126103448,188.4916415873524,188.4912487210244,188.4909172159535,188.49069414505195,-11.818943636928367,-0.18194351237821138,0.038366752058083264,0.03509205785672975,0.03076004583967329,0.027277449762735273,0.02198215548236071,12188.841356028892,0.0,184.73079467411807,372956.8983105154,0.0028812126266736893,44.77938813264205,9.36302390758259e-7,0.001042855768115386,1,115
0.005730000000000001,167.61107587710498,13.35789910271172,-299.52878506748846,107.67478324091758,-129.39161102471752,14.038965542045759,-4.4328158320776385,-159.29193669100746,-56.03186193647402,-165.40021269967247,188.20082528047672,188.48518674968525,188.49258614105327,188.49210659166556,188.49163474891805,188.49124119302408,188.49090911272998,188.49068596268532,-11.880943894828961,-0.1837833692638302,0.03847709149739753,0.03521002216325542,0.030863089339242755,0.02736824307381447,0.022043097287866686,12114.011886625467,0.0,185.0271587949523,372956.56146299856,0.0029125421089230543,44.9455369096898,9.36302390758259e-7,0.0010453710927769838,1,115
0.00574,167.167168352901,14.580317042739331,-300.0682683548946,107.93660490124766,-129.4322203800144,13.720211984839828,-4.489131300276651,-159.53968028932974,-55.84077972561737,-165.19011264859657,188.19994683217337,188.4851241926142,188.49258011803258,188.49210057295508,188.49162791053828,188.49123366506498,188.49090100959907,188.49067778049323,-11.943110360942912,-0.18563676912000204,0.038587388615383134,0.03532818270421245,0.03096630531684763,0.02745918553164195,0.022104059723901948,12039.293542528152,0.0,185.3221319907573,372956.2250092601,0.002944131942659711,45.1119412407703,9.36302390758259e-7,0.0010478815011595033,1,115
0.005750000000000001,166.72077131550117,15.802414066480402,-300.60360070571284,108.19797042955702,-129.47108754500226,13.400386732274619,-4.545323005980911,-159.7862312222429,-55.6492051183006,-164.9770259266797,188.19906994916929,188.48506133321828,188.4925740862242,188.49209455421237,188.4916210722132,188.49122613714718,188.49089290656116,188.4906696035193,-12.005442590487801,-0.18750377918229866,0.03869764111655627,0.03544653944690168,0.031069693786564656,0.02755027712782976,0.022165042764071607,11964.688847193063,0.0,185.61571118402378,372955.88895825116,0.0029759833888065228,45.27859996454342,9.36302390758259e-7,0.00105038585637654,1,116
0.00576,166.27189110919565,17.024172805230677,-301.1347745116855,108.4588721729152,-129.50821078416806,13.079496785197485,-4.601390323671804,-160.03158902950236,-55.457141735514355,-164.7609635971018,188.1981946494442,188.48499817073935,188.4925680455676,188.49208853543647,188.4916142339429,188.49121860927073,188.49088480361692,188.4906614317633,-12.06794013494989,-0.18938446682141574,0.03880784669394011,0.035565092363697204,0.031173254747995927,0.027641517833556506,0.022225954942061144,11890.200308538451,0.0,185.9078930581727,372955.55331557465,0.003008097705945035,45.44551191615913,9.36302390758259e-7,0.0010528852250570597,1,116
0.005770000000000001,165.8205341135657,18.24557589509425,-301.66178222365676,108.71930243006503,-129.54358829932573,12.757549127092837,-4.657332629572463,-160.27575313337786,-55.264593189323044,-164.54193648296717,188.19732095091268,188.4849347044218,188.49256199600185,188.49208251662637,188.4916073957274,188.49121108143575,188.49087670076673,188.49065326018177,-12.130602542066667,-0.19127889955788469,0.03891800301374371,0.03568384142688785,0.03127698820728941,0.027732907640706017,0.022286884294960174,11815.830418884792,0.0,186.19867405567814,372955.2180834855,0.0030404761502489477,45.61267592696647,9.36302390758259e-7,0.0010553790144634673,1,116
0.00578,165.36670674339337,19.466605977229634,-302.1846163516809,108.97925358249952,-129.5772184627205,12.434550826093648,-4.713149301656795,-160.5187231246875,-55.07156308169619,-164.3199558082795,188.19644887142377,188.48487093351267,188.49255593746582,188.4920764977811,188.49160055756687,188.4912035536423,188.49086859801105,188.49064508877476,-12.193429355883174,-0.1931871450396354,0.03902810774068399,0.035802786614006266,0.03138089416384826,0.02782444652482141,0.022347831477908642,11741.581641963328,0.0,186.4880509579419,372954.8832675449,0.0030731199753916754,45.78009082456058,9.36302390758259e-7,0.0010578668832934568,1,116
0.005790000000000001,164.9104154485701,20.687245698096604,-302.70326946512733,109.23871802989477,-129.609099700377,12.110508982881548,-4.768839719658279,-160.76049861947757,-54.87805500495379,-164.09503287423144,188.1955784287595,188.48480685726165,188.49254986989806,188.49207047889968,188.49159371946135,188.49119602589042,188.49086049535023,188.49063691754228,-12.256420116721724,-0.19510927107397613,0.03913815851748659,0.0359219278867684,0.03148497262352201,0.02791613447683261,0.022408796476629966,11667.456419163314,0.0,186.77602059567,372954.54887329304,0.003106030432470428,45.947755432998484,9.36302390758259e-7,0.0010603493505030176,1,116
0.0058000000000000005,164.45166671400514,21.907477709702835,-303.2177341927876,109.4976882542914,-129.63923060304506,11.785430777435892,-4.824403265078863,-161.0010793952696,-54.68407254116318,-163.86717936012548,188.19470964063353,188.48474247492106,188.49254379323682,188.49206445998107,188.49158688141094,188.49118849818024,188.4908523927847,188.49062875159962,-12.319574361232277,-0.19704534559578413,0.0392481529653832,0.03604126522760964,0.031589223586808046,0.02800797147991929,0.022469779279077784,11593.457163189476,0.0,187.06258012682304,372954.21490962285,0.003139208769922993,46.11566857300782,9.36302390758259e-7,0.0010628258468153018,1,117
0.00581,163.9904670595335,23.12728466985045,-303.72800322297877,109.75615669359453,-129.66760970407006,11.459323373388912,-4.879839321197579,-161.2404651179603,-54.48961926307558,-163.63640671518755,188.19384252469087,188.48467778574593,188.49253770742007,188.49205844102426,188.49158004341572,188.4911809705118,188.49084429031512,188.49062059094655,-12.382891622401504,-0.1989954366843758,0.03935808870390023,0.03616079860366028,0.03169364706153566,0.028099957510919538,0.022530687093373913,11519.586270270998,0.0,187.34772648123408,372953.8813820308,0.0031726562334519963,46.28382906203503,9.36302390758259e-7,0.001065297067163129,1,117
0.0058200000000000005,163.5268230398231,24.34664924238264,-304.2340693036488,110.01411574017797,-129.69423547961208,11.132193919625621,-4.935147273079386,-161.47865534172513,-54.294698734037176,-163.40272616202202,188.192977098509,188.48461278899393,188.49253161238548,188.49205242202822,188.4915732054758,188.4911734428852,188.49083618794197,188.4906124304679,-12.44637142956989,-0.2009596125535662,0.039467963330714895,0.036280527986697564,0.031798243045426666,0.028192092555944015,0.02259160922885428,11445.846120100568,0.0,187.6314563588475,372953.5482926174,0.0032063740659430315,46.45223571396729,9.36302390758259e-7,0.0010677623318806478,1,117
0.00583,163.06074124428187,25.565554097429327,-304.73592524247823,110.27155786933261,-129.71910657058177,10.804049643755505,-4.990326507584238,-161.71564978176417,-54.09931450687476,-163.1661492988888,188.19211337959752,188.4845474839255,188.49252550807043,188.49204640299192,188.49156636759122,188.49116591530054,188.49082808566558,188.49060427016374,-12.510013308439385,-0.2029379415545094,0.039577774424421897,0.036400453343595984,0.03190301154640984,0.02828437660140004,0.022652546347293523,11372.239063279188,0.0,187.91376678626224,372953.21564683615,0.0032403635073813405,46.62088733917925,9.36302390758259e-7,0.0010702218166856042,1,117
0.005840000000000001,162.5922282969636,26.783981911655054,-305.2335639069836,110.52847557596526,-129.7422216715447,10.474897804303922,-5.045376413375223,-161.95144817762315,-53.90347012432139,-162.9266877954094,188.19125138539678,188.48448186980374,188.492519394412,188.49204038391431,188.4915595297621,188.49115838775788,188.49081998348643,188.4905961100341,-12.57381678108981,-0.2049304921846158,0.039687519551909745,0.03652057464862679,0.03200795256765865,0.028376809621807553,0.02271349843938708,11298.767427364995,0.0,188.19465483870874,372952.8834501184,0.003274625794772875,46.78978274474157,9.36302390758259e-7,0.001072675137230486,1,117
0.00585,162.12129085647453,28.001915368503134,-305.72697822461765,110.78486143726207,-129.76357963602686,10.144745733338539,-5.100296380927597,-162.1860504227553,-53.70716911844363,-162.6843536744186,188.19039113327673,188.4844159458946,188.49251327134698,188.49203436479434,188.49155269198852,188.49115086025728,188.4908118814049,188.49058795526503,-12.6377813660098,-0.20693733306148054,0.0397971962682897,0.03664089186591468,0.0321130661060991,0.02846939160855122,0.022774465485118967,11225.433510771878,0.0,188.4741179060347,372952.5517112949,0.003309162162062846,46.95892073462234,9.36302390758259e-7,0.0010751226543571774,1,118
0.005860000000000001,161.64793561587797,29.219337158443402,-306.2161611828709,111.04070798912792,-129.7831792656113,9.813600749111515,-5.155085802537454,-162.4194563047835,-53.510415011533425,-162.43915874205737,188.18953264053644,188.4843497114667,188.49250713881187,188.49202834563093,188.49154585427056,188.49114333279883,188.4908037794217,188.49057980585633,-12.701906578096807,-0.20895853294157085,0.03990680209668085,0.03676140497256597,0.03221835217600688,0.028562122534900425,0.022835353418110493,11152.239594537185,0.0,188.75215316112448,372952.220435752,0.0033439738400520653,47.128300109734695,9.36302390758259e-7,0.001077564336229006,1,118
0.00587,161.1721693025997,30.43622997921745,-306.7011058293707,111.29600772488409,-129.80101931016884,9.481470157577874,-5.209744072330298,-162.65166550539547,-53.31321131602446,-162.19111459107063,188.18867592440532,188.48428316579154,188.4925009967429,188.492022326423,188.4915390166083,188.4911358053826,188.49079567753725,188.490571656622,-12.766191928690091,-0.21099416072812183,0.04001633456403031,0.03688211393752283,0.032323810766180294,0.028655002396535068,0.02289625276798546,11079.187942260009,0.0,189.02875755824905,372951.8896254332,0.003379062056322088,47.297919667672076,9.36302390758259e-7,0.001080000109723922,1,118
0.005880000000000001,160.69399867833215,31.652576536084702,-307.18180527198024,111.55075322067059,-129.81709867852,9.148361337639706,-5.264270586269824,-162.88267785972292,-53.11556153343241,-161.94023316496293,188.18782100204277,188.48421630814335,188.49249484507595,188.49201630716948,188.49153217900184,188.4911282780087,188.49078757575197,188.4905635075621,-12.830636925567655,-0.21304428545835563,0.040125791177989534,0.037003018724568904,0.03242944189604824,0.028748031156201392,0.022957164233001315,11006.280788018526,0.0,189.30392836566662,372951.55928568065,0.003414428035148569,47.467778202754694,9.36302390758259e-7,0.0010824295744045198,1,118
0.00589,160.21343053893835,32.86835954206818,-307.6582526788963,111.8049370736199,-129.83141633294915,8.814281697472765,-5.318664742165864,-163.11249322634143,-52.917469154762514,-161.68652647283923,188.18696789053686,188.4841491377992,188.49248868374664,188.49201028786925,188.49152534145125,188.49112075067717,188.49077947406627,188.4905553586766,-12.89524107297061,-0.21510897628888337,0.040235169421452,0.0371241193025611,0.032535245563133586,0.02884120880528407,0.023018087786251584,10933.520342203412,0.0,189.57766289950746,372951.229421814,0.003450072997424819,47.63787450623038,9.36302390758259e-7,0.0010848529872590357,1,118
0.005900000000000001,159.7304717143552,34.08356171820037,-308.1304412787467,112.05855196279941,-129.84397138883224,8.479238713195073,-5.372925939684181,-163.3411116101207,-52.718937659966215,-161.43000685251576,188.18611660690328,188.48408165403904,188.4924825126903,188.4920042685212,188.49151850395663,188.4911132233881,188.4907713724806,188.49054721522157,-12.96000387163281,-0.21718830251308674,0.04034446676361991,0.03724541563777706,0.03264122176981399,0.028934535335622513,0.023079023410589983,10860.908785673397,0.0,189.84995877751794,372950.9000425973,0.003485998160579822,47.80820736646856,9.36302390758259e-7,0.001087269959877929,1,119
0.00591,159.24512906849677,35.29816579376823,-308.5983643606863,112.31159052899653,-129.85476291504068,8.143239849473254,-5.427053580353531,-163.56853291590673,-52.51997051878798,-161.17068643825274,188.18526716808495,188.48401385614565,188.49247633184189,188.49199824912426,188.49151166651802,188.4911056961416,188.49076327099564,188.49053907719676,-13.024924818784072,-0.21928233356282156,0.04045368066156296,0.03736690770448803,0.032747370522038466,0.029028010714826635,0.023139875771364338,10788.448281048435,0.0,190.12081341184273,372950.5711533044,0.0035222047384939844,47.978775569007055,9.36302390758259e-7,0.0010896812393788174,1,119
0.005920000000000001,158.75740949915627,36.51215450655944,-309.062015274492,112.56404537350821,-129.86378993418126,7.806292560956095,-5.481047067575377,-163.79475694841048,-52.32057119068718,-160.90857716389067,188.18441959095307,188.48394574340472,188.49247014113615,188.49199222967727,188.49150482913555,188.49109816893773,188.49075516961184,188.49053093934623,-13.090003408179228,-0.22139113898450447,0.040562808548090246,0.03748859546880112,0.03285369181950859,0.029121634929234474,0.02320073663139599,10716.140972648078,0.0,190.390224007484,372950.24275571853,0.003558693941418998,48.14957789630121,9.36302390758259e-7,0.0010920858971981973,1,119
0.00593,158.2673199379084,37.72551060310722,-309.5213874306586,112.81590918009181,-129.8710516219044,7.468404369618234,-5.534905806631853,-164.0197836581585,-52.12074312383513,-160.64369128953393,188.18357389230684,188.48387731510476,188.49246394050755,188.49198621017908,188.4914979918093,188.49109064177654,188.49074706832965,188.49052280166998,-13.155239130090651,-0.22351478847523865,0.040671847849482745,0.03761047889940272,0.03296018566797443,0.029215407959252815,0.0232616066791822,10643.98897491534,0.0,190.65818807039926,372949.9148550676,0.0035954669759013357,48.32061312776954,9.36302390758259e-7,0.0010944843035401858,1,119
0.005940000000000001,157.77486735001062,38.938216838935666,-309.97647430049034,113.06717465481603,-129.87654720707104,7.129582825061881,-5.588629204693922,-164.24361301820545,-51.92048975550067,-160.37604113520868,188.1827300888723,188.4838085705373,188.49245772989016,188.49198019062857,188.49149115453935,188.49108311465812,188.49073896714947,188.49051466416805,-13.220631471350798,-0.2256533518566286,0.04078079598329509,0.03773255795690034,0.03306685206763493,0.02930932979037948,0.02332248590083008,10571.994378016874,0.0,190.92470315357735,372949.58745655674,0.003632525044694711,48.49188003998715,9.36302390758259e-7,0.0010968765117221752,1,119
0.00595,157.28005873430425,40.15025597880484,-310.427269416196,113.31783458508758,-129.88027606567562,6.789835539397252,-5.642216670830626,-164.46624514024975,-51.719814511540136,-160.1056393255927,188.18188819730125,188.48373950899673,188.49245150921783,188.49197417102457,188.49148431732576,188.4910755875826,188.49073086607174,188.49050653216548,-13.286179915353538,-0.22780689906131713,0.04088965032154057,0.03785483261788869,0.03317369102136514,0.029403400405339397,0.023383374278681757,10500.159242271897,0.0,191.18976709828695,372949.2605688799,0.0036698693466834585,48.66337740687152,9.36302390758259e-7,0.001099261969083165,1,120
0.005960000000000001,156.78290112311493,41.36161079695586,-310.87376637097873,113.56788172317329,-129.88223753261283,6.449170115473912,-5.695667616016697,-164.68768004177792,-51.518720807196914,-159.83249829468107,188.18104823417093,188.48367012978042,188.49244527842404,188.4919681513659,188.49147748016864,188.49106806055,188.4907227650972,188.49049840566207,-13.351883942085209,-0.22997550017774593,0.04099840825814827,0.037977302835152216,0.033280702539670415,0.029497619777970385,0.023444175232945064,10428.485608939649,0.0,191.45337755173344,372948.93419719476,0.0037075010768004785,48.83510399972892,9.36302390758259e-7,0.001101641261934641,1,120
0.0059700000000000005,156.28340158215295,42.57226407735498,-311.3159588191287,113.81730878508097,-129.88243090192213,6.107594148229218,-5.748981453141335,-164.90791764594596,-51.31721204703024,-159.55663028875736,188.18021021598508,188.4836004321887,188.49243903744207,188.49196213165143,188.49147064306806,188.49106053356041,188.49071466422626,188.49049027933276,-13.417743028133039,-0.23215922539613665,0.041107067134484865,0.03809996858477405,0.03338788662067049,0.02959198789115547,0.0235049817298707,10356.975500159195,0.0,191.7155319656218,372948.60834312264,0.00374542142594426,49.00705858701709,9.36302390758259e-7,0.0011040139372103241,1,120
0.00598,155.78156721041225,43.78219861393973,-311.75384047611226,114.06610856866587,-129.88085561469362,5.765115294473283,-5.802157597016581,-165.12695801406372,-51.11529162396663,-159.2780478563219,188.1793741591736,188.48353041552488,188.4924327862048,188.49195611187992,188.49146380602411,188.49105300661395,188.49070656345938,188.49048215317757,-13.483756646698092,-0.23435814504768437,0.04121562429822756,0.03822282983294656,0.03349524326366904,0.029686504731301966,0.023565794464846412,10285.630907909237,0.0,191.97622807924785,372948.28301177453,0.0037836315809024004,49.179239934390516,9.36302390758259e-7,0.001106380206965643,1,120
0.0059900000000000005,155.27740514007004,44.99139721086214,-312.1874051186621,114.31427389535637,-129.87751116491324,5.42174123699472,-5.855195464385275,-165.34480122903776,-50.91296291966793,-158.99676360021562,188.17854008009147,188.4834600790953,188.49242652464488,188.4919500920502,188.49145696903688,188.49104547971066,188.49069846279698,188.4904740271965,-13.549924267624597,-0.2365723295769513,0.04132407707761576,0.038345886531772067,0.033602772479967236,0.029781170275361646,0.02362661342672112,10214.453799361163,0.0,192.23546367802007,372947.9582082373,0.0038221327242638587,49.35164680488569,9.36302390758259e-7,0.0011087394798849765,1,120
0.006,154.77092253638548,46.19984268273331,-312.6166465848647,114.56179766707453,-129.87239718767023,5.077479715832453,-5.9080944739297525,-165.56144750474422,-50.71022930404999,-158.7127904043598,188.17770799501778,188.48338942220926,188.49242025269461,188.49194407216103,188.49145013210642,188.49103795285063,188.49069036223952,188.4904659067828,-13.616245357395243,-0.23880184956964357,0.041432422766272126,0.0384691386655831,0.03371047426698848,0.02987598450894602,0.023687438598092747,10143.446111593825,0.0,192.49323682198775,372947.6339411324,0.0038609260343476343,49.524277959098896,9.36302390758259e-7,0.001111092374345618,1,121
0.006010000000000001,154.26212659759736,47.40751785486832,-313.0415587742488,114.8086727538749,-129.86551328231354,4.732338463779193,-5.960854046279971,-165.77689696665573,-50.50709413603811,-158.42614097458485,188.17687792015553,188.48331844417916,188.492413970286,188.4919380522112,188.49144329523287,188.49103042603394,188.49068226178773,188.49045779193614,-13.682719379186368,-0.2410467757173933,0.04154065866639911,0.03859258617874417,0.03381834863861055,0.02997094739943762,0.02374817216663505,10072.60976184869,0.0,192.7495453888279,372947.31021549855,0.0039000126851127057,49.69713215523185,9.36302390758259e-7,0.0011134387252160483,1,121
0.00602,153.75102455482224,48.61440556352978,-313.46213564787155,115.05489199291392,-129.8568590126979,4.386325207644006,-6.013473604021732,-165.9911496517163,-50.30356076350111,-158.13682784142887,188.17604987163244,188.48324714432044,188.49240767735077,188.4919320321995,188.49143645841627,188.49102289926066,188.49067416144206,188.4904496772634,-13.74934579285669,-0.2433071788476937,0.04164878205366929,0.03871622904424754,0.0339263955920579,0.03006605893317449,0.023808908280940955,10001.946647471343,0.0,193.00438707250842,372946.987032793,0.00393939384608013,49.87020814886836,9.36302390758259e-7,0.0011157780233217035,1,121
0.006030000000000001,153.2376236719514,49.82048865617189,-313.8783712284047,115.3004483023354,-129.84643408366352,4.0394477308319665,-6.065952571704996,-166.2042057273378,-50.09963252235902,-157.8448638140968,188.17522386550075,188.48317552195158,188.49240137382034,188.49192601212465,188.49142962165672,188.49101537253088,188.49066606120294,188.49044156276454,-13.816124054964266,-0.2455831298988489,0.04175679017098144,0.03884006723344413,0.034034615124654444,0.030161319098768402,0.023869647650874626,9931.458635435218,0.0,193.257759840922,372946.66439800686,0.003979070682254242,50.04350469301893,9.36302390758259e-7,0.0011181105512666906,1,121
0.00604,152.7219312455479,51.02574999168425,-314.2902596002194,115.54533462505928,-129.83423825257387,3.69171384107986,-6.118290375851643,-166.41606538158513,-49.89531273693145,-157.55026175066268,188.17439991773625,188.4831035763942,188.4923950596258,188.49191999198544,188.4914227849543,188.49100784584468,188.49065796107084,188.49043344843963,-13.88305361879139,-0.24787469995002276,0.041864680275773836,0.038964100700674464,0.03414300724185182,0.030256727870511924,0.02393039027491728,9861.147567432814,0.0,193.50966170708153,372946.3423161073,0.004019044354040152,50.217020538297795,9.36302390758259e-7,0.0011204363169331488,1,121
0.006050000000000001,152.20395460474248,52.23017244063555,-314.69779490946996,115.78954398341598,-129.82027141180998,3.343131398300933,-6.170486444964213,-166.6267289258059,-49.69060471948641,-157.25303476724307,188.1735780442374,188.48303130697298,188.49238873469798,188.49191397178058,188.49141594830908,188.49100031920213,188.4906498610462,188.49042533974895,-13.950133934364953,-0.25018196017857974,0.04197244958256796,0.03908832940895479,0.034251571952076176,0.03035228522801603,0.023991136123292733,9791.015254888815,0.0,193.76009094473068,372946.0207956391,0.004059316017167283,50.39075443309254,9.36302390758259e-7,0.0011227550615992843,1,122
0.00606,151.68370111112992,53.43373888551639,-315.1009713641777,116.0330693712644,-129.80453342331512,2.993708256998005,-6.222540209533735,-166.8361965887406,-49.48551177095212,-156.95319581415487,188.17275826082493,188.48295871301573,188.49238239896735,188.4919079515088,188.49140911172114,188.49099279260332,188.49064176112978,188.49041723669225,-14.01736444847418,-0.2525049818951324,0.04208009529985457,0.03921275332044871,0.03436030926087863,0.030447991147664055,0.024051786169813738,9721.063488659138,0.0,194.00904565706182,372945.69984152005,0.004099886822598992,50.564705123608675,9.36302390758259e-7,0.0011250670833052867,1,122
0.006070000000000001,151.16117815866377,54.636432220984034,-315.49978323431276,116.27590375304725,-129.78702411883967,2.6434522674391445,-6.2744511020477765,-167.0444685163924,-49.280037180854514,-156.6507576785378,188.17194058324299,188.48288579385346,188.4923760523641,188.49190193116883,188.49140227519058,188.49098526604834,188.49063366132202,188.4904091338092,-14.084744604687451,-0.2548438365233192,0.04218761461122433,0.03933737240350155,0.034469219159733555,0.030543845617884813,0.02411243574472799,9651.294038974509,0.0,194.25652377547524,372945.3794550415,0.0041407579164666666,50.738871353660734,9.36302390758259e-7,0.0011273718098416263,1,122
0.00608,150.6363931735519,55.8382353541036,-315.8942248518757,116.51804017309496,-129.76774346499923,2.292371331397497,-6.326218556998675,-167.25154497753402,-49.07418422648331,-156.34573340318738,188.17112502715864,188.48281254882022,188.49236969481817,188.49189591075933,188.4913954387175,188.49097773953727,188.4906255616234,188.49040103109982,-14.152273843367507,-0.2571985956049172,0.04229500469650649,0.03946218660678369,0.03457830166549325,0.030639848616653254,0.02417308556389486,9581.708645552008,0.0,194.50252349135982,372945.059641073,0.0041819304399706774,50.91325186471583,9.36302390758259e-7,0.001129669873836961,1,122
0.006090000000000001,150.10935361415056,57.03913120459252,-316.2842906109779,116.75947170165816,-129.74669148050464,1.9404733733352302,-6.377842010891446,-167.45742626063682,-48.867956173219206,-156.03813607442018,188.1703116081611,188.48273897725335,188.4923633262591,188.49188989027903,188.49138860230192,188.49097021307017,188.49061746203438,188.4903929285641,-14.219951601671376,-0.25956933080484035,0.042402262700842464,0.039587195908701744,0.03468755676983104,0.030736000117466133,0.024233735619928254,9512.309022412495,0.0,194.74704304016373,372944.74040445883,0.004223405529321413,51.08784539606256,9.36302390758259e-7,0.0011319605036455987,1,122
0.0061,149.5800669708585,58.239102705062564,-316.66997496792175,117.00019148708401,-129.72386831295856,1.5877663650099407,-6.429320902251747,-167.66211276976549,-48.661356274114446,-155.72797901413276,188.16950034176085,188.4826650784933,188.49235694661616,188.4918838697266,188.49138176594397,188.49096268664712,188.49060936255538,188.49038483172848,-14.28777731361245,-0.26195611389103135,0.04250938576788155,0.0397124002584377,0.0347969844810736,0.030832300108707855,0.02429438589268429,9443.096853202285,0.0,194.99008090391646,372944.42175366485,0.004265184315642828,51.26265068497193,9.36302390758259e-7,0.0011342439994854736,1,123
0.006110000000000001,149.04854076601038,59.43813280126271,-317.05127244127857,117.24019265275867,-129.6992740847615,1.2342582744236736,-6.480654671634267,-167.86560483215553,-48.45438777055866,-155.41527539039498,188.16869124338953,188.48259085188377,188.49235055581832,188.4918778491007,188.4913749296437,188.49095516026821,188.4906012631872,188.4903767405927,-14.355750410040667,-0.264359016763942,0.04261637101665716,0.03983779961291134,0.03490658481299924,0.03092874855498806,0.024354936155999596,9374.073800314982,0.0,195.2316354060242,372944.1036934856,0.004307267924896627,51.43766646674124,9.36302390758259e-7,0.0011365203598708434,1,123
0.0061200000000000004,148.51478255377035,60.6362044523208,-317.4281776119674,117.47946829624709,-129.67290889335132,0.8799570669101229,-6.53184276162997,-168.06790269807672,-48.24705389222305,-155.1000382198946,188.16788432840062,188.48251629677165,188.49234415379428,188.49187182839998,188.49136809340123,188.49094763393353,188.49059316393027,188.49036864963028,-14.423870318677423,-0.26677811142972274,0.04272321555201408,0.03996339393953008,0.035016357749253046,0.031025345450849784,0.024415482888882956,9305.241504839223,0.0,195.47170471012006,372943.7862250454,0.004349657477805171,51.61289147449927,9.36302390758259e-7,0.0011387895843331386,1,123
0.006130000000000001,147.97879992002376,61.833300630987296,-317.80068512333145,117.71801159367016,-129.64477296487223,0.524870754411431,-6.582884616874753,-168.26900673286983,-48.03935785628169,-154.78228075254415,188.16707961206927,188.4824414125071,188.49233774047235,188.4918658076231,188.49136125721662,188.49094010764315,188.49058506478508,188.49036055884122,-14.492136464122556,-0.26921347001004925,0.04282991645212508,0.04008918320312205,0.03512630330618993,0.031122090759039267,0.02447602682907224,9236.601577276562,0.0,195.71028722565248,372943.46935308946,0.0043923540897702704,51.78832443924917,9.36302390758259e-7,0.0011410515882066818,1,123
0.0061400000000000005,147.44060048227053,63.02940432387531,-318.16878968121443,117.95581574815473,-129.6148665770829,0.16900736992337073,-6.633779684056923,-168.46891732061,-47.831302867720225,-154.46201627656532,188.16627710959153,188.4823661984435,188.4923313157806,188.4918597867687,188.49135442108997,188.49093258139715,188.4905769657521,188.4903524682255,-14.560548267877092,-0.2716651647340562,0.042936470788066394,0.04021516734702857,0.035236421486585456,0.0312189844770554,0.02453656795642356,9168.155602076158,0.0,195.9473814050033,372943.1530823378,0.0044353588707943155,51.96396409002862,9.36302390758259e-7,0.001143305766433636,1,123
0.00615,146.90019188951587,64.22449853170377,-318.53248605403576,118.19287403938733,-129.58319013048413,-0.18762501094414574,-6.684527411924971,-168.6676349532859,-47.62289211894559,-154.13925829390914,188.1654768360836,188.48229065393753,188.49232487964676,188.4918537658354,188.49134758502132,188.49092505519562,188.49056886683178,188.49034438337466,-14.62910514836952,-0.2741332679487325,0.04304287559899311,0.04034134634381559,0.03534671229371256,0.03131602656928045,0.024597106263550828,9099.905133272563,0.0,196.1829859327799,372942.8374211746,0.004478672925398631,52.13980915406233,9.36302390758259e-7,0.001145553066772581,1,124
0.0061600000000000005,146.35758182216193,65.41856626953908,-318.8917690728651,118.42917972571084,-129.54974400553218,-0.5450183148647483,-6.735127251295828,-168.86516005180746,-47.414128790408846,-153.8140201643418,188.16467880658152,188.48221477834912,188.49231843199826,188.4918477448218,188.4913407490108,188.49091752903863,188.49056076802492,188.4903363042884,-14.697806520959434,-0.2766178521186369,0.04314912792795944,0.040467720147482567,0.035457175729749935,0.03141321702087119,0.024657540340629502,9031.851703013846,0.0,196.4170993469778,372942.5223742694,0.004522297352548362,52.31585835680483,9.36302390758259e-7,0.0011477927768954316,1,124
0.00617,145.81277799189908,66.61159056703518,-319.24663363149523,118.66472604334473,-129.51452856287017,-0.9031644697976873,-6.785578655062496,-169.06149296586432,-47.20501605055387,-153.48631510770508,188.1638830360421,188.48213857104153,188.49231197276222,188.4918417237265,188.49133391305844,188.49091000292626,188.49055266933198,188.49032822537518,-14.76665179798227,-0.27911898980385885,0.04325522478801247,0.040594288714522975,0.035567811792120985,0.03151055581748352,0.024717967794014584,8963.996821513743,0.0,196.6497200379174,372942.20794257766,0.004566233245563912,52.49211042176006,9.36302390758259e-7,0.00115002482472569,1,124
0.006180000000000001,145.26578814159558,67.80355446867615,-319.5970746865154,118.89950630551039,-129.47754428566566,-1.2620553617882706,-6.835881078201399,-169.25663415252845,-46.99555705509465,-153.15615655525482,188.1630895393426,188.48206203138136,188.49230550186547,188.49183570254812,188.49132707716436,188.4909024768586,188.49054457075343,188.49032014663496,-14.835640388727846,-0.2816367536867155,0.04336116317297467,0.040721052004094815,0.03567862049480297,0.031608042921977386,0.024778389381915567,8896.341968392984,0.0,196.88084662735628,372941.89413071924,0.004610481692052125,52.66856407052337,9.36302390758259e-7,0.0011522495438454211,1,124
0.00619,144.7166200451879,68.99444103401656,-319.9430872573825,119.13351385346165,-129.43879170816956,-1.6216828574542959,-6.886033977780935,-169.4505840866344,-46.7857549473052,-152.8235579714894,188.16229833128003,188.48198515873847,188.4922990192345,188.4918296812852,188.49132024132862,188.49089495083572,188.49053647228976,188.4903120680677,-14.904771699479522,-0.2841712165473833,0.043466940054961434,0.04084800997260629,0.035789601829369744,0.03170567832250981,0.02483880509069536,8828.888596922183,0.0,197.11047777879946,372941.580943288,0.004655043773822215,52.84521802293294,9.36302390758259e-7,0.0011544666238713641,1,124
0.006200000000000001,144.16528150757028,70.18423333792242,-320.284666426492,119.36674210326291,-129.3982714812174,-1.9820387852750443,-6.936036812968482,-169.64334334327,-46.57561285765974,-152.488533013435,188.16150942657052,188.48190795248613,188.4922925247955,188.4918236599363,188.4913134055513,188.49088742485773,188.49052837394143,188.49030399532901,-14.974045133540121,-0.2867224512857671,0.043572552394168795,0.04097516257878908,0.035900755812574126,0.03180346199569151,0.02489921490423086,8761.638129983034,0.0,197.33861237344766,372941.2683885836,0.004699920566810441,53.02207099721361,9.36302390758259e-7,0.0011566759346447048,1,125
0.00621,143.61178036448393,71.37291447081107,-320.6218073392478,119.59918445334844,-129.35598424066967,-2.3431149747242443,-6.985889045038478,-169.83491243216076,-46.365133904410484,-152.15109520722785,188.1607228398491,188.48183041200093,188.49228601847432,188.49181763849998,188.4913065698325,188.49087989892467,188.49052027570923,188.49029592841856,-15.043460091247153,-0.28929053089684764,0.04367799713894449,0.04110250977389285,0.0360120824384671,0.03190139391779212,0.02495951625109072,8694.591967988523,0.0,197.56524915796146,372940.956471149,0.004745113140990515,53.199121710018474,9.36302390758259e-7,0.0011588776819981689,1,125
0.006220000000000001,143.056124482405,72.56046753889298,-320.95450520413135,119.8308342838218,-129.31193060763195,-2.704903255362609,-7.0355901373800585,-170.02529179752284,-46.15432119354224,-151.8112579501882,188.1599385856704,188.4817525366629,188.49227950019656,188.4918116169748,188.49129973417226,188.49087237303667,188.49051217759364,188.49028786168074,-15.113015969968501,-0.291875528500503,0.043783271208552854,0.04123005152438708,0.036123581710321595,0.03199947406258019,0.025019807878125633,8627.75148884015,0.0,197.79038674348016,372940.6451917706,0.004790622560313241,53.37636887626314,9.36302390758259e-7,0.0011610717803263032,1,125
0.00623,142.49832175843372,73.74687566441001,-321.28275529276954,120.06168505002093,-129.2661113195451,-3.0673954193254502,-7.085139555504423,-170.21448198328721,-45.943177818106456,-151.46903482989364,188.15915667850857,188.48167432585538,188.49227296988747,188.49180559535924,188.4912928985707,188.49086484719376,188.49050407959518,188.49027979511553,-15.18271216415829,-0.294477517294192,0.04388837151005465,0.0413577877706075,0.03623525363874247,0.03209770241334908,0.025080090529196575,8561.11803990664,0.0,198.0140239580296,372940.3345549405,0.004836449882610798,53.55381120916652,9.36302390758259e-7,0.001163257837383122,1,125
0.006240000000000001,141.9383801201814,74.93212198587669,-321.6065529400018,120.29173023628394,-129.2185271643552,-3.4305832409323713,-7.1345367670528015,-170.40248355016953,-45.73170685848991,-151.12443946225403,188.1583771327565,188.48159577896521,188.49226642747198,188.49179957365186,188.49128606302787,188.49085732139605,188.4904959817143,188.4902717287229,-15.252548065334683,-0.29709657060248595,0.04399329492617898,0.04148571847635907,0.036347098215800955,0.032196078955028185,0.02514036419079435,8494.692941967201,0.0,198.23615967014203,372940.02456512523,0.004882596159537978,53.73144742039365,9.36302390758259e-7,0.0011654363697504444,1,125
0.00625,141.37630752565818,76.1161896583193,-321.9258935439472,120.52096339980756,-129.1691790404425,-3.7944584606292793,-7.183781241803689,-170.58929715150916,-45.519911382087486,-150.7774856351871,188.15759996272527,188.48151689538258,188.49225987287474,188.49179355185115,188.49127922754388,188.4908497956436,188.4904878839515,188.49026366822127,-15.322523062141322,-0.299732761839806,0.044098038328090894,0.04161384359237985,0.036459115452400326,0.032294603658455046,0.025200628858786267,8428.477485501537,0.0,198.45679295137347,372939.7152305379,0.004929062436472972,53.90927622019042,9.36302390758259e-7,0.001167606762121659,1,126
0.006260000000000001,140.81211196315977,77.29906185351521,-322.2407725660686,120.74937808395953,-129.118067836184,-4.159012818751471,-7.2328724516805245,-170.7749233809577,-45.30779444383389,-150.42818701665556,188.15682518264407,188.48143767450117,188.49225330602007,188.4917875299556,188.4912723921188,188.49084226993654,188.49047978630756,188.49025561361037,-15.392636540329065,-0.30238616453047484,0.04420259855971498,0.04174216307714573,0.03657130535706621,0.032393276490898515,0.02526078082085359,8362.472937991513,0.0,198.6759227508492,372939.40655559336,0.00497584975244376,54.087296317424304,9.36302390758259e-7,0.001169769384664815,1,126
0.00627,140.24580145115397,78.48072176023224,-322.55118553123833,120.97696781765441,-129.0651944301588,-4.524238054707428,-7.281809870759407,-170.9593627723268,-45.095359086165594,-150.0765571565531,188.15605280666074,188.48135811571805,188.49224672683195,188.49178150796365,188.49126555675267,188.4908347442749,188.490471688783,188.49024755917168,-15.46288788278442,-0.3050568523057624,0.04430697245858983,0.041870676883803526,0.0366836679211735,0.03249209743801451,0.02532091992028196,8296.68054388526,0.0,198.89354789435978,372939.09854090796,0.005022959140069066,54.26550641943291,9.36302390758259e-7,0.0011719239086809968,1,126
0.006280000000000001,139.67738403816662,79.6611525844677,-322.85712802780085,121.20372620306988,-129.01055981110065,-4.89012587475537,-7.33059297527635,-171.14261595150708,-44.88260833840909,-149.72260977455932,188.15528284884172,188.48127821843383,188.4922401352341,188.49177548587383,188.4912587214456,188.49082721865878,188.4904635913783,188.49023950490513,-15.533276469562772,-0.3077448988842324,0.04441115683487151,0.041999384960085706,0.036796203155625484,0.032591066482869024,0.02538104690692755,8231.10151722126,0.0,199.1096674098916,372938.79119084525,0.005070391625463061,54.4439052320639,9.36302390758259e-7,0.0011740705068501722,1,126
0.0062900000000000005,139.10686780266755,80.84033754968621,-323.1585957076362,121.4296468722938,-128.95416501762563,-5.256667968934686,-7.379221243634479,-171.3246835601914,-44.66954521703111,-149.3663586139429,188.15451532317135,188.48119798205258,188.4922335311499,188.49176946368456,188.4912518861977,188.49081969308827,188.49045549409396,188.4902314508107,-15.603801677888779,-0.31045037809190745,0.044515148477222155,0.042128287264297626,0.03690891106101901,0.03269018358995801,0.025441161785778377,8165.73704526823,0.0,199.3242803646458,372938.4845097428,0.005118148228162118,54.62249145980873,9.36302390758259e-7,0.0011762090725385144,1,126
0.006300000000000001,138.53426085295504,82.01825989705985,-323.4555842862214,121.65472352812795,-128.89601119265603,-5.623855997459884,-7.427694156411967,-171.50556632510828,-44.456172725341645,-149.00781757017083,188.1537502435515,188.48111740598182,188.4922269145024,188.49176344139428,188.49124505100897,188.49081216756343,188.49044739693048,188.49022340266865,-15.67446288218753,-0.3131733638561336,0.044618944172243324,0.042257383744086496,0.03702179164518338,0.032789448741779026,0.025501264534460333,8100.588285146165,0.0,199.5373860140671,372938.1785057253,0.005166229961054598,54.80126380592857,9.36302390758259e-7,0.0011783392623273825,1,127
0.0063100000000000005,137.95957132704152,83.19490288570434,-323.7480895426912,121.87894986342447,-128.8360994739756,-5.991681619514232,-7.476011196369264,-171.68526491892365,-44.24249385398219,-148.64700042931872,188.15298762380132,188.48103648963266,188.49222028521433,188.4917574190014,188.49123821587958,188.49080464208438,188.49043929988864,188.4902153604786,-15.745259454091343,-0.31591393019711766,0.04472254066738124,0.04238667434950827,0.037134844905541975,0.03288886191992013,0.02556125032597034,8035.656370503472,0.0,199.74898350329207,372937.87318307813,0.005214637830289217,54.980220972493704,9.36302390758259e-7,0.0011804615593196538,1,127
0.00632,137.38280739253716,84.37024979291841,-324.0361073198986,122.10231956053445,-128.77443099441638,-6.360136492523559,-7.524171848456145,-171.86377996008426,-44.02851158089203,-148.28392086976672,188.1522274776579,188.4809552324197,188.49221364320817,188.49175139650436,188.49123138080955,188.49079711665118,188.49043120296898,188.49020731846028,-15.81619076247372,-0.3186721512340611,0.044825934702914516,0.042516159038527235,0.03724807085289861,0.03298842309294514,0.02562122007669565,7970.94241148765,0.0,199.9590718663196,372937.5685422477,0.0052633728352171755,55.159361660246795,9.36302390758259e-7,0.0011825755739554855,1,127
0.0063300000000000006,136.80397724653412,85.5442839144209,-324.3196335244733,122.32482637290867,-128.71100699080785,-6.729212244821241,-7.5721755998193245,-172.04111215152227,-43.814228870753084,-147.91859271992556,188.1514698187761,188.48087363376104,188.49220698840602,188.49174537390155,188.49122454579896,188.4907895912639,188.490423106172,188.4901992766136,-15.887256173453768,-0.3214481011786283,0.044929122995074344,0.04264583775595554,0.03736146947912555,0.03308813224035134,0.025681174566980047,7906.4474880217795,0.0,200.16765032454612,372937.2645874674,0.005312435968301088,55.338684568641554,9.36302390758259e-7,0.0011846812865445033,1,127
0.00634,136.22308911549004,86.71698856458819,-324.5986641268805,122.54646408475995,-128.64582874919745,-7.098900490102544,-7.620021939809751,-172.21726221098646,-43.59964867522111,-147.55102982722607,188.15071466072806,188.4807916930784,188.49220032072967,188.49173935119137,188.4912177108479,188.49078206592264,188.49041500949818,188.49019123493855,-15.958455050408947,-0.3242418543537475,0.04503210224292342,0.04277571046517181,0.03747504079522557,0.03318798933852207,0.02574111377770283,7842.172653137271,0.0,200.3747181372459,372936.96132294484,0.0053618282150487235,55.51818839596753,9.36302390758259e-7,0.0011867786677333542,1,127
0.006350000000000001,135.64015125511108,87.88834707669143,-324.87319516147767,122.76722654868912,-128.5788976538483,-7.469192816065529,-7.6677103599898695,-172.39223093372564,-43.38477393265786,-147.1812461722256,188.1499620170028,188.48070940979704,188.49219364010062,188.49173332837216,188.49121087595645,188.49077454062748,188.49040691294803,188.49018319927595,-16.029786754019156,-0.32705348515225907,0.045134869123462096,0.042905777102483,0.037588784806749764,0.03328799436129515,0.0258010377047313,7778.11892992724,0.0,200.5802747370788,372936.6587567147,0.005411550553931529,55.69787183946697,9.36302390758259e-7,0.0011888677515781293,1,128
0.00636,135.05517195023455,89.05834280313334,-325.143222726571,122.9871076112948,-128.51021508863226,-7.840080808639428,-7.7152403541404055,-172.56601906649425,-43.16960756857658,-146.80925563627179,188.14921190100603,188.4806267833458,188.49218694644006,188.4917273054423,188.4912040411247,188.4907670153785,188.4903988165224,188.49017516962545,-16.101250642262464,-0.3298830680862199,0.04523742031028455,0.04303603761236019,0.037702701513698145,0.033388147290031256,0.025860840418232556,7714.287317595374,0.0,200.78431945851216,372936.356892932,0.005461603956313108,55.87773359537304,9.36302390758259e-7,0.00119094833086332,1,128
0.006370000000000001,134.46815951471115,90.22695911568499,-325.40874298447125,123.20610111269173,-128.43978243719724,-8.211556051349895,-7.762611418268544,-172.73862730739282,-42.954152495613855,-146.43507200300724,188.14846432606075,188.48054381315714,188.4921802396688,188.49172128240016,188.49119720635267,188.49075949017578,188.49039072022177,188.49016714014613,-16.172846070446035,-0.3327306777396437,0.045339752431443614,0.04316649195526168,0.03781679091854784,0.03348844809572604,0.02592062389648042,7650.678791434888,0.0,200.98685153705864,372936.0557318724,0.005511989386370074,56.05777235878761,9.36302390758259e-7,0.001193020491104535,1,128
0.00638,133.8791222912872,91.39417940572146,-325.66975216154776,123.42420096174939,-128.3676011810689,-8.583610102466295,-7.80982305061387,-172.91005643146607,-42.738411613029456,-146.05870918709158,188.14771930540712,188.48046049866707,188.49217351970742,188.49171525924407,188.49119037164047,188.4907519650194,188.49038262404667,188.49015911083794,-16.244572391221013,-0.33559638879542497,0.045441862110946474,0.04329714007557328,0.03793105302437283,0.03358889675233101,0.02598038892791621,7587.294296759299,0.0,201.18787038075592,372935.75527763885,0.005562707801021354,56.23798682371869,9.36302390758259e-7,0.0011950840669378987,1,128
0.006390000000000001,133.2880686514851,92.55998708445931,-325.9262465482824,123.64140109889391,-128.29367285028817,-8.956234507180096,-7.85687475165662,-173.08030722758951,-42.522387806918104,-145.68018111781785,188.14697685220202,188.4803768393153,188.49216678647613,188.49170923597234,188.4911835369882,188.49074443990946,188.49037452799763,188.49015108170082,-16.31642895459144,-0.33848027602630815,0.04554374595109323,0.0434279819255039,0.03804548783355077,0.03368949324223003,0.026040135493930805,7524.134751926071,0.0,201.3873754341411,372935.45553430816,0.005613760149850506,56.4183756831963,9.36302390758259e-7,0.0011971393379566764,1,128
0.0064,132.69500699548567,93.72436558319046,-326.1782224993222,123.85769553044398,-128.21799906707193,-9.329420788291387,-7.903766024123956,-173.24938055466345,-42.30608394997256,-145.29950183929586,188.14623697951868,188.48029283454514,188.49216003989483,188.49170321258327,188.4911767023959,188.49073691484602,188.49036643207512,188.49014305863497,-16.388415107950102,-0.3413824143085762,0.045645400544960246,0.04355901744634849,0.038160095351831735,0.0337902375358059,0.026099863590903105,7461.201045622683,0.0,201.58536630023514,372935.1565098231,0.005665147375031445,56.59893762938004,9.36302390758259e-7,0.0011991857621832663,1,129
0.006410000000000001,132.09994575200767,94.88729835351928,-326.425676433531,124.0730782607211,-128.1405814578687,-9.703160466276145,-7.950496372997497,-173.41727722860017,-42.089502901884956,-144.9166853062157,188.14549970034662,188.48020848380352,188.4921532798831,188.49169718907518,188.49116986786368,188.4907293898292,188.49035833628002,188.49013504164006,-16.460530196080114,-0.34430287859080977,0.045746822445758006,0.04369024658756615,0.03827487558754239,0.033891129611873794,0.02615946620765719,7398.494042286916,0.0,201.78184249595037,372934.85820820765,0.005716870411255241,56.779671353596264,9.36302390758259e-7,0.0012012236230171947,1,129
0.00642,131.5028933781886,96.0487688675969,-326.6686048340409,124.2875432916358,-128.0614216535019,-10.077445058741414,-7.997065305520314,-173.58399802215996,-41.87264750932525,-144.53174538516063,188.14476502759206,188.4801237865411,188.4921465063602,188.49169116544633,188.4911630333916,188.49072186485904,188.49035024061283,188.49012702481576,-16.532773561195715,-0.3472417439104163,0.04584800820002677,0.04382166929586617,0.038389828534733716,0.03399216944097461,0.026219046365096865,7336.014582094665,0.0,201.97680345139284,372934.5606295671,0.0057689301856554895,56.96057554623016,9.36302390758259e-7,0.001203252741462782,1,129
0.006430000000000001,130.90385835946415,97.20876061835655,-326.90700424830135,124.50108469133754,-127.98052137660598,-10.45226606165106,-8.043472331203825,-173.74954377756902,-41.65552060549501,-144.14469605548285,188.14403297407793,188.48003874221217,188.4921397192451,188.49168514169497,188.49115619897972,188.49071433993564,188.49034214507407,188.490119008162,-16.605144542938447,-0.35019908539414146,0.045948954335011116,0.04395328550970845,0.038504954204806374,0.03409335700028748,0.026278604857530752,7273.763475544086,0.0,202.17024875427762,372934.2637778731,0.005821327617735509,57.14164889676217,9.36302390758259e-7,0.0012052733075800515,1,129
0.00644,130.30284920944814,98.3672571197474,-327.14087128812906,124.71369656027153,-127.89788239759194,-10.82761495942881,-8.08971696183458,-173.91391534989896,-41.43812501032065,-143.75555130697106,188.14330355254341,188.47995335027474,188.4921329184564,188.4916791178194,188.49114936462814,188.49070681505907,188.49033404966428,188.4901109916787,-16.677642478395477,-0.3531749782649989,0.046049657355964335,0.04408509518079029,0.03862025259508428,0.03419469226296812,0.026338141675854132,7211.741506170709,0.0,202.3621780274056,372933.9676570706,0.005874063619302335,57.32289009387453,9.36302390758259e-7,0.0012072847995079211,1,129
0.006450000000000001,129.69987446981062,99.52424190697036,-327.37020262975585,124.92537306212127,-127.81350657307259,-11.203483217488657,-8.135798711481865,-174.07711365684324,-41.22046353024576,-143.3643252267026,188.14257677564373,188.4798676101905,188.49212610391245,188.4916730938178,188.49114253033693,188.49069929022943,188.49032595438396,188.49010298132427,-16.750266702146615,-0.3561694978225596,0.046150113743523846,0.044217098255650455,0.038735723713496206,0.03429617520539985,0.026397656810450698,7149.949428163096,0.0,202.55259103714664,372933.67227500957,0.005927139094373135,57.50429782554993,9.36302390758259e-7,0.001209287520789984,1,130
0.0064600000000000005,129.09494271015757,100.67969853671022,-327.59499501387563,125.13610836262701,-127.72739576838114,-11.57986229854503,-8.181717096503597,-174.23913957854316,-41.00253895859122,-142.97103182172606,188.14185265594998,188.47978152142488,188.49211927553122,188.49166706968848,188.49113569610614,188.49069176544683,188.49031785923398,188.49009497709832,-16.82301654624702,-0.35918271944584923,0.046250319964209474,0.044349294677992646,0.038851367554491034,0.03439780580039731,0.026457042206043724,7088.387971158939,0.0,202.74148747579312,372933.37763558223,0.005980554939127606,57.685870779107226,9.36302390758259e-7,0.0012112816272588922,1,130
0.006470000000000001,128.4880625279082,101.83361058737079,-327.815245245691,125.34589662923489,-127.63955185768891,-11.956743662157677,-8.227471635554213,-174.39999395742083,-40.78435407553704,-142.57568502018205,188.14113120594962,188.479695083447,188.4921124332304,188.49166104542957,188.4911288619359,188.49068424071132,188.49030976421489,188.49008697304234,-16.895891340275362,-0.3622147186097635,0.04635027246744361,0.04448168438877076,0.038967184126196486,0.03449958402738851,0.026516401891922392,7027.057840241517,0.0,202.9288669609215,372933.08373872377,0.006034312041817358,57.86760764110811,9.36302390758259e-7,0.0012132664654037895,1,130
0.0064800000000000005,127.8792425481733,102.9859616593076,-328.03095019495873,125.55473209295688,-127.54997680097777,-12.334118749630452,-8.273061849590984,-174.55967769795896,-40.56591164773268,-142.17829884551753,188.1404124380464,188.47960829572978,188.49210557692732,188.49165502103932,188.4911220278262,188.490676716023,188.49030166932718,188.49007896915626,-16.96889041133443,-0.36526557085649713,0.0464499676659047,0.04461426733917051,0.039083173431487594,0.034601509857324686,0.026575736666416105,6965.959711173814,0.0,203.11472925279094,372932.7905882739,0.006088411282701655,58.04950709739207,9.36302390758259e-7,0.001215242604216571,1,130
0.00649,127.26849142363236,104.13673537506126,-328.242106796034,125.76260901778352,-127.4586726052342,-12.711978992241555,-8.318487261880907,-174.71819171650213,-40.34721442846937,-141.77888732761394,188.13969636456008,188.47952115774982,188.49209870653902,188.4916489965159,188.4911151937772,188.4906691913819,188.4902935745714,188.49007096544,-17.042013084064948,-0.36833535182621624,0.046549401977586946,0.04474704345957292,0.039199335475915476,0.034703583263475224,0.026635046525647965,6905.094232805858,0.0,203.29907414530146,372932.4981880459,0.006142853533975791,58.23156783317402,9.36302390758259e-7,0.001217209586257012,1,130
0.006500000000000001,126.65581783441073,105.28591537958995,-328.44871204791406,125.96952172814471,-127.36564135775096,-13.090315805414605,-8.363747398007419,-174.87553698469554,-40.128265157503975,-141.37746457691452,188.1389829977261,188.47943366898755,188.49209182198223,188.49164297185746,188.49110835978894,188.49066166678816,188.49028547994808,188.49006296790887,-17.115258680685134,-0.3714241372286011,0.04664857177884674,0.0448800126931701,0.03931567027058236,0.034805804216222924,0.026694331472375765,6844.462025017252,0.0,203.48190156102643,372932.2065457949,0.006197639659699974,58.41378853313364,9.36302390758259e-7,0.0012191672924331959,1,131
0.00651,126.04123048795634,106.43348534050216,-328.65076301428104,126.17546455461783,-127.27088515888902,-13.469120601676533,-8.408841785877325,-175.03171444199197,-39.909066561375525,-140.97404463281825,188.1382723496956,188.47934582892717,188.4920849231733,188.49163694706218,188.49110152586147,188.49065414224185,188.49027738545809,188.4900549765625,-17.18862652099684,-0.3745320028569896,0.04674747343646146,0.0450131749910625,0.03943217780696262,0.03490817269161006,0.026753482399628048,6784.063682894569,0.0,203.6632113604176,372931.91566528147,0.006252770515721836,58.59616788144986,9.36302390758259e-7,0.0012211161866874237,1,131
0.006520000000000001,125.42473811891566,107.57942894828867,-328.84825682354347,126.38043183363831,-127.1744061221662,-13.848384790290918,-8.453769955727203,-175.18672499548143,-39.68962135339334,-140.56864146460796,188.1375644325358,188.47925763705663,188.49207801002834,188.4916309221282,188.4910946919949,188.49064661774307,188.49026929110195,188.49004698538542,-17.26211592240541,-0.3776590245786071,0.0468461032926637,0.04514653028621041,0.03954885809030895,0.03501068866838253,0.02681260434993149,6723.899776738011,0.0,203.84300334122173,372931.6255462709,0.006308246949615559,58.77870456172186,9.36302390758259e-7,0.0012230558679561937,1,131
0.00653,124.8063494890101,108.72372991655386,-329.04119066887705,126.58441796238817,-127.07620644099055,-14.228099765425458,-8.498531440130677,-175.34056960699218,-39.469932233300796,-140.1612691202149,188.13685925823,188.47916909286775,188.49207108246307,188.4916248970536,188.49108785818927,188.4906390932919,188.49026119688023,188.49003899437756,-17.335726199941902,-0.3808052783468927,0.04694445767812194,0.04528007852370308,0.03966571112657036,0.03511335211205946,0.0268716981244852,6663.970847937413,0.0,204.0212774289632,372931.33619247086,0.00636406980060838,58.96139725700272,9.36302390758259e-7,0.0012249862482179713,1,131
0.006540000000000001,124.1860733869106,109.86637198224864,-329.22956180826486,126.78741737165684,-126.97628835497234,-14.608256912711159,-8.54312577400432,-175.49324924923454,-39.250001887428645,-139.75194165020284,188.13615683867724,188.4790801958561,188.49206414039296,188.49161887183655,188.4910810244447,188.4906315688884,188.49025310279345,188.4900310035388,-17.4094566662693,-0.38397084018411753,0.047042532888745825,0.04541381964165936,0.039782736920601636,0.03521616299613761,0.02693076371966807,6604.277411075234,0.0,204.19803358133558,372931.04760756245,0.006420239899496519,59.14424464988792,9.36302390758259e-7,0.001226907389697121,1,131
0.00655,123.56391862811378,111.00733890589957,-329.4133675645361,126.98942454974038,-126.87465417822418,-14.98884760485383,-8.587552494614759,-175.64476494298913,-39.02983298854922,-139.3406731697859,188.13545718569213,188.47899094552116,188.49205718373307,188.49161284647514,188.49107419076122,188.49062404453267,188.49024500884215,188.49002301894015,-17.483306631710157,-0.3871557861939383,0.047140325211363354,0.04554775357726015,0.039899935467349046,0.03531912129920478,0.026989801138621594,6544.819952190708,0.0,204.37327186986073,372930.7597992055,0.006476758068604325,59.32724542259551,9.36302390758259e-7,0.0012288192749449062,1,132
0.006560000000000001,122.9398940548158,112.14661447184127,-329.59260532540395,127.19043399520115,-126.77130624212613,-15.369863211639647,-8.631811141585171,-175.7951176821215,-38.80942819614994,-138.9274777317064,188.13476031100492,188.47890134136617,188.4920502123982,188.49160682096743,188.49106735713892,188.4906165202248,188.49023691502722,188.49001504058117,-17.55727540427172,-0.39036019255094523,0.047237830902724376,0.04568188027361231,0.040017306780491424,0.035422226993961914,0.02704870027280748,6485.598932348018,0.0,204.54699231579804,372930.472771028,0.006533625121686886,59.51039825699937,9.36302390758259e-7,0.0012307217791169417,1,132
0.00657,122.3140085357872,113.28418248844616,-329.7672725435033,127.39044021663597,-126.66624689538233,-15.751295099657913,-8.675901256901609,-175.9443084334084,-38.58879015642895,-138.51236932697148,188.1340662262617,188.47881138289827,188.4920432263028,188.49160079531148,188.49106052357786,188.49060899596486,188.49022882134923,188.49000706239076,-17.631362289658455,-0.3935841355061154,0.047335046208227816,0.045816199665488,0.04013485085417923,0.03552548005094991,0.027107567130603805,6426.614787654267,0.0,204.7191948896121,372930.18652262667,0.006590841863874299,59.69370183456426,9.36302390758259e-7,0.0012326149628604371,1,132
0.006580000000000001,121.68627096624652,114.42002678835473,-329.93736673642616,127.58943778043536,-126.55947856075979,-16.133134623333365,-8.719822384919958,-176.09233821113486,-38.36792150200912,-138.09536200939638,188.13337494302445,188.47872106962845,188.49203622536103,188.49159476950538,188.49105369007813,188.49060147175294,188.49022072780872,188.4899990843688,-17.70556659128537,-0.3968276913789168,0.04743196734610322,0.04595071168998288,0.04025256769941521,0.03562888044400658,0.027166402522458277,6367.867925765642,0.0,204.8898796746918,372929.9010575767,0.006648409091607459,59.87715483637832,9.36302390758259e-7,0.0012344986628960858,1,132
0.00659,121.05669026773415,115.55413122870524,-330.1028854867577,127.78742128717356,-126.45100370639742,-16.515373130017537,-8.763574072371886,-176.23920803949295,-38.1468248520763,-137.67646983183204,188.1326864727709,188.47863040107157,188.4920292094867,188.49158874354714,188.4910468566398,188.49059394758913,188.49021263440622,188.48999110651522,-17.779887610304485,-0.40009093656287575,0.047528590515142355,0.046085416284363134,0.0403704573164978,0.0357324281402871,0.027225206451384487,6309.358727692541,0.0,205.05904678510248,372929.6163794269,0.006706327592555509,60.06075594323224,9.36302390758259e-7,0.0012363728074499813,1,132
0.006600000000000001,120.42527538798535,116.68647969136342,-330.26382644211003,127.98438539187795,-126.34082486923721,-16.898001956838918,-8.807155868371702,-176.38491898361625,-37.92550281225901,-137.25570689669618,188.1320008268943,188.47853937674637,188.49202217859332,188.4915827174348,188.4910400232629,188.4905864234735,188.4902045411423,188.4899831349553,-17.85432464561447,-0.4033739475295519,0.047624911894841304,0.04622031339105348,0.0404885197076057,0.03583612312217532,0.027283978904896422,6251.087546376484,0.0,205.22669643397367,372929.33249574085,0.006764598145558615,60.24450383569059,9.36302390758259e-7,0.001238237469001216,1,133
0.00661,119.79203530080335,117.81705608315085,-330.42018731515594,128.18032476397866,-126.22894460753116,-17.28101243815599,-8.850567324422379,-176.5294720869109,-37.70395797486411,-136.83308725209108,188.13131801670346,188.47844799617553,188.49201513259402,188.49157669116633,188.4910331899476,188.49057889940616,188.49019644801785,188.48997516968868,-17.928876993886973,-0.40667680080973767,0.04772092764256275,0.04635540294199103,0.04060675486748622,0.03593996535868982,0.027342608809179936,6193.054709663571,0.0,205.39282879591383,372929.0494100143,0.006823221520561641,60.42839719412346,9.36302390758259e-7,0.0012400926731306744,1,133
0.006620000000000001,119.15697900593139,118.94584433607463,-330.5719658836613,128.37523408713014,-126.11536550086551,-17.66439590536681,-8.893807994422584,-176.6728683708803,-37.48219291887598,-136.40862489234823,188.130638053423,188.4783562588856,188.49200807140167,188.49157066473975,188.49102635669385,188.4905713753872,188.4901883550334,188.48996720458982,-18.003543949591894,-0.40999957300720347,0.047816633893891236,0.046490684871010046,0.04072516281536931,0.036043954814825696,0.02740120311728944,6135.26052033299,0.0,205.55744400652475,372928.7671216758,0.006882198478538265,60.61243469865581,9.36302390758259e-7,0.0012419381686249037,1,133
0.0066300000000000005,118.5201155289251,120.07282840755508,-330.7191599905167,128.56910809970773,-126.00009019716617,-18.048143680409783,-8.936877434672303,-176.81510889740707,-37.260210209723425,-135.9823338595981,188.12996094819349,188.47826416440708,188.49200099492882,188.49156463815305,188.4910195235018,188.49056385141665,188.49018026218957,188.48995923965862,-18.07832480499831,-0.41334234079943677,0.04791202676724282,0.04662615911262691,0.04084374354818099,0.03614809146464815,0.02745976264892125,6077.705253220698,0.0,205.72054229956186,372928.48563416826,0.006941529771432424,60.796615029198406,9.36302390758259e-7,0.0012437737623298833,1,133
0.006640000000000001,117.88145392102419,121.197992280654,-330.86176754376805,128.76194157479466,-125.88312138887676,-18.432247079584037,-8.979775203879303,-176.95619473731372,-37.03801239939922,-135.55422819161817,188.12928671207106,188.47817171227436,188.49199390308763,188.49155861140417,188.4910126903715,188.49055632749466,188.49017216948687,188.48995127489502,-18.15321885020116,-0.41670518093008724,0.048007102359397535,0.04676182560626074,0.04096249706334465,0.03625237528629022,0.027518287401989028,6020.3891567316805,0.0,205.88212393794825,372928.20495090866,0.007001216142088132,60.98093686551812,9.36302390758259e-7,0.0012456000474031642,1,133
0.0066500000000000005,117.24100325902378,122.32131996430215,-330.9997865166464,128.95372933676708,-125.76446183165957,-18.81669741144507,-9.022500863165996,-177.0961269953443,-36.81560202637017,-135.12432196150664,188.1286153560276,188.47807890202583,188.49198679578998,188.49155258449107,188.491005857303,188.49054880362127,188.49016407692588,188.4899433164773,-18.228225373142493,-0.4200881701938002,0.04810185673209233,0.04689768428316654,0.041081423371664094,0.03635680624770288,0.027576777372232186,5963.312451723134,0.0,206.04218926901783,372927.92507936317,0.007061258324184072,61.16539888729998,9.36302390758259e-7,0.0012474164634268259,1,134
0.00666,116.59877264514547,123.44279549352669,-331.13321494759657,129.1444662285465,-125.64411430636798,-19.201485982094518,-9.065053976074902,-177.23490675960872,-36.59298161576983,-134.6926291957819,188.12794689095057,188.4779857332038,188.49197967294745,188.49154655741168,188.49099902429643,188.4905412797966,188.49015598450748,188.48993536440506,-18.303343659630528,-0.42349138546848053,0.048196285945714123,0.04703373507743436,0.041200522470363765,0.03646138432101864,0.02763512052298278,5906.475333896855,0.0,206.2007386131868,372927.64602289547,0.007121657042164542,61.34999977417767,9.36302390758259e-7,0.001249222943126932,1,134
0.006670000000000001,115.95477120690781,124.56240292967794,-331.2620509403053,129.3341471114729,-125.52208161903484,-19.58660409507629,-9.10743410857533,-177.37253510140573,-36.37015367940542,-134.25916387473882,188.12728132764332,188.47789220535458,188.49197253447124,188.49154053016392,188.4909921913518,188.4905337560207,188.49014789223227,188.48992741249975,-18.37857299335306,-0.4269149036880844,0.04829038603369362,0.04716997791189925,0.04131979437044642,0.03656610947677841,0.02769342472321057,5849.877973840012,0.0,206.35777226350967,372927.3677807672,0.007182413011184655,61.53473820569659,9.36302390758259e-7,0.0012510197860896577,1,134
0.00668,115.30900809699678,125.680126360656,-331.3862926637279,129.52276689842677,-125.39836663842672,-19.97204304695476,-9.149640829069336,-177.50901312539474,-36.14712071557521,-133.82394001230068,188.1266186768251,188.4777983180284,188.49196538027226,188.49153450274568,188.4909853584692,188.4905262322937,188.49013980010082,188.48991946076129,-18.45391265590216,-0.4303588018402902,0.04838415299690091,0.04730641272598035,0.04143923906873859,0.036670981685819726,0.02775169081397877,5793.5205147495,0.0,206.5132905965377,372927.09035628935,0.00724352693703517,61.71961286134354,9.36302390758259e-7,0.0012528065115299386,1,134
0.006690000000000001,114.66149249313544,126.79594990113694,-331.50593835211447,129.71032053747035,-125.27297227695153,-20.35779413005934,-9.19167370839808,-177.64434194421662,-35.92388520917004,-133.38697161486033,188.12595894913102,188.4777040707795,188.49195821026112,188.49152847515484,188.4909785256487,188.49051870861564,188.4901317081137,188.48991150918954,-18.529361926782023,-0.4338231570054081,0.0484775828271955,0.04744303945325612,0.041558856565538704,0.03677600092072986,0.027809918798428868,5737.403073658975,0.0,206.66729401646856,372926.81375274673,0.007304999516081548,61.90462242060792,9.36302390758259e-7,0.0012545834272194023,1,134
0.0067,114.01223359795404,127.90985769279808,-331.620986305035,129.8968030247044,-125.14590150477807,-20.743848631231646,-9.23353231984756,-177.77852269753225,-35.70044963161182,-132.9482727107293,188.12530215511194,188.47760946316617,188.49195102434803,188.4915224473893,188.49097169289038,188.49051118498664,188.49012361627146,188.4899035640145,-18.604920083441662,-0.4373080462856045,0.048570671484586825,0.04757985802180542,0.041678646871551095,0.03688116714911871,0.027868108670709546,5681.525740618322,0.0,206.81978299739905,372926.5379775079,0.007366831435204484,62.08976556303486,9.36302390758259e-7,0.0012563504675303094,1,135
0.006710000000000001,113.36124063885845,129.02183390454422,-331.7314348874033,130.08220937891477,-125.01715732097952,-21.130197835339974,-9.275216239155199,-177.91155651336138,-35.47681644100683,-132.50785728895355,188.12464830523453,188.47751449475066,188.49194382244292,188.49151641944684,188.49096486019428,188.4905036614068,188.49011552457503,188.4898956252357,-18.680586401279555,-0.4408135468756207,0.0486634149269527,0.047716868357042586,0.041798609986875235,0.03698648033757301,0.027926147454448547,5625.888580523865,0.0,206.970757997952,372926.26303380483,0.007429023371721354,62.27504096825429,9.36302390758259e-7,0.001258107352195642,1,135
0.00672,112.70852286789965,130.13186273273203,-331.8372825295006,130.26653464149263,-124.88674275348312,-21.5168330252592,-9.316725044515177,-178.04344450790336,-35.252988082158204,-132.0657392994816,188.12399740988147,188.47741916509923,188.49193660445542,188.49151039132536,188.4909580275605,188.49049613787614,188.49010743302497,188.48988768662298,-18.756360153673835,-0.44433973601130994,0.04875580906499977,0.04785407039521061,0.041918745911013744,0.03709194046506603,0.027984143931213623,5570.491633171456,0.0,207.12021946087137,372925.9889207333,0.007491575993345305,62.46044731595767,9.36302390758259e-7,0.001259854287870732,1,135
0.006730000000000001,112.05408956164192,131.2399284013948,-331.9385277269977,130.4497739020955,-124.75466088747274,-21.903745479141136,-9.35805831658538,-178.17418782382012,-35.02896698643275,-131.62193271256638,188.12334947935153,188.4773234737822,188.4919293702948,188.49150436302267,188.4909511949891,188.4904886143948,188.4900993416219,188.4898797481762,-18.83224061199318,-0.44788669098469036,0.04884784979765744,0.04799146406138277,0.04203905465536728,0.03719754750220794,0.028042098935944892,5515.334911562128,0.0,207.2681678978835,372925.7156414727,0.007554489958100094,62.64598328592646,9.36302390758259e-7,0.0012615910508778916,1,135
0.00674,111.39795002103118,132.34601516246667,-332.03516904097614,130.63192228598803,-124.62091485087643,-22.290926472276208,-9.39921563849231,-178.30378761080578,-34.804755571846975,-131.17645148796535,188.12270452385948,188.4772274203739,188.49192211987003,188.49149833453657,188.49094436248012,188.49048109096285,188.4900912503664,188.48987180989528,-18.908227045608676,-0.4514544891604739,0.048939533006899794,0.048129049286217196,0.04215953621963742,0.03730330141015337,0.028100012475293035,5460.418402853362,0.0,207.4146038468327,372925.44319917634,0.007617765914285315,62.83164755808409,9.36302390758259e-7,0.001263317700116534,1,135
0.006750000000000001,110.74011357126257,133.45010729600654,-332.1272050979489,130.81297496313795,-124.4855078240643,-22.678367276503593,-9.440196595837863,-178.43224503880103,-34.58035624303072,-130.72930959480172,188.12206255353615,188.47713100445276,188.4919148530897,188.49149230586482,188.49093753003368,188.49047356758038,188.490083159259,188.48986387806042,-18.984318721942927,-0.45504320794726816,0.04903085455278067,0.04826682598954335,0.042280190603525725,0.03740920216517196,0.028157884552015844,5405.742067823304,0.0,207.55952790112096,372925.17160111445,0.007681404500387165,63.0174388125405,9.36302390758259e-7,0.0012650340920518088,1,136
0.00676,110.08058956164837,134.55218911042095,-332.21463458987995,130.9929271303244,-124.34844301984901,-23.06605916232801,-9.48100077670475,-178.5595612709914,-34.35577139134445,-130.2805209698235,188.1214235784284,188.4770342256012,188.49190756986212,188.49148627700524,188.49093069764982,188.49046604424748,188.49007506830065,188.4898559526712,-19.060514906446826,-0.4586529248113784,0.049121810265773114,0.04840479410658105,0.04240101781010619,0.03751524973928255,0.02821560127026057,5351.305842160376,0.0,207.70294064994155,372924.9008503877,0.007745406345022013,63.20335572961953,9.36302390758259e-7,0.0012667403770423025,1,136
0.006770000000000001,109.41938736548435,135.65224494268833,-332.29745627420266,131.1717740111014,-124.20972368339764,-23.453993398982032,-9.521627771662494,-178.6857374636278,-34.13100339489472,-129.8300995173865,188.1207876084993,188.47693708340574,188.4919002700953,188.49148024795554,188.4909238653286,188.49045852096424,188.49006697749198,188.48984802744712,-19.13681486263878,-0.4622837172727188,0.04921239595407467,0.04854295355724503,0.04252201785008314,0.03762144409125234,0.02827327230473653,5297.109636528255,0.0,207.84484267790873,372924.63094592746,0.007809772066893866,63.38939698984943,9.36302390758259e-7,0.0012684363233058105,1,136
0.0067800000000000004,108.75651637991754,136.75025915857992,-332.3756689738376,131.34951087393506,-124.06935311179444,-23.84216125301056,-9.562077173773286,-178.81077479265346,-33.90605461845196,-129.37805914967683,188.12015465362833,188.47683957745704,188.49189295369686,188.49147421871348,188.49091703307008,188.49045099773073,188.49005888683354,188.48984010238806,-19.21321785213449,-0.4659356629094127,0.04930260741219161,0.048681304271511294,0.042643190720382584,0.03772778520601072,0.028330898485028122,5243.153335431515,0.0,207.98523462427713,372924.3618907821,0.007874502274715107,63.57556127398963,9.36302390758259e-7,0.001270121972531707,1,136
0.006790000000000001,108.09198602581178,137.84621615288341,-332.4492715772092,131.5261330232763,-123.92733464395464,-24.230553989439887,-9.602348578597837,-178.9346744401063,-33.68092741351869,-128.9244137656339,188.1195247236112,188.47674170734976,188.49188562057412,188.4914681892768,188.49091020087434,188.49044347454705,188.49005079632593,188.48983217749387,-19.289723134637928,-0.4696088393498403,0.04939244041441082,0.04881984617161805,0.042764536423780086,0.0378342730421668,0.028388479823141743,5189.436797901281,0.0,208.12411715288832,372924.0936879738,0.007939597567154278,63.761847263074145,9.36302390758259e-7,0.0012717972271243383,1,136
0.0068000000000000005,107.42580574761438,138.94010034962403,-332.5182630382614,131.70163580487716,-123.7836716660627,-24.619162871665154,-9.642441584200789,-179.05743760163264,-33.45562411832133,-128.46917726186018,188.11889782815996,188.4766434726827,188.4918782706341,188.49146215964313,188.49090336874144,188.49043595141328,188.49004270596973,188.4898242590937,-19.366329967985138,-0.4733033242615061,0.049481890695792785,0.04895857918204172,0.0428860549630512,0.03794090757219415,0.02844601632910937,5135.959857232276,0.0,208.26149096899795,372923.8263446743,0.00800505853277709,63.948253638447056,9.36302390758259e-7,0.0012734620952684628,1,137
0.006810000000000001,106.75798501322157,140.03189620228608,-332.5826423764731,131.87601459540306,-123.6383676001069,-25.00797916253846,-9.682355791156777,-179.17906547089896,-33.23014705788747,-128.01236350904983,188.1182739769031,188.47654487305874,188.49187090378345,188.49145612981025,188.49089653667147,188.49042842832952,188.4900346157659,188.48981634718712,-19.443037608142298,-0.47701919538409676,0.04957095398451461,0.0490975032245089,0.0430077463461247,0.038047688766020826,0.028503393217254036,5082.722321753988,0.0,208.39735678472115,372923.55986385344,0.008070885749979786,64.13477908178878,9.36302390758259e-7,0.001275116586702929,1,137
0.0068200000000000005,106.0885333138445,141.12158819403348,-332.64240867687107,132.04926480243685,-123.49142590374848,-25.396994124513682,-9.722090802556135,-179.29955923941094,-33.00449854406966,-127.55398635178943,188.1176531793857,188.47644590808494,188.49186351992853,188.4914500997758,188.49088970466448,188.49042090529585,188.49002652571502,188.48980843544467,-19.51984530924009,-0.4807565304886978,0.049659625976476995,0.04923661822882508,0.04312961057022502,0.03815461659061903,0.028560721006761547,5029.723974909778,0.0,208.53171531869194,372923.2942442798,0.008137079786941613,64.32142227511955,9.36302390758259e-7,0.0012767605656817393,1,137
0.00683,105.41746016387337,142.20916083793134,-332.69756109004413,132.22138187505206,-123.34285008137566,-25.786199019175005,-9.761646224010233,-179.41892011173286,-32.778680875508726,-127.09405963087255,188.1170354450694,188.47634657737242,188.49185611897533,188.4914440695374,188.49088287272053,188.49041338231234,188.49001843581772,188.48980052386625,-19.596752323578045,-0.48451540739920773,0.04974790235601656,0.04937592410597347,0.04325164764357936,0.03826169101914445,0.028618000554578416,4976.964574656399,0.0,208.66456733004247,372923.02948887117,0.008203641201559576,64.50818190082501,9.36302390758259e-7,0.0012783940444844322,1,137
0.006840000000000001,104.74477510074311,143.29459867716503,-332.74809883215437,132.39236129863957,-123.19264367827962,-26.175585107897803,-9.801021663657394,-179.53714929760002,-32.552696337687166,-126.63259717130975,188.11642078333253,188.4762468805365,188.49184870082956,188.4914380390927,188.49087604083968,188.4904058593791,188.49001034607457,188.4897926124517,-19.673757901661887,-0.48829590398773703,0.049835778772497896,0.049515420785589015,0.04337385756876433,0.03836891201309278,0.028675231864101924,4924.443853896505,0.0,208.79591360096353,372922.7656005195,0.008270570541390545,64.69505664169075,9.36302390758259e-7,0.0012800168585723748,1,137
0.00685,104.07048768479764,144.3778862852599,-332.79402118494846,132.56219859643562,-123.04081028200517,-26.565143652035196,-9.840216732168228,-179.6542480138616,-32.32654720294681,-126.16961278492059,188.11580920347015,188.4761468171966,188.4918412653966,188.49143200843938,188.490869209022,188.49039833649624,188.49000225648618,188.48978470757768,-19.750861292194074,-0.492098098171768,0.049923250861239055,0.04965510818880148,0.043496240345481496,0.0384762795395055,0.028732414944980356,4872.161520475074,0.0,208.92575494114243,372922.50258629746,0.008337868343602891,64.88204518092918,9.36302390758259e-7,0.0012816290944935027,1,138
0.006860000000000001,103.39460749915341,145.45900826630162,-332.83532749576835,132.73088932665772,-122.8873535190778,-26.954865913336967,-9.879231042751393,-179.77021748004478,-32.10023573052959,-125.70512026366075,188.1152007146942,188.4760463869763,188.49183381258146,188.49142597757495,188.49086237726758,188.4903908136638,188.4899941670535,188.4897768092437,-19.828061742124532,-0.49592206791256466,0.050010314235353626,0.04979498623192313,0.0436187959791825,0.03858379357351538,0.028789434154310456,4820.11725745791,0.0,209.05409217797677,372922.2404490452,0.00840553513489983,65.06914620220437,9.36302390758259e-7,0.0012832309302736877,1,138
0.00687,102.71714414956413,146.53794925515345,-332.87201717755977,132.89842908254633,-122.73227705483147,-27.34474315417243,-9.918064211158795,-179.88505891817445,-31.873764166605618,-125.23913337924415,188.11459532613353,188.47594558950334,188.49182634228885,188.49141994649705,188.49085554557644,188.49038329088188,188.4899860777772,188.48976891107282,-19.90535849663211,-0.4997678912186938,0.050096964478516526,0.04993505483324867,0.0437415244726429,0.03869145407320751,0.028846400845418785,4768.310723223856,0.0,209.18092615626168,372921.9791873698,0.008473571431486825,65.25635838964851,9.36302390758259e-7,0.0012848218204674633,1,138
0.006880000000000001,102.03810726428351,147.6146939176758,-332.90408970888114,133.0648134953574,-122.57558459629364,-27.734766637648033,-9.956715855691474,-179.9987735568448,-31.647134744284557,-124.77166588881781,188.11399304683397,188.47584442440967,188.49181885442317,188.49141391520322,188.49084871394868,188.49037576815059,188.48997798865778,188.4897610130649,-19.982750799177765,-0.5036356461397204,0.050183197154609616,0.050075313919492714,0.04386442582546479,0.03879926101485154,0.028903315881374958,4716.741551373561,0.0,209.3062577473756,372921.71880405943,0.008541977738996039,65.44368042788624,9.36302390758259e-7,0.0012864019063677512,1,138
0.00689,101.35750649392875,148.6892269509436,-332.9315446339109,133.23003823295363,-122.4172798904548,-28.12492762793788,-9.9951855972046,-180.11136262891176,-31.420349683653384,-124.30273153142352,188.1133938857585,188.4757428913314,188.49181134888846,188.49140788369107,188.49084188238436,188.49036824547,188.48996989969595,188.48975311521983,-20.06023789149749,-0.5075254107634244,0.05026900780353838,0.05021576339803602,0.043987500048750405,0.03890721436583,0.028960179259581054,4665.40935092027,0.0,209.43008784423384,372921.4593018765,0.008610754552448004,65.63111100206027,9.36302390758259e-7,0.0012879715676167303,1,138
0.006900000000000001,100.67535151134321,149.76153308346417,-332.95438156245365,133.39409899754665,-122.25736672170875,-28.515217390595637,-10.033473059113277,-180.2228273680024,-31.193411191817944,-123.8323440229033,188.11279785178735,188.4756409899088,188.49180382558845,188.49140185195807,188.49083505088353,188.4903607228402,188.48996181089225,188.48974522396026,-20.137819013634513,-0.5114372632324997,0.05035439194768454,0.0503564031928434,0.04411074713407359,0.03901531409550252,0.02901699099918975,4614.31370653122,0.0,209.5524173535834,372921.2006877947,0.008679902356180214,65.8186487978501,9.36302390758259e-7,0.001289530185162202,1,139
0.00691,99.99165201145937,150.83159707539335,-332.97260016994613,133.55699153035414,-122.09584891641974,-28.905627192652815,-10.071577867397345,-180.3331690149584,-30.966321462910354,-123.36051706486057,188.11220495371796,188.4755387197864,188.49179628442656,188.49139582000177,188.49082821944626,188.49035320026127,188.4899537222477,188.48973733928568,-20.21549340394362,-0.5153712817085996,0.05043934507531045,0.05049723321645416,0.044234167092138676,0.039123560173456084,0.02907363461601875,4563.454178341783,0.0,209.67324721049826,372920.94296452485,0.008749421623806722,66.00629250149518,9.36302390758259e-7,0.0012910780141252576,1,139
0.006920000000000001,99.30641771116021,151.89940371875377,-332.9862001974617,133.7187116116738,-121.9327303427073,-29.29614830291856,-10.109499650607539,-180.44238881765565,-30.739082678120027,-122.88726434410434,188.11161520026525,188.4754360806129,188.49178872530584,188.49138978781963,188.49082138807262,188.4903456777333,188.4899456337629,188.48972945477314,-20.293260299135675,-0.5193275444056784,0.05052386266509945,0.05063825338716299,0.044357759922846185,0.039231952557775784,0.029130222272083728,4512.830302060378,0.0,209.7925783780895,372920.68613051466,0.008819312818158806,66.19404079982431,9.36302390758259e-7,0.0012926149979282098,1,139
0.00693,98.61965834914211,152.96493783764905,-332.99518145171373,133.87925505630494,-121.76801490551763,-29.686771992337242,-10.147238039869695,-180.5504880242031,-30.511697005752364,-122.4125995229501,188.1110286000616,188.47533307204117,188.49178114812904,188.49138375540915,188.49081455676264,188.4903381552564,188.48993754543844,188.4897215704225,-20.371118934265024,-0.5233061295736334,0.05060794016636727,0.050779463622411924,0.04448152562907115,0.03934049121284389,0.029186754842444707,4462.441589358017,0.0,209.91041183239207,372920.4301884235,0.008889576391224258,66.38189238027827,9.36302390758259e-7,0.0012941409710870433,1,139
0.006940000000000001,97.93138368577571,154.0281842884809,-332.99954380505886,134.03861771590027,-121.60170654881021,-30.077489534164172,-10.184792668890925,-180.65746788607828,-30.284166601249893,-121.93653624349811,188.11044516165694,188.4752296937284,188.49177355279858,188.4913777227678,188.49080772551642,188.49033063283065,188.48992945727497,188.48971368623356,-20.449068542755416,-0.5273071155001219,0.05069157299842253,0.050920863832587315,0.0446054642128928,0.03944917611770293,0.029243232324375867,4412.287527831033,0.0,210.02674856946646,372920.17514088494,0.00896021278410758,66.56984593092737,9.36302390758259e-7,0.0012956559529697098,1,139
0.0069500000000000004,97.24160350296745,155.08912796016378,-332.99928719549825,134.19679547293953,-121.43380924926998,-30.468292204235617,-10.222163173964507,-180.76332964934633,-30.056493607260837,-121.45908811548037,188.10986489351905,188.47512594533598,188.49176593921655,188.49137168989301,188.490800894334,188.49032311045613,188.4899213692731,188.48970580867362,-20.52710835643689,-0.5313305805034041,0.050774756561420276,0.0510624539298874,0.044729575691163426,0.039558007227279646,0.02929965473129048,4362.367581472866,0.0,210.14158958581933,372919.9209947737,0.009031222426973967,66.75790014048141,9.36302390758259e-7,0.0012971600928916582,1,140
0.006960000000000001,96.55032760402058,156.1477537743397,-332.994411626679,134.35378425287843,-121.26432702835254,-30.85917128108103,-10.259349193974792,-180.8680745716975,-29.828680153608666,-120.98026873959755,188.10928780403347,188.47502182652948,188.49175830728473,188.49136565678222,188.49079406321545,188.49031558813294,188.48991328143384,188.48969793774216,-20.605237605542662,-0.535376602934786,0.05085748623848918,0.051204233834589274,0.044853860044056226,0.03966698451659312,0.02935590478869443,4312.681190051602,0.0,210.25493591664872,372919.66775267234,0.00910260573898594,66.94605369831176,9.36302390758259e-7,0.0012986531738822804,1,140
0.0069700000000000005,95.85756581349574,157.20404668559254,-332.9849171678936,134.5095800242535,-121.09326395202298,-31.250118046298812,-10.29635037040282,-180.97170392226613,-29.600728357331317,-120.50009170679131,188.10871390150373,188.4749173369788,188.49175065690451,188.49135962343283,188.49078723216084,188.49030806586117,188.48990519375778,188.4896900669716,-20.683455518730174,-0.539445261198443,0.05093975738849732,0.05134620345364738,0.04497831728802559,0.03977610794938791,0.029412095422704176,4263.227769229655,0.0,210.36678863557339,372919.4154128711,0.009174363128267667,67.13430529449296,9.36302390758259e-7,0.0013001351368659708,1,140
0.006980000000000001,95.16332797707133,158.2579916816621,-332.9708039540795,134.66417878656196,-120.92062411838101,-31.64112378481932,-10.333166347331108,-181.0742189642441,-29.37264032278218,-120.01857057442139,188.10814319415132,188.47481247635804,188.49174298797703,188.49135358984222,188.4907804011702,188.4903005436409,188.48989710624556,188.48968219636177,-20.76176132310438,-0.5435366337090457,0.051021565332645125,0.05148836269625434,0.045102947428523166,0.0398853774907284,0.02946822751673306,4214.006711402271,0.0,210.4771488157576,372919.1639779013,0.009246494991851536,67.32265361982418,9.36302390758259e-7,0.0013016059352850828,1,140
0.0069900000000000006,94.46762396140399,159.30957378365667,-332.9520721858166,134.81757657636197,-120.7464116635817,-32.03217978509274,-10.369796771448467,-181.17562096331585,-29.14441814163772,-119.53571887773475,188.1075756901159,188.4747072443456,188.4917353004031,188.49134755600778,188.49077357024365,188.4902930214722,188.48988901889783,188.48967432591252,-20.840154244247444,-0.5476507989169228,0.05110290538822948,0.05163071147452314,0.04522775045979888,0.039994793104201065,0.029524301081452542,4165.017385447649,0.0,210.58601754889477,372918.9134502689,0.00931900171561526,67.51109736583815,9.36302390758259e-7,0.0013030656599875012,1,140
0.007,93.77046365398742,160.35877804626728,-332.9287221293248,134.9697694575032,-120.5706307520087,-32.42327733915654,-10.40624129205591,-181.27591117373734,-28.91606389298913,-119.05155011127249,188.1070113974555,188.47460164062417,188.4917275940831,188.49134152192684,188.49076673938117,188.49028549935522,188.48988093171522,188.4896664621342,-20.918633506204426,-0.5517878353151051,0.05118377283544806,0.05177324970039621,0.04535272639285548,0.04010435475939289,0.029580316123513306,4116.259137412135,0.0,210.69339591404324,372918.66383674974,0.009391883674245406,67.69963522480332,9.36302390758259e-7,0.0013045142465580029,1,141
0.007010000000000001,93.07185696301279,161.4055895579789,-332.9007541164601,135.1207535407182,-120.39328559542184,-32.81440774308617,-10.442499561070502,-181.3750908656681,-28.687579643279594,-118.56607776533887,188.10645032414655,188.47449566488064,188.49171986891722,188.49133548759676,188.49075990858287,188.49027797729,188.4898728446987,188.48965860502634,-20.997198331522306,-0.5559478214097879,0.05126416292966951,0.05191597728281039,0.045477875221545006,0.040214062425436126,0.029636154581242913,4067.7312894834295,0.0,210.79928503904753,372918.4151397987,0.009465141231181104,67.88826588974423,9.36302390758259e-7,0.001305951395103755,1,141
0.00702,92.37181381722772,162.44999344128266,-332.8681685447099,135.27052498375355,-120.2143804526514,-33.20556229744204,-10.478571233031303,-181.47316132499165,-28.458967446346996,-118.07931532510521,188.105892478084,188.47438931680625,188.4917121248052,188.49132945301483,188.4907530778488,188.49027045527663,188.48986475784892,188.4896507480782,-21.075847941273018,-0.5601308357427683,0.05134407091200277,0.05205889413087306,0.045603196951518044,0.04032391605764296,0.02969193014421112,4019.4331401236564,0.0,210.90368610028472,372918.1673575509,0.0095387747385686,68.07698805449542,9.36302390758259e-7,0.0013073774916324554,1,141
0.007030000000000001,91.67034416579475,163.4919748528876,-332.8309658771872,135.4190799717638,-120.03391961015086,-33.59673230711808,-10.514455965103636,-181.57012382564116,-28.23022934356897,-117.59127623390457,188.1053378670814,188.47428259609654,188.49170436164653,188.49132341817835,188.49074624717903,188.49026293331522,188.48985667116654,188.48964289128958,-21.154581555058677,-0.5643369568904788,0.051423491991209325,0.052202000150771255,0.045728691590902315,0.04043391562916909,0.02974764369959626,3971.363965325964,0.0,211.00660026060456,372917.92049241054,0.00961278453721428,68.2658004137214,9.36302390758259e-7,0.0013087922073137803,1,141
0.00704,90.96745797815036,164.5315189839315,-332.78914664262436,135.5664147271334,-119.85190739146593,-33.987909081703734,-10.550153417084207,-181.6659796431851,-28.001367363856584,-117.10197391126752,188.10478649887108,188.47417550245132,188.49169657934036,188.4913173830846,188.4907394165736,188.49025541140585,188.48984858465215,188.48963503466032,-21.2333983910312,-0.5685662634433122,0.051502421359663764,0.052345295248521495,0.045854359136623835,0.04054406110360098,0.029803295255072193,3923.523018166926,0.0,211.10802869990889,372917.67454675725,0.009687170956529104,68.45470166291746,9.36302390758259e-7,0.0013101956687281424,1,141
0.007050000000000001,90.26316524386311,165.56861106019124,-332.7427114353652,135.71252549600348,-119.66834814405996,-34.37908393519325,-10.585663251405869,-181.76073003592103,-27.77238352376813,-116.61142172850292,188.10423838110435,188.47406803557473,188.4916887777855,188.49131134773086,188.49073258603258,188.4902478895486,188.48984049830645,188.48962718474246,-21.312297665910926,-0.5728188340314659,0.0515808541746976,0.052488779332804825,0.045980199599486404,0.040654352442434316,0.0298588848296637,3875.909529688532,0.0,211.20797257271153,372917.4295272676,0.009761934314494939,68.6436904984039,9.36302390758259e-7,0.0013115876516505143,1,142
0.00706,89.55747597249172,166.6032363422928,-332.6916609153569,135.85740857523177,-119.48324626518303,-34.770248187085684,-10.62098513314276,-181.8543762821934,-27.54327982741573,-116.11963305706941,188.10369352135163,188.4739601951752,188.49168095688043,188.49130531211432,188.490725755556,188.49024036774358,188.4898324121304,188.48961934153544,-21.39127859501629,-0.577094747285976,0.05165878557420456,0.05263245230955249,0.04610621297661499,0.040764789608346064,0.029914293599843766,3828.522707499362,0.0,211.3064330921222,372917.18543627055,0.00983707491759782,68.832765617345,9.36302390758259e-7,0.0013129681699079743,1,142
0.007070000000000001,88.85040019344267,167.6353801259208,-332.63599580814025,136.0010603125469,-119.29660620151957,-35.161393162898456,-10.656118730014295,-181.94691968021584,-27.31405826650981,-115.62662126751503,188.1031519271024,188.47385198096552,188.4916731165233,188.49129927623224,188.490718925144,188.49023284599087,188.48982432612468,188.4896114984869,-21.47034039224949,-0.5813940818926788,0.05173621068181866,0.05277631407644634,0.0462323992705862,0.04087537257951368,0.029969635984446796,3781.3617359205764,0.0,211.4034115296062,372916.9422717475,0.009912593060811742,69.02192571781474,9.36302390758259e-7,0.0013143374034865207,1,142
0.00708,88.14194795582817,168.66502774202718,-332.5757169048397,136.14347707953345,-119.10843242305322,-35.55251019329711,-10.69106371239084,-182.03836151041747,-27.084720820549943,-115.13239968111327,188.10261360576544,188.47374339266278,188.49166525661192,188.4912932400818,188.49071209479655,188.49022532429058,188.4898162402899,188.48960365559665,-21.549482270157526,-0.5857169165359775,0.05181312458634402,0.0529203645442351,0.04635875848962723,0.040986101297567856,0.030024912889020428,3734.425777628492,0.0,211.49890913035864,372916.70003597735,0.009988489027523587,69.21116949881524,9.36302390758259e-7,0.00131569508531032,1,142
0.007090000000000001,87.43212932832235,169.6921645570406,-332.5108250621518,136.2846552851389,-118.91872943589355,-35.943590614782686,-10.725819753297607,-182.12870305402674,-26.855269456801178,-114.63698159385233,188.10207856466894,188.47363442998846,188.49165737704382,188.4912872036602,188.49070526451374,188.49021780264277,188.4898081546268,188.4895958128645,-21.628703439919537,-0.5900633299254245,0.051889522354806594,0.05306460361085641,0.04648529063036566,0.04109697574375559,0.03008012431460383,3687.7139730238655,0.0,211.5929271551734,372916.458731214,0.010064763089497745,69.4004956602699,9.36302390758259e-7,0.0013170413981336282,1,142
0.0071,86.72095439901932,170.71677597307297,-332.4413212023334,136.42459135854642,-118.72750176594883,-36.33462576890062,-10.760386528419957,-182.217945569339,-26.625706130433844,-114.14038024679053,188.10154681106076,188.47352509266832,188.49164947771618,188.49128116696457,188.4906984342956,188.49021028104755,188.48980006913592,188.4895879768826,-21.70800311135818,-0.5944334007982217,0.05196539902947439,0.05320903117889486,0.046611995695378106,0.04120799587566282,0.030135270275505555,3641.22544129491,0.0,211.68546682705497,372916.2183640351,0.01014141550684611,69.58990290300957,9.36302390758259e-7,0.0013183758841922577,1,143
0.007110000000000001,86.00843327528897,171.73884742812825,-332.36720631318815,136.5632817834068,-118.53475399112713,-36.725607004278615,-10.79476371610734,-182.30609033870064,-26.39603278439477,-113.64260888512082,188.10101835210855,188.4734153804325,188.49164155852583,188.4912751299921,188.49069160414223,188.490202759505,188.48979198381835,188.4895801476504,-21.7873804929922,-0.5988272078952495,0.05204074962338989,0.053353647150935046,0.046738873690215677,0.04131916166508098,0.03019023123106024,3594.9592786778685,0.0,211.77652943711252,372915.97893664497,0.010218446527958929,69.77938992879045,9.36302390758259e-7,0.001319698925850571,1,143
0.0071200000000000005,85.29457608363359,172.7583643963087,-332.2884814480526,136.7007230980131,-118.34049074093586,-37.11652567721036,-10.828950997378449,-182.3931386683321,-26.166251349460435,-113.14368075695069,188.10049319489977,188.47330529301547,188.49163361936928,188.49126909273986,188.49068477405368,188.49019523801522,188.48978389867472,188.4895723185754,-21.866834792013112,-0.6032448300018505,0.05211556913717885,0.053498451429732086,0.04686592461448047,0.04143047306998149,0.03024512229938292,3548.9145586184927,0.0,211.8661163443292,372915.7404468737,0.01029585638948287,69.96895544037093,9.36302390758259e-7,0.001321010493204433,1,143
0.007130000000000001,84.57939296954395,173.7753123880216,-332.20514772578144,136.83691186097636,-118.14471666405184,-37.50737314976888,-10.862948055925415,-182.4790918410182,-25.936363744465137,-112.64360905448467,188.09997134644175,188.47319483015613,188.49162566014272,188.49126305520497,188.49067794402998,188.49018771657828,188.4897758137057,188.4895644896574,-21.946365214334783,-0.6076863458945496,0.05218985253224062,0.05364344391460918,0.046993148473624125,0.0415419300493145,0.030299944382512045,3503.0903337634372,0.0,211.9542288690299,372915.50289687543,0.010373645316271314,70.158598141529,9.36302390758259e-7,0.0013223101319988495,1,143
0.0071400000000000005,83.8628940973554,174.78967695018463,-332.11720633073134,136.9718446683693,-117.94743644430883,-37.89814079097071,-10.896754578118639,-182.56395113952732,-25.706371876266747,-112.14240694336087,188.099452813662,188.4730839915977,188.491617680742,188.49125701738453,188.4906711140712,188.49018019519428,188.48976772891194,188.48955666089617,-22.025970964599125,-0.612151834372181,0.05226359475025255,0.05378862450273658,0.04712054527577436,0.04165353257187121,0.03035469749137487,3457.485635165617,0.0,212.0408683457103,372915.2662887798,0.010451813521333689,70.34831673704731,9.36302390758259e-7,0.0013235982157891457,1,143
0.007150000000000001,83.14508965010256,175.80144366643248,-332.02465851274405,137.10551813300646,-117.74865478141851,-38.28881997534194,-10.930370253010679,-182.64771781822105,-25.4762776399056,-111.64008752837388,188.09893760340842,188.47297277708776,188.49160968106267,188.49125097927558,188.4906642841774,188.49017267386336,188.4897596442941,188.4895488389225,-22.105651246177867,-0.6166413742593537,0.05233679071863229,0.053933993091028753,0.047248115012206604,0.041765280599033616,0.03040938164863327,3412.099473507674,0.0,212.1260360590514,372915.0306290663,0.01053036120580401,70.53810993269215,9.36302390758259e-7,0.001324874667469611,1,144
0.0071600000000000006,82.42598982937575,176.81059815732027,-331.927505587129,137.23792892582927,-117.54837642910528,-38.67940208617719,-10.96379477234131,-182.7303931593717,-25.246082918448412,-111.1366639220423,188.0984257224494,188.47286118637834,188.49160166099995,188.4912449408752,188.49065745434862,188.49016515258555,188.48975155985323,188.48954102373585,-22.185405261206842,-0.6211550443834462,0.052409435325073694,0.054079549576059094,0.0473758576935257,0.04187717409381975,0.030463876607147,3366.9308370594363,0.0,212.20973337103032,372914.79591981514,0.010609288558901675,70.7279764352297,9.36302390758259e-7,0.0013261393100391095,1,144
0.00717,81.70560485517512,177.81712608052888,-331.82574893464437,137.36907377609785,-117.34660619465947,-39.0698785161853,-10.997027830541555,-182.8119784729879,-25.015789583042906,-110.6321492432346,188.0979171774739,188.4727492192258,188.4915936204487,188.49123890218036,188.4906506245849,188.49015763136097,188.48974347559,188.48953320870504,-22.265232210616496,-0.6256929235848876,0.05248152343506618,0.0542252938626504,0.047503773317055575,0.04198921302240599,0.030518298162041546,3321.978691852075,0.0,212.29196172069868,372914.5621587075,0.010688595757876425,70.9179149525142,9.36302390758259e-7,0.0013273920819714957,1,144
0.007180000000000001,80.98394496576552,178.82101313106892,-331.7193900014774,137.49894942987973,-117.14334890060812,-39.460240664314824,-11.030069124738134,-182.89247504017888,-24.785399493187704,-110.12655654908002,188.09741197509146,188.47263687539092,188.49158555930347,188.49123286318812,188.49064379488632,188.4901501101897,188.48973539150506,188.48952539382987,-22.345131294112903,-0.6302550907291433,0.05255304990523069,0.054371225836632675,0.04763186189320212,0.04210139734051488,0.030572647228241046,3277.2419839849304,0.0,212.37272249643624,372914.3293477743,0.010768282967983853,71.10792419350375,9.36302390758259e-7,0.001328633187599848,1,144
0.00719,80.2610204175316,179.82224504148297,-331.6084302992238,137.62755267077122,-116.93860940366719,-39.8504799375307,-11.062918354757716,-182.97188414124554,-24.554914496683914,-109.61989886905947,188.0969101218325,188.47252415463888,188.4915774774585,188.49122682389543,188.49063696525295,188.4901425890718,188.4897273075991,188.48951757911013,-22.425101710226347,-0.6348416246700204,0.05262400954685997,0.05451734539157371,0.04776012341948821,0.042213727017392344,0.030626923810677553,3232.719638682433,0.0,212.4520170993985,372914.0974890223,0.01084835034244278,71.29800286823807,9.36302390758259e-7,0.0013298623348835803,1,144
0.007200000000000001,79.53684148483131,180.82080758204944,-331.4928714048668,137.7548802956555,-116.7323925727105,-40.240587748610295,-11.095575223131,-183.05020702280115,-24.32433642981546,-109.1121891666726,188.0964116241486,188.47241105673928,188.49156937480763,188.49122078429926,188.4906301356848,188.49013506800745,188.4897192238728,188.48950977121365,-22.50514265630808,-0.6394526042864186,0.052694397149468664,0.05466365242912019,0.04788855789819202,0.042326202008078795,0.030681127934882646,3188.4105616614524,0.0,212.52984686929491,372913.8665888326,0.010928798022393165,71.4881496878101,9.36302390758259e-7,0.0013310796157989524,1,145
0.00721,78.81141845985026,181.81668656098435,-331.3727149607539,137.8809291631019,-116.5247033324382,-40.630555520882794,-11.128039435097584,-183.1274449630825,-24.093667117163704,-108.60344041634613,188.09591648841266,188.47229758146608,188.4915612512445,188.49121474439653,188.49062330618193,188.49012754699666,188.4897111403272,188.48950197013988,-22.585253328571543,-0.6440881084626771,0.05276420748838273,0.05481014683725505,0.0480171653316912,0.04243882227847884,0.03073513868385991,3144.313636819174,0.0,212.6062132319932,372913.6366491628,0.011009626136849648,71.67836336438096,9.36302390758259e-7,0.0013322849450438934,1,145
0.007220000000000001,78.08476165245528,182.80986782464305,-331.2479626745742,138.00569619357123,-116.31554666288189,-41.02037468893541,-11.160310698609443,-183.2035992717772,-23.86290837166665,-108.09366560190934,188.0954247209188,188.47218372859774,188.49155310666228,188.49120870418417,188.4906164767444,188.49012002603956,188.48970305696292,188.48949416922056,-22.665432922073478,-0.6487482160839164,0.052833435301686826,0.054956828512125355,0.04814594572256237,0.042551587791882284,0.030789072505244874,3100.4277264211523,0.0,212.68111769930243,372913.4076675475,0.011090834802683051,71.86864261127877,9.36302390758259e-7,0.0013334783562741759,1,145
0.00723,77.3568813900483,183.8003372577211,-331.1186163193338,138.1291783208613,-116.1049275555803,-41.410036693891016,-11.192388724335455,-183.27867122440506,-23.632061994926644,-107.58287764039267,188.09493632788252,188.4720694979171,188.49154494095396,188.4912026636591,188.49060964737228,188.49011250513624,188.4896949737807,188.4894863684555,-22.745680630768213,-0.6534330060500686,0.052902075310155006,0.05510369733896425,0.04827489907328264,0.042664498507125614,0.030842930316703487,3056.751673686795,0.0,212.75456172074453,372913.17964589596,0.0111724241245614,72.0589861430131,9.36302390758259e-7,0.0013346599179608343,1,145
0.007240000000000001,76.62778801741871,184.7880807834559,-330.9846777333308,138.25137251633552,-115.89285103529448,-41.79953298592845,-11.224273225665371,-183.35266209490902,-23.401129777148924,-107.07108942028842,188.09445131544098,188.4719548892114,188.49153675401206,188.4911966228182,188.4906028180656,188.4901049842868,188.48968689078123,188.48947856784443,-22.82599564749008,-0.6581425572717308,0.05297012220810249,0.05525075321340722,0.04840402539188027,0.042777554381908445,0.030896712123423598,3013.284301715182,0.0,212.8265467572553,372912.9525860929,0.011254394194942795,72.24939267524557,9.36302390758259e-7,0.0013358293277282995,1,145
0.00725,75.8974918965974,185.77308436382518,-330.84614882012886,138.3722757612416,-115.679322135428,-42.18885502118857,-11.255963918714126,-183.42557311846366,-23.17011349734416,-106.55831375972978,188.09396968965328,188.47183990227236,188.49152854572887,188.4911905816583,188.49059598882442,188.4900974634913,188.48967880796516,188.48947077409076,-22.90637716401342,-0.6628769486427295,0.05303757065707071,0.055397996023351936,0.04853332467518179,0.04289075538536302,0.030950417948834463,2970.0244149785985,0.0,212.89707419711033,372912.7264944214,0.011336745094003208,72.4398609247542,9.36302390758259e-7,0.001336986624849601,1,146
0.007260000000000001,75.16600340670873,186.75533399974793,-330.70303154853053,138.4918851019637,-115.46434594682404,-42.57799426823558,-11.287460522325613,-183.49740556542875,-22.939014923112467,-106.04456349060045,188.09349145650063,188.47172453689615,188.49152031599633,188.49118454017625,188.4905891596488,188.49008994274988,188.48967072533355,188.48946298719395,-22.98682437101437,-0.6676362590768719,0.05310441529717824,0.05554542565334941,0.04866279693428943,0.04300410147150657,0.031003926244420832,2926.970796775615,0.0,212.9661455232616,372912.5013727185,0.011419476889627203,72.63038960944743,9.36302390758259e-7,0.001338132008040338,1,146
0.00727,74.43333294382323,187.7348157312826,-330.555327952549,138.61019765023795,-115.24792761722263,-42.96694220882272,-11.318762758076776,-183.5681607411786,-22.707835810708822,-105.52985145686716,188.09301662188622,188.47160879288336,188.49151206470603,188.49117849836887,188.49058233053879,188.49008242206259,188.4896626428871,188.48945520045012,-23.067336458140808,-0.6724205674836341,0.05317065074619709,0.055693042001699666,0.04879244215205247,0.043117592609856814,0.031057354068225962,2884.1222094334394,0.0,213.03376231312205,372912.277218374,0.011502589637367703,72.82097744847279,9.36302390758259e-7,0.0013392652741064104,1,146
0.007280000000000001,73.69949092080999,188.71151563782564,-330.40304013137944,138.7272105277199,-115.03007230234694,-43.35569033138006,-11.349870350281478,-183.63783991185178,-22.47657790538596,-105.0141904313942,188.09254519163542,188.47149267003903,188.49150379174927,188.49117245623296,188.49057550149442,188.49007490142955,188.48965456062652,188.48944741385907,-23.147912613996503,-0.6772299527777044,0.053236271595156204,0.055840844947454116,0.04892226035047642,0.043231228752908635,0.031110702344294694,2841.4773971350564,0.0,213.0999260706209,372912.0540331766,0.011586083380404738,73.01162316223035,9.36302390758259e-7,0.001340386366083246,1,146
0.0072900000000000005,72.96448776718852,189.6854198383095,-330.24617024936873,138.84292089363942,-114.81078519017882,-43.744230134400965,-11.380783025994752,-183.7064443412669,-22.24524294132236,-104.49759315780713,188.09207717149604,188.47137616817267,188.49149549701698,188.49116641376528,188.49056867251574,188.49006738085083,188.48964647855246,188.48943962742058,-23.228552026165403,-0.6820644938719393,0.05330127240777305,0.05598883437266977,0.04905225152351278,0.04334500986413481,0.031163971099309684,2799.0350847325863,0.0,213.16463830977685,372911.8318188908,0.011669958149522734,73.20232547233613,9.36302390758259e-7,0.001341495275387461,1,146
0.007300000000000001,72.22833392898046,190.6565144913999,-330.0847205359851,138.9573259137728,-114.59007147403538,-44.13255312234415,-11.41150051501636,-183.7739752495991,-22.01383264184262,-103.98007230573174,188.09161256713867,188.47125928709826,188.49148718039982,188.4911603709626,188.4905618436028,188.49005986032654,188.48963839666564,188.489431847872,-23.30925388123709,-0.6869242696720814,0.05336564772343344,0.05613701016155659,0.04918241567948822,0.04345893590389416,0.031217160337947192,2756.7939793466594,0.0,213.22790046117012,372911.6105817023,0.011754213963069846,73.3930831015799,9.36302390758259e-7,0.001342592106553131,1,147
0.0073100000000000005,71.49103986856151,191.62478579569193,-329.91869328578656,139.07042282236543,-114.36793640608589,-44.52065081404582,-11.44202254989462,-183.8404338956153,-21.782348719176284,-103.46164056099953,188.09115138415677,188.47114202663423,188.49147884178805,188.49115432782165,188.49055501475564,188.4900523398568,188.48963031496712,188.48942407521275,-23.390017364812145,-0.6918093590915841,0.053429392051800306,0.05628537220648866,0.04931275281770642,0.04357300683231813,0.03127014790072469,2714.7527676226955,0.0,213.2897140582182,372911.39032332797,0.011838850826922475,73.58389477393769,9.36302390758259e-7,0.0013436766097303099,1,147
0.007320000000000001,70.75261606451221,192.59021998990735,-329.74809085838757,139.18220892235485,-114.14438529676207,-44.90851474353933,-11.472348865930346,-183.90582157650712,-21.550792874525406,-102.94231062384117,188.09069362806665,188.47102438660346,188.49147048107164,188.49114828433912,188.49054818597435,188.49004481944164,188.4896222334576,188.48941630270502,-23.47084166152132,-0.6967198410320723,0.05349249988047422,0.056433920386261605,0.049443262940644495,0.04368722260692337,0.03132305144268788,2672.9101159457896,0.0,213.3500807369604,372911.171041016,0.011923868734453778,73.77475921469046,9.36302390758259e-7,0.0013447489512134758,1,147
0.007330000000000001,70.01307301146929,193.55280335308922,-329.5729156784265,139.29268152324562,-113.91942346116299,-45.29613645153185,-11.502479201180677,-183.97013954536854,-21.319166798444996,-102.42209511981837,188.09023930430752,188.47090636683336,188.4914620981403,188.49114224051172,188.49054135725893,188.4900372990812,188.48961415213776,188.48940853034856,-23.551725955039682,-0.7016557944029387,0.05355496567272411,0.05658265458457379,0.049573946048501405,0.043801583182977666,0.03137587190286961,2631.264673473763,0.0,213.4090020491927,372910.9527364357,0.012009267666523969,73.9656751504362,9.36302390758259e-7,0.0013458088906219967,1,147
0.00734,69.27242121997652,194.51252220479716,-329.3931702355302,139.4018379720992,-113.6930562456878,-45.683507489767756,-11.532413296462739,-184.0333890522568,-21.087472170756897,-101.90100664473555,188.0897884182419,188.47078796715576,188.49145369288328,188.4911361963361,188.49053452860946,188.49002977877558,188.48960607100835,188.48940075814312,-23.63266942812546,-0.7066172980893644,0.05361678385713109,0.05673157468297063,0.049704802148808014,0.043916088532727215,0.03142860928696933,2589.8150708547632,0.0,213.46647955551703,372910.73541123274,0.012095047591417716,74.15664130904668,9.36302390758259e-7,0.0013468565505483643,1,147
0.007350000000000001,68.5306712163353,195.46936290530212,-329.2088570842795,139.50967561926217,-113.46528899897254,-46.07061941582633,-11.562150895357235,-184.09557129892178,-20.855710660790685,-101.37905771747317,188.08934097515592,188.47066918740703,188.4914452651896,188.4911301518089,188.49052770002595,188.49002225852485,188.48959799007002,188.48939299285848,-23.713671262602546,-0.7116044309818559,0.0536779488428385,0.05688068055423656,0.04983583124116642,0.044030738610985054,0.0314812636184163,2548.5599219151004,0.0,213.52251472277345,372910.5190714955,0.012181208464834866,74.34765641961864,9.36302390758259e-7,0.0013478919761168717,1,148
0.00736,67.78783354245506,196.42331185577962,-329.01997884417193,139.61619188675732,-113.23612712971875,-46.45746380369067,-11.591691744212127,-184.1566875289542,-20.623883927116367,-100.85626087521318,188.0888969802594,188.470550027428,188.49143681494795,188.49112410692678,188.4905208715085,188.4900147383291,188.48958990932388,188.48938523449408,-23.794730639396935,-0.7166172719588069,0.053738455011820285,0.05702997208490501,0.04996703332815322,0.044145533365767875,0.03153371215361922,2507.4978207537065,0.0,213.5771091284306,372910.3037188226,0.012267750229849574,74.53871921248525,9.36302390758259e-7,0.0013489149655885047,1,148
0.007370000000000001,67.04391875570342,197.37435549850358,-328.82653819958574,139.7213842685114,-113.00557610605671,-46.844032244618425,-11.621035592146349,-184.2167390276216,-20.391993617615398,-100.33262867150037,188.08845643868577,188.470430487064,188.49142834204665,188.49111806168628,188.4905140430571,188.49000721818845,188.48958182877064,188.48937747627963,-23.875846738548773,-0.7216558998963816,0.05379829671895209,0.057179449155583484,0.05009840840401836,0.04426047277191181,0.03158607311100514,2466.627341970106,0.0,213.63026446036858,372910.0893503227,0.012354672816900758,74.729828419344,9.36302390758259e-7,0.0013499256195460552,1,148
0.00738,66.29893742875613,198.3224803170387,-328.6285378997404,139.8252502617431,-112.77364139767883,-47.23031633640289,-11.650182191053414,-184.2757270314444,-20.160041369895154,-99.80817358235785,188.08801935549226,188.47031056616484,188.49141984637373,188.49111201608403,188.49050721467182,188.489999698103,188.489573748411,188.4893697182149,-23.957018739242574,-0.7267203936543147,0.05385746828747262,0.05732911163630661,0.050229956487593874,0.04437555677902516,0.031638347426609315,2425.9470438658414,0.0,213.68198231192036,372909.8759675475,0.0124419761437319,74.92098277326764,9.36302390758259e-7,0.0013509239127862671,1,148
0.007390000000000001,65.55290014944681,199.26767283643272,-328.42598075865857,139.92778740118618,-112.54032850462443,-47.616307688816676,-11.679131295604613,-184.33365277321653,-19.928028811191147,-99.28290805370919,188.08758573566024,188.4701902645849,188.49141132781688,188.49110597011656,188.49050038635272,188.48999217807278,188.4895656682457,188.48936196029962,-24.038245819785526,-0.7318108320922132,0.053915964030686325,0.057478959410261155,0.05036167756500198,0.044490785344580175,0.03169053512124709,2385.455467084488,0.0,213.7322642839856,372909.66357202496,0.01252966011540037,75.11218100865449,9.36302390758259e-7,0.001351909585545208,1,148
0.0074,64.80581752061673,200.20991962340756,-328.21886965512556,140.02899322168645,-112.30564292628199,-48.00199791721326,-11.707882663252875,-184.39051743297716,-19.69595755862735,-98.7568444523221,188.08715558409548,188.47006958218296,188.49140278626348,188.4910999237804,188.4904935580998,188.48998465809797,188.4895575882754,188.48935420933444,-24.119527157678853,-0.7369272940380878,0.053973778220046675,0.05762899234997576,0.050493571649523616,0.04460615842904936,0.03174263621560591,2345.1511363696895,0.0,213.78111187384985,372909.4521697467,0.012617724624217341,75.3034218611734,9.36302390758259e-7,0.0013528828974781748,1,149
0.007410000000000001,64.0577001599636,201.14920728655076,-328.0072075326486,140.12886533283978,-112.06959022312087,-48.38737865543888,-11.736436054236016,-184.44632223569448,-19.463829218921916,-98.22999516501343,188.08672890562826,188.4699485188224,188.49139422160056,188.49109387707207,188.49048672991316,188.4899771381786,188.48954950850126,188.48934646531873,-24.20086192957894,-0.7420698583230028,0.05403090509990882,0.057779210327638,0.050625638740860346,0.04472167599788257,0.03179452739877231,2305.032557533016,0.0,213.8285266968382,372909.24176219414,0.012706169549734268,75.4947040677741,9.36302390758259e-7,0.001353843615876621,1,149
0.00742,63.30855869989111,202.08552247650556,-327.79099739941495,140.2274014192224,-111.83217601600703,-48.77244155675335,-11.764791231580343,-184.5010684511054,-19.231645388465274,-97.70237259658558,188.0863057050134,188.4698270743711,188.49138563371486,188.49108782998806,188.4904799017928,188.4899696183148,188.48954142892396,188.4893387214514,-24.282249311347556,-0.747238603758241,0.05408733889242345,0.05792961322351431,0.05075787884119087,0.0448373379938225,0.0318463274450167,2265.098217695575,0.0,213.87451048609452,372909.03234633943,0.012794994758732496,75.68602636682387,9.36302390758259e-7,0.001354792045219877,1,149
0.007430000000000001,62.55840378735763,203.01885188616055,-327.57024232824915,140.32459916551497,-111.59340592447495,-49.15717828068774,-11.792947961103877,-184.55475729576634,-18.999407653762773,-97.17398907215528,188.08588598693026,188.46970524870142,188.49137702249277,188.49108178252484,188.4904730737388,188.48996209850665,188.48953334954422,188.48933097773212,-24.36368847806756,-0.7524336091481985,0.054143073803283315,0.05808020090128707,0.05089029195348971,0.044953144383910626,0.031898037290502224,2225.3465886200506,0.0,213.91906487038457,372908.8239236175,0.012884200105180432,75.87738749811747,9.36302390758259e-7,0.0013557277755566477,1,149
0.00744,61.80724608372492,203.94918225083887,-327.3449454565695,140.42045629385046,-111.35328559745984,-49.54158049966537,-11.820906011419396,-184.60738998184723,-18.76711759132987,-96.64485688656849,188.08546975598324,188.46958304169027,188.49136838782036,188.49107573467884,188.49046624575115,188.48995457875426,188.48952527036278,188.4893232341607,-24.4451786040422,-0.7576549532607331,0.05419810398781699,0.05823097323872872,0.051022878079637124,0.045069095128505765,0.03194965695630003,2185.7761252921136,0.0,213.96219148484838,372908.6164954405,0.012973785430206962,76.06878620282113,9.36302390758259e-7,0.0013566510468943638,1,149
0.007450000000000001,61.05509626460656,204.8765003484869,-327.1151099863431,140.51497052339928,-111.11182068056979,-49.9256398913217,-11.848665153938395,-184.6589676645363,-18.53477676796698,-96.11498825394945,188.0850570167019,188.46946045321909,188.49135972958337,188.49106968644648,188.49045941782992,188.48994705905773,188.48951719138034,188.489315497567,-24.52671886283144,-0.762902714866188,0.05425242360000304,0.05838193010450965,0.05115563722220973,0.04518519017630673,0.03200118646609518,2146.385267728981,0.0,214.00389185164786,372908.41006770334,0.01306375056208885,76.26022122341173,9.36302390758259e-7,0.001357561493022852,1,150
0.0074600000000000005,60.30196501971665,205.80079299986153,-326.8807391840409,140.6081396510157,-110.86901688131155,-50.30934815392962,-11.87622516287384,-184.70949154687563,-18.302386740443993,-95.58439540988383,188.0846477735413,188.46933748317383,188.49135104766722,188.49106363782417,188.49045258997518,188.48993953941712,188.48950911259803,188.48930776795038,-24.608308427241745,-0.7681769727082521,0.0543060267488471,0.05853307136781183,0.0512885693778351,0.04530142949587734,0.032052501979549675,2107.172437857807,0.0,214.04416761800434,372908.2046417723,0.013154095316210772,76.4516913036859,9.36302390758259e-7,0.0013584595337172156,1,150
0.007470000000000001,59.54786305271686,206.72204706871864,-326.6418363805907,140.699961551467,-110.62487996836103,-50.692697007363876,-11.903585815243488,-184.75896287960396,-18.069949055579556,-95.05309060923462,188.0842420308817,188.469214131445,188.49134234195702,188.49105758880827,188.49044576218694,188.48993201983257,188.48950103401654,188.48930003848048,-24.689946469358688,-0.7734778055137301,0.054358907518952115,0.058684396899884916,0.051421674557814434,0.045417813029619225,0.03210372278275653,2068.1360397686176,0.0,214.0830205559712,372908.0002144845,0.013244819495073373,76.64319518890534,9.36302390758259e-7,0.0013593447892508714,1,150
0.0074800000000000005,58.79280108106563,207.64024946199842,-326.39840497133014,140.79043409653795,-110.37941570638026,-51.07567817739461,-11.93074689087327,-184.80738285606898,-17.83746525071691,-94.52108602568099,188.08383979302891,188.4690903979276,188.49133361233757,188.49105153939513,188.49043893446523,188.48992450030414,188.48949295563665,188.489292309157,-24.771632160584964,-0.7788052919799888,0.054411059972858666,0.058835906564326024,0.05155495275570132,0.0455343407504607,0.032154849814876485,2029.2744631427856,0.0,214.12045232388294,372907.7967871604,0.013335922888233601,76.83473162580529,9.36302390758259e-7,0.0013602176023324586,1,150
0.007490000000000001,58.03678983586482,208.5553871300125,-326.1504484159583,140.87955519538195,-110.1326298884943,-51.45828340356599,-11.957708172399968,-184.85475266460062,-17.60493685360683,-93.98839380262159,188.0834410642145,188.46896628252122,188.49132485869328,188.4910454895811,188.49043210681012,188.48991698083194,188.48948487745906,188.48928457997968,-24.85336467160144,-0.7841595108000075,0.0544624781465064,0.058987600229464476,0.05168840398229957,0.045651012598327156,0.03220588310635719,1990.5860817917032,0.0,214.15646458530506,372907.5943610972,0.013427405272316333,77.026299362533,9.36302390758259e-7,0.0013610774403740034,1,150
0.007500000000000001,57.27984006170766,209.46744706662892,-325.8979702384869,140.96732275122582,-109.8845283020351,-51.840504430163236,-11.984469445274655,-184.90107343254675,-17.37236538269967,-93.45502600180878,188.08304584859613,188.46884178512997,188.4913160809083,188.49103943936245,188.49042527922163,188.48990946141606,188.48947679948452,188.48927685780606,-24.935143172439076,-0.7895405406321014,0.054513156047955036,0.059139477761135595,0.05182202823195858,0.04576782854489636,0.03225682266914909,1952.069255498803,0.0,214.1910588819648,372907.3929420939,0.013519266410969984,77.21789714858105,9.36302390758259e-7,0.0013619247324903605,1,151
0.00751,56.52196251652596,210.37641630945723,-325.64097402718943,141.05373474776616,-109.63511679685672,-52.22233302429924,-12.011030497765876,-184.94634633786694,-17.139752346808002,-92.92099470754393,188.08265415025772,188.46871690566252,188.49130727886643,188.49103338873547,188.49041845169978,188.48990194205663,188.48946872171413,188.48926914263552,-25.016966832461083,-0.7949484601107155,0.0545630876539116,0.059291539022339634,0.05195582550943367,0.04588478854118527,0.03230754417712678,1913.7223268428038,0.0,214.22423688726664,372907.19253140263,0.013611506054855262,77.40952373479558,9.36302390758259e-7,0.0013627592034476665,1,151
0.007520000000000001,55.76316797143719,211.28228194003245,-325.3794634345512,141.13878924939507,-109.38440128456078,-52.60376097691952,-12.037391120962319,-184.99057260897965,-16.90709924518879,-92.38631202438096,188.08226597320936,188.46859164403207,188.4912984524512,188.49102733769644,188.49041162424464,188.4898944227537,188.48946064414866,188.48926142760996,-25.09883482039178,-0.8003833478480136,0.05461226692150323,0.059443783875821055,0.05208979581977857,0.04600189253593712,0.032358167393049975,1875.5436214625267,0.0,214.25600040605786,372906.99312572856,0.013704123941625424,77.6011778735294,9.36302390758259e-7,0.0013635810603565557,1,151
0.00753,55.00346721059144,212.18503108399878,-325.1134421772163,141.22248431454608,-109.13238767026438,-52.98478008438545,-12.063551108775922,-185.03375341292823,-16.67440756804843,-91.85098997482875,188.0818813213874,188.46846600015638,188.4912896015457,188.49102128624156,188.49040479685624,188.4898869035074,188.48945256678883,188.48925371272912,-25.180746304325503,-0.8058452824272333,0.05466068776274202,0.05959621218973865,0.052223939160217725,0.04611914049239729,0.0324086932634815,1837.5314515447149,0.0,214.2863511206302,372906.7947262785,0.01379711979591691,77.79285831864946,9.36302390758259e-7,0.0013643899671130777,1,151
0.007540000000000001,54.24287103101801,213.08465091129278,-324.84291403593585,141.3048180389191,-108.87908188661874,-53.36538215768576,-12.089510257944717,-185.07588991113738,-16.44167879641575,-91.31504055126199,188.08150019865488,188.46833997395777,188.4912807260328,188.49101523436707,188.49039796953463,188.48987938431782,188.4894444896354,188.48924599799273,-25.262700451753823,-0.8113343424070028,0.0547083440858076,0.05974882381833169,0.05235825553570539,0.046236532359605675,0.032459121820971326,1799.6841143383208,0.0,214.31529071741593,372906.5973342367,0.013890493329306855,77.98456382546976,9.36302390758259e-7,0.0013651861969423695,1,151
0.00755,53.48139024247251,213.98112863632514,-324.5678828555135,141.38578850944398,-108.6244898582255,-53.745559011988945,-12.11526836803602,-185.11698320027966,-16.208914402450525,-90.77847566409591,188.08112260880173,188.4682135653631,188.49127182579505,188.49100918206912,188.49039114227983,188.48987186518505,188.4894364126891,188.48923829028436,-25.344696429569545,-0.8168506063213972,0.05475522975880054,0.05990161862675336,0.05249274494861922,0.04635406809769371,0.03250945308697428,1761.9998940124326,0.0,214.3428207526658,372906.40095530637,0.013984244240324222,78.17629315067938,9.36302390758259e-7,0.001365969594205707,1,152
0.007560000000000001,52.71903566728209,214.8744515181633,-324.2883525447511,141.46539389615162,-108.36861757263995,-54.12530248751621,-12.140825241449114,-185.1570344302284,-15.976115849083548,-90.24130724707194,188.08074855554506,188.46808677430383,188.49126290071462,188.49100312934388,188.4903843150919,188.4898643461092,188.48942833595103,188.48923058960338,-25.426733404088438,-0.8223941526659093,0.05480133861563097,0.06005459647448674,0.052627407404112425,0.04647174765756468,0.03255956225424583,1724.4770584576752,0.0,214.36894292051514,372906.20559062687,0.014078372214405234,78.36804505234973,9.36302390758259e-7,0.0013667400583955158,1,152
0.00757,51.955818140193024,215.76460686071155,-324.0043270763931,141.5436324523948,-108.111471079552,-54.50460445058534,-12.166180683417728,-185.19604480390942,-15.743284590103926,-89.70354725485527,188.08037804252885,188.46795960071594,188.49125395067338,188.4909970761875,188.49037748797082,188.48985682709034,188.489420259422,188.48922288906564,-25.50881054106391,-0.8279650599135806,0.054846664480630025,0.06020775721052729,0.05276224289891207,0.04658957099893968,0.0326095695404538,1687.113859563106,0.0,214.39365905274062,372906.011236774,0.01417287692389801,78.55981829009495,9.36302390758259e-7,0.0013674977394306231,1,152
0.007580000000000001,51.19174850821567,216.65158201289216,-323.71581048707003,141.62050242271198,-107.85305641990725,-54.8834567723593,-12.191334502013376,-185.2340154591202,-15.510422070689579,-89.16520755981382,188.08001107332433,188.46783204454002,188.49124497555292,188.4909910225961,188.49037066091665,188.48984930812858,188.4894121831027,188.48921518867084,-25.590927005699037,-0.8335634065010282,0.05489120112826207,0.06036110070476042,0.05289725143807189,0.046707538068540444,0.032659475915502334,1649.9085367283624,0.0,214.41697085024575,372905.81789484224,0.01426775802804104,78.75161162507868,9.36302390758259e-7,0.001368242336936637,1,152
0.00759,50.42683763047075,217.5353643688249,-323.42280687724144,141.6960020887898,-107.59337966126536,-55.26185133945464,-12.216286508147807,-185.27094752747018,-15.27752972727344,-88.62630000447564,188.07964765143018,188.4677041057212,188.49123597523445,188.49098496856573,188.49036383392945,188.48984178922404,188.48940410699393,188.48920748841869,-25.67308196267753,-0.8391892708381015,0.054934942329158964,0.06051462680034092,0.05303243302119398,0.04682564883493079,0.03270928139185347,1612.8593153708362,0.0,214.4388800170383,372905.62556590437,0.014363015172938875,78.94342381994133,9.36302390758259e-7,0.001368974353716107,1,152
0.007600000000000001,49.66109637803492,218.41594136800634,-323.1253204111369,141.77012972083108,-107.33244686108874,-55.63978004202502,-12.241036515575516,-185.30684207228094,-15.04460898786327,-88.0868363496785,188.07928778027284,188.46757578420917,188.49122694959888,188.4909789140925,188.49035700700924,188.4898342703768,188.48939603109645,188.48919979521722,-25.75527457614947,-0.844842731292772,0.05497788179862351,0.06066833536406335,0.05316778765630659,0.04694390323814979,0.03275898600569427,1575.9644087810054,0.0,214.4593881191318,372905.434255568,0.014458647991562235,79.13525363872353,9.36302390758259e-7,0.0013696931755428077,1,153
0.0076100000000000004,48.89453563378658,219.29330049548784,-322.8233553166979,141.84288367461102,-107.07026414003502,-56.01723479753052,-12.265584340896822,-185.34170021249273,-14.811661271665866,-87.54682838006703,188.07893146320671,188.46744707995822,188.49121789852683,188.49097285917242,188.49035018015604,188.48982675158697,188.48938795541136,188.4891921090658,-25.837504009785906,-0.8505238662039716,0.055020013255431266,0.060822226241917576,0.0533033153343867,0.04706230124896571,0.032808464489340494,1539.222014937446,0.0,214.47849686621274,372905.24396486155,0.014554656103715934,79.32709984687209,9.36302390758259e-7,0.0013703992278218113,1,153
0.007620000000000001,48.12716629225036,220.16742928205463,-322.5169158855166,141.91426239168933,-106.80683768109637,-56.39420755181403,-12.289929803560092,-185.3755231225208,-14.578687989174515,-87.00628790158967,188.078578703514,188.4673179929272,188.49120882189854,188.4909668038015,188.49034335336992,188.48981923285464,188.48937987993946,188.48918442305583,-25.91976942675108,-0.8562327538787518,0.05506133036607963,0.06097629928694914,0.05343901606623813,0.04718084280723467,0.032857837515288146,1502.630316792978,0.0,214.49620811138684,372905.05469023355,0.014651039116043027,79.51896121140769,9.36302390758259e-7,0.001371092255808476,1,153
0.0076300000000000005,47.35899925944342,221.03831530440138,-322.20600647277587,141.98426430208715,-106.54217365646868,-56.770690254914115,-12.314072725864577,-185.40831190813395,-14.34569054272707,-86.46522663822607,188.07822950440496,188.46718852307956,188.491199719594,188.49096074797575,188.49033652665088,188.4898117141799,188.4893718046815,188.48917673718697,-26.002069989759143,-0.8619694725825138,0.05510182677769926,0.061130554352374133,0.05357488984868741,0.04729952787065628,0.03290710603609526,1466.1874857791643,0.0,214.51252356910055,372904.86643266806,0.01474779662201016,79.71083650093028,9.36302390758259e-7,0.0013717722944875388,1,153
0.007640000000000001,46.59004545271957,221.90594618531014,-321.89063149718635,142.0528878728402,-106.27627826405286,-57.14667487312091,-12.338012932962862,-185.44006766837566,-14.112670326361798,-85.923656284549,188.07788386901802,188.46705867038327,188.4911905914928,188.49095469169112,188.49032969999897,188.48980419556284,188.48936372963823,188.48916905145893,-26.08440486106764,-0.8677341005342374,0.055141496105286514,0.06128499128607956,0.05371093668956384,0.047418356390588556,0.032956270085079176,1429.8916803210216,0.0,214.52744495592512,372904.6791931272,0.014844928201888973,79.90272448554185,9.36302390758259e-7,0.0013724393248918665,1,153
0.0076500000000000005,45.8203158006145,222.77030959382554,-321.57079544092477,142.12013155692688,-106.0091576898096,-57.5221533755536,-12.361750252863118,-185.47079143070434,-13.879628726152664,-85.38158845426324,188.07754180042036,188.46692843481097,188.4911814374743,188.49094863494355,188.49032287341421,188.4897966770036,188.48935565481042,188.48916137280258,-26.16677320249837,-0.8735267159309625,0.05518033194170435,0.06143960994360498,0.053847156588370026,0.04753732831873059,0.033005329689562046,1393.7410476753607,0.0,214.54097384316768,372904.4929771238,0.014942433422741142,80.09462393676492,9.36302390758259e-7,0.0013730932664597906,1,154
0.007660000000000001,45.049821242690335,223.63139324543036,-321.24650284956925,142.18599389520207,-105.74081818295134,-57.89711776090695,-12.385284516431923,-185.50048428044116,-13.646567119813675,-84.83903478507713,188.07720330160785,188.4667978163398,188.49117225741747,188.49094257772896,188.49031604689662,188.48978915850222,188.48934758019922,188.48915370121728,-26.249174175440558,-0.8793473969182521,0.05521832785321479,0.06159441016974654,0.05398354954193252,0.04765644361985011,0.03305415917691956,1357.7337207890118,0.0,214.55311195116917,372904.30778557627,0.015040311838418318,80.28653362754787,9.36302390758259e-7,0.0013737342047919765,1,154
0.007670000000000001,44.27857272938026,224.4891849022198,-320.9177583320356,142.2504735165995,-105.4712660550402,-58.271560058559565,-12.408615557396466,-185.52914736063184,-13.413486876790792,-84.29600693610811,188.07686837550506,188.46666681495157,188.491163051201,188.49093652004325,188.49030922044625,188.48978164005885,188.48933950580542,188.48914602977152,-26.331606940890794,-0.8851962216001894,0.05525547736344727,0.06174939180947092,0.05412011556065721,0.04777570222791638,0.033102879619232084,1321.8678185959106,0.0,214.56386114903972,372904.1236148086,0.015138562989541686,80.47845233243876,9.36302390758259e-7,0.0013743620689755653,1,154
0.007680000000000001,43.50658122183271,225.3436723730759,-320.5845665605108,142.31356903592987,-105.20050760499664,-58.64547230136749,-12.431743212346838,-185.55678174239654,-13.180389358841992,-83.75251648538114,188.07653702496532,188.46653543063258,188.49115381870325,188.49093046188224,188.49030239406312,188.48977412167358,188.48933143162978,188.48913835846503,-26.414070659446587,-0.8910732680463074,0.055291773984325054,0.06190455471514156,0.05425685463859509,0.04789510410940245,0.03315149196293454,1286.1414494792757,0.0,214.57322315998778,372903.9404656958,0.015237186403502237,80.67037882759018,9.36302390758259e-7,0.0013749770571310493,1,154
0.007690000000000001,42.73385769175609,226.19484351383988,-320.24693227038773,142.37527910487236,-104.92854915654719,-59.01884653921256,-12.454667320738828,-185.58338848962583,-12.947275919887623,-83.20857498207991,188.07620925277112,188.4664036633738,188.49114455980228,188.49092440324182,188.49029556774727,188.48976660334648,188.48932335767307,188.48913068729746,-26.496564491332755,-0.8969786142727312,0.055327211188473946,0.06205989872270834,0.05439376678367491,0.04801464921277976,0.03319999624759529,1250.552709811831,0.0,214.58119970842586,372903.7583390908,0.015336181594444593,80.86231189067706,9.36302390758259e-7,0.0013755787490693505,1,154
0.0077,41.960413121261915,227.04268622748612,-319.9048602601967,142.435602358623,-104.65539701983788,-59.391674824040294,-12.477387724895472,-185.60896859156918,-12.714147906355933,-82.6641938958615,188.07588506163435,188.46627151317074,188.49113527437578,188.49091834411777,188.49028874149872,188.48975908507768,188.48931528393607,188.4891230232209,-26.579087596406026,-0.9029123382634214,0.055361782425960016,0.06221542368229649,0.054530851989848195,0.04813433749195184,0.03324839250430145,1215.0996857592236,0.0,214.58779236678546,372903.5772404118,0.015435548063273397,81.05425030081123,9.36302390758259e-7,0.0013761673038724387,1,155
0.007710000000000001,41.186258502709556,227.8871884642929,-319.5583553915384,142.49453752238676,-104.38105756814123,-59.7639492396495,-12.4999042700097,-185.63352309740853,-12.481006656771434,-82.1193847203162,188.07556445419652,188.46613898002354,188.4911259623012,188.4909122845059,188.4902819153175,188.48975156686728,188.48930721041992,188.48911536623473,-26.66163913419748,-0.9088745179510891,0.05539548112287296,0.0623711294296001,0.054668110270594816,0.0482541688948217,0.03329655468375403,1179.7804502136337,0.0,214.59300286145927,372903.3971704688,0.015535285297616207,81.24619283854568,9.36302390758259e-7,0.0013767428283543715,1,155
0.00772,40.41140483854992,228.72833822201403,-319.2074225890139,142.5520834115674,-104.10553723691405,-60.135661902828375,-12.522216804146801,-185.65705311612422,-12.24785350185082,-81.57415897028699,188.07524743302858,188.46600606393693,188.4911166234556,188.49090622440193,188.49027508920364,188.48974404871535,188.48929913712544,188.4891077093862,-26.744218263889977,-0.9148652312073686,0.05542830065536464,0.06252701581406228,0.05480554161104223,0.04837414338145152,0.03334460421072727,1144.5930631004396,0.0,214.59683307252342,372903.2181254637,0.015635392771846952,81.43813828605437,9.36302390758259e-7,0.0013773051559521354,1,155
0.007730000000000001,39.635863141168635,229.5661235460496,-318.85206684015515,142.60823882501035,-103.82884244732941,-60.506804933068494,-12.544325178245991,-185.6795596817342,-12.014689765103022,-81.02852808091849,188.0749340006311,188.4658727649202,188.49110725771578,188.49090016380163,188.49026826315716,188.48973653062203,188.4892910640534,188.48910005267496,-26.826824144362654,-0.9208845558839993,0.05546023439781056,0.06268308267120659,0.05494314603091777,0.0484942608915393,0.03339254205863451,1109.5355747672465,0.0,214.5992847274651,372903.04010616353,0.015735869947066525,81.63008542713618,9.36302390758259e-7,0.001377854527396638,1,155
0.00774,38.85964443272987,230.40053252961567,-318.4922931953539,142.66300259827148,-103.55097964447835,-60.87737046763638,-12.566229246123157,-185.70104382055624,-11.781516762673256,-80.4825034592017,188.07462415943456,188.46573908298726,188.4910978649582,188.4908941027007,188.4902614371781,188.4897290125874,188.48928299120456,188.48909239610074,-26.909455934192113,-0.9269325697619308,0.055491275674719454,0.06283932983689766,0.05508092352625216,0.04861452138267097,0.03344036826168839,1074.60602456387,0.0,214.6003595541146,372902.8631133136,0.015836716271095553,81.82203304712853,9.36302390758259e-7,0.0013783904743784325,1,155
0.007750000000000001,38.08275974501966,231.23155331391365,-318.12810676779003,142.71637354815488,-103.27195525842944,-61.24735064505432,-12.587928864472332,-185.72150648145657,-11.548335803700184,-79.93609643443087,188.07431791179974,188.4656050181566,188.49108844505895,188.49088804109485,188.4902546112665,188.48972149461153,188.48927491857975,188.4890847466352,-26.99211279167264,-0.9330093505755777,0.05552141779130437,0.0629957571545674,0.05521887409119586,0.04873492480875008,0.033488082853334156,1039.8024425973395,0.0,214.60005912216792,372902.68715223775,0.015937931178473367,82.01397993281805,9.36302390758259e-7,0.001378913328463155,1,156
0.00776,37.305220119289025,232.05917408829876,-317.75951273335875,142.76835058342846,-102.99177578207488,-61.616737637974076,-12.6094238928681,-185.74094867512562,-11.315148189889356,-79.38931835950976,188.07401526001772,188.46547057045134,188.4910789978939,188.49088197897967,188.49024778542233,188.4897139766946,188.48926684618013,188.48907710427767,-27.074793874826693,-0.9391149760227027,0.055550654031000235,0.06315236445939831,0.05535699772812652,0.04885547112011146,0.033535559429300754,1005.1228467689217,0.0,214.59838515976872,372902.51222363894,0.016039514090452258,82.20592487244389,9.36302390758259e-7,0.0013794229430707516,1,156
0.007770000000000001,36.52703660609707,232.88338309044792,-317.3865163305972,142.81893270499955,-102.71044777015071,-61.98552365433594,-12.630714193767737,-185.75937147394976,-11.081955215610002,-78.84218060819286,188.07371620630988,188.4653357398992,188.49106952333858,188.49087591635086,188.49024095964566,188.48970645883662,188.48925877400646,188.4890694620558,-27.1574983414288,-0.9452495237274388,0.05557897762985764,0.06330915158657291,0.055495294444575016,0.0489761602649299,0.03358291975836725,970.5652430892941,0.0,214.59533955321797,372902.33832359925,0.016141464414990283,82.39786665588316,9.36302390758259e-7,0.0013799194212137655,1,156
0.0077800000000000005,35.74822026515429,233.7041686065265,-317.00912286061003,142.8681188949392,-102.4279777616653,-62.35370090396714,-12.651799632512699,-185.77677587256122,-10.848758168517378,-78.29469447641515,188.073420752828,188.46520052653244,188.49106002126817,188.49086985320398,188.4902341339365,188.48969894103774,188.48925070205956,188.48906181996927,-27.240225349007865,-0.9514130712774378,0.05560638180682975,0.0634661183685239,0.055633764245794026,0.049096992186699495,0.03363016482306769,936.1276289662137,0.0,214.59092403010357,372902.16545277915,0.0162437815467526,82.58980407465383,9.36302390758259e-7,0.0013804027454445422,1,156
0.007790000000000001,34.96878216516444,234.52151897135593,-316.6273376869935,142.91590817186113,-102.14437231866864,-62.721261615195516,-12.672680077330902,-185.79316285745665,-10.615558329388342,-77.74687123275925,188.0731289016546,188.465064930388,188.49105049155756,188.49086378953461,188.49022730829486,188.48969142329807,188.48924263034024,188.48905417801774,-27.322974054871896,-0.9576056962038759,0.0556328597544109,0.06362326464000745,0.05577240712841114,0.04921796683921009,0.03367729465436131,901.8079918373354,0.0,214.58514031755882,372901.9936118177,0.01634646486711894,82.78173592182465,9.36302390758259e-7,0.0013808725772779806,1,156
0.0078000000000000005,34.18873338366849,235.33542256857802,-316.2411662357604,142.9622995335227,-101.85963798694011,-63.08819801676572,-12.693355399338571,-185.80853333511794,-10.38235697249062,-77.19872207039523,188.07284065480314,188.46492895150735,188.49104093408133,188.49085772533832,188.4902204827208,188.48968390561768,188.48923455884926,188.48904654319088,-27.4057436161282,-0.9638274759719678,0.05565840462501637,0.06378059022778615,0.05591122309450558,0.04933908418502497,0.03372430928084924,867.6043108634053,0.0,214.577989979,372901.8228059447,0.016449513744163084,82.9736609919221,9.36302390758259e-7,0.0013813294066224446,1,157
0.007810000000000001,33.408085006886175,236.1458678308212,-315.85061399526137,143.0072920714177,-101.57378137460718,-63.45450237381638,-12.713825472541835,-185.82288827556445,-10.149155365140814,-76.65025820554143,188.07255601421832,188.46479258993662,188.4910313487137,188.49085166061062,188.4902136572143,188.4896763879967,188.48922648758784,188.48903891548798,-27.48853318968461,-0.9700784880028355,0.05568300955694383,0.06393809496627512,0.05605021214377892,0.049460344160500824,0.03377108198564649,833.5145540954829,0.0,214.56947474033245,372901.6530357571,0.01655292753266215,83.16557808093319,9.36302390758259e-7,0.0013817727960858672,1,157
0.00782,32.6268481295589,236.95284323986428,-315.45568651610876,143.0508849709368,-101.28680915112945,-63.820166989059956,-12.734090173838908,-185.83622871223034,-9.915954767805282,-76.10149087463627,188.07227498177582,188.46465584572653,188.49102173532864,188.49084559534703,188.4902068317754,188.48966887043522,188.48921841655675,188.48903128791872,-27.571341932268513,-0.9763588096512983,0.05570666764089349,0.06409577868464567,0.05618937428376203,0.04958174671613058,0.03381773485027395,799.5366787987423,0.0,214.55959648964568,372901.4842972198,0.01665670557409278,83.35748598649542,9.36302390758259e-7,0.0013822029634348032,1,157
0.00783,31.845033854791957,237.75633732680055,-315.0563894110958,143.0930773965207,-100.99872796899017,-64.18518416624676,-12.754149383021357,-185.84855559825277,-9.682756434738465,-75.5524312386269,188.07199755928252,188.46451871893237,188.49101209379978,188.490839529543,188.4902000064041,188.48966135293335,188.48921034575682,188.4890236604828,-27.65416900044808,-0.9826685182209829,0.055729371951036555,0.06425364121447785,0.05632870950553137,0.04970329180706834,0.03386426885401228,765.6686346095155,0.0,214.5483569507649,372901.3165908879,0.016760847196630336,83.54938350789925,9.36302390758259e-7,0.0013826198513597898,1,157
0.007840000000000001,31.062653293896652,238.55633867220055,-314.6527283551184,143.1338685489768,-100.70954450284839,-64.54954622833323,-12.774002982776238,-185.85986987823227,-9.449561613814815,-75.00309043201528,188.07172374847678,188.46438120961406,188.49100242400044,188.49083346319395,188.49019318110047,188.48965383549117,188.48920227518883,188.4890160331798,-27.737013550640416,-0.9890076909543257,0.05575111552940992,0.06441168237927286,0.05646821781126565,0.04982497938710395,0.033910684033943816,731.9083622363883,0.0,214.53575784632625,372901.14991729567,0.016865351715165,83.74126944599436,9.36302390758259e-7,0.0013830234866263336,1,157
0.007850000000000001,30.279717566232748,239.35283590627412,-314.2447090850937,143.17325760632286,-100.41926541003336,-64.91324549783366,-12.793650858687627,-185.87017241444252,-9.216371546906572,-74.45347951659411,188.07145355102872,188.46424331783615,188.49099272580364,188.49082739629534,188.4901863558645,188.4896463181088,188.48919420485362,188.48900841301577,-27.8198747391344,-0.9953764050277449,0.0557718913913785,0.06456990199660595,0.056607899217419266,0.04994680938693463,0.03395698043678319,698.2537950766418,0.0,214.5218007302458,372900.9842815787,0.016970218431279768,83.93314260309334,9.36302390758259e-7,0.0013834138004668595,1,158
0.00786,29.496237799049858,240.1458177090327,-313.8323373998786,143.21124384189943,-100.12789740957949,-65.27627433590051,-12.813092899238193,-185.87946413422753,-8.983187469428856,-73.90360957642281,188.07118696854036,188.46410504366773,188.49098299908204,188.49082132884254,188.4901795306962,188.48963880078634,188.48918613475234,188.48900079998998,-27.902751722094216,-1.0017747375635118,0.05579169251974658,0.06472829990304518,0.056747753703668025,0.05006878177732865,0.03400303102552549,664.7028565401398,0.0,214.50648732251847,372900.81968422956,0.017075446633262485,84.1250017829739,9.36302390758259e-7,0.0013837905546962848,1,158
0.00787,28.71222512732983,240.93527281044942,-313.4156191601876,143.24782662451298,-99.83544728117609,-65.63862514352067,-12.83232899581089,-185.88774602988505,-8.750010610442935,-73.3534917149359,188.0709240025455,188.46396638718255,188.49097324370805,188.4908152608309,188.4901727055956,188.4896312835239,188.48917806488586,188.48899318709576,-27.985643655584965,-1.0082027656108359,0.055810511860361345,0.06488687591625109,0.05688778128626737,0.050190896488686576,0.034048958189693224,631.2534603803147,0.0,214.48981950890013,372900.6561210982,0.017181035596117052,84.31684579107318,9.36302390758259e-7,0.0013841543968886871,1,158
0.00788,27.927690693627937,241.7211899906201,-312.99456028850926,143.28300530007888,-99.54192178647622,-66.00029032185186,-12.851359042690227,-185.8950190111241,-8.516842193311874,-72.80313696282207,188.0706646545099,188.46382734845898,188.49096345955374,188.49080919225577,188.4901658805627,188.48962376632156,188.48916999525494,188.48898557433276,-28.06854969558063,-1.0146605661623944,0.05582834233480938,0.06504562985620765,0.05702798196997261,0.050313153472707484,0.034094762900981124,597.9035136957664,0.0,214.4717990059106,372900.4935926356,0.017286984581554907,84.50867343448937,9.36302390758259e-7,0.0013845045700922043,1,158
0.007890000000000001,27.142645647915067,242.50355807992193,-312.569166769022,143.31677925069556,-99.24732770845458,-66.36126229194232,-12.870182937064264,-185.90128397875156,-8.28368343552603,-72.25255632532705,188.07040892583152,188.4636879275799,188.49095364649088,188.49080312311244,188.49015905559753,188.48961624917942,188.48916192586043,188.48897796170064,-28.151468997985578,-1.0211482161472887,0.055845176847793,0.06520456154564869,0.05716835574308465,0.05043555268663624,0.034140445205208536,564.6509157107698,0.0,214.45242752821105,372900.33209927235,0.01739329283801492,84.70048352188498,9.36302390758259e-7,0.0013848414688142074,1,158
0.0079,26.3571011474192,243.28236595917235,-312.13944464750955,143.3491478339168,-98.95167181188,-66.72153347353232,-12.888800579025627,-185.9065417491885,-8.050535549089517,-71.70176073807522,188.0701568178408,188.46354812463292,188.49094380439092,188.4907970533962,188.49015223070012,188.48960873209762,188.48915385670313,188.48897035622008,-28.23440071863908,-1.0276657924237735,0.05586100824904072,0.06536367080430239,0.05730890261065724,0.0505580940780348,0.03418600513996939,531.4935593037792,0.0,214.43170661732486,372900.1716460501,0.017499959600643232,84.89227486338756,9.36302390758259e-7,0.0013851649668093213,1,159
0.00791,25.571068356466398,244.0576025597877,-311.70540003127445,143.38011050401477,-98.65496092242091,-67.08109632721444,-12.907211871572983,-185.9107932052774,-7.817399740054441,-71.15076115797167,188.0699083318008,188.46340793971015,188.490933933125,188.49079098310227,188.49014540587046,188.48960121507625,188.48914578778425,188.48896275789036,-28.3173440133397,-1.0342133717839719,0.055875829384306464,0.06552295744364756,0.05744962258042019,0.05068077758025957,0.03423131542162405,498.42932851111146,0.0,214.40963798398982,372900.0122333585,0.017606984091316377,85.0840462705914,9.36302390758259e-7,0.0013854751694461487,1,159
0.00792,24.784558446322514,244.82925686393983,-311.26703908905137,143.4096668121056,-98.35720192556397,-67.43994335564359,-12.925416720612972,-185.91403929617292,-7.584277208626517,-70.59956856025562,188.06966346890715,188.46326737290838,188.49092403256395,188.4907849122259,188.4901385811086,188.48959369811539,188.48913771910463,188.48895515969008,-28.40029803785036,-1.0407910309539314,0.055889633049406306,0.0656824212911502,0.05759051564344997,0.050803603158009025,0.03427649867236493,465.45609886449506,0.0,214.38622350782617,372899.8538569344,0.017714365518649206,85.27579655675554,9.36302390758259e-7,0.0013857719590695539,1,159
0.007930000000000001,23.997582595034228,245.5973179047131,-310.82436805091965,143.43781628465052,-98.05840168788295,-67.79806706077048,-12.943415034960744,-185.91628088640155,-7.351169149834398,-70.04819385054577,188.06942223028807,188.46312642432892,188.4909141025783,188.4907788407623,188.4901317564145,188.48958618121515,188.48912965066506,188.4889475616189,-28.48326194793122,-1.0473988465836275,0.055902412015611525,0.06584206215545407,0.05773158181015248,0.05092657074311724,0.034321555893351174,432.5717402130557,0.0,214.3614648948324,372899.6965171261,0.017822103077989763,85.46752453680482,9.36302390758259e-7,0.0013860553109504015,1,159
0.007940000000000001,23.21015198727054,246.36177476625983,-310.37739320821447,143.46455848410548,-97.7585670964301,-68.1554599651025,-12.961206726341594,-185.91751883125931,-7.11807675335136,-69.49664791010741,188.0691846170047,188.4629850940778,188.49090414303825,188.4907727687066,188.49012493178824,188.48957866437564,188.4891215824664,188.48893996367642,-28.56623489932679,-1.0540368952673553,0.05591415903518193,0.0660018798452029,0.057872821082706416,0.051049680289374066,0.03436648711292811,399.7741155950757,0.0,214.3353638485451,372899.54021426174,0.017930195951436672,85.65922902723015,9.36302390758259e-7,0.0013863254073118447,1,159
0.00795,22.42227781416327,247.12261658395602,-309.926120913438,143.48989294680914,-97.4577050193525,-68.51211458897832,-12.978791709392588,-185.9177538998517,-6.885001203887853,-68.94494155401995,188.06895063005146,188.46284338226553,188.49089415381374,188.49076669605392,188.4901181072298,188.489571147597,188.48911351450946,188.48893237289641,-28.649216047803158,-1.0607052535106707,0.05592486681022635,0.06616187418176622,0.05801423345218826,0.051172931744682515,0.03441129238705898,367.0610826671824,0.0,214.30792189553577,372899.3849532893,0.018038643307852795,85.8509088459872,9.36302390758259e-7,0.001386581921947988,1,160
0.00796,21.633971273148486,247.87983254455523,-309.47055758016825,143.5138193070216,-97.15582238473499,-68.86802349576479,-12.996169901663258,-185.916986928875,-6.651943680718382,-68.39308561747113,188.068720270356,188.46270128900733,188.49088413477435,188.49076062279943,188.49011128273918,188.48956363087927,188.48910544679546,188.48892478927817,-28.732204549162503,-1.0674039977561218,0.05593452803164478,0.06632204497336147,0.058155818928904424,0.051296325056490844,0.03445584418165648,334.4304914097229,0.0,214.2791407342678,372899.230734496,0.01814744430284326,86.04256281249708,9.36302390758259e-7,0.0013868251019601707,1,160
0.007970000000000001,20.845243567806676,248.63341188634286,-309.0107096829685,143.53633729702895,-96.8529261794899,-69.22317929307417,-13.013341223616962,-185.91521882251266,-6.418905357786144,-67.84109095276149,188.06849353877922,188.46255881442295,188.4908740857894,188.49075454893816,188.4901044583164,188.4895561142226,188.48909737932524,188.4889172057872,-28.815199559234802,-1.0741332043723997,0.05594313535259854,0.06648239202786499,0.05829757750413034,0.05141986016951883,0.034500265363493376,301.8801844689718,0.0,214.24902223475067,372899.0775535086,0.018256598078803095,86.23418974784782,9.36302390758259e-7,0.0013870549099510299,1,160
0.007980000000000001,20.056105907704953,249.38334389928792,-308.5465837572954,143.5574466228837,-96.54902337091724,-69.57757458694618,-13.03030559863194,-185.91245039853726,-6.185887404387692,-67.28896834604224,188.06827043611534,188.46241595863677,188.49086400672786,188.49074847446516,188.49009763396148,188.48954859762708,188.48908931209962,188.48890962242314,-28.898200233919756,-1.0808929496503055,0.05595068139227166,0.06664291515306786,0.058439509190848504,0.05154353702969239,0.034544556927861514,269.4079997790754,0.0,214.2175680895781,372898.9254105736,0.018366103764915542,86.42578847479469,9.36302390758259e-7,0.0013872710949948686,1,160
0.00799,19.26656950823585,250.12961792519684,-308.07818639940587,143.57714702643895,-96.24412094596353,-69.9312020046258,-13.047062953002744,-185.90868246519827,-5.952890984988052,-66.73672856027633,188.06805096309225,188.4622727217778,188.49085389745844,188.49074239937548,188.49009080967443,188.48954108109282,188.48908124511945,188.48890203918558,-28.981205729188005,-1.0876833098047385,0.055957158742678814,0.06680361416191971,0.05858161397755879,0.05166735559068769,0.03458871890323412,237.01176953440526,0.0,214.1847799883452,372898.7743059178,0.018475960477137253,86.61735781765833,9.36302390758259e-7,0.001387474153271867,1,160
0.008,18.476645590459334,250.8722233578638,-307.60552426626265,143.5954382220478,-95.93822587213951,-70.28405417034612,-13.063613215940869,-185.90391574300716,-5.719917259621894,-66.18438229598948,188.0678351203716,188.46212910397958,188.4908437578495,188.4907363236641,188.49008398545524,188.4895335646199,188.48907317838555,188.48889446311975,-29.064215201094697,-1.094504360981853,0.055962559968736336,0.06696448885662676,0.05872389187436866,0.051791315786315906,0.034632751352081215,204.6893215106261,0.0,214.1506594404491,372898.62424439547,0.018586167318256477,86.80889660222104,9.36302390758259e-7,0.0013876635290174244,1,161
0.008010000000000001,17.68634538094269,251.61114964322184,-307.1286040754414,143.6123200229902,-95.63134517578264,-70.63612375349463,-13.0799563195759,-185.89815102105186,-5.486967383410317,-65.63194027247269,188.0676229085491,188.4619851053803,188.4908335877691,188.49073024732598,188.49007716130393,188.48952604820846,188.48906511189915,188.4888868942249,-29.14722780579482,-1.1013561792401436,0.055966877598261355,0.06712553903922469,0.058866342883655776,0.05191541756622975,0.03467652653714204,172.4384769895617,0.0,214.11520812939628,372898.4752261929,0.018696723377857112,87.00040365572715,9.36302390758259e-7,0.0013878395288113299,1,161
0.008020000000000001,16.89568011160142,252.34638627949278,-306.6474326050334,143.62779234155656,-95.32348594091924,-70.98740346983685,-13.096092198956768,-185.8913891568995,-5.2540425066691725,-65.07941322474707,188.06741432815434,188.46184072612274,188.49082338708502,188.49072417035606,188.49007033722052,188.48951853185858,188.48905704566113,188.48887932545506,-29.230242699568997,-1.1082388405523762,0.055970104132399,0.06728676451665194,0.05900896699629765,0.052039660875603744,0.03472016752836282,140.2570511065539,0.0,214.07842791244272,372898.3272468284,0.0188076277323582,87.19187780708698,9.36302390758259e-7,0.001388001995824062,1,161
0.00803,16.104661019539037,253.07792281733657,-306.16201669355047,143.64185506241418,-95.01465523143442,-71.3378860327134,-13.112020792052029,-185.88363092018048,-5.0211437756017645,-64.52681182546277,188.06720937965088,188.46169596635428,188.49081315566474,188.49071809274926,188.490063513205,188.48951101557037,188.4890489796723,188.48887175680989,-29.313259038812433,-1.1151524208351251,0.055972232045267134,0.06744816508527407,0.059151764225475745,0.05216404565390853,0.034763675318933096,108.14285525133218,0.0,214.04032046622922,372898.18030644825,0.0189188794450266,87.38331788687695,9.36302390758259e-7,0.0013881511800185875,1,161
0.00804,15.313299346887778,253.8057488599997,-305.67236323982706,143.65450810583351,-94.7048601300371,-71.6875641773038,-13.127742039751446,-185.8748770707467,-4.788272332113351,-63.974146725315094,188.06700806343653,188.4615508262269,188.49080289337542,188.49071201450045,188.4900566892574,188.48950349934395,188.4890409139335,188.488864188289,-29.396275980077753,-1.1220969959022522,0.05597325377381335,0.0676097405465299,0.05929473456781764,0.05228857185250213,0.0348070499489328,76.0936961521706,0.0,214.0008874639296,372898.03440517857,0.01903047756598443,87.57472272723541,9.36302390758259e-7,0.0013882867872764826,1,161
0.00805,14.52160634064878,254.52985406346312,-305.1784792029228,143.66575136339543,-94.39410769963321,-72.03643063496155,-13.14325588586641,-185.86512827942292,-4.555429314215672,-63.42142851658551,188.06681037984364,188.46140530589713,188.4907926000839,188.49070593560444,188.49004986537767,188.48949598317944,188.48903284844562,188.48885662694738,-29.47929268007019,-1.1290726414943872,0.05597316172051059,0.06777149070693156,0.05943787801420086,0.05241323941628728,0.03485029147183916,44.10737707869896,0.0,213.9601303958843,372897.88954778016,0.019142421132228856,87.76609116175726,9.36302390758259e-7,0.0013884089319863013,1,162
0.008060000000000001,13.729593252531707,255.25022813658927,-304.6803716020227,143.6755848264134,-94.08240506070018,-72.38447818426313,-13.15856227713089,-185.85438528641166,-4.32261585553794,-62.868667808825485,188.06661632913912,188.46125940552616,188.49078227565676,188.49069985605607,188.49004304156588,188.4894884670769,188.48902478320983,188.4888490727843,-29.56230829567443,-1.1360794332689306,0.0559719482735721,0.06793341534643105,0.059581194583159025,0.05253804828937092,0.034893271977273876,12.181696003345792,0.0,213.9180509282982,372897.7457343396,0.019254709167634766,87.95742202549395,9.36302390758259e-7,0.0013885176673527622,1,162
0.00807,12.937271338796222,255.96686084126765,-304.1780475163387,143.68400858599614,-93.76975939012522,-72.7316996522342,-13.173661163202283,-185.84264890120295,-4.089833085436382,-62.315875225789206,188.06642591152442,188.46111312527975,188.49077191996025,188.49069377585013,188.490036217822,188.48948095103648,188.48901671822705,188.48884151874395,-29.64532198395507,-1.143117446795566,0.055969605771699626,0.0680955142815165,0.05972468425774036,0.05266299841092703,0.03493611471168201,-19.6855540470045,0.0,213.87465090286702,372897.6029602689,0.019367340682986033,88.14871415515951,9.36302390758259e-7,0.0013886129858795837,1,162
0.00808,12.14465186009016,256.67974199256145,-303.67151408500786,143.69102270443304,-93.45617784428751,-73.07808786265282,-13.188552496661622,-185.82991984408264,-3.8570821296952644,-61.763061332910034,188.06623912713562,188.46096646532823,188.49076153286032,188.49068769498137,188.49002939414603,188.48947343505824,188.4890086534981,188.48883396482597,-29.72833290218471,-1.1501867575604638,0.05596612653373079,0.06825778729488974,0.05986834704507782,0.05278808973497284,0.03497882066838098,-51.49658282798896,0.0,213.82993197807093,372897.46122561465,0.019480314675998714,88.33996638913023,9.36302390758259e-7,0.0013886946745055306,1,162
0.00809,11.351746081290877,257.3888614588516,-303.16077850699133,143.69662727941653,-93.14166759757778,-73.4236356617555,-13.203236233015268,-185.81619882534005,-3.6243641103397763,-61.21023667495706,188.06605597604369,188.46081942584652,188.49075111422263,188.49068161344454,188.490022570538,188.48946591914233,188.48900058902385,188.48882641102995,-29.81134020786149,-1.1572874409598057,0.05596150284707946,0.06842023417854648,0.060012182950523574,0.052913322191978196,0.03502138990033643,-83.25360367403002,0.0,213.78389580852183,372897.3205304038,0.01959363013129963,88.5311775673388,9.36302390758259e-7,0.0013887628151514342,1,162
0.008100000000000001,10.558565271344492,258.09420916198076,-302.64584804097234,143.70082237895704,-92.82623580437016,-73.76833589117906,-13.217712330694312,-185.80148646520794,-3.391680146043079,-60.65741174254672,188.06587645825465,188.46067200701418,188.49074066391253,188.4906755312343,188.4900157469979,188.48945840328884,188.48899252480516,188.48881886441907,-29.894343058692478,-1.1644195723139852,0.05595572696681206,0.0685828547305789,0.06015619197585842,0.05303869572730058,0.03506382244578177,-114.9588324211731,0.0,213.73654386396265,372897.1808793036,0.019707286020486943,88.72234653116764,9.36302390758259e-7,0.0013888177511857114,1,163
0.008110000000000001,9.76512070310621,258.79577507739674,-302.1267300052524,143.70360817140238,-92.50988967521866,-74.11218144178639,-13.231980751056163,-185.78578345391338,-3.1590313516349724,-60.10459704193639,188.06570057370976,188.4605242090153,188.49073018179507,188.49066944834536,188.49000892352572,188.48945088749787,188.48898446084326,188.48881132499255,-29.977340612644376,-1.1715832268405126,0.05594879110855544,0.06874564874031819,0.06030037411205935,0.05316421029625218,0.035105990259246767,-146.61448899417866,0.0,213.68787779129306,372897.04227230157,0.019821281302124877,88.91347212344837,9.36302390758259e-7,0.0013888590880644092,1,163
0.00812,8.97142365317955,259.493549234295,-301.60343177764827,143.70498492547722,-92.19263647567448,-74.4551652548886,-13.246041458384596,-185.7690905515942,-2.9264188382079013,-59.55180309193119,188.0655283222854,188.46037603203854,188.490719667735,188.49066336477233,188.49000210012147,188.48944337176954,188.48897639713903,188.48880378568646,-30.06033202794324,-1.1787784796667964,0.055940687460838134,0.06890861599735132,0.06044472936388168,0.05328986582923356,0.0351480167261613,-178.22279705334174,0.0,213.63789941418182,372896.9047047056,0.019935614921771247,89.10455318866964,9.36302390758259e-7,0.0013888868311283664,1,163
0.00813,8.177485401756439,260.18752171576034,-301.0759607953855,143.70495288008874,-91.87448345056795,-74.79728026777023,-13.259894419890536,-185.7514084281769,-2.6938437138303826,-58.999040357300224,188.06535970379312,188.46022747627723,188.49070912159678,188.49065728050982,188.48999527678515,188.48943585610394,188.48896833369332,188.48879624650039,-30.14331646308416,-1.186005405842014,0.05593140819558862,0.06907175628284534,0.06058925773895574,0.05341566227182959,0.035189902842200915,-209.7859820812366,0.0,213.58661037108152,372896.7681764639,0.020050285812004204,89.29558857297626,9.36302390758259e-7,0.0013889012593660266,1,163
0.008140000000000001,7.383317232456731,260.8776826589076,-300.5443245549949,143.70351230934546,-91.55543786193803,-75.1385194407784,-13.273539605712017,-185.7327377434109,-2.4613070833532262,-58.44631928348638,188.06519471798,188.4600785419292,188.49069854324458,188.4906511955524,188.48998845351676,188.48942834050118,188.48896027050702,188.48878870743394,-30.226293076849306,-1.1932640803151866,0.05592094543763526,0.06923506938046131,0.060733959233710166,0.053541599569056686,0.035231648663712534,-241.30627205475764,0.0,213.53401229624433,372896.63268750504,0.020165292892416885,89.4865771240621,9.36302390758259e-7,0.0013889020762996862,1,163
0.008150000000000001,6.588930432168187,261.56402225502205,-300.0085306122039,143.70066345688167,-91.23550695173917,-75.47887572894233,-13.286976988915299,-185.71307906622036,-2.2288100488235543,-57.893650266241686,188.06503336452874,188.45992922919686,188.49068793254222,188.49064510989461,188.4899816303163,188.48942082496137,188.48895220758098,188.4887811755568,-30.309261028325857,-1.2005545779475053,0.05590929128492128,0.06939855508426263,0.06087883384754811,0.053667677659589685,0.035273254235052676,-272.7858964979861,0.0,213.48010663761784,372896.49824240233,0.02028063506968179,89.67751769106232,9.36302390758259e-7,0.0013889020762996862,1,164
0.00816,5.794336290885621,262.24653074969876,-299.46858658183055,143.69640666706985,-90.91469801658522,-75.81834213844205,-13.300206545494966,-185.6924330359545,-1.9963537089853531,-57.341043715212585,188.06487564305777,188.45977953828725,188.4906772893533,188.49063902353097,188.48997480718376,188.48941330948463,188.48894414491645,188.4887736508682,-30.392219476921497,-1.2078769734976191,0.055896437805667,0.06956221317490474,0.061023881574023164,0.05379389649064947,0.03531459139959203,-304.22708780824775,0.0,213.42489502113455,372896.36484104546,0.020396311237510147,89.86840912455284,9.36302390758259e-7,0.0013889020762996862,1,164
0.00817,4.999546101550431,262.9251984429815,-298.92450013767444,143.6907423850383,-90.59301840654696,-76.1569117278287,-13.313228254374046,-185.6708003623122,-1.7639391593911569,-56.78851005083125,188.06472155312122,188.45962946941196,188.49066661354107,188.49063293645597,188.48996798411912,188.48940579407108,188.48893608251433,188.48876612629766,-30.475167582362644,-1.2152313416314051,0.05588237702872423,0.06972604342771405,0.06116910242611784,0.05392025599552319,0.035355783647924355,-335.6320808998404,0.0,213.36837925031233,372896.2324786402,0.020512320276740718,90.05925027675886,9.36302390758259e-7,0.0013889020762996862,1,164
0.008180000000000002,4.204571159890481,263.6000156895001,-298.37627901240853,143.68367102529993,-90.27047545090825,-76.49457755089806,-13.326042097404532,-185.64818166403413,-1.5315674931166114,-56.236059643973896,188.06457109420901,188.45947902278715,188.49065590496852,188.49062684866402,188.4899611611224,188.48939827872078,188.48892802037548,188.48875860184472,-30.558104504726973,-1.2226177569291252,0.055867100960953486,0.06989004562833401,0.06131449639203357,0.0540467561252278,0.03539683198548538,-367.00311155479983,0.0,213.31056094205258,372896.10115503724,0.020628661055325157,90.25004000155384,9.36302390758259e-7,0.0013889020762996862,1,164
0.008190000000000001,3.40942276425956,264.2709728986076,-297.8239309974685,143.6751930373658,-89.94707649536686,-76.83133268510359,-13.338648059367571,-185.6245775495414,-1.2992398005680812,-55.683702847567275,188.0644242657471,188.45932819863353,188.4906451634983,188.4906207601496,188.4899543381936,188.4893907634339,188.4889199585008,188.488751077509,-30.64102940445646,-1.2300362938614562,0.05585060157779154,0.07005421954848856,0.061460063487826844,0.05417339681000577,0.035437736466136016,-398.34241696326177,0.0,213.25144170879256,372895.9708700677,0.020745332428351027,90.44077715435137,9.36302390758259e-7,0.0013889020762996862,1,164
0.0082,2.614112215476341,264.938060534517,-297.26746394294213,143.6653088396836,-89.62282886560513,-77.16717020192515,-13.351046127973987,-185.59998853592205,-1.0669571698962415,-55.13144996947027,188.06428106709757,188.4591769971764,188.49063438899282,188.49061467090706,188.4899475153327,188.48938324821052,188.48891189689112,188.4887435603651,-30.72394144235006,-1.237487026808802,0.05583287081679433,0.07021856497407697,0.061605803695451655,0.05430017800387432,0.0354784971399722,-429.6522349126865,0.0,213.19102297582944,372895.84162821085,0.020862333238078623,90.631460591997,9.36302390758259e-7,0.0013889020762996862,1,165
0.00821,1.818650816664146,265.6012691164363,-296.70688575745805,143.6540189516361,-89.29773994032145,-77.50208322583529,-13.36323629386387,-185.57441521093494,-0.8347206864968015,-54.57931132959273,188.06414149755875,188.45902541864564,188.49062358131414,188.49060858093077,188.48994069253968,188.48937573305074,188.48890383554775,188.48873605041223,-30.806839779603152,-1.244970030051297,0.0558139005867897,0.0703830816764821,0.06175171702848736,0.05442709963871195,0.035518985752866605,-460.9348048424605,0.0,213.12930634681058,372895.7134292592,0.020979662313967015,90.8220891727672,9.36302390758259e-7,0.0013889020762996862,1,165
0.00822,1.023049873090212,266.2605892187036,-296.14220440807316,143.6413239935349,-88.97181715001308,-77.83606493551149,-13.375218550607336,-185.54785823294154,-0.6025314331206957,-54.02729725677737,188.06400555636526,188.45887346327564,188.49061274032405,188.49060249021505,188.48993386981456,188.48936821795465,188.48889577447156,188.48872854057498,-30.88972357781396,-1.2524853777618183,0.055793682764329056,0.07054776942201357,0.06189780348603868,0.05455416166212501,0.035559325893678384,-492.19236748684625,0.0,213.06629360332244,372895.5862683186,0.021097318472689173,91.01266175657857,9.36302390758259e-7,0.0013889020762996862,1,165
0.008230000000000001,0.227320692004918,266.916011470921,-295.57342792015936,143.62722455448227,-88.64506790446042,-78.16910850421284,-13.386992894704058,-185.52031816886006,-0.37039049059347917,-53.475418034949676,188.06387324268798,188.45872113130542,188.49060186588406,188.4905963987542,188.48992704715732,188.4893607029224,188.48888771366344,188.4887210308529,-30.972591998990993,-1.2600331440181431,0.05577220919907866,0.07071262799004785,0.062044063059182086,0.054681364007810984,0.035599518567459576,-523.427163497983,0.0,213.0019863395351,372895.4601451427,0.021215300518159706,91.2031772049864,9.36302390758259e-7,0.0013889020762996862,1,165
0.00824,-0.5685254175185328,267.5675265580872,-295.0005643772894,143.61172125837487,-88.31749962907107,-78.5012071294406,-13.398559325583719,-185.49179557518474,-0.13829893762146384,-52.92368393149023,188.0637445556343,188.45856842297852,188.49059095785537,188.4905903065425,188.48992022456795,188.4893531879541,188.4888796531243,188.4887135212456,-31.05544420557103,-1.2676134027930637,0.055749471696229236,0.07087765715188254,0.062190495757726616,0.05480870661512682,0.035639563831324494,-554.6414338508296,0.0,212.93638614495967,372895.33505946625,0.021333607241574074,91.3936343810761,9.36302390758259e-7,0.0013889020762996862,1,165
0.00825,-1.3644771447453161,268.2151252207308,-294.42362192112256,143.59481469766115,-87.9891197294333,-78.83235400214218,-13.409917845606095,-185.46229091682997,0.09374214879415632,-52.37210517345908,188.06361949424826,188.458415338543,188.4905800160989,188.49058421357412,188.48991340204645,188.48934567304983,188.48887159285496,188.4887060188309,-31.138279360439668,-1.2752262279521727,0.055725462039051266,0.07104285667314514,0.06233710157829986,0.05493618942852052,0.03567946174187586,-585.8374191719247,0.0,212.8694944217295,372895.2110156743,0.021452237421423118,91.58403214935477,9.36302390758259e-7,0.0013889020762996862,1,166
0.00826,-2.16052317743973,268.8587982550414,-293.84260875128797,143.57650556571616,-87.65993566239425,-79.16254236800663,-13.421068460060354,-185.43180472944127,0.3257316938568593,-51.82069199804412,188.06349805751069,188.45826187825156,188.4905690404753,188.49057811984332,188.4899065795928,188.4893381582097,188.48886353285675,188.48869852360806,-31.2210966269282,-1.2828716932684046,0.05570017197648269,0.07120822632720092,0.062483880520106005,0.055063812392212697,0.035719083976649024,-617.0173605166673,0.0,212.801312750232,372895.088013463,0.021571189823528535,91.77436937575,9.36302390758259e-7,0.0013889020762996862,1,166
0.008270000000000001,-2.9566522020256,269.49853651300043,-293.2575331252688,143.55679465681217,-87.32995493483038,-79.49176552866616,-13.432011177165904,-185.400337619335,0.5576686248640428,-51.26945464944163,188.06338024433907,188.45810804236137,188.49055803084485,188.49057202534422,188.48989975720698,188.48933064343385,188.48885547313057,188.48869102849835,-31.303895168851305,-1.2905498723974969,0.055673593227951734,0.07137376587692756,0.06263083258502533,0.055191575430034945,0.03575855419309626,-648.1834990119467,0.0,212.73184288868683,372894.9660478398,0.021690463201061886,91.96464492781891,9.36302390758259e-7,0.0013889020762996862,1,166
0.008280000000000001,-3.752852903747063,270.1343309025111,-292.6684033582848,143.5356827336222,-86.99918503309881,-79.82001677974704,-13.442746008071559,-185.36789010116016,0.7895518704860649,-50.71840333168981,188.06326605358774,188.4579538311342,188.49054698706763,188.49056593007097,188.48989293488899,188.48932312872236,188.4888474136773,188.48868353350133,-31.386674150499978,-1.2982608388977006,0.05564571748359004,0.07153947508993497,0.06277795776661144,0.0553194784932316,0.035797873399523006,-679.3380747580284,0.0,212.66108640769545,372894.84511846263,0.021810056294581198,92.15485767474652,9.36302390758259e-7,0.0013889020762996862,1,166
0.00829,-4.549113966829845,270.7661723875279,-292.0752278231743,143.51317059341002,-86.66763345840444,-80.14728944169278,-13.453272966855842,-185.33446267907524,1.0213803609620484,-50.167548233704196,188.06315548404794,188.4577992448363,188.4905359090034,188.4905598340177,188.4898861126388,188.48931561407537,188.48883935449783,188.48867603861655,-31.469432736661858,-1.3060046662102973,0.05561653639380548,0.0717053537153518,0.06292525607784683,0.0554475215122725,0.03583704165878299,-710.4833270956199,0.0,212.58904487307433,372894.7252249704,0.02192996783206828,92.34500648723726,9.36302390758259e-7,0.0013889020762996862,1,166
0.0083,-5.345424074641713,271.39405198818463,-291.4780149502742,143.48925900181243,-86.33530769244544,-80.47357682790032,-13.463592070526488,-185.30005576567441,1.2531530276835312,-49.61689950891344,188.06304853444806,188.45764428373855,188.4905247965116,188.49055373717843,188.48987929045643,188.48930809949297,188.48883129559306,188.48866855092356,-31.552170092644303,-1.3137814276718682,0.055586041574673395,0.07187140152577598,0.06307272751248405,0.055575704434492224,0.035876059013002504,-741.6214940754774,0.0,212.51571966362036,372894.6063716533,0.022050196528945673,92.53509023740632,9.36302390758259e-7,0.0013889020762996862,1,167
0.008310000000000001,-6.141771909853492,272.0179607809224,-290.87677322730167,143.46394882517856,-86.00221526631616,-80.79887230815602,-13.473703339020318,-185.2646698441579,1.4848688036947024,-49.066467318889785,188.06294520345364,188.45748894811626,188.49051364945146,188.49054763954723,188.48987246834184,188.48930058497527,188.4888232369643,188.48866107042159,-31.63488538427137,-1.3215911965163958,0.055554224625598,0.07203761827781818,0.06322037206387776,0.05570402720111112,0.03591479712490475,-772.7548129551674,0.0,212.44111233582854,372894.4885581124,0.022170741088109017,92.72510779877861,9.36302390758259e-7,0.0013889020762996862,1,167
0.008320000000000001,-6.938146154599536,272.63788989861627,-290.27151119923235,143.4372410305173,-85.66836375926727,-81.12316930982276,-13.483606795203102,-185.22830546827853,1.7165266235803855,-48.51626183023684,188.06284548966744,188.4573332382494,188.4905024676818,188.4905415411181,188.48986564629502,188.4892930705224,188.4888151786124,188.4886535900302,-31.7175777779143,-1.3294340458513503,0.05552107708604481,0.07220400373316238,0.06336818973975777,0.05583248973584709,0.03595337968499557,-803.8855198425285,0.0,212.36522462346005,372894.3717792585,0.02229160019997607,92.91505804649688,9.36302390758259e-7,0.0013889020762996862,1,167
0.00833,-7.734535490639143,273.2538305307012,-289.6622374681794,143.4091365530545,-85.33376073034577,-81.44646125375596,-13.493302464868854,-185.19096310016022,1.948125422748035,-47.96629317424011,188.0627493916294,188.45717715442234,188.4904912510613,188.490535441885,188.48985882431595,188.48928555613446,188.48880712053835,188.48864610974894,-31.80024644049628,-1.3373100486863176,0.05548659049916527,0.07237055764274913,0.0635161805306037,0.05596109198739896,0.035991807701452494,-835.0158488804943,0.0,212.28805807305287,372894.2560346542,0.022412772542507002,93.10493985732039,9.36302390758259e-7,0.0013889020762996862,1,167
0.00834,-8.53092859951694,273.86577392329735,-289.04896069327117,143.37963636240394,-84.99841375267198,-81.76874158619768,-13.50279037673996,-185.15264319140832,2.1796641376198806,-47.41657146849434,188.06265690781692,188.45702069692405,188.49047999944818,188.49052934184186,188.4898520024046,188.48927804181156,188.488799062743,188.48863862957737,-31.882890539514833,-1.345219277907212,0.05545075633810015,0.07253727976517155,0.06366434444929858,0.05608983389144129,0.03603008122316442,-866.1480323734222,0.0,212.20961422630162,372894.1413238431,0.022534256781231415,93.29475210951617,9.36302390758259e-7,0.0013889020762996862,1,167
0.008350000000000002,-9.327314162724408,274.4737113793349,-288.43168959052804,143.34874139657896,-84.66233038027995,-82.09000374594643,-13.512070562466313,-185.11334610233996,2.4111417052202455,-46.86710679998788,188.06256803664482,188.45686386604802,188.49046871270053,188.4905232409826,188.48984518056096,188.4892705275538,188.48879100522726,188.4886311565951,-31.965509243039683,-1.3531618062948496,0.05541356607698056,0.07270416984827932,0.06381268148701835,0.05621871538387602,0.03606820032172209,-897.2843003997826,0.0,212.12989443883168,372894.02765102097,0.022656051569295402,93.48449368275122,9.36302390758259e-7,0.0013889020762996862,1,168
0.008360000000000001,-10.123680861859324,275.0776342586764,-287.810432932739,143.31645269388585,-84.32551821463879,-82.41024122972918,-13.52114305662527,-185.07307226356798,2.6425570636716316,-46.31790926182686,188.06248277646563,188.45670666209224,188.4904573906761,188.4905171393011,188.48983835878502,188.48926301336132,188.48878294799243,188.4886236908013,-32.048101719744714,-1.3611377065154624,0.055375011140355035,0.07287122764516596,0.06396119164534486,0.05634773640846902,0.03610603664709089,-928.4268810266144,0.0,212.0489002429536,372893.9150156936,0.02277815554747702,93.6741634580911,9.36302390758259e-7,0.0013889020762996862,1,168
0.00837,-10.920017378788508,275.67753397824146,-287.18519954933606,143.28277139284774,-83.98798490340698,-82.72944759336958,-13.530007896720967,-185.03182217595514,2.8739091520856874,-45.76898895013633,188.06240112556935,188.45654908535926,188.49044603323236,188.49051103679116,188.48983153707675,188.48925549923422,188.48877489103944,188.48861622511546,-32.13066713889832,-1.3691470511138828,0.05533508291609923,0.07303845291348665,0.06410987492050779,0.05647689689539348,0.036143713888185935,-959.5779999557037,0.0,211.96663334722226,372893.80341267714,0.02290056734424491,93.86376031820727,9.36302390758259e-7,0.0013889020762996862,1,168
0.00838,-11.716312395807265,276.2734020121269,-286.55599832626956,143.24769860022792,-83.64973807446107,-83.04761638578164,-13.538665123183627,-184.98959624903506,3.105196909843663,-45.22035593060797,188.06232308218367,188.45639113615607,188.49043464022645,188.49050493344663,188.48982471543616,188.4892479851726,188.4887668343692,188.4886087595372,-32.21320467040614,-1.3771899125126907,0.05529377276974223,0.07320584539017716,0.06425873132003801,0.056606196780892404,0.03618123305369636,-990.7398799906923,0.0,211.88309527395634,372893.6928414396,0.023023285575790142,94.05328314737532,9.36302390758259e-7,0.0013889020762996862,1,168
0.00839,-12.5125545958008,276.86522989172903,-285.9228382058817,143.21123545697426,-83.31078536898221,-83.36474118182691,-13.547114779369295,-184.94639488183208,3.336419276791055,-44.67202025667275,188.06224864447407,188.45623281479422,188.4904232115153,188.49049882926124,188.48981789386318,188.48924047117657,188.4887587779826,188.488601294066,-32.2957134848122,-1.3852663630302775,0.05525107202765778,0.07337340483272214,0.06440776084046362,0.05673563600086773,0.03621859420685958,-1021.9147410245292,0.0,211.79828754064047,372893.5833014304,0.023146308846041203,94.24273083136703,9.36302390758259e-7,0.0013889020762996862,1,168
0.008400000000000001,-13.308732662405061,277.45300920586385,-285.2857281867792,143.1733830726672,-82.971134409582,-83.6808155486355,-13.555356911559095,-184.90221838262016,3.5675751928251174,-44.12399195604541,188.06217781054391,188.45607412158975,188.49041174695552,188.49049272422874,188.4898110723578,188.48923295724626,188.48875072188062,188.4885938357799,-32.37819275330122,-1.3933764748531257,0.05520697198429847,0.07354113098012505,0.06455696347771589,0.056865214494107974,0.036255797413910607,-1053.1047997929302,0.0,211.71221148022832,372893.47479674954,0.023269635746728676,94.43210225734335,9.36302390758259e-7,0.0013889020762996862,1,169
0.00841,-14.104835280167187,278.03673160088596,-284.6446773237056,143.1341426565558,-82.63079286425658,-83.9958331126868,-13.563391568958558,-184.85706712947345,3.798663598387904,-43.57628106050876,188.0621105784345,188.4559150568632,188.49040024640342,188.49048661834283,188.48980425092003,188.48922544338177,188.4887426660645,188.48858638467811,-32.460641647726234,-1.4015203200585873,0.05516146391517651,0.07370902356537812,0.06470633923942515,0.05699493219837848,0.03629271436258463,-1084.3122698098207,0.0,211.62486860089152,372893.3673268086,0.023393264857397428,94.621396313853,9.36302390758259e-7,0.0013889020762996862,1,169
0.00842,-14.900851134706896,278.6163887808083,-283.99969472741316,143.09351551745863,-82.28976844513792,-84.30978756095766,-13.571218803696787,-184.81094157022858,4.029683434357921,-43.02889760283699,188.0620469461251,188.45575562093964,188.4903887097151,188.49048051159718,188.4897974295498,188.48921792958322,188.4887346105352,188.48857893368168,-32.54305934061789,-1.4096979705921626,0.05511453903799257,0.07387708234046642,0.06485588811607101,0.05712478904385243,0.03632946870976639,-1115.539361015728,0.0,211.5362605855719,372893.2608863309,0.023517194745476058,94.81061189103816,9.36302390758259e-7,0.0013889020762996862,1,169
0.00843,-15.696768912876816,279.19197250741905,-283.3507895645316,143.05150293266308,-81.94806884509502,-84.62267257322006,-13.57883867082618,-184.76384206195368,4.260633641334124,-42.48185159026077,188.06198691153295,188.45559581414858,188.49037713674628,188.49047440398544,188.48979060824712,188.48921041585075,188.48872655529365,188.48857148279012,-32.62544500521021,-1.4179094982826665,0.055066188559238505,0.07404530704354073,0.06500561010953376,0.05725478497543257,0.03636606147103549,-1146.7882795268442,0.0,211.4463889325499,372893.1554746904,0.023641423966275645,94.99974788063264,9.36302390758259e-7,0.0013889020762996862,1,169
0.008440000000000001,-16.492577302923927,279.7634746003997,-282.6979710574398,143.00810621343905,-81.6057017695361,-84.93448185575005,-13.586251228321032,-184.71576895125514,4.491513159829488,-41.93515301916919,188.0619304725135,188.45543563682406,188.49036552735248,188.4904682955012,188.48978378701193,188.48920290218445,188.48871850034075,188.48856403200298,-32.707797815423575,-1.4261549748373437,0.0550164036380929,0.07421369741025785,0.06515550522139524,0.057384919917588206,0.03640249270988516,-1178.0612274838322,0.0,211.3552551353479,372893.0510912423,0.02376595106307167,95.18880317585489,9.36302390758259e-7,0.0013889020762996862,1,169
0.008450000000000001,-17.28826499464892,280.33088693744014,-282.04124848413403,142.96332664012635,-81.26267490590229,-85.24520910692118,-13.593456537077266,-184.66672249478654,4.722320929861105,-41.388811865096976,188.06187762686034,188.4552750893046,188.4903538813889,188.490462186138,188.48977696584421,188.48919538858442,188.48871044567747,188.48855658839514,-32.790116945908814,-1.4344344718369264,0.05496517540720447,0.07438225318350078,0.065305573445408,0.05751519381754022,0.0364387624865552,-1209.360402944384,0.0,211.26286050507747,372892.947739991,0.023890774567109217,95.37777667130213,9.36302390758259e-7,0.0013889020762996862,1,170
0.00846,-18.083820679568806,280.8942014543553,-281.3806311780957,142.91716559190533,-80.91899598488816,-85.5548480857523,-13.600454660911183,-184.6167030183221,4.953055891439959,-40.842838105591966,188.06182837230537,188.45511417193313,188.4903421987105,188.49045607588937,188.48977014474394,188.4891878750508,188.48870239130508,188.48854915196574,-32.87240157205176,-1.4427480607328516,0.05491249496708761,0.0745509740876713,0.06545581478870499,0.05764560659850737,0.03647474256042749,-1240.6879995445238,0.0,211.16920652615107,372892.84542025434,0.02401589299766674,95.56666726294935,9.36302390758259e-7,0.0013889020762996862,1,170
0.00847,-18.87923305107625,281.45341014519903,-280.71612852815855,142.86962454667514,-80.57467277919255,-85.86339261303405,-13.60724566655891,-184.56571091672694,5.183716984459849,-40.29724171716923,188.06178270651878,188.45495288505717,188.4903304791719,188.49044996474885,188.4897633237111,188.48918036158366,188.48869433722453,188.488541715639,-32.95465086997763,-1.4510958128556108,0.05485835337910139,0.07471985986006757,0.06560622925326598,0.05777615819620863,0.036510556529369964,-1272.0462061495227,0.0,211.07429485582932,372892.744126664,0.024141304862087924,95.7554738483523,9.36302390758259e-7,0.0013889020762996862,1,170
0.008480000000000001,-19.674490804600886,282.0085050623779,-280.04774997837654,142.82070495123767,-80.22971304285642,-86.17083650217246,-13.613829623674896,-184.51374649491805,5.414303147991362,-39.75203265565737,188.06174062710912,188.45479122902864,188.4903187226275,188.49044385270986,188.48975650274562,188.48917284818316,188.48868628343678,188.48853427941447,-33.03686401658389,-1.459477799408445,0.05480274167984689,0.07488891023815825,0.06575681682679502,0.057906848547114365,0.03654620541769926,-1303.4372068812847,0.0,210.97812696886766,372892.64385850064,0.024267008655823954,95.94419532664601,9.36302390758259e-7,0.0013889020762996862,1,170
0.008490000000000001,-20.46958263776955,282.55947831676446,-279.37550502788827,142.77040828617558,-79.88412454169696,-86.47717359363223,-13.620206604831651,-184.46081004743684,5.644813320469467,-39.20722086744262,188.06170213162332,188.45462920420394,188.49030692893143,188.49043773976587,188.4897496818475,188.4891653348494,188.48867822994274,188.48852684329165,-33.119040189525535,-1.467894091456552,0.05474565086442951,0.0750581249374136,0.06590757751404741,0.058037677592444936,0.03658168928017158,-1334.8631808299347,0.0,210.88070433540628,372892.54461502586,0.02439300286248543,96.13283059843894,9.36302390758259e-7,0.0013889020762996862,1,170
0.0085,-21.264497250567445,283.1063220778092,-278.69940323078237,142.7187360017821,-79.53791502424166,-86.78239771992989,-13.62637668551816,-184.40690177992772,5.875246439291558,-38.66281628285128,188.0616672175469,188.45446681094393,188.4902950979375,188.49043162591022,188.4897428610167,188.48915782158247,188.48867017674334,188.48851941434063,-33.20117856726664,-1.4763447599506598,0.054687071905963336,0.07522750369496123,0.06605851131382945,0.05816864525655596,0.03661700818614744,-1366.3263020838654,0.0,210.7820282458689,372892.4464001477,0.024519285953870984,96.32137856570897,9.36302390758259e-7,0.0013889020762996862,1,171
0.00851,-22.059223345498374,283.64902857365183,-278.01945419596206,142.6656896461601,-79.19109228006751,-87.08650277539212,-13.63233994413907,-184.35202196629274,6.105601441297608,-38.118828832182686,188.06163588230388,188.45430404961394,188.49028322949923,188.4904255111363,188.4897360402532,188.48915030838253,188.48866212383993,188.48851199256055,-33.283278329051576,-1.4848298757028289,0.05462699573315799,0.07539704622859489,0.06620961823049853,0.058299751471666994,0.036652033980955956,-1397.8287391221138,0.0,210.6821001616186,372892.34921309084,0.024645856390013612,96.5098381318022,9.36302390758259e-7,0.0013889020762996862,1,171
0.008520000000000002,-22.85374962774549,284.18759009123187,-277.33566758700795,142.61127086507958,-78.84366413855648,-87.38948271725567,-13.638096462013408,-184.29617094867004,6.335877262662272,-37.57526844270032,188.0616081232569,188.45414092058377,188.49027132346995,188.4904193954374,188.48972921955695,188.48914279524968,188.48865407123344,188.4885045708804,-33.365338654956794,-1.493349509393779,0.054565413242659844,0.075566752271925,0.06636089825493219,0.05843099617870173,0.03668689018640592,-1429.3726544705735,0.0,210.580921714501,372892.25304839696,0.02477271261923525,96.69820820163338,9.36302390758259e-7,0.0013889020762996862,1,171
0.008530000000000001,-23.64806480533145,284.7219989763978,-276.6480531220418,142.5554812738499,-78.49563841111136,-87.691331495322,-13.643646323373659,-184.23934898032934,6.566072838193939,-37.03214502576869,188.06158393770718,188.45397742422762,188.49025937970268,188.49041327880687,188.4897223989279,188.489135282184,188.48864601892484,188.4884971492997,-33.44735872587178,-1.5019037315756734,0.054502315307281,0.0757366215454951,0.06651235138316114,0.05856237930847108,0.03672157781718166,-1460.9602049989342,0.0,210.47849435658844,372892.15790525347,0.024899853078187723,96.88648768168439,9.36302390758259e-7,0.0013889020762996862,1,171
0.00854,-24.44215758927936,285.25224763401656,-275.95662057358675,142.4983225213602,-78.14702292015079,-87.99204308700061,-13.64898961536445,-184.18155630428765,6.796187101523451,-36.489468484678056,188.06156332289476,188.45381356092415,188.49024739805012,188.4904071612379,188.48971557836603,188.48912776918567,188.48863796691504,188.48848972781795,-33.529337723545325,-1.510492612659565,0.05443769275493171,0.0759066537584232,0.06666397762816789,0.0586939007876488,0.03675609694679238,-1492.5935415009396,0.0,210.37481953554484,372892.0637828292,0.025027276191913042,97.07467547990028,9.36302390758259e-7,0.0013889020762996862,1,171
0.00855,-25.236016693773216,285.7783285280811,-275.26137976842995,142.43979622705103,-77.79782547154277,-88.29161146184465,-13.654126428041238,-184.12279307597913,7.026218984703952,-35.94724871135014,188.06154627599832,188.45364933105648,188.49023537836476,188.4904010427237,188.4897087578713,188.48912025625478,188.488629915205,188.48848231349888,-33.61127483057608,-1.5191162229228379,0.05437153638436776,0.07607684863607034,0.066815776974682,0.058825560563683155,0.036790447635477896,-1524.274808854898,0.0,210.26989852257978,372891.97068493516,0.025154980373847807,97.26277050558699,9.36302390758259e-7,0.0013889020762996862,1,172
0.00856,-26.02963083631784,286.30023418181736,-274.5623405874822,142.3799041069421,-77.44805390993878,-88.5900306522426,-13.659056854369148,-184.06305951804998,7.256167418684868,-35.40549559567183,188.06153279413547,188.45348473501215,188.49022332049879,188.4903949232575,188.4897019374437,188.48911274339142,188.48862186379606,188.48847490634165,-33.69316923042669,-1.5277746325190336,0.05430383696270802,0.07624720589770106,0.06696774943003536,0.058957358548587635,0.036824501855281966,-1556.0061451590009,0.0,210.16373275704117,372891.87861070305,0.02528296402591435,97.45077166941046,9.36302390758259e-7,0.0013889020762996862,1,172
0.008570000000000001,-26.82298873789969,286.81795717779084,-273.8595129656375,142.31864797346842,-77.09771611753604,-88.88729475449001,-13.663780990221625,-184.00235592034497,7.486031333204352,-34.86421902253155,188.0615228743626,188.45331977318313,188.49021122430412,188.4903888028324,188.48969511708313,188.48910523059573,188.48861381268918,188.48846749928157,-33.77502010745573,-1.5364679114485416,0.05423458521975899,0.07641772525501267,0.06711989499343218,0.05908929468583146,0.036858383013161244,-1587.789681392681,0.0,210.0563238459564,372891.78755458596,0.02541122553853754,97.6386778835937,9.36302390758259e-7,0.0013889020762996862,1,172
0.00858,-27.616079123146694,287.3314901580116,-273.152906891632,142.256029609442,-76.74681995929474,-89.18339785753128,-13.668298934379017,-183.94068248517743,7.715809656098848,-34.32342886559798,188.06151651367497,188.4531544459658,188.49019908963243,188.49038268144153,188.48968829678958,188.48909771786782,188.4886057618853,188.48846009231812,-33.856826646899506,-1.545196129587909,0.05416377185624377,0.07658840642177012,0.06727221365247704,0.05922136890899843,0.03689209212495115,-1619.627541974222,0.0,209.94767321987783,372891.69751567877,0.02553976329071586,97.82648806191548,9.36302390758259e-7,0.0013889020762996862,1,172
0.00859,-28.408890720489065,287.8408258240395,-272.44253240790255,142.19205083105385,-76.39537331042996,-89.47833407846773,-13.672610788527408,-183.87803940476863,7.945501313487448,-33.783134991794995,188.06151370900685,188.45298875376096,188.4901869163351,188.49037655907793,188.48968147656302,188.48909020520782,188.48859771138538,188.48845268545082,-33.93858803492046,-1.553959356670358,0.05409138753607046,0.07675924910898857,0.06742470542262957,0.05935358114521705,0.03692562925765408,-1651.5218442135078,0.0,209.8377823052209,372891.6084930578,0.025668575650071145,98.0142011196084,9.36302390758259e-7,0.0013889020762996862,1,172
0.0086,-29.20141226231911,288.3459569370871,-271.7283996104423,142.12671342608496,-76.04338403039749,-89.77209752677966,-13.676716657256705,-183.8144267853269,8.175105229378943,-33.24334726122773,188.06151445723145,188.45282269697387,188.4901747042632,188.49037043573466,188.4896746564034,188.48908269261582,188.4885896611904,188.48844528573545,-34.020303458607074,-1.562757662286069,0.054017422891510236,0.07693025302725687,0.0675773702916933,0.0594859313300482,0.03695899448713735,-1683.4746985985848,0.0,209.726652355767,372891.52049043606,0.025797660972869837,98.20181597325886,9.36302390758259e-7,0.0013889020762996862,1,173
0.008610000000000001,-29.993632485151565,288.84687631812346,-271.0105186486595,142.06001927746658,-75.69086001511624,-90.0646823756622,-13.680616648059605,-183.74984479904558,8.40462032613614,-32.70407553000983,188.06151875516105,188.45265627601412,188.4901624532677,188.4903643114047,188.48966783631064,188.48907518009196,188.48858161130164,188.48843789317115,-34.101972105971576,-1.5715911158887135,0.05394186851993332,0.07710141787384117,0.06773020826144904,0.059618419389483535,0.03699205992518095,-1715.4882076855586,0.0,209.61428479020125,372891.43350685283,0.025927017604104357,98.3893315408065,9.36302390758259e-7,0.0013889020762996862,1,173
0.008620000000000001,-30.78554012978329,289.34357684797504,-270.2888997252316,141.991970363097,-75.3378091957411,-90.35608286306653,-13.684310871329956,-183.68429368409747,8.63404552436863,-32.16532964735295,188.06152659954697,188.45248949129578,188.49015016319908,188.49035818608104,188.48966101628474,188.48906766763636,188.48857356172013,188.48843050070116,-34.18359316599387,-1.5804597867869337,0.053864714982392314,0.07727274336740919,0.0678832193306036,0.05975104525024122,0.037024948845000516,-1747.5644657660116,0.0,209.50068119165402,372891.3475366741,0.02605664387752555,98.57674674173725,9.36302390758259e-7,0.0013889020762996862,1,173
0.00863,-31.57712394145376,289.8360514674281,-269.56355309596086,141.92256863228653,-74.98423948698394,-90.64629321982089,-13.687799440361118,-183.6177735927168,8.863379742256164,-31.627119455782914,188.06153798707962,188.45232234323723,188.49013783390768,188.49035205975656,188.48965419632566,188.48906015524912,188.48856551244683,188.48842310832495,-34.265165828607564,-1.5893637441480344,0.05378595280518095,0.07744422920437444,0.0680364034981622,0.05988380885422373,0.03705766226294305,-1779.705559673395,0.0,209.38584297063764,372891.2625789025,0.026186538115697138,98.76406049708262,9.36302390758259e-7,0.0013889020762996862,1,173
0.00864,-32.36837267000503,290.32429317732806,-268.834489069628,141.8518160675236,-74.63015881304904,-90.93530770545865,-13.691082471344359,-183.55028466724343,9.09262189572663,-31.089454792361813,188.06155291438859,188.45215483226133,188.4901254652436,188.4903459324242,188.4896473764333,188.48905264293037,188.48855746348266,188.48841571604206,-34.34668928472778,-1.5983030569988923,0.05370557248813412,0.07761587508931456,0.06818976075182892,0.06001671013121879,0.03709020025487586,-1811.9135681144319,0.0,209.2697715338605,372891.1786325218,0.026316698630068993,98.9512717293198,9.36302390758259e-7,0.0013889020762996862,1,173
0.008650000000000001,-33.15927507004123,290.8082950386797,-268.10171800784707,141.77971462411892,-74.27557508321266,-91.22312057227978,-13.69416008336713,-183.48182696582847,9.321770898072266,-30.552345491704813,188.06157137804266,188.45198695879526,188.49011305705662,188.49033980407674,188.48964055660767,188.48904513068024,188.48854941482864,188.4884083308987,-34.42816272626969,-1.6072777942157312,0.05362356449150507,0.07778768071631958,0.06834329110973947,0.06014974899658121,0.03712256289692206,-1844.190562074436,0.0,209.1524681197665,372891.0957011467,0.02644712372098749,99.13837936227443,9.36302390758259e-7,0.0013889020762996862,1,174
0.008660000000000001,-33.949819901088404,291.28805017274505,-267.36525032491676,141.7062663509096,-73.92049624084889,-91.50972613702675,-13.697032398411693,-183.4124006112002,9.550825660401351,-30.01580138254907,188.06159337454977,188.4518187232706,188.49010060919625,188.49033367470705,188.48963373684867,188.48903761849883,188.4885413664861,188.488400952894,-34.50958534614119,-1.6162880245391182,0.05353991924412327,0.07795964578112091,0.06849699455692182,0.06028292540228186,0.03715462245464263,-1876.538603476913,0.0,209.03393412804235,372891.0137837243,0.026577811677779912,99.32538232112023,9.36302390758259e-7,0.0013889020762996862,1,174
0.00867,-34.73999592775472,291.76355176114174,-266.625096487673,141.6314733900574,-73.56493026221742,-91.7951187818914,-13.699699541352977,-183.34200579066714,9.779785091535196,-29.479832284902294,188.06161890035716,188.4516501261233,188.49008812151175,188.4903275443079,188.4896269171563,188.48903010638625,188.48853331845598,188.48839357498073,-34.5909563382783,-1.6253338165540825,0.05345462713750582,0.0781317699932842,0.06865087109218226,0.06041623925760575,0.037186502059846305,-1908.9597448585519,0.0,208.91417111916059,372890.93287453457,0.02670876077880424,99.51227953256794,9.36302390758259e-7,0.0013889020762996862,1,174
0.00868,-35.52979191988979,292.23479304593974,-265.88126701534003,141.55533785636533,-73.2088851079675,-92.07929288232492,-13.702161639957168,-183.27064260744638,10.00864809734162,-28.944448016439733,188.06164795185134,188.4514811677937,188.49007559385214,188.49032141287202,188.48962009753046,188.48902259434263,188.4885252707393,188.48838619715838,-34.672274897646616,-1.6344152386953983,0.05336767852883728,0.07830405303229782,0.06880492072295219,0.060549690495795616,0.0372182027318777,-1941.4560304080935,0.0,208.79318048538207,372890.852972488,0.026839969291492634,99.69906992486467,9.36302390758259e-7,0.0013889020762996862,1,174
0.008690000000000002,-36.31919665274441,292.7017673297572,-265.13377247938115,141.4778618976127,-72.85236874747704,-92.3622428430306,-13.704418824879653,-183.19831115509487,10.23741358091113,-28.40965839059575,188.06168052535813,188.45131184872648,188.4900630260662,188.4903152803921,188.48961327797113,188.4890150823681,188.48851722333703,188.48837881942643,-34.753540220256,-1.6435323592642277,0.053279063748914446,0.07847649459947803,0.06895914343931331,0.06068327905218496,0.037249724540992624,-1974.0294951854896,0.0,208.67096361555716,372890.7740764766,0.02697143547243473,99.88575242769686,9.36302390758259e-7,0.0013889020762996862,1,174
0.008700000000000001,-37.10819890712982,293.164467975856,-264.38262350334867,141.399047635823,-72.49538913605429,-92.64396306202664,-13.706471229663315,-183.12501144505654,10.466080442179162,-27.87547322251615,188.0617166171427,188.45114216937066,188.49005041800237,188.49030914686082,188.48960645847825,188.48900757046275,188.48850917625012,188.48837144882,-34.83475150319222,-1.652685246394892,0.05318877308937875,0.07864909438153944,0.06911353923184471,0.06081700485967545,0.037281067560188674,-2006.682165636923,0.0,208.54752173517892,372890.69619001535,0.02710315756739058,100.07232597209585,9.36302390758259e-7,0.0013889020762996862,1,175
0.00871,-37.89678746957762,293.6228884082357,-263.6278307627316,141.3188972847299,-72.13795426070527,-92.92444800234155,-13.708318990736487,-183.05074355176552,10.694647578368809,-27.34190231966906,188.0617562234096,188.45097213017962,188.49003776950892,188.4903030122708,188.48959963905176,188.48900005862671,188.48850112947994,188.48836408533825,-34.91590794458974,-1.6618739680756036,0.05309679679675661,0.07882185206579351,0.06926810811342943,0.06095086783814452,0.03731210427591414,-2039.416058042405,0.0,208.42285622690335,372890.6193119598,0.02723513381136494,100.2587894904382,9.36302390758259e-7,0.0013889020762996862,1,175
0.00872,-38.68495113249867,294.0770221117272,-262.8694049848062,141.23741314955976,-71.78007213893841,-93.20369219298856,-13.709962247411106,-182.97550761265902,10.923113883885364,-26.808955479061943,188.06179934030268,188.45080173161114,188.49002508043378,188.49029687661462,188.4895928196916,188.48899254686015,188.4884930830275,188.488356721945,-34.997008743684724,-1.671098592154431,0.05300312510395422,0.07899476733912536,0.06942285007434812,0.06108486791142376,0.03734295760872275,-2072.2331781972816,0.0,208.29696863009696,372890.5434365052,0.027367362428680698,100.44514191662947,9.36302390758259e-7,0.0013889020762996862,1,175
0.00873,-39.47267869434292,294.52686263208545,-262.10735694848097,141.15459750959803,-71.42175077351312,-93.48169015678032,-13.711401141880778,-182.8993036831806,11.151478249668344,-26.276642499505087,188.06184596390537,188.45063097412722,188.49001235062468,188.49029073988484,188.4895860003977,188.48898503516313,188.48848503689374,188.4883493586397,-35.078053100810436,-1.6803591863143055,0.05290774819188382,0.07916783988275,0.06957776511320812,0.06121900501564248,0.037373628589949526,-2105.135522668689,0.0,208.1698603208572,372890.46856246993,0.027499841633032904,100.63138218610405,9.36302390758259e-7,0.0013889020762996862,1,175
0.008740000000000001,-40.25995895975809,294.972403576081,-261.3416974841456,141.07045267690384,-71.06299817514949,-93.75843644633011,-13.712635819218747,-182.82213180938436,11.37973956336127,-25.744973176724397,188.06189609024045,188.4504598581943,188.48999957992908,188.49028460207398,188.48957918117003,188.4889775235358,188.48847699107966,188.48834199542185,-35.15904021742497,-1.6896558180806327,0.052810656206769835,0.07934106938338203,0.06973285323416789,0.061353279074587874,0.03740411728997817,-2138.1250779098527,0.0,208.0415326723248,372890.3946886544,0.027632569627510074,100.8175092357312,9.36302390758259e-7,0.0013889020762996862,1,175
0.00875,-41.04678073974874,295.41363861159056,-260.5724374735155,140.98498093938628,-70.70382234137196,-94.03392560828061,-13.713666427375713,-182.74399195753665,11.607896708943152,-25.21395731206551,188.0619497152702,188.4502883842831,188.48998676819417,188.49027846317452,188.48957236200852,188.48897001197827,188.48846894558628,188.48833463931393,-35.23996929609493,-1.6989885548457746,0.052711839283841044,0.07951445551631053,0.06988811442522991,0.06148769002370713,0.03743442378544337,-2171.203820875893,0.0,207.9119868997159,372890.32181847334,0.027765544604704772,101.00352200372387,9.36302390758259e-7,0.0013889020762996862,1,176
0.00876,-41.83313285183587,295.85056146768784,-259.79958784947894,140.89818467466108,-70.34423129897674,-94.30815225469038,-13.714493117178051,-182.66488415513027,11.835948567157601,-24.683604697503224,188.06200683489638,188.45011655286868,188.48997391526692,188.49027232317886,188.48956554291308,188.48896250049066,188.4884609004149,188.48832729031508,-35.32083954054701,-1.708357463824857,0.052611287495905046,0.07968799796756798,0.07004354868787654,0.061622237785764256,0.03746442079006762,-2204.3737172783017,0.0,207.781224370919,372890.24995069037,0.02789876474671678,101.18941942963949,9.36302390758259e-7,0.0013889020762996862,1,176
0.00877,-42.61900412021535,296.2831659347318,-259.02315959593886,140.81006634981713,-69.98423310285726,-94.58111106397004,-13.715116042325171,-182.58480849090515,12.063894015409815,-24.153925112933344,188.06206744496026,188.44994436443034,188.489961020994,188.4902661820794,188.4895587238837,188.48895498907308,188.48845285556658,188.48831994140176,-35.401650155636986,-1.7177626120926348,0.05250899089690009,0.07986169640152951,0.07019915602894233,0.06175692227604479,0.037494231018113666,-2237.6367212755254,0.0,207.64924660604933,372890.17907941743,0.028032228225282656,101.37520045455831,9.36302390758259e-7,0.0013889020762996862,1,176
0.008780000000000001,-43.40438337591703,296.7114458644555,-258.2431637476601,140.72062840760523,-69.62383579403446,-94.85279670903768,-13.71553535938768,-182.50376497395564,12.29173192713531,-23.624928343936563,188.06213154124268,188.44977181945177,188.48994808522184,188.49026003986856,188.4895519049203,188.48894747772567,188.48844481104229,188.4883125925734,-35.48240034742434,-1.7272040665545223,0.05240493950891434,0.08003555049838695,0.07035493643355473,0.06189174343310988,0.03752385548892612,-2270.9947769255223,0.0,207.51605496742178,372890.1092033812,0.028165933201772304,101.56086402108386,9.36302390758259e-7,0.0013889020762996862,1,176
0.008790000000000001,-44.18925945696305,297.135395170053,-257.4596113901099,140.62987332334512,-69.26304742071714,-95.12320389316184,-13.715751227805228,-182.42175360429275,12.519461171963165,-23.096624174090888,188.06219911946403,188.44959891842092,188.48993510779664,188.49025389653858,188.4895450860228,188.48893996644856,188.48843676684302,188.4883052438295,-35.56308932312375,-1.73668189396761,0.052299123306722706,0.08020955992758871,0.07051088990864773,0.0620267011808604,0.037553294276397864,-2304.4498172064173,0.0,207.38165081490482,372890.0403212901,0.02829987782728754,101.74640907325202,9.36302390758259e-7,0.0013889020762996862,1,176
0.0088,-44.97362120852707,297.5550078262664,-256.67251365930167,140.53780354999077,-68.90187601879681,-95.39232731452746,-13.715763809883967,-182.33877430471102,12.747080615360339,-22.569022396217232,188.06227017528425,188.44942566183002,188.48992208856436,188.49024775208179,188.4895382671911,188.48893245524184,188.48842872296976,188.48829790217835,-35.64371629115786,-1.7461961609101628,0.0521915322314781,0.08038372436323016,0.07066701644440254,0.06216179544897038,0.03758254746016121,-2338.0037647225768,0.0,207.2460353563892,372889.9724364581,0.028434060242687135,101.93183455644392,9.36302390758259e-7,0.0013889020762996862,1,177
0.00881,-45.75745748309232,297.9702778694708,-255.8818817416364,140.4444216280152,-68.54032965099306,-95.66016173697193,-13.715573270794543,-182.25482705729252,12.974589119042541,-22.042132792196643,188.06234470430286,188.4492520501756,188.48990902737066,188.4902416064904,188.48953144842523,188.48892494410566,188.48842067942388,188.48829056761903,-35.724280461146336,-1.7557469338274583,0.05208215619993073,0.08055804346934536,0.07082331603962544,0.06229702616597699,0.037611488018087336,-2371.6585297872653,0.0,207.10920994754537,372889.90554755705,0.02856847857869657,102.11713941738675,9.36302390758259e-7,0.0013889020762996862,1,177
0.008820000000000001,-46.54075714061068,298.38119939776004,-255.08772687374355,140.34973018516325,-68.17841640570543,-95.92670199088138,-13.715179778569464,-182.169911903435,13.20198554087554,-21.51596513034348,188.06242270205897,188.44907808395848,188.48989592406096,188.49023545975663,188.48952462972503,188.48891743304014,188.48841263620642,188.4882832331422,-35.80478104394042,-1.765334278987595,0.05197098509208686,0.0807325169060249,0.07097978869857435,0.06243239324716576,0.03764023841292019,-2405.4160101232833,0.0,206.97117609138678,372889.83964861644,0.028703130955944185,102.30232260432665,9.36302390758259e-7,0.0013889020762996862,1,177
0.008830000000000001,-47.32350904865963,298.7877665710293,-254.2900603423222,140.25373182662247,-67.81614435834078,-96.19194290203043,-13.714583504100887,-182.0840288074848,13.429268734261704,-20.990529188251628,188.06250416403134,188.44890376368372,188.48988277848048,188.49022931187267,188.48951781109048,188.4889099220454,188.48840459331834,188.4882758987473,-35.88521725163189,-1.7749582624916602,0.05185800874574653,0.08090714434478485,0.07113643440865491,0.06256789662787021,0.03766879966426018,-2439.2780924900703,0.0,206.83193513910902,372889.7747382714,0.028838015485019183,102.48738306702927,9.36302390758259e-7,0.0013889020762996862,1,177
0.00884,-48.10570208260229,299.1899736110593,-253.48889348397887,140.15642918994226,-67.45352159071516,-96.45587932709518,-13.713784621138196,-181.99717772504596,13.656437548298229,-20.465834742509315,188.06258908563842,188.44872908986065,188.48986959047414,188.4902231628306,188.4895109925215,188.48890241112153,188.48839655076065,188.4882685644338,-35.96558829755577,-1.7846189502788423,0.051743216957356175,0.0810819254482098,0.07129325317709956,0.06270353622078595,0.037697171857479006,-2473.2466516222444,0.0,206.6914884400265,372889.7108151388,0.02897313026653828,102.67231975669299,9.36302390758259e-7,0.0013889020762996862,1,177
0.00885,-48.88732512574418,299.58781480159763,-252.68423768506815,140.05782489226246,-67.0905561731962,-96.71850611873505,-13.71278330628548,-181.90935853732134,13.883490827430649,-19.941891582253106,188.06267746223824,188.4485540630029,188.48985635988666,188.4902170126225,188.489504174018,188.4888949002687,188.48838850853437,188.4882612371943,-36.04589339630148,-1.7943164081504008,0.05162659951428061,0.08125685987630504,0.07145024499141339,0.062839311963792,0.03772535507246477,-2507.3235510131017,0.0,206.54983719792207,372889.64788243046,0.029108473391229975,102.85713162586532,9.36302390758259e-7,0.0013889020762996862,1,178
0.008860000000000002,-49.66836706949181,299.98128448844045,-251.8761043815299,139.95792163587515,-66.72725620053022,-96.9798181953233,-13.711579738999063,-181.820571182688,14.110427411849763,-19.418709484251387,188.06276928912845,188.44837868362825,188.48984308656244,188.49021086124046,188.48949735557994,188.488887389487,188.48838046664088,188.4882539170279,-36.126131763753136,-1.8040507017039467,0.051508146149479295,0.08143194727283287,0.07160740986388259,0.06297522376821973,0.037753222579502754,-2541.510640851082,0.0,206.40698275907351,372889.58593872655,0.02924404293996793,103.04181762844456,9.36302390758259e-7,0.0013889020762996862,1,178
0.008870000000000001,-50.44881681351014,300.3703770795124,-251.06450505872772,139.8567222079653,-66.36362979072176,-97.23981054180369,-13.710174101584961,-181.73081565673405,14.337246137392597,-18.896298210366915,188.06286456154638,188.44820295225884,188.48982977034572,188.49020470867643,188.48949053720722,188.48887987877657,188.4883724250812,188.48824659694085,-36.20630261706562,-1.8138218963994461,0.051387846561294914,0.08160718731593875,0.07176474776833341,0.06311127157199259,0.037780896558299304,-2575.8097577294798,0.0,206.26292661182848,372889.52497797547,0.02937983698386804,103.22637671984606,9.36302390758259e-7,0.0013889020762996862,1,178
0.00888,-51.22866326588087,300.75508704494666,-250.24945125128372,139.75422937511368,-65.99968504965469,-97.4984781395674,-13.708566579196145,-181.64009188083313,14.56394583495274,-18.374667535013756,188.0629632746691,188.44802686942094,188.48981641108045,188.49019855492242,188.48948371889975,188.48887236813755,188.48836438385632,188.4882392769327,-36.28640517471596,-1.8236300575105417,0.05126569042203766,0.0817825796407945,0.0719222587198276,0.0632474552939204,0.037808378031580325,-2610.222726426313,0.0,206.1176700991976,372889.46499872074,0.02951585358432056,103.41080785700376,9.36302390758259e-7,0.0013889020762996862,1,178
0.00889,-52.00789534325972,301.1354089171629,-249.43095454291736,139.6504459360518,-65.63543008883514,-97.7558160014613,-13.706757359830242,-181.5483997679925,14.790525330628533,-17.85382723250644,188.06306542361335,188.44785043564514,188.48980300861035,188.49019239997034,188.48947690065748,188.48886485757004,188.48835634296728,188.48823195700282,-36.36643865648192,-1.8334752501562477,0.051141667354008824,0.08195812390938784,0.07207994270587026,0.06338377485744928,0.03783566708835462,-2644.7513587706726,0.0,205.97121456292905,372889.4059994875,0.029652090793095328,103.595109998287,9.36302390758259e-7,0.0013889020762996862,1,178
0.0089,-52.786501971033935,301.5113372909456,-248.60902656627803,139.54537467122358,-65.27087300916986,-98.0118191375659,-13.704746634326561,-181.4557391598735,15.016983445390913,-17.333787092660593,188.06317100343557,188.44767365146618,188.48978956277887,188.49018624381208,188.48947008248032,188.48885734707414,188.48834830241506,188.4882246441266,-36.44640228348459,-1.8433575392810688,0.051015766966031606,0.08213381975887302,0.07223779973369382,0.06352023018602537,0.03786276380851028,-2679.3974544931475,0.0,205.82356120617152,372889.34798338474,0.02978854665237185,103.77928210342138,9.36302390758259e-7,0.0013889020762996862,1,179
0.008910000000000001,-53.56447208348026,301.88286682352054,-247.7836790027817,139.4390184436836,-64.90602193349683,-98.26648262355863,-13.702534596363485,-181.3621099530266,15.243318995461742,-16.814556891654057,188.06328000913177,188.44749651742302,188.48977607342925,188.49018008643947,188.48946326436823,188.48884983665002,188.4883402622011,188.4882173383031,-36.52629527817627,-1.8532769896630104,0.05088797881457996,0.08230966684006802,0.07239582979338,0.06365682120564031,0.03788954177248449,-2714.1627990406337,0.0,205.6747113689008,372889.29094890086,0.029925219194839908,103.9633231334909,9.36302390758259e-7,0.0013889020762996862,1,179
0.00892,-54.341794623920805,302.2499922346304,-246.9549235824445,139.33138019882813,-64.54088500549706,-98.51980160152812,-13.700121442455682,-181.2675120989369,15.469530792218066,-16.296146389585175,188.06339243563778,188.44731903405886,188.48976254040448,188.49017392784432,188.48945644632107,188.4888423262978,188.48833222232636,188.48821003255586,-36.60611686438067,-1.863233665903353,0.05075829242477514,0.0824856648031087,0.07255403288353612,0.06379354782801094,0.037916122871454405,-2749.0491632968315,0.0,205.52466652750942,372889.2348899041,0.030062106443733416,104.14723205109752,9.36302390758259e-7,0.0013889020762996862,1,179
0.00893,-55.118458544882024,302.61270830661067,-246.12277208371535,139.2224628635673,-64.17547035758172,-98.77177121125494,-13.697507371951573,-181.17194547795197,15.695617641623294,-15.778565362020629,188.06350827782916,188.44714120192108,188.4897489635473,188.49016776801838,188.4894496283388,188.4888348160176,188.48832418279193,188.48820272688434,-36.68586626728469,-1.8732276324341512,0.050626697289888334,0.08266181327956446,0.07271240900247111,0.06393040998926658,0.03794250813075983,-2784.0583054877493,0.0,205.3734280200191,372889.1798048463,0.030199206412933766,104.33100782036324,9.36302390758259e-7,0.0013889020762996862,1,179
0.00894,-55.89445280825037,302.971009884463,-245.2872363333085,139.11226939674683,-63.80978612698911,-99.02238662453041,-13.694692587029927,-181.0754099624628,15.921578344369841,-15.26182358523345,188.0636275305212,188.44696302156123,188.48973534270024,188.4901616069534,188.4894428104213,188.48882730580954,188.48831614359878,188.488195421288,-36.76554271345786,-1.8832589535184034,0.050493182866659936,0.08283811191888901,0.07287095814631517,0.06406740760119334,0.03796869763666777,-2819.1919699911264,0.0,205.22099718385851,372889.1256921611,0.03033651710701573,104.51464940685128,9.36302390758259e-7,0.0013889020762996862,1,179
0.008950000000000001,-56.669766385429774,303.324891875929,-244.44832820603702,139.00080274120373,-63.4438404411742,-99.2716430118192,-13.691677292697797,-180.97790535680596,16.14741169555883,-14.745930853566051,188.06375018846882,188.44678449353506,188.48972167770557,188.49015544464103,188.48943599256853,188.48881979567372,188.48830810474794,188.4881881227234,-36.845145430870815,-1.8933276932427816,0.0503577385749443,0.08301456035265176,0.07302968031050217,0.06420454059889735,0.037994691466324504,-2854.4518882383604,0.0,205.06737522525816,372889.0725548534,0.030474036521334,104.69815577749142,9.36302390758259e-7,0.0013889020762996862,1,180
0.008960000000000001,-57.44438825749796,303.67434925156203,-243.6060596246421,138.88806591967565,-63.07764144708773,-99.51953560888317,-13.688461696786817,-180.87943151775318,16.373116485059462,-14.230896946629201,188.06387624636668,188.4466056184025,188.48970796840533,188.49014928107295,188.48942917478038,188.4888122856103,188.48830006624084,188.4881808311896,-36.924673648909554,-1.9034339155074633,0.050220353792673755,0.08319115822197176,0.07318857548828728,0.06434180889936947,0.038020363552805136,-2889.8397764362558,0.0,204.91256348123673,372889.02039132017,0.030611762642059222,104.88152590058264,9.36302390758259e-7,0.0013889020762996862,1,180
0.00897,-58.218307415363604,304.0193770447994,-242.76044255962464,138.77406203452347,-62.71119731012411,-99.7660597175519,-13.68504600995081,-180.779988354564,16.59869149741708,-13.716731626961831,188.06400569884914,188.4464263967276,188.48969421464128,188.49014311624072,188.48942235705675,188.4888047756194,188.4882920280785,188.48817353972893,-37.004126598374995,-1.9135776840632808,0.05008101787905339,0.0833679051599745,0.07334764368372948,0.06447921241143995,0.038045835458757615,-2925.357335299224,0.0,204.7565634192074,372888.9691953501,0.030749693446305362,105.0647587459458,9.36302390758259e-7,0.0013889020762996862,1,180
0.00898,-58.99151285992229,304.3599703520324,-241.91148902907494,138.65879417189817,-62.34451618522582,-100.01121063877943,-13.681430445662464,-180.67957570867458,16.824135511307155,-13.203444675100897,188.06413854049038,188.4462468290786,188.48968041625503,188.4901369501359,188.48941553939758,188.48879726570115,188.48828399026192,188.4881662483408,-37.08350351152255,-1.9237590624626435,0.049939720148741706,0.0835448007943711,0.0735068848838365,0.06461675107412468,0.03807110820665205,-2961.0062520523934,0.0,204.5993763756481,372888.9189653035,0.030887826902150577,105.24785328492604,9.36302390758259e-7,0.0013889020762996862,1,180
0.008990000000000001,-59.763993602213525,304.69612433267633,-241.0592110985016,138.54226544966465,-61.977606231357505,-100.25498370608916,-13.677615220210534,-180.57819341400662,17.049447299670298,-12.69104587298812,188.0642747658043,188.44606691602792,188.4896665730879,188.49013078275004,188.48940872180276,188.48878975585566,188.48827595279215,188.48815895702464,-37.16280362203891,-1.9339781140891894,0.049796449875043614,0.08372184475760491,0.07366629909584077,0.06475442479055005,0.038096181886264624,-2996.7881991982986,0.0,204.44100368716133,372888.8696995224,0.03102616096874195,105.43080849031871,9.36302390758259e-7,0.0013889020762996862,1,180
0.009000000000000001,-60.53573866357562,305.02783420923896,-240.2036208806612,138.42447897210823,-61.61047559847166,-100.49737425330905,-13.673600552696648,-180.47584123995188,17.27462562940608,-12.179545022787217,188.06441436924447,188.44588665815206,188.489652684981,188.4901246140746,188.4894019042722,188.48878224608308,188.4882679156702,188.48815167271678,-37.242026165095446,-1.9442349021502299,0.049651196309414836,0.08389903666905241,0.07382588630704845,0.06489223350436824,0.038121056583734436,-3032.7048354563713,0.0,204.28144656700653,372888.82140090654,0.031164693596344276,105.61362333629937,9.36302390758259e-7,0.0013889020762996862,1,181
0.00901,-61.30673707580308,305.3550952673886,-239.34473053538392,138.30543792054115,-61.243132453603245,-100.73837767907793,-13.669386665032064,-180.37251900571567,17.49966926171347,-11.668951911027406,188.06455734520412,188.4457060560317,188.48963875177517,188.490118444101,188.4893950868058,188.4887747363835,188.4882598788975,188.4881443954163,-37.32117037733026,-1.9545294896667524,0.04950394865897767,0.0840763761582366,0.07398564651844453,0.06503017712125114,0.03814560658739641,-3068.7578034210987,0.0,204.1207063528313,372888.77406776126,0.03130342272642494,105.79629679842738,9.36302390758259e-7,0.0013889020762996862,1,181
0.00902,-62.076977881302035,305.67790285602143,-238.48255226940293,138.1851455530201,-60.87558497985563,-100.97798944757234,-13.664973781934897,-180.26822658037855,17.72457695199884,-11.159276306372874,188.0647036880163,188.4455251102516,188.48962477331105,188.49011227282065,188.48938826940352,188.4887672267571,188.4882518424751,188.4881371181857,-37.400235496880335,-1.9648619394814304,0.04935469609439469,0.08425386284359604,0.07414557972596025,0.06516825556423456,0.03816995311675697,-3104.9487293052284,0.0,203.95878450629908,372888.727693797,0.03144234629172393,105.97882785379063,9.36302390758259e-7,0.0013889020762996862,1,181
0.009030000000000002,-62.84645013324572,305.996252387327,-237.61709833617968,138.06360511381675,-60.50784135065426,-101.21620502371721,-13.660362130926593,-180.16296376874243,17.94934744935827,-10.650527997596349,188.06485339195376,188.44534382140066,188.48961074942906,188.4901061002249,188.4893814520652,188.48875971720395,188.48824380640403,188.48812984102443,-37.479220763380866,-1.9752323142607242,0.04920342774681785,0.08443149635156288,0.07430568592532794,0.06530646875178725,0.03819409719505362,-3141.2792250132193,0.0,203.79568236602532,372888.6822772822,0.03158146221634633,106.16121548100888,9.36302390758259e-7,0.0013889020762996862,1,181
0.009040000000000001,-63.61514289573,306.31013933685375,-236.7483810357308,137.94081987868864,-60.13990974263004,-101.45301990556817,-13.655551942328927,-180.05673036857,18.173979496702337,-10.142716775459164,188.06500645122904,188.4451621900719,188.48959667996937,188.49009992630502,188.48937463479078,188.48875220772422,188.48823577068532,188.48812256393188,-37.55812541799637,-1.9856406764899965,0.04905013272618941,0.08460927629765536,0.07446596510940484,0.06544481660735535,0.03821803891454856,-3177.7508868787113,0.0,203.6314012715142,372888.63781646726,0.03172076841581385,106.34345866016426,9.36302390758259e-7,0.0013889020762996862,1,181
0.00905,-64.38304524392933,306.6195592435733,-235.87641271445122,137.8167931123839,-59.77179832411734,-101.68842959331188,-13.650543449260297,-179.94952611684724,18.398471830467358,-9.635852452650056,188.0651628599943,188.4449802168624,188.48958256477192,188.4900937510523,188.48936781758013,188.48874469831802,188.48822773532,188.4881152938227,-37.63694870342519,-1.9960870884590278,0.048894800093082225,0.0847872022918068,0.07462641727917596,0.0655832990514984,0.03824177836489007,-3214.3652966280233,0.0,203.465942447218,372888.5943141458,0.03186026279714217,106.52555637273674,9.36302390758259e-7,0.0013889020762996862,1,182
0.00906,-65.15014626425156,306.924507709944,-235.00120576494177,137.6915281536465,-59.403515278149484,-101.92242965127129,-13.645336887633086,-179.84135079758735,18.62282318093071,-9.129944825529194,188.0653226123414,188.44479790237335,188.48956840367643,188.490087574458,188.48936100043318,188.48873718898545,188.48821970030954,188.48810803069588,-37.715689863906434,-2.0065716122840556,0.04873741887636118,0.08496527395693221,0.0747870424303736,0.06572191599543409,0.03826519023164732,-3251.1240190033423,0.0,203.29930723522895,372888.55176853127,0.03199994325891889,106.70750760160809,9.36302390758259e-7,0.0013889020762996862,1,182
0.00907,-65.91643505449315,307.2249804019731,-234.12277262582978,137.56502841493122,-59.03506880148815,-102.15501570858432,-13.639932496149804,-179.73220424190077,18.847032272124878,-8.625003672012454,188.0654857023019,188.44461524721004,188.4895541965224,188.49008139651323,188.4893541833498,188.4887296797267,188.48821166565494,188.4881007676357,-37.794348145231766,-2.017094309895448,0.048577978070700745,0.08514349089454498,0.07494784055882953,0.0658606673676303,0.0382883953494666,-3288.028601519694,0.0,203.1314970949303,372888.5101732568,0.03213980769139271,106.88931133119868,9.36302390758259e-7,0.0013889020762996862,1,182
0.009080000000000001,-66.68190072399454,307.52097304927855,-233.24112578159466,137.43729729747406,-58.66646708193454,-102.38618339695788,-13.634330516299968,-179.62208622039336,19.07109782134563,-8.121038791785566,188.0656521238472,188.4444322519818,188.48953994314908,188.49007521720918,188.48934736632992,188.48872217054185,188.48820363135727,188.48809350464157,-37.872922794777466,-2.027655243040261,0.04841646663417354,0.08532185271922543,0.07510881165422756,0.0659995530812374,0.038311394756573414,-3325.0805765769987,0.0,202.96251337098104,372888.469526499,0.03227985397654403,107.07096654747161,9.36302390758259e-7,0.0013889020762996862,1,182
0.00909,-67.44653239379369,307.81248144514956,-232.35627776238996,137.30833823376054,-58.29771830966618,-102.61592838179283,-13.628531192356363,-179.5109964971379,19.29501853926856,-7.618059986984605,188.06582187088836,188.44424891730205,188.48952564339555,188.49006903653694,188.48934054937342,188.48871466143106,188.48819559741753,188.4880862417129,-37.951413061511886,-2.0382544732726373,0.04825287349349949,0.0855003590317196,0.07526995571814954,0.06613857305370097,0.03833418853623716,-3362.281460184614,0.0,202.79235740973573,372888.4298264162,0.032420079988148554,107.25247223786826,9.36302390758259e-7,0.0013889020762996862,1,182
0.0091,-68.2103191967824,308.09950144660667,-231.46824114386465,137.17815464796826,-57.928830667211315,-102.84424633264685,-13.622534771371953,-179.39893477940774,19.51879312967513,-7.116077082903274,188.06599493727606,188.44406524378823,188.48951129710062,188.49006285448755,188.48933373248022,188.48870715239445,188.48818756383682,188.48807898574108,-38.029818195988184,-2.0488920619633504,0.04808718753085195,0.08567900943543805,0.07543127274573092,0.0662777272088082,0.03835677677836191,-3399.632752932082,0.0,202.6210304512065,372888.3910756951,0.032560483591879276,107.43382739124914,9.36302390758259e-7,0.0013889020762996862,1,183
0.00911,-68.97325027785945,308.38202897446024,-230.57702854698414,137.04675003508947,-57.559812349454546,-103.0711329823447,-13.616341503176095,-179.28590081855512,19.742420289746605,-6.615099888035672,188.06617131680062,188.44388123206187,188.48949690410288,188.490056671052,188.48932691565017,188.48869964343214,188.48817953061655,188.48807173672517,-38.10813745038912,-2.0595680702928743,0.04791939759690944,0.0858578035307005,0.07559276273577797,0.06641701546286782,0.03837903459822112,-3437.1359376113655,0.0,202.44853384596115,372888.3532724572,0.032701062645356514,107.61503099789851,9.36302390758259e-7,0.0013889020762996862,1,183
0.009120000000000001,-69.73531479408553,308.6600600133689,-229.68265263785275,136.91412796064583,-57.19067156271213,-103.2965841276118,-13.609951640371094,-179.17189441009,19.96589870998026,-6.115138192082256,188.06635100319215,188.4436968827485,188.4894824642407,188.4900504862213,188.48932009888318,188.48869213454427,188.48817149775778,188.4880644877726,-38.18637007851065,-2.07028255925837,0.04774949251362237,0.08603674091774138,0.07575442567797452,0.06655643773348352,0.03840108242786311,-3474.7924789859503,0.0,202.27486905480086,372888.3164102588,0.03284181499824619,107.79608204965295,9.36302390758259e-7,0.0013889020762996862,1,183
0.009130000000000001,-70.49650191483686,308.933590611896,-228.78512612753167,136.78029198163728,-56.82141650498898,-103.52059556976012,-13.603365438328723,-179.05691529301512,20.189227073726364,-5.61620180769647,188.06653399012046,188.44351219647768,188.48946797735223,188.49004429998632,188.48931328217915,188.48868462573097,188.48816346526155,188.48805723888273,-38.26451533580057,-2.0810355896591446,0.047577461050378744,0.08621582119928917,0.07591626156805287,0.06669599393589642,0.03842292128803937,-3512.6038259109673,0.0,202.10003743254416,372888.28048718494,0.032982738492342754,107.9769795399059,9.36302390758259e-7,0.0013889020762996862,1,183
0.00914,-71.25680082195962,309.20261688256636,-227.88446177185924,136.64524568606808,-56.452055375824415,-103.74316314436167,-13.596583155186408,-178.94096320033725,20.41240405729674,-5.118300550314814,188.066720271195,188.443327173883,188.48945344327544,188.490038112338,188.48930646553796,188.48867711699236,188.48815543312892,188.488049990055,-38.3425724793617,-2.0918272221019905,0.04740329195585424,0.08639504395890896,0.07607827040689852,0.0668356839851203,0.0384445512831304,-3550.5714100613027,0.0,201.92404033655157,372888.2455013017,0.03312383096162531,108.15772246354902,9.36302390758259e-7,0.0013889020762996862,1,183
0.00915,-72.01620070992345,309.46713500192106,-226.98067237126963,136.5089926564579,-56.08259636767547,-103.96428269337032,-13.589605051843655,-178.82403781245964,20.635428329705398,-4.62144425925824,188.06690983996492,188.44314181560205,188.48943886184801,188.49003192326714,188.4892996489595,188.48866960832856,188.48814740136098,188.48804274815615,-38.420540767949475,-2.102657517010501,0.04722697393148234,0.08657440879623834,0.07624045218469266,0.06697550780137362,0.038465972509035495,-3588.696646892662,0.0,201.7468790269507,372888.21145518747,0.033265090232372306,108.33830981691827,9.36302390758259e-7,0.0013889020762996862,1,184
0.009160000000000001,-72.7746907859751,309.7271412105723,-226.07377077061054,136.37153654281656,-55.71304768306297,-104.1839501209437,-13.582431391958224,-178.7061388507581,20.85829855294004,-4.125642756815452,188.06710268991887,188.44295612227643,188.48942423290748,188.49002573276454,188.48929283244368,188.48866209973974,188.48813936995913,188.48803551318522,-38.498419462020834,-2.113526534605871,0.047048495647556976,0.08675391529957466,0.07640280689696866,0.06711546530419277,0.038487060522091276,-3626.9809332962186,0.0,201.5685548670175,372888.178346872,0.03340651412321307,108.51874059779952,9.36302390758259e-7,0.0013889020762996862,1,184
0.009170000000000001,-73.53226027029146,309.9826318132562,-225.1637698589618,136.2328810623602,-55.34341753369523,-104.40216139402973,-13.575062441942677,-178.5872660776671,21.081013381880403,-3.6309058463771464,188.06729881448527,188.44277009455172,188.48940955629112,188.49001954082095,188.48928601599036,188.488654591226,188.48813133892443,188.48802827827427,-38.576207823718434,-2.1244343349309247,0.0468678457502536,0.08693356304638655,0.07656533454193593,0.06725555640252168,0.0385079353346498,-3665.425647380387,0.0,201.3890693228841,372888.1461698357,0.03354810044521944,108.69901380554809,9.36302390758259e-7,0.0013889020762996862,1,184
0.00918,-74.28889839613328,310.23360317888574,-224.25068256945,136.0930299266032,-54.973714123539764,-104.6189124863799,-13.567498470960402,-178.4674192033301,21.303571463867726,-3.1372433549630756,188.06749820703226,188.44258373307747,188.489394831836,188.49001334742707,188.48927919959942,188.48864708278748,188.48812330825797,188.4880210434227,-38.6539051168949,-2.135380977809332,0.04668501282105719,0.08711335163296496,0.07672803510680115,0.06739578102037491,0.03852859796133945,-3704.0321505668453,0.0,201.20842376383925,372888.1149220712,0.033689847001993095,108.87912844109441,9.36302390758259e-7,0.0013889020762996862,1,184
0.00919,-75.04459440999817,310.4800517406024,-223.33452187906684,135.95198687780717,-54.603945657240615,-104.83419940657413,-13.5597397509216,-178.346597932461,21.52597143880073,-2.6446651125748986,188.06770086086755,188.44239703850724,188.48938005937896,188.49000715257355,188.48927238327076,188.48863957442433,188.4881152779608,188.48801380862986,-38.731510607123,-2.146366522891503,0.0464999854331527,0.08729328063085262,0.07689090859819991,0.06753613906919753,0.038549048504182615,-3742.801786337555,0.0,201.02661956259882,372888.0846015529,0.03383175158973949,109.0590835068907,9.36302390758259e-7,0.0013889020762996862,1,184
0.009200000000000002,-75.79933757177308,310.7219739958266,-222.41530080848344,135.8097556556854,-54.23412033283731,-105.04801817200006,-13.551786556479847,-178.22480192158153,21.74821193889605,-2.153180973293985,188.06790676923848,188.4422100114985,188.48936523875665,188.49000095625104,188.48926556700422,188.48863206613663,188.48810724803397,188.48800658073645,-38.809023561714525,-2.1573910296231222,0.04631275210503549,0.08747334963032927,0.07705395500036438,0.0676766304640033,0.038569287062076185,-3781.7358811712907,0.0,200.84365800413457,372888.05521074974,0.0339738119973522,109.23887800686306,9.36302390758259e-7,0.0013889020762996862,1,185
0.009210000000000001,-76.55311715488665,310.95936650630745,-221.49303242186662,135.66634006397953,-53.8642463561982,-105.26036486098933,-13.54363916502787,-178.10203086492288,21.970291588932504,-1.6628007741908277,188.06811592533194,188.44202265271272,188.48935036980552,188.48999475845008,188.48925875079973,188.48862455792457,188.48809921847896,188.4879993597415,-38.88644324972255,-2.1684545572546323,0.046123301333778066,0.0876535581975233,0.07721717432250674,0.06781725511832803,0.03858918967560143,-3820.835742262967,0.0,200.65954046884983,372888.026747599,0.03411602600649849,109.4185109464177,9.36302390758259e-7,0.0013889020762996862,1,185
0.00922,-77.30592244646286,311.19222589817207,-220.56772982669065,135.52174397018146,-53.49433194019778,-105.4712356133553,-13.535297856693703,-177.9782844945197,22.19220900617509,-1.1735343335918031,188.06832832227448,188.44183496281525,188.48933545236176,188.48998855916122,188.48925193465715,188.48861704978825,188.48809118929682,188.48799213880312,-38.963768941976156,-2.1795571648274326,0.045931621565098446,0.08783390591369766,0.07738056654945602,0.06795801294943438,0.03860887589136297,-3860.1026573202844,0.0,200.47426843232074,372887.99920550635,0.03425839139170874,109.59798133255154,9.36302390758259e-7,0.0013889020762996862,1,185
0.00923,-78.05774274747208,311.4205488619729,-219.63940617355453,135.37597123901253,-53.124385290448735,-105.68062657813361,-13.526762914336814,-177.8535624945465,22.413962799974847,-0.6853914935961569,188.06854395313235,188.44164694247544,188.4893204862614,188.48998235837493,188.48924511857632,188.4886095417278,188.48808316048863,188.4879849179207,-39.04099991106838,-2.190698911202279,0.04573770122293652,0.08801439234979824,0.0775441316705976,0.06809890387567741,0.03862834673610749,-3899.5378966000508,0.0,200.28784328279892,372887.9725823722,0.03440090592045469,109.77728817385851,9.36302390758259e-7,0.0013889020762996862,1,185
0.00924,-78.80856737288366,311.64433215273544,-218.70807465599128,135.22902576567256,-52.75441461236785,-105.88853393975803,-13.518034623543933,-177.72786454434316,22.63555157185506,-0.19838209934252404,188.06876281091138,188.4414585923665,188.48930547134023,188.48997615608164,188.48923830255717,188.48860203374338,188.48807513205546,188.48797769709364,-39.11813543139425,-2.2018798550304304,0.045541528692361055,0.08819501706852151,0.07770786969246757,0.06823992780307009,0.03864760231459918,-3939.1427116932437,0.0,200.1002664128819,372887.94687607855,0.03454356735321771,109.95643048048214,9.36302390758259e-7,0.0013889020762996862,1,185
0.009250000000000001,-79.55838565181783,311.8635725900036,-217.77374851028395,135.08091144585,-52.384428105142746,-106.09495389409695,-13.509113272625072,-177.60119027967727,22.8569739152897,0.28748398031119393,188.06898488855694,188.4412699131656,188.48929040743386,188.48996995227176,188.48923148659952,188.4885945258351,188.48806710399836,188.48797048313506,-39.19517477912905,-2.2131000547637,0.04534309230658895,0.08837577963953436,0.07787178060812217,0.06838108465148984,0.03866664272025133,-3978.918336418757,0.0,199.9115391372718,372887.92208898393,0.03468637344361771,110.13540726407372,9.36302390758259e-7,0.0013889020762996862,1,186
0.009260000000000001,-80.30718692769693,312.0782670578856,-216.836441015275,134.9316322356717,-52.01443397362341,-106.2998826965043,-13.499999152609242,-177.47353937061052,23.07822841592217,0.772196893229804,188.06921017895394,188.44108090555378,188.48927529437765,188.48996374693562,188.4892246707033,188.4885870180031,188.48805907631882,188.487963276044,-39.27211723229698,-2.2243595686393487,0.045142380372165114,0.08855667963602087,0.07803586440139565,0.06852237433815489,0.03868534449160688,-4018.8659846433457,0.0,199.72166285809035,372887.8982189333,0.03482932193844475,110.31421753779935,9.36302390758259e-7,0.0013889020762996862,1,186
0.00927,-81.05496055839737,312.2884125050977,-215.89616549217885,134.78119215143226,-51.64444042755466,-106.50331666231014,-13.490692557240891,-177.3449115216004,23.299313651491268,1.2557468055950096,188.06943867492691,188.44089157021597,188.4892601320068,188.48995754006353,188.48921785486831,188.48857951024752,188.48805104901788,188.4879560690061,-39.34896207072386,-2.235658454717118,0.04493938117485108,0.08873771660590535,0.07820012107624752,0.06866379676544021,0.03870382671327999,-4058.9868500912157,0.0,199.5306390646563,372887.87525925814,0.03497241057778885,110.49286031644098,9.36302390758259e-7,0.0013889020762996862,1,186
0.00928,-81.8016959164008,312.4940059450081,-214.9529353043914,134.6295952096883,-51.274455669797725,-106.70525211868475,-13.481193782974898,-177.2153063938831,23.520228191466856,1.7381238602304876,188.06967036924007,188.440701907841,188.48924492015627,188.48995133164576,188.48921103909447,188.48857200256847,188.48804302209666,188.4879488620207,-39.42570857609958,-2.2469967708353806,0.04473408293543368,0.08891889012151921,0.0783645506196855,0.06880535185770142,0.03872209039715724,-4099.28210828946,0.0,199.33846916884207,372887.8532077665,0.03511563709510505,110.6713346164036,9.36302390758259e-7,0.0013889020762996862,1,186
0.009290000000000001,-82.54738238894492,312.6950444556788,-214.00676385730205,134.47684545719218,-50.904487902128466,-106.90568542876834,-13.471503128973154,-177.08472364448286,23.74097059712289,2.219318197009173,188.06990525459713,188.44051191912158,188.48922965866083,188.48994512167252,188.48920422338165,188.4885644949661,188.48803499555623,188.48794165508718,-39.5023560319531,-2.258374574635223,0.04452647385866815,0.08910019973087202,0.07852915303537067,0.06894703952015568,0.03874013565450962,-4139.752915406079,0.0,199.14515458781585,372887.8320622479,0.03525899921730272,110.84963945567392,9.36302390758259e-7,0.0013889020762996862,1,186
0.009300000000000001,-83.29200937817419,312.8915251799076,-213.05766459810124,134.32294694431252,-50.53454532035718,-107.10461296996297,-13.46162089709972,-176.9531628916756,23.961539421336518,2.6993199330252082,188.07014332364136,188.44032160475425,188.48921434735507,188.48993891013396,188.48919740772968,188.48855698744057,188.48802696939765,188.4879344549898,-39.578903723696605,-2.269791923546075,0.044316542102493806,0.08928164499194935,0.07869392830763466,0.06908885967647649,0.03875796257849462,-4180.400409085577,0.0,198.95069667103715,372887.81182494934,0.03540249466483349,111.02777385378464,9.36302390758259e-7,0.0013889020762996862,1,187
0.00931,-84.03556630129091,313.08344532526854,-212.10565101559027,134.1679037781454,-50.16463612386664,-107.30203117749949,-13.451547391916932,-176.82062378446653,24.18193320877908,3.178119201527153,188.07038456895552,188.4401309654394,188.48919898607335,188.4899326970202,188.48919059213844,188.488549479992,188.4880189436224,188.48792726172758,-39.65535093862344,-2.2812488748005357,0.044104275793852565,0.0894632254494141,0.07885887643993961,0.06923081223153993,0.03877544824044499,-4221.225706403457,0.0,198.7550968470928,372887.7924936232,0.03554612115178267,111.20573683182262,9.36302390758259e-7,0.0013889020762996862,1,187
0.00932,-84.77804259070538,313.27080216415146,-211.15073663998942,134.01172012225382,-49.79476851490236,-107.4979365448786,-13.441282920680912,-176.68710600269924,24.40215049584492,3.6557061533666655,188.070628983062,188.4399400018813,188.48918357464981,188.48992648232135,188.4891837766078,188.4885419726205,188.48801091823157,188.487920068515,-39.73169696592172,-2.2927454854194913,0.043889663019962555,0.08964494066108131,0.07902399742494381,0.06937289708840311,0.0387927112224169,-4262.229903689866,0.0,198.55835662351396,372887.7740615278,0.035689876385960786,111.38352741251984,9.36302390758259e-7,0.0013889020762996862,1,187
0.009330000000000001,-85.5194276941861,313.45359303380104,-210.19293504274543,133.8544001435859,-49.424950689092746,-107.69232558026121,-13.430827793337109,-176.5526091878383,24.6221898103233,4.132070917034454,188.07087655842273,188.43974871478798,188.48916811291843,188.4899202660274,188.48917696113762,188.48853446532624,188.48800289322622,188.48791287535144,-39.80794109669047,-2.3042818122220545,0.04367269183697342,0.08982679017110229,0.07918929124965501,0.06951511417039846,0.03880975253106911,-4303.414078348574,0.0,198.36047744060036,372887.7565263784,0.03583375806897962,111.56114462026156,9.36302390758259e-7,0.0013889020762996862,1,187
0.009340000000000001,-86.25971107500956,313.63181533635435,-209.23225983633984,133.6959480389874,-49.05519084007388,-107.88519482834914,-13.42018232251612,-176.41713297778574,24.842049671458774,4.6072036183104075,188.07112728743923,188.43955710487137,188.489152600713,188.48991404812836,188.4891701457277,188.48852695810933,188.48799486860747,188.48790568223626,-39.88408262396074,-2.3158579118086386,0.043453350261879464,0.09000877351529368,0.07935475791485924,0.06965746339242607,0.03882657227416342,-4344.7792877669235,0.0,198.16146074492582,372887.73988587194,0.03597776389636733,111.73858748105117,9.36302390758259e-7,0.0013889020762996862,1,187
0.00935,-86.99888221211035,313.8054665388781,-208.26872467409285,133.5363680121272,-48.685497155658155,-108.07654085113388,-13.409346823529148,-176.28067697671685,25.061728589772187,5.081094361739815,188.07138116245252,188.43936517284715,188.48913703786707,188.48990782861415,188.48916333037798,188.4885194509699,188.4879868443764,188.48789849592342,-39.96012084269583,-2.327473840573056,0.043231626262731915,0.09019089024803861,0.0795203974072658,0.06979994466293071,0.03884317056361031,-4386.326570075452,0.0,197.96130792585933,372887.724142143,0.036121891557609226,111.91585502248113,9.36302390758259e-7,0.0013889020762996862,1,188
0.00936,-87.73693060023037,313.97454417340407,-207.3023432499728,133.37566431957734,-48.31587782522452,-108.26636026657857,-13.398321614363446,-176.14324081582527,25.281225067220113,5.5537332671591315,188.0716381757431,188.43917291943478,188.489121424214,188.48990160747468,188.48915651508827,188.48851194390812,188.48797882053447,188.48789131641192,-40.03605504980521,-2.339129654707346,0.04300750779339335,0.09037313989406925,0.07968620972528306,0.06994255789267534,0.0388594250124612,-4428.056942271642,0.0,197.76002044333853,372887.7092928513,0.0362661387362923,112.09294627374182,9.36302390758259e-7,0.0013889020762996862,1,188
0.009370000000000002,-88.4738457500687,314.1390458369651,-206.33312929839795,133.213841270567,-47.946341039071896,-108.45464974901077,-13.38710701567777,-176.0048241534405,25.500537597130744,6.02511047099658,188.07189831953096,188.43898034535758,188.489105759587,188.48989538469976,188.48914969985844,188.4885044369241,188.48797079708277,188.48788413694655,-40.111884544174785,-2.350825410185246,0.04278098275396047,0.09055552199892247,0.07985219486394701,0.07008530298171678,0.03887545367317191,-4469.971400058947,0.0,197.55759982773108,372887.69533118216,0.036410503110164215,112.26986026570239,9.36302390758259e-7,0.0013889020762996862,1,188
0.009380000000000001,-89.20961718842939,314.2989691916283,-205.36109659404477,133.05090318091175,-47.57689498102572,-108.64140599043796,-13.375703350798311,-175.86542661455252,25.719664663909043,6.495216088920316,188.0721615859758,188.4387874513426,188.48909004381906,188.48988916027923,188.48914288468833,188.488496930018,188.4879627740224,188.48787695752665,-40.187608626657195,-2.362561162773723,0.042552039012964116,0.09073803609197739,0.08001835281323988,0.07022817985361485,0.0388912575581406,-4512.070919503495,0.0,197.35404755270432,372887.68225475843,0.03655498235123706,112.44659603091974,9.36302390758259e-7,0.0013889020762996862,1,188
0.00939,-89.944234458372,314.45431196452876,-204.3862589516487,132.88685439601014,-47.20754783199469,-108.8266257199782,-13.364110945713271,-175.72504782126293,25.93860474308898,6.964040234284482,188.0724279671768,188.4385942381206,188.48907427674294,188.4898829342028,188.4891360695778,188.48848942318992,188.4879547513545,188.4878697781516,-40.263226600111665,-2.37433696802127,0.0423206644048868,0.09092068170003387,0.08018468357077424,0.07037118840860934,0.03890683679075657,-4554.356456035136,0.0,197.14936509920184,372887.67006118444,0.036699574125871395,112.62315260361007,9.36302390758259e-7,0.0013889020762996862,1,188
0.0094,-90.67768711935895,314.60507194790193,-203.40863022581138,132.7216992713579,-46.838307767072365,-109.01030568726567,-13.352330129068967,-175.58368736716056,26.157356301171383,7.4315730013755825,188.07269745517257,188.43840070642622,188.48905845819127,188.4898767064602,188.4891292545267,188.48848191644,188.4879467290801,188.48786260554368,-40.338737769387635,-2.3861528812627935,0.042086846720232884,0.09110345835445344,0.0803511871236573,0.07051432856935058,0.03892219146169129,-4596.828945111932,0.0,196.9435539017606,372887.6587524809,0.03684427609486964,112.7995290196262,9.36302390758259e-7,0.0013889020762996862,1,189
0.00941,-91.40996474740446,314.75124699911464,-202.42822431080003,132.5554422114257,-46.469182961007924,-109.19244269584928,-13.340361232164746,-175.4413448690001,26.375917795756585,7.897804498603421,188.0729700419413,188.43820685699774,188.48904258799644,188.48987047704108,188.48912243953484,188.48847440976843,188.48793870720073,188.48785543970192,-40.414141441362375,-2.398008957629269,0.041850573717940875,0.09128636558410363,0.08051786346989953,0.07065760023516887,0.03893719977527521,-4639.489300550731,0.0,196.73661545667807,372887.648326215,0.03698908591355336,112.97572431646745,9.36302390758259e-7,0.0013889020762996862,1,189
0.009420000000000001,-92.14105693522258,314.89283504069596,-201.44505514035362,132.3880876694296,-46.100181587623204,-109.37303360353789,-13.328204588948509,-175.29801996682642,26.594287675481986,8.36272484964664,188.07324571940063,188.43801269057718,188.48902666599068,188.48986424593505,188.4891156246021,188.4884669031753,188.48793068571746,188.4878482739027,-40.48943692493596,-2.4099052520187154,0.04161183311566674,0.09146940290135319,0.08068471260433796,0.07080100331755368,0.038951979225914535,-4682.338414379272,0.0,196.52855132192087,372887.63877550006,0.03713400123190407,113.15173753334994,9.36302390758259e-7,0.0013889020762996862,1,189
0.009430000000000001,-92.87095329237489,315.02983406036634,-200.45913668748193,132.21964010844152,-45.73131181427888,-109.55207528903641,-13.31586053601179,-175.15371227257643,26.81246437976754,8.82632415965098,188.07352447940787,188.4378182079103,188.48901069200605,188.48985801313168,188.48910880972835,188.48845939666074,188.4879226646314,188.48784110814537,-40.564623531070694,-2.4218418191351034,0.041370612604465506,0.09165256983163772,0.08085173452250594,0.07094453771997244,0.03896653083225843,-4725.3771582985755,0.0,196.31936300957958,372887.6300978661,0.037279019694598264,113.32756771121655,9.36302390758259e-7,0.0013889020762996862,1,189
0.00944,-93.59964344541861,315.16224211106646,-199.47048296426863,132.05010402078227,-45.362581804475035,-109.72956466873,-13.303329412585072,-175.00842139599658,27.03044633885343,9.288592532004472,188.0738063137598,188.4376234097466,188.48899466587437,188.48985177862045,188.48910199491337,188.48845189022495,188.48791464394367,188.48783394242932,-40.63970057277026,-2.4338187134520606,0.041126899831769315,0.09183586589188764,0.08101892920586007,0.07108820336518917,0.03898085470321977,-4768.606382790156,0.0,196.1090520400443,372887.62229082466,0.03742413894114552,113.50321389271511,9.36302390758259e-7,0.0013889020762996862,1,189
0.00945,-94.32711703805363,315.2900573109848,-198.4791080216715,131.87948391219982,-44.99399971576438,-109.9054986829408,-13.290611560532959,-174.86214692372067,27.248231973660992,9.749520053838253,188.07409121419272,188.43742829683922,188.4889785874273,188.48984554239087,188.48909518015702,188.488444383868,188.48790662365536,188.48782678344378,-40.71466736512862,-2.445835989219743,0.040880682400534774,0.09201929059662461,0.08118629665706667,0.07123200015089814,0.03899495095306715,-4812.026917670889,0.0,195.89761989836836,372887.61535628163,0.037569356605941046,113.6786751221825,9.36302390758259e-7,0.0013889020762996862,1,190
0.009460000000000001,-95.05336373127027,315.41327784358464,-197.48502594932262,131.70778433339305,-44.625573703545484,-110.07987432365015,-13.277707324349407,-174.7148884615571,27.465819695893117,10.209096824921204,188.0743791723824,188.43723286994498,188.48896245649632,188.48983930443234,188.48908836545917,188.48843687759006,188.48789860376795,188.4878196311878,-40.78952322530715,-2.4578937004922725,0.0406319478926509,0.09220284345452967,0.08135383686363085,0.07137592799261228,0.0390086983777298,-4855.639570663244,0.0,195.6850681223229,372887.6092917115,0.03771467031839714,113.85395044565543,9.36302390758259e-7,0.0013889020762996862,1,190
0.009470000000000001,-95.77837320349494,315.5319019576292,-196.48825087532936,131.5350098798023,-44.25731192054726,-110.25268863479579,-13.264617051152605,-174.56664563462152,27.683207907976808,10.667312958646534,188.0746701799442,188.43703712982443,188.48894627291273,188.48983306473423,188.48908155081963,188.48842937139128,188.48789058428255,188.48781247897074,-40.864267472582824,-2.4699919010809293,0.0403806838380838,0.09238652397368696,0.08152154982326465,0.07151998679673,0.039022213892389246,-4899.445127262099,0.0,195.4713983023578,372887.60409015656,0.03786007770301541,114.02903891092991,9.36302390758259e-7,0.0013889020762996862,1,190
0.00948,-96.50213515073858,315.64592796720734,-195.48879696607116,131.36116516004785,-43.88922251290843,-110.4239386846229,-13.251341090680313,-174.41741804533677,27.900395002848597,11.124158552746337,188.07496422843306,188.43684107724172,188.4889300365076,188.48982682328585,188.48907473623822,188.4884218652718,188.4878825652003,188.48780532679197,-40.93889942832992,-2.4821306445914733,0.040126877741122335,0.09257033165968664,0.08168943551990182,0.071664176466264,0.039035498525071155,-4943.444351967524,0.0,195.25661199414063,372887.5997490537,0.03800557637948641,114.20393956757242,9.36302390758259e-7,0.0013889020762996862,1,190
0.00949,-97.22463928674179,315.7553542517572,-194.48667842600068,131.18625481164537,-43.52131362194358,-110.59362157962427,-13.237879795284641,-174.2672052946578,28.117379363977506,11.579623703915303,188.07526130934346,188.4366447129647,188.48891374711192,188.4898205800765,188.4890679217148,188.4884143592317,188.48787454652228,188.48779817465083,-41.01341841606137,-2.494309984403978,0.03987051706143774,0.09275426601502801,0.08185749395680553,0.07180849690688618,0.039048552387813906,-4987.637987516243,0.0,195.0407107626802,372887.5962658215,0.03815116396280222,114.3786514669046,9.36302390758259e-7,0.0013889020762996862,1,190
0.009500000000000001,-97.9458753431216,315.86017925608894,-193.48190949744023,131.0102834889103,-43.1535933827375,-110.76173445384225,-13.224233519927282,-174.1160069660047,28.33415936524998,12.033698496062499,188.07556141410942,188.43644803776482,188.48889740455638,188.4898143350954,188.48906110724917,188.48840685327121,188.4878665282496,188.48779102920227,-41.08782376142966,-2.5065299736781146,0.039611589217560805,0.09293832654444856,0.0820257251209835,0.07195294803870134,0.03906137558302358,-5032.0267553098565,0.0,194.82369614896496,372887.59364225063,0.03829683806331994,114.55317366199446,9.36302390758259e-7,0.0013889020762996862,1,191
0.009510000000000001,-98.66583306951705,315.9604014904072,-192.47450446038113,130.83325588699833,-42.78606992652058,-110.92827449052474,-13.210402622174293,-173.9638226578478,28.550733371036642,12.486373023921189,188.07586453410443,188.4362510524172,188.48888100867157,188.4898080883317,188.4890542928412,188.4883993473904,188.48785851038377,188.4877838904453,-41.162114792230824,-2.518790665352922,0.03935008161156439,0.09312251273669858,0.08219412900449719,0.07209752975515293,0.03907384754810028,-5076.611354259179,0.0,194.60556973744193,372887.5918757223,0.03844259628687809,114.72750520766796,9.36302390758259e-7,0.0013889020762996862,1,191
0.00952,-99.38450223373525,316.0560195303322,-191.4644776322779,130.6551767417198,-42.41875138022438,-111.09323892237518,-13.196387462191012,-173.81065198384675,28.767099736141425,12.937637393872919,188.07617066064165,188.4360537577005,188.4888645592879,188.48980183977457,188.48904747849068,188.48839184158948,188.4878504929259,188.48777675172357,-41.236290838430314,-2.5310921121451067,0.03908598158168353,0.09330682409858326,0.0823627055970304,0.07224224196738938,0.039086084599232684,-5121.392460666622,0.0,194.38633315603232,372887.5909592085,0.03858843623489668,114.90164516055766,9.36302390758259e-7,0.0013889020762996862,1,191
0.00953,-100.10187262189666,316.14703201692,-190.45184336784837,130.47605080543144,-42.05164586391004,-111.25662501000758,-13.182188402737282,-173.65649454056302,28.983256805625317,13.38748170017115,188.07647978497383,188.43585615439707,188.48884805623553,188.4897955894131,188.48904066419746,188.48838433586852,188.48784247587713,188.48776961303648,-41.31035123218105,-2.5434343665434156,0.038819276449695295,0.09349126010751263,0.08253145489619573,0.07238708458465126,0.039098087752456046,-5166.37072919376,0.0,194.16598800921568,372887.59089005337,0.03873435550446895,115.07559257911466,9.36302390758259e-7,0.0013889020762996862,1,191
0.009540000000000002,-100.8179340385802,316.23343765668164,-189.436616058866,130.2958828590103,-41.68476149183195,-111.41843005284694,-13.16780580916165,-173.50134992383352,29.19920291481747,13.83589603691955,188.0767918982933,188.43565824329278,188.48883149934454,188.48978933723626,188.48903384996134,188.48837683022768,188.48783445923854,188.48776247438335,-41.38429530782621,-2.5558174808089795,0.03854995348566703,0.09367582026204246,0.08270037689445253,0.07253205750938285,0.03910985712267845,-5211.546792236374,0.0,193.94453591186783,372887.5916655822,0.038880351688452226,115.24934652360037,9.36302390758259e-7,0.0013889020762996862,1,191
0.009550000000000001,-101.53267630696799,316.31523522160177,-188.4188101339588,130.11467770353636,-41.318106371572746,-111.57865138166868,-13.153240049396828,-173.34521771771114,29.414936389221687,14.282870489583956,188.07710699173197,188.43546002517712,188.48881488844478,188.48978308323308,188.4890270357822,188.48836932466713,188.48782644301127,188.48775534238348,-41.458122401912874,-2.5682415069878086,0.03827799993391778,0.09386050403890067,0.08286947158653835,0.07267716064459684,0.03912139283954019,-5256.921260208009,0.0,193.72197846638468,372887.59328746935,0.039026422375565,115.42290605608461,9.36302390758259e-7,0.0013889020762996862,1,192
0.00956,-102.24608926899029,316.3924235491559,-187.39844005840155,129.93244017674206,-40.95168860527893,-111.73728637380331,-13.138491493954199,-173.1880975170444,29.63045554455249,14.728395152303676,188.07742505636136,188.43526150084313,188.48879822336593,188.4897768273925,188.48902022165976,188.488361819187,188.48781842719683,188.4877482170359,-41.531831853204,-2.580706496900625,0.03800340299436211,0.09404531093570512,0.08303873895103475,0.0728223939007151,0.03913257496112088,-5302.494720693836,0.0,193.49831730916046,372887.5957530031,0.039172565150498696,115.59627024045842,9.36302390758259e-7,0.0013889020762996862,1,192
0.00957,-102.95816278546995,316.46500154232706,-186.37552033391194,129.74917515285304,-40.58551628928753,-111.89433245334092,-13.123560515918356,-173.029988927624,29.845758686685784,15.172460128547542,188.07774608319264,188.43506267108737,188.48878150393753,188.48977056970338,188.48901340759392,188.4883543137874,188.48781041179632,188.48774109171987,-41.60542300271051,-2.5932125021238903,0.03772614983570399,0.09423024041577577,0.08320817899090649,0.07296775718334025,0.03914351919517589,-5348.267738346273,0.0,193.2735541106628,372887.59905508574,0.03931877759399194,115.7694381424712,9.36302390758259e-7,0.0013889020762996862,1,192
0.00958,-103.66888673626603,316.5329681696213,-185.35006549844275,129.56488752603872,-40.219597512627374,-112.04978707607209,-13.108447490942254,-172.87089154390796,30.06084411152682,15.615055513867048,188.07807006317663,188.43486353671,188.4887647299889,188.48976431015456,188.48900659358446,188.48834680846852,188.48780239681088,188.48773396643477,-41.678895193670364,-2.605759574023832,0.03744622758011573,0.09441529196564602,0.08337779169306181,0.07311325039859895,0.039154226551745275,-5394.2408555568945,0.0,193.04769052948026,372887.60319096834,0.03946505728295193,115.94240882974367,9.36302390758259e-7,0.0013889020762996862,1,192
0.009590000000000001,-104.37825102041809,316.59632246508244,-184.32209012597772,129.3795822185898,-39.853940357517324,-112.2036477371572,-13.09315279724143,-172.71080496039372,30.275710105006198,16.05617140472154,188.07839698720386,188.43466409851467,188.48874790134923,188.48975804873484,188.4889997796312,188.48833930323048,188.48779438224165,188.48772684117992,-41.75224777158834,-2.618347763734004,0.03716362331614764,0.09460046505792974,0.08354757705778937,0.07325887344061677,0.03916469715498572,-5440.414591989759,0.0,192.82072823566295,372887.60815788363,0.039611401790563217,116.11518137176684,9.36302390758259e-7,0.0013889020762996862,1,192
0.009600000000000001,-105.08624555628928,316.6550635283057,-183.2916088263222,129.1932641764215,-39.48855289889599,-112.35591196709099,-13.077676815588859,-172.5497287657111,30.49035494301058,16.495797893771154,188.0787268461045,188.43446435730857,188.48873101784753,188.48975178543296,188.48899296573396,188.4883317980734,188.48778636808973,188.4877197225377,-41.82548008425642,-2.6309771221563114,0.03687832410837366,0.0947857591579293,0.08371753506892343,0.07340462622615718,0.0391749311261842,-5486.789444706017,0.0,192.59266889852006,372887.6139573881,0.03975780868635082,116.28775483990717,9.36302390758259e-7,0.0013889020762996862,1,193
0.00961,-105.79286028171022,316.70919052445043,-182.2586362448963,129.00593837784538,-39.12344320480834,-112.50657734007842,-13.062019929309557,-172.3876625549055,30.704776891384718,16.933925079851093,188.0790596306484,188.43426431390236,188.48871407931262,188.48974552023756,188.48898615189256,188.48832429299748,188.48777835435664,188.4877126105071,-41.89859148174037,-2.643647699957885,0.03659031696235271,0.0949711737404968,0.08388766571594886,0.07355050865455048,0.03918480920519496,-5533.36588765883,0.0,192.36351421171582,372887.6205866773,0.039904275536288114,116.46012830742033,9.36302390758259e-7,0.0013889020762996862,1,193
0.00962,-106.49808515412154,316.75870268425234,-181.22318706252696,128.81760983344012,-38.75861933610735,-112.65564147419448,-13.046182524275125,-172.22460592959123,30.918974205885853,17.37054306845684,188.0793953315452,188.43406396911024,188.4886970855732,188.48973925313732,188.4889793381068,188.4883167880028,188.4877703410435,188.48770549850434,-41.971581316402464,-2.6563595475910766,0.0362995888576112,0.09515670827472889,0.08405796899657769,0.07369652062539878,0.03919444645396997,-5580.144371603336,0.0,192.13326589340764,372887.62803858484,0.040050799902930354,116.63230084947696,9.36302390758259e-7,0.0013889020762996862,1,193
0.009630000000000001,-107.20191015071687,316.80359930403404,-180.18527599523878,128.62828357714352,-38.394089345733036,-112.8031020231871,-13.030164988898079,-172.060558485981,31.132945132096637,17.805641962068933,188.07973393944422,188.43386332374982,188.48868003645777,188.48973298412082,188.48897252437646,188.48830928308956,188.48776232815146,188.48769838652876,-42.04444894292731,-2.6691127152589225,0.036006126739698274,0.09534236221691117,0.0842284448916697,0.07384266205048817,0.03920384389154208,-5627.125324439718,0.0,191.90192566163415,372887.636310269,0.04019737934547002,116.80427154317657,9.36302390758259e-7,0.0013889020762996862,1,193
0.009640000000000001,-107.90432526858491,316.84387974571507,-179.14491779404617,128.43796467059033,-38.02986127879175,-112.94895668072702,-13.013967714126693,-171.89551982110973,31.346687905404373,18.239211865304725,188.08007544493464,188.43366237864223,188.48866293179466,188.4897267131766,188.48896571070136,188.48830177825786,188.48775431568166,188.48769127457967,-42.117193718318894,-2.681907252940137,0.03570991750486474,0.09552813502797619,0.084399093401613,0.07398893282683083,0.03921300163020547,-5674.30915092199,0.0,191.66949524696713,372887.6453988691,0.04034401141987213,116.97603946755355,9.36302390758259e-7,0.0013889020762996862,1,193
0.00965,-108.60532052485208,316.87954343682134,-178.1021272447413,128.24665820246642,-37.66594317232719,-113.0932031799804,-12.99759109343907,-171.72948953221885,31.560200750958977,18.671242884524247,188.0804198385454,188.43346113461203,188.48864577141205,188.48972044029313,188.48895889708132,188.48829427350788,188.48774630363522,188.4876841692013,-42.1898150019269,-2.6947432103863864,0.03541094802630873,0.09571402616318636,0.08456991451856855,0.07413533285387075,0.03922191980623513,-5721.696232608063,0.0,191.4359763911496,372887.6553058239,0.04049069367895804,117.14760370358994,9.36302390758259e-7,0.0013889020762996862,1,194
0.00966,-109.30488595682424,316.91058987049274,-177.05691916768632,128.0543692895394,-37.30234305516345,-113.23583929478757,-12.981035522837871,-171.56246721846486,31.773481883636585,19.10172512940852,188.08076711074526,188.43325959248722,188.48862855513798,188.48971416545885,188.48895208351612,188.48828676883974,188.48773829201366,188.48767707039258,-42.26231215545069,-2.7076206370999643,0.03510920512771687,0.09590003506946942,0.08474090823439884,0.07428186204237086,0.03923047984106809,-5769.286927727164,0.0,191.20137085047097,372887.6660282358,0.04063742367249651,117.31896333422982,9.36302390758259e-7,0.0013889020762996862,1,194
0.009670000000000002,-110.00301162212814,316.9370186054908,-176.0093084176013,127.86110307656337,-36.939068947684774,-113.37686283977752,-12.964301400844434,-171.3944524810791,31.986529508002008,19.530648713271034,188.08111725194286,188.43305775309923,188.4886112828003,188.48970788866217,188.4889452700056,188.4882792642536,188.4877302808181,188.48766997160794,-42.33468454295314,-2.7205395823692946,0.03480467560184941,0.09608616120690527,0.08491207453293814,0.07442852029181957,0.03923879613943804,-5817.081571104716,0.0,190.96568039597236,372887.6775588707,0.04078419894733937,117.49011744439358,9.36302390758259e-7,0.0013889020762996862,1,194
0.009680000000000001,-110.69968759885259,316.9588292662047,-174.9593098833547,127.66686473507113,-36.57612886158343,-113.51627166940287,-12.94738912849322,-171.22544492197937,32.199341818263164,19.958003752014918,188.08147025248672,188.4328556172829,188.4885939542267,188.4897016098914,188.48893845654948,188.4882717597496,188.48772227004972,188.4876628728467,-42.40693153088657,-2.7335000952334862,0.03449734620507794,0.0962724040218248,0.08508341340902348,0.07457530750279773,0.03924686971463842,-5865.080474144531,0.0,190.72890681050802,372887.68989479396,0.04093101704749431,117.66106512099262,9.36302390758259e-7,0.0013889020762996862,1,194
0.00969,-111.39490398568998,316.97602154265655,-173.90693848774887,127.47165946384209,-36.2135307996744,-113.65406367858319,-12.930299109326157,-171.05544414470643,32.41191699823848,20.383780365084192,188.0818261026653,188.4326531858765,188.48857656924474,188.4896953291348,188.48893164314762,188.4882642553279,188.4877142597096,188.48765577410816,-42.47905248808537,-2.746502224492785,0.03418720365242045,0.09645876295540035,0.08525492484886676,0.07472222358040881,0.03925470068495862,-5913.283924730447,0.0,190.49105189054012,372887.70303305215,0.041077875514220034,117.83180545294297,9.36302390758259e-7,0.0013889020762996862,1,194
0.0097,-112.08865090207655,316.9885951905062,-172.8522091873117,127.27549249212439,-35.85128275574564,-113.79023680606701,-12.913031749386974,-170.88444975923198,32.6242532213364,20.807968679918787,188.082184792707,188.43245045972162,188.4885591276818,188.48968904638065,188.4889248297998,188.4882567509886,188.48770624979895,188.4876486818971,-42.551046785793716,-2.759546018725727,0.03387423462016592,0.09664523744752529,0.085426608850379,0.07486926842477892,0.03926228918354813,-5961.6921869849975,0.0,190.25211745576112,372887.7169749651,0.041224771886163844,118.00233753118515,9.36302390758259e-7,0.0013889020762996862,1,195
0.009710000000000002,-112.78091848833311,316.9965500310542,-171.79513697208026,127.07836907288578,-35.48939271417927,-113.92478902805111,-12.895587457215171,-170.7124613728265,32.83634865048619,21.23055882406345,188.08254631278027,188.43224743966329,188.48854162936513,188.4896827616171,188.48891801650578,188.4882492467319,188.48769824031925,188.48764159621248,-42.62291379767497,-2.77263152625949,0.033558425750626064,0.09683182693868986,0.08559846539987159,0.07501644193721546,0.03926951736004547,-6010.305501542113,0.0,190.01210533045466,372887.7317175423,0.04137170369942593,118.17266044869959,9.36302390758259e-7,0.0013889020762996862,1,195
0.009720000000000001,-113.47169690580476,316.99988595124466,-170.7357368653913,126.88029448275397,-35.12786864980984,-114.057718358253,-12.877966643840423,-170.53947859022543,33.04820143810263,21.65154092530088,188.08291065299352,188.43204412654984,188.48852407412178,188.4896764748323,188.4889112032654,188.4882417425579,188.48769023127164,188.48763451054813,-42.6946528998252,-2.785758795195054,0.033239763652490595,0.09701853086646395,0.08577049448058194,0.0751637440146613,0.03927649893346086,-6059.12408548474,0.0,189.77101734377072,372887.747253483,0.041518668487681765,118.34277330050892,9.36302390758259e-7,0.0013889020762996862,1,195
0.00973,-114.16097633700122,316.99860290366684,-169.67402392366506,126.68127402854724,-34.766718527821,-114.18902285453463,-12.860169722776803,-170.36550102308797,33.25980972608872,22.070905120322095,188.08327780339528,188.431840521233,188.48850646177868,188.48967018601428,188.48890439007837,188.4882342384668,188.48768222265727,188.48762742490337,-42.76626347078281,-2.7989278733872105,0.03291823488805967,0.0972053486568214,0.08594269609329608,0.0753111745659023,0.03928323490522523,-6108.148131938187,0.0,189.52885534875074,372887.7635797597,0.04166566378228952,118.51267518369404,9.36302390758259e-7,0.0013889020762996862,1,195
0.00974,-114.84874698573597,316.9927009065556,-168.6100132361928,126.48131304385123,-34.40595030345395,-114.3187006157603,-12.842197110016642,-170.19052828551344,33.47117164578477,22.488641550936308,188.08364775397416,188.4316366245678,188.4884887921626,188.48966389515112,188.48889757694457,188.4882267344587,188.48767421447732,188.48762033927747,-42.837744891539856,-2.8121388084542147,0.03259382598849392,0.09739227974106512,0.08611507022402698,0.07545873347663168,0.03928972541735298,-6157.377810177826,0.0,189.2856212131175,372887.78069332626,0.0418126871123968,118.6823651974147,9.36302390758259e-7,0.0013889020762996862,1,195
0.00975,-115.53499907726585,316.98218004379146,-167.54371992492085,126.28041689611761,-34.04557192177231,-114.4467497891206,-12.824049224024861,-170.01456000439978,33.682285317976046,22.90474037392363,188.08402049465897,188.4314324374126,188.48847106510016,188.48965760223078,188.4888907638637,188.48821923053376,188.4876662067329,188.48761326013457,-42.90909654558586,-2.825391647763986,0.032266523440833694,0.09757932354766297,0.08628761686206055,0.07560642066604473,0.03929597057429657,-6206.81326518486,0.0,189.04131684000504,372887.7985953829,0.04195973600500844,118.85184244293694,9.36302390758259e-7,0.0013889020762996862,1,196
0.009760000000000001,-116.21972285842963,316.96704046489907,-166.47515914423815,126.07859097211613,-33.68559131739225,-114.57316855584392,-12.805726485733032,-169.83759579921605,33.893148852785146,23.319191742582774,188.08439601531876,188.43122796062912,188.48845328041781,188.48965130724116,188.4888839508356,188.48821172669213,188.48765819942557,188.48760618747363,-42.98031781885672,-2.8386864384650643,0.03193631370140615,0.09776647949924211,0.08646033599370817,0.07575423602192544,0.03930185328909186,-6256.454618350827,0.0,188.79594412705356,372887.81728284666,0.042106807985121564,119.02110602364952,9.36302390758259e-7,0.0013889020762996862,1,196
0.009770000000000001,-116.9029085977866,316.9472823850454,-165.40434608075842,125.87584067791535,-33.32601641442197,-114.69795513122703,-12.787229318533093,-169.65963528217497,34.10376034964228,23.73198580668401,188.08477430576278,188.43102319508225,188.48843543794192,188.48964501017016,188.48887713786002,188.48820422293397,188.48765019255643,188.48759911482912,-43.0514080998113,-2.852023227445427,0.03160318318461641,0.0979537470130154,0.08663322762203407,0.07590217944353483,0.03930748655893446,-6306.30196742957,0.0,188.5495049667602,372887.8367483511,0.04225390057584319,119.19015504505413,9.36302390758259e-7,0.0013889020762996862,1,196
0.00978,-117.58454658575522,316.9229060850366,-164.33129595310552,125.67217145316458,-32.966855126172774,-114.82110777919625,-12.768558148271865,-169.480678078793,34.31411789733471,24.143112731944683,188.0851553557406,188.43081814164023,188.48841753749863,188.4896387110056,188.48887032493673,188.48819671925943,188.4876421861267,188.48759204220033,-43.122366779419536,-2.865402061352656,0.031267118266495864,0.0981411255059399,0.08680629172204846,0.07605025083145378,0.039312871399987515,-6356.355385712178,0.0,188.30200128771162,372887.8569887759,0.04240101129845364,119.35898861478242,9.36302390758259e-7,0.0013889020762996862,1,196
0.00979,-118.2646271347509,316.8939119113137,-163.25602401169695,125.46758876377169,-32.60811535492844,-114.94262480520442,-12.749713403244385,-169.30072381785834,34.52421957393988,24.552562690953266,188.08553915494213,188.4306128011746,188.488399578914,188.48963240973524,188.4888635120655,188.48818921566865,188.4876341801375,188.48758496958652,-43.193193251162484,-2.878822986602911,0.030928105294560915,0.09832861438896146,0.08697952829116495,0.07619845008778547,0.0393180079313078,-6406.6149223564435,0.0,188.053435034244,372887.8780009826,0.04254813767253955,119.5276058426241,9.36302390758259e-7,0.0013889020762996862,1,196
0.009800000000000001,-118.94314057932374,316.86030027594813,-162.17854553852692,125.26209811287319,-32.249804991451434,-115.06250456768515,-12.73069551418834,-169.11977214746025,34.73406344685902,24.960325878970366,188.08592569299773,188.4304071745601,188.4883815620139,188.48962610634678,188.48885669924613,188.48818171216178,188.48762617459,188.48757790341003,-43.2638869110623,-2.8922860493569598,0.03058613056447612,0.0985162130706172,0.0871529373211466,0.07634677710376891,0.03932289629242369,-6457.080601725305,0.0,187.8038081983807,372887.8997860515,0.04269527721609209,119.69600584056184,9.36302390758259e-7,0.0013889020762996862,1,197
0.009810000000000001,-119.62007727629563,316.82207165663567,-161.09887584695028,125.05570501849391,-31.891931915166413,-115.18074545551791,-12.711504914277668,-168.93782270342598,34.94364757267163,25.366392483813797,188.0863149594783,188.4302012626747,188.48836348662408,188.48961980082788,188.4888498864784,188.48817420873894,188.4876181694857,188.48757084366977,-43.33444715769346,-2.905791295537332,0.030241180346299856,0.09870392095842107,0.08732651879850373,0.07649523178648465,0.03932742013234236,-6507.752424551611,0.0,187.55312275645628,372887.9223408069,0.04284242744560748,119.86418772278846,9.36302390758259e-7,0.0013889020762996862,1,197
0.00982,-120.2954276048978,316.77922659668957,-160.01703028146216,124.84841501357134,-31.53450399418335,-115.29734588801864,-12.692142039116504,-168.75487510949876,35.15296999711264,25.77075268562919,188.0867069438952,188.42999506639964,188.48834535257012,188.48961349316616,188.48884307376204,188.48816670540032,188.48761016482578,188.48756378394205,-43.404873392191845,-2.9193387708235488,0.029893240866041282,0.09889173746272206,0.08750027270399663,0.07664381402998899,0.03933169173365503,-6558.63036790363,0.0,187.30138066954626,372887.9456578179,0.04298958587620378,120.03215060568535,9.36302390758259e-7,0.0013889020762996862,1,197
0.00983,-120.96918196690709,316.731765705033,-158.93302421748373,124.64023366797912,-31.177529084475907,-115.41230433777426,-12.67260732673293,-168.5709290092393,35.362028755166776,26.173396688274067,188.08710163570032,188.4297885866193,188.4883271596775,188.48960718334916,188.48883626109682,188.48815920214605,188.4876021606114,188.48755672422612,-43.475165018273856,-2.9329285206421805,0.02954229831332089,0.09907966197496165,0.08767419903741658,0.07679252373440804,0.03933571209830422,-6609.714383914581,0.0,187.04858394710726,372887.96973387187,0.043136750021714944,120.19989360784014,9.36302390758259e-7,0.0013889020762996862,1,197
0.009840000000000002,-121.64133078678299,316.67968965619036,-157.84687306113963,124.43116657730937,-30.82101502988593,-115.52561931940963,-12.652901217572804,-168.38598405032567,35.57082187098743,26.574314704404742,188.08749902428627,188.42958182422134,188.48830890777157,188.48960087136442,188.48882944848253,188.48815169897628,188.48759415684373,188.4875496645213,-43.54532144223782,-2.9465605901796863,0.029188338836831917,0.09926769390480672,0.0878482977849755,0.07694136078798053,0.039339481362948625,-6661.004400348444,0.0,186.79473461540505,372887.9945657383,0.04328391739479576,120.3674158500825,9.36302390758259e-7,0.0013889020762996862,1,197
0.009850000000000001,-122.31186451180248,316.6229991902774,-156.758592249043,124.22121937769802,-30.464969661192065,-115.63728940533345,-12.633024154493427,-168.20003990636593,35.779347357956,26.97349697778148,188.08789909898638,188.42937478009654,188.48829059667747,188.48959455719935,188.48882263591892,188.48814419589118,188.48758615352392,188.48754261120686,-43.615342072982884,-2.9602350243717908,0.028831348553985947,0.0994558326322732,0.0880225689358598,0.07709032509846914,0.039342999655509914,-6712.500319708084,0.0,186.53983476073606,372888.0201543769,0.043431085507031814,120.53471645552632,9.36302390758259e-7,0.0013889020762996862,1,198
0.00986,-122.98077361219744,316.5616951129913,-155.6681972480721,124.01039771572121,-30.109400797102435,-115.74731319463146,-12.612976582757625,-168.01309623377188,35.98760321849894,27.370933740380394,188.08830184907484,188.42916745513884,188.48827222622026,188.48958824084139,188.48881582340573,188.4881366928909,188.48757815065352,188.48753556428176,-43.68522632202672,-2.9739518679091077,0.02847131354346555,0.09964407755302318,0.08819701247608247,0.07723941656209021,0.039346151413892194,-6764.202020886605,0.0,186.28388644342175,372888.04649652005,0.04357825186905012,120.70179454958817,9.36302390758259e-7,0.0013889020762996862,1,198
0.00987,-123.64804858128879,316.49577829559854,-154.57570355515443,123.7987072484666,-29.754316244360886,-115.85568931301947,-12.5927589500266,-167.8251526719435,36.19558744406907,27.7666152119794,188.08870726376668,188.42895985024538,188.48825379622488,188.48958192227784,188.48880901094273,188.48812918997555,188.48757014823366,188.48752851736523,-43.754973603515026,-2.9877111652322554,0.028108219842599702,0.09983242805481041,0.08837162839443202,0.07738863506667215,0.039349048186130275,-6816.109359144145,0.0,186.02689169832155,372888.07358467317,0.04372541399060991,120.86864925995312,9.36302390758259e-7,0.0013889020762996862,1,198
0.009880000000000002,-124.31367993562235,316.4252496749231,-153.48112669704264,123.58615367326595,-29.39972379603973,-115.96241644427373,-12.57237170635456,-167.6362088867379,36.40329801528893,28.160531644563065,188.08911533221777,188.42875196631638,188.4882353065161,188.489575601496,188.48880219852967,188.4881216871453,188.48756214626553,188.48752147045658,-43.82458333422392,-3.001512960539241,0.02774205345303926,0.10002088352445071,0.08854641667999541,0.07753798051268213,0.03935169095579738,-6868.222164369874,0.0,185.7688526210345,372888.1014155318,0.04387256938073193,121.03527971659364,9.36302390758259e-7,0.0013889020762996862,1,198
0.009890000000000001,-124.97765821510299,316.35011025333284,-152.38448223009755,123.37274271259642,-29.04563123195444,-116.06749331470509,-12.551815304181588,-167.44626454898673,36.61073290185246,28.552673301016227,188.089526043525,188.42854380425524,188.48821675691852,188.48956927848312,188.48879538616632,188.48811418440033,188.48755414475033,188.4875144235551,-43.894054933594376,-3.0153572977631935,0.027372800334655167,0.10020944333552251,0.08872137732443619,0.07768745280488254,0.03935407985719408,-6920.540241894505,0.0,185.5097713250148,372888.12998577364,0.04401971554778222,121.20168505181262,9.36302390758259e-7,0.0013889020762996862,1,198
0.0099,-125.6399739831297,316.2703610987251,-151.28578574006409,123.15848013273344,-28.692046317114734,-116.17091871335043,-12.531090198327576,-167.25531936219826,36.817890062613074,28.9430304844916,188.08993938672646,188.42833536496843,188.4881981472567,188.48956295322637,188.48878857385242,188.4881066817408,188.4875461436892,188.4875073829959,-43.963387823722755,-3.0292442206092858,0.027000446424052527,0.10039810687183603,0.08889651031099177,0.07783705183139844,0.03935621503010456,-6973.063371359319,0.0,185.2496499961321,372888.15929623763,0.044166849999614,121.3678644002935,9.36302390758259e-7,0.0013889020762996862,1,199
0.00991,-126.30061782672944,316.1860033445121,-150.18505284185147,122.9433717059367,-28.338976803887974,-116.27269145198372,-12.510196845985604,-167.06337300765622,37.02476744536042,29.33159348163244,188.09035535080142,188.42812664936554,188.488179477355,188.48955662571288,188.48878176158772,188.4880991791668,188.48753814308367,188.48750034877793,-44.03258142939926,-3.043173772501227,0.02662497759364335,0.10058687350104378,0.08907181563677735,0.07798677748267302,0.03935798172217719,-7025.791308874758,0.0,184.98849078392283,372888.18934356456,0.044313970243610515,121.5338168991192,9.36302390758259e-7,0.0013889020762996862,1,199
0.00992,-126.95958035669072,316.09703818960406,-149.08229917931055,122.72742321057143,-27.98643043219209,-116.37281036503343,-12.489135706715615,-166.87042514460904,37.231362986806495,29.718352561972523,188.0907739246704,188.42791765835918,188.48816074703768,188.48955029592972,188.48877494937196,188.48809167667852,188.48753014293493,188.4874933145646,-44.10163517808756,-3.0571459966423244,0.026246379697751898,0.10077574260085953,0.08924729328542824,0.07813662965773993,0.03935949069268574,-7078.723787010367,0.0,184.72629580219063,372888.2201201975,0.044461073786856355,121.69954168772585,9.36302390758259e-7,0.0013889020762996862,1,199
0.009930000000000001,-127.61685220769772,316.00346689839284,-147.97754042501165,122.51064046849427,-27.634414926536447,-116.471274349916,-12.46790724243776,-166.6764754655187,37.43767461277948,30.103298036477554,188.09119509719514,188.4277083928651,188.48814195612886,188.48954396386392,188.4887681372049,188.4880841742761,188.48752214324415,188.48748628035517,-44.17054849995954,-3.0711609359690204,0.025864638557080433,0.10096471353292458,0.08942294323978395,0.07828660825106581,0.039360742940958815,-7131.860512565123,0.0,184.46306723787617,372888.2516227407,0.04460815813621568,121.8650379079226,9.36302390758259e-7,0.0013889020762996862,1,199
0.009940000000000001,-128.27242403846208,315.9052908007336,-146.8707922800228,122.29302932609988,-27.282937997029855,-116.56808234706293,-12.446511917425738,-166.48152366868996,37.64370023810821,30.486420229288086,188.09161885717884,188.42749885380206,188.48812310445254,188.48953762950242,188.48876132508624,188.48807667195973,188.48751414401252,188.4874792461489,-44.23932082790913,-3.0852186331653755,0.025479739940408308,0.1011537856667033,0.0895987654890309,0.07843671315920808,0.039361738609906105,-7185.201167639589,0.0,184.19880729680523,372888.28384778055,0.0447552207984406,122.03030470394212,9.36302390758259e-7,0.0013889020762996862,1,199
0.00995,-128.92628653185727,315.80251129192607,-145.76207047368416,122.07459567676176,-26.932007337026835,-116.66323336470438,-12.424950198300508,-166.2855694919605,37.849437766737246,30.867709514707173,188.09204519336632,188.42728904209184,188.48810419183263,188.48953129283217,188.48875451301578,188.48806916972953,188.4875061452412,188.48747221823567,-44.30795159755819,-3.09931913065898,0.025091669589065724,0.10134295835482021,0.08977476002443474,0.07858694427872415,0.03936247783370028,-7238.74540825456,0.0,183.93351826961657,372888.3167960348,0.04490225928029037,122.19534122249831,9.36302390758259e-7,0.0013889020762996862,1,200
0.00996,-129.5784303950499,315.6951298326945,-144.65139076338704,121.85534541538406,-26.581630626835242,-116.75672642970133,-12.403222554023259,-166.08861264582515,38.05488509146478,31.24715624541662,188.09247409444407,188.42707895865928,188.48808521809283,188.48952495384,188.4887477009932,188.48806166758567,188.48749814693176,188.4874651966144,-44.37644024726775,-3.1134624706253273,0.02470041319196259,0.10153223096364883,0.08995092683210792,0.07873730149682956,0.03936284667469803,-7292.492867038979,0.0,183.6672024002055,372888.35046405357,0.04504927108862828,122.36014661280603,9.36302390758259e-7,0.0013889020762996862,1,200
0.009970000000000001,-130.22884635963214,315.583147949167,-143.53876893434833,121.63528443857655,-26.23181553399635,-116.84856058742943,-12.381329455889215,-165.89065281363062,38.26004009393353,31.624750751689447,188.0929055490403,188.4268686044322,188.48806618305682,188.4895186125127,188.48874088901826,188.4880541655283,188.48749014908532,188.48745817499378,-44.444786218157,-3.1276486949877,0.024305956410133334,0.10172160284796661,0.09012726589786446,0.07888778471012614,0.039362955113947606,-7346.443153231735,0.0,183.39986188641487,372888.38484421856,0.04519625373050229,122.52472002652256,9.36302390758259e-7,0.0013889020762996862,1,200
0.009980000000000001,-130.87752518175338,315.4665672328543,-142.42422079938777,121.41441868961323,-25.882569708700707,-116.93873495130998,-12.3592713775206,-165.6916897188026,38.46490064487413,32.00048341518598,188.09333954572483,188.4266579803414,188.48804708654805,188.48951226883707,188.4887340770907,188.48804666355755,188.48748215170312,188.48745115337303,-44.51298895409611,-3.1418778454154666,0.023908284876168473,0.10191107334389926,0.09030377721604399,0.07903839381030764,0.03936280414414295,-7400.595849940216,0.0,183.1314990116345,372888.4199330434,0.04534320471331657,122.6890606177681,9.36302390758259e-7,0.0013889020762996862,1,200
0.00999,-131.52445764225172,315.3453893406262,-141.3077621987004,121.1927541356637,-25.533900785576854,-117.02724867824051,-12.337048794859847,-165.49172309148602,38.66946460397409,32.374344633186666,188.09377607300948,188.42644708732064,188.48802792838995,188.48950592279976,188.48872726521023,188.4880391616736,188.48747415478633,188.48744413175143,-44.58104790175227,-3.156149963321127,0.023507384168253154,0.10210064181387679,0.09048046076165672,0.07918912869613592,0.03936239390596352,-7454.950515483593,0.0,182.86211607914805,372888.4557270237,0.04549012154490351,122.85316754318421,9.36302390758259e-7,0.0013889020762996862,1,200
0.01,-132.16963454678492,315.2196159946888,-140.1894089996353,120.97029679396998,-25.185816380341933,-117.11410099810988,-12.314662186163176,-165.2907527083162,38.873729820019896,32.74632486375626,188.09421511934815,188.4262359263067,188.48800870840577,188.4894995743874,188.4887204533766,188.4880316598766,188.48746615833613,188.4874371163725,-44.648962510584546,-3.1704650898559965,0.02310323983683915,0.10229030759600732,0.09065731653141995,0.07933998925584973,0.03936172454244691,-7509.506681750626,0.0,182.5917154894358,372888.4922267564,0.04563700173361623,123.01703996199858,9.36302390758259e-7,0.0013889020762996862,1,201
