time_s,phase_a_grid_voltage_v,phase_a_grid_current_a,phase_b_grid_current_a,phase_c_grid_current_a,neutral_current_a,dc_link_voltage_v,active_power_w,reactive_power_var,positive_sequence_voltage_v,negative_sequence_voltage_v,zero_sequence_voltage_v,controller_frequency_hz,phase_a_duty,operating_mode,request_disposition
0,353.17562536,-0.0829834720024,0.0414917360012,0.0414917360012,0,799.998000112,-43.9616094285,-1.40434991978e-15,0,0,0,50,0.5,0,0
2e-05,352.880044959,-3.60593079909,1.79451385638,1.81141694271,0,799.987931141,-1908.72011394,-5.39468762766,354.359516123,354.359516123,5.68434188608e-14,50,0.911362066798,0,0
4e-05,352.555332369,-7.12615486884,3.52929567006,3.59685919877,0,799.987966518,-3768.77421602,-21.0909550359,354.359516123,354.359516123,5.68434188608e-14,50,0.911362066798,0,0
6e-05,352.216223681,-10.4593132147,5.15473621628,5.30457699841,0,799.976053361,-5526.66902599,-46.097924501,353.395689165,353.358044086,9.47365769819e-14,50,0.912071800366,0,0
8e-05,351.834212275,-13.9637132564,6.84796659465,7.11574666172,0,799.976127041,-7371.17635122,-81.7308512349,353.395689165,353.358044086,9.47365769819e-14,50,0.912071800366,0,0
0.0001,351.429114885,-17.3919199773,8.48710689453,8.90481308281,0,799.976333155,-9171.56426733,-126.991121087,353.395689165,353.358044086,9.47365769819e-14,50,0.912071800366,0,0
0.00012,351.222583682,-17.9654566657,8.68945645476,9.27600021089,0,799.977165756,-9470.74514013,-136.399439703,352.789195645,352.687804631,1.01048392524e-13,50,0.912989564997,0,0
0.00014,351.178580423,-16.1380226945,7.66663102412,8.47139167041,0,800.011281818,-8510.48353519,-84.9246131661,352.789195645,352.687804631,1.01048392524e-13,50,0.912989564997,0,0
0.00016,351.105701512,-14.3121638563,6.62798525892,7.68417859741,0,800.041637452,-7551.84928712,-12.7335790944,352.453449438,352.262851932,7.5786294393e-14,50,0.916844424443,0,0
0.00018,351.004153686,-12.4876155593,5.57344012178,6.91417543748,0,800.06824784,-6595.10632826,80.0856606804,352.453449438,352.262851932,7.5786294393e-14,50,0.916844424443,0,0
0.0002,350.730623109,-12.4643991993,5.40598939436,7.05840980492,0,800.076276393,-6585.24377689,139.039483099,352.453449438,352.262851932,7.5786294393e-14,50,0.916844424443,0,0
0.00022,350.363210021,-13.26592898,6.29593804562,6.9699909344,0,800.070713913,-6984.32704495,-221.131140146,352.219360495,351.914374447,8.71379574515e-14,50,0.921186114312,0,0
0.00024,350.177850793,-11.4347139011,5.18733913383,6.24737476727,0,800.095130993,-6027.67205985,-78.303381814,352.219360495,351.914374447,8.71379574515e-14,50,0.921186114312,0,0
0.00026,349.964885271,-9.60373697867,4.06254239249,5.54119458617,0,800.115811893,-5073.75082152,84.8464302111,352.001799782,351.556580841,8.52352329734e-14,50,0.924178092125,0,0
0.00028,349.724634265,-7.77274849689,2.92148690181,4.85126159508,0,800.132768201,-4122.81676581,268.203255875,352.001799782,351.556580841,8.52352329734e-14,50,0.924178092125,0,0
0.0003,349.328664798,-7.55655805738,2.5669883225,4.98956973488,0,800.136453641,-4020.48343775,403.876898443,352.001799782,351.556580841,8.52352329734e-14,50,0.924178092125,0,0
0.00032,348.79578569,-8.72358337332,3.96952889852,4.7540544748,0,800.124734293,-4585.20099878,-168.963409023,351.794355641,351.18432027,8.92794566453e-14,50,0.92893222364,0,0
0.00034,348.476571425,-6.88160630498,2.77237664093,4.10922966405,0,800.139882689,-3635.2224705,63.7101120219,351.794355641,351.18432027,8.92794566453e-14,50,0.92893222364,0,0
0.00036,348.131566902,-5.03861405193,1.55874232267,3.47987172926,0,800.151311958,-2689.04409737,316.21077828,351.563592829,350.762797499,7.57555808484e-14,50,0.9314570153,0,0
0.00038,347.761194189,-3.19437743417,0.328584721149,2.86579271302,0,800.159022196,-1746.90613586,588.400568096,351.563592829,350.762797499,7.57555808484e-14,50,0.9314570153,0,0
0.0004,347.232066634,-3.02708633818,-0.089472045351,3.11655838353,0,800.157241503,-1683.67457469,789.06920468,351.563592829,350.762797499,7.57555808484e-14,50,0.9314570153,0,0
0.00042,346.546221603,-4.51671379765,2.09203086025,2.4246829374,0,800.141948852,-2359.56408378,-175.060801624,351.321196026,350.305578925,6.1043839908e-14,50,0.936464708017,0,0
0.00044,346.103285154,-2.65702500604,0.803210531158,1.85381447488,0,800.148356184,-1418.01516783,145.784139071,351.321196026,350.305578925,6.1043839908e-14,50,0.936464708017,0,0
0.00046,345.636849544,-0.795166666021,-0.502295659141,1.29746232516,0,800.151303633,-481.281590481,485.901886327,351.046930449,349.790052117,4.55254412499e-14,50,0.938090570855,0,0
0.00048,345.147420517,1.06905670776,-1.8244918508,0.75543514305,0,800.150521484,450.408166241,845.12846199,351.046930449,349.790052117,4.55254412499e-14,50,0.938090570855,0,0
0.0005,344.517533246,1.45610519127,-2.41874451371,0.962639322436,0,800.143244618,612.016183891,1113.64005788,351.046930449,349.790052117,4.55254412499e-14,50,0.938090570855,0,0
0.00052,343.700974169,-0.220128939441,0.433271817698,-0.213142878258,0,800.126976157,-85.4852792502,-208.924487294,350.75697961,349.235389503,5.1641715642e-14,50,0.943383793347,0,0
0.00054,343.146573227,1.66275032002,-0.949266694538,-0.713483625483,0,800.122499926,845.264399885,199.373607624,350.75697961,349.235389503,5.1641715642e-14,50,0.943383793347,0,0
0.00056,342.571352248,3.54888966819,-2.34873415661,-1.20015551159,0,800.116884297,1770.24740044,626.399852723,350.434899184,348.621729671,6.14606616875e-14,50,0.944257497943,0,0
0.00058,341.975874961,5.43837890517,-3.76496052315,-1.67341838202,0,800.107518097,2689.22328973,1071.9034828,350.434899184,348.621729671,6.14606616875e-14,50,0.944257497943,0,0
0.0006,341.255191159,6.00785373962,-4.53099215221,-1.47686158741,0,800.094919359,2923.84778242,1418.68389761,350.434899184,348.621729671,6.14606616875e-14,50,0.944257497943,0,0
0.00062,340.324062204,4.18104384448,-1.58534216663,-2.59570167784,0,800.076339682,2186.2458877,74.0770720364,350.096957911,347.969389769,6.10793124474e-14,50,0.949739555805,0,0
0.00064,339.643939728,5.73797571555,-2.35407875869,-3.38389695686,0,800.062109421,2977.81833574,223.199918371,350.096957911,347.969389769,6.10793124474e-14,50,0.949739555805,0,0
0.00066,338.974238894,7.65387009245,-3.84941420088,-3.80445589157,0,800.048528421,3889.2480632,735.372074987,349.727506327,347.25826749,5.67165044155e-14,50,0.949869514766,0,0
0.00068,338.287272447,9.57395179239,-5.36148713886,-4.21246465353,0,800.031163106,4793.76549232,1265.36764432,349.727506327,347.25826749,5.67165044155e-14,50,0.949869514766,0,0
0.0007,337.473060709,10.1112871979,-6.20401489667,-3.90727230126,0,800.013155415,4986.29476337,1678.81655047,349.727506327,347.25826749,5.67165044155e-14,50,0.949869514766,0,0
0.00072,336.459248766,8.35075783561,-3.23601608672,-5.11474174889,0,799.9902942,4325.87370464,309.750688839,349.343065636,346.509935076,5.41870452277e-14,50,0.955340393112,0,0
0.00074,335.667184977,9.56905730752,-3.35741570612,-6.2116416014,0,799.970482652,4991.73976289,179.008348085,349.343065636,346.509935076,5.41870452277e-14,50,0.955340393112,0,0
0.00076,334.918348273,11.519479316,-4.9502236927,-6.56925562331,0,799.949522902,5888.09986408,774.74799237,348.930895704,345.706117118,4.84595581795e-14,50,0.954841675869,0,0
0.00078,334.15537192,13.4747697154,-6.55966650859,-6.91510320681,0,799.924733767,6776.69959591,1387.65945052,348.930895704,345.706117118,4.84595581795e-14,50,0.954841675869,0,0
0.0008,333.28738121,14.2874157301,-7.60630727729,-6.68110845286,0,799.899563014,7082.25598766,1884.37333421,348.930895704,345.706117118,4.84595581795e-14,50,0.954841675869,0,0
0.00082,332.196729381,12.4741379912,-4.73218179743,-7.7419561938,0,799.872683341,6417.60773058,582.791460849,348.507434899,344.869404801,4.34145798616e-14,50,0.960325413711,0,0
0.00084,331.315854744,13.4506526416,-4.39323593484,-9.05741670674,0,799.846508008,7004.8102923,261.032785797,348.507434899,344.869404801,4.34145798616e-14,50,0.960325413711,0,0
0.00086,330.503610437,15.4389858935,-6.08382983142,-9.35515606208,0,799.818172885,7883.34591616,938.749857807,348.060117819,343.980947255,3.89402208524e-14,50,0.959611443902,0,0
0.00088,329.68036508,17.4327069448,-7.79088684867,-9.64182009615,0,799.785956706,8753.33108002,1633.00244289,348.060117819,343.980947255,3.89402208524e-14,50,0.959611443902,0,0
0.0009,328.750584356,18.2259840196,-8.89654396616,-9.3294400534,0,799.755185943,9019.32541164,2182.67293663,348.060117819,343.980947255,3.89402208524e-14,50,0.959611443902,0,0
0.00092,327.614147239,16.5555206981,-5.92299794885,-10.6325227493,0,799.724939988,8487.66630919,806.621375959,347.604378173,343.062964487,3.78638889183e-14,50,0.964802936096,0,0
0.00094,326.648382215,17.1461053111,-4.83023439759,-12.3158709135,0,799.692921383,8972.61526275,149.719780222,347.604378173,343.062964487,3.78638889183e-14,50,0.964802936096,0,0
0.00096,325.788321478,19.1754772712,-6.61994482789,-12.5555324433,0,799.657677797,9832.42466145,908.82189912,347.130056282,342.097603565,3.78167627934e-14,50,0.963497952693,0,0
0.00098,324.920289895,21.2106001784,-8.4258907347,-12.7847094437,0,799.618493982,10682.9400671,1683.8713736,347.130056282,342.097603565,3.78167627934e-14,50,0.963497952693,0,0
0.001,323.958199595,22.1645343349,-9.7107872844,-12.4537470505,0,799.581890424,10991.7921417,2326.58634921,347.130056282,342.097603565,3.78167627934e-14,50,0.963497952693,0,0
0.00102,322.776487574,20.4553736171,-6.8670308609,-13.5883427562,0,799.547138105,10456.9138005,1036.9332808,346.651286287,341.1072102,3.42645794508e-14,50,0.958207335004,0,0
0.00104,321.744850728,20.7127247363,-5.12120536963,-15.5915193667,0,799.51127008,10875.103776,93.6294503122,346.651286287,341.1072102,3.42645794508e-14,50,0.958207335004,0,0
0.00106,320.851782107,22.7854016859,-7.01017527258,-15.7752264133,0,799.469462606,11714.1480409,932.626310269,346.158401948,340.073529449,3.52069986952e-14,50,0.951925300529,0,0
0.00108,319.953549733,24.8640453202,-8.91511448982,-15.9489308304,0,799.42365397,12543.2045677,1787.04323264,346.158401948,340.073529449,3.52069986952e-14,50,0.951925300529,0,0
0.0011,318.958336474,25.7905541832,-10.268257913,-15.5222962702,0,799.382162732,12802.332305,2486.5806284,346.158401948,340.073529449,3.52069986952e-14,50,0.951925300529,0,0
0.00112,317.731654636,23.871835567,-7.69969788601,-16.172137681,0,799.344206922,12137.6742053,1379.68447359,345.664618741,339.018764442,3.84720337499e-14,50,0.945744342193,0,0
0.00114,316.643872777,23.7467135433,-5.19735013957,-18.5493634037,0,799.304328346,12499.4219954,98.444736799,345.664618741,339.018764442,3.84720337499e-14,50,0.945744342193,0,0
0.00116,315.731346806,25.8651238717,-7.18570322712,-18.6794206446,0,799.256998885,13316.2852759,1014.75860445,345.160476948,337.924132667,3.91714052702e-14,50,0.940681920169,0,0
0.00118,314.816138372,27.9895906797,-9.18974583057,-18.7998448491,0,799.205702422,14122.5106297,1946.05285515,345.160476948,337.924132667,3.91714052702e-14,50,0.940681920169,0,0
0.0012,313.789260223,28.747603626,-10.5378200286,-18.2097835974,0,799.161217989,14264.22444,2673.67552178,345.160476948,337.924132667,3.91714052702e-14,50,0.940681920169,0,0
0.00122,312.535765641,26.6921223632,-8.19024760233,-18.5018747608,0,799.122160368,13514.9099966,1699.43792775,344.65872685,336.811968151,4.0552113501e-14,50,0.935128205702,0,0
0.00124,311.401151192,26.1510518529,-4.86057041834,-21.2904814346,0,799.084762042,13838.8779198,45.4073635378,344.65872685,336.811968151,4.0552113501e-14,50,0.935128205702,0,0
0.00126,310.475072907,28.2438564762,-6.80197656736,-21.4418799088,0,799.028897358,14620.4914861,965.5737794,344.15088924,335.663397402,3.89924168279e-14,50,0.930576648705,0,0
0.00128,309.554245273,30.416258196,-8.90590920009,-21.510348996,0,798.973562604,15403.4697275,1971.99909984,344.15088924,335.663397402,3.89924168279e-14,50,0.930576648705,0,0
0.0013,308.490732236,30.8083923636,-10.1659974279,-20.6423949357,0,798.931044336,15334.5241641,2693.80657861,344.15088924,335.663397402,3.89924168279e-14,50,0.930576648705,0,0
0.00132,307.219011977,28.5942508578,-8.10082004004,-20.4934308178,0,798.890991529,14471.5158344,1876.13723872,343.64830826,334.500303356,3.75482532417e-14,50,0.926299739239,0,0
0.00134,306.087994538,28.1457417769,-4.95709947953,-23.1886422974,0,798.851064839,14857.5569356,341.092839362,343.64830826,334.500303356,3.75482532417e-14,50,0.926299739239,0,0
0.00136,305.131994952,29.8894822578,-6.2010821865,-23.6884000713,0,798.794640574,15561.031024,946.559985873,343.143924773,333.304722082,3.62072441973e-14,50,0.922869493142,0,0
0.00138,304.214633899,32.1115569072,-8.40500397761,-23.7065529296,0,798.736750012,16319.5466391,2025.58195853,343.143924773,333.304722082,3.62072441973e-14,50,0.922869493142,0,0
0.0014,303.009308132,30.7125882155,-8.83213432405,-21.8804538914,0,798.687708223,15397.8966444,2440.85280717,343.143924773,333.304722082,3.62072441973e-14,50,0.922869493142,0,0
0.00142,301.683189049,27.7862221284,-6.67186273228,-21.1143593961,0,798.64359422,14187.8724054,1604.7830625,342.645210637,332.094828816,3.74705364753e-14,50,0.923138496656,0,0
0.00144,300.560273052,27.3932208242,-3.6312978229,-23.7619230013,0,798.603298595,14633.0884509,141.288085046,342.645210637,332.094828816,3.74705364753e-14,50,0.923138496656,0,0
0.00146,299.592657765,28.9303877239,-4.4543064501,-24.4760812739,0,798.549806975,15300.5216866,560.318823139,342.146793173,330.853871433,4.10940595508e-14,50,0.923851429135,0,0
0.00148,298.685604371,31.2073929016,-6.76031454396,-24.4470783576,0,798.494591231,16036.9738102,1705.82954396,342.146793173,330.853871433,4.10940595508e-14,50,0.923851429135,0,0
0.0015,297.592992812,31.1356085252,-7.93292649075,-23.2026820345,0,798.459371724,15693.4581293,2403.53281777,342.146793173,330.853871433,4.10940595508e-14,50,0.923851429135,0,0
0.00152,296.328191266,28.8810977544,-6.23010523495,-22.6509925194,0,798.420563142,14791.9995005,1740.23351616,341.660209265,329.604993626,3.85906017539e-14,50,0.921339061753,0,0
0.00154,295.217857993,28.5393801214,-3.29033417171,-25.2490459497,0,798.377991058,15288.2471903,351.915635906,341.660209265,329.604993626,3.85906017539e-14,50,0.921339061753,0,0
0.00156,294.242215429,29.8613689844,-3.68137741966,-26.1799915647,0,798.323541006,15928.0566075,584.962291682,341.181106983,328.331856414,3.73846454491e-14,50,0.918364143875,0,0
0.00158,293.348858871,32.1890549974,-6.08732102105,-26.1017339764,0,798.267168724,16635.7217182,1800.91434555,341.181106983,328.331856414,3.73846454491e-14,50,0.918364143875,0,0
0.0016,292.268518519,32.1448540201,-7.35526294432,-24.7895910757,0,798.231717196,16268.9277323,2537.9249199,341.181106983,328.331856414,3.73846454491e-14,50,0.918364143875,0,0
0.00162,291.015336582,29.9059142709,-5.77818840303,-24.1277258678,0,798.191783856,15372.6050031,1918.8244492,340.716927125,327.053867073,3.844764603e-14,50,0.915869059493,0,0
0.00164,289.919638529,29.6151205375,-2.93917018198,-26.6759503555,0,798.147074348,15916.972443,605.227301958,340.716927125,327.053867073,3.844764603e-14,50,0.915869059493,0,0
0.00166,288.937584423,30.7229688136,-2.9010668079,-27.8219020057,0,798.091620195,16542.3066201,654.298553095,340.26399725,325.754864758,3.62549828492e-14,50,0.912891849048,0,0
0.00168,288.058878868,33.1009256112,-5.40692329124,-27.69400232,0,798.034249094,17218.2505439,1940.69887597,340.26399725,325.754864758,3.62549828492e-14,50,0.912891849048,0,0
0.0017,286.991377464,33.085863927,-6.77087779618,-26.3149861308,0,797.998631395,16826.1431884,2716.54648146,340.26399725,325.754864758,3.62549828492e-14,50,0.912891849048,0,0
0.00172,285.740211499,30.7432481503,-5.44060859242,-25.3026395579,0,797.960609007,15831.1153288,2200.83336726,339.828517347,324.453315781,3.6245419057e-14,50,0.910321141497,0,0
0.00174,284.658507744,30.5032406293,-2.70218857794,-27.8010520514,0,797.914372507,16420.3316002,960.801531438,339.828517347,324.453315781,3.6245419057e-14,50,0.910321141497,0,0
0.00176,283.657612278,31.2555873733,-1.95234654404,-29.3032408292,0,797.858161082,17041.6484014,689.376504125,339.406978424,323.133574973,3.32576854456e-14,50,0.908546238355,0,0
0.00178,282.791891776,33.6839957332,-4.55860917197,-29.1253865612,0,797.800451792,17683.2840975,2045.951517,339.406978424,323.133574973,3.32576854456e-14,50,0.908546238355,0,0
0.0018,281.466414676,30.3291301091,-4.32937983453,-25.9997502745,0,797.755915425,15828.7839843,2047.83937525,339.406978424,323.133574973,3.32576854456e-14,50,0.908546238355,0,0
0.00182,280.15120728,27.088234651,-2.64799847403,-24.440236177,0,797.709013817,14456.0298895,1328.53800518,338.999844206,321.806376001,3.33151518176e-14,50,0.914422547983,0,0
0.00184,279.081012724,26.9079372364,-0.0156251863635,-26.89231205,0,797.665382749,15098.8251395,153.556133866,338.999844206,321.806376001,3.33151518176e-14,50,0.914422547983,0,0
0.00186,278.061986035,27.3598766147,1.34822165001,-28.7080982647,0,797.61464008,15747.746129,-401.201817139,338.606720262,320.460477683,3.4301227104e-14,50,0.918015497759,0,0
0.00188,277.205801269,29.8476223617,-1.3636616622,-28.4839606995,0,797.565430378,16360.1291061,1017.45114941,338.606720262,320.460477683,3.4301227104e-14,50,0.918015497759,0,0
0.0019,275.944424244,27.2502753739,-1.58075491627,-25.6695204577,0,797.52715703,14819.644963,1180.16126189,338.606720262,320.460477683,3.4301227104e-14,50,0.918015497759,0,0
0.00192,274.665539467,24.4334395169,0.0254849541121,-24.4589244711,0,797.480771807,13701.4367021,458.685665386,338.2313155,319.109689731,3.25179084591e-14,50,0.921530912808,0,0
0.00194,273.601167492,24.3106228833,2.55173808536,-26.8623609687,0,797.437911679,14393.0370245,-648.015350606,338.2313155,319.109689731,3.25179084591e-14,50,0.921530912808,0,0
0.00196,272.57546052,24.6801658451,4.08910312065,-28.7692689657,0,797.388640464,15076.8469612,-1269.84404362,337.873489519,317.743562378,3.34602847124e-14,50,0.922809267626,0,0
0.00198,271.722269409,27.2247186529,1.27226750004,-28.4969861529,0,797.345419651,15653.9739314,214.048837534,337.873489519,317.743562378,3.34602847124e-14,50,0.922809267626,0,0
0.002,270.685018709,27.4763318002,-0.467612454521,-27.0087193457,0,797.318516425,15255.4225278,1128.57136017,337.873489519,317.743562378,3.34602847124e-14,50,0.922809267626,0,0
0.00202,269.47054135,25.5249569337,0.572489649605,-26.0974465834,0,797.278950592,14476.163925,670.134521884,337.538332261,316.377938682,3.35005708977e-14,50,0.918783197992,0,0
0.00204,268.403911952,25.4519718,2.99663841322,-28.4486102133,0,797.233542746,15203.214083,-361.160744481,337.538332261,316.377938682,3.35005708977e-14,50,0.918783197992,0,0
0.00206,267.366164589,25.7698808557,4.63483845036,-30.4047193061,0,797.182558806,15914.6293828,-1005.70697811,337.224094384,315.000925295,3.43747833599e-14,50,0.915721893279,0,0
0.00208,266.507229464,28.3637195594,1.71704419013,-30.0807637496,0,797.137630709,16445.2619443,550.598926565,337.224094384,315.000925295,3.43747833599e-14,50,0.915721893279,0,0
0.0021,265.460831418,28.6445631748,-0.12066819811,-28.5238949767,0,797.110222915,16005.8005579,1504.97473251,337.224094384,315.000925295,3.43747833599e-14,50,0.915721893279,0,0
0.00212,264.234067448,26.7063012074,0.79566506471,-27.5019662721,0,797.069572409,15209.7278275,1084.24163273,336.932586512,313.624369832,3.27625197488e-14,50,0.91154296301,0,0
0.00214,263.156204466,26.6834656619,3.11776340834,-29.8012290702,0,797.022108856,15967.8479513,128.269546917,336.932586512,313.624369832,3.27625197488e-14,50,0.91154296301,0,0
0.00216,262.084047743,26.7852165372,5.18671226472,-31.9719288012,0,796.970182233,16726.4932785,-697.455110545,336.662202429,312.236822412,3.20179170273e-14,50,0.90870128208,0,0
0.00218,261.209948825,29.429097135,2.16748178248,-31.5965789175,0,796.921855466,17206.898937,931.196191436,336.662202429,312.236822412,3.20179170273e-14,50,0.90870128208,0,0
0.0022,260.144829727,29.7406186238,0.231584376797,-29.9722030006,0,796.894029395,16723.586585,1924.51101513,336.662202429,312.236822412,3.20179170273e-14,50,0.90870128208,0,0
0.00222,258.886959573,27.7033229607,0.908649948627,-28.6119729093,0,796.855833101,15803.6850496,1582.70968996,336.414114143,310.848907215,3.130640776e-14,50,0.90412284483,0,0
0.00224,257.787927689,27.7320180888,3.12829636363,-30.8603144525,0,796.806915275,16589.3868557,701.823624634,336.414114143,310.848907215,3.130640776e-14,50,0.90412284483,0,0
0.00226,256.683440843,27.7715158874,5.32275094418,-33.0942668315,0,796.753685715,17386.8178302,-158.27007604,336.186371586,309.449746266,2.84195987322e-14,50,0.902375983914,0,0
0.00228,255.750885016,30.0518753226,3.03198700869,-33.0838623313,0,796.702594123,17872.1345996,1143.2019897,336.186371586,309.449746266,2.84195987322e-14,50,0.902375983914,0,0
0.0023,254.430224501,27.5546678884,2.43398349058,-29.988651379,0,796.667006026,16254.2099607,1302.37455935,336.186371586,309.449746266,2.84195987322e-14,50,0.902375983914,0,0
0.00232,253.067129053,24.620519948,3.27184110664,-27.8923610546,0,796.624111237,14905.9742776,778.091558617,335.977159362,308.044691069,2.85242013894e-14,50,0.904518869299,0,0
0.00234,251.937159656,24.7107652862,5.383699669,-30.0944649552,0,796.577447117,15726.6080333,-34.0609193497,335.977159362,308.044691069,2.85242013894e-14,50,0.904518869299,0,0
0.00236,250.799625758,24.8120607173,7.47049911659,-32.2825598339,0,796.526556159,16557.8032442,-825.204171496,335.785457618,306.625696491,2.93221091304e-14,50,0.908296394419,0,0
0.00238,249.799738225,26.7508772358,5.87943768725,-32.630314923,0,796.479395709,17076.01751,154.416538365,335.785457618,306.625696491,2.93221091304e-14,50,0.908296394419,0,0
0.0024,248.631934622,26.7001943085,3.96201962131,-30.6622139298,0,796.461591906,16344.2618321,1074.80159294,335.785457618,306.625696491,2.93221091304e-14,50,0.908296394419,0,0
0.00242,247.30892721,24.8246332818,4.35758122406,-29.1822145059,0,796.423889744,15443.2613982,808.779987772,335.613672385,305.202504879,2.872369874e-14,50,0.903853259435,0,0
0.00244,246.137084858,24.9716955412,6.36398593031,-31.3356814715,0,796.375365643,16288.5746213,73.9238131416,335.613672385,305.202504879,2.872369874e-14,50,0.903853259435,0,0
0.00246,244.955641345,25.1301566956,8.34548045857,-33.4756371542,0,796.322717062,17143.2406241,-639.683681536,335.460317086,303.767396714,2.61882928247e-14,50,0.901825556362,0,0
0.00248,243.901979843,27.0279998937,6.84629412903,-33.8742940227,0,796.275210033,17647.1555127,318.673446411,335.460317086,303.767396714,2.61882928247e-14,50,0.901825556362,0,0
0.0025,242.718288617,27.4367132164,4.63387336701,-32.0705865834,0,796.252791386,17030.0587593,1400.75889918,335.460317086,303.767396714,2.61882928247e-14,50,0.901825556362,0,0
0.00252,241.141147983,23.0573502382,2.36768873686,-25.4250389751,0,796.20047038,13701.8083359,1900.36060321,335.325450823,302.327390489,2.63041954714e-14,50,0.895754876941,0,0
0.00254,239.917930298,23.2678708709,4.27478764218,-27.5426585131,0,796.16022587,14562.548622,1228.31593092,335.325450823,302.327390489,2.63041954714e-14,50,0.895754876941,0,0
0.00256,238.683248524,23.4902584321,6.15719636657,-29.6474547987,0,796.115901752,15431.5823387,577.779888301,335.199616395,300.870850476,2.64153752229e-14,50,0.913855141856,0,0
0.00258,237.552219275,25.17268522,5.11879665817,-30.2914818782,0,796.072426853,15963.7635484,1326.85561048,335.199616395,300.870850476,2.64153752229e-14,50,0.913855141856,0,0
0.0026,236.281096984,25.262457824,2.99050456786,-28.2529623918,0,796.057649338,15163.6586832,2303.91040814,335.199616395,300.870850476,2.64153752229e-14,50,0.913855141856,0,0
0.00262,234.853180123,23.5542497999,3.22045570364,-26.7747055035,0,796.024490805,14300.4348013,2063.80641349,335.089960075,299.407010103,2.47245960364e-14,50,0.908437747137,0,0
0.00264,233.569435611,23.8266752243,5.02247867928,-28.8491539036,0,795.982181899,15178.9786985,1471.64729663,335.089960075,299.407010103,2.47245960364e-14,50,0.908437747137,0,0
0.00266,232.272622018,24.1114933206,6.80007359259,-30.9115669132,0,795.935884128,16064.5818895,901.274112155,334.994983996,297.929140477,2.42667331469e-14,50,0.905632942149,0,0
0.00268,231.023449331,25.173771987,7.02336668985,-32.1971386769,0,795.887156074,16750.7518026,1077.02270183,334.994983996,297.929140477,2.42667331469e-14,50,0.905632942149,0,0
0.0027,229.720018565,25.7390197058,4.58349494595,-30.3225146518,0,795.86799204,16055.1978738,2233.56135697,334.994983996,297.929140477,2.42667331469e-14,50,0.905632942149,0,0
0.00272,228.223528184,24.0697473919,4.65851307587,-28.7282604678,0,795.832572347,15156.6924781,2038.15267857,334.914449225,296.441985497,2.43848421618e-14,50,0.897645338414,0,0
0.00274,226.871920928,24.4074499265,6.35457177168,-30.7620216982,0,795.787042331,16051.2442531,1529.0490133,334.914449225,296.441985497,2.43848421618e-14,50,0.897645338414,0,0
0.00276,225.505972874,24.7581343533,8.02653942775,-32.7846737811,0,795.737614494,16951.5777796,1042.00701837,334.845893111,294.939501618,2.28705587493e-14,50,0.894748610068,0,0
0.00278,224.165551705,25.6245539553,8.66921118322,-34.2937651385,0,795.684884484,17706.1696945,1049.87197636,334.845893111,294.939501618,2.28705587493e-14,50,0.894748610068,0,0
0.0028,222.790980566,26.2608087094,6.12106569002,-32.3818743994,0,795.665556985,16966.2237655,2246.56967267,334.845893111,294.939501618,2.28705587493e-14,50,0.894748610068,0,0
0.00282,220.966055915,21.4493565655,2.8602344109,-24.3095909764,0,795.615630946,12912.039856,2735.1557754,334.789058688,293.425817613,2.19570487976e-14,50,0.886040092355,0,0
0.00284,219.541566821,21.8626475181,4.45784478851,-26.3204923066,0,795.579662941,13817.1959455,2289.8729963,334.789058688,293.425817613,2.19570487976e-14,50,0.886040092355,0,0
0.00286,218.101857104,22.2895870448,6.03181445342,-28.3214014983,0,795.539815247,14727.1270791,1866.90708822,334.732716888,291.891478287,2.20753913459e-14,50,0.908355551238,0,0
0.00288,216.657849248,22.8688746773,7.30507896652,-30.1739536451,0,795.49676469,15595.7301088,1595.58925282,334.732716888,291.891478287,2.20753913459e-14,50,0.908355551238,0,0
0.0029,215.170638064,23.1140720143,4.92597974368,-28.0400517579,0,795.483511364,14676.1585316,2620.23234869,334.732716888,291.891478287,2.20753913459e-14,50,0.908355551238,0,0
0.00292,213.52920879,21.6341484058,4.79245223112,-26.4266006369,0,795.450888919,13799.2786485,2472.80104886,334.685245152,290.343304804,2.12194284699e-14,50,0.900333301133,0,0
0.00294,212.027875162,22.1213483971,6.28519402596,-28.4065424231,0,795.411278767,14716.8877966,2113.54642175,334.685245152,290.343304804,2.12194284699e-14,50,0.900333301133,0,0
0.00296,210.510864286,22.6228590351,7.75480720963,-30.3776662447,0,795.367856267,15637.9820225,1776.82644278,334.644432406,288.777364,2.13330003826e-14,50,0.896238241948,0,0
0.00298,208.978136986,23.1388059516,9.20139988851,-32.3402058401,0,795.320651253,16562.2251388,1462.68423611,334.644432406,288.777364,2.13330003826e-14,50,0.896238241948,0,0
0.003,207.42441425,23.6033762343,7.21708268855,-30.8204589229,0,795.300415204,15906.9747028,2370.64000134,334.644432406,288.777364,2.13330003826e-14,50,0.896238241948,0,0
0.00302,205.522187933,19.909244348,4.66356911235,-24.5728134604,0,795.253491586,12743.0339687,2587.18694556,334.61031513,287.196208539,2.14445873544e-14,50,0.885241635641,0,0
0.00304,203.942986107,20.4784422334,6.05737760173,-26.5358198351,0,795.218255338,13669.9359775,2302.2313464,334.61031513,287.196208539,2.14445873544e-14,50,0.885241635641,0,0
0.00306,202.348092835,21.0626372119,7.42867885648,-28.4913160683,0,795.179226155,14599.227711,2039.97595327,334.573991893,285.593445781,2.15540689254e-14,50,0.898938102461,0,0
0.00308,200.7375571,21.6619537315,8.77759856595,-30.4395522974,0,795.136429722,15530.5739089,1800.44331992,334.573991893,285.593445781,2.15540689254e-14,50,0.898938102461,0,0
0.0031,199.060817344,21.6415576642,7.20513134783,-28.846689012,0,795.121371775,14777.5887208,2430.98043312,334.573991893,285.593445781,2.15540689254e-14,50,0.898938102461,0,0
0.00312,197.2561459,20.226357433,6.70742130817,-26.9337787412,0,795.092960125,13776.9696594,2367.82352826,334.541341174,283.973555961,2.07702326419e-14,50,0.888414867598,0,0
0.00314,195.599612877,20.87759519,8.00003766355,-28.8776328535,0,795.053564446,14710.935189,2171.76160314,334.541341174,283.973555961,2.07702326419e-14,50,0.888414867598,0,0
0.00316,193.927807547,21.5444804356,9.27083738008,-30.8153178157,0,795.010425567,15646.0007463,1998.46719004,334.509257489,282.333651821,2.04456977569e-14,50,0.884293934656,0,0
0.00318,192.240863386,22.2271323588,10.5199628778,-32.7470952366,0,794.963567329,16581.8339567,1847.93651387,334.509257489,282.333651821,2.04456977569e-14,50,0.884293934656,0,0
0.0032,190.46100099,21.9483092228,9.52180679403,-31.4701160168,0,794.946284504,15944.8940887,2210.63319288,334.509257489,282.333651821,2.04456977569e-14,50,0.884293934656,0,0
0.00322,188.558114642,20.3284772625,8.60330713132,-28.9317843938,0,794.921969196,14639.5863199,2209.90954463,334.47825205,280.675182031,1.89373627178e-14,50,0.86415460601,0,0
0.00324,186.827286271,21.0663026306,9.79764628878,-30.8639489194,0,794.879159563,15577.8662353,2102.28872963,334.47825205,280.675182031,1.89373627178e-14,50,0.86415460601,0,0
0.00326,185.082013425,21.8203902824,10.9709427336,-32.7913330161,0,794.832645619,16515.9887087,2017.40746176,334.44429403,278.995584742,1.82847891948e-14,50,0.856210185378,0,0
0.00328,183.32250648,22.5908498702,12.1233534224,-34.7142032925,0,794.782442723,17453.6273694,1955.23334897,334.44429403,278.995584742,1.82847891948e-14,50,0.856210185378,0,0
0.0033,181.409080071,21.6230853343,11.7905900761,-33.4136754104,0,794.766652062,16770.7758704,1918.06856348,334.44429403,278.995584742,1.82847891948e-14,50,0.856210185378,0,0
0.00332,179.434795183,20.0813534711,10.7218618214,-30.8032152925,0,794.741343417,15435.7431887,1949.13293596,334.408626594,277.295722135,1.70206966031e-14,50,0.837450001068,0,0
0.00334,177.634693231,20.9104140682,11.820479242,-32.7308933102,0,794.695402822,16376.6690947,1930.31705464,334.408626594,277.295722135,1.70206966031e-14,50,0.837450001068,0,0
0.00336,175.821338247,21.7562944147,12.8988996609,-34.6551940755,0,794.64577607,17316.2037657,1934.1212909,334.367432791,275.574184621,1.64771931325e-14,50,0.827798414733,0,0
0.00338,173.995006547,22.6190912493,13.957292016,-36.5763832654,0,794.592475479,18254.0301091,1960.48369275,334.367432791,275.574184621,1.64771931325e-14,50,0.827798414733,0,0
0.0034,171.975334045,21.233220993,13.7606479855,-34.9938689784,0,794.580481171,17428.0159876,1753.47037004,334.367432791,275.574184621,1.64771931325e-14,50,0.827798414733,0,0
0.00342,169.616698948,15.7686847804,8.54400061,-24.3126853904,0,794.531141826,12070.0153291,1871.88219923,334.321787844,273.831330507,1.52582227204e-14,50,0.810800713242,0,0
0.00344,167.75466873,16.7010981499,9.55923561817,-26.2603337681,0,794.498827083,13018.0822275,1915.39873168,334.321787844,273.831330507,1.52582227204e-14,50,0.810800713242,0,0
0.00346,165.880882971,17.6508541667,10.5552119033,-28.20606607,0,794.462752698,13963.9530403,1981.42556176,334.259260773,272.062355253,1.46697234603e-14,50,0.836741768285,0,0
0.00348,163.995670112,18.6180329306,11.5321061845,-30.1501391151,0,794.422915131,14907.3177164,2069.8760838,334.259260773,272.062355253,1.46697234603e-14,50,0.836741768285,0,0
0.0035,161.868295416,16.7046858945,11.5985544657,-28.3032403602,0,794.419473838,13966.4485627,1592.73756321,334.259260773,272.062355253,1.46697234603e-14,50,0.836741768285,0,0
0.00352,159.816947962,15.897180764,10.8186607979,-26.7158415619,0,794.392379852,13154.6180171,1659.37985519,334.19020678,270.271172334,1.4314926335e-14,50,0.822280327296,0,0
0.00354,157.900311958,16.9271665964,11.7450806754,-28.6722472718,0,794.355739506,14100.8412863,1793.57194653,334.19020678,270.271172334,1.4314926335e-14,50,0.822280327296,0,0
0.00356,155.973644479,17.9748903073,12.6531756751,-30.6280659824,0,794.315315701,15043.6581756,1949.9500069,334.113020824,268.458547679,1.37102366748e-14,50,0.803740939321,0,0
0.00358,154.037310453,19.0404146942,13.5431278782,-32.5835425724,0,794.271121733,15982.7735645,2128.40019618,334.113020824,268.458547679,1.37102366748e-14,50,0.803740939321,0,0
0.0036,151.840039714,16.9678091931,14.2775928137,-31.2454020067,0,794.260728701,15321.3093906,1410.17082621,334.113020824,268.458547679,1.37102366748e-14,50,0.803740939321,0,0
0.00362,149.739040212,16.2324114836,13.3370494245,-29.5694609081,0,794.23019603,14463.3369538,1524.29734782,334.028162413,266.623460306,1.35422409324e-14,50,0.788302671556,0,0
0.00364,147.776796936,17.3623560088,14.1779366375,-31.5402926463,0,794.18838353,15404.2686668,1750.105712,334.028162413,266.623460306,1.35422409324e-14,50,0.788302671556,0,0
0.00366,145.806394582,18.5103377372,15.001449053,-33.5117867902,0,794.142774738,16340.6079515,1997.66927238,333.933539796,264.767134803,1.33592376765e-14,50,0.767859227207,0,0
0.00368,143.821440664,19.5914064335,15.850266237,-35.4416726713,0,794.094283558,17253.5414619,2229.762454,333.933539796,264.767134803,1.33592376765e-14,50,0.767859227207,0,0
0.0037,141.509280079,16.6795414107,16.953704626,-33.6332460367,0,794.088004433,16410.7437844,1150.6532257,333.933539796,264.767134803,1.33592376765e-14,50,0.767859227207,0,0
0.00372,139.199949562,13.9091305647,13.7390755041,-27.6482060688,0,794.039202737,13437.319728,1141.99383209,333.829445501,262.887590018,1.3139441023e-14,50,0.757815211919,0,0
0.00374,137.202150096,15.1469663125,14.5027413122,-29.6497076247,0,794.001831093,14377.9224492,1444.82912964,333.829445501,262.887590018,1.3139441023e-14,50,0.757815211919,0,0
0.00376,135.198128398,16.4030594278,15.2500007811,-31.6530602089,0,793.960586293,15312.9706065,1769.00988639,333.710005053,260.985260624,1.33961955667e-14,50,0.755135885464,0,0
0.00378,133.142974927,17.1093434068,16.2650781266,-33.3744215333,0,793.917302566,16127.5455204,1864.37775183,333.710005053,260.985260624,1.33961955667e-14,50,0.755135885464,0,0
0.0038,130.789168051,14.1566742392,17.3911427636,-31.5478170028,0,793.913211377,15325.2728154,743.798780502,333.710005053,260.985260624,1.33961955667e-14,50,0.755135885464,0,0
0.00382,128.522441071,12.3780043073,14.9376090845,-27.3156133918,0,793.867442867,13223.6296593,795.944914063,333.580168814,259.059663947,1.30940653024e-14,50,0.747637440551,0,0
0.00384,126.498715544,13.7240959834,15.6263759676,-29.350471951,0,793.831274131,14159.936632,1180.13124693,333.580168814,259.059663947,1.30940653024e-14,50,0.747637440551,0,0
0.00386,124.470681598,15.0885577757,16.2996712298,-31.3882290055,0,793.791160175,15089.6919509,1585.1640664,333.436394866,257.112864728,1.32103657173e-14,50,0.734482752336,0,0
0.00388,122.364798994,15.5444071533,17.4211607129,-32.9655678662,0,793.751347729,15840.6810978,1600.24858913,333.436394866,257.112864728,1.32103657173e-14,50,0.734482752336,0,0
0.0039,119.984950899,12.6274026724,18.5871303504,-31.2145330228,0,793.747146221,15122.2037856,468.223920913,333.436394866,257.112864728,1.32103657173e-14,50,0.734482752336,0,0
0.00392,117.81542608,12.4067864941,17.4668509648,-29.8736374589,0,793.71459509,14414.939441,717.875774874,333.281923069,255.143214581,1.34005804495e-14,50,0.727709982089,0,0
0.00394,115.775001385,13.8594094779,18.0817829871,-31.941192465,0,793.673795118,15339.5072297,1190.6561355,333.281923069,255.143214581,1.34005804495e-14,50,0.727709982089,0,0
0.00396,113.732078074,15.3304064773,18.6821169291,-34.0125234064,0,793.628999086,16256.4840944,1683.67689607,333.116247479,253.154566514,1.32330731939e-14,50,0.69905092165,0,0
0.00398,111.558842553,15.2124689701,20.0716625931,-35.2841315633,0,793.587576777,16893.4562999,1481.33576616,333.116247479,253.154566514,1.32330731939e-14,50,0.69905092165,0,0
0.004,109.168218893,12.4092979816,21.127830956,-33.5371289377,0,793.581065771,16210.2420853,406.516554404,333.116247479,253.154566514,1.32330731939e-14,50,0.69905092165,0,0
0.00402,106.805081481,9.98790235431,17.5888305443,-27.5767328986,0,793.533976988,13305.7678597,305.922512299,332.939729902,251.143442879,1.350026547e-14,50,0.694878024474,0,0
0.00404,104.757181835,11.5531453957,18.1384552958,-29.6916006915,0,793.498316532,14224.8445712,852.470906395,332.939729902,251.143442879,1.350026547e-14,50,0.694878024474,0,0
0.00406,102.708420282,13.1366995803,18.6743105437,-31.8110101241,0,793.458548176,15135.4645991,1418.74158339,332.747781654,249.112325693,1.28972722932e-14,50,0.685626074603,0,0
0.00408,100.461482732,12.2601217237,20.4357568904,-32.6958786142,0,793.425923512,15659.5850131,897.713611858,332.747781654,249.112325693,1.28972722932e-14,50,0.685626074603,0,0
0.0041,98.0773871226,9.68500306814,21.2813170426,-30.9663201107,0,793.419825914,15012.0556229,-75.3904958176,332.747781654,249.112325693,1.28972722932e-14,50,0.685626074603,0,0
0.00412,95.9029873596,9.7579195895,20.0074604537,-29.7653800432,0,793.388717067,14348.3188297,261.703446713,332.5453301,247.059163074,1.27418834704e-14,50,0.68509243175,0,0
0.00414,93.855078502,11.4319223631,20.4902951283,-31.9222174914,0,793.349128736,15251.5734869,893.669631428,332.5453301,247.059163074,1.27418834704e-14,50,0.68509243175,0,0
0.00416,91.8077083589,13.1240748119,20.9600848061,-34.0841596179,0,793.30536071,16145.4449225,1544.74637933,332.332752895,244.989273561,1.25901943814e-14,50,0.651315799238,0,0
0.00418,89.5513521835,12.2034392493,22.7324104027,-34.935849652,0,793.268468951,16671.6908477,1037.40586368,332.332752895,244.989273561,1.25901943814e-14,50,0.651315799238,0,0
0.0042,87.1655857689,9.66502221173,23.6203089132,-33.285331125,0,793.259838922,16099.7240667,68.7448613993,332.332752895,244.989273561,1.25901943814e-14,50,0.651315799238,0,0
0.00422,84.8633852116,8.17703722298,20.5801759831,-28.7572132061,0,793.213008011,13891.9850133,63.1047844239,332.110684811,242.898429971,1.26656838493e-14,50,0.649959453233,0,0
0.00424,82.8222415846,9.9628042025,21.0028090879,-30.9656132904,0,793.175965818,14782.3124671,769.980482786,332.110684811,242.898429971,1.26656838493e-14,50,0.649959453233,0,0
0.00426,80.7827596378,11.7665106872,21.4130383639,-33.1795490511,0,793.134632166,15662.4380503,1495.44880487,331.876452746,240.790685188,1.27566172143e-14,50,0.629637469747,0,0
0.00428,78.4536614029,9.93263419596,23.6387189327,-33.5713531287,0,793.102826597,16096.0918898,601.795183636,331.876452746,240.790685188,1.27566172143e-14,50,0.629637469747,0,0
0.0043,76.0777282031,7.50380005616,24.4459027318,-31.9497027879,0,793.093924379,15570.7158951,-324.547609626,331.876452746,240.790685188,1.27566172143e-14,50,0.629637469747,0,0
0.00432,73.9188853868,7.78797052149,22.9623902897,-30.7503608112,0,793.062349874,14873.2421945,79.8788774344,331.633907917,238.662400175,1.26099894302e-14,50,0.633382436817,0,0
0.00434,71.8894134126,9.6830515059,23.3234389331,-33.006490439,0,793.021781902,15743.107953,869.436257711,331.633907917,238.662400175,1.26099894302e-14,50,0.633382436817,0,0
0.00436,69.8624186048,11.5957973231,23.6726067599,-35.268404083,0,792.976838557,16601.9507345,1677.05503738,331.383552703,236.519850101,1.24666940958e-14,50,0.59564282463,0,0
0.00438,67.5053769399,9.35417262868,26.0959852016,-35.4501578303,0,792.943109042,17020.4458204,633.182565977,331.383552703,236.519850101,1.24666940958e-14,50,0.59564282463,0,0
0.0044,65.1443917198,7.04658400885,26.8028097936,-33.8493938024,0,792.9319543,16525.8733716,-234.856498201,331.383552703,236.519850101,1.24666940958e-14,50,0.59564282463,0,0
0.00442,62.9992918955,7.42873767433,25.205434469,-32.6341721434,0,792.898507605,15797.7987071,202.526808639,331.126427231,234.357702758,1.25831406832e-14,50,0.600816163488,0,0
0.00444,60.9850256837,9.43278359142,25.5069652808,-34.9397488722,0,792.854674197,16644.482125,1073.11782207,331.126427231,234.357702758,1.25831406832e-14,50,0.600816163488,0,0
0.00446,58.9680164065,11.3824437904,25.8329007354,-37.2153445256,0,792.807139712,17472.9291265,1929.16708459,330.863044308,232.182543488,1.2443328009e-14,50,0.561120911533,0,0
0.00448,56.5602365608,8.41035644959,28.6169899976,-37.0273464472,0,792.773562902,17862.9630145,590.206433958,330.863044308,232.182543488,1.2443328009e-14,50,0.561120911533,0,0
0.0045,54.2180102431,6.23888773975,29.2162930213,-35.455180761,0,792.760236796,17398.4511179,-214.238491133,330.863044308,232.182543488,1.2443328009e-14,50,0.561120911533,0,0
0.00452,51.8889951044,4.21102825964,24.9833830645,-29.1944113241,0,792.712305225,14453.8146202,-532.869848691,330.594639425,229.988379589,1.20452809488e-14,50,0.570556348333,0,0
0.00454,49.8923842553,6.32958933331,25.2317912554,-31.5613805887,0,792.675897564,15285.8112126,405.359090925,330.594639425,229.988379589,1.20452809488e-14,50,0.570556348333,0,0
0.00456,47.8337878812,7.6480070032,25.8776627198,-33.525669723,0,792.635505235,16045.8135424,994.991970289,330.317668262,227.780525171,1.19143539819e-14,50,0.552049043557,0,0
0.00458,45.4240566084,4.53974847227,28.7343036159,-33.2740520881,0,792.605252827,16490.2545166,-387.45785739,330.317668262,227.780525171,1.19143539819e-14,50,0.552049043557,0,0
0.0046,43.212804003,3.89790319706,26.5559982237,-30.4539014208,0,792.584926069,15115.8407854,-373.339256338,330.317668262,227.780525171,1.19143539819e-14,50,0.552049043557,0,0
0.00462,41.1447366644,5.02915223207,24.0862484309,-29.115400663,0,792.549247076,14170.6714751,373.653719762,330.036350333,225.555200364,1.23248429515e-14,50,0.560929702928,0,0
0.00464,39.1656047693,7.25339376061,24.2837812418,-31.5371750024,0,792.513485574,14972.5531517,1380.50849427,330.036350333,225.555200364,1.23248429515e-14,50,0.560929702928,0,0
0.00466,37.110512289,8.50296256381,24.966088503,-33.4690510668,0,792.473351377,15704.8936865,1960.82662338,329.752030528,223.320007867,1.33589041341e-14,50,0.512098320225,0,0
0.00468,34.7181550999,5.50119487321,27.7715290498,-33.272723923,0,792.445663238,16202.231013,648.870249783,329.752030528,223.320007867,1.33589041341e-14,50,0.512098320225,0,0
0.0047,32.4135822084,3.5795536573,28.2816117558,-31.8611654131,0,792.434203708,15850.3928174,-72.2308650067,329.752030528,223.320007867,1.33589041341e-14,50,0.512098320225,0,0
0.00472,30.3281881163,4.38669422367,26.528962814,-30.9156570376,0,792.404874189,15164.411967,470.561015257,329.467092551,221.067365074,1.38356081332e-14,50,0.525595777221,0,0
0.00474,28.3659588859,6.71929471043,26.6689633065,-33.3882580169,0,792.36594786,15935.5478628,1557.31558848,329.467092551,221.067365074,1.38356081332e-14,50,0.525595777221,0,0
0.00476,26.2450684291,7.04373706541,27.8104364654,-34.8541735309,0,792.325111201,16610.8253922,1755.66134443,329.182065357,218.80523986,1.36914872151e-14,50,0.47847156677,0,0
0.00478,23.8691818217,4.1528634156,30.5569799826,-34.7098433982,0,792.29237214,17165.2181947,526.218056606,329.182065357,218.80523986,1.36914872151e-14,50,0.47847156677,0,0
0.0048,21.581576397,2.35307188146,30.9623570805,-33.315428962,0,792.278290955,16830.4223379,-139.033271828,329.182065357,218.80523986,1.36914872151e-14,50,0.47847156677,0,0
0.00482,19.3778594763,1.59047833904,27.4140675254,-29.0045458644,0,792.234286872,14732.7452872,-229.693013078,328.898610747,216.526025282,1.41864597683e-14,50,0.497175239175,0,0
0.00484,17.4309859672,4.03550551918,27.4995897812,-31.5350953004,0,792.199686003,15477.7190601,928.898936908,328.898610747,216.526025282,1.41864597683e-14,50,0.497175239175,0,0
0.00486,15.2562781175,3.6108323139,29.0172746925,-32.6281070064,0,792.163315185,16139.6833022,814.566672198,328.614609922,214.237052384,7.76441039755e-14,50,0.464432741155,0,0
0.00488,12.8949458054,0.834703816464,31.7079905473,-32.5426943637,0,792.128761626,16757.2222326,-340.807291106,328.614609922,214.237052384,7.76441039755e-14,50,0.464432741155,0,0
0.0049,10.6228555461,-0.831597776494,32.0257483533,-31.1941505768,0,792.11420827,16455.5818296,-956.819149052,328.614609922,214.237052384,7.76441039755e-14,50,0.464432741155,0,0
0.00492,8.57049159983,0.249918547796,30.0798580668,-30.3297766146,0,792.086562137,15732.3586375,-335.667366999,328.334515621,211.931507146,7.57193218578e-14,50,0.486414223858,0,0
0.00494,6.63606058374,2.80413235462,30.1067691557,-32.9109015103,0,792.049756387,16441.9874217,902.903676108,328.334515621,211.931507146,7.57193218578e-14,50,0.486414223858,0,0
0.00496,4.43380019357,1.99450961139,31.8127641793,-33.8072737907,0,792.009893241,17111.4640221,648.174483746,328.058431409,209.61804715,7.53377241987e-14,50,0.438434603162,0,0
0.00498,2.08382656579,-0.670902407249,34.4437972226,-33.7728948154,0,791.970328281,17779.4340357,-426.006474642,328.058431409,209.61804715,7.53377241987e-14,50,0.438434603162,0,0
0.005,-0.0537321788659,-0.673891076609,31.6030269704,-30.9291358938,0,791.943353127,16285.5715165,-301.072563013,328.058431409,209.61804715,7.53377241987e-14,50,0.438434603162,0,0
0.00502,-2.06464280207,0.911498777257,28.5418980063,-29.4533967836,0,791.911518614,15090.740679,514.578210899,327.786846408,207.290031118,7.38497569549e-14,50,0.453104114639,0,0
0.00504,-3.99007765577,3.5705105501,28.5182278297,-32.0887383798,0,791.876990833,15758.4920389,1819.5974185,327.786846408,207.290031118,7.38497569549e-14,50,0.453104114639,0,0
0.00506,-6.22562148592,2.34345799723,30.4346081549,-32.7780661522,0,791.840830381,16443.4742116,1398.08142785,327.519985305,204.955126162,7.20266937919e-14,50,0.403469504632,0,0
0.00508,-8.56773646983,-0.215364625723,33.0138751824,-32.7985105566,0,791.804631401,17152.829152,391.113842747,327.519985305,204.955126162,7.20266937919e-14,50,0.403469504632,0,0
0.0051,-10.6875587595,0.0201116418278,29.8974611462,-29.917572788,0,791.781090946,15573.4209334,562.699509439,327.519985305,204.955126162,7.20266937919e-14,50,0.403469504632,0,0
0.00512,-12.6926755351,1.7021024897,26.8062527827,-28.5083552724,0,791.750303884,14360.5916917,1375.13830495,327.259575769,202.606606384,6.98811263425e-14,50,0.41551270829,0,0
0.00514,-14.6147119248,4.43547701939,26.7467921194,-31.1822691387,0,791.718467316,14983.2271706,2733.14133377,327.259575769,202.606606384,6.98811263425e-14,50,0.41551270829,0,0
0.00516,-16.926194155,2.2954251249,29.1209307879,-31.4163559128,0,791.686704162,15708.8186201,1922.89255149,327.005730589,200.251045288,6.90307781954e-14,50,0.371282752239,0,0
0.00518,-19.2634757215,-0.155915414404,31.6475911459,-31.4916757315,0,791.653693552,16457.4129513,982.960028446,327.005730589,200.251045288,6.90307781954e-14,50,0.371282752239,0,0
0.0052,-21.3887059992,0.0658443569996,28.7535272196,-28.8193715766,0,791.632530244,14989.0916567,1096.12815079,327.005730589,200.251045288,6.90307781954e-14,50,0.371282752239,0,0
0.00522,-23.3815149567,1.96329184886,25.8293694738,-27.7926613227,0,791.600924673,13886.7196402,1970.80550615,326.760387344,197.882539295,6.80211704948e-14,50,0.381909684382,0,0
0.00524,-25.332185213,4.40533993728,25.915313309,-30.3206532463,0,791.568639416,14476.0963353,3220.59734958,326.760387344,197.882539295,6.80211704948e-14,50,0.381909684382,0,0
0.00526,-27.6678868461,2.03569212141,28.4038916955,-30.4395838169,0,791.54167629,15246.0400719,2328.5645463,326.523503064,195.507109333,6.68582854065e-14,50,0.339815735462,0,0
0.00528,-30.0029363938,-0.307495538058,30.8760289827,-30.5685334447,0,791.510634421,16030.5100068,1457.70123645,326.523503064,195.507109333,6.68582854065e-14,50,0.339815735462,0,0
0.0053,-32.2491190411,-1.51691143301,30.9779508857,-29.4610394527,0,791.499124861,15827.654548,1003.11327613,326.523503064,195.507109333,6.68582854065e-14,50,0.339815735462,0,0
0.00532,-34.2764817574,0.0381249638891,28.8575209738,-28.8956459377,0,791.475577933,15048.138859,1731.57068871,326.298379831,193.118416577,6.57194270767e-14,50,0.354774295974,0,0
0.00534,-36.2913087489,1.77121516815,29.2912505635,-31.0624657317,0,791.441488097,15639.8583265,2696.75815201,326.298379831,193.118416577,6.57194270767e-14,50,0.354774295974,0,0
0.00536,-38.6259413282,-0.4851147697,31.71642457,-31.2313098003,0,791.409024298,16449.5926446,1886.46914213,326.084025643,190.722190473,6.5110913863e-14,50,0.320699004918,0,0
0.00538,-40.960225134,-2.71507012169,34.1251473447,-31.410077223,0,791.371873265,17272.5133731,1097.2435186,326.084025643,190.722190473,6.5110913863e-14,50,0.320699004918,0,0
0.0054,-43.0834276876,-2.27530857484,31.0935593018,-28.818250727,0,791.347475893,15773.7188951,1207.48001909,326.084025643,190.722190473,6.5110913863e-14,50,0.320699004918,0,0
0.00542,-45.0806221205,-0.232507604234,27.8401216858,-27.6076140816,0,791.319501231,14470.1754286,2059.75086293,325.881113933,188.314501444,6.36806353555e-14,50,0.32761060297,0,0
0.00544,-47.1364624244,1.097616434,28.475142002,-29.572758436,0,791.288382486,15062.7171161,2865.45595914,325.881113933,188.314501444,6.36806353555e-14,50,0.32761060297,0,0
0.00546,-49.4713367356,-1.04895169052,30.8452876827,-29.7963359922,0,791.258139693,15902.9644008,2123.97087988,325.688829972,185.90015859,6.24453594229e-14,50,0.292095772231,0,0
0.00548,-51.8059329727,-3.16929069118,33.1991151684,-30.0298244772,0,791.223284963,16755.1051508,1403.52925061,325.688829972,185.90015859,6.24453594229e-14,50,0.292095772231,0,0
0.0055,-53.918729138,-2.48540387927,29.8812169582,-27.395813079,0,791.201409072,15143.8910013,1551.46870494,325.688829972,185.90015859,6.24453594229e-14,50,0.292095772231,0,0
0.00552,-55.9150924485,-0.319174041141,26.5805835384,-26.2614094973,0,791.174903225,13804.6437072,2414.6726673,325.508845748,183.475144105,6.15595161445e-14,50,0.296516695563,0,0
0.00554,-58.0295223596,0.387835714345,27.5276815662,-27.9155172805,0,791.146262233,14429.3720506,2961.53585577,325.508845748,183.475144105,6.15595161445e-14,50,0.296516695563,0,0
0.00556,-60.3643504227,-1.64848135944,29.8433651113,-28.1948837519,0,791.118441867,15296.477073,2288.88580541,325.340309981,181.043597594,5.97374759011e-14,50,0.264062957494,0,0
0.00558,-62.698692639,-3.65872199933,32.1429687929,-28.4842467935,0,791.086106692,16174.1735016,1637.32917912,325.340309981,181.043597594,5.97374759011e-14,50,0.264062957494,0,0
0.0056,-64.8191693871,-2.96775391932,28.9861544267,-26.0184005074,0,791.066005833,14638.7761046,1746.62217168,325.340309981,181.043597594,5.97374759011e-14,50,0.264062957494,0,0
0.00562,-66.8040255437,-0.558057201196,25.852369029,-25.2943118278,0,791.039367635,13392.0743412,2707.00907603,325.184855435,178.602033138,5.85833383052e-14,50,0.267041609469,0,0
0.00564,-68.9839497237,-0.578333439114,27.1635915779,-26.5852581388,0,791.013412323,14080.068539,2949.76470096,325.184855435,178.602033138,5.85833383052e-14,50,0.267041609469,0,0
0.00566,-71.3169567118,-2.50349038324,29.4244292046,-26.9209388213,0,790.986815965,14970.8198877,2348.5193956,325.0415959,176.154089256,5.74543593824e-14,50,0.237442242443,0,0
0.00568,-73.6489666944,-4.40274025377,31.6695425626,-27.2668023089,0,790.955809756,15870.8376719,1768.4774387,325.0415959,176.154089256,5.74543593824e-14,50,0.237442242443,0,0
0.0057,-75.889211795,-5.13949010551,31.5337920059,-26.3943019004,0,790.945313685,15702.842556,1483.9853383,325.0415959,176.154089256,5.74543593824e-14,50,0.237442242443,0,0
0.00572,-77.9054666353,-3.05735815351,29.2065672818,-26.1492091283,0,790.927279803,14796.5781724,2353.44295124,324.913349496,173.695923109,5.61992445201e-14,50,0.24498322318,0,0
0.00574,-80.1190826492,-3.44289512242,30.6962665343,-27.2533714119,0,790.89551223,15533.6101787,2464.94698828,324.913349496,173.695923109,5.61992445201e-14,50,0.24498322318,0,0
0.00576,-82.4466830429,-5.25267415816,32.8956029763,-27.6429288181,0,790.862316237,16448.5212124,1948.20102318,324.79835522,171.231265687,5.54178122171e-14,50,0.220885732134,0,0
0.00578,-84.7724638937,-7.03673236078,35.0796726501,-28.0429402893,0,790.824854694,17371.2480211,1452.80841091,324.79835522,171.231265687,5.54178122171e-14,50,0.220885732134,0,0
0.0058,-86.8788872105,-6.06934445812,31.7056017084,-25.6362572503,0,790.800963788,15741.7100696,1573.45750583,324.79835522,171.231265687,5.54178122171e-14,50,0.220885732134,0,0
0.00582,-88.8674762284,-3.62649497928,28.0724725514,-24.4459775721,0,790.780184948,14162.6670867,2405.84243922,324.69666011,168.758327737,5.45064256157e-14,50,0.220155944061,0,0
0.00584,-91.1126804835,-4.40726687418,29.7649293994,-25.3576625252,0,790.750285723,14961.0253136,2361.04546713,324.69666011,168.758327737,5.45064256157e-14,50,0.220155944061,0,0
0.00586,-93.4303801543,-6.1054972528,31.914123611,-25.8086263582,0,790.719482737,15892.2078041,1915.77152922,324.60668142,166.27997502,5.31857379418e-14,50,0.195808119235,0,0
0.00588,-95.7451410931,-7.7782643305,34.0486948006,-26.2704304701,0,790.684505714,16829.8655836,1492.05878419,324.60668142,166.27997502,5.31857379418e-14,50,0.195808119235,0,0
0.0059,-97.9431972865,-8.0020388745,33.2350056636,-25.2329667891,0,790.679504937,16394.9796396,1351.55221846,324.60668142,166.27997502,5.31857379418e-14,50,0.195808119235,0,0
0.00592,-99.9435752834,-5.76469913307,30.6469111193,-24.8822119862,0,790.666632995,15304.8544651,2209.66300704,324.530914772,163.793540871,5.17581790135e-14,50,0.198346218461,0,0
0.00594,-102.212977782,-6.92302490136,32.5300028651,-25.6069779638,0,790.630756036,16177.9791096,2028.36969876,324.530914772,163.793540871,5.17581790135e-14,50,0.198346218461,0,0
0.00596,-104.514278302,-8.50673024235,34.6243781165,-26.1176478742,0,790.594884833,17124.3021747,1667.56290144,324.467556598,161.301838363,5.0641709738e-14,50,0.178467603615,0,0
0.00598,-106.811250743,-10.0652751823,36.7048892802,-26.6396140979,0,790.554965159,18075.6294458,1328.52621455,324.467556598,161.301838363,5.0641709738e-14,50,0.178467603615,0,0
0.006,-108.856921071,-8.50510445955,32.5346908462,-24.0295863866,0,790.530414285,16063.8498433,1510.5804523,324.467556598,161.301838363,5.0641709738e-14,50,0.178467603615,0,0
0.00602,-110.817473674,-5.9144676086,28.5772121223,-22.6627445137,0,790.510835151,14255.7640908,2264.00486281,324.416062193,158.804185769,4.98207196075e-14,50,0.172563471201,0,0
0.00604,-113.100788785,-7.41298663641,30.6430324511,-23.2300458147,0,790.480268164,15206.3626822,1952.33974378,324.416062193,158.804185769,4.98207196075e-14,50,0.172563471201,0,0
0.00606,-115.378519864,-8.88687040576,32.6958564835,-23.8089860778,0,790.448707,16161.0640478,1662.53766179,324.37483036,156.302640494,4.8625391255e-14,50,0.151862702864,0,0
0.00608,-117.650313095,-10.3359944746,34.7357633655,-24.3997688909,0,790.413165046,17119.4761032,1394.73090802,324.37483036,156.302640494,4.8625391255e-14,50,0.151862702864,0,0
0.0061,-119.587781812,-7.64624037468,28.5162224032,-20.8699820285,0,790.396030444,14113.1392752,1697.89181987,324.37483036,156.302640494,4.8625391255e-14,50,0.151862702864,0,0
0.00612,-121.562045281,-5.47653767003,24.9483020352,-19.4717643652,0,790.371621783,12437.6401104,2233.62162816,324.343351691,153.797043756,4.77178862203e-14,50,0.139179571634,0,0
0.00614,-123.815233883,-6.86815102675,26.9799249771,-20.1117739503,0,790.351702485,13393.5871347,1988.33720735,324.343351691,153.797043756,4.77178862203e-14,50,0.139179571634,0,0
0.00616,-126.06107948,-8.23541034924,28.9995276055,-20.7641172563,0,790.327916422,14352.4222424,1765.21869813,324.321270126,151.288438199,4.72077960417e-14,50,0.11979618463,0,0
0.00618,-128.299216962,-9.57840193343,31.0073115698,-21.4289096363,0,790.300188932,15313.7870682,1564.30206269,324.321270126,151.288438199,4.72077960417e-14,50,0.11979618463,0,0
0.0062,-130.41649939,-9.48278811572,30.1255106471,-20.6427225314,0,790.299164717,14875.7600382,1521.47927457,324.321270126,151.288438199,4.72077960417e-14,50,0.11979618463,0,0
0.00622,-132.456760208,-8.5030671452,28.3012065883,-19.798139443,0,790.281443129,14002.6741541,1747.27629539,324.310662286,148.775352944,4.65848620443e-14,50,0.117086796408,0,0
0.00624,-134.670184722,-9.78176582866,30.2891935583,-20.5074277296,0,790.255279921,14965.3618802,1591.86441403,324.310662286,148.775352944,4.65848620443e-14,50,0.117086796408,0,0
0.00626,-136.874416097,-11.0366357397,32.266290599,-21.2296548593,0,790.225249953,15929.4673598,1458.77060959,324.309789531,146.259393675,4.54978633196e-14,50,0.1067487553,0,0
0.00628,-139.069078431,-12.2677884634,34.2327264178,-21.9649379544,0,790.191383052,16894.6346957,1348.00979265,324.309789531,146.259393675,4.54978633196e-14,50,0.1067487553,0,0
0.0063,-141.024296125,-10.5970343234,30.4181011772,-19.8210668538,0,790.171526867,15022.7588356,1466.23682177,324.309789531,146.259393675,4.54978633196e-14,50,0.1067487553,0,0
0.00632,-143.014079016,-9.46574575923,27.4062153137,-17.9404695544,0,790.147242013,13536.9331479,1456.23161471,324.317616329,143.741272864,4.53732204396e-14,50,0.103233095558,0,0
0.00634,-145.17865911,-10.6374886947,29.3648639833,-18.7273752886,0,790.123343196,14501.2453264,1378.4511228,324.317616329,143.741272864,4.53732204396e-14,50,0.103233095558,0,0
0.00636,-147.332174264,-11.7860466737,31.313901878,-19.5278552043,0,790.095626071,15465.7309698,1323.0976213,324.332567927,141.222144782,4.52483753704e-14,50,0.095444485609,0,0
0.00638,-149.474253877,-12.9115495316,33.2535764436,-20.342026912,0,790.064119047,16430.040682,1290.1645524,324.332567927,141.222144782,4.52483753704e-14,50,0.095444485609,0,0
0.0064,-151.291488975,-10.0880686776,27.3203244523,-17.2322557747,0,790.049888704,13500.1317878,1440.63438751,324.332567927,141.222144782,4.52483753704e-14,50,0.095444485609,0,0
0.00642,-153.24816818,-9.14325536055,24.1839618737,-15.0407065131,0,790.028687712,11941.1225467,1233.23304018,324.353553947,138.703085237,4.42253204127e-14,50,0.0847804210281,0,0
0.00644,-155.354760028,-10.2130478084,26.1244809937,-15.9114331852,0,790.011633228,12904.2779705,1226.73000374,324.353553947,138.703085237,4.42253204127e-14,50,0.0847804210281,0,0
0.00646,-157.448476666,-11.2603989735,28.0567710976,-16.7963721241,0,789.99077468,13866.5251306,1242.70519996,324.380029763,136.18442688,4.31269133761e-14,50,0.077257664858,0,0
0.00648,-159.528969901,-12.2854559161,29.9810927903,-17.6956368742,0,789.966135458,14827.52411,1281.12797576,324.380029763,136.18442688,4.31269133761e-14,50,0.077257664858,0,0
0.0065,-161.482667867,-11.8682737205,29.0459152468,-17.1776415263,0,789.96712474,14367.0925652,1353.4369935,324.380029763,136.18442688,4.31269133761e-14,50,0.077257664858,0,0
0.00652,-163.460042647,-11.9003718071,27.320806836,-15.4204350288,0,789.953090411,13509.4422694,942.658728805,324.4135923,133.665868002,4.24832148317e-14,50,0.079366257143,0,0
0.00654,-165.49925501,-12.8646034992,29.2367564984,-16.3721529992,0,789.930049497,14469.1317477,1028.33970757,324.4135923,133.665868002,4.24832148317e-14,50,0.079366257143,0,0
0.00656,-167.523925455,-13.8071929066,31.1458562252,-17.3386633185,0,789.903271736,15426.55464,1136.39833443,324.452425674,131.148339504,4.1452587891e-14,50,0.07929103204,0,0
0.00658,-169.5337449,-14.7283027657,33.0483745905,-18.3200718248,0,789.872777919,16381.3832256,1266.77428722,324.452425674,131.148339504,4.1452587891e-14,50,0.07929103204,0,0
0.0066,-171.433827946,-14.4418320039,32.5622126043,-18.1203806003,0,789.864501758,16140.8612206,1391.33254456,324.452425674,131.148339504,4.1452587891e-14,50,0.07929103204,0,0
0.00662,-173.373185438,-14.8204181745,30.2064901591,-15.3860719846,0,789.853925983,14988.2039095,576.804819258,324.49701068,128.632436295,4.0848049293e-14,50,0.0831839928454,0,0
0.00664,-175.336996174,-15.6818375834,32.1051540722,-16.4233164888,0,789.825071427,15941.9063859,754.528995974,324.49701068,128.632436295,4.0848049293e-14,50,0.0831839928454,0,0
0.00666,-177.28482455,-16.522477697,33.9983888526,-17.4759111556,0,789.792931928,16892.0481516,954.444215982,324.544886833,126.119082326,3.99789711431e-14,50,0.0829298723195,0,0
0.00668,-179.216417058,-17.3425278195,35.8864515632,-18.5439237438,0,789.757124484,17838.3111374,1176.44793972,324.544886833,126.119082326,3.99789711431e-14,50,0.0829298723195,0,0
0.0067,-180.907455457,-15.3318766222,32.1448142033,-16.8129375811,0,789.735802672,15958.6188243,1270.70251447,324.544886833,126.119082326,3.99789711431e-14,50,0.0829298723195,0,0
0.00672,-182.747118917,-15.3745308514,28.4806930796,-13.1061622282,0,789.724568302,14187.0579299,195.906776205,324.595410572,123.609958236,3.9232258498e-14,50,0.0779229328989,0,0
0.00674,-184.636604817,-16.234223994,30.2859153783,-14.0516913843,0,789.695170572,15092.8014879,369.283100042,324.595410572,123.609958236,3.9232258498e-14,50,0.0779229328989,0,0
0.00676,-186.501563651,-16.9811981094,32.1800483414,-15.1988502321,0,789.667095057,16035.6280519,646.74270405,324.646532916,121.105476606,3.84272045933e-14,50,0.0720477852561,0,0
0.00678,-188.349216866,-17.7085509918,34.0704489162,-16.3618979244,0,789.63533484,16973.5853046,946.026113638,324.646532916,121.105476606,3.84272045933e-14,50,0.0720477852561,0,0
0.0068,-190.082382313,-17.1997999873,33.5557551641,-16.3559551768,0,789.626721083,16701.4130985,1174.76405646,324.646532916,121.105476606,3.84272045933e-14,50,0.0720477852561,0,0
0.00682,-191.888082507,-17.8026721691,31.0491798911,-13.246507722,0,789.62206813,15540.2247425,110.234538891,324.700338996,118.6059596,3.7899744482e-14,50,0.0751317426204,0,0
0.00684,-193.704059631,-18.7383086594,32.6815436703,-13.9432350109,0,789.589020919,16365.4042945,219.363244972,324.700338996,118.6059596,3.7899744482e-14,50,0.0751317426204,0,0
0.00686,-195.481119571,-19.3914916493,34.5749027552,-15.183411106,0,789.556516435,17295.750464,587.04404289,324.754364173,116.111976873,3.77047675593e-14,50,0.0754645029265,0,0
0.00688,-197.240173946,-20.0260425091,36.4658880715,-16.4398455624,0,789.520342173,18220.0956492,976.108107638,324.754364173,116.111976873,3.77047675593e-14,50,0.0754645029265,0,0
0.0069,-198.81981488,-18.6189850964,34.3116694183,-15.6926843218,0,789.495441379,17114.4103534,1153.49338661,324.754364173,116.111976873,3.77047675593e-14,50,0.0754645029265,0,0
0.00692,-200.482345586,-18.4611759867,30.909944422,-12.4487684353,0,789.484432309,15518.1914357,178.092788876,324.809042077,113.624966038,3.6974641353e-14,50,0.0745508550565,0,0
0.00694,-202.240799717,-19.717002695,32.1452358513,-12.4282331563,0,789.455884131,16179.9671647,-7.0053494669,324.809042077,113.624966038,3.6974641353e-14,50,0.0745508550565,0,0
0.00696,-203.927451539,-20.2836128536,34.0506317456,-13.767018892,0,789.424881701,17097.9322923,441.41240981,324.861695475,111.145472336,3.66375874369e-14,50,0.0697893995019,0,0
0.00698,-205.595812035,-20.8326133004,35.954967019,-15.1223537186,0,789.390179149,18008.9700636,910.730269283,324.861695475,111.145472336,3.66375874369e-14,50,0.0697893995019,0,0
0.007,-207.018733444,-18.5154627894,32.2021642398,-13.6867014505,0,789.369795465,16094.5434719,997.466926531,324.861695475,111.145472336,3.66375874369e-14,50,0.0697893995019,0,0
0.00702,-208.599802929,-18.3938663212,28.7311243999,-10.3372580787,0,789.354855262,14506.3322487,-78.2878541279,324.912992994,108.6749356,3.60987789688e-14,50,0.0637629789047,0,0
0.00704,-210.287588573,-19.8226094723,29.7332424536,-9.91063298125,0,789.332588019,15086.1895966,-430.588588673,324.912992994,108.6749356,3.60987789688e-14,50,0.0637629789047,0,0
0.00706,-211.883346584,-20.3087191504,31.6611646844,-11.3524455339,0,789.306789474,15992.8761471,92.6310410466,324.961043087,106.213233138,3.57780308693e-14,50,0.0587494215151,0,0
0.00708,-213.460964286,-20.7782485952,33.5892565818,-12.8110079866,0,789.277227282,16891.8385131,636.23800026,324.961043087,106.213233138,3.57780308693e-14,50,0.0587494215151,0,0
0.0071,-214.872152057,-19.3705600093,31.8381157561,-12.4675557469,0,789.257335774,15961.415113,885.488735102,324.961043087,106.213233138,3.57780308693e-14,50,0.0587494215151,0,0
0.00712,-216.397839765,-19.6079224087,28.8842194654,-9.27629705673,0,789.242965761,14677.7933543,-246.965542553,325.007741458,103.761254909,3.51194950715e-14,50,0.0582954834843,0,0
0.00714,-218.002927727,-21.0488477686,29.8167953357,-8.76794756708,0,789.222122059,15240.4259004,-611.99435283,325.007741458,103.761254909,3.51194950715e-14,50,0.0582954834843,0,0
0.00716,-219.50917031,-21.4563412731,31.7680893233,-10.3117480502,0,789.196501127,16131.2120328,-7.75012733237,325.050798798,101.319041194,3.50250826556e-14,50,0.0562891386515,0,0
0.00718,-220.997861283,-21.8482488929,33.7206387428,-11.8723898499,0,789.167068206,17013.4325914,616.254520619,325.050798798,101.319041194,3.50250826556e-14,50,0.0562891386515,0,0
0.0072,-222.392481155,-21.262961929,33.7984343967,-12.5354724677,0,789.153307484,16963.5435149,1078.25666554,325.050798798,101.319041194,3.50250826556e-14,50,0.0562891386515,0,0
0.00722,-223.851334426,-21.6837455788,31.480099629,-9.79635405023,0,789.142975032,16011.2554987,58.1648729938,325.092461412,98.8873393117,3.46396872668e-14,50,0.0602543707045,0,0
0.00724,-225.40335608,-23.4711487201,32.0116756513,-8.54052693122,0,789.119668233,16457.7779362,-627.299673734,325.092461412,98.8873393117,3.46396872668e-14,50,0.0602543707045,0,0
0.00726,-226.823615676,-23.8016215607,33.9873749231,-10.1857533624,0,789.089981479,17328.2801978,62.9159709248,325.130306475,96.4660842458,3.40287325784e-14,50,0.0620704655625,0,0
0.00728,-228.227331656,-24.1174492705,35.9652562888,-11.8478070184,0,789.056446764,18189.366721,772.181307908,325.130306475,96.4660842458,3.40287325784e-14,50,0.0620704655625,0,0
0.0073,-229.466964976,-22.5653059401,34.3197179614,-11.7544120212,0,789.032948273,17272.7117482,1092.42879449,325.130306475,96.4660842458,3.40287325784e-14,50,0.0620704655625,0,0
0.00732,-230.811847991,-22.5199385149,31.3242383289,-8.80429981395,0,789.01469308,16011.2545666,36.6521248073,325.165488488,94.0568531951,3.36986220684e-14,50,0.0616929242801,0,0
0.00734,-232.310755381,-24.5897492503,31.5357823204,-6.9460330701,0,788.994520521,16390.3168947,-914.73086828,325.165488488,94.0568531951,3.36986220684e-14,50,0.0616929242801,0,0
0.00736,-233.651007782,-24.8497262005,33.5460929883,-8.69636678782,0,788.966161963,17242.7684172,-147.171224653,325.195779376,91.6593308011,3.32875704383e-14,50,0.0598183496888,0,0
0.00738,-234.976106102,-25.0959464508,35.559384126,-10.4634376752,0,788.933885132,18085.0964486,638.775059041,325.195779376,91.6593308011,3.32875704383e-14,50,0.0598183496888,0,0
0.0074,-236.139475705,-23.4862909404,33.9746492136,-10.4883582732,0,788.911611559,17180.1679284,985.73324084,325.195779376,91.6593308011,3.32875704383e-14,50,0.0598183496888,0,0
0.00742,-237.406347886,-23.3432148743,31.0187404501,-7.67552557575,0,788.892690666,15960.4629702,-35.5654069433,325.223118599,89.274695283,3.28964371241e-14,50,0.0594536813378,0,0
0.00744,-238.851848245,-25.6047799354,31.0090663957,-5.40428646029,0,788.873336185,16315.3624089,-1165.9451265,325.223118599,89.274695283,3.28964371241e-14,50,0.0594536813378,0,0
0.00746,-240.119670787,-25.7980328348,33.0581309343,-7.26009809949,0,788.846361682,17148.0983032,-322.60254908,325.245440456,86.9024661268,3.25065819027e-14,50,0.057794484472,0,0
0.00748,-241.374050386,-25.9783345404,35.1108159263,-9.13248138591,0,788.815418557,17970.0519904,538.472977598,325.245440456,86.9024661268,3.25065819027e-14,50,0.057794484472,0,0
0.0075,-242.469560899,-24.3172530956,33.5978140297,-9.28056093409,0,788.794374522,17080.149477,913.859058906,325.245440456,86.9024661268,3.25065819027e-14,50,0.057794484472,0,0
0.00752,-243.667297143,-24.0846877016,30.6893058473,-6.60461814569,0,788.77488674,15903.8478917,-72.9883847682,325.264763436,84.543785957,3.21890586217e-14,50,0.0574806483402,0,0
0.00754,-245.068054869,-26.5400096513,30.4632985628,-3.92328891152,0,788.756233492,16249.4668258,-1382.32955847,325.264763436,84.543785957,3.21890586217e-14,50,0.0574806483402,0,0
0.00756,-246.272487084,-26.66986513,32.5544218142,-5.88455668425,0,788.730414729,17060.7227697,-464.697719146,325.279199237,82.1980090988,3.18121069487e-14,50,0.0560890071502,0,0
0.00758,-247.46543252,-26.7874707159,34.6496535083,-7.86218279236,0,788.700820753,17860.5806842,470.052457032,325.279199237,82.1980090988,3.18121069487e-14,50,0.0560890071502,0,0
0.0076,-248.502680377,-25.0791306494,33.2148778475,-8.13574719815,0,788.680975502,16986.6066029,875.153879759,325.279199237,82.1980090988,3.18121069487e-14,50,0.0560890071502,0,0
0.00762,-249.64127245,-24.7634523024,30.3589064166,-5.59545411421,0,788.660989575,15853.7999225,-77.387928602,325.290818952,79.8662400605,3.15325590654e-14,50,0.0558493188403,0,0
0.00764,-251.007129866,-27.4145080661,29.9201642789,-2.5056562128,0,788.644845741,16204.4723653,-1565.63567996,325.290818952,79.8662400605,3.15325590654e-14,50,0.0558493188403,0,0
0.00766,-252.158269324,-27.4838490342,32.0557778287,-4.57192879455,0,788.617977479,16992.3551131,-575.154901552,325.297921488,77.5476719445,3.12653631456e-14,50,0.0547608895134,0,0
0.00768,-253.300028153,-27.5414628185,34.195904934,-6.65444211549,0,788.589708489,17768.268396,431.951035003,325.297921488,77.5476719445,3.12653631456e-14,50,0.0547608895134,0,0
0.0077,-254.289401801,-25.7885165215,32.8425657321,-7.05404921066,0,788.571009785,16909.3384652,867.677642693,325.297921488,77.5476719445,3.12653631456e-14,50,0.0547608895134,0,0
0.00772,-255.404904955,-25.7127087293,30.201263559,-4.48855482972,0,788.548597196,15941.7294543,-146.849358566,325.302602032,75.2433717207,3.09606023994e-14,50,0.0546066677344,0,0
0.00774,-256.730189282,-28.357819231,29.7547075861,-1.39688835513,0,788.532716019,16339.540149,-1618.25434142,325.302602032,75.2433717207,3.09606023994e-14,50,0.0546066677344,0,0
0.00776,-257.865622942,-28.7064460609,31.5979990122,-2.89155295134,0,788.505892355,17056.6696609,-879.941891246,325.303447525,72.9521653937,3.07582923074e-14,50,0.0553005606789,0,0
0.00778,-258.96684889,-28.7052681445,33.7845526213,-5.07928447677,0,788.478864032,17807.6217776,199.61657972,325.303447525,72.9521653937,3.07582923074e-14,50,0.0553005606789,0,0
0.0078,-259.970999252,-27.5604947499,33.8112162738,-6.25072152387,0,788.457748642,17551.9693761,911.548881037,325.303447525,72.9521653937,3.07582923074e-14,50,0.0553005606789,0,0
0.00782,-261.034135714,-27.2241077019,31.3276072598,-4.10349955792,0,788.437799179,16618.3766474,79.4302899165,325.30298191,70.6749595565,3.05099445786e-14,50,0.0589310482,0,0
0.00784,-262.325260343,-29.8104245602,30.9251760579,-1.11475149771,0,788.419327772,17066.4391037,-1320.90148926,325.30298191,70.6749595565,3.05099445786e-14,50,0.0589310482,0,0
0.00786,-263.449927871,-30.3672467034,32.5460669878,-2.17882028434,0,788.390858676,17735.9976976,-765.088177125,325.299539688,68.4108084553,3.02928182027e-14,50,0.060247013371,0,0
0.00788,-264.521235716,-30.3078698962,34.7770303667,-4.4691604705,0,788.362275854,18456.7122371,388.514697133,325.299539688,68.4108084553,3.02928182027e-14,50,0.060247013371,0,0
0.0079,-265.44113958,-28.3975947087,33.4665511864,-5.06895647778,0,788.342969244,17563.0686742,873.142992259,325.299539688,68.4108084553,3.02928182027e-14,50,0.060247013371,0,0
0.00792,-266.463641747,-27.8170569436,30.7271265493,-2.9100696057,0,788.319344018,16522.7714502,21.1913572324,325.294928924,66.1609524428,3.01155735395e-14,50,0.0599262903819,0,0
0.00794,-267.73117116,-30.3476715922,30.3730203981,-0.0253488058801,0,788.300138577,17022.4851541,-1312.20092136,325.294928924,66.1609524428,3.01155735395e-14,50,0.0599262903819,0,0
0.00796,-268.854935595,-31.1085599821,31.7827262589,-0.674166276783,0,788.272944922,17662.390438,-937.372038096,325.288022646,63.9241041702,2.99014739456e-14,50,0.059777776134,0,0
0.00798,-269.906604471,-30.9939152504,34.0620668283,-3.06815157784,0,788.246230273,18353.6499958,285.484360029,325.288022646,63.9241041702,2.99014739456e-14,50,0.059777776134,0,0
0.008,-270.810276806,-29.0472770998,32.8641024788,-3.81682537899,0,788.228431379,17479.6511857,811.795431085,325.288022646,63.9241041702,2.99014739456e-14,50,0.059777776134,0,0
0.00802,-271.815229983,-28.3905991858,30.1944401359,-1.80384095005,0,788.204401621,16477.230753,-0.473279834918,325.280818059,61.7013023767,2.97266745615e-14,50,0.0595993111005,0,0
0.00804,-273.068706389,-30.8662911219,29.8886286418,0.97766248008,0,788.18448841,17025.4209833,-1267.08740527,325.280818059,61.7013023767,2.97266745615e-14,50,0.0595993111005,0,0
0.00806,-274.207526791,-31.9153790941,31.0035882348,0.911790859331,0,788.159196318,17645.6258869,-1154.57394887,325.272371075,59.4911570606,1.09277143973e-13,50,0.0598227420645,0,0
0.00808,-275.248590697,-31.7458736942,33.3312973142,-1.58542361992,0,788.13436748,18305.1912523,137.289367952,325.272371075,59.4911570606,1.09277143973e-13,50,0.0598227420645,0,0
0.0081,-276.207206742,-30.5460058625,33.7859251353,-3.23991927289,0,788.124590987,18116.2896746,1053.66016431,325.272371075,59.4911570606,1.09277143973e-13,50,0.0598227420645,0,0
0.00812,-277.226009152,-30.101062897,31.7723861889,-1.67132329193,0,788.104902081,17395.6633787,424.111963521,325.265068484,57.2943334212,1.08922897259e-13,50,0.0636285181359,0,0
0.00814,-278.473409978,-32.5198185715,31.5102086127,1.00960995888,0,788.081961685,17984.6258093,-771.296544213,325.265068484,57.2943334212,1.08922897259e-13,50,0.0636285181359,0,0
0.00816,-279.628772581,-33.7777587724,32.4029284515,1.37483032088,0,788.053392737,18599.863947,-842.811838564,325.258091737,55.1095183903,1.08700526361e-13,50,0.0672578175181,0,0
0.00818,-280.666536157,-33.5513176491,34.7740755361,-1.22275788699,0,788.026078254,19221.2379214,522.438150509,325.258091737,55.1095183903,1.08700526361e-13,50,0.0672578175181,0,0
0.0082,-281.556144837,-31.4544958824,33.5956034792,-2.14110759674,0,788.008014174,18290.9740125,1081.16975532,325.258091737,55.1095183903,1.08700526361e-13,50,0.0672578175181,0,0
0.00822,-282.530129711,-30.4010631608,30.8614184024,-0.460355241565,0,787.985451436,17220.6916624,372.890400054,325.252656358,52.9379111295,1.08699986604e-13,50,0.0672965273633,0,0
0.00824,-283.778013904,-32.7656244418,30.6474858309,2.11813861094,0,787.962363669,17852.6714156,-757.487046329,325.252656358,52.9379111295,1.08699986604e-13,50,0.0672965273633,0,0
0.00826,-284.96790167,-34.3835561232,31.1740970245,3.20945909868,0,787.933205656,18484.0638824,-1162.96115857,325.248118202,50.7783594037,1.08512932694e-13,50,0.0662963055221,0,0
0.00828,-286.008063985,-34.1025647455,33.5935038282,0.50906091735,0,787.908686943,19069.0582356,270.149566747,325.248118202,50.7783594037,1.08512932694e-13,50,0.0662963055221,0,0
0.0083,-286.893321848,-31.8560830707,32.264439461,-0.408356390321,0,787.893294513,18044.3469997,796.351085693,325.248118202,50.7783594037,1.08512932694e-13,50,0.0662963055221,0,0
0.00832,-287.868143883,-30.7087910101,29.5695826444,1.13920836576,0,787.869772543,16986.5164578,116.174076457,325.246007937,48.6314747148,1.08218259802e-13,50,0.0661785121939,0,0
0.00834,-289.120641778,-33.0188131445,29.4040441793,3.61476896519,0,787.846509779,17659.7461084,-949.766659489,325.246007937,48.6314747148,1.08218259802e-13,50,0.0661785121939,0,0
0.00836,-290.336182197,-34.8392723716,29.7217700883,5.11750228337,0,787.817310843,18322.4936792,-1538.70848474,325.245924098,46.4962362467,1.08254477091e-13,50,0.0650291793182,0,0
0.00838,-291.381932258,-34.5036350382,32.1892614043,2.31437363395,0,787.795954682,18868.2435902,-38.0823744208,325.245924098,46.4962362467,1.08254477091e-13,50,0.0650291793182,0,0
0.0084,-292.280455922,-32.2945689424,31.0873506921,1.2072182503,0,787.782879512,17903.7250185,552.438553531,325.245924098,46.4962362467,1.08254477091e-13,50,0.0650291793182,0,0
0.00842,-293.077787117,-28.7893634198,27.3488438206,1.44051959924,0,787.748925591,15862.0604032,405.844971587,325.249280453,44.37308975,1.07780009015e-13,50,0.065643347248,0,0
0.00844,-294.336909675,-31.0489926612,27.2329909561,3.81600170514,0,787.729947691,16569.6828927,-602.267581767,325.249280453,44.37308975,1.07780009015e-13,50,0.065643347248,0,0
0.00846,-295.580145961,-33.0830750489,27.3362108493,5.74686419964,0,787.704664459,17273.3980127,-1388.56912822,325.254821446,42.2622424615,1.08028795485e-13,50,0.055456370613,0,0
0.00848,-296.632444019,-32.6969343707,29.8531446604,2.84378971032,0,787.68772749,17774.7759355,173.577033687,325.254821446,42.2622424615,1.08028795485e-13,50,0.055456370613,0,0
0.0085,-297.549507017,-30.5902241738,29.0782492381,1.51197493569,0,787.67840732,16906.8898313,849.586642456,325.254821446,42.2622424615,1.08028795485e-13,50,0.055456370613,0,0
0.00852,-298.454532032,-28.3093606477,26.1033128911,2.2060477566,0,787.64759569,15456.3285015,466.976930131,325.264779567,40.1629336834,1.07823088504e-13,50,0.0570356157409,0,0
0.00854,-299.719020188,-30.5151831127,26.03466378,4.48051933267,0,787.629967163,16195.8064354,-478.868502189,325.264779567,40.1629336834,1.07823088504e-13,50,0.0570356157409,0,0
0.00856,-300.981710962,-32.678754604,26.0016550272,6.67709957699,0,787.60857426,16944.6372501,-1380.52469025,325.27846879,38.0749750154,1.07497371245e-13,50,0.052331359328,0,0
0.00858,-302.050300569,-32.3904124406,28.4139402646,3.97647217594,0,787.592188548,17415.8733582,100.815818928,325.27846879,38.0749750154,1.07497371245e-13,50,0.052331359328,0,0
0.0086,-303.029851375,-30.9702347253,29.1991639912,1.77107073405,0,787.590436211,17117.0701685,1253.1332508,325.27846879,38.0749750154,1.07497371245e-13,50,0.052331359328,0,0
0.00862,-304.089639681,-30.5439210792,27.646009293,2.89791178619,0,787.569027388,16636.5225072,736.268206231,325.297799772,35.9978224042,1.0728496079e-13,50,0.0581229577862,0,0
0.00864,-305.355290618,-32.689982068,27.6185541533,5.07142791475,0,787.54725841,17402.4691607,-138.215599113,325.297799772,35.9978224042,1.0728496079e-13,50,0.0581229577862,0,0
0.00866,-306.62019728,-34.8204511619,27.6000184038,7.22043275814,0,787.521292538,18179.6477424,-994.444430611,325.322696427,33.9308468206,1.06776956686e-13,50,0.0629676603872,0,0
0.00868,-307.720386135,-34.8823184221,29.6434117689,5.23890665324,0,787.499641404,18661.859019,163.759295889,325.322696427,33.9308468206,1.06776956686e-13,50,0.0629676603872,0,0
0.0087,-308.692730757,-33.3417904758,30.3516497007,2.9901407751,0,787.488121655,18273.3782723,1331.47705195,325.322696427,33.9308468206,1.06776956686e-13,50,0.0629676603872,0,0
0.00872,-309.573063244,-30.6522669195,27.5328343287,3.1194325908,0,787.455604276,16724.8641499,1127.65206118,325.35389064,31.8744282753,1.06328912273e-13,50,0.0695562236939,0,0
0.00874,-310.833781248,-32.7426569172,27.5500641557,5.19259276145,0,787.434052023,17513.4643544,318.215138639,325.35389064,31.8744282753,1.06328912273e-13,50,0.0695562236939,0,0
0.00876,-312.092170549,-34.8175862915,27.5761980516,7.24138823991,0,787.408413195,18312.1855854,-472.989535251,325.390251347,29.8292944376,1.06047418e-13,50,0.0645174208544,0,0
0.00878,-313.211435044,-35.1661427921,29.3221832889,5.84395950318,0,787.386721442,18814.3693205,420.463709021,325.390251347,29.8292944376,1.06047418e-13,50,0.0645174208544,0,0
0.0088,-314.176787853,-33.607845989,30.1777909943,3.43005499468,0,787.384483551,18414.7639734,1670.35824913,325.390251347,29.8292944376,1.06047418e-13,50,0.0645174208544,0,0
0.00882,-315.044182219,-30.8496406041,27.6092968085,3.24034379562,0,787.354439454,16888.0817461,1584.57595432,325.433363678,27.7947656591,1.05849546074e-13,50,0.071270579964,0,0
0.00884,-316.291030654,-32.8844921272,27.6714307188,5.21306140845,0,787.332885272,17695.6031051,841.031544732,325.433363678,27.7947656591,1.05849546074e-13,50,0.071270579964,0,0
0.00886,-317.53349862,-34.9041043241,27.7425488559,7.1615554682,0,787.307355193,18512.131287,115.763400017,325.482196986,25.7717652689,1.05627421661e-13,50,0.067078587659,0,0
0.00888,-318.669668626,-35.6360943522,29.095094392,6.54099996013,0,787.282462848,19071.1479226,649.935020262,325.482196986,25.7717652689,1.05627421661e-13,50,0.067078587659,0,0
0.0089,-319.613457489,-34.0068635811,30.0002582281,4.00660535303,0,787.28092133,18616.5107658,1953.76283372,325.482196986,25.7717652689,1.05627421661e-13,50,0.067078587659,0,0
0.00892,-320.366831843,-30.0472917778,26.9137345362,3.13355724155,0,787.25168193,16518.0796415,2048.11062465,325.538106314,23.7597198194,1.05143177703e-13,50,0.0744345689726,0,0
0.00894,-321.588848113,-32.0294378557,27.0234658911,5.00597196462,0,787.232124356,17341.1546963,1368.06620798,325.538106314,23.7597198194,1.05143177703e-13,50,0.0744345689726,0,0
0.00896,-322.804037091,-33.9966870433,27.1423675068,6.85431953645,0,787.208689177,18172.1407816,706.410085056,325.59950725,21.760449361,1.04874794287e-13,50,0.0655793099213,0,0
0.00898,-323.937975869,-35.0223726445,28.197212573,6.82516007149,0,787.184870194,18788.9520913,968.077898427,325.59950725,21.760449361,1.04874794287e-13,50,0.0655793099213,0,0
0.009,-324.79671346,-32.6808957332,27.7648060554,4.91608967783,0,787.180073883,17783.0221825,1816.40552718,325.59950725,21.760449361,1.04874794287e-13,50,0.0655793099213,0,0
0.00902,-325.530764379,-28.8669676681,24.4544176638,4.4125500043,0,787.148888691,15695.8901488,1657.94167738,325.667772022,19.7733911727,1.04504624727e-13,50,0.0699278166276,0,0
0.00904,-326.715078253,-30.7985518273,24.6170531605,6.18149866675,0,787.132080449,16536.7396308,1040.17734988,325.667772022,19.7733911727,1.04504624727e-13,50,0.0699278166276,0,0
0.00906,-327.8898128,-32.7157138964,24.7891441407,7.92656975568,0,787.111485933,17384.4077197,440.995245572,325.741518852,17.8006586123,1.0460631173e-13,50,0.0601988738185,0,0
0.00908,-329.014865007,-34.1228560438,25.4664382185,8.6564178253,0,787.087684198,18104.674394,344.657885882,325.741518852,17.8006586123,1.0460631173e-13,50,0.0601988738185,0,0
0.0091,-329.882096853,-32.4170365886,26.4427761144,5.97426047417,0,787.091585907,17552.1803224,1701.37555624,325.741518852,17.8006586123,1.0460631173e-13,50,0.0601988738185,0,0
0.00912,-330.670041219,-29.8448951835,24.2473433825,5.59755180098,0,787.064914572,16150.7569901,1605.6547895,325.822426333,15.8418564429,1.04654637713e-13,50,0.0684269852017,0,0
0.00914,-331.802046928,-31.7235435504,24.4603663231,7.26317722728,0,787.046486208,17004.3177009,1058.22653107,325.822426333,15.8418564429,1.04654637713e-13,50,0.0684269852017,0,0
0.00916,-332.921519569,-33.5883656519,24.6832261912,8.90513946066,0,787.024382029,17863.5660526,529.595700393,325.909388909,13.8998335666,1.04701757346e-13,50,0.0659444226601,0,0
0.00918,-334.008975224,-35.202721273,25.1527627676,10.0499585054,0,786.998170615,18656.9645658,251.000063573,325.909388909,13.8998335666,1.04701757346e-13,50,0.0659444226601,0,0
0.0092,-334.816936862,-33.4705928678,26.2909959371,7.17959693067,0,787.001858018,18074.0882733,1706.37778092,325.909388909,13.8998335666,1.04701757346e-13,50,0.0659444226601,0,0
0.00922,-335.441118488,-29.600174587,23.538329507,6.06184507997,0,786.974662596,16021.7185055,1767.69572388,326.003275296,11.9764636306,1.04237758029e-13,50,0.0750169262378,0,0
0.00924,-336.505993421,-31.4311955417,23.8054359356,7.62575960611,0,786.957070839,16883.6307733,1288.29707684,326.003275296,11.9764636306,1.04237758029e-13,50,0.0750169262378,0,0
0.00926,-337.555298205,-33.2491440355,24.0828592415,9.16628479402,0,786.935894869,17750.1528216,827.9344958,326.102315378,10.0782985574,1.04031700702e-13,50,0.0675377883066,0,0
0.00928,-338.587421789,-35.0415944914,24.3832722598,10.6583222316,0,786.91155233,18616.8299962,398.933347346,326.102315378,10.0782985574,1.04031700702e-13,50,0.0675377883066,0,0
0.0093,-339.319686441,-33.2710515835,25.4466834707,7.82436811283,0,786.913875522,17962.1223081,1817.3263837,326.102315378,10.0782985574,1.04031700702e-13,50,0.0675377883066,0,0
0.00932,-339.878838595,-29.5348438963,22.8521865066,6.68265738973,0,786.887343334,15974.1772789,1858.98167902,326.207793642,8.21272276084,1.04329845981e-13,50,0.0767624389584,0,0
0.00934,-340.861353324,-31.3214302321,23.1764672299,8.14496300222,0,786.870217124,16842.279172,1449.30565504,326.207793642,8.21272276084,1.04329845981e-13,50,0.0767624389584,0,0
0.00936,-341.825297941,-33.0958433011,23.5116232424,9.58422005872,0,786.849592975,17713.9287481,1058.91101586,326.317955601,6.40013073707,1.04273859123e-13,50,0.0702910738275,0,0
0.00938,-342.770086422,-34.8582642446,23.8577644827,11.0004997619,0,786.825506602,18588.8381007,687.858635728,326.317955601,6.40013073707,1.04273859123e-13,50,0.0702910738275,0,0
0.0094,-343.438027523,-33.3842597983,24.6814823074,8.70277749099,0,786.827850335,18002.7222804,1840.87347034,326.317955601,6.40013073707,1.04273859123e-13,50,0.0702910738275,0,0
0.00942,-343.908181142,-29.6727189217,22.1900851556,7.48263376612,0,786.80151871,16023.3660557,1877.17883046,326.4339533,4.68482752638,1.0436593003e-13,50,0.0802270450105,0,0
0.00944,-344.793535433,-31.4187704363,22.5750244129,8.84374602334,0,786.784443471,16895.7221235,1539.0280646,326.4339533,4.68482752638,1.0436593003e-13,50,0.0802270450105,0,0
0.00946,-345.65747849,-33.1536871604,22.9714590844,10.182228076,0,786.763950023,17770.5830907,1220.39158399,326.553940342,3.20630067253,1.03816635661e-13,50,0.0753833082113,0,0
0.00948,-346.49947037,-34.877677576,23.379509976,11.4981676,0,786.740071717,18647.6635869,921.322182249,326.553940342,3.20630067253,1.03816635661e-13,50,0.0753833082113,0,0
0.0095,-347.098155111,-33.8214044194,23.8416815972,9.97972282223,0,786.738224079,18194.3829949,1693.11587819,326.553940342,3.20630067253,1.03816635661e-13,50,0.0753833082113,0,0
0.00952,-347.371396701,-28.9614246793,20.8766901983,8.08473448103,0,786.712580297,15609.4188846,1813.55426449,326.679048514,2.4076480312,1.03760557285e-13,50,0.085231618746,0,0
0.00954,-348.145999463,-30.67375523,21.3274907683,9.34626446167,0,786.697254968,16484.4971431,1545.63734583,326.679048514,2.4076480312,1.03760557285e-13,50,0.085231618746,0,0
0.00956,-348.896626125,-32.3761263385,21.7904532089,10.5856731297,0,786.678571891,17361.1090924,1297.44481745,326.806816809,2.88847490194,1.03510240358e-13,50,0.0812518664742,0,0
0.00958,-349.62280508,-34.0687706389,22.2657049872,11.8030656517,0,786.656561719,18238.9742561,1069.01633619,326.806816809,2.88847490194,1.03510240358e-13,50,0.0812518664742,0,0
0.0096,-350.105454922,-33.0099917755,22.1354519436,10.8745398319,0,786.658744198,17717.8692702,1472.74295578,326.806816809,2.88847490194,1.03510240358e-13,50,0.0812518664742,0,0
0.00962,-350.250639456,-28.0274152905,19.2166074648,8.81080782564,0,786.634778401,15060.802726,1589.44392699,326.938722969,4.21345560416,1.03453402616e-13,50,0.0855926605721,0,0
0.00964,-350.902402821,-29.7122864245,19.7380961423,9.97419028218,0,786.621604498,15937.9526273,1392.34113053,326.938722969,4.21345560416,1.03453402616e-13,50,0.0855926605721,0,0
0.00966,-351.528007424,-31.3884868559,20.2724350851,11.1160517707,0,786.605119227,16815.7151914,1215.13546263,327.072252243,5.81725046161,1.03395566531e-13,50,0.08669679311,0,0
0.00968,-352.127069617,-33.0562692201,20.8197540048,12.2365152153,0,786.585350496,17693.8164977,1057.8488419,327.072252243,5.81725046161,1.03395566531e-13,50,0.08669679311,0,0
0.0097,-352.500902348,-32.2285878869,20.5293696555,11.6992182314,0,786.586766651,17266.8470838,1267.31274156,327.072252243,5.81725046161,1.03395566531e-13,50,0.08669679311,0,0
0.00972,-352.755949071,-30.2449913656,19.2168534823,11.0281378832,0,786.580904368,16199.323802,1249.83418783,327.208954904,7.51259269064,1.03148108893e-13,50,0.0863640471154,0,0
0.00974,-353.274331688,-31.9022368244,19.8097935112,12.0924433132,0,786.563509796,17076.7435196,1133.98866459,327.208954904,7.51259269064,1.03148108893e-13,50,0.0863640471154,0,0
0.00976,-353.764844154,-33.5521611627,20.4162582806,13.1359028821,0,786.542871776,17953.7368826,1038.12596045,327.347423959,9.23867766775,1.03369282901e-13,50,0.0837588230226,0,0
0.00978,-354.227206932,-35.1950322857,21.0363754384,14.1586568473,0,786.519015218,18830.0376061,962.244753418,327.347423959,9.23867766775,1.03369282901e-13,50,0.0837588230226,0,0
0.0098,-354.478192949,-34.5363725425,20.446651635,14.0897209075,0,786.515807207,18472.4640848,926.956214961,327.347423959,9.23867766775,1.03369282901e-13,50,0.0837588230226,0,0
0.00982,-354.32701455,-29.1865977749,17.5561615146,11.6304362602,0,786.489607422,15603.8330821,1038.3258283,327.487983513,10.9728571759,1.03585426812e-13,50,0.0834234963841,0,0
0.00984,-354.705046251,-30.8296180828,18.2280924772,12.6015256057,0,786.474644392,16480.4145222,994.942403025,327.487983513,10.9728571759,1.03585426812e-13,50,0.0834234963841,0,0
0.00986,-355.054044865,-32.4667605163,18.9142159357,13.5525445806,0,786.456456733,17355.7378667,971.565185338,327.62782094,12.7018206648,1.03521107279e-13,50,0.0784086136532,0,0
0.00988,-355.373846853,-34.0983022686,19.6146530557,14.483649213,0,786.435066454,18229.5464776,968.168238132,327.62782094,12.7018206648,1.03521107279e-13,50,0.0784086136532,0,0
0.0099,-355.470182481,-33.2898027973,18.6729891059,14.6168136914,0,786.438004031,17785.2391129,751.98672328,327.62782094,12.7018206648,1.03521107279e-13,50,0.0784086136532,0,0
0.00992,-355.455294081,-31.4506877259,17.6414503276,13.8092373983,0,786.427527142,16795.4748148,802.924416231,327.768538357,14.4217259275,1.03273605671e-13,50,0.0752107942848,0,0
0.00994,-355.687780092,-33.079790113,18.3928662766,14.6869238364,0,786.408264369,17668.4652945,842.40297053,327.768538357,14.4217259275,1.03273605671e-13,50,0.0752107942848,0,0
0.00996,-355.890663918,-34.7044616479,19.1590852895,15.5453763584,0,786.385817518,18539.2357414,901.785828629,327.908791959,16.1280969697,1.03297422131e-13,50,0.0717923918819,0,0
0.00998,-356.063905194,-36.3249829841,19.9402182993,16.3847646848,0,786.360205672,19407.5409693,981.019199324,327.908791959,16.1280969697,1.03297422131e-13,50,0.0717923918819,0,0
0.01,-355.991333722,-35.2306922324,18.5680912629,16.6626009695,0,786.364828629,18812.8764269,582.822395546,327.908791959,16.1280969697,1.03297422131e-13,50,0.0717923918819,0,0
0.01002,-355.615426324,-30.7003104941,16.2941261606,14.4061843335,0,786.336851796,16373.204651,667.375645313,328.048651872,17.8190867047,1.02872646327e-13,50,0.0742879234296,0,0
0.01004,-355.701252145,-32.3289223265,17.1318022499,15.1971200766,0,786.319389757,17242.7619032,781.071049221,328.048651872,17.8190867047,1.02872646327e-13,50,0.0742879234296,0,0
0.01006,-355.757530892,-33.9545813973,17.9848454677,15.9697359296,0,786.298737129,18109.3352929,914.4984234,328.185840091,19.4911577919,1.02981122708e-13,50,0.0665795663101,0,0
0.01008,-355.784347435,-35.5775652112,18.8533530135,16.7242121977,0,786.27491009,18972.6915285,1067.57762147,328.185840091,19.4911577919,1.02981122708e-13,50,0.0665795663101,0,0
0.0101,-355.563595427,-34.4613568196,16.9113555116,17.550001308,0,786.279998611,18385.2203092,309.382576771,328.185840091,19.4911577919,1.02981122708e-13,50,0.0665795663101,0,0
0.01012,-355.070059057,-30.288296998,14.9252165015,15.3630804966,0,786.253729145,16136.1487957,398.238591882,328.321510957,21.1445691571,1.02735902331e-13,50,0.0673963725976,0,0
0.01014,-355.010694146,-31.9230702402,15.8527847087,16.0702855314,0,786.23736045,17002.1211478,587.524649251,328.321510957,21.1445691571,1.02735902331e-13,50,0.0673963725976,0,0
0.01016,-354.922459105,-33.5563376263,16.7962056406,16.7601319858,0,786.217783775,17864.3594628,796.283060512,328.453596442,22.7766686784,1.0231872281e-13,50,0.0618839856314,0,0
0.01018,-354.805560956,-35.1883672801,17.755560105,17.432807175,0,786.19501248,18722.642962,1024.40839118,328.453596442,22.7766686784,1.0231872281e-13,50,0.0618839856314,0,0
0.0102,-354.423581564,-33.8514547552,15.4254343016,18.4260204536,0,786.203147969,18047.6214883,75.3763314871,328.453596442,22.7766686784,1.0231872281e-13,50,0.0618839856314,0,0
0.01022,-353.881155737,-30.8549735487,14.134796284,16.7201772647,0,786.177120113,16426.7207763,204.624596025,328.583048061,24.3878695461,1.02503751701e-13,50,0.0614788465943,0,0
0.01024,-353.68103726,-32.5010830321,15.1542569403,17.3468260919,0,786.159863849,17287.066323,472.004149894,328.583048061,24.3878695461,1.02503751701e-13,50,0.0614788465943,0,0
0.01026,-353.453321414,-34.147066303,16.189964194,17.957102109,0,786.139378507,18142.9151486,758.487756658,328.708387507,25.9764320015,1.02429289296e-13,50,0.0568486850066,0,0
0.01028,-353.198329261,-35.7931762548,17.2419806191,18.5511956357,0,786.115674814,18994.0602565,1063.94700209,328.708387507,25.9764320015,1.02429289296e-13,50,0.0568486850066,0,0
0.0103,-352.661717051,-34.245472284,14.4261086575,19.8193636265,0,786.126299882,18252.859146,-137.609013781,328.708387507,25.9764320015,1.02429289296e-13,50,0.0568486850066,0,0
0.01032,-351.969198443,-31.0763015718,13.1522339158,17.924067656,0,786.099775537,16536.1101336,3.50021273905,328.830108077,27.5424291859,1.0226927311e-13,50,0.0597848076913,0,0
0.01034,-351.635879454,-32.7413818966,14.2667589869,18.4746229097,0,786.082316013,17390.4347478,347.543514769,328.830108077,27.5424291859,1.0226927311e-13,50,0.0597848076913,0,0
0.01036,-351.276782536,-34.4076320136,15.3978307282,19.0098012854,0,786.06158891,18239.5468113,710.248959071,328.946753015,29.0843449842,1.01860339706e-13,50,0.0522867416141,0,0
0.01038,-350.889546526,-36.0403747959,16.4756734773,19.5647013188,0,786.038344339,19068.0909875,1057.97852308,328.946753015,29.0843449842,1.01860339706e-13,50,0.0522867416141,0,0
0.0104,-350.206342619,-34.2752916483,13.3178387158,20.9574529324,0,786.050435251,18263.4625486,-309.581031587,328.946753015,29.0843449842,1.01860339706e-13,50,0.0522867416141,0,0
0.01042,-349.453102893,-31.9404223773,12.5635876258,19.3768347514,0,786.022911397,16983.8686208,-102.214591607,329.058909178,30.6023698375,1.01454728725e-13,50,0.0572915859509,0,0
0.01044,-348.996572886,-33.6296252945,13.7746647139,19.8549605806,0,786.003958435,17830.1029382,319.354043122,329.058909178,30.6023698375,1.01454728725e-13,50,0.0572915859509,0,0
0.01046,-348.516557968,-35.3211764887,15.0024874634,20.3186890253,0,785.981693507,18670.4142207,759.062255599,329.165548234,32.0955677222,1.0097161097e-13,50,0.050618385956,0,0
0.01048,-347.991399648,-36.7372949797,15.6911022256,21.0461927541,0,785.957657824,19392.0177469,948.247875859,329.165548234,32.0955677222,1.0097161097e-13,50,0.050618385956,0,0
0.0105,-347.200040845,-35.0992213331,12.2633191673,22.8359021658,0,785.9662469,18724.7488718,-619.787704553,329.165548234,32.0955677222,1.0097161097e-13,50,0.050618385956,0,0
0.01052,-346.337589403,-32.8474204511,11.6543013953,21.1931190559,0,785.937434779,17481.0453835,-376.268864689,329.267047475,33.5638489348,1.00812141181e-13,50,0.0590578639365,0,0
0.01054,-345.770132953,-34.5665618882,12.9644170077,21.6021448805,0,785.916925586,18319.0003118,122.745418276,329.267047475,33.5638489348,1.00812141181e-13,50,0.0590578639365,0,0
0.01056,-345.181867149,-36.2890973819,14.2913781855,21.9977191963,0,785.893048782,19150.3420745,639.338210777,329.362469412,35.0065414712,1.00651837581e-13,50,0.0525025427112,0,0
0.01058,-344.531109678,-37.4852809715,14.5753380882,22.9099428833,0,785.869522797,19776.0895054,658.941926196,329.362469412,35.0065414712,1.00651837581e-13,50,0.0525025427112,0,0
0.0106,-343.637313295,-35.8836355329,11.2666075857,24.6170279471,0,785.875851687,19167.2773899,-849.986574315,329.362469412,35.0065414712,1.00651837581e-13,50,0.0525025427112,0,0
0.01062,-342.675523034,-33.6722817541,10.7825954258,22.8896863283,0,785.845797673,17935.0456504,-572.374875608,329.452219447,36.4235184548,1.00179293743e-13,50,0.0611694418456,0,0
0.01064,-342.01115656,-35.4268201438,12.1930324709,23.2337876729,0,785.823911272,18763.4207039,2.58454719006,329.452219447,36.4235184548,1.00179293743e-13,50,0.0611694418456,0,0
0.01066,-341.328932385,-37.1856509613,13.6203233123,23.565327649,0,785.798590265,19584.5264187,594.532036008,329.53548051,37.8143606766,1.00402759159e-13,50,0.0545634174869,0,0
0.01068,-340.552099311,-37.9786553788,13.1239074507,24.8547479282,0,785.778840849,20063.6016804,258.247835018,329.53548051,37.8143606766,1.00402759159e-13,50,0.0545634174869,0,0
0.0107,-339.570576796,-36.4176347829,9.94518668388,26.4724480991,0,785.782595518,19512.7824189,-1184.00032774,329.53548051,37.8143606766,1.00402759159e-13,50,0.0545634174869,0,0
0.01072,-338.524185175,-34.248501962,9.59252940355,24.6559725584,0,785.751868091,18291.5438524,-869.480142633,329.612681706,39.1788383713,9.9859901818e-14,50,0.0637344449179,0,0
0.01074,-337.778108815,-36.0435604339,11.1048963221,24.9386641119,0,785.729103414,19110.0853034,-219.859680093,329.612681706,39.1788383713,9.9859901818e-14,50,0.0637344449179,0,0
0.01076,-337.017285759,-37.8436536149,12.6340417573,25.2096118575,0,785.702825403,19920.7279807,446.161804203,329.683160429,40.5168587295,9.94723938408e-14,50,0.0570495066533,0,0
0.01078,-336.145024404,-38.428327945,11.7387787342,26.6895492108,0,785.683642027,20339.7505498,-62.823092557,329.683160429,40.5168587295,9.94723938408e-14,50,0.0570495066533,0,0
0.0108,-335.075234532,-36.7100761459,8.88502323146,27.8250529144,0,785.682730799,19703.7960056,-1290.16877258,329.683160429,40.5168587295,9.94723938408e-14,50,0.0570495066533,0,0
0.01082,-333.873935739,-33.5091010648,8.28553130532,25.2235697595,0,785.651027416,17926.8273495,-973.734759978,329.747369446,41.8281295286,9.90139957125e-14,50,0.065523287602,0,0
0.01084,-333.062082404,-35.3512578746,9.90061449024,25.4506433843,0,785.630027676,18735.4785629,-255.326785972,329.747369446,41.8281295286,9.90139957125e-14,50,0.065523287602,0,0
0.01086,-332.23863146,-37.1990412301,11.5323371503,25.6667040798,0,785.605414106,19535.6594139,478.932033086,329.804362854,43.1124192942,9.87051863606e-14,50,0.0540488850345,0,0
0.01088,-331.280146707,-37.4966348573,10.068835109,27.4277997483,0,785.588651269,19886.212127,-290.908414136,329.804362854,43.1124192942,9.87051863606e-14,50,0.0540488850345,0,0
0.0109,-330.150746062,-35.7863454139,7.30292479804,28.4834206158,0,785.594563499,19286.9900498,-1477.00614894,329.804362854,43.1124192942,9.87051863606e-14,50,0.0540488850345,0,0
0.01092,-328.975189559,-33.6252598035,7.15109891347,26.47416089,0,785.565441918,18048.0405651,-1119.03379779,329.855079307,44.3697594063,9.861292234e-14,50,0.06233991017,0,0
0.01094,-328.113083845,-35.5159049192,8.86881609568,26.6470888235,0,785.544446714,18844.4340868,-330.115775026,329.855079307,44.3697594063,9.861292234e-14,50,0.06233991017,0,0
0.01096,-327.242444233,-37.4126001537,10.6029704499,26.8096297038,0,785.51974041,19631.7713953,474.127765913,329.899100228,45.6005550645,9.8306046025e-14,50,0.0551662337843,0,0
0.01098,-326.219884233,-37.5096791647,8.74204562113,28.7676335436,0,785.503406361,19953.552998,-470.082970587,329.899100228,45.6005550645,9.8306046025e-14,50,0.0551662337843,0,0
0.011,-325.045654177,-35.8030272239,6.15188772658,29.6511394973,0,785.499759014,19371.0747134,-1562.38562991,329.899100228,45.6005550645,9.8306046025e-14,50,0.0551662337843,0,0
0.01102,-323.753171837,-32.7046220794,5.82875206153,26.8758700179,0,785.469623267,17626.4714799,-1207.00921252,329.937090666,46.8044520494,9.80004918152e-14,50,0.0641044904845,0,0
0.01104,-322.855984643,-34.6481959225,7.64943920099,26.9987567215,0,785.450732278,18410.4249178,-351.944873077,329.937090666,46.8044520494,9.80004918152e-14,50,0.0641044904845,0,0
0.01106,-321.953126902,-36.5981009992,9.48632476761,27.1117762316,0,785.428017233,19184.7589064,517.995689813,329.968262382,47.9816844556,9.75590481584e-14,50,0.0522654187788,0,0
0.01108,-320.881279987,-36.4993289208,7.22925761172,29.270071309,0,785.413436604,19493.1908975,-602.802091003,329.968262382,47.9816844556,9.75590481584e-14,50,0.0522654187788,0,0
0.0111,-319.682228431,-34.8693658097,4.67796419555,30.1914016141,0,785.417530574,18990.3903777,-1690.59006297,329.968262382,47.9816844556,9.75590481584e-14,50,0.0522654187788,0,0
0.01112,-318.447414333,-32.8486550994,4.78141772681,28.0672373726,0,785.390496365,17794.5520725,-1281.76320216,329.993781743,49.1322116029,9.72565097014e-14,50,0.0612345433005,0,0
0.01114,-317.528757838,-34.84464701,6.70434088723,28.1403061227,0,785.37152879,18562.6963938,-358.172390716,329.993781743,49.1322116029,9.72565097014e-14,50,0.0612345433005,0,0
0.01116,-316.606986331,-36.8471029178,8.64319085715,28.2039120606,0,785.348632605,19320.6397727,579.897152013,330.013337168,50.2568390652,9.69551532379e-14,50,0.0541054645468,0,0
0.01118,-315.498645578,-36.5493685625,5.98457042695,30.5647981356,0,785.333665584,19626.7271919,-715.714958834,330.013337168,50.2568390652,9.69551532379e-14,50,0.0541054645468,0,0
0.0112,-314.279007359,-34.8898489528,3.65299822595,31.2368507268,0,785.327615159,19105.7378787,-1684.38474046,330.013337168,50.2568390652,9.69551532379e-14,50,0.0541054645468,0,0
0.01122,-313.029558959,-32.885113558,4.08761215222,28.7975014058,0,785.297977297,17855.2199398,-1133.67498556,330.027788121,51.3551005419,9.66549366554e-14,50,0.0635202783955,0,0
0.01124,-312.1015033,-34.9346345324,6.11167184242,28.82296269,0,785.279191347,18604.8454704,-143.709351596,330.027788121,51.3551005419,9.66549366554e-14,50,0.0635202783955,0,0
0.01126,-311.160579091,-36.8412465413,7.85260220264,28.988644338,0,785.257363444,19318.6973181,715.018523472,330.036734115,52.4279501378,9.62272599445e-14,50,0.0547197389919,0,0
0.01128,-310.023170151,-36.297357704,4.69514833574,31.6022093682,0,785.243882022,19627.8554544,-802.712590161,330.036734115,52.4279501378,9.62272599445e-14,50,0.0547197389919,0,0
0.0113,-308.799928531,-34.6862292323,2.51346736291,32.1727618694,0,785.236332166,19142.2655302,-1701.74571522,330.036734115,52.4279501378,9.62272599445e-14,50,0.0547197389919,0,0
0.01132,-307.555758561,-32.8176142565,3.12542981336,29.6921844432,0,785.207265692,17929.9109029,-1106.55902229,330.041219073,53.4747891929,9.56771813157e-14,50,0.0646595402038,0,0
0.01134,-306.628240066,-34.9213211058,5.25084963575,29.67047147,0,785.188862248,18659.517604,-50.2209059194,330.041219073,53.4747891929,9.56771813157e-14,50,0.0646595402038,0,0
0.01136,-305.669760287,-36.633955831,6.59670023361,30.0372555974,0,785.166470185,19323.3184896,633.864574003,330.040885734,54.4968567653,9.51337808976e-14,50,0.0560363493232,0,0
0.01138,-304.536223811,-36.1448303838,3.54157131053,32.6032590733,0,785.153053087,19691.8749676,-812.624310525,330.040885734,54.4968567653,9.51337808976e-14,50,0.0560363493232,0,0
0.0114,-303.317303925,-34.5753687804,1.50368243374,33.0716863467,0,785.144109575,19234.6879584,-1645.53069658,330.040885734,54.4968567653,9.51337808976e-14,50,0.0560363493232,0,0
0.01142,-302.010011473,-31.88512003,1.81139792997,30.0737221001,0,785.116607746,17618.2640608,-1190.07623579,330.036857001,55.4934359455,9.49614308574e-14,50,0.066227441492,0,0
0.01144,-301.090633374,-34.0448231971,4.03860984778,30.0062133493,0,785.10031188,18327.0280546,-69.594763345,330.036857001,55.4934359455,9.49614308574e-14,50,0.066227441492,0,0
0.01146,-300.114835453,-35.4793662189,4.8181154474,30.6612507715,0,785.079343831,18945.9379984,355.289163772,330.028470782,56.4656148601,9.44292479386e-14,50,0.0545699681789,0,0
0.01148,-298.991744786,-35.0469039381,1.86622608303,33.180677855,0,785.065243512,19373.807565,-1021.81127355,330.028470782,56.4656148601,9.44292479386e-14,50,0.0545699681789,0,0
0.0115,-297.79134165,-33.6232335297,-0.21213747575,33.8353710054,0,785.065359385,19046.589506,-1891.72324786,330.028470782,56.4656148601,9.44292479386e-14,50,0.0545699681789,0,0
0.01152,-296.576404113,-31.994100546,0.457873078031,31.536227468,0,785.041673379,17950.4527401,-1353.78360712,330.017240238,57.4128495979,9.39036041756e-14,50,0.0653023136924,0,0
0.01154,-295.669793165,-34.2074004039,2.78679312202,31.4206072819,0,785.025355728,18634.6404155,-165.250537479,330.017240238,57.4128495979,9.39036041756e-14,50,0.0653023136924,0,0
0.01156,-294.687630336,-35.4476142802,3.17231895824,32.2752953219,0,785.003931242,19231.729768,88.9112495813,330.002861795,58.3367376878,9.3498847261e-14,50,0.0586581356289,0,0
0.01158,-293.578497353,-35.0691042969,0.323204642103,34.7458996548,0,784.98691628,19714.291786,-1215.3610982,330.002861795,58.3367376878,9.3498847261e-14,50,0.0586581356289,0,0
0.0116,-292.378605932,-33.5255336562,-1.45365532734,34.9791889836,0,784.97502486,19279.1630731,-1931.77086074,330.002861795,58.3367376878,9.3498847261e-14,50,0.0586581356289,0,0
0.01162,-291.100554413,-30.9746879027,-0.856432450833,31.8311203535,0,784.949304641,17673.0276322,-1432.63616293,329.986498638,59.2362668529,9.32097803236e-14,50,0.069375215406,0,0
0.01164,-290.208932775,-33.24335254,1.57397814506,31.6693743949,0,784.935274427,18330.6818271,-179.926226323,329.986498638,59.2362668529,9.32097803236e-14,50,0.069375215406,0,0
0.01166,-289.207218226,-34.1046260908,1.1925934266,32.9120326642,0,784.916870916,18910.6197685,-279.897145852,329.967368543,60.1127954841,7.26224020581e-14,50,0.0575181776005,0,0
0.01168,-288.113204701,-33.7822621033,-1.55302975498,35.3352918583,0,784.898922665,19447.094755,-1515.10508322,329.967368543,60.1127954841,7.26224020581e-14,50,0.0575181776005,0,0
0.0117,-286.87266153,-31.5969682494,-2.54588446825,34.1428527176,0,784.889948598,18470.6154309,-1844.27282179,329.967368543,60.1127954841,7.26224020581e-14,50,0.0575181776005,0,0
0.01172,-285.737359346,-30.7074773988,-0.822360896513,31.5298382954,0,784.873360862,17500.8726452,-871.677563003,329.946814485,60.965352281,7.231337056e-14,50,0.0640935895614,0,0
0.01174,-284.859937981,-33.0295115215,1.70684526076,31.3226662607,0,784.86006356,18125.4656695,444.423220944,329.946814485,60.965352281,7.231337056e-14,50,0.0640935895614,0,0
0.01176,-283.851779255,-33.6907648822,0.917717866755,32.7730470154,0,784.842551105,18709.7236555,165.15338513,329.92465749,61.7960367079,7.20579016818e-14,50,0.056317189916,0,0
0.01178,-282.771013296,-33.4221447985,-1.72788642781,35.1500312263,0,784.825173925,19290.5698945,-1002.7042967,329.92465749,61.7960367079,7.20579016818e-14,50,0.056317189916,0,0
0.0118,-281.543502664,-31.2959419572,-2.62756929876,33.923511256,0,784.816963163,18338.6965242,-1316.05565684,329.92465749,61.7960367079,7.20579016818e-14,50,0.056317189916,0,0
0.01182,-280.419805324,-30.4569017771,-0.809365398093,31.2662671752,0,784.801087839,17347.071357,-329.507757236,329.901955366,62.6033855864,7.16575043535e-14,50,0.0631010251431,0,0
0.01184,-279.553352696,-32.8318677093,1.81893639922,31.0129313101,0,784.788478457,17935.2864983,1050.70013408,329.901955366,62.6033855864,7.16575043535e-14,50,0.0631010251431,0,0
0.01186,-278.527225043,-33.1947491728,0.426507945034,32.7682412278,0,784.770925753,18537.252114,498.662911154,329.878404641,63.3893465024,7.13113257454e-14,50,0.0558271634053,0,0
0.01188,-277.455535039,-32.9797000557,-2.11832491414,35.0980249698,0,784.753843661,19159.9838531,-601.366811639,329.878404641,63.3893465024,7.13113257454e-14,50,0.0558271634053,0,0
0.0119,-276.235560794,-30.9016129309,-2.93239110397,33.8340040348,0,784.745975508,18226.2906897,-902.215448476,329.878404641,63.3893465024,7.13113257454e-14,50,0.0558271634053,0,0
0.01192,-275.118494721,-30.1142533291,-1.01797855437,31.1322318835,0,784.730754494,17210.2562925,99.3150950044,329.855127982,64.1525831919,7.10129519975e-14,50,0.06269793077,0,0
0.01194,-274.256177202,-32.5255363254,1.6770621229,30.8484742022,0,784.719363443,17759.6920619,1528.53085354,329.855127982,64.1525831919,7.10129519975e-14,50,0.06269793077,0,0
0.01196,-273.201599353,-32.5329903865,-0.43201039588,32.9650007824,0,784.703035774,18400.5851168,650.040942108,329.83170791,64.8948233882,7.07972815183e-14,50,0.0560528268617,0,0
0.01198,-272.132666429,-32.3717812743,-2.8748620694,35.2466433437,0,784.685834828,19063.1707382,-381.398611479,329.83170791,64.8948233882,7.07972815183e-14,50,0.0560528268617,0,0
0.012,-42.696602005,-30.3818084703,-3.55605318313,33.9378616534,0,784.678122508,11219.9786166,4294.03628887,329.83170791,64.8948233882,7.07972815183e-14,50,0.0560528268617,0,0
0.01202,-42.6001487309,-31.1641529592,-0.771406874862,31.9355598341,0,784.662447574,10641.6102702,5077.20204317,329.809294491,65.6148819926,7.05035168647e-14,50,0.0629627282913,0,0
0.01204,-42.7512955314,-35.0554345327,2.61658877322,32.4388457588,0,784.646817449,10914.9652953,6512.47886326,329.809294491,65.6148819926,7.05035168647e-14,50,0.0629627282913,0,0
0.01206,-42.701910534,-36.4360129422,1.00050143358,35.4355115086,0,784.627723838,11924.8005062,6532.67514456,329.288461173,65.7007093548,0.622622496093,50,0.229575942188,0,0
0.01208,-42.652252026,-37.8181599979,-0.59515659169,38.4133165896,0,784.60514473,12942.456029,6568.0944873,329.288461173,65.7007093548,0.622622496093,50,0.229575942188,0,0
0.0121,-42.4377464406,-37.1385653136,-0.299561004398,37.438126318,0,784.592126609,12643.5780089,6617.33305538,329.288461173,65.7007093548,0.622622496093,50,0.229575942188,0,0
0.01212,-40.4371633192,-14.0650290884,-11.3442549314,25.4092840197,0,784.586999072,8438.87867676,338.716520036,328.785349362,65.7761389828,1.23386538402,50,0.262465849073,0,0
0.01214,-39.6489141528,-6.2033751979,-17.5145831447,23.7179583426,0,784.563304021,7878.33290658,-2279.22604429,328.785349362,65.7761389828,1.23386538402,50,0.262465849073,0,0
0.01216,-39.6035953293,-7.66725908466,-19.0025612129,26.6698202976,0,784.564360964,8934.30893029,-2260.57333847,328.291383472,65.8308515594,1.83378194622,50,0.0830168714437,0,0
0.01218,-39.557709564,-9.13275579205,-20.4702034034,29.6029591954,0,784.559539287,9997.11499495,-2226.42336956,328.291383472,65.8308515594,1.83378194622,50,0.0830168714437,0,0
0.0122,-39.4220535014,-9.48188619915,-20.7195989032,30.2014851024,0,784.572248624,10270.5303268,-2162.67686203,328.291383472,65.8308515594,1.83378194622,50,0.0830168714437,0,0
0.01222,-39.3313094117,-10.4045779528,-18.8077266598,29.2123046126,0,784.579628364,9991.81626158,-1566.58582437,327.815840604,65.8757578095,2.42241090383,50,0.108178810014,0,0
0.01224,-39.2836394238,-11.8785748549,-20.2241214726,32.1026963276,0,784.569674674,11059.2717581,-1495.85059021,327.815840604,65.8757578095,2.42241090383,50,0.108178810014,0,0
0.01226,-39.2351534365,-13.3542203147,-21.6202640611,34.9744843758,0,784.554049115,12132.7138686,-1409.64295715,327.358215654,65.9112731467,2.9997762503,50,0.127559964788,0,0
0.01228,-39.1857881395,-14.8315217783,-22.9961710415,37.8276928198,0,784.532760188,13211.8845949,-1307.97467027,327.358215654,65.9112731467,2.9997762503,50,0.127559964788,0,0
0.0123,-38.8987523891,-13.3415265537,-21.32031209,34.6618386438,0,784.524980346,12168.8540501,-1239.35096717,327.358215654,65.9112731467,2.9997762503,50,0.127559964788,0,0
0.01232,-38.6208909106,-11.9808816317,-19.9679402493,31.948821881,0,784.518734594,11278.0855293,-1215.81669092,326.918154243,65.9369990923,3.56588728739,50,0.15046998194,0,0
0.01234,-38.5694937964,-13.4755678865,-21.2954541782,34.7710220647,0,784.503615949,12352.6670723,-1089.72740403,326.918154243,65.9369990923,3.56588728739,50,0.15046998194,0,0
0.01236,-38.5169694048,-14.9720044352,-22.6028854893,37.5748899245,0,784.482950415,13432.1814155,-948.174645038,326.495050461,65.9528860458,4.12073885903,50,0.164082385833,0,0
0.01238,-38.4632556945,-16.4702058846,-23.8902659519,40.3604718365,0,784.456773607,14516.3525818,-791.177557613,326.495050461,65.9528860458,4.12073885903,50,0.164082385833,0,0
0.0124,-37.9247981074,-11.906378402,-19.0117294209,30.9181078229,0,784.455363137,11164.7613082,-843.494493419,326.495050461,65.9528860458,4.12073885903,50,0.164082385833,0,0
0.01242,-37.559904088,-9.53757278279,-17.597013683,27.1345864658,0,784.449868843,9866.25480459,-1069.79586766,326.087671147,65.9586982617,4.6643117762,50,0.159596923117,0,0
0.01244,-37.5039368067,-11.0622375587,-18.8431923631,29.9054299218,0,784.444300968,10932.2505702,-902.603190593,326.087671147,65.9586982617,4.6643117762,50,0.159596923117,0,0
0.01246,-37.4465483962,-12.5888510273,-20.0695486978,32.6583997251,0,784.433598565,12002.2737682,-719.929156092,325.696598152,65.9546588163,5.19657342403,50,0.162644992456,0,0
0.01248,-37.3876794648,-14.1174136926,-21.2761402767,35.3935539694,0,784.417452893,13076.0332677,-521.80919474,325.696598152,65.9546588163,5.19657342403,50,0.162644992456,0,0
0.0125,-36.8973433655,-10.2559078978,-17.0015733435,27.2574812413,0,784.422862997,10119.5282062,-613.473203552,325.696598152,65.9546588163,5.19657342403,50,0.162644992456,0,0
0.01252,-36.5180347572,-7.80883713889,-16.2049640477,24.0138011866,0,784.419018011,9000.74675671,-1017.56754372,325.321403998,65.9410025025,5.71747854018,50,0.163691158459,0,0
0.01254,-36.4559735861,-9.36324298273,-17.3683601061,26.7316030888,0,784.419853232,10059.0717897,-805.87162765,325.321403998,65.9410025025,5.71747854018,50,0.163691158459,0,0
0.01256,-36.3922227456,-10.9198044133,-18.5122754277,29.432079841,0,784.415621695,11120.4617,-578.723792066,324.962446017,65.9177651873,6.22697015194,50,0.167736232535,0,0
0.01258,-36.3267301209,-12.4785305378,-19.6367842003,32.1153147381,0,784.406029597,12184.6165388,-336.172189737,324.962446017,65.9177651873,6.22697015194,50,0.167736232535,0,0
0.0126,-36.1462737755,-12.6200719061,-19.2619921096,31.8820640157,0,784.423678272,12146.9571759,-178.843735136,324.962446017,65.9177651873,6.22697015194,50,0.167736232535,0,0
0.01262,-35.7732840744,-10.3721967957,-19.7894123617,30.1616091574,0,784.428648135,11619.7024864,-793.458089647,324.621135623,65.8859750979,6.72498065766,50,0.201540117581,0,0
0.01264,-35.7031672195,-11.948722751,-20.8606347804,32.8093575315,0,784.416491002,12682.8607775,-520.128150326,324.621135623,65.8859750979,6.72498065766,50,0.201540117581,0,0
0.01266,-35.6311336337,-13.5276548169,-21.9127401285,35.4403949454,0,784.400205022,13747.8114648,-231.468514734,324.296389513,65.8450174875,7.21143303698,50,0.214049953507,0,0
0.01268,-35.5571367773,-15.1089588263,-22.9458468507,38.0548056769,0,784.378736629,14814.2361627,72.4368385876,324.296389513,65.8450174875,7.21143303698,50,0.214049953507,0,0
0.0127,-35.243997542,-13.7185372027,-20.9024112929,34.6209484955,0,784.371493792,13528.7783051,114.776554103,324.296389513,65.8450174875,7.21143303698,50,0.214049953507,0,0
0.01272,-34.8078681993,-10.8136300456,-20.6322302245,31.4458602701,0,784.373561272,12432.5196875,-567.503456939,323.988036683,65.7956080542,7.68624217284,50,0.236625410168,0,0
0.01274,-34.6637189855,-11.5991251877,-22.0276442744,33.626769462,0,784.35704151,13366.5573574,-535.217749981,323.988036683,65.7956080542,7.68624217284,50,0.236625410168,0,0
0.01276,-34.5829103477,-13.2079426279,-22.9941154536,36.2020580814,0,784.339377093,14424.0252185,-195.170615456,323.6948523,65.736915527,8.14931626738,50,0.233277427123,0,0
0.01278,-34.4999721551,-14.8193897259,-23.9421175494,38.7615072753,0,784.31664538,15481.8446841,159.945595734,323.6948523,65.736915527,8.14931626738,50,0.233277427123,0,0
0.0128,-34.1545369238,-13.1684063693,-21.5334339644,34.7018403337,0,784.309195788,13911.7230368,159.148086294,323.6948523,65.736915527,8.14931626738,50,0.233277427123,0,0
0.01282,-33.7074514363,-10.2726308922,-21.1022113747,31.3748422668,0,784.309376818,12737.1286664,-537.181810857,323.417243442,65.670060104,8.60055833328,50,0.253481853818,0,0
0.01284,-33.5125997465,-10.5706797005,-22.6745156723,33.2451953728,0,784.29549212,13589.0191808,-656.503613638,323.417243442,65.670060104,8.60055833328,50,0.253481853818,0,0
0.01286,-33.4224442527,-12.212474382,-23.5584170493,35.7708914313,0,784.278844071,14634.6950165,-267.391540476,323.153959692,65.5941061401,9.03986774127,50,0.245969738114,0,0
0.01288,-33.3300540884,-13.8571806621,-24.4244832331,38.2816638951,0,784.257223452,15679.6762906,136.55745241,323.153959692,65.5941061401,9.03986774127,50,0.245969738114,0,0
0.0129,-32.9798520621,-12.2996592239,-22.0006002339,34.3002594579,0,784.250452369,14099.7054979,127.882724984,323.153959692,65.5941061401,9.03986774127,50,0.245969738114,0,0
0.01292,-32.5142055332,-9.32562595453,-21.7771408066,31.1027667612,0,784.248460592,12976.5845635,-668.810379039,322.905486573,65.5103428246,9.4671418044,50,0.266816590467,0,0
0.01294,-32.2688905916,-9.1464316131,-23.5245103316,32.6709419447,0,784.237108865,13750.9223664,-948.425492046,322.905486573,65.5103428246,9.4671418044,50,0.266816590467,0,0
0.01296,-32.1690855019,-10.8238127538,-24.3279200769,35.1517328307,0,784.221846695,14782.760527,-510.93408484,322.670471887,65.4176326081,9.88227737988,50,0.255474638533,0,0
0.01298,-32.0670056856,-12.5043969943,-25.1142277753,37.6186247696,0,784.201695982,15812.9176133,-58.8976134854,322.670471887,65.4176326081,9.88227737988,50,0.255474638533,0,0
0.013,-31.7280446679,-11.2458873368,-22.8447714248,34.0906587617,0,784.195473763,14377.9374982,-36.2461587779,322.670471887,65.4176326081,9.88227737988,50,0.255474638533,0,0
0.01302,-31.2585240963,-8.3817603115,-22.5392597277,30.9210200392,0,784.193369402,13249.3246242,-828.396994615,322.449480973,65.3175056242,10.285172469,50,0.278670972039,0,0
0.01304,-30.9923112747,-8.09926095656,-24.2783711595,32.3776321161,0,784.184552458,13999.6966484,-1132.40881497,322.449480973,65.3175056242,10.285172469,50,0.278670972039,0,0
0.01306,-30.8827558873,-9.8132760231,-25.0045059524,34.8177819755,0,784.170091586,15015.4625884,-646.20484915,322.241021196,65.2087782562,10.6757277968,50,0.267541632427,0,0
0.01308,-30.770951931,-11.5307858993,-25.7143608136,37.2451467129,0,784.150819546,16028.6270842,-145.835513138,322.241021196,65.2087782562,10.6757277968,50,0.267541632427,0,0
0.0131,-30.4244267018,-10.3360892401,-23.3996307962,33.7357200364,0,784.145579881,14565.2668005,-127.549090357,322.241021196,65.2087782562,10.6757277968,50,0.267541632427,0,0
0.01312,-29.9367378539,-7.40241639215,-23.2676601865,30.6700765787,0,784.140961144,13485.1458389,-1007.52564316,322.045563397,65.0929874999,11.0538483526,50,0.291337922756,0,0
0.01314,-29.6338294792,-6.81747893949,-25.102481509,31.9199604485,0,784.131786946,14186.0991551,-1418.36077457,322.045563397,65.0929874999,11.0538483526,50,0.291337922756,0,0
0.01316,-29.5148537148,-8.57044112488,-25.7546628701,34.3251039949,0,784.118450618,15184.1961079,-884.275284133,321.861576113,64.9688076101,11.4194448757,50,0.277629091757,0,0
0.01318,-29.3937197577,-10.3271809028,-26.3914691911,36.7186500939,0,784.100368101,16178.8658099,-336.471200043,321.861576113,64.9688076101,11.4194448757,50,0.277629091757,0,0
0.0132,-29.1122776661,-10.1039706666,-24.9420043646,35.0459750312,0,784.092352797,15454.6971462,-146.59864832,321.861576113,64.9688076101,11.4194448757,50,0.277629091757,0,0
0.01322,-28.6292184249,-7.38243283157,-24.8298468694,32.212279701,0,784.088303754,14457.9619787,-992.375274326,321.689961031,64.8380810917,11.772435268,50,0.309672863929,0,0
0.01324,-28.3034451863,-6.6634881422,-26.6781149234,33.3416030656,0,784.078199257,15133.4743263,-1443.02557751,321.689961031,64.8380810917,11.772435268,50,0.309672863929,0,0
0.01326,-28.1754643827,-8.45480325417,-27.2586471279,35.7134503821,0,784.06223617,16113.1933361,-858.691549356,321.528805288,64.6993370794,12.1127459211,50,0.297638131362,0,0
0.01328,-28.0454743746,-10.2501532804,-27.8247675753,38.0749208556,0,784.041600932,17088.6743509,-261.198294306,321.528805288,64.6993370794,12.1127459211,50,0.297638131362,0,0
0.0133,-27.74828518,-9.97737421464,-26.2464309024,36.223805117,0,784.031647635,16265.3337012,-81.6483707454,321.528805288,64.6993370794,12.1127459211,50,0.297638131362,0,0
0.01332,-27.2557171318,-7.28261360999,-26.0024155966,33.2850292066,0,784.025569487,15211.6201722,-930.542763191,321.37877694,64.5543850793,12.4403129423,50,0.32963216987,0,0
0.01334,-26.8793735384,-6.07343859665,-28.0481187351,34.1215573318,0,784.014690317,15820.7664975,-1572.86489568,321.37877694,64.5543850793,12.4403129423,50,0.32963216987,0,0
0.01336,-26.7433457021,-7.90567893183,-28.5616363052,36.467315237,0,783.997407147,16780.4711626,-940.402133816,321.237915904,64.4016098447,12.7550832694,50,0.313835226329,0,0
0.01338,-26.6055093953,-9.74218795332,-29.0617591706,38.803947124,0,783.975507462,17735.2633636,-295.391941289,321.237915904,64.4016098447,12.7550832694,50,0.313835226329,0,0
0.0134,-26.2969805659,-9.46435057468,-27.3915318102,36.8558823849,0,783.964620085,16846.1687488,-119.313230446,321.237915904,64.4016098447,12.7550832694,50,0.313835226329,0,0
0.01342,-25.7972978515,-6.81499837517,-27.0366261747,33.8516245499,0,783.95697782,15752.1676144,-967.574806986,321.106915071,64.242964013,13.0570156623,50,0.346112308074,0,0
0.01344,-25.3893402481,-5.34133645162,-29.17277966,34.5141161116,0,783.944634078,16325.9435553,-1713.88882881,321.106915071,64.242964013,13.0570156623,50,0.346112308074,0,0
0.01346,-25.2464152345,-7.21634143632,-29.6242687121,36.8406101484,0,783.926818788,17264.529463,-1035.11404547,320.983818457,64.0767539801,13.3460815655,50,0.328490641308,0,0
0.01348,-25.1019243205,-9.09581806203,-30.0634119921,39.1592300542,0,783.904426865,18197.6599754,-344.4544462,320.983818457,64.0767539801,13.3460815655,50,0.328490641308,0,0
0.0135,-24.7865040677,-8.85504398166,-28.315746046,37.1707900276,0,783.893034037,17265.2426033,-160.295744343,320.983818457,64.0767539801,13.3460815655,50,0.328490641308,0,0
0.01352,-24.2821150031,-6.26713609284,-27.8642226198,34.1313587126,0,783.884103434,16143.9118937,-1002.79214237,320.869311128,63.9050037069,13.6222658327,50,0.361260883261,0,0
0.01354,-23.8266287374,-4.31474853376,-30.2037901888,34.5185387225,0,783.871752995,16664.2486655,-1948.48319113,320.869311128,63.9050037069,13.6222658327,50,0.361260883261,0,0
0.01356,-23.6781698869,-6.23452886778,-30.5980880028,36.8326168706,0,783.854173435,17581.4522797,-1225.21055633,320.761437199,63.7258850742,13.8855673102,50,0.340620521779,0,0
0.01358,-23.5284179939,-8.1589475891,-30.9810992925,39.1400468816,0,783.832050595,18492.7831649,-490.744763753,320.761437199,63.7258850742,13.8855673102,50,0.340620521779,0,0
0.0136,-23.2090233308,-7.97593094061,-29.1804913734,37.156422314,0,783.820794358,17537.7683166,-294.678962947,320.761437199,63.7258850742,13.8855673102,50,0.340620521779,0,0
0.01362,-22.7020014275,-5.45922689334,-28.6464288927,34.105655786,0,783.810832629,16400.7451495,-1128.04941326,320.660907206,63.5415475138,14.1359992767,50,0.3740797972,0,0
0.01364,-22.2286451642,-3.38351226749,-31.0173993359,34.4009116034,0,783.799331465,16909.6939045,-2123.35453565,320.660907206,63.5415475138,14.1359992767,50,0.3740797972,0,0
0.01366,-22.0760783817,-5.34908722333,-31.3596584634,36.7087456867,0,783.782211724,17805.3946571,-1357.25097524,320.565827161,63.3501291556,14.3735897382,50,0.353135149225,0,0
0.01368,-21.9225091221,-7.31942762201,-31.6916753713,39.0111029933,0,783.76058094,18694.9172749,-580.673824314,320.565827161,63.3501291556,14.3735897382,50,0.353135149225,0,0
0.0137,-21.5995511952,-7.18196930329,-29.8563709627,37.038340266,0,783.749836997,17723.3390077,-379.309119468,320.565827161,63.3501291556,14.3735897382,50,0.353135149225,0,0
0.01372,-21.1282471782,-5.19989783139,-28.3116247274,33.5115225588,0,783.730349262,16254.3780319,-926.529051021,320.476889779,63.1537986763,14.5983815807,50,0.387366454791,0,0
0.01374,-20.6254741115,-2.83832122696,-30.8021754499,33.6404966768,0,783.719307714,16739.4299438,-2043.72343315,320.476889779,63.1537986763,14.5983815807,50,0.387366454791,0,0
0.01376,-20.4702373296,-4.84987304107,-31.0991559606,35.9490290017,0,783.703902659,17613.4733784,-1237.86254274,320.392088879,62.9507774181,14.8104325821,50,0.367210314967,0,0
0.01378,-20.3142939484,-6.86628319993,-31.3868996876,38.2531828875,0,783.684047734,18481.1669067,-422.263360975,320.392088879,62.9507774181,14.8104325821,50,0.367210314967,0,0
0.0138,-20.0064230655,-6.9902680192,-29.6601428292,36.6504108485,0,783.674397312,17642.9475198,-145.838247613,320.392088879,62.9507774181,14.8104325821,50,0.367210314967,0,0
0.01382,-19.486786263,-4.47063609666,-29.3697162209,33.8403523176,0,783.663283379,16638.2954677,-1052.29060071,320.312385654,62.7431599238,15.0098152915,50,0.403732728803,0,0
0.01384,-18.9412985474,-1.63835839636,-32.0748185949,33.7131769913,0,783.651895782,17091.2357458,-2372.07908275,320.312385654,62.7431599238,15.0098152915,50,0.403732728803,0,0
0.01386,-18.7850027474,-3.69805670086,-32.3279089687,36.0259656696,0,783.635758037,17945.2479908,-1525.80358845,320.236007162,62.5287865136,15.1966167797,50,0.378223452964,0,0
0.01388,-18.6282913584,-5.76270375198,-32.5726850952,38.3353888472,0,783.615971163,18792.7658232,-670.470619529,320.236007162,62.5287865136,15.1966167797,50,0.378223452964,0,0
0.0139,-18.3213991999,-5.95330315323,-30.7878731034,36.7411762567,0,783.606439244,17935.8484456,-375.135554505,320.236007162,62.5287865136,15.1966167797,50,0.378223452964,0,0
0.01392,-17.8044550879,-3.51828855497,-30.4016850768,33.9199736317,0,783.59387496,16918.7677782,-1258.19570488,320.163682649,62.3100926859,15.3709382723,50,0.415540534936,0,0
0.01394,-17.2467630863,-0.580343774191,-33.1436417457,33.7239855199,0,783.584137394,17375.7665252,-2619.64897259,320.163682649,62.3100926859,15.3709382723,50,0.415540534936,0,0
0.01396,-17.0908181687,-2.68843362713,-33.3574500624,36.0458836896,0,783.566498831,18210.2563277,-1734.72013732,320.093744381,62.084895853,15.5328946747,50,0.390011306128,0,0
0.01398,-16.9347336035,-4.80158173622,-33.5637578239,38.3653395601,0,783.546892786,19038.1862236,-841.363343673,320.093744381,62.084895853,15.5328946747,50,0.390011306128,0,0
0.014,-16.6286862769,-5.04012329348,-31.7365054268,36.7766287203,0,783.537727766,18165.1914717,-536.264486024,320.093744381,62.084895853,15.5328946747,50,0.390011306128,0,0
0.01402,-16.1147762602,-2.67727807996,-31.2726734211,33.949951501,0,783.524151611,17141.3398015,-1401.25629028,320.026926227,61.8556348378,15.6826140006,50,0.428147308148,0,0
0.01404,-15.5415339716,0.424737957804,-34.0849834261,33.6602454683,0,783.513498352,17601.5337514,-2829.31590928,320.026926227,61.8556348378,15.6826140006,50,0.428147308148,0,0
0.01406,-15.3775355523,-1.61021433456,-34.3244488599,35.9346631944,0,783.49472148,18409.1594762,-1961.74859888,319.961662808,61.6200445021,15.8202367179,50,0.401107300916,0,0
0.01408,-15.2233770484,-3.77237434961,-34.4960939918,38.2684683414,0,783.475562147,19218.442627,-1031.87793208,319.961662808,61.6200445021,15.8202367179,50,0.401107300916,0,0
0.0141,-14.9211094724,-4.08024723619,-32.6271592546,36.7074064908,0,783.466773169,18338.0607597,-708.716849107,319.961662808,61.6200445021,15.8202367179,50,0.401107300916,0,0
0.01412,-14.4121505547,-1.79858117559,-32.0917812964,33.890362472,0,783.452128025,17314.4433184,-1551.43997645,319.898712935,61.3806277188,15.9459150249,50,0.4401078063,0,0
0.01414,-13.8475468962,1.17876075444,-34.8337471028,33.6549863484,0,783.440720673,17799.3950707,-2916.0122032,319.898712935,61.3806277188,15.9459150249,50,0.4401078063,0,0
0.01416,-13.6672158765,-0.665025656201,-35.1614471627,35.8264728189,0,783.42301045,18575.5776673,-2120.38456001,319.836639135,61.1350913332,16.0598120734,50,0.413016043527,0,0
0.01418,-13.5160735547,-2.87612375729,-35.3019052874,38.1780290447,0,783.404288137,19366.9870198,-1155.47740922,319.836639135,61.1350913332,16.0598120734,50,0.413016043527,0,0
0.0142,-13.2171516257,-3.23460507672,-33.4034757292,36.638080806,0,783.396022462,18480.3181007,-822.959859486,319.836639135,61.1350913332,16.0598120734,50,0.413016043527,0,0
0.01422,-12.7132321425,-1.02243194163,-32.809162011,33.8315939527,0,783.380632774,17460.220468,-1648.23439887,319.776205495,60.8859468402,16.1621011535,50,0.452889305263,0,0
0.01424,-12.1494924598,1.94003675112,-35.5387367617,33.5987000105,0,783.367696756,17963.7172829,-2997.09597258,319.776205495,60.8859468402,16.1621011535,50,0.452889305263,0,0
0.01426,-11.9493442134,0.342897955605,-35.9853244625,35.6424265069,0,783.349630719,18709.9303985,-2299.83437223,319.716097764,60.6308199292,16.2529648569,50,0.424359756338,0,0
0.01428,-11.8021299901,-1.91732490742,-36.0972846053,38.0146095128,0,783.331499539,19484.3919752,-1301.05499957,319.716097764,60.6308199292,16.2529648569,50,0.424359756338,0,0
0.0143,-11.5089205103,-2.34538855942,-34.1673292287,36.5127177881,0,783.323693151,18597.3970903,-951.278472503,319.716097764,60.6308199292,16.2529648569,50,0.424359756338,0,0
0.01432,-11.0896105603,-1.19049155431,-31.5572578329,32.7477493872,0,783.298392992,16856.5130773,-1235.43522256,319.657096022,60.3722857301,16.3325942349,50,0.465132810903,0,0
0.01434,-10.5300739375,1.72482395655,-34.263716377,32.5388924204,0,783.288253408,17380.2399093,-2555.73420439,319.657096022,60.3722857301,16.3325942349,50,0.465132810903,0,0
0.01436,-10.3197473522,0.262474026694,-34.7785654156,34.5160913889,0,783.27366219,18106.4951162,-1910.32202288,319.597608941,60.1082713149,16.4011879689,50,0.441449457979,0,0
0.01438,-10.1769487839,-2.04453485771,-34.8683737231,36.9129085808,0,783.258008147,18864.7575887,-882.229109163,319.597608941,60.1082713149,16.4011879689,50,0.441449457979,0,0
0.0144,-9.89164125851,-2.56176812889,-32.9654928406,35.5272609695,0,783.25239797,18014.338021,-512.14145653,319.597608941,60.1082713149,16.4011879689,50,0.441449457979,0,0
0.01442,-9.39940658164,-0.481116984213,-32.33212341,32.8132403942,0,783.238434345,17041.067925,-1310.13088016,319.538844095,59.841027412,16.4589515683,50,0.483453108989,0,0
0.01444,-8.84474012206,2.38537966458,-35.0131036718,32.6277240072,0,783.226972671,17586.5428046,-2597.69045423,319.538844095,59.841027412,16.4589515683,50,0.483453108989,0,0
0.01446,-8.59801572345,1.39276709788,-35.7620165777,34.3692494798,0,783.211996005,18283.4547013,-2152.03660934,319.479753613,59.5680054817,16.5060966142,50,0.452073119253,0,0
0.01448,-8.46026845017,-0.963475250031,-35.8266475672,36.7901228172,0,783.196816362,19026.2547783,-1091.47439404,319.479753613,59.5680054817,16.5060966142,50,0.452073119253,0,0
0.0145,-8.18045841942,-1.53478406796,-33.9034069032,35.4381909712,0,783.191665493,18177.6001536,-710.481344661,319.479753613,59.5680054817,16.5060966142,50,0.452073119253,0,0
0.01452,-7.69519114089,0.473995575983,-33.21854851,32.744552934,0,783.17668804,17214.0354138,-1488.45966336,319.421114244,59.2919239003,16.5428400637,50,0.494978175922,0,0
0.01454,-7.1457242581,3.2913177432,-35.8749830133,32.5836652701,0,783.163686522,17782.039077,-2742.70791941,319.421114244,59.2919239003,16.5428400637,50,0.494978175922,0,0
0.01456,-6.87966778916,2.55761221204,-36.7535338184,34.1959216063,0,783.147625834,18464.1350495,-2402.55289144,319.362010099,59.0101644736,16.569403629,50,0.462372591722,0,0
0.01458,-6.74717270571,0.152253206194,-36.7939200548,36.6416668487,0,783.132981638,19191.8411184,-1310.01673145,319.362010099,59.0101644736,16.569403629,50,0.462372591722,0,0
0.0146,-6.47425938318,-0.488601046342,-34.8441781571,35.3327792035,0,783.128182226,18346.487634,-911.148008826,319.362010099,59.0101644736,16.569403629,50,0.462372591722,0,0
0.01462,-6.07872974118,0.411760844497,-32.0471623224,31.6354014779,0,783.102733843,16606.5375075,-1158.01054068,319.303200806,58.7255020775,16.5860132481,50,0.506181014007,0,0
0.01464,-5.53435900557,3.18219904668,-34.6839359928,31.5017369461,0,783.092336913,17196.122443,-2382.47094446,319.303200806,58.7255020775,16.5860132481,50,0.506181014007,0,0
0.01466,-5.25789213498,2.59597633287,-35.6400659192,33.0440895863,0,783.079383277,17870.4493363,-2100.60831064,319.243443312,58.435626721,16.592898658,50,0.478619219656,0,0
0.01468,-5.1304413039,0.144065364341,-35.6610486812,35.5169833168,0,783.067238843,18583.4191215,-980.109327336,319.243443312,58.435626721,16.592898658,50,0.478619219656,0,0
0.0147,-4.86605876321,-0.587368507548,-33.7441031898,34.3314716974,0,783.064584739,17777.8924909,-558.05031645,319.243443312,58.435626721,16.592898658,50,0.478619219656,0,0
0.01472,-4.39405000298,1.28818930622,-33.0286391547,31.7404498485,0,783.050578563,16866.9525162,-1304.80794768,319.183937233,58.1429879052,16.5902930831,50,0.523665423662,0,0
0.01474,-3.85479342123,4.01003178961,-35.6415327799,31.6315009903,0,783.0384194,17478.6739099,-2495.84507419,319.183937233,58.1429879052,16.5902930831,50,0.523665423662,0,0
0.01476,-3.5424083849,3.88926926194,-36.8307653071,32.9414960451,0,783.024125728,18142.7911786,-2411.51098001,319.124027016,57.8448339824,16.5784330504,50,0.489017037759,0,0
0.01478,-3.42001201584,1.38831809101,-36.8275466223,35.4392285313,0,783.012345156,18840.7319682,-1259.0408707,319.124027016,57.8448339824,16.5784330504,50,0.489017037759,0,0
0.0148,-3.16098115539,0.603407824022,-34.8889473087,34.2855394846,0,783.010023181,18035.7479639,-825.11905169,319.124027016,57.8448339824,16.5784330504,50,0.489017037759,0,0
0.01482,-2.69593813642,2.40446892799,-34.1178198444,31.7133509164,0,782.99466899,17132.0361838,-1550.34606455,319.064382959,57.5440242514,16.5575583395,50,0.534119280824,0,0
0.01484,-2.16154332805,5.07736061697,-36.7063427634,31.6289821464,0,782.980545511,17765.9801261,-2708.02167318,319.064382959,57.5440242514,16.5575583395,50,0.534119280824,0,0
0.01486,-1.829883077,5.20946477072,-38.0220017908,32.8125370201,0,782.964360288,18429.1033524,-2725.9999217,319.004466566,57.2378349786,16.5279120756,50,0.499876723999,0,0
0.01488,-1.71219960927,2.65957445759,-37.9941932187,35.3346187611,0,782.953011661,19111.6706346,-1541.48918722,319.004466566,57.2378349786,16.5279120756,50,0.499876723999,0,0
0.0149,-1.45931163826,1.80678653281,-36.0267844396,34.2199979068,0,782.950940862,18306.8573331,-1089.12391529,319.004466566,57.2378349786,16.5279120756,50,0.499876723999,0,0
0.01492,-1.08877021855,2.43075638233,-33.0052049239,30.5744485416,0,782.924309765,16549.7707324,-1290.10527754,318.944885318,56.929065455,16.489740972,50,0.544294856637,0,0
0.01494,-0.558651280809,5.05705097316,-35.5733490068,30.5162980336,0,782.912662249,17204.3001701,-2418.491921,318.944885318,56.929065455,16.489740972,50,0.544294856637,0,0
0.01496,-0.215612995897,5.3377638489,-36.9660984398,31.6283345909,0,782.899310206,17869.9285855,-2494.83833008,318.884696446,56.6154258147,16.443295725,50,0.516875979758,0,0
0.01498,-0.102004121176,2.74153240156,-36.9177655179,34.1762331163,0,782.890516439,18536.7823444,-1281.85851396,318.884696446,56.6154258147,16.443295725,50,0.516875979758,0,0
0.015,0.143197278821,1.79593253854,-34.9835814395,33.1876489009,0,782.890612546,17769.8350946,-802.364107711,318.884696446,56.6154258147,16.443295725,50,0.516875979758,0,0
0.01502,2.41270206321,3.45374445621,-34.1723189565,30.7185745003,0,782.875842131,16918.5156483,-1422.91856293,318.824959672,56.2992791101,16.3888315658,50,0.561108569246,0,0
0.01504,4.75423659822,6.01331618643,-36.705637633,30.6923214466,0,782.862059366,17609.1211167,-2437.10833185,318.824959672,56.2992791101,16.3888315658,50,0.561108569246,0,0
0.01506,6.94881770778,6.72662795199,-38.3130574792,31.5864295272,0,782.846245609,18295.8571418,-2617.22607222,318.765789844,55.9682992301,16.3345639116,50,0.538471463842,0,0
0.01508,8.87261474693,4.03904635101,-38.2172607183,34.1782143673,0,782.837666681,18938.3052561,-1268.60125099,318.765789844,55.9682992301,16.3345639116,50,0.538471463842,0,0
0.0151,10.9275008333,2.98916186658,-36.2273964435,33.238234577,0,782.837926476,18162.1437975,-692.613196157,318.765789844,55.9682992301,16.3345639116,50,0.538471463842,0,0
0.01512,13.0997539327,3.40333908004,-33.1053503653,29.7020112853,0,782.811755961,16428.2669125,-823.059102904,318.707945037,55.6249539497,16.2806544597,50,0.589926476011,0,0
0.01514,15.4352945052,5.85599617606,-35.5864621239,29.7304659478,0,782.800368938,17158.5400409,-1770.33255371,318.707945037,55.6249539497,16.2806544597,50,0.589926476011,0,0
0.01516,17.6662795086,6.98647868444,-37.403579419,30.4171007345,0,782.78548957,17868.9076669,-2117.61591108,318.650925308,55.267258863,16.2270996753,50,0.57531453113,0,0
0.01518,19.5852641715,4.19167889121,-37.2551475499,33.0634686587,0,782.779370018,18466.9807074,-701.25236277,318.650925308,55.267258863,16.2270996753,50,0.57531453113,0,0
0.0152,21.5703274133,2.21199087817,-36.0396382801,33.8276474019,0,782.788026748,18298.3111219,305.660927012,318.650925308,55.267258863,16.2270996753,50,0.57531453113,0,0
0.01522,23.7132962483,2.19779851615,-33.1793753575,30.9815768413,0,782.768447414,16803.5513565,325.305441198,318.596176667,54.8974929901,16.1738960698,50,0.630577308215,0,0
0.01524,26.0458994599,4.54582624261,-35.6052482637,31.0594220211,0,782.757111876,17564.3773199,-549.794268988,318.596176667,54.8974929901,16.1738960698,50,0.630577308215,0,0
0.01526,28.3586076184,6.62709756406,-37.8947311833,31.2676336187,0,782.741181878,18329.26647,-1296.63695955,318.543201177,54.5138117602,16.1210402003,50,0.622986776628,0,0
0.01528,30.2755257244,3.72622005828,-37.6901180922,33.963898034,0,782.731342211,18876.3405275,193.740426926,318.543201177,54.5138117602,16.1210402003,50,0.622986776628,0,0
0.0153,32.3241127718,2.45745780576,-35.6034252664,33.1459674607,0,782.732292148,18062.4298452,813.624478543,318.543201177,54.5138117602,16.1210402003,50,0.622986776628,0,0
0.01532,34.4944606679,2.69569387171,-32.4439288857,29.748235014,0,782.707819747,16357.3586445,640.313649586,318.492883399,54.1179838614,16.0685286687,50,0.667065127854,0,0
0.01534,36.8260347018,4.93513949137,-34.8155410183,29.8804015269,0,782.698208583,17152.2568583,-166.911611264,318.492883399,54.1179838614,16.0685286687,50,0.667065127854,0,0
0.01536,39.1572281694,7.14833723683,-37.1709749616,30.0226377248,0,782.683910321,17960.3663507,-953.449196271,318.444778853,53.7084465274,16.0163581211,50,0.656158852843,0,0
0.01538,41.1368861489,4.93069368375,-37.3079331233,32.3772394395,0,782.674829083,18504.6778514,252.036046331,318.444778853,53.7084465274,16.0163581211,50,0.656158852843,0,0
0.0154,43.1197026757,2.73025738473,-35.9871451391,33.2568877544,0,782.684750707,18263.1356385,1350.56268724,318.444778853,53.7084465274,16.0163581211,50,0.656158852843,0,0
0.01542,45.2608732598,2.49315730939,-33.0179005626,30.5247432532,0,782.665764984,16754.4531534,1363.57738058,318.400156976,53.2869534334,15.9645252469,50,0.700248561332,0,0
0.01544,47.5927610421,4.62512872897,-35.3323143781,30.7071856491,0,782.655204896,17575.9542602,629.91203042,318.400156976,53.2869534334,15.9645252469,50,0.700248561332,0,0
0.01546,49.9243892375,6.7309851525,-37.6306494996,30.8996643471,0,782.640074976,18409.3819243,-83.0992420303,318.358504149,52.8522302457,15.9130267784,50,0.696550637309,0,0
0.01548,51.9875393948,5.44693790141,-38.2310211559,32.7840832545,0,782.627320974,18988.5627945,731.074034933,318.358504149,52.8522302457,15.9130267784,50,0.696550637309,0,0
0.0155,53.9707719804,3.13810786195,-36.8480138428,33.7099059808,0,782.636828425,18699.105415,1876.984009,318.358504149,52.8522302457,15.9130267784,50,0.696550637309,0,0
0.01552,56.107783293,2.73583838314,-33.7080461054,30.9722077223,0,782.616489304,17125.3278615,1905.09441234,318.320817684,52.4056481539,15.8618594897,50,0.734978041507,0,0
0.01554,58.4398955914,4.75892856725,-35.9650877142,31.2061591469,0,782.604772553,17971.1294166,1245.48725342,318.320817684,52.4056481539,15.8618594897,50,0.734978041507,0,0
0.01556,60.7715976244,6.75604001449,-38.2062488374,31.4502088229,0,782.588604176,18827.537944,606.565962496,318.286513417,51.9462354985,15.8110201965,50,0.733451027232,0,0
0.01558,62.9171758226,6.39886526006,-39.2674022352,32.8685369752,0,782.572419938,19472.0599896,1031.5786718,318.286513417,51.9462354985,15.8110201965,50,0.733451027232,0,0
0.0156,64.8996164254,3.97669385835,-37.8230817683,33.8463879099,0,782.58197597,19132.7057431,2226.60772493,318.286513417,51.9462354985,15.8110201965,50,0.733451027232,0,0
0.01562,66.9831477746,2.8045485142,-33.3178961818,30.5133476676,0,782.561499082,16957.6337685,2433.7450724,318.256564452,51.4750968883,15.760505755,50,0.76623990436,0,0
0.01564,69.3140778605,4.71869048811,-35.5204583705,30.8017678824,0,782.550798732,17823.8046847,1845.17194421,318.256564452,51.4750968883,15.760505755,50,0.76623990436,0,0
0.01566,71.6441478711,6.60701283993,-37.7074672612,31.1004544212,0,782.535751873,18699.2590739,1277.381977,318.230005109,50.9917382498,15.7103130615,50,0.770042355853,0,0
0.01568,73.8526531613,6.95730802606,-39.1228661227,32.1655580966,0,782.518037004,19414.6063019,1407.97078691,318.230005109,50.9917382498,15.7103130615,50,0.770042355853,0,0
0.0157,75.9049677382,5.33709589227,-36.7687791938,31.4316833016,0,782.522552014,18434.2262738,2066.92843561,318.230005109,50.9917382498,15.7103130615,50,0.770042355853,0,0
0.01572,78.0286147181,4.60184035823,-32.3838997049,27.7820593466,0,782.498105963,16244.165671,1985.071816,318.20782863,50.4967328714,15.6604390518,50,0.792496986348,0,0
0.01574,80.3551105491,6.40307836691,-34.5343680023,28.1312896354,0,782.489533533,17133.8835152,1465.13991371,318.20782863,50.4967328714,15.6604390518,50,0.792496986348,0,0
0.01576,82.6799873283,8.17869873819,-36.669749761,28.4910510228,0,782.47671106,18031.5399886,966.173137501,318.189191066,49.9897658997,15.6108807003,50,0.791943730439,0,0
0.01578,84.9646643182,9.44724601738,-38.5493888057,29.1021427883,0,782.459287002,18874.8570882,703.799307489,318.189191066,49.9897658997,15.6108807003,50,0.791943730439,0,0
0.0158,86.9957186236,7.53460509817,-36.344535913,28.8099308148,0,782.467750861,17991.2582107,1502.09125915,318.189191066,49.9897658997,15.6108807003,50,0.791943730439,0,0
0.01582,89.1130595199,6.70651875987,-32.186120359,25.4796015991,0,782.445195176,15928.2292837,1422.34390572,318.175178873,49.4713950134,15.5616350199,50,0.81005004943,0,0
0.01584,91.4305690125,8.39411884261,-34.2850265873,25.8909077447,0,782.437245313,16838.3574735,974.650304101,318.175178873,49.4713950134,15.5616350199,50,0.81005004943,0,0
0.01586,93.7453980125,10.0563462239,-36.3694506088,26.3131043849,0,782.425145684,17755.0578021,548.148024347,318.164893685,48.9415544068,15.5126990607,50,0.811898975982,0,0
0.01588,96.053318388,11.643321237,-38.4145487094,26.7712274724,0,782.409491413,18670.7190907,165.204615381,318.164893685,48.9415544068,15.5126990607,50,0.811898975982,0,0
0.0159,98.0672915811,9.55838815255,-36.3365881693,26.7782000167,0,782.418860958,17846.6798632,1047.72569922,318.164893685,48.9415544068,15.5126990607,50,0.811898975982,0,0
0.01592,100.16881353,8.58956214697,-32.2549473123,23.6653851654,0,782.397187283,15833.8550646,981.799777151,318.15930477,48.4007343716,15.46406991,50,0.829067615587,0,0
0.01594,102.471405866,10.1641437879,-34.3045307142,24.1403869263,0,782.389309139,16759.631776,608.818887115,318.15930477,48.4007343716,15.46406991,50,0.829067615587,0,0
0.01596,104.769979997,11.7136556753,-36.3403823901,24.6267267148,0,782.377378727,17690.6096272,257.273895455,318.157454566,47.84900804,15.4157446916,50,0.83340646103,0,0
0.01598,107.064238124,13.2381585825,-38.3626521548,25.1244935724,0,782.361436744,18626.4357976,-72.7848720741,318.157454566,47.84900804,15.4157446916,50,0.83340646103,0,0
0.016,109.0476498,10.8971605954,-37.0640421183,26.1668815229,0,782.376092715,18203.9619258,1069.5859083,318.157454566,47.84900804,15.4157446916,50,0.83340646103,0,0
0.01602,111.104368062,9.51260139923,-33.0846566236,23.5720552243,0,782.357668958,16273.292552,1180.06716326,318.16035553,47.2868576144,15.3677205648,50,0.852671077206,0,0
0.01604,113.384936616,10.976674025,-35.0869160457,24.1102420207,0,782.348313101,17206.6930563,886.183590643,318.16035553,47.2868576144,15.3677205648,50,0.852671077206,0,0
0.01606,115.659915735,12.4160436211,-37.0763340329,24.6602904118,0,782.335003498,18143.9139863,613.937413495,318.166938812,46.7145205978,15.3199947245,50,0.862961336997,0,0
0.01608,117.928967626,13.830786713,-39.0530894829,25.2223027699,0,782.317778712,19084.5996112,363.372650701,318.166938812,46.7145205978,15.3199947245,50,0.862961336997,0,0
0.0161,119.926248877,11.8911814774,-37.9694086145,26.0782271371,0,782.329661313,18700.6980096,1326.13491676,318.166938812,46.7145205978,15.3199947245,50,0.862961336997,0,0
0.01612,121.90036232,9.71959720644,-32.6108911808,22.8912939744,0,782.311104846,16094.6478124,1516.56393986,318.178067684,46.1322841068,15.2725644003,50,0.880248259341,0,0
0.01614,124.150704167,11.0755075049,-34.5728223913,23.4973148864,0,782.30289019,17031.0387003,1298.75764395,318.178067684,46.1322841068,15.2725644003,50,0.880248259341,0,0
0.01616,126.393711478,12.4071699958,-36.5229531787,24.1157831829,0,782.290797616,17969.9398989,1102.76203136,318.192271436,45.5407181406,15.2254268559,50,0.892974835456,0,0
0.01618,128.629019739,13.7146784323,-38.4614890623,24.74681063,0,782.27486319,18910.9967913,928.609067272,318.192271436,45.5407181406,15.2254268559,50,0.892974835456,0,0
0.0162,130.657166292,12.5011521716,-37.4282218285,24.9270696569,0,782.290664956,18471.3143289,1492.33036794,318.192271436,45.5407181406,15.2254268559,50,0.892974835456,0,0
0.01622,132.585745636,10.1207593843,-31.8573972245,21.7366378402,0,782.273264213,15744.4023918,1662.44214373,318.210674881,44.9397482343,15.1785793886,50,0.907773711954,0,0
0.01624,134.796776343,11.3694357452,-33.784666998,22.4152312528,0,782.266714749,16682.0367982,1520.76242672,318.210674881,44.9397482343,15.1785793886,50,0.907773711954,0,0
0.01626,136.998624119,12.594411347,-35.701304694,23.106893347,0,782.256349868,17620.9121165,1401.03399514,318.231726149,44.3301959423,15.1320193291,50,0.91351241772,0,0
0.01628,139.190913076,13.7957979677,-37.607538986,23.8117410183,0,782.242203072,18560.6781088,1303.27174431,318.231726149,44.3301959423,15.1320193291,50,0.91351241772,0,0
0.0163,141.242861548,13.3382089962,-36.9763926698,23.6381836736,0,782.253499129,18271.6191965,1527.4310244,318.231726149,44.3301959423,15.1320193291,50,0.91351241772,0,0
0.01632,143.068363126,10.1465589804,-30.0046044651,19.8580454847,0,782.238304186,14838.6726025,1715.51859053,318.256641276,43.7117748875,15.0857440407,50,0.918662000869,0,0
0.01634,145.230732462,11.2905753165,-31.9052087664,20.6146334498,0,782.23559682,15775.4050381,1647.44544447,318.256641276,43.7117748875,15.0857440407,50,0.918662000869,0,0
0.01636,147.382047119,12.4115353993,-33.796465101,21.3849297018,0,782.229113658,16712.2019146,1601.41730001,318.283413027,43.0857234237,15.0397509186,50,0.920418447217,0,0
0.01638,149.521936489,13.5095689624,-35.6786207272,22.1690517648,0,782.218885043,17648.7206388,1577.42802819,318.283413027,43.0857234237,15.0397509186,50,0.920418447217,0,0
0.0164,151.582150532,13.7334490279,-35.0896054841,21.3561564562,0,782.233521288,17352.8389251,1413.0472161,318.283413027,43.0857234237,15.0397509186,50,0.920418447217,0,0
0.01642,153.425130394,11.3626564575,-29.9915824335,18.628925976,0,782.220517968,14829.4365824,1516.01803316,318.313546592,42.4514112417,14.99403739,50,0.924380482027,0,0
0.01644,155.529280301,12.4018229052,-31.8679821284,19.4661592232,0,782.217920644,15764.5566755,1528.37016224,318.313546592,42.4514112417,14.99403739,50,0.924380482027,0,0
0.01646,157.620563974,13.4186606312,-33.73638349,20.3177228588,0,782.211593683,16698.5165339,1562.78581506,318.345494731,41.8100197094,14.948600913,50,0.9269232064,0,0
0.01648,159.69863321,14.4133165845,-35.5970473356,21.1837307511,0,782.201565024,17630.9835109,1619.2335581,318.345494731,41.8100197094,14.948600913,50,0.9269232064,0,0
0.0165,161.723350365,14.8868333806,-34.7697095749,19.8828761943,0,782.221195869,17217.6638653,1235.06401448,318.345494731,41.8100197094,14.948600913,50,0.9269232064,0,0
0.01652,163.538787195,12.8879596871,-30.6413793706,17.7534196835,0,782.207650868,15165.0114661,1317.36107845,318.38021063,41.1611221843,14.9034389767,50,0.930207902015,0,0
0.01654,165.575780683,13.8243629805,-32.4988539299,18.6744909495,0,782.203818212,16095.9787412,1412.98131261,318.38021063,41.1611221843,14.9034389767,50,0.930207902015,0,0
0.01656,167.59824202,14.739246491,-34.3497289672,19.6104824762,0,782.196296295,17024.5759905,1530.58529662,318.416413332,40.5058694189,14.8585491003,50,0.933341526107,0,0
0.01658,169.605862105,15.6327727064,-36.1942730431,20.5615003367,0,782.185110245,17950.4834744,1670.11356336,318.416413332,40.5058694189,14.8585491003,50,0.933341526107,0,0
0.0166,171.60804255,16.6267734948,-35.3089060791,18.6821325844,0,782.204074221,17525.4020659,958.947423022,318.416413332,40.5058694189,14.8585491003,50,0.933341526107,0,0
0.01662,173.351787384,14.5520509059,-31.2669398797,16.7148889738,0,782.189653046,15505.9906635,1045.76621508,318.454793375,39.8438370057,14.8139288327,50,0.935722568304,0,0
0.01664,175.313610208,15.388538592,-33.1124345066,17.7238959146,0,782.184643465,16430.9072642,1225.19568845,318.454793375,39.8438370057,14.8139288327,50,0.935722568304,0,0
0.01666,177.259462146,16.2043908783,-34.9527542271,18.7483633488,0,782.175971036,17352.2959129,1426.43553591,318.494108298,39.1763108914,14.7695757524,50,0.939097000384,0,0
0.01668,179.189088591,16.9997832947,-36.7881691169,19.7883858221,0,782.163657954,18269.8525294,1649.39732225,318.494108298,39.1763108914,14.7695757524,50,0.939097000384,0,0
0.0167,181.130848515,18.1335978976,-35.6515066703,17.5179087726,0,782.184939504,17748.8539415,766.119036829,318.494108298,39.1763108914,14.7695757524,50,0.939097000384,0,0
0.01672,182.833528537,16.4582515058,-32.6418052022,16.1835536964,0,782.168802058,16236.1537537,886.804932415,318.534963072,38.5028376968,14.7254874666,50,0.941077701771,0,0
0.01674,184.713438102,17.19784144,-34.4807932344,17.2829517945,0,782.161123525,17151.8284861,1152.45010006,318.534963072,38.5028376968,14.7254874666,50,0.941077701771,0,0
0.01676,186.576237876,17.91773735,-36.3160187476,18.3982813976,0,782.149802566,18062.8414455,1439.61018765,318.576418933,37.8246314728,14.681661611,50,0.94505511962,0,0
0.01678,188.421741012,18.6181246526,-38.1477470776,19.529622425,0,782.134858533,18968.9071024,1748.16808569,318.576418933,37.8246314728,14.681661611,50,0.94505511962,0,0
0.0168,190.311962093,20.0791130585,-36.6887596231,16.6096465646,0,782.158597749,18336.9778703,559.394073086,318.576418933,37.8246314728,14.681661611,50,0.94505511962,0,0
0.01682,191.954243124,18.6324365688,-34.3606968233,15.7282602546,0,782.139286744,17154.7512012,730.422717584,318.618790261,37.141271989,14.6380958496,50,0.946323319149,0,0
0.01684,193.74712215,19.2783844212,-36.1994483407,16.9210639194,0,782.1282749,18058.8173586,1083.26669179,318.618790261,37.141271989,14.6380958496,50,0.946323319149,0,0
0.01686,195.522113394,19.9056225111,-38.035810181,18.1301876699,0,782.11363081,18957.1349261,1457.22365833,318.661348177,36.453994119,14.5947878737,50,0.950642914928,0,0
0.01688,197.283185994,20.5654852818,-39.8188941986,19.2534089172,0,782.096406715,19828.642979,1805.75478577,318.661348177,36.453994119,14.5947878737,50,0.950642914928,0,0
0.0169,199.129366141,22.5012738234,-38.3539341361,15.8526603128,0,782.115776505,19263.3677583,330.297198684,318.661348177,36.453994119,14.5947878737,50,0.950642914928,0,0
0.01692,200.677548307,20.9093434463,-35.9661654844,15.0568220381,0,782.093502167,18037.844151,531.653575574,318.704288441,35.7623093735,14.5517354021,50,0.948592459025,0,0
0.01694,202.380210782,21.4654497989,-37.8116906607,16.3462408618,0,782.079430591,18928.5255234,971.093835727,318.704288441,35.7623093735,14.5517354021,50,0.948592459025,0,0
0.01696,204.064613816,22.0038564146,-39.6561339266,17.6522775121,0,782.061722119,19812.443719,1431.15612068,318.746875316,35.0675972247,14.5089361803,50,0.955483343781,0,0
0.01698,205.768707219,23.0010070566,-41.0234889634,18.0224819068,0,782.04583294,20509.7001285,1473.93546316,318.746875316,35.0675972247,14.5089361803,50,0.955483343781,0,0
0.017,207.52279749,24.8372660261,-39.5481416568,14.7108756307,0,782.064452376,19981.4542368,38.9815424993,318.746875316,35.0675972247,14.5089361803,50,0.955483343781,0,0
0.01702,209.009697402,23.5346261644,-37.9857629032,14.4511367388,0,782.038939635,19151.6954084,339.247015127,318.789283412,34.3692488736,14.4663879804,50,0.946469253106,0,0
0.01704,210.621014226,24.0043228671,-39.8436949477,15.8393720806,0,782.021005036,20026.7247352,865.987825904,318.789283412,34.3692488736,14.4663879804,50,0.946469253106,0,0
0.01706,212.214132978,24.4573318321,-41.7017554816,17.2444236494,0,781.999420407,20894.0291275,1412.77169695,318.831058733,33.6686457407,14.4240886003,50,0.950903511914,0,0
0.01708,213.853177001,25.6972497241,-42.7567671688,17.0595174446,0,781.982962929,21474.3910718,1232.83038595,318.831058733,33.6686457407,14.4240886003,50,0.950903511914,0,0
0.0171,215.52201879,27.5209719626,-41.307760085,13.7867881224,0,781.997586195,21005.3457464,-192.80613492,318.831058733,33.6686457407,14.4240886003,50,0.950903511914,0,0
0.01712,216.869285167,25.5206334946,-38.5773386562,13.0567051617,0,781.970148424,19577.9801929,44.4036443221,318.872207965,32.9651517416,14.3820358639,50,0.941222233979,0,0
0.01714,218.390482079,25.9094252712,-40.4566944956,14.5472692244,0,781.951240364,20437.2857011,653.491394174,318.872207965,32.9651517416,14.3820358639,50,0.941222233979,0,0
0.01716,219.893982643,26.282529287,-42.3372846047,16.0547553177,0,781.928641634,21288.0314852,1282.0103315,318.912048153,32.2603660295,14.3402276201,50,0.949942851381,0,0
0.01718,221.479004281,27.8825839866,-42.9768782068,15.0942942202,0,781.916687615,21736.934126,764.749691239,318.912048153,32.2603660295,14.3402276201,50,0.949942851381,0,0
0.0172,223.009468065,29.0010060965,-41.2634283125,12.262422216,0,781.926351783,21119.1462175,-377.553618628,318.912048153,32.2603660295,14.3402276201,50,0.949942851381,0,0
0.01722,224.250558316,26.690678536,-38.5458310119,11.8551524759,0,781.896862113,19656.708669,-6.60035439307,318.950811505,31.553481999,14.2986617429,50,0.941559087627,0,0
0.01724,225.68507518,27.0043757675,-40.4534334363,13.4490576688,0,781.878232793,20498.049579,680.936554769,318.950811505,31.553481999,14.2986617429,50,0.941559087627,0,0
0.01726,227.102822884,27.3033453011,-42.3632446506,15.0598993495,0,781.855854497,21330.0946378,1387.25052825,318.987922223,30.8461783502,14.2573361309,50,0.951828348652,0,0
0.01728,228.628945932,29.1543616479,-42.7088671114,13.5545054635,0,781.845800688,21705.7444533,632.531947706,318.987922223,30.8461783502,14.2573361309,50,0.951828348652,0,0
0.0173,230.070499363,30.1346330463,-41.0047897003,10.870156654,0,781.853390248,21114.1429259,-444.632418081,318.987922223,30.8461783502,14.2573361309,50,0.951828348652,0,0
0.01732,231.22916255,27.7537586142,-38.3990236151,10.6452650009,0,781.824338994,19683.186927,-36.2365363989,319.023681469,30.1374599252,14.2162487069,50,0.943276829814,0,0
0.01734,232.582390043,27.9965006397,-40.3400042437,12.343503604,0,781.806210936,20505.2552276,728.06372495,319.023681469,30.1374599252,14.2162487069,50,0.943276829814,0,0
0.01736,233.920165657,28.2254145469,-42.2840184001,14.0586038532,0,781.784264761,21317.3506969,1510.47413462,319.057590883,29.4290594136,14.1753974175,50,0.953504379855,0,0
0.01738,235.387588456,30.2566209789,-42.4152863504,12.1586653714,0,781.775816404,21658.0786669,585.942355765,319.057590883,29.4290594136,14.1753974175,50,0.953504379855,0,0
0.0174,236.747443879,31.111225125,-40.7259518534,9.61472672833,0,781.78167759,21092.528863,-430.388423963,319.057590883,29.4290594136,14.1753974175,50,0.953504379855,0,0
0.01742,237.830141276,28.6582903067,-38.2152820049,9.55699169823,0,781.753128233,19682.9405265,10.9264080662,319.08999091,28.7199015264,14.134780233,50,0.944818384432,0,0
0.01744,239.109329614,28.8340254375,-40.1938876131,11.3598621756,0,781.735566546,20484.0647321,850.227442353,319.08999091,28.7199015264,14.134780233,50,0.944818384432,0,0
0.01746,240.374718239,28.9967529632,-42.1761929997,13.1794400365,0,781.714109063,21274.5917141,1706.97980449,319.120437732,28.0117624277,14.0943951466,50,0.955035240445,0,0
0.01748,241.806782709,31.405519094,-41.9034769604,10.4979578665,0,781.709902741,21551.6478931,426.146745973,319.120437732,28.0117624277,14.0943951466,50,0.955035240445,0,0
0.0175,243.092289749,32.1273107496,-40.2339143541,8.10660360451,0,781.714085692,21010.3783706,-523.498446834,319.120437732,28.0117624277,14.0943951466,50,0.955035240445,0,0
0.01752,244.141052182,30.026365488,-38.6774489659,8.65108347789,0,781.685318908,20026.4269518,83.6568953652,319.149304009,27.3034337565,14.0542401747,50,0.945934466717,0,0
0.01754,245.354886494,30.1373562803,-40.6957456442,10.5583893639,0,781.667020538,20804.432381,998.611884633,319.149304009,27.3034337565,14.0542401747,50,0.945934466717,0,0
0.01756,246.558636488,30.2586555636,-42.6956509848,12.4369954213,0,781.645289214,21566.7751304,1908.77128292,319.176398897,26.5967200932,14.014313356,50,0.953289991776,0,0
0.01758,247.953229471,32.9052574787,-42.1624500669,9.25719258814,0,781.639911188,21832.7595162,407.190806449,319.176398897,26.5967200932,14.014313356,50,0.953289991776,0,0
0.0176,249.234323813,34.2551587391,-40.8524167122,6.59725797313,0,781.644579922,21582.7516409,-732.441725137,319.176398897,26.5967200932,14.014313356,50,0.953289991776,0,0
0.01762,250.205845122,31.8441345599,-38.4058434218,6.56170886192,0,781.618904447,20198.0818762,-371.34153016,319.202053371,25.8902735138,13.9746127516,50,0.941760027306,0,0
0.01764,251.36415629,31.8922144681,-40.4680191713,8.57580470321,0,781.601325617,20954.747866,618.323803837,319.202053371,25.8902735138,13.9746127516,50,0.941760027306,0,0
0.01766,252.546156114,32.3485958685,-42.1147912734,9.76619540496,0,781.581367849,21629.9893685,1221.55715985,319.225871963,25.1860791766,13.9351364444,50,0.950755213938,0,0
0.01768,253.892110054,34.9671566632,-41.5925220972,6.62536543397,0,781.575238301,21952.1674299,-244.558916168,319.225871963,25.1860791766,13.9351364444,50,0.950755213938,0,0
0.0177,255.049532195,35.3218185493,-39.8852641549,4.56344560561,0,781.574156896,21400.9831551,-1038.91058084,319.225871963,25.1860791766,13.9351364444,50,0.950755213938,0,0
0.01772,255.94695675,32.5109416509,-37.4751420839,4.96420043291,0,781.546836983,19946.4260234,-497.718897817,319.248300168,24.4828129256,13.8958825389,50,0.941222574006,0,0
0.01774,257.060524247,32.5007702518,-39.5844415573,7.08367130551,0,781.531309222,20679.1705147,561.846308102,319.248300168,24.4828129256,13.8958825389,50,0.941222574006,0,0
0.01776,258.21941461,33.1435832264,-41.0343833042,7.89080007787,0,781.51396719,21310.3519113,999.22202665,319.269000177,23.7825915358,13.856849161,50,0.95241842421,0,0
0.01778,259.52490114,35.7041734508,-40.5603551455,4.85618169467,0,781.506718299,21690.5231812,-401.479887674,319.269000177,23.7825915358,13.856849161,50,0.95241842421,0,0
0.0178,260.641690434,35.9720799891,-38.9034972554,2.93141726634,0,781.504580646,21172.4105173,-1143.99974869,319.269000177,23.7825915358,13.856849161,50,0.95241842421,0,0
0.01782,261.506464672,33.1479000523,-36.6859079717,3.53800791936,0,781.479256961,19775.0621886,-557.175336966,319.2885774,23.083879514,13.8180344574,50,0.942602117793,0,0
0.01784,262.586060372,33.0812915821,-38.8432747492,5.76198316711,0,781.465481912,20481.5856312,571.48254153,319.2885774,23.083879514,13.8180344574,50,0.942602117793,0,0
0.01786,263.732719801,33.9139288249,-40.0955076326,6.18157880769,0,781.450130351,21081.3712142,840.211261395,319.306720516,22.3888924714,13.7794365958,50,0.953408344367,0,0
0.01788,265.008433559,36.4181428449,-39.6703985067,3.25225566182,0,781.44163408,21516.5088568,-494.647518846,319.306720516,22.3888924714,13.7794365958,50,0.953408344367,0,0
0.0179,266.09487615,36.5965408607,-38.0579040948,1.46136323414,0,781.438511521,21024.7249991,-1186.35241749,319.306720516,22.3888924714,13.7794365958,50,0.953408344367,0,0
0.01792,266.936225566,33.744045679,-35.9980869474,2.2540412684,0,781.414891885,19664.191833,-558.337496907,319.324091009,21.6960473395,13.7410537641,50,0.943313102722,0,0
0.01794,267.992271733,33.6223079496,-38.2039339889,4.58162603924,0,781.402655932,20342.0886393,638.709496824,319.324091009,21.6960473395,13.7410537641,50,0.943313102722,0,0
0.01796,269.1446759,34.7423863086,-39.1623392269,4.41995291834,0,781.38817202,20916.2067689,645.008504766,319.340382813,21.0076922809,13.7028841703,50,0.953868659907,0,0
0.01798,270.400733922,37.1911221049,-38.7865333472,1.59541124223,0,781.378286041,21403.8716561,-623.792051108,319.340382813,21.0076922809,13.7028841703,50,0.953868659907,0,0
0.018,271.46666519,37.2794814212,-37.2062362667,-0.0732451545333,0,781.373965845,20931.0773772,-1270.24325757,319.340382813,21.0076922809,13.7028841703,50,0.953868659907,0,0
0.01802,272.293855046,34.3933551822,-35.2885210584,0.895165876196,0,781.351899204,19596.5730223,-602.877062849,319.356317313,20.3221828944,13.6649260424,50,0.943378255057,0,0
0.01804,273.335880263,34.2170967964,-37.5430030953,3.32590629888,0,781.341241027,20243.7726127,662.2137888,319.356317313,20.3221828944,13.6649260424,50,0.943378255057,0,0
0.01806,274.495570536,35.527927727,-38.3048506125,2.77692288557,0,781.327323806,20815.070954,498.964738478,319.371577719,19.6420414288,13.6271776279,50,0.953633641616,0,0
0.01808,275.741024426,37.9218133736,-37.9781237584,0.056310384799,0,781.316126783,21351.9531623,-703.985948903,319.371577719,19.6420414288,13.6271776279,50,0.953633641616,0,0
0.0181,276.795186111,37.9202471214,-36.4294313897,-1.49081573165,0,781.310718496,20894.2202109,-1306.11235883,319.371577719,19.6420414288,13.6271776279,50,0.953633641616,0,0
0.01812,277.616174658,34.9943886183,-34.6384273398,-0.355961278423,0,781.290082121,19574.4761443,-601.286292154,319.386956878,18.9656685597,13.5896371937,50,0.942995564881,0,0
0.01814,278.652347058,34.7639877846,-36.9411409744,2.17715318972,0,781.280879457,20188.2097309,731.528726977,319.386956878,18.9656685597,13.5896371937,50,0.942995564881,0,0
0.01816,279.841618568,36.4472021932,-37.3246397001,0.877437506915,0,781.268496841,20766.8282598,223.035146302,319.402099552,18.2956479487,13.5523030256,50,0.952523311036,0,0
0.01818,281.083926433,38.7860873637,-37.0468506639,-1.73923669977,0,781.25571508,21350.8140943,-914.094311907,319.402099552,18.2956479487,13.5523030256,50,0.952523311036,0,0
0.0182,282.131961714,38.6761992136,-35.5318648925,-3.14433432109,0,781.249162261,20900.8120095,-1462.78526582,319.402099552,18.2956479487,13.5523030256,50,0.952523311036,0,0
0.01822,282.952977152,35.704274817,-33.8766033236,-1.82767149339,0,781.230296375,19592.4261442,-711.077226466,319.417872194,17.6306316459,13.5151734282,50,0.942014843196,0,0
0.01824,283.98961227,35.4194206108,-36.2272549844,0.807834373597,0,781.222765836,20170.4694972,689.635681707,319.417872194,17.6306316459,13.5151734282,50,0.942014843196,0,0
0.01826,285.199711239,37.2908344656,-36.4158753899,-0.874959075699,0,781.209468988,20776.4063206,12.5356808023,319.433878005,16.9733326784,13.4782467249,50,0.951107346628,0,0
0.01828,286.444377894,39.5746683565,-36.1862678963,-3.38840046017,0,781.195254218,21403.7353463,-1059.23008642,319.433878005,16.9733326784,13.4782467249,50,0.951107346628,0,0
0.0183,287.491780218,39.3617484632,-34.7046713528,-4.65707711043,0,781.187674408,20958.1828937,-1558.20461319,319.433878005,16.9733326784,13.4782467249,50,0.951107346628,0,0
0.01832,288.317306367,36.3420371708,-33.1742017031,-3.16783546769,0,781.17044452,19651.9017164,-762.079195338,319.451035116,16.3226632118,13.441521257,50,0.940729874095,0,0
0.01834,289.359288937,36.0118462623,-35.5626851555,-0.449161106749,0,781.164666503,20191.3479596,697.543303015,319.451035116,16.3226632118,13.441521257,50,0.940729874095,0,0
0.01836,290.593278062,38.0636830232,-35.5631640247,-2.50051899854,0,781.149798555,20835.4090022,-141.78936716,319.468900438,15.6815420254,13.404995384,50,0.949413999387,0,0
0.01838,291.843477611,40.2921830064,-35.3809478425,-4.91123516389,0,781.134294519,21502.2925139,-1148.59555083,319.468900438,15.6815420254,13.404995384,50,0.949413999387,0,0
0.0184,292.893319925,39.9809049777,-33.9327525199,-6.04815245776,0,781.125799646,21057.9934461,-1601.00738524,319.468900438,15.6815420254,13.404995384,50,0.949413999387,0,0
0.01842,293.725489277,36.9126280114,-32.5191765942,-4.3934514172,0,781.110104023,19745.9028772,-762.170811726,319.488429395,15.0492360469,13.3686674832,50,0.939168309605,0,0
0.01844,294.778072136,36.5819051852,-34.8995774729,-1.68232771232,0,781.104185601,20247.2002262,712.777641192,319.488429395,15.0492360469,13.3686674832,50,0.939168309605,0,0
0.01846,296.033595061,38.7700825114,-34.7548900006,-4.0151925108,0,781.089142008,20936.6731375,-247.384025596,319.509128751,14.4289727204,13.3325359495,50,0.947460350105,0,0
0.01848,297.289926315,40.9428581661,-34.6193675019,-6.32349066412,0,781.072485053,21639.2963041,-1189.5072628,319.509128751,14.4289727204,13.3325359495,50,0.947460350105,0,0
0.0185,298.342639586,40.5374284796,-33.2049178139,-7.3325106657,0,781.063182488,21193.1163583,-1597.98413615,319.509128751,14.4289727204,13.3325359495,50,0.947460350105,0,0
0.01852,299.180999677,37.4204756999,-31.9024843777,-5.51799132214,0,781.048943193,19868.2302265,-717.604311206,319.531976284,13.8205013631,13.2965991949,50,0.937345831624,0,0
0.01854,300.25856594,37.2819860759,-34.0810596947,-3.20092638125,0,781.041023818,20351.3403873,585.422562459,319.531976284,13.8205013631,13.2965991949,50,0.937345831624,0,0
0.01856,301.518750917,39.4141307045,-33.9826608066,-5.43146989782,0,781.027229052,21073.8710723,-310.090228348,319.55642566,13.2274935884,13.2608556487,50,0.945253115012,0,0
0.01858,302.779103597,41.5308170889,-33.8933460733,-7.63747101558,0,781.009548219,21808.3990917,-1187.62358156,319.55642566,13.2274935884,13.2608556487,50,0.945253115012,0,0
0.0186,303.832366906,41.03511701,-32.5133436903,-8.52177331973,0,780.999540956,21357.2680653,-1554.30259214,319.55642566,13.2274935884,13.2608556487,50,0.945253115012,0,0
0.01862,304.673765507,37.8698324891,-31.3178769453,-6.55195554372,0,780.986697333,20013.2696021,-633.150486152,319.583462138,12.6503470068,13.2253037568,50,0.935265783688,0,0
0.01864,305.772644395,37.9242940238,-33.2933147805,-4.63097924326,0,780.978381197,20489.5801916,496.426488205,319.583462138,12.6503470068,13.2253037568,50,0.935265783688,0,0
0.01866,307.033191466,40.0000865851,-33.2410364217,-6.75905016333,0,780.963842886,21241.3227192,-334.309509161,319.612484355,12.0933448761,13.1899419821,50,0.942787355035,0,0
0.01868,308.29273131,42.060480816,-33.1977609703,-8.86271984564,0,780.945259279,22003.9125296,-1147.12489407,319.612484355,12.0933448761,13.1899419821,50,0.942787355035,0,0
0.0187,309.341480656,41.4781954647,-31.8532802541,-9.62491521064,0,780.934645039,21544.840213,-1473.69468176,319.612484355,12.0933448761,13.1899419821,50,0.942787355035,0,0
0.01872,310.14613687,37.8395653075,-29.9103334548,-7.92923185275,0,780.924251381,19844.5543948,-777.474330207,319.644470763,11.5577302449,13.1547688035,50,0.932918031428,0,0
0.01874,311.259816202,38.0858453043,-31.6864823704,-6.39936293395,0,780.916653167,20326.4845717,178.272823707,319.644470763,11.5577302449,13.1547688035,50,0.932918031428,0,0
0.01876,312.513855056,40.1062128166,-31.6822665232,-8.42394629339,0,780.902084536,21105.4423847,-589.101085026,319.678624773,11.048547303,13.1197827162,50,0.942897587046,0,0
0.01878,313.765203828,42.1113262919,-31.6870497412,-10.4242765507,0,780.883549786,21894.0927975,-1338.54038315,319.678624773,11.048547303,13.1197827162,50,0.942897587046,0,0
0.0188,314.673840069,39.8417091974,-29.5520739755,-10.289635222,0,780.877414703,20655.4796958,-1377.4836215,319.678624773,11.048547303,13.1197827162,50,0.942897587046,0,0
0.01882,315.500037259,36.5668225548,-28.9833193055,-7.58350324936,0,780.875394084,19330.8980288,-148.077495346,319.715773474,10.5682904735,13.0849822316,50,0.938737024804,0,0
0.01884,316.620699264,37.0190859497,-30.5485561862,-6.47052976354,0,780.86870624,19828.0816854,619.700058114,319.715773474,10.5682904735,13.0849822316,50,0.938737024804,0,0
0.01886,317.85904755,38.9870304819,-30.5921438062,-8.39488667572,0,780.856483148,20625.5116114,-86.3643263959,319.755462249,10.1227778675,13.0503658765,50,0.945757949629,0,0
0.01888,319.092569193,40.9399722988,-30.6448329649,-10.2951393339,0,780.840386904,21431.520699,-774.41279839,319.755462249,10.1227778675,13.0503658765,50,0.945757949629,0,0
0.0189,319.990108916,38.7307002296,-28.6070110857,-10.1236891439,0,780.836493401,20229.2865462,-826.96566969,319.755462249,10.1227778675,13.0503658765,50,0.945757949629,0,0
0.01892,320.807809214,35.5778829722,-28.3612705009,-7.21661247137,0,780.833135721,18966.7232778,494.034151795,319.798379216,9.71542746379,13.0159321934,50,0.94124908611,0,0
0.01894,321.934685602,36.3668163605,-29.5855513424,-6.78126501816,0,780.826115293,19520.577909,946.925598028,319.798379216,9.71542746379,13.0159321934,50,0.94124908611,0,0
0.01896,323.145751754,38.2823584367,-29.6777751814,-8.60458325527,0,780.815389117,20333.7762142,304.136929457,319.844054748,9.35277006973,12.9816797403,50,0.946624174237,0,0
0.01898,324.349475298,40.1832613262,-29.7793042654,-10.4039570608,0,780.800888636,21154.4356364,-320.496605204,319.844054748,9.35277006973,12.9816797403,50,0.946624174237,0,0
0.019,325.344325378,39.5488618734,-28.603409122,-10.9454527514,0,780.794413121,20735.1008076,-590.027082301,319.844054748,9.35277006973,12.9816797403,50,0.946624174237,0,0
0.01902,326.153126663,36.6724279768,-28.5629195064,-8.10950847048,0,780.793857684,19574.6972775,704.471952233,319.893357098,9.03883482873,12.94760709,50,0.936466836189,0,0
0.01904,327.272848419,37.7939193239,-29.4472368992,-8.34668242469,0,780.782966611,20207.4674211,848.942034476,319.893357098,9.03883482873,12.94760709,50,0.936466836189,0,0
0.01906,328.443044862,39.6541660105,-29.5880784083,-10.0660876021,0,780.769589933,21035.9844721,276.244111982,319.945607791,8.78030070752,12.9137128306,50,0.938959532104,0,0
0.01908,329.603095793,41.5002504861,-29.7385228786,-11.7617276075,0,780.752557687,21870.7901523,-278.109541559,319.945607791,8.78030070752,12.9137128306,50,0.938959532104,0,0
0.0191,330.545026613,40.7312806677,-28.5853377033,-12.1459429644,0,780.744003823,21406.5960021,-492.325787747,319.945607791,8.78030070752,12.9137128306,50,0.938959532104,0,0
0.01912,331.292351883,37.6497080977,-28.3762912671,-9.2734168306,0,780.746915121,20090.2109158,767.755744261,320.001492656,8.58110862615,12.8799955648,50,0.928980033396,0,0
0.01914,332.379367273,38.96410288,-29.0654670434,-9.89863583663,0,780.732445095,20782.4181285,742.147413306,320.001492656,8.58110862615,12.8799955648,50,0.928980033396,0,0
0.01916,333.494279313,40.7717274402,-29.2576647986,-11.5140626416,0,780.716952763,21623.0290015,239.92512386,320.06025127,8.44658680482,12.8464539096,50,0.931982387683,0,0
0.01918,334.596065498,42.565811791,-29.459863645,-13.1059481461,0,780.697916354,22468.7631418,-243.721838781,320.06025127,8.44658680482,12.8464539096,50,0.931982387683,0,0
0.0192,335.343020325,40.0685562901,-27.5151159877,-12.5534403024,0,780.691825126,21142.3738893,-234.592668036,320.06025127,8.44658680482,12.8464539096,50,0.931982387683,0,0
0.01922,335.985844973,36.4319525807,-26.9138972957,-9.51805528499,0,780.695292887,19483.714448,988.901109007,320.122271826,8.37896167336,12.8130864969,50,0.927723496657,0,0
0.01924,337.026815763,37.9631757522,-27.3966904879,-10.5664852644,0,780.681308589,20251.7495465,771.603902735,320.122271826,8.37896167336,12.8130864969,50,0.927723496657,0,0
0.01926,338.071698985,39.7256704915,-27.6457054405,-12.079965051,0,780.66803012,21100.4272256,334.769720452,320.186882866,8.38044820587,12.7798919723,50,0.933638133457,0,0
0.01928,339.10041734,41.4754136975,-27.9052185997,-13.5701950978,0,780.651289532,21953.1520699,-83.2297247963,320.186882866,8.38044820587,12.7798919723,50,0.933638133457,0,0
0.0193,339.751736234,38.6896760723,-25.9099352013,-12.779740871,0,780.647852473,20480.8064079,-33.2202883463,320.186882866,8.38044820587,12.7798919723,50,0.933638133457,0,0
0.01932,340.326406238,35.1480880919,-25.2505228721,-9.89756521983,0,780.646832555,18812.7108719,1075.32295063,320.254528313,8.45016369905,12.7468689956,50,0.930190167132,0,0
0.01934,341.304668632,36.8813430617,-25.5490475125,-11.3322955493,0,780.638236506,19664.2079566,685.939455233,320.254528313,8.45016369905,12.7468689956,50,0.930190167132,0,0
0.01936,342.264377801,38.6026365467,-25.8584972448,-12.744139302,0,780.627302703,20519.0118825,315.561422342,320.324571046,8.5866053893,12.7140162405,50,0.930557007252,0,0
0.01938,343.204944873,40.3121139795,-26.1790184533,-14.1330955262,0,780.612980313,21376.8234298,-35.7150303759,320.324571046,8.5866053893,12.7140162405,50,0.930557007252,0,0
0.0194,343.777560263,37.6425662576,-24.3218793975,-13.3206868601,0,780.611282545,19962.7712888,5.21606492898,320.324571046,8.5866053893,12.7140162405,50,0.930557007252,0,0
0.01942,344.283091165,34.3747154636,-23.5348761001,-10.8398393635,0,780.608782716,18369.2461723,890.053332878,320.397396712,8.78589908541,12.6813323941,50,0.929330170015,0,0
0.01944,345.164374196,36.0697065969,-23.8963994721,-12.1733071248,0,780.602855168,19225.7549363,569.024969952,320.397396712,8.78589908541,12.6813323941,50,0.929330170015,0,0
0.01946,346.024260849,37.7537492554,-24.2695008305,-13.4842484249,0,780.593697031,20084.5459003,267.289679235,320.472347918,9.04369319955,12.6488161572,50,0.925482212735,0,0
0.01948,346.86221086,39.4270478957,-24.6543051466,-14.7727427491,0,780.581217709,20945.3344042,-15.0955267083,320.472347918,9.04369319955,12.6488161572,50,0.925482212735,0,0
0.0195,347.338458729,36.8352122914,-22.9183858063,-13.9168264851,0,780.580868988,19569.8021403,25.9031550696,320.472347918,9.04369319955,12.6488161572,50,0.925482212735,0,0
0.01952,347.759686191,33.8312220294,-21.9970293491,-11.8341926803,0,780.577186494,18058.8591292,690.062293045,320.549737253,9.35439524713,12.6164662437,50,0.923720319099,0,0
0.01954,348.530220316,35.492525098,-22.4250710686,-13.0674540294,0,780.572592094,18918.366486,439.474329453,320.549737253,9.35439524713,12.6164662437,50,0.923720319099,0,0
0.01956,349.276792626,37.1440478623,-22.8653577571,-14.2786901053,0,780.564719765,19779.1723857,208.405680969,320.628899378,9.71240794187,12.5842813809,50,0.920055495483,0,0
0.01958,349.998931479,38.7860225672,-23.3180173994,-15.4680051678,0,780.553585713,20640.9990539,-3.10359303183,320.628899378,9.71240794187,12.5842813809,50,0.920055495483,0,0
0.0196,350.363241458,36.2430645811,-21.690718978,-14.5523456031,0,780.554233402,19288.5905402,44.5376877296,320.628899378,9.71240794187,12.5842813809,50,0.920055495483,0,0
0.01962,350.673551048,33.331431503,-20.5636510671,-12.7677804359,0,780.555009845,17783.4967243,510.119811344,320.710074183,10.1119376759,12.5522603087,50,0.917710125174,0,0
0.01964,351.321202525,34.9647327122,-21.0620891026,-13.9026436096,0,780.551524569,18644.1194729,331.364339021,320.710074183,10.1119376759,12.5522603087,50,0.917710125174,0,0
0.01966,351.942709033,36.5895361999,-21.5734579337,-15.0160782661,0,780.544803059,19505.1009047,172.297428324,320.792568527,10.5474601717,12.52040178,50,0.914235203717,0,0
0.01968,352.53768692,38.2060945613,-22.0978874958,-16.1082070654,0,780.534868047,20366.1706615,32.9405255374,320.792568527,10.5474601717,12.52040178,50,0.914235203717,0,0
0.0197,352.627687216,33.8186814387,-19.6323374101,-14.1863440286,0,780.540557604,18026.7173365,172.245676028,320.792568527,10.5474601717,12.52040178,50,0.914235203717,0,0
0.01972,352.795139529,30.7365050291,-17.9024246759,-12.8340803532,0,780.539863374,16386.0141166,283.026373472,320.876248445,11.0137472677,12.4887045603,50,0.911819306962,0,0
0.01974,353.310237304,32.3525530975,-18.4780348402,-13.8745182573,0,780.541631133,17247.392465,171.106683146,320.876248445,11.0137472677,12.4887045603,50,0.911819306962,0,0
0.01976,353.797481992,33.9614940473,-19.0672698807,-14.8942241666,0,780.540174204,18108.3398958,78.9998869467,320.960649287,11.5060289329,12.4571674275,50,0.913318850115,0,0
0.01978,354.256594028,35.5635954474,-19.6702573082,-15.8933381392,0,780.535516523,18968.5950538,6.70609440831,320.960649287,11.5060289329,12.4571674275,50,0.913318850115,0,0
0.0198,354.217510059,31.2669746324,-17.3521381278,-13.9148365046,0,780.545779767,16671.4367968,133.183697156,320.960649287,11.5060289329,12.4571674275,50,0.913318850115,0,0
0.01982,354.263788299,28.393635203,-15.6809011653,-12.7127340376,0,780.546413276,15133.7035292,157.60909407,321.045708467,12.0202030566,12.425789172,50,0.916097558073,0,0
0.01984,354.638802288,29.9988083768,-16.3370068158,-13.661801561,0,780.552848564,15994.5423166,114.057997543,321.045708467,12.0202030566,12.425789172,50,0.916097558073,0,0
0.01986,354.984800877,31.5983254925,-17.0074093796,-14.5909161128,0,780.556063539,16854.1993893,90.3565565051,321.130988518,12.5524432103,12.3945685962,50,0.91859501251,0,0
0.01988,355.30162049,33.1924633047,-17.6922298162,-15.5002334885,0,780.556079576,17712.4229268,86.4807842811,321.130988518,12.5524432103,12.3945685962,50,0.91859501251,0,0
0.0199,355.151913171,29.298175198,-15.6592065538,-13.6389686443,0,780.569607268,15625.1932149,188.349137039,321.130988518,12.5524432103,12.3945685962,50,0.91859501251,0,0
0.01992,355.056863803,26.4537079833,-13.4915260637,-12.9621819196,0,780.575223774,14092.4472758,-148.097498236,321.216425175,13.0996049782,12.3635045145,50,0.92172969012,0,0
0.01994,355.28708481,28.0544034468,-14.2321984662,-13.8222049805,0,780.58543993,14953.1376277,-121.173976812,321.216425175,13.0996049782,12.3635045145,50,0.92172969012,0,0
0.01996,355.487724025,29.6509238171,-14.9877946413,-14.6631291758,0,780.592431965,15811.9115991,-74.4403772048,321.301534064,13.6585591617,12.3325957533,50.5480747522,0.933875988398,0,0
0.01998,355.658741013,31.2435488834,-15.7584250264,-15.4851238569,0,780.596216994,16668.527158,-7.94654126651,321.301534064,13.6585591617,12.3325957533,50.5480747522,0.933875988398,0,0
0.02,355.615068873,30.5117039187,-15.4066958388,-15.10500808,0,780.607315162,16275.6361643,92.2756641027,321.301534064,13.6585591617,12.3325957533,50.5480747522,0.933875988398,0,0
0.02002,355.392373513,27.9028564901,-12.1614242998,-15.7414321903,0,780.094506012,14881.2601354,-1013.20403152,321.304720576,13.6607691303,12.3325957533,50.5490407161,0.938434278459,0,0
0.02004,355.47521386,29.494025503,-12.9860497726,-16.5079757303,0,779.569857803,15739.0008421,-904.245759992,321.304720576,13.6607691303,12.3325957533,50.5490407161,0.938434278459,0,0
0.02006,355.528248162,31.0789938177,-13.8244638031,-17.2545300146,0,779.044928925,16592.0618256,-775.635805321,321.312478502,13.6652660482,12.3325957533,50.5500212744,0.938484783885,0,0
0.02008,355.551559752,32.6580196804,-14.6766965879,-17.9813230925,0,778.518588246,17440.2009471,-627.517962229,321.312478502,13.6652660482,12.3325957533,50.5500212744,0.938484783885,0,0
0.0201,355.263435807,30.6968549281,-13.7985246651,-16.898330263,0,778.003506805,16384.7893777,-497.731458329,321.312478502,13.6652660482,12.3325957533,50.5500212744,0.938484783885,0,0
0.02012,354.850866948,27.5392626368,-10.0958283956,-17.4434342412,0,777.495371937,14735.155645,-1760.33584776,321.322180797,13.6707931284,12.3325957533,50.5509799743,0.942891492449,0,0
0.02014,354.787168106,29.1196811599,-11.0032967433,-18.1163844166,0,776.97803897,15583.0738871,-1574.73630753,321.322180797,13.6707931284,12.3325957533,50.5509799743,0.942891492449,0,0
0.02016,354.694352852,30.6955050412,-11.9252195475,-18.7702854937,0,776.462491807,16425.6353343,-1369.78980582,321.331200971,13.6752346358,12.3325957533,50.5519521795,0.942386635754,0,0
0.02018,354.572621194,32.2669144271,-12.8614723683,-19.4054420588,0,775.945518353,17262.5803467,-1145.73008074,321.331200971,13.6752346358,12.3325957533,50.5519521795,0.942386635754,0,0
0.0202,354.277611045,32.0207411611,-12.9300167045,-19.0907244566,0,775.445298207,17121.8162302,-940.709512309,321.331200971,13.6752346358,12.3325957533,50.5519521795,0.942386635754,0,0
0.02022,353.767342348,29.4275639567,-9.62442206146,-19.8031418953,0,774.951232546,15808.7317871,-2152.19491461,321.340123539,13.679371509,12.3325957533,50.5529084453,0.947533720166,0,0
0.02024,353.54249264,30.7635025931,-10.1416422606,-20.6218603324,0,774.438396751,16530.6723267,-2108.75156774,321.340123539,13.679371509,12.3325957533,50.5529084453,0.947533720166,0,0
0.02026,353.308712737,32.3334324877,-11.1480047366,-21.1854277511,0,773.928024863,17359.3574811,-1822.3355866,321.348569434,13.6826039153,12.3325957533,50.5538745959,0.947207821613,0,0
0.02028,353.047409576,33.9003918639,-12.1691095942,-21.7312822696,0,773.416219786,18181.6840746,-1517.32774886,321.348569434,13.6826039153,12.3325957533,50.5538745959,0.947207821613,0,0
0.0203,352.48759226,32.0616572058,-11.5311583685,-20.5304988373,0,772.916012728,17182.3318965,-1325.88162649,321.348569434,13.6826039153,12.3325957533,50.5538745959,0.947207821613,0,0
0.02032,351.800323984,28.9583344037,-7.91250552202,-21.0458288816,0,772.420360633,15641.4585621,-2625.93029813,321.356648608,13.6853677603,12.3325957533,50.5548272325,0.951864384471,0,0
0.02034,351.421446029,30.0520293538,-8.02543745972,-22.026591894,0,771.918807446,16249.0308368,-2745.6419719,321.356648608,13.6853677603,12.3325957533,50.5548272325,0.951864384471,0,0
0.02036,351.055149984,31.627990425,-9.12162385669,-22.5063665684,0,771.418234855,17066.2696757,-2385.00494377,321.364108172,13.6871158953,12.3325957533,50.5557938062,0.950567820035,0,0
0.02038,350.663259076,33.2023530223,-10.2328784534,-22.9694745688,0,770.91618305,17876.5561601,-2006.33159477,321.364108172,13.6871158953,12.3325957533,50.5557938062,0.950567820035,0,0
0.0204,350.07969009,32.6868578448,-10.3321641815,-22.3546936633,0,770.422376637,17573.1379001,-1720.68417003,321.364108172,13.6871158953,12.3325957533,50.5557938062,0.950567820035,0,0
0.02042,349.286731629,29.8538494468,-6.99013411109,-22.8637153357,0,769.934716433,16209.3617401,-2951.24886621,321.371435394,13.6885389568,12.3325957533,50.5567462671,0.955762712213,0,0
0.02044,348.763397264,30.7052143648,-6.69155244235,-24.0136619225,0,769.441048731,16712.5222267,-3238.61386921,321.371435394,13.6885389568,12.3325957533,50.5567462671,0.955762712213,0,0
0.02046,348.274950643,32.2910179571,-7.87827800183,-24.4127399553,0,768.947407677,17515.4343667,-2801.17850088,321.378252835,13.6890845152,12.3325957533,50.5577088425,0.954482542971,0,0
0.02048,347.763293618,33.8764651869,-9.08029253989,-24.796172647,0,768.452243446,18310.7809652,-2346.35419006,321.378252835,13.6890845152,12.3325957533,50.5577088425,0.954482542971,0,0
0.0205,347.059420093,33.3356027311,-9.24523161153,-24.0903711195,0,767.965424411,17981.6144125,-2021.42675588,321.378252835,13.6890845152,12.3325957533,50.5577088425,0.954482542971,0,0
0.02052,346.149234537,30.4851365095,-6.02961522333,-24.4555212862,0,767.483083828,16639.876072,-3198.8207894,321.384886619,13.6892806619,12.3325957533,50.5586586096,0.959573663151,0,0
0.02054,345.49405862,31.1041296353,-5.32798908495,-25.7761405504,0,766.997239783,17054.3828515,-3654.96039165,321.384886619,13.6892806619,12.3325957533,50.5586586096,0.959573663151,0,0
0.02056,344.896201907,32.706379132,-6.60717953493,-26.099199597,0,766.510918353,17842.2935255,-3142.94744949,321.3909977,13.6886718897,12.3325957533,50.5596158502,0.958135163108,0,0
0.02058,344.277881628,34.3093791865,-7.9017838268,-26.4075953597,0,766.023015446,18622.0727931,-2614.23449565,321.3909977,13.6886718897,12.3325957533,50.5596158502,0.958135163108,0,0
0.0206,343.468341964,33.7644534142,-8.14448922378,-25.6199641904,0,765.543480709,18276.5276284,-2249.86237851,321.3909977,13.6886718897,12.3325957533,50.5596158502,0.958135163108,0,0
0.02062,342.4694164,31.0873610513,-4.88503706401,-26.2023239873,0,765.06520696,17081.589178,-3513.95128411,321.396886796,13.6877026076,12.3325957533,50.5605617094,0.963031249389,0,0
0.02064,341.696724045,31.483312362,-3.78968699539,-27.6936253666,0,764.586521112,17423.8145455,-4137.19613992,321.396886796,13.6877026076,12.3325957533,50.5605617094,0.963031249389,0,0
0.02066,341.003760923,33.1074588689,-5.16311079173,-27.9443480772,0,764.107443082,18196.399586,-3551.69910365,321.402350604,13.6860001353,12.3325957533,50.5615148912,0.961304688179,0,0
0.02068,340.293334311,34.7333110022,-6.55198103341,-28.1813299688,0,763.626714834,18960.3129952,-2950.20828106,321.402350604,13.6860001353,12.3325957533,50.5615148912,0.961304688179,0,0
0.0207,339.410133845,34.4054127781,-7.00108962332,-27.4043231548,0,763.153980212,18708.6184732,-2514.91978238,321.402350604,13.6860001353,12.3325957533,50.5615148912,0.961304688179,0,0
0.02072,338.326510486,31.7693319045,-3.91550388421,-27.8538280203,0,762.681233758,17562.3231769,-3704.50250746,321.407635781,13.6839708963,12.3325957533,50.5624570875,0.966029771139,0,0
0.02074,337.451553007,31.9480063508,-2.42930920759,-29.5186971432,0,762.209056901,17846.2259562,-4495.38599582,321.407635781,13.6839708963,12.3325957533,50.5624570875,0.966029771139,0,0
0.02076,336.678806403,33.5985583629,-3.89757025656,-29.7009881063,0,761.736936025,18602.0158685,-3838.10878908,321.412509873,13.6813194434,12.3325957533,50.5634026513,0.96436652335,0,0
0.02078,335.891731236,35.251609468,-5.38122831467,-29.8703811533,0,761.26308862,19348.6205886,-3165.54857185,321.412509873,13.6813194434,12.3325957533,50.5634026513,0.96436652335,0,0
0.0208,334.93281137,34.9238523206,-5.92433693047,-28.9995153901,0,760.797424624,19075.8907974,-2681.95296899,321.412509873,13.6813194434,12.3325957533,50.5634026513,0.96436652335,0,0
0.02082,333.776305919,32.2846604105,-2.98025148952,-29.3044089209,0,760.329893318,17953.2896818,-3807.89519127,321.417151509,13.6783284758,12.3325957533,50.5643389803,0.968715127487,0,0
0.02084,332.804865973,32.1253351451,-0.853511572944,-31.2718235721,0,759.864134932,18156.6022117,-4890.17457275,321.417151509,13.6783284758,12.3325957533,50.5643389803,0.968715127487,0,0
0.02086,331.968155147,33.8068174626,-2.41765878275,-31.3891586799,0,759.399422306,18895.3426836,-4163.22497539,321.421391664,13.6747155506,12.3325957533,50.5652811625,0.966928245564,0,0
0.02088,331.120263395,35.4914316487,-3.99708515382,-31.4943464949,0,758.932906297,19624.4077289,-3421.67236724,321.421391664,13.6747155506,12.3325957533,50.5652811625,0.966928245564,0,0
0.0209,330.103013692,35.1877019456,-4.65456919024,-30.5331327553,0,758.474503453,19339.9120058,-2884.38468944,321.421391664,13.6747155506,12.3325957533,50.5652811625,0.966928245564,0,0
0.02092,328.902251817,32.7104989485,-1.71672483615,-30.9937741124,0,758.009351243,18354.3176908,-4049.92347966,321.425406373,13.6707832743,12.3325957533,50.5662150495,0.970839723903,0,0
0.02094,327.859785295,32.3391189329,0.804599371419,-33.1437183043,0,757.548726286,18531.6579651,-5303.68438047,321.425406373,13.6707832743,12.3325957533,50.5662150495,0.970839723903,0,0
0.02096,326.974695234,34.0545814599,-0.855873332844,-33.1987081271,0,757.091177046,19252.3449576,-4508.22880791,321.429043478,13.6663535144,12.3325957533,50.5671506085,0.969119478423,0,0
0.02098,326.081463351,35.7736506066,-2.53145585633,-33.2421947502,0,756.631813243,19962.8756831,-3698.80480627,321.429043478,13.6663535144,12.3325957533,50.5671506085,0.969119478423,0,0
0.021,325.098191744,36.4619358781,-3.76553213465,-32.6964037435,0,756.177209216,20144.0277733,-2986.02877648,321.429043478,13.6663535144,12.3325957533,50.5671506085,0.969119478423,0,0
0.02102,323.868163,34.1468029123,-1.24072539535,-32.906077517,0,755.716358073,19226.0442423,-3955.25149568,321.432574282,13.6616743382,12.3325957533,50.5680765332,0.968781824452,0,0
0.02104,322.76941274,33.5624399674,1.67941231324,-35.2418522806,0,755.260168201,19387.1702723,-5380.10061394,321.432574282,13.6616743382,12.3325957533,50.5680765332,0.968781824452,0,0
0.02106,321.850588334,35.312096451,-0.0757164662382,-35.2363799848,0,754.807043183,20085.573976,-4516.16910892,321.435805338,13.6566380562,12.3325957533,50.5689990513,0.968100691627,0,0
0.02108,320.926438802,37.0656957294,-1.84578481421,-35.2199109152,0,754.352735138,20773.3499272,-3638.84136929,321.435805338,13.6566380562,12.3325957533,50.5689990513,0.968100691627,0,0
0.0211,319.913104455,37.7649359419,-3.16076217681,-34.6041737651,0,753.903097042,20926.9357707,-2876.97718759,321.435805338,13.6566380562,12.3325957533,50.5689990513,0.968100691627,0,0
0.02112,318.654363572,35.4441434713,-0.762931534985,-34.6812119363,0,753.446021273,20020.2847129,-3787.94103352,321.438932128,13.6513684246,12.3325957533,50.5699124854,0.964098362738,0,0
0.02114,317.520211372,34.7374600933,2.37894085696,-37.1164009501,0,752.997163026,20196.3128517,-5297.70351742,321.438932128,13.6513684246,12.3325957533,50.5699124854,0.964098362738,0,0
0.02116,316.567784014,36.3554405174,0.864905841763,-37.2203463592,0,752.546857376,20838.2037344,-4530.8437122,321.441831064,13.6457647795,12.3325957533,50.5708233381,0.96320184253,0,0
0.02118,315.625914151,38.1455285802,-0.999803940598,-37.1457246396,0,752.097951041,21502.2981839,-3587.28432155,321.441831064,13.6457647795,12.3325957533,50.5708233381,0.96320184253,0,0
0.0212,314.595124146,38.8544803302,-2.38594109902,-36.4685392312,0,751.653782136,21628.2205559,-2783.35853563,321.441831064,13.6457647795,12.3325957533,50.5708233381,0.96320184253,0,0
0.02122,313.289533227,36.1456241722,-0.498767012429,-35.6468571598,0,751.2017842,20434.727377,-3393.4851909,321.444657835,13.639955563,12.3325957533,50.5717248593,0.959157164485,0,0
0.02124,312.143965109,35.4671763871,2.56920150121,-38.0363778883,0,750.758166496,20658.256699,-4846.60092395,321.444657835,13.639955563,12.3325957533,50.5717248593,0.959157164485,0,0
0.02126,311.152046973,36.7342395506,1.73997446584,-38.4742140164,0,750.312985217,21215.5095118,-4395.95590531,321.447181274,13.6339565355,12.3325957533,50.5726181462,0.961184474057,0,0
0.02128,310.203829772,38.5631304544,-0.218993667964,-38.3441367864,0,749.870717554,21854.8491921,-3389.87831662,321.447181274,13.6339565355,12.3325957533,50.5726181462,0.961184474057,0,0
0.0213,309.083207986,38.2390257313,-1.1916807696,-37.0473449617,0,749.436736134,21455.5772545,-2713.14892102,321.447181274,13.6339565355,12.3325957533,50.5726181462,0.961184474057,0,0
0.02132,307.746563722,35.2106289921,0.667574176967,-35.8782031691,0,748.987965041,20106.5031595,-3310.969538,321.449547351,13.6277388015,12.3325957533,50.5735047836,0.960056995265,0,0
0.02134,306.601138898,34.581427295,3.626093337,-38.207520632,0,748.551312611,20383.29742,-4694.53051504,321.449547351,13.6277388015,12.3325957533,50.5735047836,0.960056995265,0,0
0.02136,305.584603398,35.5659465167,3.35122784585,-38.9171743626,0,748.115207357,20890.1262625,-4500.22569589,321.451562029,13.621313921,12.3325957533,50.5743869933,0.964072220709,0,0
0.02138,304.639283449,37.4373700073,1.29667166033,-38.7340416677,0,747.682543498,21506.1496582,-3435.7416574,321.451562029,13.621313921,12.3325957533,50.5743869933,0.964072220709,0,0
0.0214,303.526628503,37.2006478663,0.194690488164,-37.3953383545,0,747.258028832,21118.2153297,-2714.06068658,321.451562029,13.621313921,12.3325957533,50.5743869933,0.964072220709,0,0
0.02142,302.19591815,34.2166996065,1.87501314466,-36.0917127511,0,746.816098,19788.5280375,-3257.92101963,321.453672609,13.6147746773,12.3325957533,50.5752562911,0.962729336622,0,0
0.02144,301.058115834,33.6369990395,4.72444463114,-38.3614436707,0,746.38630622,20116.0596119,-4572.52784456,321.453672609,13.6147746773,12.3325957533,50.5752562911,0.962729336622,0,0
0.02146,300.030627481,34.4232579056,4.83607243905,-39.2593303447,0,745.9577038,20598.7760498,-4552.51714366,321.455655796,13.6081338061,12.3325957533,50.5761150119,0.966694464801,0,0
0.02148,299.094632015,36.3372812689,2.6863363917,-39.0236176606,0,745.534458495,21189.0095348,-3430.27964353,321.455655796,13.6081338061,12.3325957533,50.5761150119,0.966694464801,0,0
0.0215,297.996080377,36.1909983946,1.45675311686,-37.6477515114,0,745.119147403,20810.7742471,-2664.0915087,321.455655796,13.6081338061,12.3325957533,50.5761150119,0.966694464801,0,0
0.02152,296.708089369,33.6456531351,3.35455012623,-37.0002032613,0,744.682961371,19816.3283516,-3377.24442846,321.45758444,13.6013223384,12.3325957533,50.5769661239,0.965055337867,0,0
0.02154,295.582641952,33.1143789341,6.09466581646,-39.2090447506,0,744.258515018,20192.0218771,-4621.16105458,321.45758444,13.6013223384,12.3325957533,50.5769661239,0.965055337867,0,0
0.02156,294.536738484,33.5551789646,6.88467509498,-40.4398540596,0,743.834282659,20652.6694943,-4914.21737483,321.459333062,13.5943587721,12.3325957533,50.5778115854,0.965768921801,0,0
0.02158,293.613735628,35.5110510016,4.63863158988,-40.1496825914,0,743.419794087,21215.4087686,-3731.75601473,321.459333062,13.5943587721,12.3325957533,50.5778115854,0.965768921801,0,0
0.0216,292.611676834,36.4486312132,2.80041328304,-39.2490444962,0,743.009400047,21288.7409073,-2712.38629718,321.459333062,13.5943587721,12.3325957533,50.5778115854,0.965768921801,0,0
0.02162,291.363271701,34.2696005498,4.42030167268,-38.6899022224,0,742.580052912,20465.7598526,-3321.14870169,321.461168743,13.5871476184,12.3325957533,50.5786525728,0.960599343315,0,0
0.02164,290.252029657,33.7838592742,7.05214759553,-40.8360068698,0,742.159293438,20883.8512983,-4491.9742567,321.461168743,13.5871476184,12.3325957533,50.5786525728,0.960599343315,0,0
0.02166,289.200725428,34.023195588,8.22773773953,-42.2509333276,0,741.738013584,21346.7644197,-4952.2936645,321.462927219,13.5798982163,12.3325957533,50.5794809271,0.95930485691,0,0
0.02168,288.291451186,36.0177701031,5.88679911424,-41.9045692174,0,741.329520706,21876.3652018,-3707.00770959,321.462927219,13.5798982163,12.3325957533,50.5794809271,0.95930485691,0,0
0.0217,287.302943776,36.993424756,3.95894812971,-40.9523728857,0,740.924856046,21923.7410878,-2641.05955944,321.462927219,13.5798982163,12.3325957533,50.5794809271,0.95930485691,0,0
0.02172,286.033315669,34.4192629468,5.0261824832,-39.44544543,0,740.500444859,20754.1356162,-2990.9603245,321.464773932,13.5723471232,12.3325957533,50.5803083471,0.953678291623,0,0
0.02174,284.935692969,33.9796053299,7.55072474549,-41.5303300754,0,740.08515838,21210.4890508,-4092.17477816,321.464773932,13.5723471232,12.3325957533,50.5803083471,0.953678291623,0,0
0.02176,283.871827088,33.9421981181,9.26452327946,-43.2067213976,0,739.668546933,21685.8025743,-4795.62842365,321.46643761,13.5648676545,12.3325957533,50.5811200814,0.956084197269,0,0
0.02178,282.974666824,35.9762994549,6.82910875786,-42.8054082128,0,739.266870349,22179.2904402,-3490.16741994,321.46643761,13.5648676545,12.3325957533,50.5811200814,0.956084197269,0,0
0.0218,281.916332771,35.9718528885,5.29985514061,-41.2717080291,0,738.872648291,21756.3080627,-2614.52514485,321.46643761,13.5648676545,12.3325957533,50.5811200814,0.956084197269,0,0
0.02182,280.631521128,33.1121708197,6.34565905548,-39.4578298751,0,738.45172767,20440.8722862,-2989.95812915,321.468505589,13.5571986831,12.3325957533,50.5819172384,0.952783532334,0,0
0.02184,279.54453882,32.7213270157,8.761263959,-41.4825909747,0,738.043294116,20935.8614421,-4024.86659523,321.468505589,13.5571986831,12.3325957533,50.5819172384,0.952783532334,0,0
0.02186,278.461116464,32.3656374202,11.1002144816,-43.4658519017,0,737.632736333,21444.2557083,-5016.61924944,321.470541486,13.549670719,12.3325957533,50.5826911979,0.95742778418,0,0
0.02188,277.5693577,34.4072259322,8.63830617094,-43.0455321031,0,737.238010594,21902.3436686,-3687.3429356,321.470541486,13.549670719,12.3325957533,50.5826911979,0.95742778418,0,0
0.0219,276.524185307,34.5214453744,6.9541558088,-41.4756011832,0,736.853339657,21483.6929928,-2752.0836432,321.470541486,13.549670719,12.3325957533,50.5826911979,0.95742778418,0,0
0.02192,275.24741658,31.7311483155,7.81309311195,-39.5442414275,0,736.438969837,20174.6234741,-3079.27701827,321.472884619,13.5419188197,12.3325957533,50.583453763,0.95326530751,0,0
0.02194,274.165571043,31.3891840803,10.1191722318,-41.5083563121,0,736.037122267,20705.2699048,-4047.82853265,321.472884619,13.5419188197,12.3325957533,50.583453763,0.95326530751,0,0
0.02196,273.083922888,31.0571313822,12.3990660206,-43.4561974027,0,735.632706565,21248.6723473,-4997.66619167,321.475062295,13.5343803835,12.3325957533,50.5841925137,0.958027747511,0,0
0.02198,272.171121806,32.8540757959,10.4146681313,-43.2687439272,0,735.246020193,21682.9312313,-3887.24549748,321.475062295,13.5343803835,12.3325957533,50.5841925137,0.958027747511,0,0
0.022,271.132141963,33.0840026084,8.58833997615,-41.6723425845,0,734.870805324,21265.4980316,-2896.91030911,321.475062295,13.5343803835,12.3325957533,50.5841925137,0.958027747511,0,0
0.02202,267.27639589,-1.99328403577,1.92902449803,0.0642595377387,0,734.554800168,-510.195022049,-966.586961915,0,0,0,50.5841925137,0.5,2,0
0.02204,263.937169559,-30.5684223818,-7.17993380818,37.74835619,0,734.240460777,-19046.5865887,2085.89747123,0,0,0,50.5841925137,0.5,2,0
0.02206,264.680479973,-7.91308037991,-4.05343394216,11.9665143221,0,733.926575898,-5660.03536931,1517.4956182,0,0,0,50.5841925137,0.5,2,0
0.02208,266.253074982,25.1761987703,5.18524846617,-30.3614472364,0,733.614197632,15768.7819658,-1186.94534175,0,0,0,50.5841925137,0.5,2,0
0.0221,264.387125133,15.1784968486,5.31420064715,-20.4926974958,0,733.302583861,10196.1489322,-1654.0765051,0,0,0,50.5841925137,0.5,2,0
0.02212,260.672817275,-17.9577113775,-3.01066966357,20.9683810411,0,732.992134402,-10890.5298644,394.833245336,0,0,0,50.5841925137,0.5,2,0
0.02214,259.477507331,-19.4535275722,-5.7899586049,25.2434861771,0,732.682699213,-12616.1686771,1496.55484207,0,0,0,50.5841925137,0.5,2,0
0.02216,260.751738377,10.0758365643,0.859195249583,-10.9350318139,0,732.374197002,5895.8013182,229.257641398,0,0,0,50.5841925137,0.5,2,0
0.02218,260.523724774,20.8227038278,5.49491766764,-26.3176214954,0,732.066969428,13482.803038,-1117.23665641,0,0,0,50.5841925137,0.5,2,0
0.0222,257.576171391,-2.47463800915,0.967904945306,1.50673306384,0,731.760438371,-1046.76020819,-600.88392801,0,0,0,50.5841925137,0.5,2,0
0.02222,255.112887848,-19.6298265962,-4.68752763545,24.3173542316,0,731.455245284,-12401.548628,676.272874751,0,0,0,50.5841925137,0.5,2,0
0.02224,255.256166033,-4.02049268266,-2.38942689526,6.40991957792,0,731.150740977,-3043.00657607,755.219318978,0,0,0,50.5841925137,0.5,2,0
0.02226,255.785016909,16.5037823868,3.46176256285,-19.9655449496,0,730.847532534,10400.2899197,-225.668846577,0,0,0,50.5841925137,0.5,2,0
0.02228,254.065825232,8.91841720466,3.2533380778,-12.1717552825,0,730.545162735,6095.36110438,-693.524361618,0,0,0,50.5841925137,0.5,2,0
0.0223,251.269313224,-12.0884277135,-2.10475201687,14.1931797303,0,730.243884331,-7408.89870886,-118.33915864,0,0,0,50.5841925137,0.5,2,0
0.02232,250.15254332,-11.9332427947,-3.63908305109,15.5723258458,0,729.943558789,-7866.62271936,515.885228017,0,0,0,50.5841925137,0.5,2,0
0.02234,250.536387517,7.14274804785,0.729412897853,-7.8721609457,0,729.644212958,4223.87720235,348.107963302,0,0,0,50.5841925137,0.5,2,0
0.02236,249.865308072,13.09415973,3.50379015139,-16.5979498814,0,729.345989306,8544.5987775,-246.44527227,0,0,0,50.5841925137,0.5,2,0
0.02238,247.48600514,-2.26719187162,0.449552410946,1.81763946067,0,729.048596057,-1090.01667849,-419.686349439,0,0,0,50.5841925137,0.5,2,0
0.0224,245.50056095,-12.5724505003,-3.0513527833,15.6238032835,0,728.752334981,-8034.78715797,0.160300721102,0,0,0,50.5841925137,0.5,2,0
0.02242,245.172497643,-1.96975419632,-1.39719124698,3.3669454433,0,728.45689967,-1602.65617159,382.603537125,0,0,0,50.5841925137,0.5,2,0
0.02244,245.00436529,10.7655042967,2.29790537577,-13.0634096725,0,728.162602739,6823.039688,220.327514372,0,0,0,50.5841925137,0.5,2,0
0.02246,243.370045372,5.24414053487,1.98000543914,-7.22414597401,0,727.869200458,3643.20214637,-233.841163669,0,0,0,50.5841925137,0.5,2,0
0.02248,241.104341386,-8.05904907997,-1.45688385776,9.51593293773,0,727.576811222,-4982.74935836,-339.762320388,0,0,0,50.5841925137,0.5,2,0
0.0225,239.946337362,-7.3281754297,-2.28103796619,9.60921339588,0,727.28535419,-4895.40997892,60.5412458568,0,0,0,50.5841925137,0.5,2,0
0.02252,239.697956927,4.95732907369,0.579520184545,-5.53684925824,0,726.99487413,2957.05957589,379.369859067,0,0,0,50.5841925137,0.5,2,0
0.02254,238.719425203,8.23661946998,2.22506956668,-10.4616890367,0,726.705423213,5407.45401357,141.298183974,0,0,0,50.5841925137,0.5,2,0
0.02256,236.664022309,-1.83420368741,0.175503870695,1.65869981671,0,726.416860214,-939.792914735,-314.299745977,0,0,0,50.5841925137,0.5,2,0
0.02258,234.904142566,-8.03861017237,-1.98076083741,10.0193710098,0,726.129307463,-5179.96560634,-282.502867701,0,0,0,50.5841925137,0.5,2,0
0.0226,234.193821257,-0.915458583646,-0.80508080236,1.72053938601,0,725.842644014,-820.195950064,199.210048704,0,0,0,50.5841925137,0.5,2,0
0.02262,233.533040765,6.99750201124,1.51781852934,-8.51532054058,0,725.557013999,4451.10830086,386.704508059,0,0,0,50.5841925137,0.5,2,0
0.02264,231.915937251,3.08904995867,1.19219363749,-4.28124359616,0,725.272295547,2172.28159345,-26.307756887,0,0,0,50.5841925137,0.5,2,0
0.02266,229.924712442,-5.33520594555,-1.00524918511,6.34045513066,0,724.988538166,-3319.67411768,-398.684187374,0,0,0,50.5841925137,0.5,2,0
0.02268,228.657092267,-4.50428951994,-1.42091733933,5.92520685927,0,724.705696245,-3034.78000094,-127.560168585,0,0,0,50.5841925137,0.5,2,0
0.0227,227.938217155,3.39226036157,0.445694590941,-3.83795495251,0,724.423809779,2036.47733156,356.827187905,0,0,0,50.5841925137,0.5,2,0
0.02272,226.717651588,5.18354508749,1.40422355926,-6.58776864675,0,724.142893547,3410.41887763,281.751019346,0,0,0,50.5841925137,0.5,2,0
0.02274,224.814528606,-1.39567876905,0.0306465830491,1.365032186,0,723.862872948,-747.056794199,-240.937059995,0,0,0,50.5841925137,0.5,2,0
0.02276,223.122674263,-5.13240240227,-1.28100892497,6.41341132724,0,723.583801935,-3319.91919102,-364.25898665,0,0,0,50.5841925137,0.5,2,0
0.02278,222.092247574,-0.378135352993,-0.449178960869,0.827314313862,0,723.305630405,-393.796027728,108.100740879,0,0,0,50.5841925137,0.5,2,0
0.0228,221.058994897,4.538821781,0.998261598312,-5.53708337932,0,723.028426846,2886.86881395,411.102402143,0,0,0,50.5841925137,0.5,2,0
0.02282,219.400468859,1.81428557135,0.70426038701,-2.51854595836,0,722.752128193,1282.30186553,55.7771878532,0,0,0,50.5841925137,0.5,2,0
0.02284,217.517920725,-3.51724727291,-0.693683185322,4.21093045823,0,722.476752669,-2195.14526049,-377.255118511,0,0,0,50.5841925137,0.5,2,0
0.02286,216.104271,-2.76347201286,-0.875928876002,3.63940088887,0,722.202271437,-1866.04787901,-183.46193855,0,0,0,50.5841925137,0.5,2,0
0.02288,215.018342314,2.30672521353,0.33565202722,-2.64237724075,0,721.928718804,1388.5577889,310.228489905,0,0,0,50.5841925137,0.5,2,0
0.0229,213.587478652,3.25861439617,0.878537082772,-4.13715147894,0,721.656095346,2136.29690068,301.385189034,0,0,0,50.5841925137,0.5,2,0
0.02292,211.72204935,-1.03064290453,-0.0399336945509,1.07057659908,0,721.384358656,-570.25982513,-186.910499397,0,0,0,50.5841925137,0.5,2,0
0.02294,210.003290406,-3.27031875126,-0.825165681613,4.09548443288,0,721.11352711,-2111.91608933,-350.335698476,0,0,0,50.5841925137,0.5,2,0
0.02296,208.698459283,-0.107720379588,-0.239967286642,0.347687666229,0,720.843585473,-163.721354261,64.9374872988,0,0,0,50.5841925137,0.5,2,0
0.02298,207.367613162,2.94015298584,0.653043692299,-3.59319667814,0,720.574567948,1859.75599423,371.030479394,0,0,0,50.5841925137,0.5,2,0
0.023,205.626617173,1.05600455778,0.40606095895,-1.46206551673,0,720.319769935,743.577168618,76.4513630492,0,0,0,50.5841925137,0.5,2,0
0.02302,203.750399548,-2.31193497859,-0.477426792778,2.78936177137,0,720.58492522,-1440.41566933,-323.083950262,0,0,0,50.5841925137,0.5,2,0
0.02304,202.175623669,-1.68722834977,-0.5348541177,2.22208246747,0,720.849185608,-1134.17455085,-177.142795067,0,0,0,50.5841925137,0.5,2,0
0.02306,200.793292273,1.56284683714,0.247641207302,-1.81048804444,0,721.112578391,938.133750836,256.876229475,0,0,0,50.5841925137,0.5,2,0
0.02308,199.173427389,2.04516026831,0.543996066565,-2.58915633487,0,721.375105718,1326.17767885,268.126092091,0,0,0,50.5841925137,0.5,2,0
0.0231,197.275777866,-0.745812461509,-0.0673054632602,0.813117924769,0,721.636748543,-422.47571441,-145.640770861,0,0,0,50.5841925137,0.5,2,0
0.02312,195.477680471,-2.07856315747,-0.529634367618,2.60819752509,0,721.897516154,-1331.68400024,-297.430709776,0,0,0,50.5841925137,0.5,2,0
0.02314,193.936487544,0.0192316375145,-0.121422235975,0.102190598461,0,722.157412431,-46.1337997974,45.2622981506,0,0,0,50.5841925137,0.5,2,0
0.02316,192.361679685,1.90262683438,0.424199225561,-2.32682605994,0,722.416459747,1188.54672947,307.831342714,0,0,0,50.5841925137,0.5,2,0
0.02318,190.51710829,0.608370531703,0.227470314525,-0.835840846228,0,722.674640796,422.060349565,70.5275379056,0,0,0,50.5841925137,0.5,2,0
0.0232,188.590205823,-1.51458016962,-0.326919890929,1.84150006055,0,722.931958129,-936.487207817,-260.459816391,0,0,0,50.5841925137,0.5,2,0
0.02322,186.855569545,-1.02427582679,-0.324534278773,1.34881010557,0,723.188412034,-680.792325819,-146.626759508,0,0,0,50.5841925137,0.5,2,0
0.02324,185.231740794,1.05550310627,0.178234974016,-1.23373808029,0,723.444020867,626.996903438,205.599743855,0,0,0,50.5841925137,0.5,2,0
0.02326,183.444415863,1.28218753214,0.333400083717,-1.61558761585,0,723.698785581,815.328139527,217.388974391,0,0,0,50.5841925137,0.5,2,0
0.02328,181.478973188,-0.530130160634,-0.0707831099271,0.600913270561,0,723.952696103,-304.25324256,-113.074134081,0,0,0,50.5841925137,0.5,2,0
0.0233,179.579952672,-1.31722080329,-0.339204698968,1.65642550225,0,724.205757376,-831.685164873,-234.811866902,0,0,0,50.5841925137,0.5,2,0
0.02332,177.839226794,0.0702665880509,-0.057655918937,-0.0126106691138,0,724.457975572,7.93774992048,36.1350149728,0,0,0,50.5841925137,0.5,2,0
0.02334,176.065530897,1.230503132,0.273203539535,-1.50370667153,0,724.70936426,752.897748487,242.330009909,0,0,0,50.5841925137,0.5,2,0
0.02336,174.11427703,0.346901651588,0.123268061455,-0.470169713043,0,724.959913936,233.978773906,55.6861940532,0,0,0,50.5841925137,0.5,2,0
0.02338,172.112672274,-0.988517759261,-0.222669423899,1.21118718316,0,725.209626137,-602.673838205,-201.189713977,0,0,0,50.5841925137,0.5,2,0
0.0234,170.233109579,-0.617177508253,-0.19642302243,0.813600530683,0,725.458503329,-403.167600818,-111.00262449,0,0,0,50.5841925137,0.5,2,0
0.02342,168.416118105,0.711400035151,0.125068278161,-0.836468313312,0,725.706557925,414.31000589,160.381619358,0,0,0,50.5841925137,0.5,2,0
0.02344,166.487080955,0.803434803357,0.202194862228,-1.00562966558,0,725.953790756,496.233232568,166.41726278,0,0,0,50.5841925137,0.5,2,0
0.02346,164.443909453,-0.371188701755,-0.0633319815121,0.434520683267,0,726.20019702,-213.724397593,-86.8608815471,0,0,0,50.5841925137,0.5,2,0
0.02348,162.444872359,-0.831555555571,-0.21714670235,1.04870225792,0,726.44578014,-514.088595713,-176.307605224,0,0,0,50.5841925137,0.5,2,0
0.0235,160.54304857,0.0838817037862,-0.0251423302555,-0.0587393735308,0,726.690546006,28.491119403,31.1833259476,0,0,0,50.5841925137,0.5,2,0
0.02352,158.612857337,0.795877510354,0.174271271522,-0.970148781876,0,726.934503256,472.580780939,183.95668859,0,0,0,50.5841925137,0.5,2,0
0.02354,156.566229656,0.195551064304,0.0638736035889,-0.259424667893,0,727.177647281,126.131264925,40.1921666395,0,0,0,50.5841925137,0.5,2,0
0.02356,154.489207033,-0.642429334997,-0.151040308515,0.793469643512,0,727.419979467,-383.726137953,-150.311756663,0,0,0,50.5841925137,0.5,2,0
0.02358,152.489814205,-0.367767416104,-0.119112804501,0.486880220605,0,727.661503095,-235.16968325,-78.7477346667,0,0,0,50.5841925137,0.5,2,0
0.0236,150.525344798,0.479343792329,0.0855887174521,-0.564932509781,0,727.902226574,270.782278615,122.661108336,0,0,0,50.5841925137,0.5,2,0
0.02362,148.484901874,0.503426494887,0.121214460034,-0.624640954921,0,728.142150949,298.914946194,122.458315986,0,0,0,50.5841925137,0.5,2,0
0.02364,146.371969699,-0.256518913484,-0.0521770327463,0.30869594623,0,728.381274675,-146.871286523,-65.7401162507,0,0,0,50.5841925137,0.5,2,0
0.02366,144.288854057,-0.522149677404,-0.139291441671,0.661441119075,0,728.619600537,-314.324880651,-127.317259155,0,0,0,50.5841925137,0.5,2,0
0.02368,142.265766367,0.0806579613737,-0.00976674882023,-0.0708912125534,0,728.857133703,32.6117519527,27.6654994099,0,0,0,50.5841925137,0.5,2,0
0.0237,140.220432998,0.515250937713,0.109951851517,-0.62520278923,0,729.093879701,293.949256252,136.007069668,0,0,0,50.5841925137,0.5,2,0
0.02372,138.099593324,0.10882941074,0.0309062057541,-0.139735616494,0,729.329837168,65.6920216308,27.2547835556,0,0,0,50.5841925137,0.5,2,0
0.02374,135.961303423,-0.41531905275,-0.10223513557,0.51755418832,0,729.565007559,-241.66558468,-109.202080581,0,0,0,50.5841925137,0.5,2,0
0.02376,133.873068052,-0.21540573871,-0.072837209066,0.288242947776,0,729.799394327,-134.852268376,-52.7815270976,0,0,0,50.5841925137,0.5,2,0
0.02378,131.80456992,0.323513941212,0.0570689671436,-0.380582908355,0,730.033003213,175.166464139,92.4244868404,0,0,0,50.5841925137,0.5,2,0
0.0238,129.685570079,0.315716334206,0.0716678832468,-0.387384217453,0,730.265835818,178.229635011,87.5955946968,0,0,0,50.5841925137,0.5,2,0
0.02382,127.521535548,-0.175019130199,-0.0409644297508,0.21598355995,0,730.497892277,-98.9461151473,-48.8613439074,0,0,0,50.5841925137,0.5,2,0
0.02384,125.378495325,-0.325332592875,-0.0898427241496,0.415175317024,0,730.72917516,-190.022175659,-88.9199885496,0,0,0,50.5841925137,0.5,2,0
0.02386,123.273256946,0.0708569336936,-0.00329347035364,-0.06756346334,0,730.959688856,29.5201223167,24.4898892875,0,0,0,50.5841925137,0.5,2,0
0.02388,121.152033623,0.33430812344,0.0684406781012,-0.402748801541,0,731.189437244,181.268044986,98.6616302532,0,0,0,50.5841925137,0.5,2,0
0.0239,118.982900733,0.0600235090523,0.013070454809,-0.0730939638613,0,731.418420744,32.7735559942,17.7395399551,0,0,0,50.5841925137,0.5,2,0
0.02392,116.804925517,-0.266574736198,-0.0692822960101,0.335857032208,0,731.646641008,-150.533610745,-77.346017927,0,0,0,50.5841925137,0.5,2,0
0.02394,114.660133765,-0.122888582774,-0.0452524867766,0.168141069551,0,731.87410131,-75.8777738826,-33.4128361393,0,0,0,50.5841925137,0.5,2,0
0.02396,112.527184679,0.219035141109,0.0370086321246,-0.256043773234,0,732.100805935,112.221839649,68.8597740546,0,0,0,50.5841925137,0.5,2,0
0.02398,110.361729981,0.19868212426,0.041492737768,-0.240174862028,0,732.326756783,105.27815066,61.5191470705,0,0,0,50.5841925137,0.5,2,0
0.024,108.169400013,-0.117555481914,-0.031354913253,0.148910395167,0,732.551954894,-65.434260768,-35.4778973937,0,0,0,50.5841925137,0.5,2,0
0.02402,105.992717913,-0.200490730407,-0.0585040722088,0.258994802615,0,732.776402766,-113.586802701,-60.226293216,0,0,0,50.5841925137,0.5,2,0
0.02404,103.840730993,0.0593244170223,-0.00111065861015,-0.0582137584122,0,733.000104111,23.9469880663,21.3281698168,0,0,0,50.5841925137,0.5,2,0
0.02406,101.678343995,0.217826154047,0.0417963761032,-0.25962253015,0,733.223062048,110.901046607,70.6887099393,0,0,0,50.5841925137,0.5,2,0
0.02408,99.4865903181,0.0333460266433,0.0036406197588,-0.0369866464021,0,733.445277838,15.4516815196,11.3918830816,0,0,0,50.5841925137,0.5,2,0
0.0241,97.291658501,-0.169343394122,-0.0472380160702,0.216581410192,0,733.666753351,-92.7686918081,-53.4342678147,0,0,0,50.5841925137,0.5,2,0
0.02412,95.1195869717,-0.0672269424099,-0.0288328232749,0.0960597656848,0,733.887491608,-41.8247089586,-19.7633049647,0,0,0,50.5841925137,0.5,2,0
0.02414,92.9554512489,0.149097230895,0.0231650483988,-0.172262279294,0,734.107496064,71.2489486115,50.9470238726,0,0,0,50.5841925137,0.5,2,0
0.02416,90.7713166603,0.125995592094,0.0231580535407,-0.149153645634,0,734.326768764,61.6625572942,42.8226098942,0,0,0,50.5841925137,0.5,2,0
0.02418,88.5721538483,-0.0773398706609,-0.023795637091,0.101135507752,0,734.545311259,-42.5533091059,-25.0270103655,0,0,0,50.5841925137,0.5,2,0
0.0242,86.385259451,-0.121570358279,-0.0386928304887,0.160263188768,0,734.763125995,-67.1703015822,-39.5336583275,0,0,0,50.5841925137,0.5,2,0
0.02422,84.2152550646,0.0484049626204,-0.000864346083364,-0.047540616537,0,734.980216176,18.1808690762,18.2690992129,0,0,0,50.5841925137,0.5,2,0
0.02424,82.0392642342,0.142963265978,0.0247476268322,-0.16771089281,0,735.196584513,67.3563596901,50.3525041005,0,0,0,50.5841925137,0.5,2,0
0.02426,79.8461068871,0.0193241053883,-0.00123634433078,-0.0180877610575,0,735.412232704,6.67227517839,7.49030637356,0,0,0,50.5841925137,0.5,2,0
0.02428,77.6532440579,-0.105933338561,-0.0326374223508,0.138570760912,0,735.627162774,-56.6189681092,-35.9405499735,0,0,0,50.5841925137,0.5,2,0
0.0243,75.4767001153,-0.0340938783507,-0.0190784775663,0.053172355917,0,735.841377505,-22.5485484308,-10.5519883863,0,0,0,50.5841925137,0.5,2,0
0.02432,73.3060797823,0.102366898186,0.013731624635,-0.116098522821,0,736.054879834,44.8420133805,37.6247945019,0,0,0,50.5841925137,0.5,2,0
0.02434,71.123804159,0.0810354505405,0.0119882610408,-0.0930237115813,0,736.267671881,35.8121582402,29.842591414,0,0,0,50.5841925137,0.5,2,0
0.02436,68.9338982558,-0.0493953881899,-0.0182005572032,0.0675959453931,0,736.479755486,-27.3031441351,-17.0113024237,0,0,0,50.5841925137,0.5,2,0
0.02438,66.7537993997,-0.0718623546572,-0.0262158679297,0.0980782225869,0,736.691133039,-39.3504171148,-25.0146009927,0,0,0,50.5841925137,0.5,2,0
0.0244,64.5856520297,0.0390570625755,-0.00140036099057,-0.037656701585,0,736.901807366,13.163309529,15.4728398416,0,0,0,50.5841925137,0.5,2,0
0.02442,62.4145371803,0.0949389544326,0.0138215729334,-0.108760527366,0,737.11178095,40.599487553,35.9133639693,0,0,0,50.5841925137,0.5,2,0
0.02444,60.2338969563,0.0123774681501,-0.0037307569576,-0.00864671119242,0,737.321055709,2.38993987845,5.28910228904,0,0,0,50.5841925137,0.5,2,0
0.02446,58.0552886226,-0.0646838330092,-0.0230787462157,0.0877625792249,0,737.529633753,-34.3018729905,-23.4051265981,0,0,0,50.5841925137,0.5,2,0
0.02448,55.8884790507,-0.0146023225546,-0.0133404344812,0.0279427570358,0,737.737517656,-11.9011790059,-4.54309184155,0,0,0,50.5841925137,0.5,2,0
0.0245,53.7262361811,0.0712213786539,0.00731625030056,-0.0785376289544,0,737.944710041,27.9421606029,27.9069675363,0,0,0,50.5841925137,0.5,2,0
0.02452,51.557485678,0.053347536104,0.00513157707146,-0.0584791131755,0,738.15121305,20.5740082013,21.0525297812,0,0,0,50.5841925137,0.5,2,0
0.02454,49.3852983917,-0.0301125395996,-0.0142368182858,0.0443493578853,0,738.357028669,-17.3776323037,-10.9789381646,0,0,0,50.5841925137,0.5,2,0
0.02456,47.2207380671,-0.0406594151413,-0.0184331718049,0.0590925869462,0,738.562159217,-22.9209309836,-15.0348011424,0,0,0,50.5841925137,0.5,2,0
0.02458,45.0645979572,0.0315378888116,-0.00222389227314,-0.0293139965385,0,738.766607261,9.13402206038,13.062095992,0,0,0,50.5841925137,0.5,2,0
0.0246,42.9071268735,0.0642025319069,0.0067724546708,-0.0709749865777,0,738.970375142,24.2253681904,25.8503525541,0,0,0,50.5841925137,0.5,2,0
0.02462,40.7444801529,0.00926848318416,-0.00500869040398,-0.00425979278021,0,739.173464876,0.372942197272,4.17468743821,0,0,0,50.5841925137,0.5,2,0
0.02464,38.5842383055,-0.0379106400995,-0.0169130263124,0.0548236664119,0,739.375878597,-20.7282026861,-14.5678217403,0,0,0,50.5841925137,0.5,2,0
0.02466,36.4322741325,-0.00327431530843,-0.0100522155919,0.0133265309004,0,739.577618716,-6.21830082811,-0.727416402556,0,0,0,50.5841925137,0.5,2,0
0.02468,34.2835509445,0.0505344234809,0.00292245934028,-0.0534568828212,0,739.778687655,17.1611544895,20.9340164264,0,0,0,50.5841925137,0.5,2,0
0.0247,32.1310706257,0.0363875566995,0.000864528058738,-0.0372520847582,0,739.979087543,11.5976047811,15.2159710096,0,0,0,50.5841925137,0.5,2,0
0.02472,29.9770726252,-0.0168792275361,-0.0115410355751,0.0284202631112,0,740.178820427,-11.0776891206,-6.51173092438,0,0,0,50.5841925137,0.5,2,0
0.02474,27.8285167896,-0.0211249137488,-0.0136561170943,0.0347810308431,0,740.377888554,-13.387447775,-8.27941240522,0,0,0,50.5841925137,0.5,2,0
0.02476,25.685494665,0.0257494400655,-0.00311044873131,-0.0226389913342,0,740.576294307,6.03342309919,11.0790329314,0,0,0,50.5841925137,0.5,2,0
0.02478,23.5416122378,0.0445948846671,0.00217079875815,-0.0467656834253,0,740.774039923,14.206358459,18.9398362436,0,0,0,50.5841925137,0.5,2,0
0.0248,21.394607663,0.00817234352652,-0.00569609475886,-0.00247624876764,0,740.971127451,-0.568747407632,3.71291529765,0,0,0,50.5841925137,0.5,2,0
0.02482,19.2494049553,-0.0205554450241,-0.0130121215777,0.0335675666018,0,741.167559012,-12.6139765448,-8.41130213616,0,0,0,50.5841925137,0.5,2,0
0.02484,17.1094757868,0.0032320064868,-0.00825103887019,0.0050190323834,0,741.363336892,-3.34124492864,1.64112629629,0,0,0,50.5841925137,0.5,2,0
0.02486,14.9713102097,0.0368598039393,-0.000120851255436,-0.0367389526839,0,741.558463366,10.2759018722,15.9979067032,0,0,0,50.5841925137,0.5,2,0
0.02488,12.8304707575,0.0260792582008,-0.00184598444013,-0.0242332737606,0,741.752940536,6.2777926592,11.4051740003,0,0,0,50.5841925137,0.5,2,0
0.0249,10.6885384608,-0.00782455544655,-0.00978093345483,0.0176054889014,0,741.946770459,-7.19057938142,-3.2427677658,0,0,0,50.5841925137,0.5,2,0
0.02492,8.54985410786,-0.00890999736765,-0.0107866400629,0.0196966374305,0,742.139955309,-7.97789396787,-3.75535564039,0,0,0,50.5841925137,0.5,2,0
0.02494,6.41418541973,0.0214480059671,-0.0039499424625,-0.0174980635046,0,742.332497335,3.70117661782,9.50755975388,0,0,0,50.5841925137,0.5,2,0
0.02496,4.27733287407,0.0321486461009,-0.000873480869278,-0.0312751652317,0,742.52439869,8.04834427824,14.2507706014,0,0,0,50.5841925137,0.5,2,0
0.02498,2.13796503785,0.00808426321017,-0.00610318815674,-0.00198107505342,0,742.715661417,-1.03734316859,3.61943735875,0,0,0,50.5841925137,0.5,2,0
0.025,-0.00074159883425,-0.00930088538061,-0.0105938213851,0.0198947067657,0,742.906287605,-7.86420250029,-4.15533236309,0,0,0,50.5841925137,0.5,2,0
0.02502,-2.1372058371,0.00143737953046,-2.39943124702,2.39799386749,0,743.081996421,-1236.54862249,-8.23772994372,321.12833278,13.1803850895,12.3325957533,50.6205233505,0.967912564128,0,0
0.02504,-4.27210123852,0.0334647831276,-4.98716595265,4.95370116953,0,743.271399902,-2560.49763489,-21.850335678,321.12833278,13.1803850895,12.3325957533,50.6205233505,0.967912564128,0,0
0.02506,-6.40567610166,0.0852730248159,-7.4534128065,7.36813978169,0,743.449391047,-3815.36211876,-44.2102084054,320.780367491,12.8835610509,12.3325957533,50.6569513295,0.963424448916,0,0
0.02508,-8.53782025918,0.159834516256,-10.052070683,9.89223616672,0,743.6375708,-5131.15042518,-76.2719000506,320.780367491,12.8835610509,12.3325957533,50.6569513295,0.963424448916,0,0
0.0251,-10.6688484491,0.254770117744,-12.607066864,12.3522967462,0,743.825111285,-6418.2672973,-117.210740612,320.780367491,12.8835610509,12.3325957533,50.6569513295,0.963424448916,0,0
0.02512,-12.646253023,2.28431816194,-13.0980423114,10.8137241494,0,744.017751183,-6189.70701712,755.127456912,320.431085625,12.6471509852,12.3325957533,50.6935848727,0.958093179033,0,0
0.02514,-14.5786155567,4.88818563577,-13.2475731579,8.35938752209,0,744.22318162,-5663.24312965,1904.43144672,320.431085625,12.6471509852,12.3325957533,50.6935848727,0.958093179033,0,0
0.02516,-16.5105214224,7.50865398041,-13.4070165751,5.89836259466,0,744.42302132,-5152.64431961,3069.8474569,320.082662463,12.4743264428,12.3325957533,50.7303829555,0.952776539475,0,0
0.02518,-18.345407403,11.3581914134,-16.0014956915,4.64330427803,0,744.596075001,-5623.2449647,4732.69699776,320.082662463,12.4743264428,12.3325957533,50.7303829555,0.952776539475,0,0
0.0252,-20.1500414191,15.6007626329,-20.6242261914,5.02346355844,0,744.756404593,-7064.7525431,6498.77054335,320.082662463,12.4743264428,12.3325957533,50.7303829555,0.952776539475,0,0
0.02522,-22.1607119684,17.2741959942,-21.2457823041,3.97158630987,0,744.933010125,-7057.98066224,7208.86537444,319.734958406,12.3679572013,12.3325957533,50.7673759122,0.939398748754,0,0
0.02524,-24.0922105939,19.9566882853,-21.430018129,1.47332984369,0,745.121689619,-6612.82739373,8413.84450553,319.734958406,12.3679572013,12.3325957533,50.7673759122,0.939398748754,0,0
0.02526,-26.0237731995,22.6556174401,-21.6242887638,-1.03132867639,0,745.304746715,-6184.25701845,9635.01737368,319.388155112,12.3301944138,12.3325957533,50.8045552689,0.930789569082,0,0
0.02528,-27.9320066612,25.6654148584,-22.4175746149,-3.24784024353,0,745.46660798,-6010.66983133,10981.1320308,319.388155112,12.3301944138,12.3325957533,50.8045552689,0.930789569082,0,0
0.0253,-29.8231236804,28.9091137149,-26.5492326714,-2.35988104351,0,745.600300778,-7516.92391043,12258.2976557,319.388155112,12.3301944138,12.3325957533,50.8045552689,0.930789569082,0,0
0.02532,-31.9036252992,29.7976997105,-27.251590233,-2.54610947752,0,745.759781366,-7782.85280202,12597.2620185,319.042479761,12.3616415831,12.3325957533,50.8419459639,0.914905373955,0,0
0.02534,-33.8360684917,32.5640200597,-27.4759198905,-5.08810016922,0,745.93265236,-7416.17793462,13863.9893406,319.042479761,12.3616415831,12.3325957533,50.8419459639,0.914905373955,0,0
0.02536,-35.7689253835,35.34662687,-27.7103430098,-7.63628386017,0,746.099866465,-7066.84310559,15146.8593241,318.697885747,12.4622933532,12.3325957533,50.8795358242,0.889556828542,0,0
0.02538,-37.7022407112,38.1454845147,-27.9548670093,-10.1906175054,0,746.261430172,-6735.00342065,16445.8270835,318.697885747,12.4622933532,12.3325957533,50.8795358242,0.889556828542,0,0
0.0254,-39.8805805482,37.8937326309,-28.8638038183,-9.02992881267,0,746.385308513,-7377.00931015,16225.4706622,318.697885747,12.4622933532,12.3325957533,50.8795358242,0.889556828542,0,0
0.02542,-42.0338244896,37.9794126834,-29.3977962717,-8.58161641175,0,746.529137935,-7757.82837193,16190.7589938,318.35419467,12.6306217297,12.3325957533,50.9174030182,0.852582135335,0,0
0.02544,-43.967723363,40.8388854962,-29.6708043464,-11.1680811498,0,746.687353501,-7462.88809557,17529.03448,318.35419467,12.6306217297,12.3325957533,50.9174030182,0.852582135335,0,0
0.02546,-45.9021586552,43.7144900683,-29.9538671749,-13.7606228933,0,746.839872305,-7186.09348505,18883.2299222,318.011379433,12.864663023,12.3325957533,50.9555050514,0.821564387051,0,0
0.02548,-47.8371237367,46.6061918113,-30.2469742888,-16.3592175225,0,746.986701145,-6927.60015667,20253.2649425,318.011379433,12.864663023,12.3325957533,50.9555050514,0.821564387051,0,0
0.0255,-50.6289609848,38.7737717084,-26.0880521421,-12.6857195663,0,747.128848042,-6403.35338551,16743.86241,318.011379433,12.864663023,12.3325957533,50.9555050514,0.821564387051,0,0
0.02552,-52.8490855786,38.1336621186,-25.9820486528,-12.1516134658,0,747.253336035,-6592.34100897,16412.9844434,317.669047511,13.1615129747,12.3325957533,50.993968522,0.819975461109,0,0
0.02554,-54.7830975114,41.1034140184,-26.3154118681,-14.7880021503,0,747.401963841,-6353.96663373,17834.7567949,317.669047511,13.1615129747,12.3325957533,50.993968522,0.819975461109,0,0
0.02556,-56.7174982642,44.0891227948,-26.6586501106,-17.4304726842,0,747.544827065,-6134.62160369,19272.0821988,317.328803753,13.5161498302,12.3325957533,51.032706182,0.794774101098,0,0
0.02558,-58.6522229436,47.0907520977,-27.0117309369,-20.0790211608,0,747.681932745,-5934.4594303,20724.8419462,317.328803753,13.5161498302,12.3325957533,51.032706182,0.794774101098,0,0
0.0256,-62.724026374,23.30883137,-14.6041945081,-8.70463686183,0,747.844301517,-3717.85598493,10114.2418895,317.328803753,13.5161498302,12.3325957533,51.032706182,0.794774101098,0,0
0.02562,-65.010448836,21.9363840084,-14.1560174233,-7.78036658509,0,747.961446591,-3786.92845037,9460.83788087,316.987642351,13.9278994634,12.3325957533,51.0719412256,0.874545175599,0,0
0.02564,-66.9404098254,25.0510627856,-14.5667233914,-10.4843393942,0,748.116378323,-3570.85793956,10981.3734732,316.987642351,13.9278994634,12.3325957533,51.0719412256,0.874545175599,0,0
0.02566,-68.8703138982,28.1814882365,-14.9869156889,-13.1945725476,0,748.265389378,-3374.84954473,12517.1210235,316.647843559,14.3900891775,12.3325957533,51.1114633941,0.857573199889,0,0
0.02568,-70.8123504067,31.1731556877,-15.3393050722,-15.8338506154,0,748.410092942,-3183.2251593,13998.7216763,316.647843559,14.3900891775,12.3325957533,51.1114633941,0.857573199889,0,0
0.0257,-74.4443114054,12.981968948,-5.84385525814,-7.13811368981,0,748.57173007,-1114.80349247,5900.81258949,316.647843559,14.3900891775,12.3325957533,51.1114633941,0.857573199889,0,0
0.02572,-76.644352695,12.7591125144,-6.23155275609,-6.52755975832,0,748.698314408,-1390.30856557,5735.67328216,316.308177796,14.9002856091,12.3325957533,51.1514451431,0.908624319949,0,0
0.02574,-78.568467479,16.0044034714,-6.710043562,-9.29435990942,0,748.85323272,-1217.58318384,7347.29607426,316.308177796,14.9002856091,12.3325957533,51.1514451431,0.908624319949,0,0
0.02576,-80.4917687704,19.2652090092,-7.19753580963,-12.0676731996,0,749.002104717,-1065.87018989,8973.66267641,315.970561416,15.4516449431,12.3325957533,51.1917032783,0.88173039046,0,0
0.02578,-82.4140682412,22.5414797811,-7.69394456431,-14.8475352168,0,749.144937465,-935.31144075,10614.579054,315.970561416,15.4516449431,12.3325957533,51.1917032783,0.88173039046,0,0
0.0258,-84.5722878099,22.8592563575,-7.67866206612,-15.1805942914,0,749.303981193,-958.81410393,10793.9831235,315.970561416,15.4516449431,12.3325957533,51.1917032783,0.88173039046,0,0
0.02582,-86.6220736174,24.5345960996,-9.31819229057,-15.2164038091,0,749.439174247,-1662.53753793,11432.0137225,315.635603572,16.0395964386,12.3325957533,51.2322656037,0.84199503869,0,0
0.02584,-88.5393407133,27.8667027439,-9.83940835597,-18.027294388,0,749.574234643,-1583.43661256,13110.2922632,315.635603572,16.0395964386,12.3325957533,51.2322656037,0.84199503869,0,0
0.02586,-90.4547334914,31.214071311,-10.3691106854,-20.8449606255,0,749.703226555,-1526.00531555,14802.3542537,315.304725982,16.6586094273,12.3325957533,51.2730771475,0.791365661036,0,0
0.02588,-92.3680057194,34.5766418143,-10.9071848722,-23.6694569421,0,749.82615654,-1490.36480215,16507.9409417,315.304725982,16.6586094273,12.3325957533,51.2730771475,0.791365661036,0,0
0.0259,-95.070203093,28.0300966356,-7.63936936541,-20.3907272701,0,749.956158469,-701.270108495,13598.9459181,315.304725982,16.6586094273,12.3325957533,51.2730771475,0.791365661036,0,0
0.02592,-97.2250896713,28.329641252,-8.31189668664,-20.0177445654,0,750.063499374,-1107.81256726,13660.3847274,314.976295914,17.3073934103,12.3325957533,51.3142272468,0.778856215538,0,0
0.02594,-99.1282366952,31.7647695661,-8.88202076856,-22.8827487976,0,750.186841697,-1107.40070408,15410.7296974,314.976295914,17.3073934103,12.3325957533,51.3142272468,0.778856215538,0,0
0.02596,-101.028173108,35.2148390647,-9.45992144271,-25.754917622,0,750.30404605,-1129.31163902,17173.7833946,314.650884921,17.9815621829,12.3325957533,51.3556377063,0.738780755882,0,0
0.02598,-102.944130387,38.4348592882,-9.92299603435,-28.5118632538,0,750.417429382,-1136.95451074,18840.0482134,314.650884921,17.9815621829,12.3325957533,51.3556377063,0.738780755882,0,0
0.026,-106.960857338,15.2746948571,1.9444305594,-17.2191254165,0,750.559183767,2492.54576475,8599.59983857,314.650884921,17.9815621829,12.3325957533,51.3556377063,0.738780755882,0,0
0.02602,-109.154085836,14.9471881872,1.75651501517,-16.7037032024,0,750.656872877,2310.28377534,8417.286935,314.326691574,18.6820357857,12.3325957533,51.3975295765,0.821798517572,0,0
0.02604,-111.032980213,18.5207792007,1.12196218738,-19.6427413881,0,750.784783704,2264.33345918,10260.1684487,314.326691574,18.6820357857,12.3325957533,51.3975295765,0.821798517572,0,0
0.02606,-112.907096606,22.108896292,0.480583347095,-22.5894796391,0,750.906393001,2195.23263604,12114.8897821,314.006861941,19.4014788957,12.3325957533,51.4396868346,0.790053639039,0,0
0.02608,-114.897974809,24.1829148664,0.596827943404,-24.7797428098,0,751.035259331,2361.65358903,13302.549929,314.006861941,19.4014788957,12.3325957533,51.4396868346,0.790053639039,0,0
0.0261,-117.133168321,23.1387038283,1.56116338177,-24.6998672101,0,751.191766028,2685.6189212,12966.8714325,314.006861941,19.4014788957,12.3325957533,51.4396868346,0.790053639039,0,0
0.02612,-119.106934072,25.3146487369,-0.184875860322,-25.1297728766,0,751.30369175,1881.70338096,13830.2784065,313.690787125,20.1382642725,12.3325957533,51.4821253866,0.757778332914,0,0
0.02614,-120.957211262,28.9762160138,-0.854253533911,-28.1219624799,0,751.412573295,1737.87229572,15731.5337269,313.690787125,20.1382642725,12.3325957533,51.4821253866,0.757778332914,0,0
0.02616,-122.800966739,32.6518369348,-1.52949903842,-31.1223378964,0,751.515110032,1570.56624463,17642.9518215,313.378995403,20.8889635576,12.3325957533,51.5247673772,0.693779078841,0,0
0.02618,-124.655774285,36.116441637,-2.09793259001,-34.018509047,0,751.613447608,1420.84179188,19464.8214534,313.378995403,20.8889635576,12.3325957533,51.5247673772,0.693779078841,0,0
0.0262,-128.479368853,14.8120573755,8.74703559166,-23.5590929672,0,751.742592959,5407.31268309,10155.5843401,313.378995403,20.8889635576,12.3325957533,51.5247673772,0.693779078841,0,0
0.02622,-130.584760247,14.9749323746,8.36183641061,-23.3367687852,0,751.825862205,5160.74364675,10207.6839563,313.069720542,21.655867737,12.3325957533,51.5678350829,0.768985275977,0,0
0.02624,-132.393936966,18.7661747748,7.64030024967,-26.4064750245,0,751.936508773,4956.70095622,12193.6903958,313.069720542,21.655867737,12.3325957533,51.5678350829,0.768985275977,0,0
0.02626,-134.194746429,22.5708880114,6.91409557182,-29.4849835832,0,752.040649266,4728.61771529,14188.5768274,312.765039107,22.4332370748,12.3325957533,51.6111238424,0.727767687279,0,0
0.02628,-136.194223306,23.7876862331,7.48410092576,-31.2717871588,0,752.161625528,4999.71879123,15052.6518897,312.765039107,22.4332370748,12.3325957533,51.6111238424,0.727767687279,0,0
0.0263,-138.355482737,22.8743335918,8.47317149086,-31.3475050826,0,752.304459762,5366.85873577,14834.2362693,312.765039107,22.4332370748,12.3325957533,51.6111238424,0.727767687279,0,0
0.02632,-140.255167107,25.1356077596,6.4355278552,-31.5711356148,0,752.392833915,4344.64354266,15650.6451014,312.464871211,23.2198362092,12.3325957533,51.6546456198,0.695331319483,0,0
0.02634,-142.017244836,29.0119153292,5.68955764653,-34.7014729757,0,752.485092217,4040.8585255,17683.7500744,312.464871211,23.2198362092,12.3325957533,51.6546456198,0.695331319483,0,0
0.02636,-143.769084151,32.9010418287,4.9401112748,-37.8411531035,0,752.570784037,3713.0597059,19723.6487534,312.169836204,24.0128224075,12.3325957533,51.6983208497,0.623119669003,0,0
0.02638,-145.809789594,33.0469400186,6.06539068863,-39.1123307073,0,752.66277449,4166.24563633,20140.8353623,312.169836204,24.0128224075,12.3325957533,51.6983208497,0.623119669003,0,0
0.0264,-150.226497333,3.26870150477,21.3898996485,-24.6586011533,0,752.779759276,10853.3700165,7415.86447289,312.169836204,24.0128224075,12.3325957533,51.6983208497,0.623119669003,0,0
0.02642,-152.220194916,3.74924266494,20.997042443,-24.7462851079,0,752.854026595,10630.341978,7660.83492466,311.877522793,24.8174420372,12.3325957533,51.7424871333,0.781416442665,0,0
0.02644,-153.92056434,7.77415644546,20.1980056897,-27.9721621351,0,752.958281627,10276.9866686,9795.5533487,311.877522793,24.8174420372,12.3325957533,51.7424871333,0.781416442665,0,0
0.02646,-155.608887915,11.8111099387,19.3969415822,-31.2080515209,0,753.055738825,9899.03239149,11935.8344257,311.592200712,25.625315221,12.3325957533,51.7868073304,0.735357800821,0,0
0.02648,-157.632735119,11.4964886386,20.775871545,-32.2723601836,0,753.167667676,10520.0485524,12211.062651,311.592200712,25.625315221,12.3325957533,51.7868073304,0.735357800821,0,0
0.0265,-159.675098441,10.8016595006,21.7744485167,-32.5761080173,0,753.283803759,10943.3591242,12173.3257374,311.592200712,25.625315221,12.3325957533,51.7868073304,0.735357800821,0,0
0.02652,-161.438709503,13.450514703,19.4411397483,-32.8916544513,0,753.366613237,9731.30629388,13098.7167907,311.312101133,26.4368802036,12.3325957533,51.8313076709,0.710869158988,0,0
0.02654,-163.073667841,17.5563022474,18.6295657525,-36.185868,0,753.452830976,9277.22352661,15270.137767,311.312101133,26.4368802036,12.3325957533,51.8313076709,0.710869158988,0,0
0.02656,-164.694915879,21.6733021882,17.8172977409,-39.4905999291,0,753.532173956,8798.91262271,17444.7679057,311.037495381,27.2496705709,12.3325957533,51.8758956074,0.629246409254,0,0
0.02658,-166.422603341,24.290597621,17.7599737797,-42.0505714007,0,753.61789173,8668.98597033,18983.7242293,311.037495381,27.2496705709,12.3325957533,51.8758956074,0.629246409254,0,0
0.0266,-168.387650366,23.7623118074,18.4662831555,-42.2285949629,0,753.740251163,8904.40580291,18959.0731776,311.037495381,27.2496705709,12.3325957533,51.8758956074,0.629246409254,0,0
0.02662,-170.086617355,26.3986231976,16.2503447937,-42.6489679913,0,753.801391704,7679.77433921,19866.1337467,310.768338715,28.0632731916,12.3325957533,51.920591728,0.5753523501,0,0
0.02664,-171.648738354,30.5750625793,15.4363232708,-46.0113858502,0,753.866612728,7122.94076265,22057.6661019,310.768338715,28.0632731916,12.3325957533,51.920591728,0.5753523501,0,0
0.02666,-173.195711321,34.7618173853,14.6229500976,-49.3847674828,0,753.924892238,6542.54716492,24249.8891596,310.504797952,28.876021023,12.3325957533,51.9653424695,0.488879559607,0,0
0.02668,-176.15069031,21.1067951504,22.7365035103,-43.8432986607,0,754.008049963,10572.5644767,19024.2950686,310.504797952,28.876021023,12.3325957533,51.9653424695,0.488879559607,0,0
0.0267,-180.880425985,-14.9928819979,41.1518917932,-26.1590097953,0,754.100743856,20338.127341,4267.01887233,310.504797952,28.876021023,12.3325957533,51.9653424695,0.488879559607,0,0
0.02672,-182.60274558,-13.5638485899,40.0340314308,-26.4701828409,0,754.167513139,19729.0538095,4859.82923681,310.244075764,29.6974968817,12.3325957533,52.010699814,0.814499038618,0,0
0.02674,-184.076500406,-9.20958117426,39.16797214,-29.9583909657,0,754.26369348,19132.3627061,7191.62278374,310.244075764,29.6974968817,12.3325957533,52.010699814,0.814499038618,0,0
0.02676,-185.711431665,-7.07162611859,39.4169731755,-32.3453470569,0,754.340363648,19132.6257784,8612.25699709,309.989976511,30.5163427306,12.3325957533,52.0560982789,0.750581495123,0,0
0.02678,-187.551374716,-7.70228068803,41.0572907708,-33.3550100828,0,754.411961867,19900.3196198,8907.08305963,309.989976511,30.5163427306,12.3325957533,52.0560982789,0.750581495123,0,0
0.0268,-189.330182037,-7.76595484874,41.4687867678,-33.702831919,0,754.487473468,20049.0795594,9132.60733267,309.989976511,30.5163427306,12.3325957533,52.0560982789,0.750581495123,0,0
0.02682,-190.848861006,-4.76910250362,38.1689729249,-33.3998704213,0,754.562816417,18272.3563319,9877.51438997,309.741440578,31.3331224999,12.3325957533,52.1015802712,0.732783192977,0,0
0.02684,-192.23732305,-0.342987374381,37.311684643,-36.9686972686,0,754.643764733,17579.4187147,12226.572877,309.741440578,31.3331224999,12.3325957533,52.1015802712,0.732783192977,0,0
0.02686,-193.608727522,4.09142530237,36.4579979285,-40.5494232309,0,754.717306139,16863.0333368,14572.9932021,309.498970625,32.1452715165,12.3325957533,52.1470341257,0.63904262961,0,0
0.02688,-195.035436303,7.625042094,36.0625967067,-43.6876388007,0,754.783018303,16388.4130233,16553.6698873,309.498970625,32.1452715165,12.3325957533,52.1470341257,0.63904262961,0,0
0.0269,-196.689135242,8.1032886939,35.4483317507,-43.5516204446,0,754.869780191,15966.4242576,16718.0524214,309.498970625,32.1452715165,12.3325957533,52.1470341257,0.63904262961,0,0
0.02692,-198.161513151,10.645930795,31.6029089914,-42.2488397864,0,754.922813005,13901.0032286,16934.8054541,309.262140314,32.9524090684,12.3325957533,52.1924560232,0.567041051764,0,0
0.02694,-199.462633662,15.1258299136,30.7709972157,-45.8968271293,0,754.984816114,13114.4548449,19271.471048,309.262140314,32.9524090684,12.3325957533,52.1924560232,0.567041051764,0,0
0.02696,-200.746324774,19.6130186614,29.9439129462,-49.5569316076,0,755.039317084,12305.6692538,21603.1296057,309.030431445,33.753881993,12.3325957533,52.2378288057,0.476047052931,0,0
0.02698,-202.328983609,20.1388598819,31.1061563278,-51.2450162097,0,755.118570749,12667.8871113,22384.3521991,309.030431445,33.753881993,12.3325957533,52.2378288057,0.476047052931,0,0
0.027,-203.91002285,20.472949242,30.8766816395,-51.3496308815,0,755.212535237,12393.8760154,22565.7977569,309.030431445,33.753881993,12.3325957533,52.2378288057,0.476047052931,0,0
0.02702,-205.293470277,23.0730556959,27.5088162939,-50.5818719897,0,755.249340024,10507.8378338,22897.3047879,308.804127935,34.5495209513,12.3325957533,52.2831668813,0.426188074383,0,0
0.02704,-206.505690379,27.6086970414,26.7035543357,-54.3122513771,0,755.293536208,9633.6773355,25222.932722,308.804127935,34.5495209513,12.3325957533,52.2831668813,0.426188074383,0,0
0.02706,-207.945817425,29.0744590545,27.4423913457,-56.5168504002,0,755.364630256,9686.12590227,26369.0898584,308.583696017,35.3378978904,12.3325957533,52.3284148565,0.335391429814,0,0
0.02708,-209.522689246,28.614284209,29.1536832141,-57.7679674231,0,755.456658819,10327.7978827,26788.5351752,308.583696017,35.3378978904,12.3325957533,52.3284148565,0.335391429814,0,0
0.0271,-211.046474825,28.6098086071,29.6429373604,-58.2527459675,0,755.555135602,10375.0206994,27020.1782512,308.583696017,35.3378978904,12.3325957533,52.3284148565,0.335391429814,0,0
0.02712,-212.386302578,30.7034398037,26.3502977539,-57.0537375576,0,755.580228092,8538.209146,27021.6330413,308.368445551,36.1199318185,12.3325957533,52.373636052,0.314086079855,0,0
0.02714,-213.769286628,32.0480676804,27.197984958,-59.2460526385,0,755.621937811,8612.16294089,28132.3514971,308.368445551,36.1199318185,12.3325957533,52.373636052,0.314086079855,0,0
0.02716,-217.46582308,4.17063855977,42.6664986795,-46.8371372393,0,755.681648801,18092.9925717,18426.3731492,308.157536871,36.8970394588,12.3325957533,52.4189272705,0.338141222119,0,0
0.02718,-221.378898871,-26.6270953015,59.605097558,-32.9780022564,0,755.738346085,28856.4662682,7779.9807743,308.157536871,36.8970394588,12.3325957533,52.4189272705,0.338141222119,0,0
0.0272,-222.581299592,-23.6310598192,57.2616847102,-33.630624891,0,755.807040727,27413.8952796,8728.47600088,308.157536871,36.8970394588,12.3325957533,52.4189272705,0.338141222119,0,0
0.02722,-221.773681044,4.37349058981,40.1837997572,-44.557290347,0,755.85446472,16615.4782735,17890.8446152,307.950514831,37.676077811,12.3325957533,52.464693747,0.683450381577,0,0
0.02724,-221.613221885,24.063450971,31.9237139705,-55.9871649416,0,755.907691733,10641.324543,25709.6704441,307.950514831,37.676077811,12.3325957533,52.464693747,0.683450381577,0,0
0.02726,-223.032618636,23.7437996533,33.6787815311,-57.4225811843,0,755.988815075,11262.9178,26266.6501828,307.748965593,38.4380425059,12.3325957533,52.5098817544,0.286663579777,0,0
0.02728,-224.435503604,23.4383942057,35.4372358817,-58.8756300874,0,756.066267912,11877.3521299,26840.3131341,307.748965593,38.4380425059,12.3325957533,52.5098817544,0.286663579777,0,0
0.0273,-225.690150531,24.8022418847,33.5769318471,-58.3791737317,0,756.154307009,10743.5744877,26914.689588,307.748965593,38.4380425059,12.3325957533,52.5098817544,0.286663579777,0,0
0.02732,-226.947925927,25.9400840365,28.025372967,-53.9654570034,0,756.174878909,8090.07311333,25386.9149308,307.551779394,39.1912542402,12.3325957533,52.5549734867,0.256963028042,0,0
0.02734,-228.122748263,27.9348400238,28.6851477558,-56.6199877796,0,756.238139914,7939.07808433,26777.6157035,307.551779394,39.1912542402,12.3325957533,52.5549734867,0.256963028042,0,0
0.02736,-229.463093499,27.6736987704,30.4836667532,-58.1573655236,0,756.324693612,8545.46198108,27386.42159,307.357852986,39.9358497663,12.3325957533,52.5999975739,0.214145607277,0,0
0.02738,-230.788314984,27.425933822,32.2863752012,-59.7123090231,0,756.407364158,9144.17095344,28011.5745526,307.357852986,39.9358497663,12.3325957533,52.5999975739,0.214145607277,0,0
0.0274,-232.040648415,27.9198346531,32.2551751857,-60.1750098388,0,756.505495032,8879.51710706,28304.069477,307.357852986,39.9358497663,12.3325957533,52.5999975739,0.214145607277,0,0
0.02742,-233.268234393,28.555625181,27.294951477,-55.850576658,0,756.527574952,6588.94970847,26659.8677201,307.16815942,40.6709662647,12.3325957533,52.6449141248,0.186361373206,0,0
0.02744,-234.528857493,28.6127290772,28.9943260595,-57.6070551367,0,756.610722805,7092.61086922,27408.520072,307.16815942,40.6709662647,12.3325957533,52.6449141248,0.186361373206,0,0
0.02746,-235.797186259,28.4131272907,30.8331261827,-59.2462534734,0,756.695379234,7681.44318975,28081.7670078,306.981525624,41.3972945029,12.3325957533,52.6897856903,0.166953210029,0,0
0.02748,-237.052100753,28.226117106,32.6767294307,-60.9028465367,0,756.776077745,8261.95086982,28771.0090079,306.981525624,41.3972945029,12.3325957533,52.6897856903,0.166953210029,0,0
0.0275,-238.237625003,28.7582762637,32.6850366834,-61.4433129471,0,756.87241535,7995.05876017,29089.7212998,306.981525624,41.3972945029,12.3325957533,52.6897856903,0.166953210029,0,0
0.02752,-239.539885458,27.6799338424,27.0649323116,-54.744866154,0,756.898694633,5776.34107749,26184.8306407,306.798752476,42.1132953677,12.3325957533,52.7345304977,0.133610219453,0,0
0.02754,-240.756791673,27.5304162711,28.9428307028,-56.4732469739,0,756.985963124,6360.89662336,26910.6907665,306.798752476,42.1132953677,12.3325957533,52.7345304977,0.133610219453,0,0
0.02756,-241.961835231,27.392893529,30.8259352478,-58.2188287768,0,757.069429498,6936.57801775,27652.3648211,306.6192205,42.8198354964,12.3325957533,52.7792213575,0.137827327734,0,0
0.02758,-243.155420518,27.2672631452,32.714299403,-59.9815625482,0,757.148852992,7503.24133374,28409.7511161,306.6192205,42.8198354964,12.3325957533,52.7792213575,0.137827327734,0,0
0.0276,-244.207762215,28.7863012938,31.0070405121,-59.7933418059,0,757.237465929,6406.83419102,28511.6612202,306.6192205,42.8198354964,12.3325957533,52.7792213575,0.137827327734,0,0
0.02762,-245.465611925,27.6062901102,25.5500110574,-53.1563011675,0,757.268528761,4375.39777219,25564.6499296,306.443278876,43.5153804869,12.3325957533,52.8237746792,0.102001736203,0,0
0.02764,-246.627403629,27.5145584942,27.477311451,-54.9918699452,0,757.357776363,4947.13372228,26355.0601428,306.443278876,43.5153804869,12.3325957533,52.8237746792,0.102001736203,0,0
0.02766,-247.779420266,27.4342162342,29.4101552524,-56.8443714866,0,757.442881929,5509.31383016,27161.0550492,306.269508808,44.2014673148,12.3325957533,52.8683116831,0.108297948467,0,0
0.02768,-248.922090861,27.3651673749,31.3485729239,-58.7137402988,0,757.523839532,6061.80765732,27982.5407988,306.269508808,44.2014673148,12.3325957533,52.8683116831,0.108297948467,0,0
0.0277,-249.930606667,28.8780391164,29.8713866558,-58.7494257722,0,757.612878752,5056.24411898,28145.8430424,306.269508808,44.2014673148,12.3325957533,52.8683116831,0.108297948467,0,0
0.02772,-251.256375319,26.3167671221,24.0928135583,-50.4095806804,0,757.65303303,3281.34882625,24287.150498,306.098562485,44.8757942547,12.3325957533,52.9126996332,0.0832031316127,0,0
0.02774,-252.373440528,26.2830713918,26.0713801282,-52.35445152,0,757.743867354,3840.90632808,25145.8988062,306.098562485,44.8757942547,12.3325957533,52.9126996332,0.0832031316127,0,0
0.02776,-253.482896431,26.260248935,28.0556874818,-54.3159364168,0,757.830443879,4390.19027866,26020.0310047,305.929041164,45.5402653203,12.3325957533,52.9570881384,0.0888435471853,0,0
0.02778,-254.585174943,26.2482259383,30.0457382533,-56.2939641916,0,757.912764617,4929.07752558,26909.4668299,305.929041164,45.5402653203,12.3325957533,52.9570881384,0.0888435471853,0,0
0.0278,-255.604800515,27.1989144151,29.7803856183,-56.9793000334,0,758.014297569,4469.5133879,27294.5321715,305.929041164,45.5402653203,12.3325957533,52.9570881384,0.0888435471853,0,0
0.02782,-257.035576944,22.924483536,23.8778967092,-46.8023802452,0,758.065301756,3147.60519409,22466.9328073,305.762086987,46.1924922074,12.3325957533,53.0013267776,0.0765588178401,0,0
0.02784,-258.118337105,22.9514043907,25.9065137843,-48.857918175,0,758.155142946,3693.44065674,23401.3766302,305.762086987,46.1924922074,12.3325957533,53.0013267776,0.0765588178401,0,0
0.02786,-259.195625849,22.9887911525,27.9409263526,-50.9297175051,0,758.240629995,4228.24292572,24351.0008802,305.596714224,46.8345904943,12.3325957533,53.0455778358,0.0854595746911,0,0
0.02788,-260.267856687,23.0365920906,29.981112705,-53.0177047955,0,758.321764806,4751.89595774,25315.7394456,305.596714224,46.8345904943,12.3325957533,53.0455778358,0.0854595746911,0,0
0.0279,-261.145201653,25.4806267968,26.9850317164,-52.4656585132,0,758.413674163,3047.18995846,25205.5349549,305.596714224,46.8345904943,12.3325957533,53.0455778358,0.0854595746911,0,0
0.02792,-262.537274304,21.4261347283,20.0260791492,-41.4522138776,0,758.46341016,1508.09146041,19981.7125376,305.433108023,47.4636881671,12.3325957533,53.089672732,0.0741440308007,0,0
0.02794,-263.596457641,21.5085271169,22.1129012694,-43.6214283864,0,758.559557197,2043.502565,20983.7415127,305.433108023,47.4636881671,12.3325957533,53.089672732,0.0741440308007,0,0
0.02796,-264.652174634,21.6010670636,24.2054953317,-45.8065623953,0,758.651214823,2567.1271565,22000.8366808,305.269974919,48.0823540366,12.3325957533,53.1338133731,0.0834749187691,0,0
0.02798,-265.704799389,21.7037234878,26.3038193573,-48.0075428451,0,758.73838355,3078.85194523,23032.9454395,305.269974919,48.0823540366,12.3325957533,53.1338133731,0.0834749187691,0,0
0.028,-266.676519303,22.7969315811,26.1103128317,-48.9072444128,0,758.841901304,2612.33650157,23500.0420445,305.269974919,48.0823540366,12.3325957533,53.1338133731,0.0834749187691,0,0
0.02802,289.003072822,12.0417947009,18.6217394638,-30.6635341647,0,758.907318563,34368.6318659,-5.45696821064e-12,305.109151162,48.6883773871,12.3325957533,53.1778304527,0.0713570235124,0,0
0.02804,173.265311197,7.21938796655,19.1106843321,-26.3300722986,0,759.006368194,26654.6526121,0,305.109151162,48.6883773871,12.3325957533,53.1778304527,0.0713570235124,0,0
0.02806,82.3343144642,3.43059643601,19.4953841838,-22.9259806198,0,759.104222857,22018.5500102,-6.8212102633e-13,305.779902816,48.5949126248,12.3325957533,53.15300981,0.16955870817,0,0
0.02808,10.891677999,0.453819916627,19.7981822161,-20.2520021327,0,759.201068854,19255.621487,-3.41060513165e-13,305.779902816,48.5949126248,12.3325957533,53.15300981,0.16955870817,0,0
0.0281,-23.4030108216,-0.9751254509,18.0475076087,-17.0723821578,0,759.310921247,14835.1111937,3.41060513165e-13,305.779902816,48.5949126248,12.3325957533,53.15300981,0.16955870817,0,0
0.02812,6.36737015081,0.265307089617,15.459747256,-15.7250543456,0,759.403913244,11672.4361738,3.41060513165e-13,306.25525207,48.7965687114,12.3325957533,53.1515475235,0.20382859922,0,0
0.02814,-48.808633658,-2.03369306908,16.629539082,-14.5958460129,0,759.506075521,11849.1887618,-1.70530256582e-13,306.25525207,48.7965687114,12.3325957533,53.1515475235,0.20382859922,0,0
0.02816,-92.1634048953,-3.84014187064,17.5491564279,-13.7090145573,0,759.606665582,12255.7598652,-5.11590769747e-13,306.603146994,49.0593437019,12.3325957533,53.1575474461,0.207730559163,0,0
0.02818,-126.230144575,-5.25958935731,18.272200712,-13.0126113547,0,759.705288955,12740.75168,3.41060513165e-13,306.603146994,49.0593437019,12.3325957533,53.1575474461,0.207730559163,0,0
0.0282,-136.733486605,-5.69722860852,17.3513733675,-11.654144759,0,759.811231404,11264.3438789,1.02318153949e-12,306.603146994,49.0593437019,12.3325957533,53.1575474461,0.207730559163,0,0
0.02822,-72.692198748,-3.0288416145,14.7943383455,-11.765496731,0,759.91281751,8795.35780641,1.70530256582e-13,306.938555855,49.4566641654,12.3325957533,53.1725504809,0.210847780342,0,0
0.02824,-97.0912242419,-4.04546767675,15.8209788348,-11.775511158,0,760.011396194,9727.96423312,-6.8212102633e-13,306.938555855,49.4566641654,12.3325957533,53.1725504809,0.210847780342,0,0
0.02826,-130.130293533,-5.42209556389,16.9169411829,-11.4948456191,0,760.111735899,10745.1238823,0,307.203035237,49.7676780135,12.3325957533,53.184025114,0.193556986935,0,0
0.02828,-156.09295076,-6.50387294833,17.7785202555,-11.2746473072,0,760.209796928,11651.851625,0,307.203035237,49.7676780135,12.3325957533,53.184025114,0.193556986935,0,0
0.0283,-160.341094969,-6.68087895705,16.9865475381,-10.3056685811,0,760.314528646,10545.2098994,6.8212102633e-13,307.203035237,49.7676780135,12.3325957533,53.184025114,0.193556986935,0,0
0.02832,-88.1988950676,-3.67495396115,14.4735495,-10.7985955389,0,760.415372067,8150.36609659,-4.26325641456e-13,307.496572509,50.1791968867,12.3325957533,53.2010836008,0.189525049801,0,0
0.02834,-120.688255706,-5.0286773211,15.8090036753,-10.7803263542,0,760.512293331,9394.26309865,1.70530256582e-13,307.496572509,50.1791968867,12.3325957533,53.2010836008,0.189525049801,0,0
0.02836,-148.703749693,-6.19598957054,16.9104953783,-10.7145058077,0,760.610984345,10539.7386096,-3.41060513165e-13,307.743369917,50.5063879021,12.3325957533,53.2138968181,0.170498352074,0,0
0.02838,-170.719750668,-7.11332294451,17.7764085517,-10.6630856072,0,760.707392371,11527.2350154,0,307.743369917,50.5063879021,12.3325957533,53.2138968181,0.170498352074,0,0
0.0284,-171.925734264,-7.16357226099,16.9984557209,-9.83488345989,0,760.810352064,10487.7407305,0,307.743369917,50.5063879021,12.3325957533,53.2138968181,0.170498352074,0,0
0.02842,-105.709271592,-4.40455298298,14.67137974,-10.266826757,0,760.905474546,8161.37285071,1.36424205266e-12,308.029542567,50.9158562343,12.3325957533,53.2307197778,0.163554806205,0,0
0.02844,-136.962901969,-5.70678758202,16.0190745687,-10.3122869866,0,761.003920537,9492.51449851,1.02318153949e-12,308.029542567,50.9158562343,12.3325957533,53.2307197778,0.163554806205,0,0
0.02846,-161.524040718,-6.73016836323,17.0784336794,-10.3482653161,0,761.100599873,10657.3117966,-1.02318153949e-12,308.277465157,51.2509842115,12.3325957533,53.2436172246,0.145118107477,0,0
0.02848,-180.826147879,-7.5344228283,17.9112356802,-10.3768128519,0,761.195077667,11646.1952618,1.02318153949e-12,308.277465157,51.2509842115,12.3325957533,53.2436172246,0.145118107477,0,0
0.0285,-179.928396066,-7.49701650275,17.1134359701,-9.61641946731,0,761.296153525,10597.2112924,-1.02318153949e-12,308.277465157,51.2509842115,12.3325957533,53.2436172246,0.145118107477,0,0
0.02852,-125.572785172,-5.23219938217,14.9167852699,-9.68458588776,0,761.389551821,8248.26232756,-1.70530256582e-13,308.565189998,51.653997664,12.3325957533,53.2595071457,0.136562417994,0,0
0.02854,-152.603217149,-6.3584673812,16.2147542804,-9.85628689923,0,761.486792917,9611.87412606,3.41060513165e-13,308.565189998,51.653997664,12.3325957533,53.2595071457,0.136562417994,0,0
0.02856,-173.845378719,-7.24355744662,17.2350145297,-9.99145708313,0,761.581515291,10784.2575592,-6.8212102633e-13,308.814206676,51.9943250947,12.3325957533,53.2724071667,0.119987513083,0,0
0.02858,-190.539949235,-7.93916455145,18.0370889742,-10.0979244228,0,761.674112005,11768.0397621,-1.02318153949e-12,308.814206676,51.9943250947,12.3325957533,53.2724071667,0.119987513083,0,0
0.0286,-185.554742134,-7.73144758893,17.0738123197,-9.34236473075,0,761.773552291,10525.6830651,6.8212102633e-13,308.814206676,51.9943250947,12.3325957533,53.2724071667,0.119987513083,0,0
0.02862,-152.593631752,-6.35806798965,15.1831244404,-8.82505645073,0,761.865733289,8372.01402459,-1.36424205266e-12,309.093587604,52.3818283879,12.3325957533,53.2872663878,0.110098141292,0,0
0.02864,-173.864801896,-7.24436674568,16.4268088439,-9.18244209823,0,761.961018306,9759.31538946,6.8212102633e-13,309.093587604,52.3818283879,12.3325957533,53.2872663878,0.110098141292,0,0
0.02866,-190.582191696,-7.94092465399,17.4044082993,-9.46348364529,0,762.053783497,10932.7016475,6.8212102633e-13,309.343765812,52.7341091334,12.3325957533,53.3009434627,0.0965120944248,0,0
0.02868,-203.72194921,-8.48841455042,18.1729569393,-9.68454238884,0,762.144505232,11906.3977627,0,309.343765812,52.7341091334,12.3325957533,53.3009434627,0.0965120944248,0,0
0.0287,-191.670278493,-7.98626160388,16.8496698433,-8.86340823946,0,762.245773932,10230.0420925,0,309.343765812,52.7341091334,12.3325957533,53.3009434627,0.0965120944248,0,0
0.02872,-170.333932943,-7.09724720598,15.117877696,-8.02063049001,0,762.335994157,8238.03977738,-6.8212102633e-13,309.602577161,53.0996157129,12.3325957533,53.3151848571,0.0874403710941,0,0
0.02874,-187.835024205,-7.82645934185,16.3783319478,-8.55187260595,0,762.429830558,9663.30595898,-1.70530256582e-12,309.602577161,53.0996157129,12.3325957533,53.3151848571,0.0874403710941,0,0
0.02876,-201.590517677,-8.39960490321,17.3690970846,-8.96949218142,0,762.521118777,10864.5764654,2.04636307899e-12,309.841501924,53.4438424374,12.3325957533,53.3289726323,0.0833756720118,0,0
0.02878,-212.403293049,-8.85013721039,18.1479799232,-9.29784271284,0,762.61034511,11858.9755932,6.8212102633e-13,309.841501924,53.4438424374,12.3325957533,53.3289726323,0.0833756720118,0,0
0.0288,-196.361363604,-8.18172348349,16.6946993107,-8.51297582723,0,762.710319549,10034.9842001,3.41060513165e-13,309.841501924,53.4438424374,12.3325957533,53.3289726323,0.0833756720118,0,0
0.02882,-186.787559731,-7.78281498881,15.1117075341,-7.32889254527,0,762.798244728,8223.56591245,0,310.084392874,53.7868754601,12.3325957533,53.3423532191,0.0793076120186,0,0
0.02884,-200.79385394,-8.36641058082,16.3762180193,-8.00980743851,0,762.890551082,9656.02458781,-6.8212102633e-13,310.084392874,53.7868754601,12.3325957533,53.3423532191,0.0793076120186,0,0
0.02886,-211.803712676,-8.82515469482,17.3701606742,-8.54500597943,0,762.980307062,10862.9511462,1.70530256582e-12,310.316643662,54.1225971402,12.3325957533,53.3560609171,0.0758187406642,0,0
0.02888,-220.459398551,-9.18580827296,18.1515307042,-8.96572243125,0,763.068000627,11861.7916619,1.02318153949e-12,310.316643662,54.1225971402,12.3325957533,53.3560609171,0.0758187406642,0,0
0.0289,-204.174837744,-8.50728490602,16.8280884426,-8.32080353658,0,763.166343507,10195.0614864,1.70530256582e-12,310.316643662,54.1225971402,12.3325957533,53.3560609171,0.0758187406642,0,0
0.02892,-201.113591992,-8.37973299967,14.8498306292,-6.47009762956,0,763.254568877,7982.38939676,3.41060513165e-13,310.561223812,54.4571501431,12.3325957533,53.3685127453,0.0715594258155,0,0
0.02894,-212.08084064,-8.83670169332,16.1731859756,-7.3364842823,0,763.345806664,9443.59783304,-1.02318153949e-12,310.561223812,54.4571501431,12.3325957533,53.3685127453,0.0715594258155,0,0
0.02896,-220.703127665,-9.19596365271,17.2133510934,-8.01738744066,0,763.434405038,10683.4489137,1.70530256582e-12,310.776293813,54.774038555,12.3325957533,53.3822676501,0.0688752492731,0,0
0.02898,-227.483043299,-9.47846013745,18.0310265495,-8.55256641202,0,763.520862861,11714.5324137,1.02318153949e-12,310.776293813,54.774038555,12.3325957533,53.3822676501,0.0688752492731,0,0
0.029,-209.484927617,-8.72853865073,16.746368279,-8.01782962832,0,763.617724206,10101.9319071,-1.36424205266e-12,310.776293813,54.774038555,12.3325957533,53.3822676501,0.0688752492731,0,0
0.02902,-215.559638245,-8.98165159353,14.640570978,-5.65891938445,0,763.704122287,7848.9540602,1.02318153949e-12,311.009162162,55.0886954273,12.3325957533,53.3938575062,0.0644879127578,0,0
0.02904,-223.461674951,-9.31090312297,16.0114471782,-6.70054405526,0,763.794136328,9310.95956024,6.8212102633e-13,311.009162162,55.0886954273,12.3325957533,53.3938575062,0.0644879127578,0,0
0.02906,-229.675775417,-9.56982397571,17.0889404477,-7.51911647199,0,763.881526934,10563.6126977,-6.8212102633e-13,311.211524865,55.3881467923,12.3325957533,53.407644175,0.0623899370188,0,0
0.02908,-234.563722756,-9.77348844817,17.9359336809,-8.16244523275,0,763.966714799,11612.2633351,1.02318153949e-12,311.211524865,55.3881467923,12.3325957533,53.407644175,0.0623899370188,0,0
0.0291,-219.068400579,-9.12785002412,17.0047017257,-7.87685170162,0,764.058614937,10428.5356698,1.36424205266e-12,311.211524865,55.3881467923,12.3325957533,53.407644175,0.0623899370188,0,0
0.02912,-237.251617557,-9.88548406489,14.6340694635,-4.74858539861,0,764.147778948,8026.26834115,6.8212102633e-13,311.454465855,55.7024704071,12.3325957533,53.4182964892,0.0578270155231,0,0
0.02914,-240.536004664,-10.0223335276,16.0088752241,-5.98654169648,0,764.233604842,9421.67848235,0,311.454465855,55.7024704071,12.3325957533,53.4182964892,0.0578270155231,0,0
0.02916,-243.120614097,-10.1300255874,17.089518548,-6.95949296067,0,764.319534874,10634.486517,3.41060513165e-13,311.655301251,55.9959846106,12.3325957533,53.4326515609,0.0565490130589,0,0
0.02918,-245.15711633,-10.2148798471,17.938977821,-7.72409797392,0,764.403261444,11659.4972415,-6.8212102633e-13,311.655301251,55.9959846106,12.3325957533,53.4326515609,0.0565490130589,0,0
0.0292,-229.011487588,-9.54214531618,17.1428008306,-7.60065551441,0,764.493615509,10624.7549232,6.8212102633e-13,311.655301251,55.9959846106,12.3325957533,53.4326515609,0.0565490130589,0,0
0.02922,-245.867164818,-10.2444652007,14.6842749169,-4.43980971617,0,764.582636696,8166.93377761,-6.8212102633e-13,311.901638215,56.3059493736,12.3325957533,53.4426474845,0.0518875972968,0,0
0.02924,-254.18832888,-10.59118037,15.7653402636,-5.17415989359,0,764.666316576,9299.78366068,3.41060513165e-13,311.901638215,56.3059493736,12.3325957533,53.4426474845,0.0518875972968,0,0
0.02926,-253.876649885,-10.5781937452,16.9007566554,-6.3225629102,0,764.751236009,10500.2054446,-3.41060513165e-13,312.088834847,56.5791727165,12.3325957533,53.4575679342,0.0512376557904,0,0
0.02928,-253.637742036,-10.5682392515,17.7932395614,-7.22500030993,0,764.833858187,11531.7044267,6.8212102633e-13,312.088834847,56.5791727165,12.3325957533,53.4575679342,0.0512376557904,0,0
0.0293,-235.512697445,-9.81302906021,17.0398604646,-7.2268314044,0,764.922891859,10533.1074273,1.19371179608e-12,312.088834847,56.5791727165,12.3325957533,53.4575679342,0.0512376557904,0,0
0.02932,-255.591255123,-10.6496356301,14.7057901841,-4.056154554,0,765.008689003,8307.05745024,1.02318153949e-12,312.324231093,56.8709829536,12.3325957533,53.4669463204,0.0466028664322,0,0
0.02934,-266.900841928,-11.1208684137,15.5746465961,-4.45377818242,0,765.091852913,9265.90730318,-1.02318153949e-12,312.324231093,56.8709829536,12.3325957533,53.4669463204,0.0466028664322,0,0
0.02936,-263.893853879,-10.995577245,16.7534643444,-5.75788709944,0,765.175691933,10433.6292081,-3.41060513165e-13,312.503315748,57.1255559625,12.3325957533,53.4822156035,0.0463131941334,0,0
0.02938,-261.537421891,-10.8973925788,17.6800368777,-6.78264429894,0,765.25716031,11456.1871848,-1.36424205266e-12,312.503315748,57.1255559625,12.3325957533,53.4822156035,0.0463131941334,0,0
0.0294,-245.883826791,-10.2451594496,17.2915759112,-7.04641646159,0,765.341447692,10886.7329902,0,312.503315748,57.1255559625,12.3325957533,53.4822156035,0.0463131941334,0,0
0.02942,-263.343361578,-10.9726400657,14.8984134123,-3.92577334653,0,765.424860744,8586.55796601,0,312.750497372,57.420281296,12.3325957533,53.4906775191,0.041710132204,0,0
0.02944,-279.85977826,-11.6608240942,15.4434808937,-3.78265679949,0,765.508867269,9330.82591515,3.41060513165e-13,312.750497372,57.420281296,12.3325957533,53.4906775191,0.041710132204,0,0
0.02946,-274.104040144,-11.4210016727,16.6528866882,-5.23188501548,0,765.591548684,10443.1328417,0,312.92716911,57.6593857915,12.3325957533,53.5062099094,0.0418484394806,0,0
0.02948,-269.588095957,-11.2328373316,17.6034822824,-6.37064495088,0,765.671809059,11439.4641618,-1.02318153949e-12,312.92716911,57.6593857915,12.3325957533,53.5062099094,0.0418484394806,0,0
0.0295,-252.598033293,-10.5249180539,17.2361556321,-6.71123757827,0,765.754684753,10869.5921004,-2.04636307899e-12,312.92716911,57.6593857915,12.3325957533,53.5062099094,0.0418484394806,0,0
0.02952,-275.600244966,-11.4833435403,14.9987664675,-3.51542292724,0,765.836234406,8860.52094643,-3.41060513165e-13,313.168337434,57.9403371808,12.3325957533,53.5138612156,0.0375249688441,0,0
0.02954,-294.887061911,-12.286960913,15.3010440774,-3.01408316445,0,765.919045012,9460.22533579,-6.8212102633e-13,313.168337434,57.9403371808,12.3325957533,53.5138612156,0.0375249688441,0,0
0.02956,-285.938643211,-11.9141101338,16.5434140415,-4.62930390769,0,766.000611574,10489.4645544,-3.41060513165e-13,313.344269086,58.164314691,12.3325957533,53.5299758766,0.0379689706168,0,0
0.02958,-278.91443626,-11.6214348442,17.5198996283,-5.89846478409,0,766.079702376,11443.1164231,-1.70530256582e-13,313.344269086,58.164314691,12.3325957533,53.5299758766,0.0379689706168,0,0
0.0296,-261.461807013,-10.8942419589,17.3054094411,-6.41116748224,0,766.161579721,11022.3545345,-1.70530256582e-12,313.344269086,58.164314691,12.3325957533,53.5299758766,0.0379689706168,0,0
0.02962,-282.216308293,-11.7590128455,15.0547923122,-3.29577946665,0,766.241439938,9018.79960698,1.02318153949e-12,313.587824755,58.4402866875,12.3325957533,53.5369001888,0.0339251798651,0,0
0.02964,-308.865266691,-12.8693861121,14.9827971825,-2.11341107038,0,766.322730908,9469.72359999,3.41060513165e-13,313.587824755,58.4402866875,12.3325957533,53.5369001888,0.0339251798651,0,0
0.02966,-296.948638114,-12.3728599214,16.295786937,-3.92292701559,0,766.403514996,10416.7125816,3.41060513165e-13,313.757320606,58.6411046648,12.3325957533,53.5538565903,0.0346648492462,0,0
0.02968,-287.592533768,-11.9830222403,17.3277466962,-5.34472445588,0,766.481701836,11337.8329701,5.11590769747e-13,313.757320606,58.6411046648,12.3325957533,53.5538565903,0.0346648492462,0,0
0.0297,-268.10263044,-11.170942935,17.168119331,-5.99717639599,0,766.562451648,10932.0098915,-1.36424205266e-12,313.757320606,58.6411046648,12.3325957533,53.5538565903,0.0346648492462,0,0
0.02972,-293.106148453,-12.2127561856,15.0722151824,-2.85945899685,0,766.639798914,9227.99015777,-6.8212102633e-13,313.993083231,58.9020804007,12.3325957533,53.5602835546,0.0309974423906,0,0
0.02974,-323.167462471,-13.4653109363,14.7605569852,-1.29524604895,0,766.71951594,9620.79128285,6.8212102633e-13,313.993083231,58.9020804007,12.3325957533,53.5602835546,0.0309974423906,0,0
0.02976,-308.212670117,-12.8421945882,16.123541418,-3.28134682982,0,766.799361819,10455.7868812,3.41060513165e-13,314.164529684,59.0854172763,12.3325957533,53.5778889335,0.0317904069306,0,0
0.02978,-296.469697884,-12.3529040785,17.1947716554,-4.84186757692,0,766.876534502,11320.7542341,-1.70530256582e-13,314.164529684,59.0854172763,12.3325957533,53.5778889335,0.0317904069306,0,0
0.0298,-279.561522708,-11.6483967795,17.4328828781,-5.7844860986,0,766.953066177,11353.2199776,-6.8212102633e-13,314.164529684,59.0854172763,12.3325957533,53.5778889335,0.0317904069306,0,0
0.02982,-302.091816326,-12.5871590136,15.3086564328,-2.72149741919,0,767.028384224,9604.75396828,1.36424205266e-12,314.416046424,59.3553129085,12.3325957533,53.5833837162,0.0285439560558,0,0
0.02984,-338.049918999,-14.0854132916,14.6237883499,-0.538375058258,0,767.107972201,9901.05362406,6.8212102633e-13,314.416046424,59.3553129085,12.3325957533,53.5833837162,0.0285439560558,0,0
0.02986,-319.932109654,-13.3305045689,16.0183844806,-2.68787991172,0,767.186494025,10596.3766044,1.70530256582e-12,314.595500792,59.5251464664,12.3325957533,53.6014939589,0.0293852665085,0,0
0.02988,-305.704008865,-12.737667036,17.1144497351,-4.37678269911,0,767.262562595,11383.4106733,0,314.595500792,59.5251464664,12.3325957533,53.6014939589,0.0293852665085,0,0
0.0299,-287.173515218,-11.9655631341,17.3748532298,-5.40929009568,0,767.337811288,11383.6954851,1.79056769412e-12,314.595500792,59.5251464664,12.3325957533,53.6014939589,0.0293852665085,0,0
0.02992,-307.829142617,-12.8262142757,15.2573561101,-2.43114183436,0,767.411187269,9677.01932962,0,314.846164251,59.7875462391,12.3325957533,53.6062838886,0.0267755262058,0,0
0.02994,-351.01928196,-14.625803415,14.2342944162,0.391508998801,0,767.491955492,10000.3810166,0,314.846164251,59.7875462391,12.3325957533,53.6062838886,0.0267755262058,0,0
0.02996,-331.291316184,-13.803804841,15.6670066551,-1.86320181412,0,767.566173953,10547.3195189,-1.70530256582e-12,315.023991272,59.9301971458,12.3325957533,53.625614766,0.0275986001324,0,0
0.02998,-314.654807479,-13.1106169783,16.8406531284,-3.73003615009,0,767.641600031,11265.8170806,-6.8212102633e-13,315.023991272,59.9301971458,12.3325957533,53.625614766,0.0275986001324,0,0
0.03,-294.325690539,-12.2635704391,17.1742107994,-4.91064036031,0,767.715756153,11267.1135659,-1.44950718095e-12,315.023991272,59.9301971458,12.3325957533,53.625614766,0.0275986001324,0,0
0.03002,-313.180846212,-13.0492019255,15.1004022564,-2.05120033085,0,767.787140908,9660.26980785,0,315.268720697,60.1790208917,12.3325957533,53.6301019778,0.025638653994,0,0
0.03004,-354.850025946,-14.7854177477,14.1298893179,0.655528429837,0,767.866474097,10048.6096232,-2.72848410532e-12,315.268720697,60.1790208917,12.3325957533,53.6301019778,0.025638653994,0,0
0.03006,-339.593178617,-14.1497157757,15.3677926841,-1.2180769084,0,767.939654722,10508.8132769,-1.70530256582e-12,315.447495707,60.2965677881,12.3325957533,53.6499606664,0.0262199551879,0,0
0.03008,-321.203302109,-13.3834709212,16.6077996816,-3.22432876037,0,768.014366441,11167.9824028,-1.02318153949e-12,315.447495707,60.2965677881,12.3325957533,53.6499606664,0.0262199551879,0,0
0.0301,-299.570453638,-12.4821022349,17.0029656072,-4.52086337225,0,768.087449182,11168.2061105,-4.26325641456e-13,315.447495707,60.2965677881,12.3325957533,53.6499606664,0.0262199551879,0,0
0.03012,-317.114426565,-13.2131011069,14.9669071886,-1.75380608174,0,768.157053509,9640.08449822,0,315.686715066,60.5335152408,12.3325957533,53.6537850089,0.0250639925831,0,0
0.03014,-357.992734476,-14.9163639365,14.0261083111,0.890255625374,0,768.234862706,10080.5323805,-6.8212102633e-13,315.686715066,60.5335152408,12.3325957533,53.6537850089,0.0250639925831,0,0
0.03016,-348.706934049,-14.5294555854,15.0126761714,-0.483220586017,0,768.308444751,10481.2566617,0,315.867034413,60.6230761054,12.3325957533,53.6745099179,0.0253696489548,0,0
0.03018,-328.389293774,-13.6828872406,16.3310015768,-2.64811433622,0,768.382556916,11062.4526066,0,315.867034413,60.6230761054,12.3325957533,53.6745099179,0.0253696489548,0,0
0.0302,-305.473067574,-12.7280444822,16.7891180745,-4.06107359231,0,768.454843728,11048.8780988,-8.10018718767e-13,315.867034413,60.6230761054,12.3325957533,53.6745099179,0.0253696489548,0,0
0.03022,-321.63442486,-13.4014343691,14.7980016264,-1.39656725729,0,768.522834035,9612.71268938,1.36424205266e-12,316.100599855,60.8473680114,12.3325957533,53.6778739552,0.0250821910493,0,0
0.03024,-361.595545327,-15.0664810553,13.8944964062,1.17198464915,0,768.599089673,10114.3063149,3.41060513165e-13,316.100599855,60.8473680114,12.3325957533,53.6778739552,0.0250821910493,0,0
0.03026,-360.207437644,-15.0086432352,14.5512522594,0.457390975765,0,768.67035184,10492.980494,-3.41060513165e-13,316.283720679,60.9031769818,12.3325957533,53.700236231,0.0250187821835,0,0
0.03028,-337.449842266,-14.0604100944,15.9706478991,-1.91023780468,0,768.744075967,10953.7376355,0,316.283720679,60.9031769818,12.3325957533,53.700236231,0.0250187821835,0,0
0.0303,-312.63217813,-13.0263407554,16.5182684388,-3.4919276834,0,768.815562364,10913.5753113,-4.26325641456e-13,316.283720679,60.9031769818,12.3325957533,53.700236231,0.0250187821835,0,0
0.03032,-327.0528118,-13.6272004917,14.588271656,-0.961071164337,0,768.881742035,9586.60610237,-1.70530256582e-13,316.512332294,61.1128313941,12.3325957533,53.7035698201,0.0256600353403,0,0
0.03034,-365.90315313,-15.2459647138,13.7307922734,1.51517244032,0,768.956400623,10158.4762568,-3.41060513165e-13,316.512332294,61.1128313941,12.3325957533,53.7035698201,0.0256600353403,0,0
0.03036,-369.052267618,-15.3771778174,14.1982843897,1.17889342771,0,769.026215223,10546.5280069,0,316.703526917,61.1505971426,12.3325957533,53.725513412,0.0251665472135,0,0
0.03038,-344.4236478,-14.350985325,15.6954613237,-1.34447599872,0,769.09937897,10898.5416402,-1.36424205266e-12,316.703526917,61.1505971426,12.3325957533,53.725513412,0.0251665472135,0,0
0.0304,-318.147852418,-13.2561605174,16.3118197186,-3.05565920114,0,769.169990526,10827.3193763,-4.26325641456e-14,316.703526917,61.1505971426,12.3325957533,53.725513412,0.0251665472135,0,0
0.03042,-331.237311503,-13.801554646,14.4285743661,-0.627019720104,0,769.234521013,9577.4357427,-1.53477230924e-12,316.928934764,61.3498213091,12.3325957533,53.7283767213,0.0268312283718,0,0
0.03044,-369.240551875,-15.3850229948,13.6063760203,1.77864697453,0,769.307694185,10199.9036644,-1.36424205266e-12,316.928934764,61.3498213091,12.3325957533,53.7283767213,0.0268312283718,0,0
0.03046,-378.947236511,-15.789468188,13.8006199996,1.98884818834,0,769.377164037,10649.2784436,0,317.129033866,61.3765967968,12.3325957533,53.7491141022,0.0259611278562,0,0
0.03048,-352.222102274,-14.6759209281,15.385132098,-0.709211169912,0,769.449860102,10862.1102059,6.8212102633e-13,317.129033866,61.3765967968,12.3325957533,53.7491141022,0.0259611278562,0,0
0.0305,-324.475922192,-13.5198300913,16.0704914076,-2.55066131625,0,769.519836008,10741.2569503,-1.12976294986e-12,317.129033866,61.3765967968,12.3325957533,53.7491141022,0.0259611278562,0,0
0.03052,-336.111162807,-14.0046317836,14.2392519365,-0.234620152855,0,769.582845306,9574.58528931,1.02318153949e-12,317.352080294,61.5645990959,12.3325957533,53.751695313,0.0285594942441,0,0
0.03054,-373.118871627,-15.5466196511,13.4586728985,2.08794675265,0,769.654496962,10252.6267297,6.8212102633e-13,317.352080294,61.5645990959,12.3325957533,53.751695313,0.0285594942441,0,0
0.03056,-391.617549234,-16.3173978847,13.286678783,3.03071910174,0,769.720729119,10847.4855621,-6.8212102633e-13,317.56095043,61.5798124859,12.3325957533,53.7714310156,0.027385081042,0,0
0.03058,-362.200407007,-15.0916836253,14.9834097674,0.108273857892,0,769.793107487,10854.5569471,2.72848410532e-12,317.56095043,61.5798124859,12.3325957533,53.7714310156,0.027385081042,0,0
0.0306,-332.321715786,-13.8467381578,15.7661828258,-1.91944466809,0,769.862450991,10655.7347122,-4.26325641456e-14,317.56095043,61.5798124859,12.3325957533,53.7714310156,0.027385081042,0,0
0.03062,-342.077229795,-14.2532179081,14.0040766481,0.249141260039,0,769.923719146,9583.93091689,0,317.782975794,61.7529687814,12.3325957533,53.7742062353,0.0307766363215,0,0
0.03064,-377.854176434,-15.7439240181,13.2749254485,2.46899856965,0,769.993793394,10324.5778341,3.41060513165e-13,317.782975794,61.7529687814,12.3325957533,53.7742062353,0.0307766363215,0,0
0.03066,-403.270068916,-16.8029195382,12.8148196044,3.98809993365,0,770.061042399,11099.1035419,6.8212102633e-13,318.000721867,61.7557499415,12.3325957533,53.7931393168,0.0294134050063,0,0
0.03068,-371.380085519,-15.47417023,14.6146604904,0.859509739574,0,770.130953676,10890.6480611,-1.36424205266e-12,318.000721867,61.7557499415,12.3325957533,53.7931393168,0.0294134050063,0,0
0.0307,-339.703484693,-14.1543118622,15.4798549057,-1.32554304348,0,770.199794711,10601.4603973,1.74793512997e-12,318.000721867,61.7557499415,12.3325957533,53.7931393168,0.0294134050063,0,0
0.03072,-347.756554801,-14.48985645,13.7803012308,0.709555219279,0,770.259523685,9608.54665349,-1.19371179608e-12,318.222674662,61.915420029,12.3325957533,53.7959410123,0.0335602725285,0,0
0.03074,-382.363497926,-15.9318124136,13.1001188246,2.83169358901,0,770.32805862,10402.901966,6.8212102633e-13,318.222674662,61.915420029,12.3325957533,53.7959410123,0.0335602725285,0,0
0.03076,-409.560366958,-17.0650152899,12.5659636056,4.49905168434,0,770.393807146,11264.6317017,1.36424205266e-12,318.449040442,61.9068332848,12.3325957533,53.8140034459,0.0320684233099,0,0
0.03078,-382.257349186,-15.9273895494,14.1747815203,1.75260802916,0,770.461162421,10984.2672938,-6.8212102633e-13,318.449040442,61.9068332848,12.3325957533,53.8140034459,0.0320684233099,0,0
0.0308,-348.23647869,-14.5098532788,15.1459216144,-0.636068335589,0,770.529479093,10568.1447995,6.8212102633e-13,318.449040442,61.9068332848,12.3325957533,53.8140034459,0.0320684233099,0,0
0.03082,-354.249843895,-14.7604101623,13.5224026127,1.23800754959,0,770.58747648,9654.18583851,3.41060513165e-13,318.672399485,62.0492091731,12.3325957533,53.8171958713,0.0368053621052,0,0
0.03084,-387.511153647,-16.1462980686,12.8984815807,3.24781648792,0,770.654438116,10502.9299283,6.8212102633e-13,318.672399485,62.0492091731,12.3325957533,53.8171958713,0.0368053621052,0,0
0.03086,-413.650672609,-17.2354446921,12.4085210079,4.82692368421,0,770.718718049,11383.9473501,1.36424205266e-12,318.907249981,62.0280098287,12.3325957533,53.8345432107,0.0353103214478,0,0
0.03088,-392.207930361,-16.3419970984,13.7732632845,2.56873381388,0,770.785451357,11120.6890577,3.41060513165e-13,318.907249981,62.0280098287,12.3325957533,53.8345432107,0.0353103214478,0,0
0.0309,-356.20416124,-14.8418400517,14.8343656925,0.00747435916102,0,770.853360936,10568.1282596,-5.54223333893e-13,318.907249981,62.0280098287,12.3325957533,53.8345432107,0.0353103214478,0,0
0.03092,-356.585141704,-14.8577142377,13.2003492493,1.65736498838,0,770.912399949,9545.94603304,-1.36424205266e-12,319.13276406,62.1545806858,12.3325957533,53.8379233762,0.0406232427244,0,0
0.03094,-389.391870111,-16.2246612546,12.6464356728,3.57822558177,0,770.978105717,10463.4159928,-3.41060513165e-13,319.13276406,62.1545806858,12.3325957533,53.8379233762,0.0406232427244,0,0
0.03096,-415.174092684,-17.2989205285,12.2114695505,5.08745097801,0,771.041167569,11382.1151397,-6.8212102633e-13,319.369602044,62.1188580314,12.3325957533,53.8543457623,0.0391860198804,0,0
0.03098,-402.05930976,-16.75247124,13.2607005689,3.49177067112,0,771.10480348,11248.4144315,3.41060513165e-13,319.369602044,62.1188580314,12.3325957533,53.8543457623,0.0391860198804,0,0
0.031,-358.674325191,-14.9447635496,14.0346190348,0.910144514867,0,771.175736313,10107.4764491,-6.8212102633e-13,319.369602044,62.1188580314,12.3325957533,53.8543457623,0.0391860198804,0,0
0.03102,-357.358591064,-14.8899412943,12.5301678654,2.3597734289,0,771.232954683,9222.81573889,-1.70530256582e-13,319.578049057,62.1999461611,12.3325957533,53.8590471924,0.0445384033544,0,0
0.03104,-390.044981677,-16.2518742365,12.1208864041,4.13098783246,0,771.29753459,10274.5047334,1.02318153949e-12,319.578049057,62.1999461611,12.3325957533,53.8590471924,0.0445384033544,0,0
0.03106,-415.732507352,-17.3221878063,11.7995404788,5.52264732751,0,771.359483229,11274.8875059,6.8212102633e-13,319.808837463,62.1350524645,12.3325957533,53.8753050191,0.0434203146239,0,0
0.03108,-409.750120839,-17.0729217016,12.6377427414,4.4351789602,0,771.422225267,11300.8322265,1.02318153949e-12,319.808837463,62.1350524645,12.3325957533,53.8753050191,0.0434203146239,0,0
0.0311,-364.745884433,-15.1977451847,13.5614994778,1.63624570695,0,771.493117312,10021.5126432,-7.67386154621e-13,319.808837463,62.1350524645,12.3325957533,53.8753050191,0.0434203146239,0,0
0.03112,-361.609046996,-15.0670436248,12.1553841919,2.91165943298,0,771.548981395,9197.92629835,3.41060513165e-13,320.014907222,62.1890212058,12.3325957533,53.8806142625,0.049210915317,0,0
0.03114,-393.428979822,-16.3928741592,11.827388844,4.56548531524,0,771.612193539,10306.9705496,0,320.014907222,62.1890212058,12.3325957533,53.8806142625,0.049210915317,0,0
0.03116,-418.435623946,-17.4348176644,11.5698976415,5.86492002296,0,771.672843018,11333.5844472,0,320.248418045,62.1070493142,12.3325957533,53.8962948535,0.0483911802634,0,0
0.03118,-421.186051512,-17.549418813,12.0720921637,5.47732664931,0,771.731823611,11609.2468105,3.41060513165e-13,320.248418045,62.1070493142,12.3325957533,53.8962948535,0.0483911802634,0,0
0.0312,-373.615606408,-15.5673169337,13.1376021839,2.42971474979,0,771.802443794,10100.1950741,0,320.248418045,62.1070493142,12.3325957533,53.8962948535,0.0483911802634,0,0
0.03122,-361.758559878,-15.0732733283,11.6915323633,3.38174096495,0,771.857709319,9007.96007484,8.52651282912e-13,320.459993089,62.1351168328,12.3325957533,53.9023901009,0.0543586317537,0,0
0.03124,-393.590249783,-16.3995937409,11.4638979256,4.93569581531,0,771.919881147,10193.4893688,1.70530256582e-12,320.459993089,62.1351168328,12.3325957533,53.9023901009,0.0543586317537,0,0
0.03126,-418.60598261,-17.4419159421,11.2852475392,6.15666840285,0,771.979492911,11267.5634298,0,320.689156803,62.0334883724,12.3325957533,53.9174022132,0.0539428216625,0,0
0.03128,-427.229699252,-17.8012374688,11.6049477096,6.19628975929,0,772.036307099,11758.8689651,6.8212102633e-13,320.689156803,62.0334883724,12.3325957533,53.9174022132,0.0539428216625,0,0
0.0313,-376.780193431,-15.6991747263,12.6328974515,3.06627727478,0,772.10586031,9970.94979439,3.41060513165e-13,320.689156803,62.0334883724,12.3325957533,53.9174022132,0.0539428216625,0,0
0.03132,-363.817474991,-15.1590614579,11.2828969794,3.8761644785,0,772.159358682,8931.01343037,-1.70530256582e-13,320.893582159,62.0320984948,12.3325957533,53.92387542,0.060081000763,0,0
0.03134,-395.250537638,-16.4687724016,11.1437640916,5.32500830998,0,772.220372664,10170.2317451,-1.02318153949e-12,320.893582159,62.0320984948,12.3325957533,53.92387542,0.060081000763,0,0
0.03136,-419.952945402,-17.4980393917,11.0346374661,6.4634019257,0,772.278859906,11273.2841044,3.41060513165e-13,321.121283796,61.9130740708,12.3325957533,53.938245457,0.0600797932212,0,0
0.03138,-436.106893646,-18.1711205686,11.0849327914,7.08618777711,0,772.336041903,12078.7059581,3.41060513165e-13,321.121283796,61.9130740708,12.3325957533,53.938245457,0.0600797932212,0,0
0.0314,-384.129659906,-16.0054024961,12.2350834508,3.77031904534,0,772.403163036,10082.0515635,3.41060513165e-13,321.121283796,61.9130740708,12.3325957533,53.938245457,0.0600797932212,0,0
0.03142,-365.53954714,-15.2308144642,10.889779959,4.34103450513,0,772.457798514,8865.83033694,-6.8212102633e-13,321.329569799,61.8872300685,12.3325957533,53.9451391689,0.0663572772647,0,0
0.03144,-396.645746875,-16.5269061198,10.8358120905,5.69109402923,0,772.517690243,10150.6080193,3.41060513165e-13,321.329569799,61.8872300685,12.3325957533,53.9451391689,0.0663572772647,0,0
0.03146,-421.091212553,-17.5454671897,10.7935881323,6.75187905738,0,772.575083137,11278.3880276,0,321.555247241,61.7519476971,12.3325957533,53.9588313914,0.0668096664811,0,0
0.03148,-440.303664705,-18.3459860294,10.7605836321,7.58540239728,0,772.630477839,12237.6886325,3.41060513165e-13,321.555247241,61.7519476971,12.3325957533,53.9588313914,0.0668096664811,0,0
0.0315,-388.561934766,-16.1900806152,11.4049495082,4.78513110708,0,772.697550942,9962.13751975,5.11590769747e-13,321.555247241,61.7519476971,12.3325957533,53.9588313914,0.0668096664811,0,0
0.03152,-362.080238408,-15.0866766003,10.1040262572,4.98265034312,0,772.751914568,8508.6230854,-3.41060513165e-13,321.75828626,61.6734541433,12.3325957533,53.9675309552,0.0724367421274,0,0
0.03154,-393.969860388,-16.4154108495,10.2193911246,6.19601972488,0,772.811081424,9895.01588995,-3.41060513165e-13,321.75828626,61.6734541433,12.3325957533,53.9675309552,0.0724367421274,0,0
0.03156,-419.030678111,-17.459611588,10.3101933394,7.14941824853,0,772.86769397,11094.055315,0,321.970036169,61.5057853599,12.3325957533,53.9812305895,0.0737268047611,0,0
0.03158,-438.726438814,-18.2802682839,10.3816923008,7.89857598305,0,772.922265443,12104.0459069,1.36424205266e-12,321.970036169,61.5057853599,12.3325957533,53.9812305895,0.0737268047611,0,0
0.0316,-392.686503339,-16.3619376391,10.7070548211,5.65488281804,0,772.987479759,9943.96142244,3.41060513165e-13,321.970036169,61.5057853599,12.3325957533,53.9812305895,0.0737268047611,0,0
0.03162,-365.086936951,-15.2119557063,9.5563478716,5.65560783471,0,773.040420038,8513.11874481,8.52651282912e-13,322.169148914,61.3830494038,12.3325957533,53.9911571868,0.0792425172415,0,0
0.03164,-396.372859638,-16.5155358183,9.78998563402,6.72555018424,0,773.098402814,9932.15441661,-3.41060513165e-13,322.169148914,61.3830494038,12.3325957533,53.9911571868,0.0792425172415,0,0
0.03166,-420.959244407,-17.539968517,9.97370003255,7.5662684844,0,773.15387985,11144.9665606,0,322.378571431,61.1914398461,12.3325957533,54.004729329,0.0813315888505,0,0
0.03168,-440.282130416,-18.3450887673,10.1181878397,8.22690092763,0,773.207354664,12158.445742,0,322.378571431,61.1914398461,12.3325957533,54.004729329,0.0813315888505,0,0
0.0317,-399.459473411,-16.6441447255,10.2925837516,6.3515609739,0,773.270033463,10159.3718575,3.41060513165e-13,322.378571431,61.1914398461,12.3325957533,54.004729329,0.0813315888505,0,0
0.03172,-366.594051984,-15.274752166,9.1559468275,6.1188053385,0,773.324459696,8510.14067547,3.41060513165e-13,322.583456914,61.0410083707,12.3325957533,54.0150810223,0.0870011267329,0,0
0.03174,-397.597155366,-16.5665481403,9.4762687272,7.09027941306,0,773.381384081,9948.53396229,0,322.583456914,61.0410083707,12.3325957533,54.0150810223,0.0870011267329,0,0
0.03176,-421.96120773,-17.5817169887,9.72807940223,7.8536375865,0,773.435827197,11170.3661872,-1.02318153949e-12,322.789190643,60.8335017824,12.3325957533,54.0280596964,0.0875743425629,0,0
0.03178,-441.109283133,-18.3795534639,9.92606085942,8.45349260447,0,773.488287973,12187.1089663,-1.36424205266e-12,322.789190643,60.8335017824,12.3325957533,54.0280596964,0.0875743425629,0,0
0.0318,-404.52047709,-16.8550198788,9.43849861888,7.41652125987,0,773.549511524,10276.3617334,1.02318153949e-12,322.789190643,60.8335017824,12.3325957533,54.0280596964,0.0875743425629,0,0
0.03182,-363.37012846,-15.1404220192,8.35061896583,6.78980305335,0,773.603680232,8281.59939684,-1.70530256582e-13,322.996564088,60.6261263129,12.3325957533,54.0403758761,0.083137091624,0,0
0.03184,-395.10407297,-16.4626697071,8.84442616026,7.61824354682,0,773.659911897,9774.74406546,3.41060513165e-13,322.996564088,60.6261263129,12.3325957533,54.0403758761,0.083137091624,0,0
0.03186,-420.042174477,-17.5017572699,9.23252537799,8.26923189187,0,773.713610706,11038.3494833,3.41060513165e-13,323.189394098,60.3865792748,12.3325957533,54.0535571826,0.0797600138324,0,0
0.03188,-439.641116072,-18.3183798363,9.53757333766,8.78080649866,0,773.765287226,12087.1417864,1.02318153949e-12,323.189394098,60.3865792748,12.3325957533,54.0535571826,0.0797600138324,0,0
0.0319,-407.623029531,-16.9842928971,8.78430248929,8.19999040783,0,773.82284952,10388.880435,6.8212102633e-13,323.189394098,60.3865792748,12.3325957533,54.0535571826,0.0797600138324,0,0
0.03192,-372.632217641,-15.5263424017,7.98793452894,7.53840787275,0,773.874926732,8680.84799206,3.41060513165e-13,323.396651977,60.1371407365,12.3325957533,54.066868905,0.0758861447456,0,0
0.03194,-402.418845041,-16.7674518767,8.56030082002,8.20715105668,0,773.92956962,10122.8045048,0,323.396651977,60.1371407365,12.3325957533,54.066868905,0.0758861447456,0,0
0.03196,-425.826912612,-17.7427880255,9.01011187703,8.73267614849,0,773.98182876,11333.9586161,0,323.599692004,59.880945927,12.3325957533,54.0798235878,0.0720650774685,0,0
0.03198,-444.223658403,-18.5093191001,9.36363680485,9.14568229529,0,774.032183501,12333.9862178,3.41060513165e-13,323.599692004,59.880945927,12.3325957533,54.0798235878,0.0720650774685,0,0
0.032,-403.287309485,-16.8036378952,7.79560520196,9.00803269323,0,774.093944866,10182.6806395,0,323.599692004,59.880945927,12.3325957533,54.0798235878,0.0720650774685,0,0
0.03202,-373.459537552,-15.5608140647,7.31069482089,8.25011924377,0,774.143016469,8727.59185573,0,323.790987465,59.5731480486,12.3325957533,54.0947952002,0.069478810221,0,0
0.03204,-403.106831714,-16.7961179881,8.02905138569,8.7670666024,0,774.196704467,10162.4808584,3.41060513165e-13,323.790987465,59.5731480486,12.3325957533,54.0947952002,0.069478810221,0,0
0.03206,-426.405303813,-17.7668876589,8.59355012068,9.1733375382,0,774.248022158,11367.8765364,3.41060513165e-13,323.990142022,59.2906231766,12.3325957533,54.1078453215,0.0651323682878,0,0
0.03208,-444.715818022,-18.5298257509,9.03717133173,9.49265441921,0,774.29744669,12363.2495031,3.41060513165e-13,323.990142022,59.2906231766,12.3325957533,54.1078453215,0.0651323682878,0,0
0.0321,-402.616452389,-16.7756855162,6.96186962724,9.81381588896,0,774.357183576,10228.8536531,3.41060513165e-13,323.990142022,59.2906231766,12.3325957533,54.1078453215,0.0651323682878,0,0
0.03212,-372.816165718,-15.5340069049,6.66619595704,8.86781094787,0,774.405141216,8745.1586416,0,324.176508489,58.9321666324,12.3325957533,54.1242333022,0.0632926490251,0,0
0.03214,-402.63859942,-16.7766083092,7.52350581365,9.25310249554,0,774.458002874,10168.2631651,-3.41060513165e-13,324.176508489,58.9321666324,12.3325957533,54.1242333022,0.0632926490251,0,0
0.03216,-426.07454351,-17.7531059796,8.19716429229,9.5559416873,0,774.508484035,11368.3751013,0,324.369593572,58.6261674428,12.3325957533,54.1372408178,0.0586583991462,0,0
0.03218,-444.492936715,-18.5205390298,8.72653930238,9.79399972742,0,774.557064665,12362.0468355,3.41060513165e-13,324.369593572,58.6261674428,12.3325957533,54.1372408178,0.0586583991462,0,0
0.0322,-395.725743603,-16.4885726501,6.15268652499,10.3358861251,0,774.616507885,9997.41891611,-3.41060513165e-13,324.369593572,58.6261674428,12.3325957533,54.1372408178,0.0586583991462,0,0
0.03222,-374.594651809,-15.6081104921,6.18808340371,9.42002708836,0,774.663030484,8895.41759253,-6.8212102633e-13,324.537372479,58.2256906771,12.3325957533,54.1545150823,0.0573925957266,0,0
0.03224,-404.072372649,-16.8363488604,7.14866111922,9.68768774114,0,774.714900928,10282.0150204,-3.41060513165e-13,324.537372479,58.2256906771,12.3325957533,54.1545150823,0.0573925957266,0,0
0.03226,-427.237370339,-17.8015570975,7.90344431029,9.89811278717,0,774.764419646,11455.9800914,-1.36424205266e-12,324.729343071,57.9036512398,12.3325957533,54.1671701651,0.0525850830168,0,0
0.03228,-444.78634333,-18.5327643054,8.44184583725,10.0909184684,0,774.812645743,12397.3139874,0,324.729343071,57.9036512398,12.3325957533,54.1671701651,0.0525850830168,0,0
0.0323,-389.474954314,-16.2281230964,5.20997322112,11.0181498753,0,774.874719861,9885.49024493,-3.41060513165e-13,324.729343071,57.9036512398,12.3325957533,54.1671701651,0.0525850830168,0,0
0.03232,-373.80570697,-15.5752377904,5.54220345493,10.0330343355,0,774.918374524,8975.17990416,0,324.884529422,57.4531700011,12.3325957533,54.1859180262,0.0521423668497,0,0
0.03234,-403.488816228,-16.8120340095,6.64201053177,10.1700234777,0,774.969451999,10324.5640555,3.41060513165e-13,324.884529422,57.4531700011,12.3325957533,54.1859180262,0.0521423668497,0,0
0.03236,-426.815054096,-17.7839605873,7.50617044265,10.2777901447,0,775.018165205,11477.8756595,-6.8212102633e-13,325.072429186,57.1097830098,12.3325957533,54.1985348958,0.0472026994379,0,0
0.03238,-441.871749563,-18.4113228985,7.91225947642,10.499063422,0,775.065717416,12283.4638472,0,325.072429186,57.1097830098,12.3325957533,54.1985348958,0.0472026994379,0,0
0.0324,-388.877711873,-16.2032379947,4.4134485071,11.7897894876,0,775.12472921,10104.5420496,-1.36424205266e-12,325.072429186,57.1097830098,12.3325957533,54.1985348958,0.0472026994379,0,0
0.03242,-373.296763833,-15.5540318264,4.92410291226,10.6299289141,0,775.167396024,9100.08202236,0,325.231227882,56.614650993,12.3325957533,54.2185974281,0.0472107899488,0,0
0.03244,-403.124331301,-16.7968471375,6.1571648198,10.6396823177,0,775.217680907,10397.9422128,0,325.231227882,56.614650993,12.3325957533,54.2185974281,0.0472107899488,0,0
0.03246,-426.563942759,-17.7734976149,7.12600784613,10.6474897688,0,775.265593487,11521.109848,3.41060513165e-13,325.416712203,56.2523024055,12.3325957533,54.2311124302,0.0423569560907,0,0
0.03248,-433.675218935,-18.0698007889,6.94480490105,11.1249958879,0,775.311417425,11964.3251801,-6.8212102633e-13,325.416712203,56.2523024055,12.3325957533,54.2311124302,0.0423569560907,0,0
0.0325,-382.494501271,-15.9372708863,3.6531901063,12.28408078,0,775.370427276,10037.7850047,3.41060513165e-13,325.416712203,56.2523024055,12.3325957533,54.2311124302,0.0423569560907,0,0
0.03252,-375.827076009,-15.6594615004,4.49089136526,11.1685701351,0,775.412054099,9362.97116637,0,325.5662239,55.7234064909,12.3325957533,54.2519942504,0.0426591975124,0,0
0.03254,-405.146859831,-16.8811191596,5.81755531001,11.0635638496,0,775.461336297,10589.2458941,0,325.5662239,55.7234064909,12.3325957533,54.2519942504,0.0426591975124,0,0
0.03256,-428.18741521,-17.8411423004,6.8599295301,10.9812127703,0,775.508287066,11662.8486156,-3.41060513165e-13,325.754942176,55.3499331536,12.3325957533,54.264029202,0.0379798496563,0,0
0.03258,-425.422192758,-17.7259246983,5.93957985899,11.7863448393,0,775.556176976,11721.7185595,6.8212102633e-13,325.754942176,55.3499331536,12.3325957533,54.264029202,0.0379798496563,0,0
0.0326,-377.397595102,-15.7248997959,2.79732973548,12.9275700604,0,775.614466236,10133.2702778,0,325.754942176,55.3499331536,12.3325957533,54.264029202,0.0379798496563,0,0
0.03262,-371.705461822,-15.4877275759,3.8148631468,11.6728644291,0,775.655791794,9376.28760659,-6.8212102633e-13,325.903610962,54.781413499,12.3325957533,54.2861399333,0.0386974637496,0,0
0.03264,-401.943518153,-16.7476465897,5.28718621242,11.4604603773,0,775.704566042,10554.7237535,3.41060513165e-13,325.903610962,54.781413499,12.3325957533,54.2861399333,0.0386974637496,0,0
0.03266,-425.705394429,-17.7377247679,6.44398915311,11.2937356148,0,775.750942681,11608.8081668,8.52651282912e-13,326.086548371,54.3916692868,12.3325957533,54.2980692371,0.0343339323245,0,0
0.03268,-416.077337622,-17.3365557343,4.99441670914,12.3421390251,0,775.798506261,11467.890209,-3.41060513165e-13,326.086548371,54.3916692868,12.3325957533,54.2980692371,0.0343339323245,0,0
0.0327,-369.846648186,-15.4102770078,2.04105417763,13.3692228301,0,775.855166901,10089.0878087,6.8212102633e-13,326.086548371,54.3916692868,12.3325957533,54.2980692371,0.0343339323245,0,0
0.03272,-371.495743482,-15.4789893117,3.34443247397,12.1345568378,0,775.894789073,9552.76340004,1.36424205266e-12,326.229393684,53.7957624606,12.3325957533,54.3209227573,0.0351336184934,0,0
0.03274,-401.812681025,-16.7421950427,4.91832081068,11.823874232,0,775.942782033,10663.0794312,6.8212102633e-13,326.229393684,53.7957624606,12.3325957533,54.3209227573,0.0351336184934,0,0
0.03276,-425.636415342,-17.7348506393,6.1549114756,11.5799391637,0,775.988374158,11676.0684841,-6.8212102633e-13,326.412640416,53.3975678785,12.3325957533,54.3323456334,0.0311949329985,0,0
0.03278,-407.131254648,-16.963802277,4.02420784018,12.9395944368,0,776.037595385,11313.550575,0,326.412640416,53.3975678785,12.3325957533,54.3323456334,0.0311949329985,0,0
0.0328,-367.447548843,-15.3103145351,1.11654050612,14.193774029,0,776.090119211,10490.7747613,0,326.412640416,53.3975678785,12.3325957533,54.3323456334,0.0311949329985,0,0
0.03282,-370.067024425,-15.4194593511,2.60890961309,12.810549738,0,776.12933855,9808.2316953,3.41060513165e-13,326.568371364,52.7573126859,12.3325957533,54.3567772502,0.0322122353382,0,0
0.03284,-400.723568248,-16.6968153437,4.34118502328,12.3556303204,0,776.176655151,10806.9871354,3.41060513165e-13,326.568371364,52.7573126859,12.3325957533,54.3567772502,0.0322122353382,0,0
0.03286,-424.814000571,-17.7005833571,5.70220310484,11.9983802523,0,776.22154807,11754.8856027,-3.41060513165e-13,326.755428317,52.3401464343,12.3325957533,54.3682870744,0.0287672518231,0,0
0.03288,-399.614006911,-16.6505836213,3.09389759664,13.5566860247,0,776.269599758,11294.3489578,-6.8212102633e-13,326.755428317,52.3401464343,12.3325957533,54.3682870744,0.0287672518231,0,0
0.0329,-361.645342745,-15.0685559477,0.386876345578,14.6816796021,0,776.320108987,10626.3064223,0,326.755428317,52.3401464343,12.3325957533,54.3682870744,0.0287672518231,0,0
0.03292,-365.506790372,-15.2294495988,2.04320501294,13.1862445859,0,776.35858539,9839.7088341,3.41060513165e-13,326.915717811,51.6756513984,12.3325957533,54.3934374852,0.0296673390454,0,0
0.03294,-397.173591247,-16.5488996353,3.89744376727,12.651455868,0,776.40547477,10778.7715833,3.41060513165e-13,326.915717811,51.6756513984,12.3325957533,54.3934374852,0.0296673390454,0,0
0.03296,-421.52886864,-17.56370286,5.31021268009,12.2534901801,0,776.450338177,11683.9209229,1.70530256582e-13,327.098993152,51.2518581815,12.3325957533,54.4045386701,0.026899308222,0,0
0.03298,-389.183250422,-16.2159687676,2.12974662805,14.0862221395,0,776.499002541,11181.9628304,-1.02318153949e-12,327.098993152,51.2518581815,12.3325957533,54.4045386701,0.026899308222,0,0
0.033,-353.686880262,-14.7369533442,-0.356175295662,15.0931286399,0,776.547848604,10682.5724844,0,327.098993152,51.2518581815,12.3325957533,54.4045386701,0.026899308222,0,0
0.03302,-359.405133876,-14.9752139115,1.47331784237,13.5018960691,0,776.585939968,9809.49347092,3.41060513165e-13,327.260303635,50.5666254562,12.3325957533,54.4304256133,0.027678329451,0,0
0.03304,-392.412407424,-16.350516976,3.45041125654,12.9001057195,0,776.63252237,10695.7792991,-8.52651282912e-13,327.260303635,50.5666254562,12.3325957533,54.4304256133,0.027678329451,0,0
0.03306,-413.455331952,-17.227305498,4.5959134771,12.6313920209,0,776.674483222,11458.9089551,0,327.438901884,50.138967266,12.3325957533,54.4410941473,0.0256647432473,0,0
0.03308,-379.850096549,-15.8270873562,1.31737303086,14.5097143253,0,776.724166034,11106.3354165,-1.02318153949e-12,327.438901884,50.138967266,12.3325957533,54.4410941473,0.0256647432473,0,0
0.0331,-346.385912278,-14.4327463449,-0.995845173066,15.428591518,0,776.771413135,10736.0954615,-6.8212102633e-13,327.438901884,50.138967266,12.3325957533,54.4410941473,0.0256647432473,0,0
0.03312,-353.767584799,-14.7403160333,0.978161500724,13.7621545326,0,776.80899719,9783.13473745,-6.8212102633e-13,327.604090049,49.4425644876,12.3325957533,54.4673117138,0.0262046135233,0,0
0.03314,-388.015215573,-16.1673006489,3.06207479451,13.1052258544,0,776.855252636,10620.1165683,1.70530256582e-13,327.604090049,49.4425644876,12.3325957533,54.4673117138,0.0262046135233,0,0
0.03316,-400.235958176,-16.6764982573,3.47511424433,13.201384013,0,776.89830301,11147.0052719,3.41060513165e-13,327.778900399,49.0154868017,12.3325957533,54.4773762981,0.0250607880589,0,0
0.03318,-369.480333028,-15.3950138762,0.436167872501,14.9588460037,0,776.946962521,11063.1304421,1.36424205266e-12,327.778900399,49.0154868017,12.3325957533,54.4773762981,0.0250607880589,0,0
0.0332,-338.414645436,-14.1006102265,-1.67493310742,15.7755433339,0,776.992768836,10812.0090517,6.8212102633e-13,327.778900399,49.0154868017,12.3325957533,54.4773762981,0.0250607880589,0,0
0.03322,-347.70136941,-14.4875570588,0.458352752974,14.0292043058,0,777.030080793,9766.03128554,0,327.949666439,48.307755982,12.3325957533,54.5040767389,0.0253176629534,0,0
0.03324,-383.280984269,-15.9700410112,2.65436552882,13.3156754824,0,777.076047547,10545.4819155,-3.41060513165e-13,327.949666439,48.307755982,12.3325957533,54.5040767389,0.0253176629534,0,0
0.03326,-388.89218089,-16.2038408704,2.51748299924,13.6863578712,0,777.118215286,10949.2457132,-5.11590769747e-13,328.121417478,47.8816059517,12.3325957533,54.5135929258,0.0251025044068,0,0
0.03328,-360.584176547,-15.0243406895,-0.316801010716,15.3411417002,0,777.165308389,11068.3633128,-6.8212102633e-13,328.121417478,47.8816059517,12.3325957533,54.5135929258,0.0251025044068,0,0
0.0333,-331.402724207,-13.808446842,-2.26917567932,16.0776225213,0,777.209654629,10903.4954013,-2.04636307899e-12,328.121417478,47.8816059517,12.3325957533,54.5135929258,0.0251025044068,0,0
0.03332,-342.314134565,-14.2630889402,-0.00147455233911,14.2645634926,0,777.246525267,9765.92351818,0,328.30043774,47.1699499417,12.3325957533,54.5404396426,0.0250002873912,0,0
0.03334,-379.079500316,-15.7949791798,2.2937641047,13.5012150751,0,777.29216861,10488.6127096,1.02318153949e-12,328.30043774,47.1699499417,12.3325957533,54.5404396426,0.0250002873912,0,0
0.03336,-376.525754787,-15.6885731161,1.4767941917,14.2117789244,0,777.335372968,10806.8857848,3.41060513165e-13,328.470296407,46.7440365488,12.3325957533,54.5495174643,0.0257787780311,0,0
0.03338,-350.884440086,-14.6201850036,-1.13501049849,15.7551955021,0,777.380811082,11118.3418483,6.8212102633e-13,328.470296407,46.7440365488,12.3325957533,54.5495174643,0.0257787780311,0,0
0.0334,-323.922209006,-13.4967587086,-2.89931506842,16.396073777,0,777.423839286,11025.5942113,6.8212102633e-13,328.470296407,46.7440365488,12.3325957533,54.5495174643,0.0257787780311,0,0
0.03342,-336.646313672,-14.0269297363,-0.483176056802,14.5101057931,0,777.460481796,9780.75328938,0,328.659705453,46.0282334213,12.3325957532,54.5766448434,0.0252755823568,0,0
0.03344,-374.657235469,-15.6107181445,1.91597090818,13.6947472364,0,777.505830761,10437.877617,-1.70530256582e-13,328.659705453,46.0282334213,12.3325957532,54.5766448434,0.0252755823568,0,0
0.03346,-365.924962253,-15.2468734272,0.584224010406,14.6626494168,0,777.547488583,10747.2421181,1.02318153949e-12,328.828929368,45.5807468413,12.3325957532,54.5868182652,0.0269356868875,0,0
0.03348,-342.571439613,-14.2738099839,-1.83684270688,16.1106526907,0,777.591419757,11200.050545,1.36424205266e-12,328.828929368,45.5807468413,12.3325957532,54.5868182652,0.0269356868875,0,0
0.0335,-317.335309428,-13.2223045595,-3.45429491113,16.6765994706,0,777.633083261,11156.8910664,-1.36424205266e-12,328.828929368,45.5807468413,12.3325957532,54.5868182652,0.0269356868875,0,0
0.03352,-331.598858118,-13.8166190882,-0.912667091515,14.7292861797,0,777.669316284,9808.41109474,1.70530256582e-12,329.03074841,44.8675001779,12.3325957532,54.6139064121,0.0261647245438,0,0
0.03354,-370.721601457,-15.4467333941,1.57917922823,13.8675541658,0,777.714342094,10401.706515,3.41060513165e-13,329.03074841,44.8675001779,12.3325957532,54.6139064121,0.0261647245438,0,0
0.03356,-357.801141764,-14.9083809068,-0.10153793702,15.0099188438,0,777.755071526,10741.6270779,-6.8212102633e-13,329.202322574,44.405890674,12.3325957532,54.6248132431,0.0286622214294,0,0
0.03358,-336.20404277,-14.0085017821,-2.37619251135,16.3846942934,0,777.797694613,11288.2228829,1.36424205266e-12,329.202322574,44.405890674,12.3325957532,54.6248132431,0.0286622214294,0,0
0.0336,-312.293460938,-13.0122275391,-3.88080387405,16.8930314131,0,777.838161309,11274.0771495,0,329.202322574,44.405890674,12.3325957532,54.6248132431,0.0286622214294,0,0
0.03362,-327.741177802,-13.6558824084,-1.24258407196,14.8984664804,0,777.873931794,9839.79463192,0,329.417890435,43.7030473988,12.3325957532,54.6514271021,0.0277195911925,0,0
0.03364,-367.273184423,-15.303049351,1.28336146701,14.0196878841,0,777.918958597,10377.1676271,-2.55795384874e-13,329.417890435,43.7030473988,12.3325957532,54.6514271021,0.0277195911925,0,0
0.03366,-347.061747253,-14.4609061356,-1.00494322106,15.4658493566,0,777.959549059,10783.6851231,1.02318153949e-12,329.59559704,43.2187864474,12.3325957532,54.6638214265,0.030811931068,0,0
0.03368,-327.781613783,-13.657567241,-3.08651421673,16.7440814577,0,778.000681656,11434.0794435,1.36424205266e-12,329.59559704,43.2187864474,12.3325957532,54.6638214265,0.030811931068,0,0
0.0337,-305.810704697,-12.7421126957,-4.42521261529,17.167325311,0,778.040007378,11439.8640234,-2.04636307899e-12,329.59559704,43.2187864474,12.3325957532,54.6638214265,0.030811931068,0,0
0.03372,-322.858338618,-13.4524307757,-1.65740706216,15.1098378379,0,778.075583553,9888.53019439,-3.41060513165e-13,329.826653186,42.522656196,12.3325957532,54.6903436351,0.0298649774456,0,0
0.03374,-359.638089826,-14.9849204094,0.63909354046,14.3458268689,0,778.116523428,10338.2166908,1.44950718095e-12,329.826653186,42.522656196,12.3325957532,54.6903436351,0.0298649774456,0,0
0.03376,-337.673335012,-14.0697222922,-1.79537250839,15.8650948006,0,778.158266668,10869.1603405,-1.02318153949e-12,330.01319829,42.0244791622,12.3325957532,54.703791152,0.0335491161641,0,0
0.03378,-320.420116497,-13.3508381874,-3.7080647027,17.0589028901,0,778.198028531,11592.019007,0,330.01319829,42.0244791622,12.3325957532,54.703791152,0.0335491161641,0,0
0.0338,-299.956876961,-12.4982032067,-4.91717831091,17.4153815176,0,778.236126559,11608.3017442,-1.36424205266e-12,330.01319829,42.0244791622,12.3325957532,54.703791152,0.0335491161641,0,0
0.03382,-318.384355347,-13.2660148061,-2.0380253139,15.30404012,0,778.271324827,9944.5041603,1.02318153949e-12,330.260656481,41.3404371778,12.3325957532,54.7299658266,0.0326801964089,0,0
0.03384,-346.32716986,-14.4302987441,-0.478001413057,14.9083001572,0,778.312111911,10337.2660986,-6.8212102633e-13,330.260656481,41.3404371778,12.3325957532,54.7299658266,0.0326801964089,0,0
0.03386,-327.229600044,-13.6345666685,-2.67358901065,16.3081556792,0,778.353026509,11016.1302742,-1.36424205266e-12,330.459992003,40.8275178679,12.3325957532,54.7447373615,0.0367545215052,0,0
0.03388,-312.22927005,-13.0095529188,-4.39856931588,17.4081222346,0,778.391353108,11799.3263738,0,330.459992003,40.8275178679,12.3325957532,54.7447373615,0.0367545215052,0,0
0.0339,-293.640658935,-12.2350274556,-5.44664293669,17.6816703923,0,778.428364044,11808.0788156,2.04636307899e-12,330.459992003,40.8275178679,12.3325957532,54.7447373615,0.0367545215052,0,0
0.03392,-309.695769992,-12.9039904163,-2.52341613703,15.4274065533,0,778.465653752,9861.25129505,3.41060513165e-13,330.725513873,40.1560265723,12.3325957532,54.7706880854,0.036105764532,0,0
0.03394,-333.957339436,-13.9148891432,-1.32305200073,15.2379411439,0,778.505704363,10261.6669624,-1.19371179608e-12,330.725513873,40.1560265723,12.3325957532,54.7706880854,0.036105764532,0,0
0.03396,-317.525514955,-13.2302297898,-3.33803680337,16.5682665932,0,778.545416835,11056.5342695,0,330.931891112,39.6464023368,12.3325957532,54.7860479808,0.0406467355519,0,0
0.03398,-304.619339549,-12.6924724812,-4.92112997306,17.6136024543,0,778.58264061,11893.3288636,2.04636307899e-12,330.931891112,39.6464023368,12.3325957532,54.7860479808,0.0406467355519,0,0
0.034,-282.488539769,-11.7703558237,-5.65555395139,17.4259097751,0,778.622593619,11380.5335569,-6.8212102633e-13,330.931891112,39.6464023368,12.3325957532,54.7860479808,0.0406467355519,0,0
0.03402,-107.137252721,-14.1538833218,-1.6902503776,15.8441336994,0,778.657967242,6799.71058482,4699.74606896,331.188582812,39.0219827436,12.3325957532,54.8109671811,0.0402879366865,0,0
0.03404,-105.193608384,-17.0266616966,0.50758743151,16.5190742651,0,778.693612645,6820.48802869,6155.34269281,331.188582812,39.0219827436,12.3325957532,54.8109671811,0.0402879366865,0,0
0.03406,-103.140011819,-18.5495767737,-0.0181626526838,18.5677394264,0,778.729481905,7673.13106767,6643.21635902,331.07003302,38.6740185727,12.3325957532,54.8483261249,0.0501736899975,0,0
0.03408,-101.085883764,-20.0911513324,-0.530557470104,20.6217088025,0,778.761136208,8518.16532171,7150.21001204,331.07003302,38.6740185727,12.3325957532,54.8483261249,0.0501736899975,0,0
0.0341,-98.9851018144,-21.0692581619,-0.523103552235,21.5923617142,0,778.795044969,8852.97450919,7550.52144982,331.07003302,38.6740185727,12.3325957532,54.8483261249,0.0501736899975,0,0
0.03412,-96.954270987,-22.9427684172,3.17995492415,19.7628134931,0,778.815795584,7627.41940976,8889.85417075,330.953561737,38.3694749652,12.3325957532,54.8856205546,0.0554591170764,0,0
0.03414,-94.9532924664,-25.2053558327,4.02622008974,21.179135743,0,778.841245935,8030.52121059,9891.33684272,330.953561737,38.3694749652,12.3325957532,54.8856205546,0.0554591170764,0,0
0.03416,-92.8997788022,-26.8204582875,3.55325743749,23.2672008501,0,778.867280311,8844.80816269,10449.106965,330.839049127,38.1092037018,12.3325957532,54.922866065,0.0669671639425,0,0
0.03418,-90.8470827423,-28.4540600079,3.09299171288,25.3610682951,0,778.889053155,9650.66579816,11025.3592916,330.839049127,38.1092037018,12.3325957532,54.922866065,0.0669671639425,0,0
0.0342,-88.7397843884,-29.4080965651,3.24629560154,26.1618009636,0,778.915810864,9857.81901117,11449.6576865,330.839049127,38.1092037018,12.3325957532,54.922866065,0.0669671639425,0,0
0.03422,-86.6213607131,-30.2249799697,5.88113749207,24.3438424777,0,778.928836328,8713.51550797,12186.6648176,330.726278843,37.8948404541,12.3325957532,54.9600413354,0.0749551072295,0,0
0.03424,-84.5727494751,-31.9170906617,5.45055116274,26.4665394989,0,778.947982361,9500.46607231,12800.7546024,330.726278843,37.8948404541,12.3325957532,54.9600413354,0.0749551072295,0,0
0.03426,-82.525829892,-33.6275167921,5.03218123502,28.5953355571,0,778.963063883,10278.3526756,13432.9060226,330.615271884,37.7265929081,12.3325957532,54.9971990034,0.0856732631533,0,0
0.03428,-80.4807904128,-35.3562105288,4.62594319519,30.7302673336,0,778.973838657,11046.9949716,14083.0035972,330.615271884,37.7265929081,12.3325957532,54.9971990034,0.0856732631533,0,0
0.0343,-78.2965917344,-35.3320468454,5.88947120766,29.4425756378,0,778.992656708,10264.0660402,14289.944426,330.615271884,37.7265929081,12.3325957532,54.9971990034,0.0856732631533,0,0
0.03432,-75.6984113478,-30.1061919486,4.81477440119,25.2914175474,0,778.985661602,8732.21156443,12189.455692,330.505388804,37.6063668581,12.3325957532,55.034277375,0.110129985845,0,0
0.03434,-73.6614812947,-31.9077361944,4.44230540815,27.4654307862,0,779.002917971,9502.72683354,12879.1798037,330.505388804,37.6063668581,12.3325957532,55.034277375,0.110129985845,0,0
0.03436,-71.6270593848,-33.7273337717,4.08154865786,29.6457851138,0,779.015770799,10263.3134257,13586.6051773,330.396268933,37.5342982922,12.3325957532,55.0713970227,0.1109301674,0,0
0.03438,-69.5952704842,-35.5649208302,3.73242574143,31.8324950887,0,779.024221129,11013.8114548,14311.6262205,330.396268933,37.5342982922,12.3325957532,55.0713970227,0.1109301674,0,0
0.0344,-67.3470622676,-34.671743796,6.05330868265,28.6184351133,0,779.044622807,9360.42883969,14273.6205014,330.396268933,37.5342982922,12.3325957532,55.0713970227,0.1109301674,0,0
0.03442,-64.5410795717,-26.7653247801,3.47530843777,23.2900163423,0,779.038076704,7732.6765508,10921.5908749,330.287683071,37.5115362609,12.3325957532,55.1084380536,0.141703473337,0,0
0.03444,-62.5199116974,-28.6828123464,3.15973214728,25.5230801991,0,779.059090709,8494.60104557,11684.3486942,330.287683071,37.5115362609,12.3325957532,55.1084380536,0.141703473337,0,0
0.03446,-60.5017528665,-30.6180552258,2.85543683131,27.7626183945,0,779.075575692,9245.73279556,12464.5449043,330.179507396,37.5378198061,12.3325957532,55.1455492859,0.127669070954,0,0
0.03448,-58.4866653722,-32.5709844596,2.5623665531,30.0086179065,0,779.087527811,9985.92326658,13262.0896784,330.179507396,37.5378198061,12.3325957532,55.1455492859,0.127669070954,0,0
0.0345,-56.3811379363,-33.3681142253,3.3891260256,29.9789881997,0,779.117972334,9726.43778555,13709.0548576,330.179507396,37.5378198061,12.3325957532,55.1455492859,0.127669070954,0,0
0.03452,-53.4270200662,-23.5004246548,-0.795932694512,24.2963573493,0,779.119117277,8396.6827172,9404.74779913,330.072140667,37.6130003416,12.3325957532,55.1825913554,0.16402747607,0,0
0.03454,-51.4235848023,-25.533396194,-1.04984749081,26.5832436848,0,779.137745824,9144.33523925,10252.2416689,330.072140667,37.6130003416,12.3325957532,55.1825913554,0.16402747607,0,0
0.03456,-49.4233520029,-27.583790363,-1.292794987,28.87658535,0,779.151798556,9880.31202819,11116.8894276,329.964878389,37.737286064,12.3325957532,55.219743013,0.139135557006,0,0
0.03458,-47.4263251545,-29.6515331545,-1.52481122873,31.1763443833,0,779.161219132,10604.4763153,11998.6174326,329.964878389,37.737286064,12.3325957532,55.219743013,0.139135557006,0,0
0.0346,-45.3395419876,-30.5707420882,-0.614125341177,31.1848674294,0,779.190033505,10337.5228404,12502.9234725,329.964878389,37.737286064,12.3325957532,55.219743013,0.139135557006,0,0
0.03462,-42.368123176,-20.3724580652,-5.04975867893,25.4222167441,0,779.190822984,9205.77119803,8042.82242474,329.858281528,37.9096682125,12.3325957532,55.2568346594,0.178083161169,0,0
0.03464,-40.3828873445,-22.5201460579,-5.24278595627,27.7629320142,0,779.20679642,9935.10807531,8974.83955517,329.858281528,37.9096682125,12.3325957532,55.2568346594,0.178083161169,0,0
0.03466,-38.4007684441,-24.684925176,-5.42505488575,30.1099800618,0,779.218210294,10651.9189246,9923.77367537,329.752001199,38.1299712275,12.3325957532,55.2940518085,0.151598525209,0,0
0.03468,-36.4217181651,-26.8667149817,-5.59658565045,32.4633006322,0,779.224893702,11356.0749358,10889.5666327,329.752001199,38.1299712275,12.3325957532,55.2940518085,0.151598525209,0,0
0.0347,-34.29554616,-27.1825182169,-3.99496470602,31.1774829229,0,779.240318652,10531.1245675,11180.3825225,329.752001199,38.1299712275,12.3325957532,55.2940518085,0.151598525209,0,0
0.03472,-31.985148394,-25.1677377072,-3.78754415174,28.9552818589,0,779.264196303,9705.05295485,10406.1610942,329.646310725,38.3967226833,12.3325957532,55.3312191459,0.1916626255,0,0
0.03474,-30.0159641759,-27.4131110565,-3.93151906348,31.3446301199,0,779.272839192,10391.6180753,11408.6267303,329.646310725,38.3967226833,12.3325957532,55.3312191459,0.1916626255,0,0
0.03476,-28.0495755671,-29.675264088,-4.064818551,33.740082639,0,779.276833548,11064.9473304,12427.8820564,329.541488681,38.7085967345,12.3325957532,55.368465543,0.214965643216,0,0
0.03478,-26.0858933934,-31.9541210443,-4.18744560947,36.1415666538,0,779.27602572,11724.9139574,13463.8904076,329.541488681,38.7085967345,12.3325957532,55.368465543,0.214965643216,0,0
0.0348,-23.9582954956,-32.1610905773,-2.34625825074,34.5073488281,0,779.285125916,10721.5264348,13694.0657364,329.541488681,38.7085967345,12.3325957532,55.368465543,0.214965643216,0,0
0.03482,-20.3015986457,-13.1757070883,-10.925777404,24.1014844923,0,779.2989271,9489.4222116,5305.30736613,329.437124266,39.0646316687,12.3325957532,55.4056766728,0.25879121568,0,0
0.03484,-17.9934895902,-11.090238458,-13.2343840068,24.3246224648,0,779.295671184,10047.2646147,4400.12591309,329.437124266,39.0646316687,12.3325957532,55.4056766728,0.25879121568,0,0
0.03486,-16.044285399,-13.4937569702,-13.2961588196,26.7899157898,0,779.313536201,10731.6934981,5510.70279623,329.331550263,39.4671067148,12.3325957532,55.4431687971,0.151512715229,0,0
0.03488,-14.0972556048,-15.9136725517,-13.3473743656,29.2610469173,0,779.326413622,11401.7417568,6637.88536789,329.331550263,39.4671067148,12.3325957532,55.4431687971,0.151512715229,0,0
0.0349,-12.07894997,-17.4302531234,-12.4773083268,29.9075614502,0,779.342468411,11321.8939645,7396.08899958,329.331550263,39.4671067148,12.3325957532,55.4431687971,0.151512715229,0,0
0.03492,-9.83765840213,-16.1423021933,-12.0535901144,28.1958923077,0,779.361898077,10685.8044905,6914.50991079,329.226889302,39.9106719203,12.3325957532,55.4806432395,0.197619330989,0,0
0.03494,-7.89719950353,-18.6209163069,-12.0759795927,30.6968958997,0,779.371641481,11327.014904,8082.14294444,329.226889302,39.9106719203,12.3325957532,55.4806432395,0.197619330989,0,0
0.03496,-5.95841556556,-21.1157274018,-12.0877579437,33.2034853454,0,779.376489253,11953.2715277,9266.37923627,329.123391739,40.3939568361,12.3325957532,55.5182091998,0.228646257632,0,0
0.03498,-4.02117473473,-23.6266725448,-12.0889058044,35.7155783492,0,779.376310627,12564.4430176,10467.2070381,329.123391739,40.3939568361,12.3325957532,55.5182091998,0.228646257632,0,0
0.035,-1.92553605448,-24.14943135,-10.1185065391,34.2679378891,0,779.385149873,11597.3915307,10789.1786139,329.123391739,40.3939568361,12.3325957532,55.5182091998,0.228646257632,0,0
0.03502,0.408797378474,-21.6785601315,-10.3093895207,31.9879496522,0,779.413861458,10968.3283887,9763.62468992,329.020516086,40.9154036153,12.3325957532,55.55577324,0.277250481196,0,0
0.03504,2.46024187237,-22.7572010002,-11.0300294149,33.7872304152,0,779.417833449,11556.5991603,10333.3411166,329.020516086,40.9154036153,12.3325957532,55.55577324,0.277250481196,0,0
0.03506,4.39119295749,-25.3502491246,-10.9907624165,36.3410115411,0,779.416310038,12131.8278866,11589.1391392,329.151697687,41.1578792693,11.975047226,55.5782615061,0.291638825974,0,0
0.03508,6.32125897091,-27.95920734,-10.9407918198,38.8999991597,0,779.409687502,12691.1788596,12861.5516936,329.151697687,41.1578792693,11.975047226,55.5782615061,0.291638825974,0,0
0.0351,8.35187569226,-29.3134701103,-9.67505155365,38.9885216639,0,779.408908995,12281.4245311,13548.7710654,329.151697687,41.1578792693,11.975047226,55.5782615061,0.291638825974,0,0
0.03512,11.8068847169,-12.8113956677,-17.3515453081,30.1629409758,0,779.417024712,12121.7175289,6252.82809282,329.275782338,41.4301242576,11.6203920837,55.6007133118,0.347816701902,0,0
0.03514,15.1546093091,2.33573600826,-26.1789821992,23.8432461909,0,779.412220252,13059.4325469,-395.399012101,329.275782338,41.4301242576,11.6203920837,55.6007133118,0.347816701902,0,0
0.03516,17.0759897369,-0.416738868835,-26.0538059206,26.4705447895,0,779.430495743,13652.6538963,964.510260926,329.39387281,41.7325934782,11.2686872995,55.6232213925,0.165518704253,0,0
0.03518,18.9970992247,-3.18488981637,-25.9180128391,29.1029026555,0,779.443460465,14228.8544563,2340.88501058,329.39387281,41.7325934782,11.2686872995,55.6232213925,0.165518704253,0,0
0.0352,20.9645851815,-5.38502627923,-25.0935271639,30.4785534431,0,779.461373877,14296.4430783,3436.87597667,329.39387281,41.7325934782,11.2686872995,55.6232213925,0.165518704253,0,0
0.03522,23.181790296,-4.46817196821,-24.4506571265,28.9188290947,0,779.474591331,13733.9422594,3085.53388715,329.505105813,42.0632767434,10.9199981315,55.6457233824,0.219384034802,0,0
0.03524,25.1020081719,-7.29214366061,-24.2854268061,31.5775704668,0,779.48152369,14270.9709998,4503.08369117,329.505105813,42.0632767434,10.9199981315,55.6457233824,0.219384034802,0,0
0.03526,27.0223564666,-10.1317189649,-24.1094878173,34.2412067822,0,779.484090442,14790.3197966,5937.14150326,329.609388816,42.4218891376,10.5743984457,55.6682783794,0.257834510629,0,0
0.03528,28.942926363,-12.9867969316,-23.9228546027,36.9096515343,0,779.481325518,15291.8292344,7387.66322665,329.609388816,42.4218891376,10.5743984457,55.6682783794,0.257834510629,0,0
0.0353,31.0254702261,-13.8296841219,-21.6509951134,35.4806792353,0,779.487804276,14241.0356951,7775.77783072,329.609388816,42.4218891376,10.5743984457,55.6682783794,0.257834510629,0,0
0.03532,33.3292911892,-11.9174733404,-21.3076950697,33.2251684101,0,779.498679079,13608.1063827,6950.47175691,329.707253205,42.8068343223,10.2319709239,55.6908654895,0.314040023795,0,0
0.03534,35.4108458489,-12.8136873714,-22.1035175219,34.9172048933,0,779.50283321,14179.0604149,7532.41163004,329.707253205,42.8068343223,10.2319709239,55.6908654895,0.314040023795,0,0
0.03536,37.3315131667,-15.7491717557,-21.8767161033,37.6258878591,0,779.49861598,14632.6543316,9036.21653609,329.79867577,43.2180506649,9.89280715925,55.7135518803,0.33315747255,0,0
0.03538,39.2527099413,-18.7000162536,-21.6392274151,40.3392436688,0,779.488999853,15067.5034865,10556.4181358,329.79867577,43.2180506649,9.89280715925,55.7135518803,0.33315747255,0,0
0.0354,41.2779617788,-20.3682430314,-20.1076511764,40.4758942077,0,779.485591968,14542.3672366,11368.3776755,329.79867577,43.2180506649,9.89280715925,55.7135518803,0.33315747255,0,0
0.03542,43.6049916243,-18.2743582028,-20.4840078691,38.7583660719,0,779.498008926,14257.3448154,10493.226313,329.885453785,43.652698339,9.55700763443,55.7362997057,0.398714702204,0,0
0.03544,45.8466194376,-17.2743972272,-22.2211716225,39.4955688498,0,779.505974436,14918.3156853,10258.7071847,329.885453785,43.652698339,9.55700763443,55.7362997057,0.398714702204,0,0
0.03546,47.7684268785,-20.3083761003,-21.9383924459,42.2467685462,0,779.492547628,15303.7701106,11839.578668,329.966545343,44.1119057786,9.22468158796,55.7591938306,0.404685837505,0,0
0.03548,49.6908345081,-23.3575692195,-21.6450157485,45.0025849681,0,779.473683044,15669.5196651,13436.6244327,329.966545343,44.1119057786,9.22468158796,55.7591938306,0.404685837505,0,0
0.0355,51.6671732814,-25.7528591555,-20.7005231824,46.4533823379,0,779.457412885,15550.2087633,14659.3377189,329.966545343,44.1119057786,9.22468158796,55.7591938306,0.404685837505,0,0
0.03552,53.9878177478,-23.8520628302,-21.1655871342,45.0176499644,0,779.471898233,15360.0525682,13888.1911559,330.043369234,44.5927895976,8.89594676848,55.7821712068,0.479794800931,0,0
0.03554,56.3250786754,-21.764400253,-23.43772269,45.202122943,0,779.495478405,16102.9500439,13201.8123724,330.043369234,44.5927895976,8.89594676848,55.7821712068,0.479794800931,0,0
0.03556,58.2958547054,-24.2939024287,-23.3984711339,47.6923735626,0,779.467089773,16466.4099056,14592.8376444,330.114818414,45.0967418885,8.57092908215,55.8053324746,0.477247622239,0,0
0.03558,60.218819223,-27.4430237591,-23.0465315985,50.4895553575,0,779.437395688,16759.6154308,16270.4801636,330.114818414,45.0967418885,8.57092908215,55.8053324746,0.477247622239,0,0
0.0356,62.2039232446,-29.8317914511,-21.9771114068,51.8089028579,0,779.411455142,16521.9161368,17493.8687505,330.114818414,45.0967418885,8.57092908215,55.8053324746,0.477247622239,0,0
0.03562,64.5322880448,-27.9333172642,-22.3088974332,50.2422146974,0,779.423317432,16275.224318,16711.1829667,330.181045806,45.6215358842,8.24976213803,55.828602062,0.556676702538,0,0
0.03564,66.8675241491,-25.9651706422,-24.5137338296,50.4789044718,0,779.445038964,17020.7763648,16111.9054183,330.181045806,45.6215358842,8.24976213803,55.828602062,0.556676702538,0,0
0.03566,69.0092148403,-26.4394389206,-25.4948766886,51.9343156093,0,779.427402138,17532.9494771,16615.755569,330.241761856,46.1681562038,7.93258669798,55.8520941351,0.541688475699,0,0
0.03568,70.9303948016,-29.6926822344,-25.0839029505,54.7765851849,0,779.389325414,17753.8344822,18373.3663006,330.241761856,46.1681562038,7.93258669798,55.8520941351,0.541688475699,0,0
0.0357,72.9192803996,-32.1083994793,-23.90404814,56.0124476193,0,779.355866098,17414.2957678,19609.1858199,330.241761856,46.1681562038,7.93258669798,55.8520941351,0.541688475699,0,0
0.03572,76.5564443846,-13.861629241,-32.2887373506,46.1503665916,0,779.336109094,18940.870323,11485.2433574,330.298189574,46.7333676645,7.61955003842,55.8757191442,0.622336300246,0,0
0.03574,81.3558116504,18.9535380118,-49.9112281542,30.9576901424,0,779.325383915,23486.6620727,-2897.6788029,330.298189574,46.7333676645,7.61955003842,55.8757191442,0.622336300246,0,0
0.03576,84.2967635696,28.455767431,-55.8750406405,27.4192732095,0,779.315553333,25411.2266658,-6826.50070501,330.348073131,47.328942469,7.31080523268,55.9001309696,0.195782432006,0,0
0.03578,86.20306038,24.9787966266,-55.3472061467,30.3684095201,0,779.326662869,25680.8427854,-4933.00199907,330.348073131,47.328942469,7.31080523268,55.9001309696,0.195782432006,0,0
0.0358,88.1324929491,21.7916497634,-54.3130434016,32.5213936383,0,779.33716038,25623.3007343,-3257.81287251,330.348073131,47.328942469,7.31080523268,55.9001309696,0.195782432006,0,0
0.03582,90.103200311,19.1245345154,-47.6387294199,28.5141949047,0,779.298884543,22491.7458203,-2716.70886131,330.394489374,47.9415027302,7.00651036313,55.9247182819,0.261466627968,0,0
0.03584,92.0198045627,15.7841147015,-47.1885719786,31.4044572771,0,779.304642804,22724.6355476,-883.795609554,330.394489374,47.9415027302,7.00651036313,55.9247182819,0.261466627968,0,0
0.03586,93.9200284857,12.2465034093,-46.6381757632,34.3916723539,0,779.30782076,22908.5366134,1045.49626078,330.436658713,48.5688784746,6.70682767347,55.949425462,0.332469028799,0,0
0.03588,95.8181970326,8.69450757212,-46.0790322416,37.3845246695,0,779.305018127,23068.4042076,2989.12902299,330.436658713,48.5688784746,6.70682767347,55.949425462,0.332469028799,0,0
0.0359,97.8742848657,7.13776226357,-43.4152855498,36.2775232862,0,779.311060481,21859.5795096,3526.31845586,330.436658713,48.5688784746,6.70682767347,55.949425462,0.332469028799,0,0
0.03592,100.005227374,6.53791910293,-39.3517987093,32.8138796064,0,779.282820664,19795.6633957,3297.67986324,330.475399224,49.2109869404,6.41192267181,55.9743068491,0.408365225843,0,0
0.03594,102.187360488,6.6017413339,-40.6134193693,34.0116780354,0,779.272618116,20464.6939408,3623.40354216,330.475399224,49.2109869404,6.41192267181,55.9743068491,0.408365225843,0,0
0.03596,104.073181132,2.97463657049,-40.0284713638,37.0538347933,0,779.270633458,20553.1454652,5604.68542255,330.510452387,49.8670061858,6.12196319591,55.999380527,0.438866764986,0,0
0.03598,105.955555536,-0.666568879105,-39.4355082489,40.102077128,0,779.26258395,20616.9318844,7599.18868019,330.510452387,49.8670061858,6.12196319591,55.999380527,0.438866764986,0,0
0.036,107.994415872,-2.31214824862,-36.7060787534,39.018227002,0,779.264139212,19329.2806242,8124.24181738,330.510452387,49.8670061858,6.12196319591,55.999380527,0.438866764986,0,0
0.03602,110.212798592,-1.66916570872,-35.030807891,36.6999735997,0,779.24546539,18362.9908094,7597.72857441,330.54248854,50.5358669986,5.83711845227,56.0246433025,0.517308238835,0,0
0.03604,112.494409678,-0.192017996017,-37.0082851875,37.2003031836,0,779.242605194,19241.7428669,7316.00658203,330.54248854,50.5358669986,5.83711845227,56.0246433025,0.517308238835,0,0
0.03606,114.46881725,-2.52231654631,-37.0816357183,39.6039522646,0,779.232000787,19474.2673281,8736.18778723,330.571655701,51.217558231,5.55755804077,56.0501560201,0.521037293332,0,0
0.03608,116.327043392,-6.26001305587,-36.4510238146,42.7110368705,0,779.218929488,19446.1851418,10788.0729974,330.571655701,51.217558231,5.55755804077,56.0501560201,0.521037293332,0,0
0.0361,118.27289502,-8.84463148231,-34.5343444606,43.3789759429,0,779.211823416,18620.973929,11950.2386508,330.571655701,51.217558231,5.55755804077,56.0501560201,0.521037293332,0,0
0.03612,120.489214626,-7.97854679112,-33.7923480569,41.7708948481,0,779.199528276,18110.8305616,11460.6597884,330.598570413,51.9100776432,5.28345097676,56.0758616973,0.609209768434,0,0
0.03614,122.741687966,-6.59590402379,-35.7311085508,42.3270125746,0,779.199332546,18968.5206695,11251.3097988,330.598570413,51.9100776432,5.28345097676,56.0758616973,0.609209768434,0,0
0.03616,124.856972375,-6.86609958905,-36.8438801559,43.709979745,0,779.186675358,19524.8829502,11782.6011905,330.623353501,52.6136971037,5.01496472241,56.1018333438,0.608039874992,0,0
0.03618,126.682203752,-10.7016387381,-36.1745132667,46.8761520048,0,779.165493642,19402.8376328,13895.8024072,330.623353501,52.6136971037,5.01496472241,56.1018333438,0.608039874992,0,0
0.0362,128.553921672,-13.8770407647,-34.7682405871,48.6452813518,0,779.14713777,18825.9726164,15482.3129392,330.623353501,52.6136971037,5.01496472241,56.1018333438,0.608039874992,0,0
0.03622,130.73076595,-13.1437775158,-34.1861083313,47.3298858471,0,779.137413434,18398.9234412,15087.1833326,330.646196896,53.3266571514,4.75226423876,56.128016235,0.693652912641,0,0
0.03624,132.944851303,-11.8567907982,-36.0876347078,47.9444255059,0,779.136675588,19235.0452804,14953.6075575,330.646196896,53.3266571514,4.75226423876,56.128016235,0.693652912641,0,0
0.03626,135.149748872,-10.5935657075,-37.9786217388,48.5721874462,0,779.132154098,20072.6138069,14840.8111835,330.667451454,54.0488704512,4.49551106954,56.1544689187,0.69602993014,0,0
0.03628,136.995905709,-13.7332527544,-37.6695994848,51.4028522392,0,779.098537663,20016.2398796,16666.6790523,330.667451454,54.0488704512,4.49551106954,56.1544689187,0.69602993014,0,0
0.0363,138.828435003,-16.9427239134,-36.1706222234,53.1133461368,0,779.07189603,19325.0776256,18245.8822665,330.667451454,54.0488704512,4.49551106954,56.1544689187,0.69602993014,0,0
0.03632,140.902537053,-17.0165096827,-33.9381771463,50.954686829,0,779.061343609,18078.1704935,17884.1708249,330.687264174,54.7790624363,4.24486246735,56.1811606807,0.765356817572,0,0
0.03634,143.068600983,-15.8261569835,-35.8093916733,51.6355486569,0,779.061384412,18896.0669414,17822.6071856,330.687264174,54.7790624363,4.24486246735,56.1811606807,0.765356817572,0,0
0.03636,145.223603228,-14.6589484088,-37.67133823,52.3302866389,0,779.05769824,19714.2673594,17781.6201824,330.705755211,55.5163619421,4.00047057207,56.2081117847,0.772977605373,0,0
0.03638,147.204273981,-15.5577816624,-38.5027250631,54.0605067255,0,779.031845405,20084.6166564,18647.2756119,330.705755211,55.5163619421,4.00047057207,56.2081117847,0.772977605373,0,0
0.0364,149.062231692,-17.8705330819,-36.0155954099,53.8861284918,0,779.006329367,18788.7907231,19450.1510369,330.705755211,55.5163619421,4.00047057207,56.2081117847,0.772977605373,0,0
0.03642,151.10818295,-17.6957260686,-33.5663870723,51.2621131409,0,778.991210245,17422.1423849,18845.0776179,330.723053538,56.2603813442,3.76248165057,56.235334323,0.817984781934,0,0
0.03644,153.216330291,-16.6064251425,-35.4138029822,52.0202281247,0,778.992250758,18232.0789408,18854.896185,330.723053538,56.2603813442,3.76248165057,56.235334323,0.817984781934,0,0
0.03646,155.311603993,-15.539545794,-37.25330565,52.792851444,0,778.989607135,19041.203078,18885.1679198,330.73940748,57.009714296,3.53103540594,56.2628184333,0.819525386595,0,0
0.03648,157.378844023,-14.6807061269,-38.9922708462,53.6729769732,0,778.975248099,19805.6644018,19015.4694311,330.73940748,57.009714296,3.53103540594,56.2628184333,0.819525386595,0,0
0.0365,159.170581857,-17.1291383213,-36.5062444903,53.6353828115,0,778.949076266,18479.5684912,19853.9154294,330.73940748,57.009714296,3.53103540594,56.2628184333,0.819525386595,0,0
0.03652,161.110333742,-17.5688940374,-33.0588184153,50.6277124527,0,778.934521531,16628.9403976,19266.9185458,330.755092345,57.7643611864,3.30626436346,56.2905902591,0.853182457918,0,0
0.03654,163.151546976,-16.5795680999,-34.8894503712,51.469018471,0,778.936781105,17432.502069,19347.9101462,330.755092345,57.7643611864,3.30626436346,56.2905902591,0.853182457918,0,0
0.03656,165.178220839,-15.6118524856,-36.7135797244,52.32543221,0,778.935384603,18234.1918496,19449.2129718,330.77014824,58.5223255447,3.08829333946,56.3186108,0.856043409721,0,0
0.03658,167.190046255,-14.6655844057,-38.5314750555,53.1970594612,0,778.930356891,19033.7064314,19570.7688252,330.77014824,58.5223255447,3.08829333946,56.3186108,0.856043409721,0,0
0.0366,169.071520259,-15.1854435727,-35.5591601091,50.7446036818,0,778.911023733,17432.6989068,19123.0856406,330.77014824,58.5223255447,3.08829333946,56.3186108,0.856043409721,0,0
0.03662,170.909287922,-16.0809631735,-30.8643259815,46.945289155,0,778.895932711,14978.9892965,18354.4148337,330.78475375,59.2842119885,2.87723899794,56.3469372019,0.873478024749,0,0
0.03664,172.87535521,-15.1912428382,-32.6887682702,47.8800111084,0,778.902708695,15783.4774498,18503.3348142,330.78475375,59.2842119885,2.87723899794,56.3469372019,0.873478024749,0,0
0.03666,174.825445849,-14.3222301842,-34.5081582574,48.8303884415,0,778.905824521,16585.135586,18672.4905135,330.798862034,60.0475593303,2.67320949897,56.3755054262,0.873297875113,0,0
0.03668,176.759305244,-13.4737495215,-36.322765779,49.7965153005,0,778.905302134,17383.6749755,18861.8028947,330.798862034,60.0475593303,2.67320949897,56.3755054262,0.873297875113,0,0
0.0367,178.646026526,-13.0302112132,-33.8728160888,46.903027302,0,778.897712593,16076.634278,17964.4353752,330.798862034,60.0475593303,2.67320949897,56.3755054262,0.873297875113,0,0
0.03672,180.370834108,-14.4280411248,-28.5229592285,42.9510003533,0,778.88738653,13321.1123367,17187.0756674,330.812978672,60.8133770701,2.47630424121,56.4043840902,0.886333545242,0,0
0.03674,182.255034694,-13.6346346324,-30.3487874729,43.9834221053,0,778.898864557,14126.7553065,17404.8261228,330.812978672,60.8133770701,2.47630424121,56.4043840902,0.886333545242,0,0
0.03676,184.122121581,-12.8609711861,-32.1710082327,45.0319794188,0,778.906662687,14928.6567576,17642.6923188,330.827032331,61.5789635414,2.28661370008,56.4334971506,0.887853063757,0,0
0.03678,185.971907918,-12.1068653975,-33.9898862573,46.0967516548,0,778.91079993,15726.5429014,17900.574165,330.827032331,61.5789635414,2.28661370008,56.4334971506,0.887853063757,0,0
0.0368,187.866589623,-10.5899333417,-30.7013904704,41.2913238121,0,778.914031656,14095.6385133,16064.6275343,330.827032331,61.5789635414,2.28661370008,56.4334971506,0.887853063757,0,0
0.03682,189.638910103,-10.4056984023,-28.4901361482,38.8958345505,0,778.918433559,12947.7221651,15321.6511573,330.841190586,62.3455793457,2.10421936138,56.4629281374,0.891067196985,0,0
0.03684,191.435787924,-9.70959899511,-30.3198122797,40.0294112749,0,778.92987029,13756.2182172,15618.1318437,330.841190586,62.3455793457,2.10421936138,56.4629281374,0.891067196985,0,0
0.03686,193.214775538,-9.03223976701,-32.147267065,41.179506832,0,778.937618096,14559.9567582,15934.5582665,330.85596469,63.1106961115,1.92919374949,56.4925855503,0.895581121739,0,0
0.03688,194.975764234,-8.37342929238,-33.9727542193,42.3461835116,0,778.941693357,15358.6804763,16270.8082711,330.85596469,63.1106961115,1.92919374949,56.4925855503,0.895581121739,0,0
0.0369,196.794411484,-6.78294916778,-31.2100432165,37.9929923843,0,778.949510015,14051.3656946,14519.5837233,330.85596469,63.1106961115,1.92919374949,56.4925855503,0.895581121739,0,0
0.03692,198.46474674,-6.84287620725,-29.0489171416,35.8917933489,0,778.954447452,12946.1146768,13896.2775896,330.871306742,63.8754217966,1.76160054738,56.5225533136,0.900960365664,0,0
0.03694,200.17121515,-6.23903707669,-30.8881106967,37.1271477734,0,778.964639367,13752.4223468,14273.3052349,330.871306742,63.8754217966,1.76160054738,56.5225533136,0.900960365664,0,0
0.03696,201.85942258,-5.65291700767,-32.726396972,38.3793139796,0,778.971126181,14552.9891069,14669.9853809,330.88759787,64.6371628535,1.60149480512,56.5527336976,0.909060574142,0,0
0.03698,203.529345379,-5.08432267831,-34.564012927,39.6483356053,0,778.973921722,15347.5759774,15086.1760764,330.88759787,64.6371628535,1.60149480512,56.5527336976,0.909060574142,0,0
0.037,205.252217203,-3.63959506477,-32.0921902046,35.7317852693,0,778.984429536,14228.6798102,13482.6070454,330.88759787,64.6371628535,1.60149480512,56.5527336976,0.909060574142,0,0
0.03702,206.814204055,-4.00051956003,-29.753461347,33.753980907,0,778.993046025,13045.8129286,12933.382074,330.904836761,65.397134357,1.448923232,56.5832134312,0.913370961545,0,0
0.03704,208.429315593,-3.48323081992,-31.6084451178,35.0916759377,0,779.001687053,13845.1708916,13390.5315107,330.904836761,65.397134357,1.448923232,56.5832134312,0.913370961545,0,0
0.03706,210.026228154,-2.98264116654,-33.4637402814,36.4463814479,0,779.006595546,14637.8659828,13866.9334324,330.923250689,66.152671341,1.30392456657,56.6138898333,0.916851017517,0,0
0.03708,211.605006145,-2.49855976358,-35.3195619167,37.8181216803,0,779.007782858,15423.6788412,14362.4302679,330.923250689,66.152671341,1.30392456657,56.6138898333,0.916851017517,0,0
0.0371,213.259156658,-0.85909061338,-33.0220887768,33.8811793902,0,779.018017354,14460.2012073,12683.9404912,330.923250689,66.152671341,1.30392456657,56.6138898333,0.916851017517,0,0
0.03712,214.60578764,-2.86739798423,-27.7052497862,30.5726477705,0,779.008973812,11819.3210606,11917.0961265,330.942904095,66.9051967857,1.16653001777,56.6448582705,0.919646210531,0,0
0.03714,216.130944901,-2.42893684267,-29.5877689049,32.0167057475,0,779.021624124,12612.4610825,12445.9065593,330.942904095,66.9051967857,1.16653001777,56.6448582705,0.919646210531,0,0
0.03716,217.638405879,-2.00616262189,-31.4717254749,33.4778880968,0,779.030472393,13398.1721929,12993.5629798,330.963354859,67.6515294438,1.03676376958,56.6760053467,0.922426557143,0,0
0.03718,219.128321851,-1.59889149162,-33.357308177,34.9561996686,0,779.035528042,14176.2523313,13559.8978601,330.963354859,67.6515294438,1.03676376958,56.6760053467,0.922426557143,0,0
0.0372,220.784003528,1.08997169216,-30.2088563425,29.1188846504,0,779.054505199,13030.226678,10940.5821167,330.963354859,67.6515294438,1.03676376958,56.6760053467,0.922426557143,0,0
0.03722,222.17652929,0.678897834193,-28.1109008084,27.4320029742,0,779.059971795,12005.6822619,10437.6594281,330.98506989,68.3937162772,0.914643540795,56.707450862,0.922269736834,0,0
0.03724,223.614642365,1.03769754912,-30.0215740153,28.9838764662,0,779.071614598,12791.4986415,11047.7220783,330.98506989,68.3937162772,0.914643540795,56.707450862,0.922269736834,0,0
0.03726,225.03598677,1.38177569556,-31.9346508296,30.552875134,0,779.079401433,13569.0297544,11676.1622339,331.008353994,69.1290609672,0.800181190855,56.7390708557,0.926342694814,0,0
0.03728,226.440795235,1.71130499216,-33.8502904968,32.1389855046,0,779.083340096,14338.0933938,12322.8056259,331.008353994,69.1290609672,0.800181190855,56.7390708557,0.926342694814,0,0
0.0373,227.818432569,1.88996201045,-33.1027082229,31.2127462125,0,779.119973676,13961.7824673,12011.4667402,331.008353994,69.1290609672,0.800181190855,56.7390708557,0.926342694814,0,0
0.03732,229.08627787,0.878413256001,-31.9104662785,31.0320530225,0,779.131525131,13243.6496778,12174.6206974,331.033605871,69.8591377018,0.693383362115,56.7709491034,0.933178776097,0,0
0.03734,230.44328298,1.16853289095,-33.8471811357,32.6786482447,0,779.135317632,14000.0075722,12862.8997449,331.033605871,69.8591377018,0.693383362115,56.7709491034,0.933178776097,0,0
0.03736,231.784834107,1.44479802985,-35.7870842286,34.3422861987,0,779.135227454,14747.3307613,13568.8653777,331.061206349,70.5816170291,0.594252148645,56.8029827594,0.940608264387,0,0
0.03738,233.111235954,1.70736667536,-37.730303552,36.0229368767,0,779.131260997,15485.4598885,14292.3482289,331.061206349,70.5816170291,0.594252148645,56.8029827594,0.940608264387,0,0
0.0374,234.85466822,7.37266373951,-31.8975856869,24.5249219474,0,779.151452804,13868.6945862,8924.77097354,331.061206349,70.5816170291,0.594252148645,56.8029827594,0.940608264387,0,0
0.03742,236.122873427,7.24630603378,-30.0875267563,22.8412207226,0,779.143064675,13057.6579565,8335.55826863,331.089882281,71.2979650968,0.502785781259,56.8353452981,0.932893739882,0,0
0.03744,237.40494907,7.45825278018,-32.0658620216,24.6076092414,0,779.150417092,13817.0642813,9107.9415356,331.089882281,71.2979650968,0.502785781259,56.8353452981,0.932893739882,0,0
0.03746,238.673225555,7.65719887559,-34.048063277,26.3908644014,0,779.153791184,14566.6117362,9897.62667471,331.120364737,72.0055102292,0.4189793184,56.8678673173,0.936496878227,0,0
0.03748,239.928066295,7.84328406034,-36.0342258457,28.1909417854,0,779.153192364,15306.1580159,10704.4445116,331.120364737,72.0055102292,0.4189793184,56.8678673173,0.936496878227,0,0
0.0375,241.718785601,14.9012795581,-28.8840863784,13.9828068203,0,779.182277403,13636.5127737,4016.12689004,331.120364737,72.0055102292,0.4189793184,56.8678673173,0.936496878227,0,0
0.03752,242.904566019,14.518768187,-27.2688315835,12.7500633965,0,779.179420096,12914.0743225,3627.5953189,331.151875284,72.7060550643,0.342825332532,56.9007394158,0.923773297898,0,0
0.03754,244.12032976,14.6539572331,-29.2944461606,14.6404889274,0,779.19223232,13679.059814,4485.98445385,331.151875284,72.7060550643,0.342825332532,56.9007394158,0.923773297898,0,0
0.03756,245.32421211,14.7769164878,-31.3244517466,16.5475352588,0,779.200953119,14433.3641867,5361.28138793,331.185388286,73.3969497517,0.274314581795,56.9337597197,0.928956914606,0,0
0.03758,246.51661877,14.8877649327,-33.3589112357,18.471146303,0,779.205587269,15176.8611666,6253.32081698,331.185388286,73.3969497517,0.274314581795,56.9337597197,0.928956914606,0,0
0.0376,247.762625872,15.7976137261,-32.2337119091,16.436098183,0,779.244431777,14875.5437751,5380.69492761,331.185388286,73.3969497517,0.274314581795,56.9337597197,0.928956914606,0,0
0.03762,248.810879493,14.3489406305,-31.1868273337,16.8378867032,0,779.256522943,14168.4707084,5787.30625506,331.221332656,74.0801020486,0.213436657013,56.967033578,0.934568078302,0,0
0.03764,249.971489057,14.425846258,-33.24846949,18.822623232,0,779.261219815,14896.4739478,6719.91115256,331.221332656,74.0801020486,0.213436657013,56.967033578,0.934568078302,0,0
0.03766,251.122303539,14.4911114826,-35.3148102133,20.8236987307,0,779.261780039,15613.2116315,7668.79694108,331.259992955,74.7531456002,0.160180594525,57.0004326068,0.94370832619,0,0
0.03768,252.263752053,14.5448333983,-37.3858821176,22.8410487193,0,779.258207941,16318.5747247,8633.8204188,331.259992955,74.7531456002,0.160180594525,57.0004326068,0.94370832619,0,0
0.0377,253.413640142,14.8050057087,-36.6362562332,21.8312505245,0,779.288342385,16035.8682882,8266.55214684,331.259992955,74.7531456002,0.160180594525,57.0004326068,0.94370832619,0,0
0.03772,254.337104051,12.3207057158,-33.5698730488,21.249167333,0,779.279709746,14369.7959478,8310.45461249,331.301322304,75.417801061,0.114535445866,57.0340727802,0.950307990853,0,0
0.03774,255.453444533,12.3453121738,-35.6723074227,23.3269952489,0,779.279530672,15059.396805,9308.92880836,331.301322304,75.417801061,0.114535445866,57.0340727802,0.950307990853,0,0
0.03776,256.562153071,12.3587614184,-37.7796171002,25.4208556818,0,779.27514954,15737.2294938,10323.1914821,331.344638155,76.071073877,0.0764907960106,57.0678270711,0.956825673573,0,0
0.03778,257.670069154,12.4414889618,-39.8114465192,27.3699575579,0,779.268136682,16392.1592851,11275.9090042,331.344638155,76.071073877,0.0764907960106,57.0678270711,0.956825673573,0,0
0.0378,258.85464823,13.559592354,-38.4542385247,24.8946461707,0,779.31309869,16083.6526615,10190.3004157,331.344638155,76.071073877,0.0764907960106,57.0678270711,0.956825673573,0,0
0.03782,259.810122436,11.872941169,-37.057167421,25.184226252,0,779.298349535,15161.2459611,10523.9583992,331.390696517,76.7154285569,0.0460372226216,57.1018357717,0.96054512024,0,0
0.03784,260.892694048,11.8436556097,-39.1992539595,27.3555983499,0,779.291105983,15811.4832701,11592.4857761,331.390696517,76.7154285569,0.0460372226216,57.1018357717,0.96054512024,0,0
0.03786,261.969768879,11.803586009,-41.3462519857,29.5426659767,0,779.279604654,16449.4351303,12676.3976157,331.439198807,77.3482191798,0.0231666896697,57.1359580196,0.966125745739,0,0
0.03788,263.172202641,13.3887467462,-41.8622007046,28.4734539584,0,779.275038008,16898.0884388,12201.6836113,331.439198807,77.3482191798,0.0231666896697,57.1359580196,0.966125745739,0,0
0.0379,265.313650431,26.7986682975,-28.7603645679,1.9616962704,0,779.296276935,15643.2307774,-462.320568507,331.439198807,77.3482191798,0.0231666896697,57.1359580196,0.966125745739,0,0
0.03792,266.375142913,26.7071340767,-27.9182596739,1.2111255972,0,779.280426839,15346.0992289,-704.094747068,331.488640891,77.9712914466,0.00787286972771,57.1705692506,0.940341572766,0,0
0.03794,267.431801011,26.5930709784,-30.126897691,3.53382671261,0,779.291423576,16025.9740205,463.846065682,331.488640891,77.9712914466,0.00787286972771,57.1705692506,0.940341572766,0,0
0.03796,268.48497546,26.4686432912,-32.3404853732,5.87184208197,0,779.297968914,16692.6220984,1646.90558158,331.541267075,78.5829537053,0.000151392019587,57.2053300113,0.945748739993,0,0
0.03798,269.67014077,28.0282663307,-32.8646171205,4.83635078977,0,779.306666055,17233.1329425,1213.20583427,331.541267075,78.5829537053,0.000151392019587,57.2053300113,0.945748739993,0,0
0.038,270.853964838,29.595197831,-31.9733529636,2.37815513261,0,779.322627044,17340.2536675,124.579178819,331.541267075,78.5829537053,0.000151392019587,57.2053300113,0.945748739993,0,0
0.03802,271.779160293,27.938225149,-31.6323320695,3.69410692052,0,779.327736112,16805.7951951,895.47496793,331.597110694,79.1848812907,4.3745207272e-11,57.2403771429,0.946062282114,0,0
0.03804,272.821728315,27.7687744466,-33.8810408588,6.11226641218,0,779.331119701,17443.977358,2137.17609398,331.597110694,79.1848812907,4.3745207272e-11,57.2403771429,0.946062282114,0,0
0.03806,273.862577304,27.5891376033,-36.1345340812,8.54539647785,0,779.329997383,18068.4026189,3393.70198542,331.65361873,79.7676121037,4.3745199763e-11,57.2751859066,0.955974840589,0,0
0.03808,274.914906745,27.5609207956,-38.2311663029,10.6702455075,0,779.325751158,18672.7590837,4509.22418291,331.65361873,79.7676121037,4.3745199763e-11,57.2751859066,0.955974840589,0,0
0.0381,276.015005824,28.1354860162,-36.9029344254,8.76744840917,0,779.343556163,18400.1512719,3712.8285572,331.65361873,79.7676121037,4.3745199763e-11,57.2751859066,0.955974840589,0,0
0.03812,276.887995737,25.8618113168,-35.7417730111,9.87996169433,0,779.329386448,17418.2748154,4383.84016171,331.711013053,80.3329134067,4.37451945242e-11,57.309890516,0.960665223458,0,0
0.03814,277.925173784,25.6440229656,-38.0291318071,12.3851088416,0,779.324520833,18004.7049582,5690.29831536,331.711013053,80.3329134067,4.37451945242e-11,57.309890516,0.960665223458,0,0
0.03816,278.962064668,25.4161303556,-40.3210467158,14.9049163602,0,779.315099818,18576.8871146,7011.42422774,331.769039908,80.878807407,4.37452132473e-11,57.344363839,0.967588750007,0,0
0.03818,280.062298806,25.9731742013,-41.8224239574,15.8492497561,0,779.308963636,19125.6830428,7580.00100538,331.769039908,80.878807407,4.37452132473e-11,57.344363839,0.967588750007,0,0
0.0382,281.210895053,27.1244881757,-40.8141107994,13.6896226237,0,779.332717024,19118.2295354,6656.48623778,331.769039908,80.878807407,4.37452132473e-11,57.344363839,0.967588750007,0,0
0.03822,282.126693904,25.3413057489,-40.2827428562,14.9414371074,0,779.31207641,18423.2483156,7373.61432038,331.827647591,81.4070635906,4.37452051794e-11,57.3787640362,0.969797616878,0,0
0.03824,283.164550064,25.0717654454,-42.6071767041,17.5354112587,0,779.298164645,18957.9624065,8749.30520694,331.827647591,81.4070635906,4.37452051794e-11,57.3787640362,0.969797616878,0,0
0.03826,284.20313807,24.7921459657,-44.9359014849,20.1437555191,0,779.279653821,19477.8750153,10139.5670261,331.886748666,81.9159569811,4.37451604516e-11,57.4129562328,0.973609873055,0,0
0.03828,285.404975234,26.5388266589,-45.2325788649,18.693752206,0,779.287505015,20016.4993762,9577.09192247,331.886748666,81.9159569811,4.37451604516e-11,57.4129562328,0.973609873055,0,0
0.0383,286.587615293,28.0220133564,-44.4658919969,16.4438786405,0,779.305894779,20196.9166992,8622.43671791,331.886748666,81.9159569811,4.37451604516e-11,57.4129562328,0.973609873055,0,0
0.03832,287.505366136,26.1589534425,-43.8585188735,17.699565431,0,779.278554561,19431.0279194,9328.68021152,331.946390661,82.4067787885,4.37452871168e-11,57.4470936622,0.970239228315,0,0
0.03834,288.547802454,25.8344532893,-46.2212872418,20.3868339525,0,779.25757648,19916.9013486,10776.4834587,331.946390661,82.4067787885,4.37452871168e-11,57.4470936622,0.970239228315,0,0
0.03836,289.630953602,25.9945304104,-48.0934347011,22.0989042907,0,779.23899751,20406.8357453,11760.3991414,332.006537342,82.8780377862,4.37453356994e-11,57.4810259236,0.974991165696,0,0
0.03838,290.882162422,28.2356883477,-47.8786575219,19.6429691742,0,779.253816221,20981.8494301,10735.638614,332.006537342,82.8780377862,4.37453356994e-11,57.4810259236,0.974991165696,0,0
0.0384,292.06914804,29.6444159192,-47.1520874402,17.507671521,0,779.269251413,21181.3129408,9848.2377854,332.006537342,82.8780377862,4.37453356994e-11,57.4810259236,0.974991165696,0,0
0.03842,292.988436053,27.6687521567,-46.491392886,18.8226407293,0,779.236809468,20344.2003898,10567.3418891,332.066961455,83.3308585494,4.37452630571e-11,57.5149343551,0.965027400009,0,0
0.03844,294.036975435,27.2873173903,-48.8937779728,21.6064605825,0,779.210673795,20782.1718008,12088.5127652,332.066961455,83.3308585494,4.37452630571e-11,57.5149343551,0.965027400009,0,0
0.03846,295.194595075,28.2476243622,-49.9481857927,21.7005614305,0,779.201557958,21297.1998669,12314.7688338,332.127751523,83.7640504982,4.37510022721e-11,57.5486572167,0.971906049608,0,0
0.03848,296.45168909,30.4299663029,-49.7745912584,19.3446249556,0,779.212182363,21903.9808849,11360.9565259,332.127751523,83.7640504982,4.37510022721e-11,57.5486572167,0.971906049608,0,0
0.0385,297.640059847,31.7259075873,-49.0663454053,17.340437818,0,779.223636245,22105.3729915,10546.1602725,332.127751523,83.7640504982,4.37510022721e-11,57.5486572167,0.971906049608,0,0
0.03852,298.558779539,29.6167981412,-48.3709630831,18.754164942,0,779.187334166,21195.6726153,11294.0056188,332.188795048,84.1784076278,4.37510227479e-11,57.5823727528,0.958421823937,0,0
0.03854,299.612318739,29.176969102,-50.8139980402,21.6370289382,0,779.157569678,21585.1908775,12889.256251,332.188795048,84.1784076278,4.37510227479e-11,57.5823727528,0.958421823937,0,0
0.03856,300.829810445,30.7736689537,-51.2141795528,20.4405105991,0,779.156702877,22160.3688049,12513.2373699,332.250216031,84.5730027563,4.37511550828e-11,57.6159232758,0.964514242603,0,0
0.03858,302.090619535,32.8960794692,-51.0825728592,18.18649339,0,779.162492864,22798.4729245,11630.3699877,332.250216031,84.5730027563,4.37511550828e-11,57.6159232758,0.964514242603,0,0
0.0386,303.276664114,34.0656778274,-50.3924762851,16.3267984577,0,779.169609317,22995.6458065,10892.03227,332.250216031,84.5730027563,4.37511550828e-11,57.6159232758,0.964514242603,0,0
0.03862,304.14918849,31.2907623999,-48.6274667181,17.3367043182,0,779.132223438,21592.3193768,11363.4847654,332.311983164,84.9484315084,4.37511241895e-11,57.6494666485,0.950814490695,0,0
0.03864,305.207342292,30.8344634863,-51.0725268913,20.2380634053,0,779.102973921,21938.4768292,12990.3795109,332.311983164,84.9484315084,4.37511241895e-11,57.6494666485,0.950814490695,0,0
0.03866,306.461829982,32.834261306,-51.0551881065,18.2209268005,0,779.105949184,22587.0473308,12234.627567,332.374257628,85.3039656825,4.37511719031e-11,57.6828650172,0.959840017091,0,0
0.03868,307.721585805,34.8973642745,-50.9684370861,16.0710728116,0,779.10785305,23256.6705473,11420.3145567,332.374257628,85.3039656825,4.37511719031e-11,57.6828650172,0.959840017091,0,0
0.0387,308.824998816,35.000652389,-49.7967730884,14.7961206994,0,779.11498768,23001.7235765,10904.4878714,332.374257628,85.3039656825,4.37511719031e-11,57.6828650172,0.959840017091,0,0
0.03872,309.665317625,31.8092906134,-47.8564223806,16.0471317672,0,779.07594093,21396.7982974,11428.7597573,332.437038135,85.6399041645,4.37514404279e-11,57.71623841,0.94915662129,0,0
0.03874,310.738300362,31.5451674731,-50.0994196448,18.5542521717,0,779.049845593,21730.6213425,12882.6371047,332.437038135,85.6399041645,4.37514404279e-11,57.71623841,0.94915662129,0,0
0.03876,311.992444239,33.566852148,-50.0504559571,16.4836038092,0,779.054084452,22416.9985878,12115.3268155,332.500351248,85.955636718,4.37515101954e-11,57.7494661255,0.959975513151,0,0
0.03878,313.243909248,35.5734234403,-50.0106336237,14.4372101834,0,779.054754677,23113.5093878,11365.7216503,332.500351248,85.955636718,4.37515101954e-11,57.7494661255,0.959975513151,0,0
0.0388,314.333901038,35.5783071827,-48.8460327031,13.2677255205,0,779.061153876,22846.0739294,10885.7296219,332.500351248,85.955636718,4.37515101954e-11,57.7494661255,0.959975513151,0,0
0.03882,315.159726654,32.2987603922,-46.936378731,14.6376183389,0,779.023769524,21195.945129,11420.7626442,332.564278794,86.2514848491,4.37512306508e-11,57.782666027,0.949151748797,0,0
0.03884,316.253041005,32.408038621,-48.7973251507,16.3892865297,0,779.005177598,21562.6946845,12524.1650529,332.564278794,86.2514848491,4.37512306508e-11,57.782666027,0.949151748797,0,0
0.03886,317.491174085,34.3732841146,-48.7964999199,14.4232158053,0,779.008347623,22274.5989555,11821.8628443,332.628825632,86.5269868542,4.3750830863e-11,57.8157334466,0.959301934519,0,0
0.03888,318.724489191,36.3236356044,-48.8049199296,12.4812843252,0,779.007616086,22995.4410402,11137.2798923,332.628825632,86.5269868542,4.3750830863e-11,57.8157334466,0.959301934519,0,0
0.0389,319.790384148,36.2258187659,-47.6603678692,11.4345491034,0,779.013141688,22713.2955964,10700.2431694,332.628825632,86.5269868542,4.3750830863e-11,57.8157334466,0.959301934519,0,0
0.03892,320.592283105,32.8748263555,-45.8296889846,12.9548626291,0,778.977962728,21030.0622261,11263.8128092,332.694177608,86.7824191981,4.37512287517e-11,57.8487714042,0.948342724827,0,0
0.03894,321.686220004,33.2506436452,-47.4175372646,14.1668936194,0,778.963366618,21429.94309,12120.331658,332.694177608,86.7824191981,4.37512287517e-11,57.8487714042,0.948342724827,0,0
0.03896,322.896820898,35.1603506174,-47.4662185892,12.3058679718,0,778.965066157,22163.9683805,11483.4155801,332.760312387,87.0174082098,4.37516657042e-11,57.8816843444,0.957810268092,0,0
0.03898,324.100086752,37.05551331,-47.5243376901,10.4688243801,0,778.962962342,22905.7432929,10864.2813616,332.760312387,87.0174082098,4.37516657042e-11,57.8816843444,0.957810268092,0,0
0.039,325.130238846,36.8638599488,-46.4029193591,9.5390594103,0,778.967480629,22608.6698112,10466.7490026,332.760312387,87.0174082098,4.37516657042e-11,57.8816843444,0.957810268092,0,0
0.03902,325.896738691,33.4568954981,-44.6756364917,11.2187409936,0,778.934574215,20898.0687257,11065.5190526,332.827401189,87.2321697129,4.37515437849e-11,57.914569561,0.946729578423,0,0
0.03904,326.986758546,34.2058754906,-45.8868470868,11.6809715962,0,778.925735848,21373.7644313,11571.5078897,332.827401189,87.2321697129,4.37515437849e-11,57.914569561,0.946729578423,0,0
0.03906,328.156571737,36.0613155635,-45.9870831999,9.92576763634,0,778.925708368,22127.2738622,11000.8561149,332.895449159,87.4264365875,4.37513530291e-11,57.9473423261,0.953522086715,0,0
0.03908,329.316247299,37.9026922823,-46.0970517399,8.19435945754,0,778.921990426,22887.3498025,10448.1078112,332.895449159,87.4264365875,4.37513530291e-11,57.9473423261,0.953522086715,0,0
0.0391,330.296100618,37.6093338102,-45.0080975616,7.39876375138,0,778.925360101,22569.9941474,10097.46439,332.895449159,87.4264365875,4.37513530291e-11,57.9473423261,0.953522086715,0,0
0.03912,330.968669678,33.5901937764,-42.2870554598,8.69686168337,0,778.896650002,20425.5096949,10334.6017908,332.964664358,87.6003025533,4.37518847591e-11,57.9800785984,0.943994867052,0,0
0.03914,332.025404989,34.524825907,-43.3168973727,8.79207146571,0,778.891156362,20950.0112846,10674.0285305,332.964664358,87.6003025533,4.37518847591e-11,57.9800785984,0.943994867052,0,0
0.03916,333.140084882,36.3295389627,-43.4731301096,7.1435911469,0,778.890657917,21721.7253702,10168.3661272,333.035139131,87.7536111735,4.37523732892e-11,58.0127043659,0.949918517424,0,0
0.03918,334.241647358,38.1208176166,-43.6394891431,5.51867152651,0,778.886571211,22498.8530051,9680.79426913,333.035139131,87.7536111735,4.37523732892e-11,58.0127043659,0.949918517424,0,0
0.0392,335.136126365,37.4737612142,-42.5003493476,5.02658813343,0,778.890172282,22036.1811008,9426.659978,333.035139131,87.7536111735,4.37523732892e-11,58.0127043659,0.949918517424,0,0
0.03922,335.755651524,33.5449430779,-40.2700367835,6.72509370553,0,778.865655338,19983.0300449,9846.28782926,333.106934566,87.8862883048,4.37520971306e-11,58.0452765694,0.945113095335,0,0
0.03924,336.764401042,34.6720577998,-41.1167795906,6.44472179077,0,778.86254015,20567.8014107,10015.845348,333.106934566,87.8862883048,4.37520971306e-11,58.0452765694,0.945113095335,0,0
0.03926,337.808871643,36.4293775696,-41.3310138082,4.90163623865,0,778.861890428,21352.9841913,9576.09242006,333.180295814,87.9984668297,4.37518142051e-11,58.0777307008,0.945284322439,0,0
0.03928,338.837184937,38.1740406458,-41.5558611018,3.38182045595,0,778.857746801,22142.4655258,9154.64214159,333.180295814,87.9984668297,4.37518142051e-11,58.0777307008,0.945284322439,0,0
0.0393,339.657526809,37.5081328589,-40.5196303989,3.01149753994,0,778.861112531,21693.8371672,8948.46380436,333.180295814,87.9984668297,4.37518142051e-11,58.0777307008,0.945284322439,0,0
0.03932,340.210013817,33.6883331471,-38.6842311144,4.99589796729,0,778.840502953,19716.1309195,9497.19899065,333.25508027,88.0898058136,4.37516387408e-11,58.1101155731,0.943603381727,0,0
0.03934,341.163113377,35.1060042324,-39.2552255514,4.14922131891,0,778.837799591,20404.9691679,9406.37791232,333.25508027,88.0898058136,4.37516387408e-11,58.1101155731,0.943603381727,0,0
0.03936,342.12216562,36.8190587718,-39.5299795942,2.71092082247,0,778.836410127,21200.4242595,9034.71847699,333.331934472,88.1608881053,4.3752012783e-11,58.1423727628,0.939919970337,0,0
0.03938,343.062082206,38.5203780317,-39.8159095613,1.29553152962,0,778.831616685,21999.0865754,8681.58378525,333.331934472,88.1608881053,4.3752012783e-11,58.1423727628,0.939919970337,0,0
0.0394,343.791205762,37.8137035519,-38.8541048535,1.04040130155,0,778.834232305,21546.8988487,8517.49729855,333.331934472,88.1608881053,4.3752012783e-11,58.1423727628,0.939919970337,0,0
0.03942,344.215172027,33.5228962642,-36.3025307528,2.77963448855,0,778.817910572,19250.118339,8765.94507263,333.4103366,88.2109936543,4.3752039177e-11,58.1745407843,0.93757020929,0,0
0.03944,345.091249133,35.1525964291,-36.6864918692,1.53389544006,0,778.81581182,20032.3710669,8497.51921022,333.4103366,88.2109936543,4.3752039177e-11,58.1745407843,0.93757020929,0,0
0.03946,345.950342134,36.8266853705,-37.0268585406,0.200173170031,0,778.814441589,20837.3294364,8194.16274808,333.490449611,88.2403545344,4.37518991601e-11,58.2065833366,0.935199461192,0,0
0.03948,346.78750429,38.4901029929,-37.3790226759,-1.11108031706,0,778.809744059,21644.453098,7909.57017793,333.490449611,88.2403545344,4.37518991601e-11,58.2065833366,0.935199461192,0,0
0.0395,347.294544648,36.2844565243,-35.7291309529,-0.555325571384,0,778.816314663,20417.2942399,7871.80308946,333.490449611,88.2403545344,4.37518991601e-11,58.2065833366,0.935199461192,0,0
0.03952,347.611566229,31.9735508442,-33.1546919083,1.18114106407,0,778.799492326,18093.7735956,8042.61151717,333.572004972,88.2485363525,4.37516073483e-11,58.2385146427,0.932376786695,0,0
0.03954,348.381466638,33.6269060607,-33.553478547,-0.0734275136892,0,778.80369567,18903.5829363,7785.53258643,333.572004972,88.2485363525,4.37516073483e-11,58.2385146427,0.932376786695,0,0
0.03956,349.127413872,35.2705893288,-33.9645754971,-1.3060138317,0,778.805442579,19714.9191158,7547.37327631,333.655126098,88.2357895521,4.37514067357e-11,58.2703127546,0.93004539396,0,0
0.03958,349.848934063,36.9048049687,-34.3881385609,-2.51666640782,0,778.803911327,20527.4986833,7328.19448268,333.655126098,88.2357895521,4.37514067357e-11,58.2703127546,0.93004539396,0,0
0.0396,350.249377559,34.8150215134,-32.8701489001,-1.94487261325,0,778.813276729,19365.3249836,7285.39555689,333.655126098,88.2357895521,4.37514067357e-11,58.2703127546,0.93004539396,0,0
0.03962,350.54396983,31.7062670569,-31.9997018718,0.29343481492,0,778.813509983,17742.1792463,7983.05463834,333.739738594,88.2018285395,4.37510566384e-11,58.3019800341,0.926586261646,0,0
0.03964,351.190970166,33.3314018834,-32.4683986662,-0.863003217246,0,778.818981115,18553.2028536,7795.56713603,333.739738594,88.2018285395,4.37510566384e-11,58.3019800341,0.926586261646,0,0
0.03966,351.811831942,34.9481193487,-32.9501155895,-1.99800375913,0,778.821294321,19364.8212992,7627.15174449,333.82621811,88.1473084248,4.37507449945e-11,58.3334943048,0.921373319336,0,0
0.03968,352.406171241,36.5566687508,-33.4449854298,-3.11168332103,0,778.820380026,20176.7688544,7477.82881257,333.82621811,88.1473084248,4.37507449945e-11,58.3334943048,0.921373319336,0,0
0.0397,352.656806382,34.1838843112,-31.8819377994,-2.30194651176,0,778.830713542,18864.1038634,7470.07424857,333.82621811,88.1473084248,4.37507449945e-11,58.3334943048,0.921373319336,0,0
0.03972,352.842775523,31.3339397813,-30.3780568066,-0.955882974698,0,778.835497812,17311.8931703,7647.76327336,333.914151045,88.0715859741,4.37505140159e-11,58.364859048,0.917152829172,0,0
0.03974,353.356869651,32.9374004446,-30.9218610335,-2.01553941108,0,778.841754031,18124.3345376,7530.69647435,333.914151045,88.0715859741,4.37505140159e-11,58.364859048,0.917152829172,0,0
0.03976,353.84311519,34.5338104042,-31.479371637,-3.05443876725,0,778.844798644,18936.4950089,7432.79603964,334.003715675,87.9750957021,4.37503369148e-11,58.3960710762,0.913065311499,0,0
0.03978,354.301232564,36.1234370806,-32.0507161008,-4.0727209798,0,778.84465249,19748.11929,7354.05959979,334.003715675,87.9750957021,4.37503369148e-11,58.3960710762,0.913065311499,0,0
0.0398,354.279026934,32.0384987798,-29.7229794032,-2.31551937666,0,778.859297112,17518.2717579,7412.00054142,334.003715675,87.9750957021,4.37503369148e-11,58.3960710762,0.913065311499,0,0
0.03982,354.325450171,29.1669778472,-27.6522625084,-1.51471533881,0,778.86541283,15926.263333,7200.23025158,334.094364247,87.8572583544,4.37500297458e-11,58.4271105859,0.91402504923,0,0
0.03984,354.699443429,30.7593493555,-28.2776957247,-2.48165363074,0,778.875910754,16740.5463519,7149.38080623,334.094364247,87.8572583544,4.37500297458e-11,58.4271105859,0.91402504923,0,0
0.03986,355.044425586,32.3461187229,-28.9175036695,-3.42861505338,0,778.883200356,17553.8091143,7117.74736901,334.186363722,87.7185100265,4.37496946581e-11,58.4579943565,0.916915885875,0,0
0.03988,355.360233064,33.9275626704,-29.5718071746,-4.35575549577,0,778.887302859,18365.8061807,7105.30587789,334.186363722,87.7185100265,4.37496946581e-11,58.4579943565,0.916915885875,0,0
0.0399,355.197311132,29.8675412915,-27.3550410252,-2.51250026634,0,778.905488928,16147.8909358,7153.31078568,334.186363722,87.7185100265,4.37496946581e-11,58.4579943565,0.916915885875,0,0
0.03992,355.100469457,27.000595563,-24.7518610873,-2.24873447565,0,778.920187161,14554.274342,6562.03707127,334.279253078,87.5584514182,4.37493271678e-11,58.4886875743,0.921383421346,0,0
0.03994,355.329721447,28.5891379327,-25.4634378032,-3.12570012957,0,778.934830739,15371.0787722,6578.54427964,334.279253078,87.5584514182,4.37493271678e-11,58.4886875743,0.921383421346,0,0
0.03996,355.529396029,30.1735602013,-26.190014033,-3.9835461683,0,778.946259992,16186.1599502,6614.25783408,334.373340068,87.3775140039,4.37489108086e-11,58.5192209605,0.923206349882,0,0
0.03998,355.699452764,31.7541420946,-26.9317000647,-4.82244202991,0,778.954491573,16999.2820915,6669.13035871,334.373340068,87.3775140039,4.37489108086e-11,58.5192209605,0.923206349882,0,0
0.04,355.654305609,31.0037979775,-26.4795218783,-4.52427609916,0,778.983881157,16559.1686165,6715.33672137,334.373340068,87.3775140039,4.37489108086e-11,58.5192209605,0.923206349882,0,0
