time_s,phase_a_voltage_v,phase_b_voltage_v,phase_c_voltage_v,phase_a_current_a,phase_b_current_a,phase_c_current_a,zero_current_a,d_axis_current_a,q_axis_current_a,electromagnetic_torque_nm,shaft_mass_1_speed_rad_s,terminal_power_w,rotor_port_power_w,magnetic_coenergy_j,kinetic_energy_j,elastic_energy_j,dissipated_energy_j,maximum_energy_residual_j,maximum_energy_quadrature_defect_j,event_count,control_sample_count
0.0,0.0,0.0,0.0,0.0007254498882599068,-0.0003627249441299533,-0.0003627249441299533,1.0842021724855044e-19,0.0008884910300979219,0.0,0.0,188.49555921538757,0.0,0.0,0.8941758906988456,31089.25386343147,0.0,0.0,0.0,0.0,0,0
1.0e-5,1.2252182327145844,-282.0688652738847,280.84364704117013,0.0008072822459472844,-0.1309402091090044,0.1301329268630571,1.3877787807814457e-17,0.0002927589882005463,-0.18460900035549466,-0.1307568775860724,188.49555668756153,73.48215107939154,0.0,0.8944827887215644,31089.253029584506,0.0,0.0009190373219958539,9.755798827202483e-11,0.00018365482931518488,0,0
2.0e-5,2.4504190523660547,-282.6754654948903,280.22504644252433,0.001286669042587778,-0.33979866974343903,0.3385120007008513,2.7755575615628914e-17,-0.0020405550535184946,-0.47963632288453995,-0.33973618938031763,188.4955531890607,190.91544114035509,0.0,0.896247586888095,31089.251875543756,0.0,0.0018387304286986857,1.9393188118756177e-9,0.00018365482931518488,0,0
3.0000000000000004e-5,3.675585046138776,-283.27804827182763,279.60246322568895,0.0022549480926327067,-0.5488382581655099,0.5465833100728773,5.551115123125783e-17,-0.005998547188287323,-0.7745617152292674,-0.5486701604408772,188.49554849652196,308.3081586979512,0.0,0.8995788054306385,31089.25032762908,0.0,0.0027600596177152345,4.500048924639677e-9,0.00018365482931518488,0,0
4.0e-5,4.900698801712063,-283.8766050406616,278.9759062389495,0.0037119732093471615,-0.7580600694345421,0.7543480962251952,1.1102230246251565e-16,-0.011580370828638387,-1.0693810326101065,-0.7575722084595871,188.4955426101661,425.6586539546752,0.0,0.9044749798376621,31089.248385913324,0.0,0.0036840432869465456,7.071410320583921e-9,0.00018365482931518488,0,0
5.0e-5,6.125742907507657,-284.4711272945756,278.34538438706784,0.0056576270088873025,-0.9674652111459335,0.9618075841370461,-1.1102230246251565e-16,-0.018785156844464745,-1.3640901327650192,-0.9664557396423993,188.49553553013723,542.9652781145146,0.0,0.9109346553552141,31089.246050444075,0.0,0.004611698830528577,9.627906545801868e-9,0.00018365482931518488,0,0
6.000000000000001e-5,7.350699952937171,-285.06160658409226,277.71090663115507,0.00809182087382259,-1.177054803166083,1.1689629822922605,0.0,-0.027612013580598782,-1.6586848760078095,-1.1753341476023806,188.4955272565029,660.226383406005,0.0,0.9189563869530069,31089.24332124365,0.0,0.005544042659631455,1.2194656192829334e-8,0.00018365482931518488,0,0
7.000000000000001e-5,8.57555252864954,-285.64803451719405,277.0724819885445,0.011014494914205385,-1.386829977366432,1.3758154824522268,1.1102230246251565e-16,-0.03806002687477705,-1.9531611252863752,-1.384220812254502,188.49551778925417,777.4403231052646,0.0,0.9285387392886812,31089.240198309155,0.0,0.006482090223206782,1.4753086221425127e-8,0.00018365482931518488,0,0
8.0e-5,9.800283226778445,-286.2304027594419,276.43011953266347,0.014425617926316234,-1.5967918773567034,1.582366259430387,-1.1102230246251565e-16,-0.05012826007584459,-2.2475147462409195,-1.5931290987122837,188.4955071283057,894.6054515590092,0.0,0.9396802866702749,31089.2366816125,0.0,0.007426856028680873,1.73030640189184e-8,0.00018365482931518488,0,0
9.0e-5,11.02487464118972,-286.8087030340941,275.78382839290435,0.018325187349041788,-1.8069416582173208,1.7886164708682795,4.440892098500626e-16,-0.06381575406225692,-2.541741607262096,-1.8020723561863508,188.4954952734958,1011.7201242075444,0.0,0.9523796130169037,31089.232771100418,0.0,0.008379353662591746,1.9844993523476795e-8,0.00018365482931518488,0,0
0.0001,12.249309367728726,-287.3829271222235,275.1336177544948,0.022713229217856998,-2.01728048623103,1.994567257013173,0.0,-0.07912152726090771,-2.8358375795491106,-2.0110639168849826,188.49548222458657,1128.782697607739,0.0,0.9666353118176461,31089.228466694498,0.0,0.009340595811167772,2.2391018322451273e-8,0.00018365482931518488,0,0
0.00011,13.473570004467703,-287.95306686283493,274.47949685836727,0.02758979811648657,-2.2278095386137515,2.2002197404972645,-4.440892098500626e-16,-0.09604457566621283,-3.1297985371677637,-2.220117094916698,188.49546798126397,1245.7915294559753,0.0,0.9824459860886561,31089.22376829125,0.0,0.01031159428084582,2.4914380069435138e-8,0.00018365482931518488,0,0
0.00012000000000000002,14.6976391519531,-288.51911415298065,273.82147500102747,0.03295497712618392,-2.4385300032446686,2.405575026118485,0.0,-0.11458387285951632,-3.423620357108436,-2.429245185194956,188.4954525431379,1362.744978611077,0.0,0.9998102483284855,31089.21867576206,0.0,0.01129336001872681,2.746248858875866e-8,0.00018365482931518488,0,0
0.00013000000000000002,15.921499413452846,-289.08106094787564,273.1595615344227,0.03880887777266412,-2.6494430783955765,2.610634200622912,0.0,-0.13473837002877653,-3.717298919344021,-2.6384614623450307,188.4954359097424,1479.641405117216,0.0,1.0187267204716477,31089.213188953334,0.0,0.012286903132966548,2.9982593933650104e-8,0.00018365482931518488,0,0
0.00014000000000000001,17.145133395203604,-289.63889926101206,272.4937658658084,0.04515163997068705,-2.860549972459508,2.8153983324888214,4.440892098500626e-16,-0.1565069959885712,-4.010830106887801,-2.8477791796131244,188.4954180805357,1596.4791702267962,0.0,1.0391940338404093,31089.207307686447,0.0,0.013293232913099718,3.251125682730838e-8,0.00018365482931518488,0,0
0.00015000000000000001,18.36852370665797,-290.19262116427274,271.8240974576148,0.05198343196631039,-3.071851903678658,3.0198684717123467,-4.440892098500626e-16,-0.17988865720034508,-4.304209805851258,-3.0572115677777782,188.49539905490033,1713.2566364233126,0.0,1.0612108290948377,31089.201031757853,0.0,0.014313357850294977,3.50218524909629e-8,0.00018365482931518488,0,0
0.00016,19.591652960731643,-290.74221878804383,271.1505658273122,0.05930445027678799,-3.283350099871616,3.2240456495948284,4.440892098500626e-16,-0.20488223779301795,-4.597433905501834,-3.2667718340636553,188.4953788321433,1829.9721674441907,0.0,1.0847757561810705,31089.194360939066,0.0,0.015348285657539009,3.7537646779134404e-8,0.00018365482931518488,0,0
0.00017,20.814503774050515,-291.2876843213265,270.47318054727594,0.06711491962814561,-3.4950457981599357,3.42793087853179,-2.220446049250313e-16,-0.2314865995838178,-4.8904982983206295,-3.476473161057742,188.49535741149626,1946.624128303596,0.0,1.109887474277867,31089.187294976753,0.0,0.016399023289747492,4.0044788925802655e-8,0.00018365482931518488,0,0
0.00018,22.037058767197745,-291.829010011848,269.79195124465036,0.07541509289042658,-3.7069402446940525,3.6315251518036264,4.440892098500626e-16,-0.2597005820994649,-5.183398880060036,-3.686328705628049,188.49533479211553,2063.2108853152286,0.0,1.1365446517414033,31089.179833592752,0.0,0.017466576963800877,4.2554458415389185e-8,0.00018365482931518488,0,0
0.00019,23.259300564960746,-292.3661881661724,269.10688760121167,0.08420525101060852,-3.919034694378566,3.834829443367959,8.881784197001252e-16,-0.2895230025976103,-5.476131549801314,-3.896351597844862,188.49531097308238,2179.730806115084,0.0,1.1647459660483375,31089.17197648415,0.0,0.018551952178502935,4.504860260171051e-8,0.00018365482931518488,0,0
0.0002,24.481211796578133,-292.8992111498087,268.4179993532305,0.09348570294321179,-4.13133041059691,4.0378447076537,4.440892098500626e-16,-0.3209526560885778,-5.768692210012102,-4.106554939904606,188.49528595340314,2296.182259684191,0.0,1.194490103737161,31089.163723323316,0.0,0.019656153734459968,4.7534813665123243e-8,0.00018365482931518488,0,0
0.00021,25.7027750959866,-293.4280713873207,267.7252962913341,0.10325678557858509,-4.343828664935431,4.240571879356845,-8.881784197001252e-16,-0.3539883153574004,-6.061076766603871,-4.316951805056392,188.49525973200932,2412.5636163713352,0.0,1.2257757603478119,31089.155073757946,0.0,0.020780185753878678,5.002117099001113e-8,0.00018365482931518488,0,0
0.00022,26.923973102067727,-293.95276136243365,267.0287882603659,0.11351886366889086,-4.556530736906874,4.4430118732379835,4.440892098500626e-16,-0.3886287309861578,-6.353281128989301,-4.527555236531307,188.49523230775782,2528.873247915736,0.0,1.2586016403595899,31089.146027411138,0.0,0.02192505170028061,5.249472584401005e-8,0.00018365482931518488,0,0
0.00023,28.144788458894713,-294.4732736181416,266.3284851592469,0.12427232975177971,-4.7694379136733325,4.645165583921552,0.0,-0.42487263137658515,-6.64530121013961,-4.738378246474507,188.49520367943109,2645.109527469719,0.0,1.2929664571273596,31089.13658388143,0.0,0.023091754398131145,5.496910698149504e-8,0.00018365482931518488,0,0
0.00024000000000000003,29.36520381597907,-294.98960075681333,265.6243969408343,0.13551760407178404,-4.98255148976864,4.847033885696855,-8.881784197001252e-16,-0.46271872277298054,-6.937132926641809,-4.949433814880163,188.49517384573733,2761.2708296213536,0.0,1.3288689328160632,31089.126742742897,0.0,0.024281296052381024,5.742662755395256e-8,0.00018365482931518488,0,0
0.00025,30.58520182851715,-295.5017354402973,264.9165336117802,0.14725513449941197,-5.195872766820237,5.048617632320824,-4.440892098500626e-16,-0.5021656892853998,-7.228772198755878,-5.160734888529352,188.49514280531065,2877.355530417055,0.0,1.3663077983335337,31089.11650354515,0.0,0.02549467826791834,5.989136132866779e-8,0.00018365482931518488,0,0
0.00026000000000000003,31.804765157636755,-296.009670390026,264.20490523238925,0.15948539644794701,-5.409403053270547,5.249917656822599,-4.440892098500626e-16,-0.5432121929131712,-7.520214950471899,-5.372294379930923,188.4951105567113,2993.362007384176,0.0,1.4052817932616275,31089.105865813464,0.0,0.02673290206892906,6.23385123660336e-8,0.00018365482931518488,0,0
0.00027,33.023876470643444,-296.5133983871195,263.48952191647606,0.1722088927880006,-5.6231436640978565,5.450934771309858,8.881784197001252e-16,-0.5858568735686447,-7.811457109567098,-5.584125166265419,188.4950770984258,3109.288639553562,0.0,1.4457896657856846,31089.094829048805,0.0,0.02799696791816395,6.478568200657397e-8,0.00018365482931518488,0,0
0.00028000000000000003,34.242518441266974,-297.0129122724879,262.7703938312209,0.18542615375975863,-5.837095920536733,5.651669766776974,0.0,-0.6300983491012704,-8.102494607662845,-5.796240088332108,188.49504242886727,3225.133807482075,0.0,1.4878301726223189,31089.083392727913,0.0,0.029287875736110067,6.72167959625547e-8,0.00018365482931518488,0,0
0.00029,35.46067374990744,-297.50820494693323,262.0475311970258,0.19913773688297765,-6.051261149797976,5.852123412914998,0.0,-0.6759352153219713,-8.393323380281538,-6.008651949499182,188.49500654637544,3340.895893275101,0.0,1.531402078945541,31089.071556303355,0.0,0.030606624920064655,6.965882184961636e-8,0.00018365482931518488,0,0
0.00030000000000000003,36.678325083881546,-297.99926937125036,261.3209442873688,0.21334422686472365,-6.265640684788167,6.052296457923443,0.0,-0.7233660460277833,-8.683939366903482,-6.221373514657199,188.4949694492171,3456.57328060902,0.0,1.5765041583112416,31089.05931920363,0.0,0.031954214363109634,7.207659681596201e-8,0.00018365482931518488,0,0
0.00031,37.895455137668534,-298.48609856632675,260.5906434286582,0.22804623550487468,-6.480235863828786,6.252189628323912,4.440892098500626e-16,-0.7723893930267702,-8.974338511023618,-6.4344175091757965,188.49493113558617,3572.164354753645,0.0,1.6231351925800173,31089.0466808332,0.0,0.03333164247298454,7.449320314073526e-8,0.00018365482931518488,0,0
0.00032,39.11204661315623,-298.9686856132419,259.8566390000857,0.24324440159932115,-6.695048030374936,6.4518036287756155,0.0,-0.8230037861632895,-9.264516760208267,-6.647796617863795,188.49489160360395,3687.667502594649,0.0,1.67129397183836,31089.033640572605,0.0,0.03473990719085616,7.689935119237212e-8,0.00018365482931518488,0,0
0.00033000000000000005,40.32808221988684,-299.44702365336576,259.118941433479,0.2589393908410119,-6.9100785327336975,6.651139141892687,4.440892098500626e-16,-0.8752077333434665,-9.554470066151707,-6.861523483932664,188.4948508513194,3803.0811126559374,0.0,1.7209792943182296,31089.020197778504,0.0,0.03618000600998265,7.930463817584776e-8,0.00018365482931518488,0,0
0.00034,41.54354467530267,-299.92110588845594,258.37756121315334,0.2751318957186881,-7.125328723782112,6.8501968280634244,4.440892098500626e-16,-0.9289997205610163,-9.844194384732758,-7.0756107079635004,188.49480887670936,3918.403575122008,0.0,1.7721899663149892,31089.006351783788,0.0,0.03765293599427044,8.169422634207724e-8,0.00018365482931518488,0,0
0.00035000000000000005,42.75841670499182,-300.39092558075447,257.63250887576265,0.29182263541345066,-7.340799960684861,7.0489773252714105,0.0,-0.9843782119233278,-10.133685676071252,-7.290070846877535,188.49476567767877,4033.633281860285,0.0,1.8249248021037414,31088.992101897653,0.0,0.03915969379672192,8.406919365516741e-8,0.00018365482931518488,0,0
0.00036,43.972681042933594,-300.8564760530836,256.88379501015,0.30901235569307106,-7.556493604611576,7.247481248918502,-8.881784197001252e-16,-1.0413416496778383,-10.422939904584416,-7.504916412910212,188.49472125206097,4148.768626443405,0.0,1.879182623854045,31088.977447405647,0.0,0.04070127567777177,8.644322842948915e-8,0.00018365482931518488,0,0
0.00037000000000000005,45.186320431744,-301.3177506889407,256.13143025719666,0.32670182880412935,-7.772411020453888,7.44570919164976,8.881784197001252e-16,-1.0998884542386924,-10.711953039043216,-7.720159872588933,188.49467559761788,4263.808004171489,0.0,1.9349622615430564,31088.9623875698,0.0,0.04227867752351045,8.881750498956897e-8,0.00018365482931518488,0,0
0.00038,46.399317622920904,-301.77474293259195,255.37542530967104,0.3448918533619141,-7.988553576542174,7.6436617231802595,0.0,-1.1600170242136798,-11.000721052628581,-7.9358136457145045,188.49462871204037,4378.749812094362,0.0,1.9922625528670617,31088.94692162871,0.0,0.04389289486379245,9.11737399050816e-8,0.00018365482931518488,0,0
0.00039000000000000005,47.61165537708926,-302.22744628916615,254.61579091207696,0.3635832542381495,-8.204922644362046,7.841339390123897,0.0,-1.2217257364315035,-11.289239922987598,-8.151890104346368,188.49458059294847,4493.59244903378,0.0,2.051082343151445,31088.931048797604,0.0,0.04554492289022786,9.351819395958527e-8,0.00018365482931518488,0,0
0.0004,48.82331646424605,-302.6758543247466,253.8525378605006,0.3827768824465432,-8.421519598270589,8.038742715824045,-8.881784197001252e-16,-1.2850129459692443,-11.57750563228957,-8.368401571791631,188.4945312378916,4608.334315605579,0.0,2.111420485259083,31088.91476826843,0.0,0.04723575647405499,9.586381770343433e-8,0.00018365482931518488,0,0
0.00041000000000000005,50.03428366400521,-303.1199606664625,253.08567700245732,0.40247361502611767,-8.63834581521237,8.235872200186254,8.881784197001252e-16,-1.349876986180222,-11.86551416728205,-8.585360321598019,188.49448064434898,4722.973814241825,0.0,2.173275839497172,31088.898079209997,0.0,0.048966390183892525,9.819058179039164e-8,0.00018365482931518488,0,0
0.00042,51.24453976584235,-303.55975900257965,252.31521923673733,0.4226743549224128,-8.855402674435254,8.432728319512842,0.0,-1.4163161687220538,-12.153261519346753,-8.802778576550725,188.49442880972978,4837.5093492129145,0.0,2.236647273522511,31088.880980768,0.0,0.05073781830336891,1.0051857611548254e-7,0.00018365482931518488,0,0
0.00043000000000000004,52.45406756933937,-303.99524308259026,251.54117551325095,0.443380030866509,-9.072691557206007,8.6293115263395,1.7763568394002505e-15,-1.484328783585032,-12.4407436845554,-9.020668507673308,188.4943757313735,4951.939326649655,0.0,2.3015336622452445,31088.863472065183,0.0,0.05255103484862768,1.028283256529483e-7,0.00018365482931518488,0,0
0.00044,53.662849884428866,-304.4264067173015,250.76355683287267,0.4645915972518919,-9.290213846525749,8.82562224927386,8.881784197001252e-16,-1.553913099120782,-12.727956663725505,-9.239042233232611,188.49432140655026,5066.2621545653,0.0,2.3679338877310494,31088.84555220139,0.0,0.05440703358570626,1.0512661655082134e-7,0.00018365482931518488,0,0
0.00045000000000000004,54.870869531638505,-304.85324377892397,249.98237424728546,0.4863100340091766,-9.507970926845244,9.021660892836069,8.881784197001252e-16,-1.6250673620712175,-13.014896462476027,-9.457911817747828,188.49426583246102,5180.476242877565,0.0,2.435846839101828,31088.827220253675,0.0,0.056306808047787,1.0742865947516167e-7,0.00018365482931518488,0,0
0.00046,56.07810934233514,-305.275748201158,249.19763885882287,0.5085363464786881,-9.725964183780034,9.217427837301347,8.881784197001252e-16,-1.6977897975977476,-13.301559091282977,-9.677289271003696,188.49420900623807,5294.58000343058,0.0,2.505271412434862,31088.808475276437,0.0,0.05825135155231809,1.09703867642863e-7,0.00018365482931518488,0,0
0.00047000000000000004,57.284552158968836,-305.69391397928064,248.40936182031183,0.5312715652809314,-9.944195003825527,9.412923438544595,8.881784197001252e-16,-1.7720786093108032,-13.587940565534941,-9.897186547067982,188.4941509249451,5408.571850016864,0.0,2.576206510660472,31088.789316301485,0.0,0.06024165721800298,1.1197443681998376e-7,0.00018365482931518488,0,0
0.00048000000000000007,58.49018083531669,-306.1077351702305,247.61755433491388,0.5545167461849072,-10.162664774071882,9.608148027886976,8.881784197001252e-16,-1.8479319792996254,-13.874036905588483,-10.117615543313192,188.49409158557773,5522.450198399192,0.0,2.6486510434581727,31088.769742338147,0.0,0.06227871798165621,1.142429353062635e-7,0.00018365482931518488,0,0
0.0004900000000000001,59.69497823672654,-306.5172058926926,246.82222765596603,0.5782729699743676,-10.38137488191893,9.803101911944564,8.881784197001252e-16,-1.925348068162318,-14.15984413682351,-10.338588099442667,188.49403098506377,5636.213466332496,0.0,2.722603927151349,31088.749752373405,0.0,0.064363526614924,1.1649630261845179e-7,0.00018365482931518488,0,0
0.0005,60.89892724036049,-306.92232032718135,246.0233930868209,0.602541342311907,-10.600326714790938,9.997785372479035,1.7763568394002505e-15,-2.0043250150362395,-14.445358289698502,-10.560115996521036,188.4939691202635,5749.860073585682,0.0,2.7980640846004468,31088.729345371994,0.0,0.06649707574086774,1.1873166563119986e-7,0.00018365482931518488,0,0
0.00051,62.10201073543828,-307.32307271612416,245.22106198068585,0.6273229936010081,-10.819521659851407,10.1921986662504,0.0,-2.0848609376286316,-14.730575399805709,-10.78221095600918,188.49390598797007,5863.388441963445,0.0,2.875030445094706,31088.708520276483,0.0,0.06868035785040881,1.209676175062402e-7,0.00018365482931518488,0,0
0.0005200000000000001,63.30421162348039,-307.7194573639424,244.41524574046207,0.6526190788459976,-11.038961103717792,10.386342024871796,8.881784197001252e-16,-2.1669539322475186,-15.015491507926178,-11.004884638803638,188.4938415849098,5976.796995328023,0.0,2.953501944242423,31088.687276007437,0.0,0.07091436531863252,1.2318999786237184e-7,0.00018365482931518488,0,0
0.0005300000000000001,64.50551281855111,-308.11146863713293,243.6059558185818,0.678430777509899,-11.25864643217624,10.580215654666342,0.0,-2.250602073832928,-15.300102660084775,-11.228148644280623,188.49377590774262,6090.084159620919,0.0,3.0334775238597738,31088.665611463504,0.0,0.07320009042095,1.2539228017027781e-7,0.00018365482931518488,0,0
0.00054,65.70589724750138,-308.4991009643477,242.79320371684634,0.7047592933702627,-11.478579029896375,10.773819736526113,0.0,-2.3358034159883676,-15.58440490760508,-11.452014509344641,188.49370895306225,6203.2483628846185,0.0,3.1149561318581993,31088.643525521522,0.0,0.07553852534911594,1.2759775590981404e-7,0.00018365482931518488,0,0
0.00055,66.90534785021143,-308.8823488364734,241.977000986262,0.7316058543728932,-11.698760280146047,10.967154425773156,1.7763568394002505e-15,-2.422555991012599,-15.868394307164172,-11.676493707481786,188.49364071739677,6316.2880352842185,0.0,3.1979367221303647,31088.621017036676,0.0,0.07793066222710052,1.2978350649728299e-7,0.00018365482931518488,0,0
0.0005600000000000001,68.10384757983319,-309.26120680670937,241.15735922687625,0.7589717124835793,-11.91919156450621,11.160219852022635,1.7763568394002505e-15,-2.510857809931653,-16.152066920847368,-11.90159764781776,188.49357119720884,6429.201609129066,0.0,3.2824182544346887,31088.598084842582,0.0,0.08037749312681376,1.3195715638236738e-7,0.00018365482931518488,0,0
0.0005700000000000001,69.3013794030326,-309.63566949064534,240.33429008761283,0.786858143537752,-12.139874262585801,11.353016119048046,-1.7763568394002505e-15,-2.600706862531167,-16.435418816202798,-12.127337674180655,188.49350038889608,6541.987518894322,0.0,3.3683996942784837,31088.57472775142,0.0,0.08288001008368086,1.3412450562688694e-7,0.00018365482931518488,0,0
0.00058,70.49792630023171,-310.00573156633766,239.507805266106,0.8152664470881312,-12.36080975173676,11.545543304648628,-8.881784197001252e-16,-2.6921011173890084,-16.718446066295993,-12.35372506416864,188.4934282887915,6654.644201242523,0.0,3.455880012799683,31088.550944554067,0.0,0.08543920511206647,1.3627533954063686e-7,0.00018365482931518488,0,0
0.00059,71.69347126585058,-310.3713877743851,238.67791650853448,0.8441979462503628,-12.581999406769139,11.737801460518778,8.881784197001252e-16,-2.785038521908105,-17.001144749764265,-12.580771028222426,188.4933548931639,6767.170095045072,0.0,3.544858186647198,31088.526734020208,0.0,0.08805607022054664,1.384201854248701e-7,0.00018365482931518488,0,0
0.0006000000000000001,72.88799730854888,-310.7326329180035,237.84463560945466,0.8736539875466294,-12.803444599666339,11.929790612119715,3.552713678800501e-15,-2.879517002349661,-17.283510950871072,-12.80848670870279,188.49328019821817,6879.5636414037235,0.0,3.6353331978598824,31088.50209489849,0.0,0.09073159742702615,1.4054337685309726e-7,0.00018365482931518488,0,0
0.0006100000000000001,74.08148745146747,-311.08946186309987,237.00797441163243,0.9036359407472907,-13.025146699300482,12.12151075855319,-8.881784197001252e-16,-2.9755344638665373,-17.56554075956023,-13.036883178972982,188.49320420009573,6991.823283671985,0.0,3.7273040337441423,31088.47702591661,0.0,0.09346677877370034,1.426616436372985e-7,0.00018365482931518488,0,0
0.00062,75.27392473246958,-311.44186953834503,236.16794480587544,0.9341451987105405,-13.247107071147976,12.312961872437437,8.881784197001252e-16,-3.073088790537001,-17.847230271510103,-13.265971442486281,188.4931268948749,7103.947467476544,0.0,3.8207696867501935,31088.45152578149,0.0,0.09626260634185924,1.4476626988835228e-7,0.00018365482931518488,0,0
0.00063,76.46529220438204,-311.78985093524574,235.32455873086374,0.9651831772200348,-13.469327077005229,12.504143899785197,1.7763568394002505e-15,-3.1721778453987244,-18.128575588187612,-13.495762431878575,188.4930482785714,7215.934640738587,0.0,3.9157291543469697,31088.425593179367,0.0,0.09912007226653266,1.468634902995758e-7,0.00018365482931518488,0,0
0.00064,77.65557293523594,-312.1334011082162,234.47782817298034,0.9967513148206537,-13.691808074704598,12.695056759883949,2.6645352591003757e-15,-3.272799470483011,-18.40957281690219,-13.726267008066129,188.4929683471386,7327.783253695132,0.0,4.012181438895694,31088.39922677597,0.0,0.1020401687509743,1.4893848070129945e-7,0.00018365482931518488,0,0
0.0006500000000000001,78.84475000850742,-312.47251517464804,233.62776516614068,1.0288510726521949,-13.914551417830502,12.885700345178307,0.0,-3.3749514868493926,-18.690218070859633,-13.957495959348545,188.49288709646808,7439.491758920285,0.0,4.110125547522138,31088.37242521663,0.0,0.10502388808098374,1.510066681142952e-7,0.00018365482931518488,0,0
0.0006600000000000001,80.03280652335799,-312.80718831497967,232.7743817916216,1.0614839342812519,-14.137558455435864,13.076074521154615,1.7763568394002505e-15,-3.47863169462041,-18.97050746921586,-14.189460000516974,188.49280452238995,7551.058611346483,0.0,4.209560491987575,31088.345187126422,0.0,0.1080722226390644,1.5305226393202975e-7,0.00018365482931518488,0,0
0.00067,81.21972559487482,-313.13741577276494,231.91769017789005,1.0946514055310437,-14.360830531758724,13.26617912622768,0.0,-3.583837873016728,-19.250437137130543,-14.422169771967628,188.4927206206733,7662.482268285688,0.0,4.310485288558407,31088.317511110305,0.0,0.11118616491841582,1.550941238909198e-7,0.00018365482931518488,0,0
0.00068,82.40549035431069,-313.4631928547407,231.05770250043008,1.1283550143093932,-14.584368985939172,13.456013971629778,0.0,-3.69056778039252,-19.530003205820677,-14.655635838820695,188.49263538702667,7773.761189450525,0.0,4.412898957874546,31088.289395753254,0.0,0.11436670753675922,1.5712792549027466e-7,0.00018365482931518488,0,0
0.0006900000000000001,83.59008394932358,-313.7845149308937,230.1944309815701,1.1625963104347856,-14.808175151736549,13.645578841301761,-8.881784197001252e-16,-3.798819154271084,-19.809201812614003,-14.889868690044562,188.4925488170984,7884.893836975395,0.0,4.516800524816472,31088.260839620445,0.0,0.11761484324999388,1.5913017470392532e-7,0.00018365482931518488,0,0
0.0007000000000000001,84.7734895442165,-314.1013774345258,229.32788789030926,1.1973768654605235,-15.032250357247017,13.834873491786498,2.6645352591003757e-15,-3.9085897113807917,-20.08802910100237,-15.1248787375856,188.4924609064771,7995.87867543756,0.0,4.622189018371061,31088.231841257322,0.0,0.12093156496568382,1.6114227607832987e-7,0.00018365482931518488,0,0
0.00071,85.9556903201764,-314.4137758623194,228.45808554214304,1.2326982724969815,-15.256595924621374,14.023897652124395,0.0,-4.019877147691274,-20.366481220694958,-15.360676315503383,188.4923716506922,8106.714171878142,0.0,4.72906347149614,31088.202399189842,0.0,0.12431786575637242,1.6311083432529738e-7,0.00018365482931518488,0,0
0.00072,87.13666947551353,-314.7217057744015,227.58503629888807,1.2685621460320204,-15.481213169783297,14.212651023751281,1.7763568394002505e-15,-4.132679138449903,-20.644554327671415,-15.597271679111497,188.4922810452142,8217.398795823134,0.0,4.837422920983815,31088.172511924517,0.0,0.1277747388727242,1.6509177365453542e-7,0.00018365482931518488,0,0
0.0007300000000000001,88.31641022589989,-315.0251627944064,226.70875256850664,1.3049701217495118,-15.706103402147901,14.40113328039839,0.0,-4.246993338218506,-20.922244584234903,-15.83467500412393,188.4921890854553,8327.93101930432,0.0,4.947266407322543,31088.142177948655,0.0,0.1313031777564914,1.6704334786232788e-7,0.00018365482931518488,0,0
0.0007400000000000001,89.49489580460809,-315.32414260953817,225.82924680493014,1.3419238563460203,-15.931267924340716,14.589344067994698,1.7763568394002505e-15,-4.362817380910426,-21.199548159064996,-16.07289638580715,188.4920957667697,8438.309316880197,0.0,5.058592974558015,31088.11139573044,0.0,0.13490417605330465,1.6899752386390077e-7,0.00018365482931518488,0,0
0.00075,90.67210946274952,-315.6186409706317,224.9465315078822,1.3794250273456519,-16.156708031917052,14.777283004571398,-1.7763568394002505e-15,-4.480148879827755,-21.47646122727051,-16.311945838137827,188.49200108445422,8548.532165656803,0.0,5.171401670152804,31088.080163719154,0.0,0.13857872762528597,1.709184751230719e-7,0.00018365482931518488,0,0
0.00076,91.84803446951226,-315.9086536922136,224.06061922270135,1.4174753329130594,-16.382425013081804,14.964949680168747,1.7763568394002505e-15,-4.598985427698978,-21.752979970442222,-16.55183329296638,188.49190503374865,8658.598045308576,0.0,5.285691544844846,31088.048480345253,0.0,0.14232782656348264,1.7284123117466965e-7,0.00018365482931518488,0,0
0.0007700000000000001,93.02265411239908,-316.194176652561,223.17152254016196,1.4560764916646582,-16.608420148409675,15.152343656745016,-1.7763568394002505e-15,-4.719324596716691,-22.02910057670546,-16.792568599186236,188.49180760983631,8768.50543809907,0.0,5.401461652504701,31088.0163440206,0.0,0.14615246720012018,1.7473743915696893e-7,0.00018365482931518488,0,0
0.0007800000000000001,94.19595169746484,-316.4752057937607,222.27925409629594,1.4952302424780064,-16.834694710565877,15.339464468087872,0.0,-4.841163938575837,-22.304819240772584,-17.034161521909034,188.49170880784445,8878.252828901725,0.0,5.518711049991687,31087.98375313857,0.0,0.15005364412067368,1.7662127507755976e-7,0.00018365482931518488,0,0
0.00079,95.36791054955373,-316.7517371217666,221.3838265722129,1.5349383442994329,-17.0612499640273,15.52631161972787,0.0,-4.964500984511966,-22.58013216399538,-17.27662174164559,188.49160862284472,8987.838705220523,0.0,5.637438797008803,31087.95070607421,0.0,0.15403235217575553,1.7849525332791494e-7,0.00018365482931518488,0,0
0.0008,96.53851401253635,-317.02376670645623,220.48525269392,1.5752025759498491,-17.28808716480422,15.71288458885437,0.0,-5.089333245339962,-22.855035554417373,-17.51995885349296,188.4915070498538,9097.261557210648,0.0,5.757643955956558,31087.917201184446,0.0,0.15808958649281846,1.803469942274205e-7,0.00018365482931518488,0,0
0.0008100000000000001,97.70774544954632,-317.2912906816873,219.58354523214103,1.6160247359288356,-17.515207560162416,15.899182824233579,-1.7763568394002505e-15,-5.215658211492906,-23.12952562682588,-17.76418236632732,188.49140408383366,9206.519877699058,0.0,5.879325591785618,31087.88323680818,0.0,0.16222634248767193,1.8219325394197572e-7,0.00018365482931518488,0,0
0.0008200000000000001,98.87558824321687,-317.55430524535177,218.67871700213487,1.6574066422169311,-17.742612388345954,16.085205746129027,3.552713678800501e-15,-5.34347335306131,-23.40359860280419,-18.009301702003018,188.4912997196923,9315.612162205049,0.0,6.002482771848364,31087.848811266518,0.0,0.1664436158758115,1.8400393980710916e-7,0.00018365482931518488,0,0
0.0008300000000000001,100.04202579591683,-317.8128066594306,217.77078086351375,1.699350132076221,-17.97030287830044,16.270952746224225,3.552713678800501e-15,-5.472776119832512,-23.677250710783408,-18.25532619455762,188.49119395228405,9424.536908960754,0.0,6.127114565749316,31087.81392286287,0.0,0.17074240268355875,1.8582255124910407e-7,0.00018365482931518488,0,0
0.00084,101.20704152998667,-318.06679125004644,216.8597497200598,1.7418570618491724,-18.19828024939684,16.45642318754767,0.0,-5.603563941330455,-23.9504781860943,-18.502265089423094,188.4910867764102,9533.292618931595,0.0,6.253220045194468,31087.778569883183,0.0,0.17512369925901117,1.8761013932666604e-7,0.00018365482931518488,0,0
0.0008500000000000001,102.37061888797405,-318.3162554075161,215.94563651954206,1.7849293067557586,-18.426545711155942,16.64161640440019,3.552713678800501e-15,-5.735834226855682,-24.22327727101904,-18.75012754264319,188.49097818681946,9641.877795836706,0.0,6.380798283839555,31087.742750596044,0.0,0.17958850228280035,1.8939123251626722e-7,0.00018365482931518488,0,0
0.0008600000000000001,103.53274133286914,-318.5611955864017,215.02845425353263,1.8285687606889178,-18.65510046297338,16.826531702284463,1.7763568394002505e-15,-5.869584365525523,-24.49564421484276,-18.998922620096998,188.49086817820844,9750.290946169298,0.0,6.509848357137206,31087.706463252907,0.0,0.18413780877865696,1.9115235970479372e-7,0.00018365482931518488,0,0
0.0008700000000000001,104.69339234833961,-318.8016083055611,214.10821595722157,1.8727773360082551,-18.88394569384527,17.01116835783701,-3.552713678800501e-15,-6.004811726314699,-24.76757527390504,-19.24865929672875,188.49075674522226,9858.530579216958,0.0,6.640369342183068,31087.66970608823,0.0,0.18877261612378182,1.9289702614389004e-7,0.00018365482931518488,0,0
0.00088,105.85255543896542,-319.0374901481975,213.18493470923215,1.9175569633321388,-19.11308258209455,17.195525618762417,3.552713678800501e-15,-6.141513658096107,-25.03906671165128,-19.49934645578397,188.49064388245495,9966.595207081959,0.0,6.77236031756088,31087.63247731964,0.0,0.1934939220590211,1.9462792541502516e-7,0.00018365482931518488,0,0
0.0008900000000000001,107.01021413047327,-319.2688377619077,212.2586236314345,1.9629095913280734,-19.342512295097922,17.37960270376985,1.7763568394002505e-15,-6.2796874896818435,-25.31011479868394,-19.750992888051957,188.49052958445012,10074.483344701446,0.0,6.905820363186498,31087.594775148154,0.0,0.19830272469884502,1.9633278187936032e-7,0.00018365482931518488,0,0
0.0009000000000000001,108.16635196997065,-319.49564785873,211.32929588875948,2.0088371865014922,-19.57223598901351,17.563398802512015,-1.7763568394002505e-15,-6.419330529864549,-25.580715812813693,-20.003607291114598,188.49041384570134,10182.193509867655,0.0,7.040748560150912,31087.556597758292,0.0,0.20320002254112796,1.980320447070305e-7,0.00018365482931518488,0,0
0.0009100000000000001,109.32095252617975,-319.717917215191,210.39696468901127,2.055341732982849,-19.802254808509158,17.74691307552631,1.7763568394002505e-15,-6.560440067459049,-25.85086603911037,-20.25719826860167,188.49029666065283,10289.724223248004,0.0,7.177143990562233,31087.517943318297,0.0,0.20818681447672965,1.997101745088159e-7,0.00018365482931518488,0,0
0.00092,110.47399938967094,-319.93564267235104,209.4616432826801,2.1024252323131245,-20.032569886491515,17.93014465417839,1.7763568394002505e-15,-6.703013371344119,-26.12056176995391,-20.511774329452592,188.49017802369983,10397.074008405207,0.0,7.3150057373867075,31087.478809980297,0.0,0.21326409979887553,2.0137061240710352e-7,0.00018365482931518488,0,0
0.00093,111.62547617309602,-320.14882113584946,208.52334496275347,2.150089703227734,-20.263182343835833,18.1130926406081,1.7763568394002505e-15,-6.847047690504703,-26.389799305085138,-20.7673438871847,188.49005792918928,10504.241391817302,0.0,7.454332884288746,31087.439195880488,0.0,0.21843287821233562,2.030179980100355e-7,0.00018365482931518488,0,0
0.0009400000000000001,112.7753665114211,-320.3574495759484,207.58208306452735,2.1983371814388084,-20.494093289116446,18.29575610767764,1.7763568394002505e-15,-6.9925402540742345,-26.658574951656348,-21.023915259168042,188.48993637142033,10611.224902897624,0.0,7.595124515469952,31087.399099139322,0.0,0.2236941498423998,2.046403733552138e-7,0.00018365482931518488,0,0
0.0009500000000000001,113.92365406215919,-320.561525027576,206.63787096541688,2.24716971941592,-20.725303818338112,18.478134098922197,3.552713678800501e-15,-7.139488271377337,-26.926885024281905,-21.281496665906825,188.48981334464483,10718.023074014764,0.0,7.737379715507225,31087.358517861663,0.0,0.22904891524364956,2.0624961308279843e-7,0.00018365482931518488,0,0
0.0009600000000000001,115.07032250560243,-320.76104459036833,205.69072208476598,2.29658938616524,-20.9568150146681,18.660225628502864,3.552713678800501e-15,-7.287888931972689,-27.194725845088612,-21.540096230327467,188.48968884306797,10824.634440512444,0.0,7.881097569189914,31087.31745013701,0.0,0.23449817540852394,2.0784181471722452e-7,0.00018365482931518488,0,0
0.00097,116.2153555450541,-320.95600542871074,204.74064988365672,2.346598267007134,-21.188627948169056,18.84202968116192,0.0,-7.437739405696244,-27.462093743766005,-21.7997219770733,188.4895628608488,10931.057540729362,0.0,8.026277161356024,31087.27589403963,0.0,0.2400429317756791,2.0941952623421134e-7,0.00018365482931518488,0,0
0.0009800000000000002,117.35873690706019,-321.1464047717782,203.78766786471806,2.397198463352227,-21.420743675532723,19.0235452121805,1.7763568394002505e-15,-7.589036842704691,-27.72898505761652,-22.060381831806062,188.48943539210077,11037.29091601899,0.0,8.172917576727523,31087.233847628817,0.0,0.24568418623814045,2.1096669901299325e-7,0.00018365482931518488,0,0
0.00099,118.5004503416406,-321.3322399135746,202.831789571934,2.448392092475963,-21.653163239814504,19.204771147338544,3.552713678800501e-15,-7.741778373519061,-27.995396131605506,-22.322083620514068,188.48930643089238,11143.333110769303,0.0,8.321017899744728,31087.19130894899,0.0,0.2514229411512452,2.1251819293244267e-7,0.00018365482931518488,0,0
0.001,119.64047962252032,-321.5135082129712,201.87302859045093,2.500181287291599,-21.885887670168845,19.38570638287725,1.7763568394002505e-15,-7.895961109068822,-28.261323318411193,-22.584835068827253,188.48917597124765,11249.18267242248,0.0,8.470577214399828,31087.14827602997,0.0,0.2572601993403764,2.1402561024841393e-7,0.00018365482931518488,0,0
0.00101,120.77880854735977,-321.6902070937443,200.91139854638453,2.552568196121795,-22.11891798158553,19.566349785463743,5.329070518200751e-15,-8.051582140736013,-28.52676297847441,-22.84864380133898,188.48904400714676,11354.83815149454,0.0,8.621594604069491,31087.10474688709,0.0,0.2631969641084845,2.1554321848193947e-7,0.00018365482931518488,0,0
0.00102,121.91542093798522,-321.86233404461154,199.9469131066264,2.605554982468634,-22.352255174626826,19.746700192158194,0.0,-8.208638540399734,-28.791711480048278,-23.113517340934777,188.4889105325266,11460.298101594923,0.0,8.774069151346628,31087.06071952147,0.0,0.2692342392433975,2.1701008653951526e-7,0.00018365482931518488,0,0
0.00103,123.05030064061874,-322.0298866192681,198.9795859786494,2.6591438247822303,-22.585900235165607,19.926756410383373,-1.7763568394002505e-15,-8.367127360480968,-29.056165199247765,-23.379463108127954,188.4887755412814,11565.56107944606,0.0,8.92799993787132,31087.016191920113,0.0,0.27537302902491845,2.184869750260221e-7,0.00018365482931518488,0,0
0.0010400000000000001,124.18343152610765,-322.19286243642085,198.0094309103133,2.7133369162278784,-22.819854134124295,20.106517217896418,0.0,-8.527045633987505,-29.320120520099074,-23.646488420402186,188.48863902726322,11670.62564490283,0.0,9.083386044160884,31086.971162056194,0.0,0.28161433823170773,2.1992753518329522e-7,0.00018365482931518488,0,0
0.0010500000000000002,125.31479749015388,-322.3512591798229,197.0364616896691,2.7681364644517528,-23.054117827214867,20.285981362763117,1.7763568394002505e-15,-8.688390374559262,-29.58357383458889,-23.91460049156109,188.48850098428267,11775.490360972013,0.0,9.240226549439116,31086.925627889184,0.0,0.2879591721479508,2.2135699159764322e-7,0.00018365482931518488,0,0
0.0010600000000000002,126.4443824535428,-322.50507459830567,196.06069214476287,2.823544691345207,-23.288692254679727,20.465147563334522,1.7763568394002505e-15,-8.85115857651375,-29.84652154271361,-24.183806431084808,188.4883614061094,11880.153793831667,0.0,9.398520531464763,31086.879587365096,0.0,0.29440853656980964,2.2275614856848147e-7,0.00018365482931518488,0,0
0.00107,127.57217036237176,-322.6543065058118,195.08213614344004,2.879563832807648,-23.523578341033595,20.644014508225947,0.0,-9.015347214891936,-30.10896005252826,-24.454113243493644,188.4882202864727,11984.614512850476,0.0,9.558267066359138,31086.833038416633,0.0,0.30096343781165646,2.241454438722812e-7,0.00018365482931518488,0,0
0.00108,128.6981451882782,-322.79895278142544,194.10080759314724,2.936196138508026,-23.758776994806404,20.82258085629838,1.7763568394002505e-15,-9.180953245504243,-30.370885780195493,-24.725527827718867,188.48807761906224,12088.87109060702,0.0,9.719465228433009,31086.78597896343,0.0,0.3076248827120903,2.2551628531264356e-7,0.00018365482931518488,0,0
0.00109,129.82229092866748,-322.93901136940286,193.11672044073538,2.9934438716449696,-23.99428910828717,21.000845236642203,1.7763568394002505e-15,-9.347973604976822,-30.632295150034246,-24.998056976480537,188.48793339752845,12192.922102909,0.0,9.882114090012687,31086.738406912234,0.0,0.31439387863973267,2.268714347081202e-7,0.00018365482931518488,0,0
0.0011,130.94459160694035,-323.0744802792015,192.1298886722612,3.051309308705526,-24.230115557268938,21.178806248563415,1.7763568394002505e-15,-9.51640521079814,-30.893184594568467,-25.271707375672605,188.4877876154833,12296.766128812436,0.0,10.046212721265379,31086.690320157104,0.0,0.3212714334988046,2.2819998624079574e-7,0.00018365482931518488,0,0
0.00111,132.06503127271995,-323.2053575855083,191.14032631278843,3.1097947392225835,-24.46625720079473,21.35646246157215,3.552713678800501e-15,-9.686244961365801,-31.153550554575517,-25.546485603755123,188.48764026650093,12400.401750640765,0.0,10.211760190023774,31086.641716579634,0.0,0.3282585557344819,2.2950687741940534e-7,0.00018365482931518488,0,0
0.0011200000000000001,133.1835940020785,-323.33164142826706,190.14804742618864,3.1689024655309526,-24.702714880904587,21.53381241537363,-1.7763568394002505e-15,-9.85748973603357,-31.41338947913463,-25.822398131153808,188.48749134411807,12503.827554003936,0.0,10.378755561609958,31086.59259404911,0.0,0.3353562543380285,2.3080602189196053e-7,0.00018365482931518488,0,0
0.0011300000000000001,134.3002638977637,-323.45333001270484,189.15306611494114,3.228634802522132,-24.939489422383666,21.710854619861546,7.105427357601002e-15,-10.030136395158774,-31.672697825675016,-26.099451319666734,188.48734084183488,12607.0421278174,0.0,10.547197898658533,31086.54295042278,0.0,0.34256553885170676,2.320734312361017e-7,0.00018365482931518488,0,0
0.0011400000000000002,135.41502508942457,-323.5704216093575,188.1553965199329,3.2889940773977937,-25.17658163251149,21.887587555113697,0.0,-10.204181780149757,-31.93147206002412,-26.37765142187848,188.48718875311545,12710.044064321106,0.0,10.717086260939137,31086.492783545997,0.0,0.3498874193734641,2.3332039914003566e-7,0.00018365482931518488,0,0
0.0011500000000000002,136.52786173383706,-323.6829145540942,187.15505282025717,3.349982629421967,-25.41399230081221,22.064009671390245,1.7763568394002505e-15,-10.37962271351385,-32.18970865645542,-26.65700458058148,188.48703507138845,12812.831959098392,0.0,10.888419705178189,31086.442091252466,0.0,0.357322906561395,2.3454661038369018e-7,0.00018365482931518488,0,0
0.00116,137.6387580151291,-323.7908072481413,186.15204923301218,3.411602809671958,-25.6517221988061,22.240119389134144,0.0,-10.556455998905339,-32.44740409773638,-26.937516828204856,188.48687979004777,12915.404411094834,0.0,11.061197284880032,31086.39087136443,0.0,0.3648730116379768,2.3575510976758807e-7,0.00018365482931518488,0,0
0.00117,138.74769814500567,-323.89409815810467,185.14640001309903,3.473856980788021,-25.88977207976215,22.415915098974132,1.7763568394002505e-15,-10.734678421173895,-32.70455487517606,-27.219194086250596,188.48672290245312,13017.760022637067,0.0,11.235418050147395,31086.339121692876,0.0,0.37253874639408074,2.3695637228760003e-7,0.00018365482931518488,0,0
0.00118,139.85466636297286,-323.9927858159919,184.13811945301916,3.5367475167218068,-26.12814267845182,22.591395161730016,3.552713678800501e-15,-10.914286746413103,-32.96115748867268,-27.502042164737183,188.48656440193076,13119.89739945152,0.0,11.411081047501192,31086.286840037796,0.0,0.3803211231927533,2.3811048942279367e-7,0.00018365482931518488,0,0
0.00119,140.95964693656197,-324.086868819233,183.12722188267114,3.600276802483595,-26.366834710903994,22.76655790842041,7.105427357601002e-15,-11.095277722009328,-33.2172084467611,-27.786066761650687,188.486404281774,13221.81515068311,0.0,11.58818531969974,31086.23402418831,0.0,0.3882211549727717,2.392622043823067e-7,0.00018365482931518488,0,0
0.0012000000000000001,142.06262416155317,-324.1763458307002,182.1137216691471,3.6644472338882625,-26.605848874161104,22.94140164027285,5.329070518200751e-15,-11.277648076690808,-33.47270426665999,-28.07127346240334,188.48624253524395,13323.511888913872,0.0,11.76672990555734,31086.180671922953,0.0,0.39623985525196953,2.4038853180252673e-7,0.00018365482931518488,0,0
0.0012100000000000001,143.1635823621987,-324.2612155787271,181.09763321652846,3.729261217300179,-26.845185846036543,23.11592462873637,1.7763568394002505e-15,-11.461394520577006,-33.72764147431908,-28.357667739299742,188.4860791555701,13424.986230181574,0.0,11.946713839762255,31086.126781009865,0.0,0.40437823813033286,2.414828421393178e-7,0.00018365482931518488,0,0
0.0012200000000000002,144.2625058914455,-324.3414768571266,180.07897096568118,3.794721169376807,-27.084846284873123,23.290125115496316,0.0,-11.64651374522819,-33.98201660446603,-28.645254951010443,188.48591413595102,13526.236793998167,0.0,12.128136152694115,31086.07234920696,0.0,0.4126373182928662,2.4258802816534697e-7,0.00018365482931518488,0,0
0.0012300000000000002,145.3593791311578,-324.4171285252085,179.05774939405077,3.8608295168112523,-27.32483082930305,23.464001312491803,3.552713678800501e-15,-11.833002423695309,-34.23582620065346,-28.934040342053308,188.48574746955498,13627.262203368355,0.0,12.310995870240745,31086.017374262243,0.0,0.42101811101222725,2.436295746255368e-7,0.00018365482931518488,0,0
0.00124,146.4541864923388,-324.488169507795,178.03398301545624,3.9275886960736113,-27.56514009800895,23.63755140193534,0.0,-12.020857210570062,-34.489066815305506,-29.224029042282353,188.4855791495206,13728.061084807941,0.0,12.495292013614472,31085.961853913916,0.0,0.4295216321511296,2.4467427006680253e-7,0.00018365482931518488,0,0
0.00125,147.5469124153527,-324.5545987952365,177.00768637988386,3.9950011531512164,-27.80577468948622,23.810773536335006,-1.7763568394002505e-15,-12.210074742035275,-34.7417350097645,-29.51522606638437,188.4854091689575,13828.632068362203,0.0,12.68102359916785,31085.90578589066,0.0,0.43814889816451374,2.4568687911896703e-7,0.00018365482931518488,0,0
0.00126,148.6375413701453,-324.6164154434258,175.9788740732806,4.063069343287797,-28.046735181806717,23.983665838518924,1.7763568394002505e-15,-12.400651635915429,-34.99382735433733,-29.807636313383043,188.48523752094698,13928.973787624189,0.0,12.868189638208854,31085.849167911827,0.0,0.44690092610148324,2.466942705392494e-7,0.00018365482931518488,0,0
0.00127,149.72605785646502,-324.6736185738115,174.94756071734656,4.1317957307215085,-28.288022132383738,24.15622640166223,1.7763568394002505e-15,-12.592584491727587,-35.24534042834182,-30.10126456615098,188.48506419854274,14029.084879752972,0.0,13.056789136815627,31085.791997687684,0.0,0.4557787336070086,2.4766214304361434e-7,0.00018365482931518488,0,0
0.00128,150.8124464040832,-324.72620737341055,173.91376096932743,4.201182788421951,-28.529636077738324,24.328453289316386,8.881784197001252e-15,-12.78586989073242,-35.49627082015282,-30.396115490929326,188.48488919477143,14128.96398549185,0.0,13.246821095650668,31085.734272919606,0.0,0.4647833389233956,2.4861186337377106e-7,0.00018365482931518488,0,0
0.0012900000000000001,151.89669157301384,-324.7741810948196,172.87748952180573,4.271232997826052,-28.771577533266882,24.50034453544084,7.105427357601002e-15,-12.980504395985577,-35.74661512724822,-30.692193636855187,188.48471250263333,14228.60974918643,0.0,13.438284509774567,31085.6759913003,0.0,0.47391576089151877,2.4954447555569637e-7,0.00018365482931518488,0,0
0.0013000000000000002,152.97877795373307,-324.8175390562259,171.83876110249284,4.341948848573006,-29.013846993010205,24.671898144437208,5.329070518200751e-15,-13.176484552389232,-35.99636995625481,-30.989503435496857,188.48453411510314,14328.020818802752,0.0,13.63117836845926,31085.61715051405,0.0,0.4831770189518191,2.504520486557027e-7,0.00018365482931518488,0,0
0.0013100000000000002,154.05869016739828,-324.8562806414169,170.79759047401868,4.413332838238105,-29.256444929423857,24.84311209118576,1.7763568394002505e-15,-13.373806886743967,-36.24553192299406,-31.288049200396866,188.48435402513053,14427.19584594529,0.0,13.82550165500087,31085.557748236897,0.0,0.4925681331450648,2.5133991585213344e-7,0.00018365482931518488,0,0
0.0013200000000000002,155.13641286606645,-324.8904052997889,169.7539924337225,4.4853874720656215,-29.499371793149894,25.01398432108428,3.552713678800501e-15,-13.572467907800782,-36.494097652527586,-31.58783512662277,188.48417222564086,14526.133485874878,0.0,14.021253346532054,31085.497782136914,0.0,0.5020901241128757,2.52201620309922e-7,0.00018365482931518488,0,0
0.00133,156.21193073291252,-324.9199125463549,168.70798181344247,4.558115262700698,-29.742628012790096,25.184512750089407,7.105427357601002e-15,-13.77246410631345,-36.74206377920265,-31.88886529032597,188.48398870953588,14624.83239752665,0.0,14.21843241383396,31085.43724987439,0.0,0.5117440130980091,2.5304116435531654e-7,0.00018365482931518488,0,0
0.00134,157.28522848244697,-324.94480196175175,167.65957347930484,4.631518729920231,-29.98621399468052,25.354695264760295,5.329070518200751e-15,-13.973791955091084,-36.98942694669743,-32.19114364830827,188.48380346969438,14723.291243527869,0.0,14.417037821147815,31085.376149102078,0.0,0.5215308219444091,2.5384797991412356e-7,0.00018365482931518488,0,0
0.00135,158.356290860733,-324.96507319224565,166.60878233151277,4.70560040036284,-30.2301301226675,25.524529722304663,3.552713678800501e-15,-14.176447909050893,-37.236183808066116,-32.49467403759644,188.48361649897288,14821.50869021568,0.0,14.617068525986026,31085.3144774654,0.0,0.5314515730970149,2.5464096561900185e-7,0.00018365482931518488,0,0
0.00136,159.4251026456034,-324.9807259497376,165.55562330413431,4.7803628072579105,-30.474376757885224,25.694013950627323,5.329070518200751e-15,-14.38042840527131,-37.48233102578398,-32.79946017502469,188.4834277902063,14919.483407654896,0.0,14.818523478943,31085.252232602674,0.0,0.5415072896013313,2.554180177360976e-7,0.00018365482931518488,0,0
0.0013700000000000001,160.4916486468769,-324.9917600117672,164.50011136489047,4.855808490153649,-30.718954238534558,25.863145748380916,1.7763568394002505e-15,-14.585729863045174,-37.72786527179208,-33.1055056568251,188.48323733620867,15017.214069655598,0.0,15.021401623505543,31085.18941214537,0.0,0.5516989951027601,2.5616731735844667e-7,0.00018365482931518488,0,0
0.0013800000000000002,161.55591370657402,-324.9981752215161,163.44226151494215,4.931939994644315,-30.963862879663534,26.031922885019224,1.7763568394002505e-15,-14.792348683933362,-37.972783227542074,-33.41281395822602,188.48304512977387,15114.699353790766,0.0,15.22570189586294,31085.126013718324,0.0,0.5620277138456892,2.568823414816901e-7,0.00018365482931518488,0,0
0.0013900000000000002,162.61788269913248,-324.99997148780994,162.38208878867746,5.008759872096544,-31.20910297294928,26.20034310085275,7.105427357601002e-15,-15.000281251818508,-38.21708158404068,-33.72138843305853,188.4828511636762,15211.937941413842,0.0,15.431423224716694,31085.062034939954,0.0,0.5724944706723426,2.575731631593303e-7,0.00018365482931518488,0,0
0.0014000000000000002,163.67754053162227,-324.99714878511975,161.31960825349753,5.086270679374792,-31.454674786481448,26.36840410710667,8.881784197001252e-15,-15.209523932959012,-38.460757041894105,-34.031232313370914,188.48265543067117,15308.928517676199,0.0,15.638564531089951,31084.99747342248,0.0,0.583100291021389,2.582523400962433e-7,0.00018365482931518488,0,0
0.00141,164.73487214395996,-324.98970715356245,160.25483500960252,5.164474978565911,-31.700578564547143,26.536103585981238,3.552713678800501e-15,-15.420073076043312,-38.703806311352245,-34.34234870905111,188.48245792349616,15405.669771544555,0.0,15.847124728136603,31084.932326772185,0.0,0.5938462009263079,2.5891711558090336e-7,0.00018365482931518488,0,0
0.00142,165.789862509123,-324.9776466989,159.18778418977706,5.243375336702943,-31.94681452741744,26.7034391907145,1.7763568394002505e-15,-15.631925012244373,-38.946226112352804,-34.654740607457356,188.48225863487116,15502.160395818355,0.0,16.057102720950144,31084.866592589657,0.0,0.6047332270135152,2.595280447492687e-7,0.00018365482931518488,0,0
0.00143,166.84249663336308,-324.9609675925383,158.11847095917528,5.322974325488115,-32.19338287113549,26.870408545647386,5.329070518200751e-15,-15.845076055274427,-39.1880131745652,-34.96841087305684,188.4820575574994,15598.399087147087,0.0,16.26849740637223,31084.800268469946,0.0,0.6157623965002442,2.601476254138202e-7,0.00018365482931518488,0,0
0.00144,167.89275955641924,-324.9396700715242,157.04691051510497,5.403274521014936,-32.44028376730609,27.037009246291156,-1.7763568394002505e-15,-16.05952250143986,-39.429164237434364,-35.28336224707248,188.4818546840681,15694.384546047502,0.0,16.481307672800966,31084.7333520029,0.0,0.6269347371921862,2.607078903593685e-7,0.00018365482931518488,0,0
0.0014500000000000001,168.94063635173057,-324.9137544385428,155.9731180868122,5.4842785034896036,-32.68751736288689,27.203238859397295,7.105427357601002e-15,-16.275260629696554,-39.66967605022434,-35.59959734713792,188.48165000724924,15790.115476920817,0.0,16.695532399998978,31084.6658407733,0.0,0.6382512774808858,2.6126913069135504e-7,0.00018365482931518488,0,0
0.0014600000000000001,169.98611212664835,-324.8832210619124,154.8971089352641,5.565988856951657,-32.9350837799813,27.36909492302965,7.105427357601002e-15,-16.492286701705215,-39.90954537206184,-35.91711866696052,188.4814435197001,15885.590588069837,0.0,16.911170458901275,31084.597732361162,0.0,0.6497130463408942,2.6179474832410676e-7,0.00018365482931518488,0,0
0.0014700000000000002,171.02917202264766,-324.8480703755801,153.81889835293245,5.64840816899383,-33.18298311563282,27.534574946639,3.552713678800501e-15,-16.710596961887106,-40.14876897197944,-36.23592857599269,188.4812352140641,15980.808591716017,0.0,17.128220711422834,31084.529024341937,0.0,0.6613210733266776,2.623008324986742e-7,0.00018365482931518488,0,0
0.0014800000000000002,172.06980121553858,-324.80830287911476,152.73850166357627,5.731539030481191,-33.43121544162113,27.69967641113994,3.552713678800501e-15,-16.930187637479914,-40.38734362895883,-36.556029319111275,188.48102508297148,16075.768204016435,0.0,17.346682010266072,31084.459714286764,0.0,0.6730763885692816,2.6277654419093466e-7,0.00018365482931518488,0,0
0.0014900000000000002,173.10798491567678,-324.76391913770067,151.65593422202397,5.8153840352696395,-33.67978080425979,27.864396768990172,1.0658141036401503e-14,-17.151054938593976,-40.62526613197379,-36.877423016305265,188.48081311904002,16170.468145080786,0.0,17.56655319872805,31084.389799762677,0.0,0.684980022772752,2.632390915802141e-7,0.00018365482931518488,0,0
0.0015,174.14370836817392,-324.71491978212896,150.57121141395518,5.89994577992362,-33.92867922419564,28.028733444272028,3.552713678800501e-15,-17.37319505826855,-40.86253328003308,-37.20011166237164,188.48059931487572,16264.90713898821,0.0,17.7878331105076,31084.319278332885,0.0,0.6970330072103089,2.6366866442972814e-7,0.00018365482931518488,0,0
0.00151,175.17695685310707,-324.661305508789,149.48434865568197,5.985226863433271,-34.17791069620981,28.19268383277655,7.105427357601002e-15,-17.596604172528586,-41.09914188222312,-37.524097126619566,188.48038366307355,16359.083913804165,0.0,18.01052056951226,31084.24814755698,0.0,0.7092363737202784,2.6407072453715763e-7,0.00018365482931518488,0,0
0.00152,176.20771568572826,-324.60307707965814,148.39536139393002,6.071229886930789,-34.42747518902035,28.35624530208957,7.105427357601002e-15,-17.821278440441393,-41.33508875775047,-37.84938115258267,188.4801661562182,16452.9972015971,0.0,18.234614389665023,31084.176404991165,0.0,0.7215911547017757,2.644472505974882e-7,0.00018365482931518488,0,0
0.0015300000000000001,177.23597021667283,-324.54023532229144,147.30426510561873,6.15795745340629,-34.67737264508676,28.519415191680476,3.552713678800501e-15,-18.04721400417383,-41.57037073598431,-38.17596535773981,188.47994678688465,16546.645738455216,0.0,18.46011337471106,31084.104048188514,0.0,0.734098383110146,2.648008517180944e-7,0.00018365482931518488,0,0
0.0015400000000000001,178.26170583216788,-324.4727811298092,146.2110752976414,6.245412167422986,-34.92760298041608,28.6821908129931,0.0,-18.274406989049613,-41.80498465649864,-38.50385123324397,188.4797255476391,16640.02826450307,0.0,18.687016318024288,31084.03107469919,0.0,0.7467590924521572,2.6514243914310676e-7,0.00018365482931518488,0,0
0.0015500000000000002,179.28490795423986,-324.40071546088495,145.1158075066452,6.333596634831739,-35.1781660843707,28.844569449538966,0.0,-18.502853503606836,-42.03892736911424,-38.83304014365956,188.47950243103958,16733.14352391814,0.0,18.91532200241384,31083.957482070724,0.0,0.7595743167809481,2.6543341569151835e-7,0.00018365482931518488,0,0
0.0015600000000000002,180.30556204092164,-324.3240393397313,144.01847729880976,6.422513462485137,-35.429061819478015,29.006548356992894,1.0658141036401503e-14,-18.73254963965575,-42.272195733940755,-39.16353332670802,188.47927742963662,16825.990264947337,0.0,19.145029199930494,31083.88326784819,0.0,0.7725450906907296,2.6571344100001504e-7,0.00018365482931518488,0,0
0.0015700000000000002,181.32365358645959,-324.2427538560857,142.91910026962623,6.512165257950855,-35.68029002124173,29.168124763290887,7.105427357601002e-15,-18.963491472336763,-42.50478662141828,-39.49533189302168,188.47905053597412,16918.567239923428,0.0,19.37613667167301,31083.8084295745,0.0,0.7856724493112401,2.6596622151875415e-7,0.00018365482931518488,0,0
0.00158,182.3391681215191,-324.1568601651947,141.8176920436757,6.6025546292246595,-35.93185049795499,29.329295868730334,0.0,-19.19567506017865,-42.73669691235908,-39.82843682590611,188.47882174258993,17010.873205281438,0.0,19.608643167594444,31083.732964790615,0.0,0.798957428301954,2.661890580735182e-7,0.00018365482931518488,0,0
0.00159,183.35209121339093,-324.06635948779785,140.71426827440698,6.693684184442713,-36.18374303051528,29.49005884607257,3.552713678800501e-15,-19.429096445157096,-42.967923497988934,-40.16284898111073,188.4785910420167,17102.90692157494,0.0,19.842547426308442,31083.6568710358,0.0,0.8124010638460453,2.663859697549231e-7,0.00018365482931518488,0,0
0.0016,184.36240846619586,-323.97125311011,139.60884464391418,6.785556531593482,-36.43596737224107,29.650410840647602,7.105427357601002e-15,-19.663751652753273,-43.19846327998837,-40.4985690866078,188.4783584267825,17194.667153492323,0.0,20.07784817489549,31083.580145847856,0.0,0.8260043926441011,2.665571965654312e-7,0.00018365482931518488,0,0
0.00161,185.37010552108924,-323.8715423838035,138.50143686271423,6.87817427822911,-36.68852324869038,29.81034897046127,0.0,-19.899636692012827,-43.42831317053387,-40.83559774237989,188.47812388941165,17286.15266987298,0.0,20.314544128709176,31083.502786763354,0.0,0.8397684519075921,2.6671051731042006e-7,0.00018365482931518488,0,0
0.0016200000000000001,186.37516805646553,-323.7672287259883,137.39206066952278,6.971540031176357,-36.941410357481,29.969870326304648,7.105427357601002e-15,-20.136747555604995,-43.65747009233874,-41.17393542021559,188.4778874224254,17377.362243723393,0.0,20.55263399118251,31083.424791317902,0.0,0.8536942793520941,2.6682893497498306e-7,0.00018365482931518488,0,0
0.0016300000000000002,187.37758178816128,-323.65831361919237,136.28073183103118,7.0656563962470464,-37.19462836811274,30.1289719718657,3.552713678800501e-15,-20.375080219881973,-43.885930978693935,-41.513582463513835,188.47764901834265,17468.294652233253,0.0,20.7921164536342,31083.346157046366,0.0,0.8677829131902632,2.669183573056344e-7,0.00018365482931518488,0,0
0.0016400000000000002,188.37733246965857,-323.54479861134064,135.16746614168213,7.160525977948092,-37.44817692179132,30.287650943843232,3.552713678800501e-15,-20.614630644938536,-44.11369277350858,-41.854539087096455,188.47740866968073,17558.9486767914,0.0,21.032990195075076,31083.266881483112,0.0,0.8820353921245642,2.669898438167895e-7,0.00018365482931518488,0,0
0.0016500000000000002,189.37440589228723,-323.4266853157324,134.0522794234453,7.256151379191168,-37.70205563125428,30.445904252063137,1.0658141036401503e-14,-20.85539477467181,-44.340752431350545,-42.19680537702932,188.47716636895612,17649.323103001774,0.0,21.275253882014493,31083.186962162268,0.0,0.8964527553397514,2.670272260529849e-7,0.00018365482931518488,0,0
0.0016600000000000002,190.3687878854269,-323.3039754110193,132.93518752559245,7.352535201001874,-37.9562640805987,30.60372887959683,3.552713678800501e-15,-21.09736853684131,-44.567106917486655,-42.540381290451776,188.47692210868513,17739.41672069929,0.0,21.518906168266806,31083.106396617943,0.0,0.911036042495104,2.67034867024174e-7,0.00018365482931518488,0,0
0.00167,191.3604643167084,-323.1766706411804,131.81620632447212,7.449680042228643,-38.210801825110714,30.761121782882086,7.105427357601002e-15,-21.34054784312924,-44.792753207922814,-42.88526665541467,188.47667588138472,17829.22832396561,0.0,21.763945694758053,31083.02518238448,0.0,0.9257862937164119,2.67034867024174e-7,0.00018365482931518488,0,0
0.00168,192.34942109221458,-323.0447728154985,130.69535172328403,7.547588499251177,-38.46566839109715,30.91807989184598,3.552713678800501e-15,-21.584928589200985,-45.017688289444,-43.23146117072682,188.4764276795732,17918.756711144906,0.0,22.01037108933264,31082.943316996712,0.0,0.9407045495877185,2.67034867024174e-7,0.00018365482931518488,0,0
0.00169,193.33564415668056,-322.90828380853355,129.5726396518531,7.64626316568865,-38.72086327571877,31.074600110030133,7.105427357601002e-15,-21.83050665476577,-45.24190915965402,-43.578964405809764,188.47617749577094,18008.000684859508,0.0,22.25818096656013,31082.860797990183,0.0,0.9557918511428125,2.67034867024174e-7,0.00018365482931518488,0,0
0.0017000000000000001,194.31911949369362,-322.76720556009644,128.4480860664029,7.745706632107549,-38.97638594682573,31.230679314718184,0.0,-22.077277903637565,-45.46541282701514,-43.927775800561285,188.47592532250118,18096.959052025508,0.0,22.507373927542297,31082.777622901413,0.0,0.9710492398564754,2.67034867024174e-7,0.00018365482931518488,0,0
0.0017100000000000001,195.2998331258923,-322.6215400752215,127.32170694932928,7.845921485729173,-39.23223584279475,31.386314357065583,0.0,-22.325238183796323,-45.68819631088757,-44.277894665227194,188.47567115229072,18185.63062386834,0.0,22.75794855972024,31082.69378926813,0.0,0.9864777576354821,2.67034867024174e-7,0.00018365482931518488,0,0
0.0017200000000000002,196.277771115165,-322.4712894241376,126.19351830897264,7.946910310136875,-39.488412372368316,31.54150206223146,1.0658141036401503e-14,-22.57438332744932,-45.91025664156868,-44.62932018028171,188.47541497767065,18274.014215938172,0.0,23.009903436681665,31082.609294629514,0.0,1.0020784468093542,2.67034867024174e-7,0.00018365482931518488,0,0
0.0017300000000000002,197.25291956284832,-322.31645574223904,125.06353617939082,8.048675684983126,-39.74491491449589,31.696239229512777,1.0658141036401503e-14,-22.824709151092634,-46.131590860332246,-44.98205139631627,188.47515679117717,18362.1086481254,0.0,23.263237117968416,31082.524136526466,0.0,1.0178523501208674,2.67034867024174e-7,0.00018365482931518488,0,0
0.0017400000000000002,198.2252646099242,-322.1570412300552,123.93177662013109,8.151220185696184,-40.00174281817692,31.850522632480754,1.0658141036401503e-14,-23.076211455573073,-46.35219601946727,-45.3360872339369,188.4748965853522,18449.9127446759,0.0,23.517948148884127,31082.438312501807,0.0,1.033800510716312,2.67034867024174e-7,0.00018365482931518488,0,0
0.00175,199.19479243721733,-321.99304815321915,122.79825571600193,8.254546383186645,-40.25889540230606,32.004349019119424,3.552713678800501e-15,-23.32888602615015,-46.57206918231685,-45.69142648367011,188.47463435274426,18537.425334206397,0.0,23.774035060302193,31082.351820100568,0.0,1.0499239721355076,2.67034867024174e-7,0.00018365482931518488,0,0
0.00176,200.16148926559126,-321.82447884243555,121.66298957684435,8.358656843553776,-40.51637195552018,32.157715111966404,0.0,-23.582728632558307,-46.79120742331682,-46.048067805877196,188.47437008590913,18624.6452497196,0.0,24.031496368473864,31082.26465687021,0.0,1.066223778301573,2.67034867024174e-7,0.00018365482931518488,0,0
0.00177,201.12534135614413,-321.65133569344744,120.52599433730333,8.463554127791616,-40.77417173604743,32.310617608255825,7.105427357601002e-15,-23.83773502906936,-47.00960782803404,-46.406009730677205,188.4741037774106,18711.571328619375,0.0,24.290330574836645,31082.17682036087,0.0,1.0827009735104471,2.67034867024174e-7,0.00018365482931518488,0,0
0.0017800000000000001,202.08633501040438,-321.4736211670022,119.38728615659785,8.569240791494932,-41.03229397155843,32.46305318006351,7.105427357601002e-15,-24.093900954555213,-47.227267493204884,-46.7652506578783,188.47383541982126,18798.20241272581,0.0,24.55053616582298,31082.088308125632,0.0,1.0993566024201673,2.67034867024174e-7,0.00018365482931518488,0,0
0.0017900000000000001,203.04445657052494,-321.2913377888166,118.2468812182917,8.675719384565044,-41.290737859019295,32.61501847445426,7.105427357601002e-15,-24.351222132550635,-47.4441835267732,-47.125788856917694,188.4735650057232,18884.537348290207,0.0,24.81211161266915,31081.999117720752,0.0,1.1161917100399013,2.67034867024174e-7,0.00018365482931518488,0,0
0.0018000000000000002,203.99969241947764,-321.10448814954094,117.10479573006334,8.782992450915502,-41.54950256454685,32.76651011363137,1.4210854715202004e-14,-24.60969427131648,-47.660353047928254,-47.487622466810144,188.4732925277088,18970.574986010066,0.0,25.075055371224497,31081.90924670588,0.0,1.1332073417187334,2.67034867024174e-7,0.00018365482931518488,0,0
0.0018100000000000002,204.9520289812467,-320.9130749047222,115.9610459234756,8.891062528177645,-41.80858722326584,32.9175246950882,3.552713678800501e-15,-24.869313063902908,-47.8757731871426,-47.85074949610497,188.4730179783814,19056.314181043927,0.0,25.339365881760994,31081.818692644367,0.0,1.150404543134207,2.67034867024174e-7,0.00018480881356403023,0,0
0.0018200000000000002,205.90145272102149,-320.7171007747662,114.81564805374487,8.999932147406085,-42.067990939168105,33.068058791762034,7.105427357601002e-15,-25.130074188212916,-48.09044108620952,-48.2151678228515,188.47274135035613,19141.753793026157,0.0,25.60504156878305,31081.727453103464,0.0,1.167784360280621,2.67034867024174e-7,0.00018675833705916745,0,0
0.0018300000000000002,206.8479501453892,-320.51656854489926,113.66861839951025,9.109603832784105,-42.327712784974025,33.21810895218994,1.0658141036401503e-14,-25.39197330706609,-48.30435389828058,-48.58087519457322,188.47246263626062,19226.89268608174,0.0,25.872080840837764,31081.635525654572,0.0,1.185347839457084,2.67034867024174e-7,0.00018871644612877825,0,0
0.00184,207.7915078025263,-320.31148106512825,112.5199732626021,9.220080101329017,-42.587751801995815,33.36767170066682,1.0658141036401503e-14,-25.655006068262473,-48.51750878790273,-48.947869228250326,188.47218182873573,19311.729728840903,0.0,26.1404820903254,31081.54290787352,0.0,1.2030960272553213,2.67034867024174e-7,0.00019068312792458464,0,0
0.00185,208.73211228238995,-320.10184125020004,111.36972896781016,9.33136346259744,-42.848107000003104,33.51674353740566,-3.552713678800501e-15,-25.919168104646843,-48.72990293105554,-49.31614741031089,188.4718989204363,19396.26379445373,0.0,26.410243693310388,31081.449597340765,0.0,1.221029970547243,2.67034867024174e-7,0.00019265831226888963,0,0
0.00186,209.66975021690837,-319.8876520795606,110.21790186265227,9.443456418390682,-43.10877735709044,33.66532093869977,7.105427357601002e-15,-26.184455034172963,-48.94153351518799,-49.68570709663049,188.47161390403193,19480.493760604724,0.0,26.681364009332555,31081.355591641674,0.0,1.2391507164722628,2.67034867024174e-7,0.00019464199863103437,0,0
0.0018700000000000001,210.60440828017113,-319.6689165973121,109.064508317141,9.556361462459932,-43.36976181954703,33.81340035708711,7.105427357601002e-15,-26.450862459968107,-49.152397739255186,-50.056545512540424,188.47132677220768,19564.41850952722,0.0,26.95384138121886,31081.26088836675,0.0,1.2574593124243796,2.67034867024174e-7,0.00019663413564760535,0,0
0.0018800000000000002,211.53607318861827,-319.4456379121699,107.90956472355168,9.67008108021166,-43.63105930172858,33.960978221516925,3.552713678800501e-15,-26.718385970397975,-49.36249281375498,-50.428659752844474,188.47103751766483,19648.036928017835,0.0,27.22767413489551,31081.165485111895,0.0,1.275956806039012,2.67034867024174e-7,0.00019863469715050708,0,0
0.0018900000000000002,212.46473170122923,-319.21781919741835,106.75308749618925,9.784617748412966,-43.89266868593115,34.10805093751821,1.4210854715202004e-14,-26.987021139131585,-49.57181596076425,-50.802046781844126,188.47074613312168,19731.347907450763,0.0,27.50286057920048,31081.06937947865,0.0,1.2946442451795943,2.67034867024174e-7,0.00020064365631017322,0,0
0.0019000000000000002,213.39037061971086,-318.9854636908657,105.59509307115482,9.89997393489702,-44.15458882226735,34.25461488737034,3.552713678800501e-15,-27.256763525206363,-49.78036441397523,-51.17670343337241,188.47045261131422,19814.35034379205,0.0,27.779399005696533,31080.972569074434,0.0,1.3135226779239277,2.67034867024174e-7,0.00020266097433624397,0,0
0.0019100000000000002,214.31297678868523,-318.7485746947979,104.43559790611272,10.016152098268506,-44.41681852854446,34.40066643027597,7.105427357601002e-15,-27.527608673093784,-49.98813541873139,-51.55262641083621,188.4701569449969,19897.043137613808,0.0,28.057287688484646,31080.87505151279,0.0,1.332593152550292,2.67034867024174e-7,0.00020468660736808197,0,0
0.0019200000000000003,215.2325370958766,-318.50715557593213,103.27461848005561,10.13315468760932,-44.67935659014488,34.54620190253556,-3.552713678800501e-15,-27.79955211276466,-50.195126232063366,-51.92981228726709,188.46985912694336,19979.425194108284,0.0,28.336524884017948,31080.77682441364,0.0,1.3518567175233163,2.67034867024174e-7,0.00020672053155740278,0,0
0.00193,216.14903847229746,-318.26120976536833,102.11217129307097,10.250984142184265,-44.94220175990865,34.69121761772439,3.552713678800501e-15,-28.072589359755128,-50.40133412272461,-52.30825750538065,188.46955914994726,20061.495423101966,0.0,28.61710883091609,31080.677885403536,0.0,1.3713144214796074,2.67034867024174e-7,0.00020876272813749597,0,0
0.00194,217.06246789243457,-318.0107407585409,100.94827286610644,10.369642891146828,-45.205352758018186,34.835709866871376,1.0658141036401503e-14,-28.34671591523267,-50.60675637122685,-52.68795837764451,188.46925700682291,20143.252739069532,0.0,28.899037749780245,31080.578232115888,0.0,1.3909673132131428,2.67034867024174e-7,0.00021081313572887672,0,0
0.0019500000000000001,217.972812374434,-317.7557521151689,99.78293974073495,10.489133353245375,-45.468808271885244,34.97967491863988,3.552713678800501e-15,-28.62192726606209,-50.81139026987551,-53.06891108635454,188.4689526904061,20224.69606114782,0.0,29.182309843008465,31080.47786219122,0.0,1.4108164416604179,2.67034867024174e-7,0.00021287174094733463,0,0
0.0019600000000000004,218.88005898028567,-317.4962474592052,98.61618847891968,10.609457936529143,-45.73256695603989,35.12310901951076,7.105427357601002e-15,-28.8982188848722,-51.01523312280467,-53.4511116837199,188.46864619355475,20305.82431314959,0.0,29.466923294611647,31080.3767732774,0.0,1.4308628558853602,2.67034867024174e-7,0.0002149384906708074,0,0
0.00197,219.78419481600696,-317.23223047878554,97.44803566277866,10.73061903805484,-45.99662743202195,35.266008393967134,1.4210854715202004e-14,-29.175586230122168,-51.21828224601218,-53.834556091956344,188.46833750914976,20386.636423577376,0.0,29.75287627003011,31080.27496302994,0.0,1.4511076050639993,2.67034867024174e-7,0.0002170133899342397,0,0
0.00198,220.68520703182654,-316.9637049261756,96.27849789434913,10.852619043593045,-46.26098828827447,35.40836924468143,7.105427357601002e-15,-29.454024746168486,-51.42053496739433,-54.21924010338821,188.4680266300957,20467.131325637165,0.0,30.04016691595066,31080.172429112154,0.0,1.471551738468909,2.67034867024174e-7,0.00021909635231276425,0,0
0.00199,221.58308282236626,-316.6906746177177,95.10759179535157,10.975460327335238,-46.52564808003944,35.55018775270421,3.552713678800501e-15,-29.733529863331867,-51.62198862678055,-54.60515938055872,188.4677135493215,20547.307957252033,0.0,30.328793360124223,31080.069169195467,0.0,1.492196305453398,2.67034867024174e-7,0.00022118737428830637,0,0
0.002,222.4778094268238,-316.41314343377707,93.93533400695344,11.09914525160076,-46.790605329255804,35.69146007765505,7.105427357601002e-15,-30.014096997964486,-51.82264057596774,-54.99230945634881,188.46739825978133,20627.165261075712,0.0,30.618753711184095,31079.965180959647,0.0,1.513042355435476,2.67034867024174e-7,0.00022328641836161234,0,0
0.00201,223.36937412915356,-316.13111531868606,92.76174118953256,11.22367616654424,-47.05585852445964,35.83218235791541,7.105427357601002e-15,-30.295721552517335,-52.02248817875454,-55.38068573410462,188.4670807544552,20706.702184506095,0.0,30.91004605846484,31079.860462093045,0.0,1.534090937881578,2.67034867024174e-7,0.00022539345274064093,0,0
0.00202,224.25776425824765,-315.8445942806885,91.58683002244092,11.349055409863233,-47.32140612068662,35.9723507108234,1.0658141036401503e-14,-30.578398915607828,-52.22152881097541,-55.7702834877731,188.46676102634976,20785.91767969867,0.0,31.202668471821745,31079.75501029283,0.0,1.555343102290055,2.67034867024174e-7,0.00022750843640953478,0,0
0.00203,225.14296718811588,-315.5535843918825,90.41061720376672,11.475285306506187,-47.5872465393767,36.11196123287054,1.4210854715202004e-14,-30.86212446208759,-52.41975986053444,-56.161097862046404,188.46643906849903,20864.810703579835,0.0,31.49661900145097,31079.648823265223,0.0,1.5767998981744291,2.67034867024174e-7,0.00022963131148276417,0,0
0.00204,226.02497033806523,-315.2580897881628,89.23311945009769,11.602368168380767,-47.85337816828116,36.2510099999004,0.0,-31.146893553110342,-52.61717872743916,-56.55312387251452,188.46611487396518,20943.380217860267,0.0,31.79189567771029,31079.541898725813,0.0,1.5984623750464149,2.67034867024174e-7,0.00023176210469988412,0,0
0.00205,226.9037611728786,-314.9581146691618,88.05435349628327,11.730306294062476,-48.1197993613717,36.389493067309246,1.7763568394002505e-14,-31.43270153620021,-52.813782823833925,-56.946356405826414,188.46578843583922,21021.625189048027,0.0,32.08849651094056,31079.434234399694,0.0,1.620331582398707,2.67034867024174e-7,0.00023390071969364712,0,0
0.00206,227.77932720299304,-314.6536632981898,86.87433609519678,11.859101968503655,-48.386508438752124,36.52740647024848,3.552713678800501e-15,-31.719543745319953,-53.009569574033364,-57.34079021985965,188.4654597472417,21099.544588461813,0.0,32.38641949128784,31079.32582802179,0.0,1.6424085696875355,2.67034867024174e-7,0.00023604715854069758,0,0
0.0020700000000000002,228.6516559846772,-314.34474000217483,85.6930840174977,11.988757462742917,-48.65350368657199,36.66474622382909,1.0658141036401503e-14,-32.00741550093963,-53.20453641455537,-57.73641994389827,188.46512880132357,21177.137392243967,0.0,32.68566258852615,31079.216677337048,0.0,1.6646943863149886,2.67034867024174e-7,0.00023820136132612912,0,0
0.0020800000000000003,229.52073512020814,-314.0313491716007,84.51061405139265,12.119275033614969,-48.92078335694281,36.80150832332785,0.0,-32.296312110105134,-53.39868079415429,-58.13324007881925,188.46479559126678,21254.40258137351,0.0,32.986223751881134,31079.106780100723,0.0,1.687190081611105,2.67034867024174e-7,0.0002403633185577292,0,0
0.0020900000000000003,230.38655225804766,-313.7134952604448,83.32694300239721,12.250656923460784,-49.18834566785637,36.93768874439561,1.4210854715202004e-14,-32.5862288665074,-53.59200017385349,-58.531244997287246,188.4644601102851,21331.339141679033,0.0,33.28810090985415,31078.99613407859,0.0,1.709896704815734,2.67034867024174e-7,0.00024253297985543654,0,0
0.0021000000000000003,231.24909509301773,-313.39118278611477,82.1420876930971,12.382905359838336,-49.456188803105476,37.07328344326716,7.105427357601002e-15,-32.87716105055128,-53.7844920269781,-58.930428943957764,188.46412235162478,21407.94606385162,0.0,33.59129197004739,31078.88473704717,0.0,1.7328153050601676,2.67034867024174e-7,0.0002447103045224719,0,0
0.0021100000000000003,232.1083513664755,-313.06441632938424,80.95606496290891,12.516022555233732,-49.72431091220696,37.20828835697325,1.0658141036401503e-14,-33.169103929424985,-53.976153839187354,-59.33078603568871,188.46378230856538,21484.2223434576,0.0,33.89579481898957,31078.77258679403,0.0,1.7559469313485419,2.67034867024174e-7,0.0002468952757387066,0,0
0.0021200000000000004,232.9643088664872,-312.73320053432803,79.76889166784093,12.650010706772818,-49.99271011032695,37.34269940355414,1.0658141036401503e-14,-33.46205275716945,-54.166983108506834,-59.73231026176015,188.4634399744204,21560.166980951253,0.0,34.20160732196244,31078.659681117962,0.0,1.7792926325390115,2.67034867024174e-7,0.0002490878347201353,0,0
0.0021300000000000004,233.81695542800222,-312.39754010825555,78.5805846802535,12.784871995933315,-50.261384478208626,37.476512482275325,7.105427357601002e-15,-33.75600277474821,-54.35697734536056,-60.13499548410275,188.46309534253805,21635.778981687497,0.0,34.5087273228281,31078.546017829267,0.0,1.802853457324696,2.67034867024174e-7,0.000251287964036756,0,0
0.00214,234.66627893302552,-312.0574398216446,77.39116088861921,12.920608588257497,-50.530332062102154,37.60972347384469,2.1316282072803006e-14,-34.050949210117025,-54.54613407260278,-60.53883543753405,188.462748406302,21711.057355934434,0.0,34.81715264385708,31078.431594749956,0.0,1.8266304542143983,2.67034867024174e-7,0.00025349561450721536,0,0
0.00215,235.51226731079015,-311.71290450807294,76.20063719728294,13.057222633065319,-50.799550873697065,37.742328240631764,1.0658141036401503e-14,-34.34688727829409,-54.734450825549715,-60.943823730003594,188.4623991591321,21786.00111888585,0.0,35.12688108555729,31078.316409714032,0.0,1.8506246715131032,2.67034867024174e-7,0.00025571076301211804,0,0
0.00216,236.35490853792862,-311.3639390641501,75.0090305262216,13.194716263168232,-51.06903889005686,37.874322626888635,3.552713678800501e-15,-34.64381218143018,-54.92192515201097,-61.34995384284585,188.46204759448506,21860.609290673674,0.0,35.43791042650364,31078.20046056771,0.0,1.8748371573022395,2.67034867024174e-7,0.0002579333722094179,0,0
0.00217,237.19419063864396,-311.01054844944736,73.81635781080344,13.333091594583458,-51.33879405355613,38.005702458972685,7.105427357601002e-15,-34.94171910887913,-55.108554612320916,-61.75721913104182,188.46169370585517,21934.88089638031,0.0,35.75023842316871,31078.08374516962,0.0,1.8992689594197298,2.67034867024174e-7,0.00026016338646278614,0,0
0.00218,238.03010168487975,-310.6527376864277,72.62263600154803,13.472350726248933,-51.608814271819895,38.13646354557096,3.552713678800501e-15,-35.24060323726828,-55.29433677936974,-62.16561282348866,188.4613374867751,22008.814966050937,0.0,36.06386280975414,31077.966261391128,0.0,1.9239211254398108,2.67034867024174e-7,0.00026240080065770277,0,0
0.00219,238.86262979648967,-310.29051186037407,71.42788206388447,13.612495739738865,-51.879097417665406,38.26660167792656,1.4210854715202004e-14,-35.54045973056947,-55.47926923863444,-62.575128023277614,188.4609789308166,22082.410534705727,0.0,36.37878129802288,31077.848007116485,0.0,1.9487947026526322,2.67034867024174e-7,0.000264645554345716,0,0
0.0022,239.69176314140654,-309.9238761193172,70.23211297791077,13.75352869897987,-52.149641329046275,38.396112630066426,1.4210854715202004e-14,-35.84128374016976,-55.66334958820952,-62.985757707980284,188.46061803159108,22155.666642351993,0.0,36.694991577132434,31077.72898024311,0.0,1.973890738043636,2.67034867024174e-7,0.00026689761507300847,0,0
0.00221,240.5174899358101,-309.55283567396253,69.03534573815251,13.895451649967807,-52.420443808998904,38.524992159031115,1.0658141036401503e-14,-36.14307040494268,-55.84657543883753,-63.39749472994289,188.46025478275055,22228.582333996223,0.0,37.01249131346883,31077.609178681843,0.0,1.9992102782727124,2.67034867024174e-7,0.0002691569598482213,0,0
0.00222,241.339798444295,-309.17739579761604,67.83759735332107,14.038266620485306,-52.69150262559149,38.65323600510622,2.1316282072803006e-14,-36.44581485131957,-56.0289444139395,-63.810331816589034,188.45988917798817,22301.15665965611,0.0,37.33127815048167,31077.488600357134,0.0,2.02475436965314,2.67034867024174e-7,0.00027142354569717475,0,0
0.00223,242.15867698003706,-308.79756182610953,66.63888484607249,14.181975619819916,-52.962815511875235,38.78083989205534,1.0658141036401503e-14,-36.749512193360935,-56.210454149645024,-64.2242615707303,188.459521211039,22373.38867437251,0.0,37.65134970851998,31077.367243207304,0.0,2.0505240581303026,2.67034867024174e-7,0.00027369732387538814,0,0
0.0022400000000000002,242.97411390495975,-308.4133391577244,65.43922525276473,14.326580638483058,-53.23438016583805,38.907799527354996,3.552713678800501e-15,-37.054157532828214,-56.39110229482242,-64.63927647088528,188.45915087568076,22445.27743822122,0.0,37.97270358466904,31077.245105184782,0.0,2.0765203892601947,2.67034867024174e-7,0.00027597826863404173,0,0
0.0022500000000000003,243.78609762989936,-308.0247332531153,64.23863562321606,14.472083647929619,-53.506194250360544,39.03411060243095,1.7763568394002505e-14,-37.35974595925556,-56.570886511108256,-65.05536887160656,188.45877816573446,22516.822016324793,0.0,38.295337352588206,31077.12218425632,0.0,2.1027444081877036,2.67034867024174e-7,0.00027826632959071507,0,0
0.0022600000000000003,244.5946166147698,-307.6317496352323,63.03713302046261,14.618486600278324,-53.778255393174646,39.15976879289634,7.105427357601002e-15,-37.66627255002183,-56.74980447293723,-65.47253100381603,188.4584030750652,22588.021478864277,0.0,38.61924856234958,31076.99847840328,0.0,2.1291971596246815,2.67034867024174e-7,0.00028056150415406433,0,0
0.0022700000000000003,245.39965936872673,-307.2343938892425,61.83473452051593,14.76579142803293,-54.05056118682433,39.28476975879142,7.105427357601002e-15,-37.97373237042281,-56.92785386757144,-65.89075497514796,188.4580255975828,22658.874901090792,0.0,38.94443474027782,31076.873985621776,0.0,2.1558796878278006,2.67034867024174e-7,0.0002828637135004197,0,0
0.0022800000000000003,246.20121445033053,-306.8326716624506,60.631457212120196,14.914000043804073,-54.323109188629,39.40910914482495,1.7763568394002505e-14,-38.28212047374352,-57.10503239512968,-66.31003277030055,188.45764572724255,22729.381363337132,0.0,39.27089338879079,31076.748703923004,0.0,2.182793036576194,2.67034867024174e-7,0.0002851729550380211,0,0
0.0022900000000000004,246.99927046770932,-306.42658866421857,59.42731819650942,15.063114340032083,-54.595896920649174,39.532782580617116,1.4210854715202004e-14,-38.591431901330765,-57.28133776861645,-66.73035625139524,188.45726345804584,22799.53995102921,0.0,39.59862198624126,31076.622631333386,0.0,2.2099382491488866,2.67034867024174e-7,0.00028748916019699644,0,0
0.0023000000000000004,247.79381607872057,-306.01615066588477,58.22233458716425,15.213136188710504,-54.8689218696546,39.65578568094412,1.4210854715202004e-14,-38.90166168266576,-57.456767713950825,-67.1517171583441,188.456878784041,22869.349754697545,0.0,39.92761798675973,31076.495765894888,0.0,2.237316368302013,2.67034867024174e-7,0.00028981232870733953,0,0
0.00231,248.58483999111237,-305.60136350068166,57.01652350956944,15.36406744111046,-55.142181487094845,39.778114045984395,7.105427357601002e-15,-39.21280483543711,-57.63131996999512,-67.57410710922542,188.45649169932383,22938.809869988538,0.0,40.25787882009808,31076.368105665148,0.0,2.2649284362458246,2.67034867024174e-7,0.0002921423791250599,0,0
0.00232,249.37233096268412,-305.182233063653,55.80990210096904,15.515909927505973,-55.415673189072216,39.89976326156626,1.0658141036401503e-14,-39.52485636561372,-57.80499228858329,-67.99751760066701,188.4561021980384,23007.91939767573,0.0,40.58940189147446,31076.239648717805,0.0,2.292775494621493,2.67034867024174e-7,0.00029447930489828744,0,0
0.00233,250.15627780144587,-304.7587653115699,54.60248751012412,15.668665456900062,-55.689394356317266,40.02072889941722,7.105427357601002e-15,-39.83781126751803,-57.97778243454934,-68.42194000823766,188.4557102743777,23076.677443671062,0.0,40.922184581419145,31076.110393142666,0.0,2.320858584477693,2.67034867024174e-7,0.00029682306499398403,0,0
0.00234,250.93666936577785,-304.3309662628467,53.394296897068934,15.822335816751764,-55.963342334166576,40.14100651741482,3.552713678800501e-15,-40.15166452389933,-58.149688185755316,-68.84736558684642,188.45531592258442,23145.083119035957,0.0,41.25622424562142,31075.980337045963,0.0,2.3491787462469946,2.67034867024174e-7,0.00029917361623182925,0,0
0.00235,251.7134945645885,-303.89884199745467,52.18534743286629,15.976922772704093,-56.23751443254308,40.260591659839,7.105427357601002e-15,-40.46641110600738,-58.32070733311921,-69.27378547114999,188.45491913695147,23213.13553999234,0.0,41.59151821477765,31075.849478550554,0.0,2.377737019722036,2.67034867024174e-7,0.0003015309166486124,0,0
0.00236,252.48674235747222,-303.46239865683617,50.975656299364076,16.132428068312898,-56.5119079259388,40.379479857625924,1.7763568394002505e-14,-40.782045973666015,-58.490837680642635,-69.70119067596768,188.4545199118228,23280.833827933668,0.0,41.92806379444041,31075.71781579617,0.0,2.4065344440315015,2.67034867024174e-7,0.0003038949397254631,0,0
0.00237,253.2564017548663,-303.02164244381714,49.76524068895096,16.28885342477673,-56.78652005340003,40.497666628623314,7.105427357601002e-15,-41.09856407534697,-58.660077045438456,-70.12957209670448,188.4541182415941,23348.17710943576,0.0,42.265858264868655,31075.58534693964,0.0,2.435572057615889,2.67034867024174e-7,0.00030626563769367565,0,0
0.00238,254.02246181820703,-302.5765796225189,48.55411780431189,16.446200540667576,-57.061348018514984,40.615147477847415,3.552713678800501e-15,-41.415960348243985,-58.82842325775796,-70.55892050978201,188.45371412071333,23415.164516267672,0.0,42.60489888087911,31075.452070155105,0.0,2.4648508982030806,2.67034867024174e-7,0.00030864298124089196,0,0
0.00239,254.7849116600853,-302.12721651826945,47.342304858184164,16.604471091662734,-57.33638898940387,40.73191789774115,1.0658141036401503e-14,-41.734229718346874,-58.99587416101805,-70.98922657307699,188.45330754368155,23481.795185402465,0.0,42.94518287169876,31075.31798363424,0.0,2.494372002783709,2.67034867024174e-7,0.0003110269155446044,0,0
0.0024000000000000002,255.54374044440115,-301.67355951751307,46.12981907311197,16.76366673027752,-57.611640098711476,40.847973368433976,1.0658141036401503e-14,-42.053367100515935,-59.162427611828186,-71.4204808263678,188.4528985050535,23548.068259027816,0.0,43.28670744081848,31075.183085586497,0.0,2.5241364075863264,2.67034867024174e-7,0.00031341742180995835,0,0
0.0024100000000000002,256.2989373865178,-301.2156150677199,44.916677681202145,16.923789085599118,-57.88709844360213,40.963309358003016,3.552713678800501e-15,-42.37336739855634,-59.3280814800171,-71.85267369178861,188.45248699943838,23613.982884556663,0.0,43.62946976584778,31075.0473742393,0.0,2.554145148052372,2.67034867024174e-7,0.0003158144478420388,0,0
0.0024200000000000003,257.0504917534152,-300.75338967729425,43.70289792387916,17.084839763021424,-58.16276108575717,41.07792132273575,3.552713678800501e-15,-42.69422550529292,-59.49283364865932,-72.28579547429139,188.4520730215004,23679.53821463771,0.0,43.973466998370874,31074.91084783831,0.0,2.584399258810946,2.67034867024174e-7,0.0003182179732252044,0,0
0.0024300000000000003,257.79839286384214,-300.2868899154821,42.488497051640095,17.246820343981017,-58.438625051374935,41.191804707393935,7.105427357601002e-15,-43.01593630264482,-59.65668201410157,-72.71983636211542,188.45165656595955,23744.733407165924,0.0,44.31869626380376,31074.773504647572,0.0,2.6148997736533857,2.67034867024174e-7,0.0003206279326233019,0,0
0.0024400000000000003,258.5426300884684,-299.81612241227765,41.27349232380941,17.409732385694024,-58.71468733117309,41.30495494547908,3.552713678800501e-15,-43.33849466170055,-59.81962448598881,-73.15478642726467,188.45123762759218,23809.567625292842,0.0,44.665154661252565,31074.635342949812,0.0,2.6456477255076463,2.67034867024174e-7,0.00032304431006691114,0,0
0.0024500000000000004,259.28319285003556,-299.3410938583291,40.0579010082937,17.573577420894377,-58.990944880393535,41.4173674594992,1.7763568394002505e-14,-43.66189544279304,-59.98165898729036,-73.59063562599266,188.4508162012317,23874.04003743693,0.0,45.01283926337317,31074.496361046615,0.0,2.6766441464124897,2.67034867024174e-7,0.0003254670622579725,0,0
0.0024600000000000004,260.02007062350765,-298.86181100484373,38.84174038133615,17.73835695757287,-59.26739461880978,41.52903766123695,1.7763568394002505e-14,-43.98613349557498,-60.14278345432552,-74.02737379929513,188.4503922817693,23938.149817293805,0.0,45.36174711623197,31074.356557258645,0.0,2.7078900674914808,2.67034867024174e-7,0.0003278961437393757,0,0
0.0024700000000000004,260.7532529362204,-298.37828066349186,37.62502772727153,17.9040724787176,-59.54403343073666,41.639960952019095,2.1316282072803006e-14,-44.31120365909414,-60.30299583678921,-74.46499067341011,188.44996586415445,24001.89614384638,0.0,45.7118752391679,31074.215929925853,0.0,2.7393865189267927,2.67034867024174e-7,0.00033033150660091715,0,0
0.00248,261.48272936803016,-297.89050970630984,36.40778033827984,18.070725442055398,-59.82085816504268,41.75013272298732,2.1316282072803006e-14,-44.63710076186892,-60.46229409777733,-74.90347586032549,188.44953694339577,24065.27820137493,0.0,46.06322062465568,31074.07447740775,0.0,2.771134529932823,2.67034867024174e-7,0.000332773151128396,0,0
0.00249,262.2084895514622,-297.3985050656026,35.190015514140455,18.238317279794465,-60.097865635164816,41.85954835537038,1.4210854715202004e-14,-44.963819621964284,-60.62067621381195,-75.34281885829452,188.44910551456147,24128.295179467103,0.0,46.415780238170456,31073.93219808353,0.0,2.8031351287296253,2.67034867024174e-7,0.0003352209945012563,0,0
0.0025,262.93052317185794,-296.9022737338453,33.97175056198746,18.406849398368244,-60.37505261912566,41.96820322075745,1.7763568394002505e-14,-45.29135504706737,-60.778140174866195,-75.78300905235822,188.44867157278014,24190.94627302789,0.0,46.76955101805345,31073.789090352362,0.0,2.8353893425161454,2.67034867024174e-7,0.0003376750233906045,0,0
0.00251,263.6488199675212,-296.4018227635834,32.75300279606234,18.576323178180463,-60.652415859553194,42.07609268137275,1.0658141036401503e-14,-45.619701834563536,-60.93468398438917,-76.22403571487564,188.44823511324134,24253.230682289413,0.0,47.12452987537918,31073.645152633548,0.0,2.8678981974432807,2.67034867024174e-7,0.00034013517716777186,0,0
0.00252,264.3633697298647,-295.8971592673331,31.53378953746854,18.746739973351346,-60.929952063702984,42.183212090351645,7.105427357601002e-15,-45.948854771612694,-61.0903056593305,-76.66588800606151,188.44779613119624,24315.147612820758,0.0,47.48071369382378,31073.500383366787,0.0,2.9006627185867533,2.67034867024174e-7,0.0003426014458917659,0,0
0.00253,265.0741623035546,-295.38829041747965,30.3141281139252,18.918101111465123,-61.20765790348281,42.28955679201773,2.842170943040401e-14,-46.27880863522551,-61.24500323016459,-77.10855497453112,188.44735462195828,24376.69627553763,0.0,47.838099329534764,31073.354781012342,0.0,2.9336839299197996,2.67034867024174e-7,0.0003450737645175894,0,0
0.00254,265.78118758665516,-294.8752234461758,29.094035859520737,19.090407893318798,-61.48553001547991,42.39512212216114,1.7763568394002505e-14,-46.60955819233973,-61.39877474091502,-77.5520255578527,188.44691058090382,24437.875886712034,0.0,48.19668361100192,31073.208344051265,0.0,2.9669628542856796,2.67034867024174e-7,0.0003475520999287607,0,0
0.00255,266.48443553077203,-294.357965645239,27.873530114467055,19.263661592672147,-61.76356500099051,42.49990340831839,1.4210854715202004e-14,-46.94109819989701,-61.5516182491784,-77.99628858310703,188.4464640034727,24498.685667981805,0.0,48.55646333892982,31073.061070985612,0.0,3.0005005133700067,2.67034867024174e-7,0.0003500364215564544,0,0
0.00256,267.18389614119525,-293.8365243660474,26.652628224852236,19.437863455999,-62.041759426051996,42.60389597005302,1.4210854715202004e-14,-47.273423404919484,-61.70353182614821,-78.44133276745451,188.44601488516895,24559.124846360053,0.0,48.917435286111385,31072.91296033865,0.0,3.0342979276728994,2.67034867024174e-7,0.00035252668655327835,0,0
0.0025700000000000002,267.87955947704137,-293.3109070194359,25.431347542394604,19.61301470223993,-62.32010982147753,42.70709511923762,1.0658141036401503e-14,-47.606528544586666,-61.854513556638416,-78.88714671870912,188.4455632215614,24619.192654244634,0.0,49.27959619730296,31072.76401065506,0.0,3.0683561164809565,2.67034867024174e-7,0.0003550228577107184,0,0
0.0025800000000000003,268.5714156513945,-292.7811210755904,24.20970542419598,19.78911652255607,-62.59861268289313,42.809496160337076,1.0658141036401503e-14,-47.94040834631258,-62.00456153910687,-79.33371893592019,188.44510900828425,24678.88832942742,0.0,49.642942789100815,31072.614220501113,0.0,3.1026760978390575,2.67034867024174e-7,0.00035752487044676817,0,0
0.0025900000000000003,269.25945483144704,-292.2471740639418,22.987719232494964,19.966170080084527,-62.87726447077718,42.91109439069267,7.105427357601002e-15,-48.275057527822696,-62.15367388567845,-79.78103780996068,188.44465224103777,24738.211115103564,0.0,50.007471749818805,31072.463588464954,0.0,3.1372588885219876,2.67034867024174e-7,0.0003600327307642093,0,0
0.0026000000000000003,269.94366723863914,-291.70907357305913,21.765406334420216,20.14417650969488,-63.15606161050253,43.011885100807696,2.842170943040401e-14,-48.61047079723147,-62.30184872216816,-80.22909162412311,188.44419291558884,24797.1602598807,0.0,50.37317973936766,31072.312113156706,0.0,3.172105504005894,2.67034867024174e-7,0.00036254635855120787,0,0
0.0026100000000000003,270.624043148798,-291.1668272505414,20.542784101743617,20.32313691774723,-63.43500049238105,43.111863574633844,1.7763568394002505e-14,-48.946642853119606,-62.44908418810383,-80.67786855472245,188.4437310277716,24855.735017788007,0.0,50.74006338913548,31072.159793208742,0.0,3.2072169584395676,2.67034867024174e-7,0.00036506572919933755,0,0
0.0026200000000000004,271.300572892276,-290.62044280290917,19.319869910633226,20.503052381851653,-63.714077471710524,43.211025089858886,3.552713678800501e-15,-49.283568384611655,-62.59537843674887,-81.12735667170597,188.4432665734881,24913.934648285252,0.0,51.10811930186979,31072.00662727586,0.0,3.2425942646155583,2.67034867024174e-7,0.00036759080058318405,0,0
0.0026300000000000004,271.973246854088,-290.0699279954948,18.09668114140691,20.68392395062891,-63.99328886882427,43.30936491819538,1.0658141036401503e-14,-49.62124207145378,-62.74072963512449,-81.57754393927027,188.44279954870882,24971.758416271754,0.0,51.47734405156097,31071.852614035495,0.0,3.278238433941123,2.67034867024174e-7,0.0003701215419050219,0,0
0.0026400000000000004,272.64205547404794,-289.51529065233234,16.87323517828448,20.865752643472717,-64.27263096914305,43.40687832567035,1.0658141036401503e-14,-49.959658584091535,-62.88513596403204,-82.0284182164853,188.44232994947333,25029.205592095215,0.0,51.847734183327,31071.6977521879,0.0,3.3141504764090053,2.67034867024174e-7,0.0003726579043348277,0,0
0.00265,273.30698924690495,-288.956538656046,15.649549409141171,21.048539450313424,-64.55210002322947,43.50356057291607,1.0658141036401503e-14,-50.29881258374776,-63.02859561807498,-82.4799672579253,188.4418577718909,25086.275451560537,0.0,52.21928621329986,31071.54204045637,0.0,3.350331400568052,2.67034867024174e-7,0.0003751998571451254,0,0
0.00266,273.9680387224783,-288.3936799477386,14.425641225260398,21.232285331383043,-64.83169224684505,43.59940691546203,7.105427357601002e-15,-50.6386987225009,-63.171106805680694,-82.93217871430653,188.44138301214105,25142.967275938565,0.0,52.591996628513286,31071.385477587384,0.0,3.3867822134936714,2.67034867024174e-7,0.00037774733284307027,0,0
0.00267,274.6251945057917,-287.82672252687814,13.20152802108658,21.41699121698199,-65.11140382100947,43.6944126040275,3.552713678800501e-15,-50.97931164336296,-63.31266774912211,-83.3850401331323,188.44090566647412,25199.280351974707,0.0,52.96586188679186,31071.22806235087,0.0,3.42350392075812,2.67034867024174e-7,0.00038030031796337793,0,0
0.00268,275.27844725720684,-287.2556744511847,11.97722719397793,21.60265800724701,-65.39123089206251,43.78857288481552,1.4210854715202004e-14,-51.320645980358094,-63.453276684539,-83.83853895934433,188.44042573121195,25255.21397189748,0.0,53.34087841664185,31071.069793540355,0.0,3.460497526400639,2.67034867024174e-7,0.0003828587690552221,0,0
0.00269,275.92778769255625,-286.68054383651526,10.752756143959054,21.789286571920872,-65.67116957172841,43.881882999807544,3.552713678800501e-15,-51.66269635860084,-63.59293186195938,-84.29266253598125,188.43994320274842,25310.767433427038,0.0,53.717042617143264,31070.91066997317,0.0,3.4977640328974284,2.67034867024174e-7,0.00038542263794930087,0,0
0.0027,276.57320658327484,-286.101338856749,9.528132273474233,21.97687775012345,-65.95121593718271,43.974338187059274,1.0658141036401503e-14,-52.005457394375036,-63.73163154532038,-84.74739810484378,188.43945807755,25365.940039783596,0.0,54.09435085784363,31070.750690490633,0.0,3.5353044411314682,2.67034867024174e-7,0.0003879918787827452,0,0
0.00271,277.2146947565316,-285.5180677436709,8.303372987139236,22.16543235012432,-66.23136603112148,44.06593368099717,3.552713678800501e-15,-52.3489236952123,-63.869374012489075,-85.20273280716657,188.43897035215636,25420.73109969573,0.0,54.47279947865313,31070.589853958256,0.0,3.5731197503621797,2.67034867024174e-7,0.00039056646958682273,0,0
0.00272,277.8522430953598,-284.93073878685425,7.07849569149453,22.35495114911703,-66.51161586183314,44.156664712716136,1.4210854715202004e-14,-52.69308985997098,-64.00615755528305,-85.65865368429687,188.43848002318094,25475.139927408654,0.0,54.85238478974125,31070.428159265917,0.0,3.611210958194939,2.67034867024174e-7,0.0003931463574799454,0,0
0.0027300000000000002,278.48584253878613,-284.33936033354377,5.853517794757762,22.54543489299481,-66.79196140327261,44.24652651027782,1.0658141036401503e-14,-53.03795047891513,-64.1419804794909,-86.11514767837963,188.4379870873115,25529.16584269242,0.0,55.23310307143515,31070.265605328055,0.0,3.649579060550437,2.67034867024174e-7,0.0003957314984505689,0,0
0.0027400000000000002,279.11548408196006,-283.74394078853635,4.628456706576338,22.736884296127947,-67.0723985951381,44.33551429901016,7.105427357601002e-15,-53.38350013379365,-64.27684110489236,-86.57220163304949,188.43749154131075,25582.808170850003,0.0,55.6149505741193,31070.102191083868,0.0,3.6882250516338866,2.67034867024174e-7,0.0003983218753144946,0,0
0.0027500000000000003,279.7411587762817,-283.1444886140615,3.40332983778,22.92930004114276,-67.35292334295016,44.42362330180741,3.552713678800501e-15,-53.72973339791946,-64.41073776527836,-87.0298022941289,188.43699338201674,25636.06624272537,0.0,55.99792351813684,31069.93791549744,0.0,3.7271499239040895,2.67034867024174e-7,0.0004009173956212586,0,0
0.0027600000000000003,280.3628577295285,-282.54101232966167,2.178154600133378,23.12268277870211,-67.63353151813335,44.51084873943126,1.0658141036401503e-14,-54.07664483624888,-64.5436688084707,-87.4879363103333,188.43649260634365,25688.93939471139,0.0,56.38201809369247,31069.77277755803,0.0,3.7663546680423496,2.67034867024174e-7,0.0004035180769633717,0,0
0.0027700000000000003,280.98057210598233,-281.9335205120707,0.9529484060885314,23.317033127287683,-67.91421895810029,44.597185830812634,1.4210854715202004e-14,-54.424229005461,-64.67563259634183,-87.94659023398219,188.4359892112822,25741.42696875777,0.0,56.76723046075692,31069.60677628015,0.0,3.8058402729212455,2.67034867024174e-7,0.00040612384302476934,0,0
0.0027800000000000004,281.59429312655453,-281.3220217950918,-0.27227133146252186,23.512351672983765,-68.19498146633815,44.682629793354394,1.0658141036401503e-14,-54.77248045403741,-64.80662750483407,-88.40575052171718,188.43548319390018,25793.528312378807,0.0,57.15355674897289,31069.439910703804,0.0,3.8456077255732586,2.67034867024174e-7,0.00040873466160104566,0,0
0.0027900000000000004,282.20401206891097,-280.70652486947546,-1.4974871994354253,23.708638969262765,-68.47581481249757,44.767175843234845,1.7763568394002505e-14,-55.12139372234177,-64.93665192397896,-88.86540353522597,188.43497455134312,25845.242778661108,0.0,57.54099305756271,31069.272179894662,0.0,3.885658011159262,2.67034867024174e-7,0.00041135050436152953,0,0
0.0028000000000000004,282.8097202675958,-280.0870384827954,-2.722681784800385,23.905895536772427,-68.75671473248423,44.85081919571184,2.842170943040401e-14,-55.470963342699676,-65.06570425791604,-89.32553554197295,188.43446328083468,25896.56972627133,0.0,57.92953545523756,31069.1035829442,0.0,3.9259921129368673,2.67034867024174e-7,0.0004139713029763237,0,0
0.0028100000000000004,283.4114091141549,-279.46357143932426,-3.9478376748305113,24.10412186312471,-69.03767692855249,44.93355506542779,1.0658141036401503e-14,-55.82118383947853,-65.19378292491184,-89.78613271593599,188.4339493796773,25947.50851946363,0.0,58.31917998010824,31068.93411896994,0.0,3.9666110122286375,2.67034867024174e-7,0.0004165970471261826,0,0
0.00282,284.00907005725776,-278.8361325999089,-5.172937457348719,24.30331840268638,-69.3186970694018,45.01537866671544,1.4210854715202004e-14,-56.17204972916765,-65.32088635737843,-90.24718113834939,188.43343284525267,25998.058528087244,0.0,58.709922639597615,31068.763787115553,0.0,4.007515688390159,2.67034867024174e-7,0.00041922765697061104,0,0
0.00283,284.60269460281955,-278.2047308818441,-6.397963720975334,24.503485576371272,-69.59977079027546,45.09628521390423,2.842170943040401e-14,-56.52355552045842,-65.4470130018916,-90.70866679845338,188.4329136750223,26048.21912759389,0.0,59.101759410354724,31068.5925865511,0.0,4.04870711877799,2.67034867024174e-7,0.000421863128409139,0,0
0.00284,285.19227431412145,-277.56937525874577,-7.622899055375546,24.704623771434388,-69.88089369306162,45.17626992162726,1.4210854715202004e-14,-56.87569571432436,-65.57216131920931,-91.17057559424924,188.43239186652798,26097.98969904506,0.0,59.49468623817033,31068.420516473165,0.0,4.090186278717461,2.67034867024174e-7,0.0004245034020022298,0,0
0.00285,285.7778008119308,-276.93007476042374,-8.847726051507,24.906733341267728,-70.16206134639702,45.25532800512932,1.7763568394002505e-14,-57.22846480410171,-65.69632978428956,-91.63289333326094,188.43186741739243,26147.369629119374,0.0,59.888699037894376,31068.247576105037,0.0,4.131954141470356,2.67034867024174e-7,0.00042714844998259505,0,0
0.00286,286.35926577461987,-276.2868384727532,-10.072427301866629,25.109814605197755,-70.44326928577293,45.33345468057519,1.0658141036401503e-14,-57.58185727556983,-65.81951688630808,-92.09560573330282,188.4313403253196,26196.358310119696,0.0,60.283793693354916,31068.073764696866,0.0,4.174011678202466,2.67034867024174e-7,0.00042979819970268007,0,0
0.00287,286.93666093828455,-275.6396755375456,-11.296985400738926,25.31386784828482,-70.72451301364347,45.41064516535868,1.7763568394002505e-14,-57.935867607031724,-65.94172112867591,-92.55869842325305,188.43081058809543,26244.95513998026,0.0,60.67996605727874,31067.89908152586,0.0,4.216359857951009,2.67034867024174e-7,0.0004324526462033407,0,0
0.00288,287.5099780968615,-274.98859515241867,-12.521382944442744,25.518893321124335,-71.00578799953672,45.486894678412426,2.1316282072803006e-14,-58.2904902693948,-66.06294102905692,-93.02215694383335,188.43027820358816,26293.15952227374,0.0,61.07721195121374,31067.723525896425,0.0,4.258999647591929,2.67034867024174e-7,0.00043511172832524925,0,0
0.00289,288.0792091022448,-274.33360657066595,-13.74560253157877,25.724891239649633,-71.28708968016761,45.562198440517975,-3.552713678800501e-15,-58.6457197262515,-66.18317511938483,-93.48596674839422,188.42974316974892,26340.970866218137,0.0,61.47552716545281,31067.54709714035,0.0,4.301932011807073,2.67034867024174e-7,0.0004377754121880628,0,0
0.0029000000000000002,288.64434586440194,-273.674719101125,-14.969626763276862,25.931861784936853,-71.56841345955384,45.636551674617024,2.4868995751603507e-14,-59.00155043396051,-66.30242194588008,-93.95011320370662,188.4292054846122,26388.388586683734,0.0,61.87490745895964,31067.369794616934,0.0,4.345157913051245,2.67034867024174e-7,0.00044044364006695647,0,0
0.0029100000000000003,289.2053803514886,-273.0119421080451,-16.1934382434433,26.139805103011472,-71.84975470913385,45.709949606122386,7.105427357601002e-15,-59.35797684172729,-66.42068006906689,-94.41458159075901,188.42866514629637,26435.41210419986,0.0,62.27534855929598,31067.191617713197,0.0,4.388678311519138,2.67034867024174e-7,0.00044311637749702704,0,0
0.0029200000000000003,289.76230458996275,-272.34528501095457,-17.417019579008034,26.348721304656824,-72.13110876788714,45.78238746323034,1.4210854715202004e-14,-59.71499339168558,-66.53794806378946,-94.87935710556025,188.42812215300415,26482.040844961582,0.0,62.676846162550724,31067.01256584402,0.0,4.432494165112157,2.67034867024174e-7,0.0004457936021732001,0,0
0.0029300000000000003,290.31511066469835,-271.67475728452627,-18.640353380171888,26.55861046522445,-72.41247094245736,45.85386047723294,1.4210854715202004e-14,-60.07259451897835,-66.65422451922849,-95.34442485994843,188.42757650302312,26528.27424083645,0.0,63.07939593327079,31066.8326384523,0.0,4.476606429405115,2.67034867024174e-7,0.00044847525647231934,0,0
0.0029400000000000003,290.86379071909727,-271.00036845844346,-19.86342226065369,26.769472624446244,-72.6938365072772,45.92436388283099,1.7763568394002505e-14,-60.43077465183912,-66.76950803891724,-95.80976988240516,188.42702819472612,26574.11172937092,0.0,63.4829935043935,31066.6518350091,0.0,4.521016057612828,2.67034867024174e-7,0.0004511612982040225,0,0
0.0029500000000000004,291.40833695520166,-270.322128117264,-21.08620883793752,26.981307786248692,-72.97520070469628,45.99389291844761,1.4210854715202004e-14,-60.7895282116734,-66.88379724075764,-96.27537711887558,188.4264772265718,26619.552753797005,0.0,63.88763447718091,31066.470155013805,0.0,4.565724000556584,2.67034867024174e-7,0.00045385167132822035,0,0
0.0029600000000000004,291.948741633804,-269.6400459002847,-22.308695733519183,27.194115918568748,-73.25655874511091,46.062442826542195,2.1316282072803006e-14,-61.14884961314011,-66.99709075703574,-96.74123143359401,188.42592359710505,26664.5967630386,0.0,64.29331442115571,31066.287597994313,0.0,4.610731206630517,2.67034867024174e-7,0.00045654635671077415,0,0
0.0029700000000000004,292.48499707455755,-268.95413150140337,-23.53086557315406,27.407896953171875,-73.53790580709652,46.13000885392467,1.4210854715202004e-14,-61.508733264233165,-67.10938723443742,-97.20731760991495,188.42536730495755,26709.243211717796,0.0,64.70002887403896,31066.10416350714,0.0,4.656038621767863,2.67034867024174e-7,0.0004592452991914464,0,0
0.0029800000000000004,293.01709565608564,-268.26439466898205,-24.752700987103594,27.6226507854719,-73.81923703754234,46.19658625207046,1.7763568394002505e-14,-61.869173566363145,-67.22068533406373,-97.6736203511496,188.42480834884807,26753.491560161223,0.0,65.10777334168961,31065.91985113761,0.0,4.701647189407112,2.67034867024174e-7,0.00046194846925895483,0,0
0.00299,293.5450298160896,-267.5708452057079,-25.97418461038157,27.83837727435281,-74.10054755178837,46.26217027743559,1.7763568394002505e-14,-62.23016491443902,-67.33098373144581,-98.14012428140808,188.4242467275831,26797.34127440619,0.0,65.5165432980455,31065.734660499973,0.0,4.7475578504580564,2.67034867024174e-7,0.00046465581923649246,0,0
0.003,294.06879205145634,-266.8734929684538,-27.19529908300253,28.05507624199254,-74.38183243376488,46.32675619177236,7.105427357601002e-15,-62.59170169695,-67.44028111655999,-98.60681394644658,188.42368244005712,26840.791826206732,0.0,65.92633418506676,31065.548591237555,0.0,4.793771543267747,2.67034867024174e-7,0.0004673672830697029,0,0
0.00301,294.5883749183652,-266.17234786813873,-28.41602705022644,28.27274747368877,-74.66308673613403,46.3903392624453,2.1316282072803006e-14,-62.95377829604746,-67.54857619384238,-99.07367381452025,188.42311548525325,26883.842693039747,0.0,66.3371414126801,31065.361643022945,0.0,4.840289203586326,2.67034867024174e-7,0.00047008285629601687,0,0
0.00302,295.1037710323936,-265.4674198695866,-29.636351162806942,28.491390717686635,-74.94430548043405,46.452914762747476,3.197442310920451e-14,-63.31638908762696,-67.65586768220342,-99.54068827724102,188.42254586224348,26926.493358110885,0.0,66.74896035872561,31065.17381555809,0.0,4.8871117645327855,2.67034867024174e-7,0.00047280247209707804,0,0
0.00303,295.61497306862185,-264.7587189913846,-30.856254077237196,28.711005685008452,-75.22548365722557,46.51447797221716,2.842170943040401e-14,-63.679528441410376,-67.76215431504214,-100.00784165044072,188.4219735701893,26968.743310360416,0.0,67.16178636890513,31064.985108574478,0.0,4.934240156560617,2.67034867024174e-7,0.000475526106692048,0,0
0.00304,296.1219737617375,-264.04625530574083,-32.07571845599653,28.931592049285555,-75.50661622624028,46.57502417695477,2.4868995751603507e-14,-64.043190721028,-67.86743484026024,-100.4751181750396,188.42139860834195,27010.59204446903,0.0,67.57561475673222,31064.795521833228,0.0,4.9816753074233695,2.67034867024174e-7,0.0004782536882246835,0,0
0.00305,296.6247659061384,-263.33003893834143,-33.294726967796834,29.153149446591964,-75.78769811653206,46.63454866994013,2.4868995751603507e-14,-64.40737028410089,-67.97170802027601,-100.94250201791961,188.420820976043,27052.039060863575,0.0,67.9904408034841,31064.605055125285,0.0,5.029418142140118,2.67034867024174e-7,0.00048098519119951777,0,0
0.0030600000000000002,297.1233423560353,-262.61008006820634,-34.51326228782887,29.375677475280234,-76.06872422663025,46.693046751350025,7.105427357601002e-15,-64.77206148232325,-68.07497263203788,-101.40997727280309,188.42024067272465,27093.08386572264,0.0,68.40625975815551,31064.413708271546,0.0,5.077469582960839,2.67034867024174e-7,0.0004837205854016091,0,0
0.0030700000000000002,297.6176960255533,-261.88638892754454,-35.731307098008514,29.599175695819476,-76.34968942469533,46.75051372887589,2.1316282072803006e-14,-65.1372586615447,-68.17722746703814,-101.87752796113594,188.41965769791025,27133.72597098221,0.0,68.82306683741416,31064.22148112296,0.0,5.125830549331699,2.67034867024174e-7,0.0004864598066475212,0,0
0.0030800000000000003,298.10781988883235,-261.1589758016093,-36.94884408722285,29.823643630635008,-76.6305885486768,46.80694491804183,2.4868995751603507e-14,-65.502956161853,-68.2784713313258,-102.34513803297654,188.41907205121467,27173.96489434107,0.0,69.24085722555806,31064.02837356072,0.0,5.174501957860253,2.67034867024174e-7,0.000489202836677638,0,0
0.0030900000000000003,298.59370698012754,-260.4278510285511,-38.16585595157625,30.049080763950574,-76.91141640647336,46.86233564252282,2.1316282072803006e-14,-65.8691483176564,-68.37870304552006,-102.81279136788868,188.41848373234464,27213.80015926621,0.0,69.6596260744748,31063.834385496346,0.0,5.223484722280568,2.67034867024174e-7,0.0004919496120669165,0,0
0.0031000000000000003,299.07535039390785,-259.69302499927136,-39.382325394636396,30.275486541632343,-77.19216777609549,46.916681234463155,3.552713678800501e-15,-66.23582945776653,-68.47792144482287,-103.28047177583983,188.41789274109922,27253.231294998193,0.0,70.07936850360258,31063.639516871826,0.0,5.272779753418257,2.67034867024174e-7,0.0004947000895717257,0,0
0.0031100000000000004,299.5527432849542,-258.9545081572745,-40.59823512767956,30.50286037103515,-77.4728374058301,46.969977034794994,2.4868995751603507e-14,-66.60299390548107,-68.57612537903174,-103.74816299810423,188.4172990773702,27292.25783655641,0.0,70.50007959989301,31063.443767659766,0.0,5.322387959155434,2.67034867024174e-7,0.00049745422052902,0,0
0.0031200000000000004,300.02587886845686,-258.21231099851957,-41.81356786993714,30.731201620850662,-77.75342001440761,47.02221839355699,2.1316282072803006e-14,-66.97063597866645,-68.67331371255194,-104.2158487081706,188.41670274114244,27330.8793247442,0.0,70.92175441777589,31063.247137863527,0.0,5.3723102443955915,2.67034867024174e-7,0.0005002119980190012,0,0
0.0031300000000000004,300.4947504201119,-257.46644407127104,-43.028306348840744,30.96050962095796,-78.03391029117114,47.073400670213225,2.4868995751603507e-14,-67.33874998984086,-68.76948532440909,-104.68351251265423,188.41610373249435,27369.095306153973,0.0,71.34438797912571,31063.049627517314,0.0,5.422547511028405,2.67034867024174e-7,0.0005029733475968856,0,0
0.0031400000000000004,300.9593512762168,-256.7169179759489,-44.242433300267884,31.19078366227595,-78.31430289624808,47.12351923397219,3.552713678800501e-14,-67.70733024625723,-68.86463910826077,-105.15113795221421,188.4155020515981,27406.905333172224,0.0,71.76797527323026,31062.8512366863,0.0,5.473100657894461,2.67034867024174e-7,0.0005057382144789679,0,0
0.0031500000000000005,301.41967483376493,-255.9637433649781,-45.45593146878683,31.422022996618146,-78.59459246072382,47.17256946410569,1.4210854715202004e-14,-68.0763710499861,-68.95877397240876,-105.61870850247482,188.41489769872024,27444.308963984506,0.0,72.19251125676065,31062.65196546681,0.0,5.5239705807499115,2.67034867024174e-7,0.0005085066034367369,0,0
0.00316,301.8757145505396,-255.20693094263692,-46.668783607902654,31.654226836549448,-78.87477358681761,47.22054675026822,3.197442310920451e-14,-68.4458666979989,-69.0518888398102,-106.08620757495157,188.4142906742218,27481.3057625802,0.0,72.61799085374368,31062.45181398638,0.0,5.575158172231061,2.67034867024174e-7,0.000511278429529971,0,0
0.00317,302.32746394520706,-254.4464914649052,-47.88097248030182,31.887394355245096,-79.15484084806093,47.26744649281585,1.0658141036401503e-14,-68.81581148225106,-69.14398264808922,-106.55361851798209,188.41368097855883,27517.89529875737,0.0,73.04440895553584,31062.250782403873,0.0,5.626664321818892,2.67034867024174e-7,0.0005140536489080805,0,0
0.00318,302.7749165974084,-253.6824357393111,-49.092480858097254,32.12152468635212,-79.43478878947764,47.31326410312556,2.842170943040401e-14,-69.18619968976515,-69.23505434954829,-107.02092461765999,188.41306861228273,27554.07714812747,0.0,73.47176042079919,31062.04887090966,0.0,5.678489915803512,2.67034867024174e-7,0.0005168322515167467,0,0
0.00319,303.218066147851,-252.91477462477775,-50.30329152307323,32.35661692385234,-79.71461192776681,47.357995003914496,1.4210854715202004e-14,-69.55702560271422,-69.32510291117889,-107.48810909877524,188.41245357604055,27589.85089211994,0.0,73.9000400754792,31061.84607972568,0.0,5.7306358372485455,2.67034867024174e-7,0.0005196141735777371,0,0
0.0032,303.6569062983989,-252.14351903146874,-51.513387266930046,32.592670121928194,-79.99430475148728,47.40163462955914,3.197442310920451e-14,-69.92828349850528,-69.4141273146724,-107.95515512575682,188.41183587057537,27625.216117986714,0.0,74.3292427127844,31061.642409105552,0.0,5.783102965955466,2.67034867024174e-7,0.0005223993593748422,0,0
0.00321,304.0914308121621,-251.36867992063333,-52.722750891528655,32.82968329483039,-80.27386172124477,47.444178426414425,2.4868995751603507e-14,-70.29996764986257,-69.50212655643075,-108.42204580362088,188.4112154967267,27660.17241880678,0.0,74.75936309316813,31061.437859334736,0.0,5.835892178427864,2.67034867024174e-7,0.000525187790242243,0,0
0.00322,304.52163351358547,-250.59026830445035,-53.931365209135,33.06765541674808,-80.55327726988091,47.48562185313287,2.4868995751603507e-14,-70.67207232491106,-69.58909964757682,-108.88876417892203,188.4105924554307,27694.719393490537,0.0,75.19039594431183,31061.2324307306,0.0,5.88900434783566,2.67034867024174e-7,0.0005279794153399131,0,0
0.0032300000000000002,304.9475082885364,-249.80829524587182,-55.13921304266437,33.306585421680765,-80.83254580266453,47.52596038098381,2.842170943040401e-14,-71.04459178726007,-69.67504561396426,-109.35529324071007,188.40996674772057,27728.85664678402,0.0,75.62233596111055,31061.02612364253,0.0,5.942440343979264,2.67034867024174e-7,0.0005307741770196883,0,0
0.0032400000000000003,305.3690490843916,-249.02277185846592,-56.34627722592547,33.54647220331307,-81.11166169748516,47.56518949417213,2.4868995751603507e-14,-71.41752029608685,-69.75996349618786,-109.82161592148923,188.40933837472693,27762.583789273303,0.0,76.05517780566026,31060.818938452052,0.0,5.996201033253683,2.67034867024174e-7,0.0005335720434703206,0,0
0.0032500000000000003,305.7862499101233,-248.2337093062587,-57.5525406038644,33.78731461489129,-81.39061930504853,47.603304690157266,1.4210854715202004e-14,-71.7908521062202,-69.84385234959305,-110.2877150981825,188.40870733767804,27795.900437388485,0.0,76.48891610724716,31060.610875572962,0.0,6.05028727861257,2.67034867024174e-7,0.0005363729831572017,0,0
0.0032600000000000003,306.1991048363843,-247.44111880357553,-58.75798603280863,34.029111469102446,-81.66941294907429,47.64030147997187,1.7763568394002505e-14,-72.1645814682241,-69.92671124428547,-110.7535735930994,188.40807363790017,27828.80621340789,0.0,76.92354546233864,31060.401935451366,0.0,6.104699939532237,2.67034867024174e-7,0.0005391769356278275,0,0
0.0032700000000000003,306.6076079955922,-246.645011614882,-59.96259638071009,34.27186153795543,-81.94803692649586,47.676175388540464,2.1316282072803006e-14,-72.5387026284817,-70.00853926514031,-111.21917417490796,188.40743727681792,27861.30074546201,0.0,77.35906043457659,31060.19211856582,0.0,6.15943987197561,2.67034867024174e-7,0.000541983855078948,0,0
0.0032800000000000004,307.01175358201294,-245.84539905462339,-61.16635452738946,34.51556355266461,-82.2264855076624,47.71092195499783,2.1316282072803006e-14,-72.91320982927894,-70.0893355118115,-111.68449955960976,188.40679825595447,27893.383667537437,0.0,77.79545555477223,31059.981425427435,0.0,6.214507928356148,2.67034867024174e-7,0.0005447936993575042,0,0
0.0032900000000000004,307.4115358518432,-245.04229248706412,-62.36924336477894,34.76021620353555,-82.50475293654267,47.744536733007166,2.1316282072803006e-14,-73.28809730888851,-70.16909909874033,-112.14953241151983,188.40615657693195,27925.054619480692,0.0,78.2327253209031,31059.769856579976,0.0,6.269904957501716,2.67034867024174e-7,0.000547606448068616,0,0
0.0033000000000000004,307.80694912329193,-244.23570332612616,-63.57124579716569,35.00581813985325,-82.7828334309314,47.77701529107818,1.4210854715202004e-14,-73.6633593016537,-70.24782915516464,-112.61425534424899,188.40551224147168,27956.313247002025,0.0,78.67086419811199,31059.55741259992,0.0,6.325631804618418,2.67034867024174e-7,0.0005504220224600287,0,0
0.0033100000000000004,308.19798777666125,-243.42564303522695,-64.77234474143424,35.252367969772365,-83.06072118265729,47.80835321288494,7.105427357601002e-15,-74.03899003807251,-70.32552482512685,-113.07865092169114,188.40486525139448,27987.15920167908,0.0,79.10986661870771,31059.344094096596,0.0,6.381689311254394,2.67034867024174e-7,0.0005532404017614678,0,0
0.0033200000000000005,308.5846462544264,-242.6121231271163,-65.97252312731008,35.49986426021013,-83.33841035779336,47.838546097583276,2.4868995751603507e-14,-74.41498374488148,-70.40218526748251,-113.54270165901272,188.40421560862092,28017.592140960503,0.0,79.54972698216791,31059.129901712255,0.0,6.438078315263584,2.67034867024174e-7,0.0005560615430755256,0,0
0.00333,308.96691906131457,-241.79515516371274,-67.17176389760176,35.748305536741185,-83.61589509686917,47.86758956012802,1.7763568394002505e-14,-74.79133464513976,-70.4778096559082,-114.00639002364673,188.40356331517165,28047.61172816944,0.0,79.99043965514362,31058.91483612216,0.0,6.494799650769448,2.67034867024174e-7,0.000558885388592889,0,0
0.00334,309.3448007643829,-240.97475075593948,-68.3700500084434,35.99769028349516,-83.89316951508543,47.89547923159033,3.552713678800501e-14,-75.16803695831359,-70.55239717890957,-114.46969843629003,188.40290837316763,28077.217632507076,0.0,80.43199897146624,31058.698898034676,0.0,6.551854148128673,2.67034867024174e-7,0.0005617119054938668,0,0
0.00335,309.7182859930961,-240.15092156355902,-69.56736442953697,36.248016943056264,-84.17022770253013,47.92221075947391,2.842170943040401e-14,-75.54508490035983,-70.625947039829,-114.93260927190322,188.40225078483041,28106.40952905591,0.0,80.87439923215582,31058.482088191366,0.0,6.609242633894831,2.67034867024174e-7,0.000564541042325617,0,0
0.00336,310.08736943940227,-239.3236792950079,-70.76369014439423,36.499283916365435,-84.44706372439705,47.947779808031655,2.1316282072803006e-14,-75.92247268381062,-70.69845845685285,-115.395104860715,188.40159055248236,28135.187098783143,0.0,81.31763470543189,31058.264407367056,0.0,6.6669659307820215,2.67034867024174e-7,0.0005673727652226457,0,0
0.00337,310.4520458578086,-238.49303570722972,-71.95901015057876,36.75148956262466,-84.7236716212062,47.972182058581566,1.7763568394002505e-14,-76.30019451785748,-70.76993066301887,-115.8571674892288,188.40092767854696,28163.550028543774,0.0,81.76169962672579,31058.045856369947,0.0,6.725024857628491,2.67034867024174e-7,0.000570207025155367,0,0
0.00338,310.81231006545613,-237.6590026055086,-73.1533074599474,37.0046321992039,-85.00004540902628,47.99541320982243,2.4868995751603507e-14,-76.67824460843555,-70.84036290622328,-116.31877940123337,188.40026216554904,28191.49801108389,0.0,82.2065881986954,31057.826436041654,0.0,6.783420229360226,2.67034867024174e-7,0.0005730437760546603,0,0
0.0033900000000000002,311.16815694219287,-236.82159184330092,-74.3465650988918,37.258710101550136,-85.276179079699,48.01746897814891,2.4868995751603507e-14,-77.05661715830783,-70.9097544492274,-116.77992279881582,188.399594016115,28219.030745043572,0.0,82.65229459124144,31057.60614725734,0.0,6.842152856954524,2.67034867024174e-7,0.0005758829820351474,0,0
0.0034000000000000002,311.5195814306471,-235.98081532206734,-75.53876610857962,37.513721503098985,-85.5520666010655,48.038345097966555,2.1316282072803006e-14,-77.43530636714962,-70.97810456966447,-117.24057984337824,188.39892323297306,28246.147934959976,0.0,83.09881294152602,31057.384990925715,0.0,6.901223547403551,2.67034867024174e-7,0.0005787245809659725,0,0
0.0034100000000000003,311.866578536299,-235.13668499110324,-76.7298935451956,37.769664595188615,-85.82770191719476,48.058037322006186,2.842170943040401e-14,-77.81430643163304,-71.04541256004596,-117.7007326566572,188.3982498189535,28272.849291270224,0.0,83.546137353993,31057.16296798921,0.0,6.960633103677881,2.67034867024174e-7,0.000581568553545353,0,0
0.0034200000000000003,312.2091433275516,-234.2892128473691,-77.9199304801824,38.026537526976156,-86.10307894861381,48.07654142163771,2.4868995751603507e-14,-78.19361154551109,-71.11167772776787,-118.16036332174579,188.39757377698885,28299.134530314204,0.0,83.99426190039041,31056.940079423963,0.0,7.020382324690023,2.67034867024174e-7,0.0005844148323077003,0,0
0.0034300000000000003,312.5472709358009,-233.43841093532004,-79.10886000048077,38.28433840535626,-86.37819159253999,48.093853187183775,2.4868995751603507e-14,-78.5732158997023,-71.17689939511652,-118.61945388411954,188.39689511011414,28325.003374337328,0.0,84.44318061979486,31056.716326239934,0.0,7.080472005257935,2.67034867024174e-7,0.0005872633925325665,0,0
0.0034400000000000003,312.8809565555052,-232.5842913467344,-80.29666520877063,38.5430652948824,-86.65303372311507,48.109968428232705,2.1316282072803006e-14,-78.9531136823753,-71.2410768992746,-119.07798635266376,188.39621382146711,28350.455551493167,0.0,84.8928875186378,31056.491709480964,0.0,7.14090293606853,2.67034867024174e-7,0.0005901141794474318,0,0
0.0034500000000000004,313.21019544425315,-231.72686622054218,-81.48332922371095,38.80271621769045,-86.92759919164146,48.12488297395106,2.842170943040401e-14,-79.3332990790332,-71.3042095923266,-119.53594270070494,188.39552991428843,28375.490795846115,0.0,85.34337657073402,31056.266230224857,0.0,7.201675903641177,2.67034867024174e-7,0.0005929671554867899,0,0
0.0034600000000000004,313.53498292283143,-230.86614774265232,-82.66883518017907,39.06328915342456,-87.20188182681993,48.138592673395394,1.4210854715202004e-14,-79.71376627259795,-71.36629684126413,-119.99330486704393,188.39484339192182,28400.108847373813,0.0,85.79464171731178,31056.039889583408,0.0,7.262791690291192,2.67034867024174e-7,0.0005958222675186975,0,0
0.0034700000000000004,313.855314375291,-230.0021481457796,-83.85316622951137,39.32478203916569,-87.47587543498963,48.15109339582397,1.4210854715202004e-14,-80.0945094434952,-71.42733802799131,-120.45005475699229,188.39415425781434,28424.30945196964,0.0,86.24667686704525,31055.8126887025,0.0,7.324251074093335,2.67034867024174e-7,0.000598679475920183,0,0
0.0034800000000000005,314.171185249013,-229.13487970927076,-85.03630553974213,39.58719276936244,-87.74957380036989,48.16238103100751,3.907985046680551e-14,-80.47552276973887,-71.48733254932945,-120.9061742434111,188.39346251551652,28448.092361445048,0.0,86.6994758960888,31055.584628762164,0.0,7.386054828845299,2.67034867024174e-7,0.0006015387472754485,0,0
0.0034900000000000005,314.4825910547729,-228.26435475892995,-86.21823629584284,39.85051919576432,-88.02297068530359,48.17245148953929,1.4210854715202004e-14,-80.85680042701544,-71.54627981702201,-121.36164516775199,188.39276816868258,28471.457333531835,0.0,87.15303264811325,31055.35571097661,0.0,7.448203724031202,2.67034867024174e-7,0.000604400010697892,0,0
0.0035,314.7895273668051,-227.39058566684378,-87.3989416999613,40.11475912735763,-88.29605983050268,48.181300703145084,1.7763568394002505e-14,-81.23833658876885,-71.60417925773902,-121.8164493411007,188.3920712210706,28494.40413188434,0.0,87.60734093434418,31055.125936594322,0.0,7.510698524785086,2.67034867024174e-7,0.0006072632524076749,0,0
0.00351,315.0919898228652,-226.51358485120485,-88.57840497166016,40.37991033030351,-88.56883495529553,48.188924624992055,1.7763568394002505e-14,-81.6201254262852,-71.66103031308141,-122.27056854522368,188.3913716765427,28516.93252608154,0.0,88.06239453360223,31054.89530689809,0.0,7.573539991854434,2.67034867024174e-7,0.0006101284138034235,0,0
0.00352,315.389974124292,-225.63336477613626,-89.7566093481556,40.645970527878866,-88.84128975787594,48.1953192299971,1.0658141036401503e-14,-82.00216110877713,-71.71683243958532,-122.72398453361579,188.39066953906507,28539.042291629186,0.0,88.51818719234534,31054.663823205065,0.0,7.6367288815636645,2.67034867024174e-7,0.0006129954497531287,0,0
0.00353,315.6834760360692,-224.74993795151354,-90.9335380845555,40.91293740041924,-89.11341791555391,48.2004805151347,1.7763568394002505e-14,-82.38443780346876,-71.77158510872573,-123.17667903255125,188.3899648127084,28560.73320996161,0.0,88.97471262471295,31054.43148686682,0.0,7.700265945777666,2.67034867024174e-7,0.0006158643248488915,0,0
0.00354,315.9724913868849,-223.8633169327874,-92.10917445409733,41.18080858526467,-89.38521308500859,48.20440449974397,3.197442310920451e-14,-82.76694967568034,-71.82528780692031,-123.62863374213639,188.38925750164776,28582.00506844372,0.0,89.4319645125724,31054.19829926938,0.0,7.764151931865337,2.67034867024174e-7,0.0006187349807066367,0,0
0.00355,316.25701606919114,-222.97351432080492,-93.28350174838603,41.449581676707766,-89.65666890254249,48.20708722583473,3.552713678800501e-15,-83.14969088891276,-71.87794003553314,-124.0798303373643,188.38854761016293,28602.857660372792,0.0,89.88993650556718,31053.9642618333,0.0,7.828387582663136,2.67034867024174e-7,0.000621607379607203,0,0
0.0035600000000000002,316.53704603926246,-222.08054276163097,-94.45650327763136,41.71925422594418,-89.92777898433779,48.208524758393644,1.7763568394002505e-14,-83.53265560493271,-71.92954131087741,-124.5302504691723,188.38783514263844,28623.29078498013,0.0,90.34862222116706,31053.729376013678,0.0,7.892973636438654,2.67034867024174e-7,0.0006244814863055337,0,0
0.0035700000000000003,316.8125773172532,-221.1844149463679,-95.62816237088512,41.98982374102588,-90.19853692671437,48.208713185688495,3.552713678800501e-15,-83.91583798385699,-71.98009116421929,-124.97987576550024,188.38712010356372,28643.30424743283,0.0,90.8080152447205,31053.493643300222,0.0,7.957910826854208,2.67034867024174e-7,0.0006273572352902823,0,0
0.0035800000000000003,317.0836059872539,-220.2851436109755,-96.79846237627832,42.261287686816615,-90.46893630638937,48.20764861957279,2.1316282072803006e-14,-84.29923218423748,-72.02958914178001,-125.42868783235176,188.3864024975333,28662.89785883516,0.0,91.26810912950877,31053.257065217298,0.0,8.023199882930452,2.67034867024174e-7,0.0006302346144627102,0,0
0.0035900000000000003,317.3501281973473,-219.38274153609012,-97.96738666125711,42.53364348495009,-90.73897068073882,48.20532719578877,2.4868995751603507e-14,-84.68283236314593,-72.0780348047392,-125.87666825485691,188.38568232924686,28682.071436230308,0.0,91.72889739680244,31053.019643323925,0.0,8.088841529010017,2.67034867024174e-7,0.0006331135487283035,0,0
0.0036000000000000003,317.6121401596629,-218.47722154684266,-99.13491861282009,42.80688851379049,-91.00863358806058,48.201745074270136,2.4868995751603507e-14,-85.06663267625862,-72.12542772923688,-126.32379859833664,188.38495960350932,28700.82480260155,0.0,92.1903735359194,31052.781379213855,0.0,8.154836484721173,2.714245029566964e-7,0.0006359940018715871,0,0
0.0036100000000000004,317.8696381504306,-217.56859651267646,-100.30104163775405,43.08102010839572,-91.27791854783925,48.19689843944359,3.552713678800501e-14,-85.45062727794115,-72.17176750637603,-126.7700604093689,188.38423432523103,28719.157786873722,0.0,92.65253100428524,31052.54227451561,0.0,8.22118546494153,2.764834043933462e-7,0.0006388759474662276,0,0
0.0036200000000000004,318.12261851003404,-216.65687934716468,-101.46573916286933,43.35603556048288,-91.54681906101274,48.19078350052991,2.4868995751603507e-14,-85.8348103213334,-72.2170537422244,-127.21543521685693,188.38350649942785,28737.07022391444,0.0,93.11536322749555,31052.30233089248,0.0,8.28788917976176,2.8153910902606327e-7,0.0006417593143219213,0,0
0.0036300000000000004,318.3710776430624,-215.74208300782618,-102.62899463523617,43.63193211839654,-91.81532861024027,48.183396491843766,1.7763568394002505e-14,-86.21917595843402,-72.26128605781649,-127.65990453309803,188.38277613122122,28754.561954535257,0.0,93.57886359938004,31052.061550042585,0.0,8.354948334449356,2.8661428849718895e-7,0.0006446440810921605,0,0
0.0036400000000000004,318.61501201836137,-214.82422049594194,-103.7907915224194,43.90870698707936,-92.08344066017236,48.17473367309303,2.4868995751603507e-14,-86.60371834018557,-72.30446408915515,-128.1034498548555,188.3820432258383,28771.632825492772,0.0,94.04302548206911,31051.819933698902,0.0,8.422363629412422,2.9169408627405247e-7,0.000647530188985751,0,0
0.0036500000000000005,318.8544181690836,-213.90330485636983,-104.95111331271362,44.18635732804531,-92.35114865772209,48.164791329676824,2.4868995751603507e-14,-86.98843161655896,-72.34658748721289,-128.54605266443028,188.38130778861193,28788.28268948965,0.0,94.50784220606177,31051.577483629277,0.0,8.490135760163517,2.9679177410146806e-7,0.0006504176072764101,0,0
0.0036600000000000005,319.0892926927376,-212.97934917735967,-106.10994351537785,44.46488025935546,-92.61844603233843,48.153565772983015,2.4868995751603507e-14,-87.37330993663852,-72.38765591793336,-128.9876944307353,188.38056982498094,28804.511405175595,0.0,94.97330707029612,31051.33420163645,0.0,8.558265417283522,3.0188690131049967e-7,0.0006533062714859927,0,0
0.00367,319.3196322512367,-212.05236659036677,-107.2672656608698,44.74427285559616,-92.88532619628054,48.14105334068445,3.907985046680551e-14,-87.75834744870656,-72.42766906223203,-129.42835661037057,188.37982934048995,28820.318837148137,0.0,95.43941334222153,31051.090089558104,0.0,8.626753286385554,3.069907333619337e-7,0.0006561961489102708,0,0
0.00368,319.54543357094576,-211.1223702698656,-108.42306330108003,45.02453214785992,-93.15178254489446,48.12725039703457,1.7763568394002505e-14,-88.14353830032852,-72.46662661599726,-129.86802064869983,188.37908634078968,28835.70485595349,0.0,95.9061542578731,31050.845149266854,0.0,8.69560004807894,3.1210630846434384e-7,0.0006590871985883429,0,0
0.00369,319.7666934427283,-210.18937343316242,-109.57732000956575,45.30565512372883,-93.4178084568905,48.1121533331617,1.7763568394002505e-14,-88.52887663843724,-72.5045282900907,-130.30666798092764,188.37834083163688,28850.669338087217,0.0,96.37352302194763,31050.599382670305,0.0,8.764806377933208,3.1723584154041973e-7,0.000661979378712374,0,0
0.0037,319.98340872199174,-209.2533893402074,-110.73001938178415,45.58763872726031,-93.68339729462289,48.095758567362594,3.552713678800501e-15,-88.91435660941815,-72.54137381034782,-130.74428003317928,188.37759281889436,28865.21216599482,0.0,96.84151280788213,31050.352791711015,0.0,8.834372946442151,3.2236608404900835e-7,0.000664872632021779,0,0
0.00371,320.1955763287323,-208.31443129340647,-111.88114503532564,45.87047985897573,-93.94854240437061,48.07806254539494,3.197442310920451e-14,-89.29997235919384,-72.57716291757792,-131.18083822357931,188.37684230853114,28879.333228072395,0.0,97.31011675793388,31050.105378366556,0.0,8.904300418987944,3.2750118098001657e-7,0.0006677669186366808,0,0
0.00372,320.4031932475786,-207.3725126374317,-113.03068061014669,46.154175375851324,-94.2132371166199,48.05906174076862,2.842170943040401e-14,-89.68571803330892,-72.61189536756427,-131.61632396333366,188.37608930662242,28893.032418666997,0.0,97.77932798326296,31049.857144649515,0.0,8.974589455805297,3.326481217702515e-7,0.0006706622015440755,0,0
0.0037300000000000002,320.60625652783466,-206.42764675903223,-114.17860976880225,46.43872209131183,-94.47747474634812,48.038752655036305,7.105427357601002e-15,-90.07158777701474,-72.64557093106387,-132.0507186578107,188.37533381934963,28906.309638077077,0.0,98.24913956401622,31049.608092607486,0.0,9.04524071194568,3.377913744273542e-7,0.0006735584211822743,0,0
0.0037400000000000003,320.8047632835219,-205.47984708684356,-115.32491619667817,46.72411677522658,-94.7412485933092,48.01713181808269,3.907985046680551e-14,-90.45757573535404,-72.67818939380672,-132.4840037076243,188.37457585300052,28919.164792552772,0.0,98.71954454941371,31049.358224323114,0.0,9.116254837241602,3.429438344693114e-7,0.0006764555464262578,0,0
0.0037500000000000003,320.99871069341975,-204.52912709119713,-116.4695836022225,47.01035615390818,-95.0045519423207,47.994195788412554,1.7763568394002505e-14,-90.84367605324579,-72.70975055649565,-132.91616050971717,188.37381541396908,28931.597794296187,0.0,99.1905359578369,31049.107541914087,0.0,9.187632476270943,3.4811778601429033e-7,0.000679353545540301,0,0
0.0037600000000000003,321.1880960011064,-203.57550028392842,-117.6125957171778,47.297436910113774,-95.26737806355196,47.969941153438214,1.7763568394002505e-14,-91.22988287556986,-72.74025423480501,-133.34717045844525,188.37305250875565,28943.608561461497,0.0,99.66210677691869,31048.856047533114,0.0,9.259374268321364,3.532849654486192e-7,0.0006822523462194363,0,0
0.0037700000000000003,321.37291651499726,-202.6189802181852,-118.753936296812,47.58535568304889,-95.52972021281414,47.94436452976532,3.907985046680551e-14,-91.61619034725177,-72.76970025937977,-133.77701494666235,188.37228714396682,28955.19701815499,0.0,100.134249963636,31048.603743367952,0.0,9.331480847354769,3.584493116215448e-7,0.0006851519084123958,0,0
0.0037800000000000004,321.55316960838377,-201.65958048823492,-119.89358912014882,47.87410906837374,-95.79157163185137,47.917462563477656,1.7763568394002505e-14,-92.00259261334719,-72.79808847583439,-134.2056753668063,188.3715193263156,28966.363094435193,0.0,100.60695844440365,31048.350631641428,0.0,9.403952841971837,3.6362894664798695e-7,0.0006880522061965544,0,0
0.0037900000000000004,321.7288527194705,-200.69731472927137,-121.03153799019913,48.16369361821238,-96.05292554863337,47.88923193042103,2.1316282072803006e-14,-92.38908381912682,-72.82541874475118,-134.6331331119842,188.37074906262126,28977.106726312682,0.0,101.08022511517062,31048.0967146114,0.0,9.476790875376631,3.6881250220499595e-7,0.0006909531841909899,0,0
0.0038000000000000004,321.89996335141166,-199.73219661722086,-122.16776673419065,48.454105841163965,-96.31377517764963,47.85966933648571,2.4868995751603507e-14,-92.77565811016088,-72.85169094167858,-135.05936957705953,188.3699763598094,28987.427855749942,0.0,101.55404284151837,31047.841994570765,0.0,9.549995565341273,3.739956123960386e-7,0.0006938547940083806,0,0
0.0038100000000000005,322.0664990723463,-198.76423986854823,-123.3022592037979,48.74534220231702,-96.57411372020475,47.82877151788779,3.552713678800501e-14,-93.1623096324038,-72.87690495712933,-135.48436615973912,188.369201224912,28997.32643066114,0.0,102.02840445876075,31047.58647384746,0.0,9.623567524170692,3.79177316267576e-7,0.0006967569906913829,0,0
0.0038200000000000005,322.22845751543315,-197.7934582400614,-124.43499927537165,49.0373991232661,-96.83393436471523,47.79653524144917,1.7763568394002505e-14,-93.54903253227877,-72.9010606965785,-135.90810426166004,188.3684236650672,29006.80240491184,0.0,102.50330277204623,31047.33015480447,0.0,9.697507358667451,3.8437839391947115e-7,0.0006996597509804636,0,0
0.0038300000000000005,322.38583637888433,-196.81986552871604,-125.56597085016817,49.330272982131014,-97.09323028700771,47.76295730487678,4.618527782440651e-14,-93.93582095676234,-72.9241580804609,-136.33056528947742,188.36764368751952,29015.85573831852,0.0,102.97873055646208,31047.073039839775,0.0,9.771815670096652,3.895722163471671e-7,0.0007025630042729047,0,0
0.0038400000000000005,322.5386334259979,-195.8434755714197,-126.69515785457797,49.623960113578626,-97.35199465061835,47.72803453703977,2.4868995751603507e-14,-94.32266905346893,-72.94619704416883,-136.75173065595237,188.36686129961964,29024.486396648233,0.0,103.45468055714024,31046.815131386375,0.0,9.846493054150924,3.9476861657394835e-7,0.0007054667163802486,0,0
0.00385,322.68684648518945,-194.86430224483505,-127.82254424035426,49.91845680884731,-97.61022060709354,47.691763798246285,3.197442310920451e-14,-94.70957097073529,-72.9671775380492,-137.17158178103975,188.36607650882445,29032.694351617916,0.0,103.93114548936549,31046.556431912268,0.0,9.921540100915488,3.999665947329589e-7,0.0007083708423307744,0,0
0.00386,322.8304734500234,-193.8823594651822,-128.948113984841,50.21375931577388,-97.86790129629225,47.65414198051842,2.842170943040401e-14,-95.09652085770537,-72.98709952740063,-137.59010009297617,188.365289322697,29040.479580893825,0.0,104.40811803868547,31046.29694392043,0.0,9.996957394833322,4.051726571197012e-7,0.0007112753446023024,0,0
0.00387,322.9695122792427,-192.89766118804178,-130.07185109120073,50.50986383882325,-98.12502984668902,47.615166007865795,1.7763568394002505e-14,-95.48351286441407,-73.00596299247047,-138.00726702936782,188.36449974890644,29047.842068090882,0.0,104.88559086102248,31046.0366699488,0.0,10.07274551467039,4.1037536668842023e-7,0.000714180167843248,0,0
0.00388,323.10396099679775,-191.91022140815588,-131.19373958864168,50.8067665391204,-98.3815993756788,47.57483283655843,1.4210854715202004e-14,-95.87054114187231,-73.02376792845119,-138.42306403827902,188.36370779522792,29054.781802771773,0.0,105.36355658278761,31045.775612570258,0.0,10.148905033480979,4.1557832489158564e-7,0.0007170852716156806,0,0
0.0038900000000000002,323.2338176918747,-190.9200541592295,-132.31376353264505,51.10446353448528,-98.63760298988274,47.53313945539751,2.4868995751603507e-14,-96.2575998421511,-73.04051434547708,-138.83747257931927,188.3629134695426,29061.29878044616,0.0,105.84200780099643,31045.5137743926,0.0,10.22543651857313,4.207818973256394e-7,0.0007199906123524502,0,0
0.0039000000000000003,323.35908051892255,-189.9271735137309,-133.43190700519153,51.40295089946994,-98.89303378545526,47.49008288598537,3.197442310920451e-14,-96.64468311846599,-73.05620226862037,-139.25047412473157,188.36211677983755,29067.393002569697,0.0,106.32093708338692,31045.251158058512,0.0,10.302340531474146,4.2597614538508743e-7,0.0007228961361729347,0,0
0.00391,323.47974769767916,-188.9315935826919,-134.5481541149871,51.702224665398575,-99.14788484839227,47.445660182993784,5.3290705182007514e-14,-97.03178512526137,-73.07083173788726,-139.66205016047928,188.36131773420567,29073.064476543084,0.0,106.80033696853921,31044.987766245587,0.0,10.379617627896213,4.311882596252925e-7,0.0007258018262815691,0,0
0.003920000000000001,323.59581751319683,-187.933328515507,-135.6624889976898,52.00228082040977,-99.40214925484077,47.39986843443104,2.4868995751603507e-14,-97.41890001829475,-73.08440280821392,-140.07218218733377,188.3605163408456,29078.31321571084,0.0,107.2801999659974,31044.72360166622,0.0,10.457268357702116,4.363843114918442e-7,0.0007287076048414776,0,0
0.00393,323.7072883158666,-186.93239249973252,-136.77489581613406,52.303115309501784,-99.6558200714093,47.35270476190759,4.618527782440651e-14,-97.80602195472099,-73.0969155494619,-140.4808517219605,188.3597126080617,29083.13923936025,0.0,107.76051855639298,31044.45866706765,0.0,10.535293264871038,4.4159320847225736e-7,0.0007316134568324806,0,0
0.00394,323.81415852144164,-185.92879976088483,-137.88535876055667,52.60472403457993,-99.90889035547998,47.3041663209001,3.197442310920451e-14,-98.19314509317664,-73.1083700464138,-140.88804029800582,188.35890654426382,29087.54257272004,0.0,108.24128519157078,31044.192965231872,0.0,10.613692887464508,4.467938496122148e-7,0.0007345193172567654,0,0
0.00395,323.9164266110597,-184.922564562238,-138.99386204882163,52.90710285450686,-100.16135315552118,47.254250301014366,2.842170943040401e-14,-98.58026359386398,-73.11876639876809,-141.2937294671822,188.3580981579673,29091.523246958965,0.0,108.72249229471629,31043.92649897564,0.0,10.692467757592402,4.519882007003595e-7,0.0007374251441465973,0,0
0.00396,324.01409113126493,-183.91370120462176,-140.10038992664306,53.210247585155464,-100.41320151140177,47.20295392624635,2.842170943040401e-14,-98.96737161863498,-73.12810472113486,-141.69790080035366,188.3572874577929,29095.081299184676,0.0,109.20413226048504,31043.65927115042,0.0,10.771618401379062,4.5718312072229317e-7,0.0007403309005022951,0,0
0.0039700000000000004,324.10715069402823,-182.90222402621743,-141.2049266678107,53.514153999463836,-100.66442845470611,47.15027445524233,3.552713678800501e-14,-99.35446333107586,-73.13638514302959,-142.10053588862033,188.35647445246656,29098.216772441818,0.0,109.68619745513423,31043.391284642352,0.0,10.851145338929578,4.623831350303309e-7,0.0007432365469543512,0,0
0.00398,324.1956039767673,-181.88814740235472,-142.30745657441253,53.818817827493675,-100.9150270090503,47.09620918155669,3.552713678800501e-14,-99.7415328965904,-73.14360780886886,-142.50161634440164,188.3556591508194,29100.929715710845,0.0,110.16868021665582,31043.1225423722,0.0,10.931049084296088,4.67568936485252e-7,0.0007461420203395686,0,0
0.0039900000000000005,324.2794497223652,-180.87148574530696,-143.40796397705813,54.12423475649033,-101.16499019039966,47.040755433909396,3.552713678800501e-14,-100.12857448248482,-73.14977287796388,-142.90112380252017,188.35484156178754,29103.22018390611,0.0,110.65157285491202,31042.853047295324,0.0,11.0113301454443,4.7276271927798597e-7,0.0007490472990162866,0,0
0.004,324.3586867391883,-179.8522535040868,-144.50643323510133,54.43040043094614,-101.41431100738681,46.983910576440714,2.842170943040401e-14,-100.51558225805088,-73.1548805245153,-143.2990399212832,188.35402169441195,29105.08823787427,0.0,111.13486765177208,31042.582802401634,0.0,11.091989024220016,4.779486011685652e-7,0.0007519523232575875,0,0
0.0040100000000000005,324.4333139011031,-178.8304651642404,-145.6028487368625,54.73731045266589,-101.66298246163119,46.92567200896538,4.973799150320701e-14,-100.90255039465038,-73.15893093760661,-143.6953463835641,188.3531995578384,29106.53394439239,0.0,111.6185568612518,31042.31181071553,0.0,11.173026216315895,4.831306181507511e-7,0.0007548570532977528,0,0
0.00402,324.50333014749253,-177.80613524764186,-146.69719489985044,55.04496038083519,-101.91099754805927,46.86603716722415,4.263256414560601e-14,-101.28947306579838,-73.16192432119865,-144.09002489788236,188.35237516131716,29107.55737616622,0.0,112.10263270965388,31042.040075295867,0.0,11.254442211238215,4.883040945202755e-7,0.0007577614406608091,0,0
0.004030000000000001,324.5687344832707,-176.7792783122866,-147.78945617098398,55.35334573209098,-102.15834925522623,46.80500352313531,3.907985046680551e-14,-101.67634444724783,-73.16386089412245,-144.48305719948345,188.35154851420302,29108.158611827977,0.0,112.5870873957114,31041.767599235904,0.0,11.336237492273876,4.934773026876726e-7,0.0007606654498348575,0,0
0.00404,324.6295259788973,-175.74990895208478,-148.87961702681233,55.66246198059511,-102.40503056563784,46.7425685850428,3.552713678800501e-14,-102.0631587170723,-73.16474089007326,-144.87442505141595,188.35071962595504,29108.33773593461,0.0,113.07191309073202,31041.494385663238,0.0,11.41841253645741,4.986427865061316e-7,0.0007635690296058373,0,0
0.004050000000000001,324.68570377039055,-174.71804179665327,-149.96766197373717,55.97230455810999,-102.65103445607426,46.67872989796432,3.197442310920451e-14,-102.44991005575065,-73.16456455760314,-145.26411024560943,188.3498885061364,29108.09483896537,0.0,113.55710193874513,31041.220437739765,0.0,11.500967814538239,5.037990532252845e-7,0.0007664721347383774,0,0
0.00406,324.7372670593397,-173.68369151110855,-151.053575548231,56.282868854077265,-102.89635389791371,46.613485043836505,2.4868995751603507e-14,-102.83659264624967,-73.16333216011449,-145.65209460394945,188.3490551644143,29107.430017319886,0.0,114.04264605664976,31040.945758661634,0.0,11.583903790947943,5.089582902073619e-7,0.0007693747336942613,0,0
0.004070000000000001,324.7842151129163,-172.64687279585766,-152.13734231705854,56.59415021569855,-103.14098185745813,46.546831641759645,4.263256414560601e-14,-103.22320067410855,-73.16104397585228,-146.03835997935224,188.34821961055962,29106.34337331569,0.0,114.52853753436554,31040.67035165915,0.0,11.667220923767774,5.141134598596331e-7,0.0007722767757503135,0,0
0.00408,324.82654726388455,-171.6076003863897,-153.2189468774947,56.90614394801923,-103.38491129625882,46.47876734823964,2.842170943040401e-14,-103.6097283275216,-73.15770029789721,-146.42288825683764,188.34738185444692,29104.835015186054,0.0,115.01476843498449,31040.39421999674,0.0,11.750919664696191,5.192424609168356e-7,0.0007751781950836589,0,0
0.004090000000000001,324.8642629106109,-170.56588905306577,-154.29837385754502,57.21884531401433,-103.62813517144363,46.40928985742935,2.842170943040401e-14,-103.99616979742231,-73.15330143415741,-146.80566135460066,188.34654190605417,29102.90505707728,0.0,115.50133079492561,31040.11736697289,0.0,11.835000459016644,5.243806412702501e-7,0.0007780789833984336,0,0
0.0041,324.89736151707245,-169.52175360091,-155.37560791616244,57.532249534677405,-103.87064643604448,46.33839690136716,4.973799150320701e-14,-104.38251927756619,-73.14784770736121,-147.18666122508148,188.34569977546255,29100.55361904654,0.0,115.98821662409024,31039.83979592009,0.0,11.919463745565384,5.295121797976865e-7,0.0007809790812383921,0,0
0.00411,324.9258426128649,-168.47520886939822,-156.45063374346665,57.8463517891114,-104.11243803932625,46.26608625021491,3.907985046680551e-14,-104.76877096461459,-73.14133945504854,-147.5658698560344,188.34485547285627,29097.780827058992,0.0,116.47541790602055,31039.561510204727,0.0,12.004309956699514,5.346318169563435e-7,0.0007838784397238285,0,0
0.00412,324.94970579320875,-167.42626973224762,-157.52343606096105,58.161147214622765,-104.35350292711598,46.192355712493274,3.197442310920451e-14,-105.15491905821753,-73.13377702956313,-147.94326927159406,188.3440090085224,29094.58681298528,0.0,116.96292659805877,31039.282513227066,0.0,12.089539518265116,5.39741564331564e-7,0.000786777017262652,0,0
0.00413,324.9689507189554,-166.3749510972053,-158.59399962175007,58.47663090681746,-104.59383404213317,46.11720313531579,4.973799150320701e-14,-105.54095776109693,-73.12516079804399,-148.31884153334093,188.34316039285054,29090.97171459878,0.0,117.4507346315089,31039.002808421148,0.0,12.175152849565526,5.448472057412168e-7,0.0007896747760812173,0,0
0.0041400000000000005,324.98357711659185,-165.32126790583592,-159.6623092107558,58.79279791969971,-104.833424324321,46.04062640462132,1.0658141036401503e-14,-105.92688127913016,-73.11549114241635,-148.69256874136508,188.34230963633277,29086.935675572648,0.0,117.93883391180003,31038.72239925472,0.0,12.261150363329815,5.499401466990683e-7,0.0007925716640274916,0,0
0.00415,324.99358477824455,-164.26523513331017,-160.72834964493427,59.1096432657736,-105.07226671117772,45.962623445404176,3.197442310920451e-14,-106.31268382143236,-73.10476845938335,-149.064433035327,188.34145674956332,29082.478845477097,0.0,118.42721631865142,31038.441289229173,0.0,12.347532465681319,5.550196711390232e-7,0.0007954676368444602,0,0
0.0041600000000000005,324.9989735616826,-163.20686778819115,-161.79210577349124,59.42716191614664,-105.31035413808964,45.88319222194304,2.842170943040401e-14,-106.69835960044007,-73.09299316041663,-149.4344165955182,188.34060174323832,29077.601379776315,0.0,118.91587370623974,31038.159481879466,0.0,12.434299556106437,5.601000424848568e-7,0.0007983626653367826,0,0
0.00417,324.99974339031934,-162.1461809122217,-162.85356247809753,59.74534880063629,-105.54767953866394,45.802330738027706,3.552713678800501e-14,-107.08390283199361,-73.08016567174721,-149.80250164391836,188.33974462815564,29072.30343982544,0.0,119.40479790336752,31037.87698077402,0.0,12.521452027423459,5.651601621414759e-7,0.0008012566849077696,0,0
0.0041800000000000006,324.99589425321386,-161.08318958010994,-163.91270467310375,60.0641988078788,-105.7842358450631,45.720037037184355,3.907985046680551e-14,-107.46930773542043,-73.06628643435587,-150.1686704452516,188.33888541521463,29066.585192867395,0.0,119.89398071363432,31037.593789514678,0.0,12.60899026575167,5.702124829531918e-7,0.0008041496645786461,0,0
0.00419,324.98742620507096,-160.01790889931584,-164.96951730575492,60.38370678544068,-106.02001598833913,45.63630920289852,4.263256414560601e-14,-107.8545685336172,-73.05135590396384,-150.53290530803946,188.33802411541586,29060.446812029753,0.0,120.38341391560856,31037.3099117366,0.0,12.69691465048049,5.752671537462284e-7,0.0008070415710814127,0,0
0.004200000000000001,324.97433936624026,-158.9503540098357,-166.02398535640438,60.70386753993242,-106.25501289876917,45.551145358836806,3.197442310920451e-14,-108.23967945313314,-73.03537455102243,-150.8951885856533,188.33716073986082,29053.888476321346,0.0,120.87308926300216,31037.025351108154,0.0,12.785225554238897,5.802846302638276e-7,0.0008099323214703635,0,0
0.00421,324.95663392271473,-157.8805400839877,-167.07609383872688,61.024675837125095,-106.48921950619132,45.46454366906628,3.552713678800501e-14,-108.6246347242521,-73.0183428607034,-151.25550267736307,188.33629529975175,29046.910370628982,0.0,121.36299848484633,31036.74011133088,0.0,12.873923342864881,5.853034363012544e-7,0.0008128219109284074,0,0
0.004220000000000001,324.93431012612797,-156.80848232619564,-168.12582779993224,61.346126402069146,-106.72262874034135,45.376502338272275,4.263256414560601e-14,-109.00942858107555,-73.00026133288839,-151.6138300293845,188.33542780639132,29039.512685713948,0.0,121.85313328566961,31036.454196139384,0.0,12.963008375375193,5.903200738233139e-7,0.0008157102926252824,0,0
0.00423,324.9073682937505,-155.73419597277348,-169.17317232097687,61.66821391921586,-106.9552335311898,45.28701961197398,1.4210854715202004e-14,-109.3940552616044,-72.9811304821587,-151.97015313592408,188.33455827118235,29031.695618208592,0.0,122.34348534567701,31036.167609301203,0.0,13.05248100393513,5.953003980874172e-7,0.0008185973891131348,0,0
0.004240000000000001,324.8758088084854,-154.65769629170794,-170.21811251677738,61.9909330325411,-107.18702680927984,45.19609377673879,3.197442310920451e-14,-109.77850900782204,-72.96095083778431,-152.32445454022127,188.33368670562757,29023.45937061245,0.0,122.83404632093186,31035.880354616795,0.0,13.142341573828615,6.002850552189187e-7,0.0008214831977470249,0,0
0.00425,324.83963211886277,-153.5789985824425,-171.2606335364202,62.31427834567193,-107.41800150606566,45.10372316039381,4.263256414560601e-14,-110.16278406577592,-72.93972294371342,-152.67671683558802,188.33281312132934,29014.80415128899,0.0,123.32480784353842,31035.592435919367,0.0,13.232590423428316,6.052516595966839e-7,0.0008243676529273714,0,0
0.004260000000000001,324.7988387390335,-152.49811817565922,-172.30072056337414,62.63824442201506,-107.64815055425142,45.0099061322364,2.4868995751603507e-14,-110.54687468566041,-72.9174473585609,-153.02692266644718,188.33193752998932,29005.730174461452,0.0,123.81576152182711,31035.303857074825,0.0,13.323227884166068,6.102020927989393e-7,0.0008272507133366691,0,0
0.00427,324.7534292487618,-151.4150704330614,-173.33835881570036,62.96282578488855,-107.8774668881305,44.914641103242005,3.197442310920451e-14,-110.93077512189832,-72.89412465559747,-153.37505472936618,188.3310599434082,28996.237660209285,0.0,124.30689894054072,31035.01462198166,0.0,13.414254280503329,6.151448346536359e-7,0.0008301323442404529,0,0
0.00428,324.70340429341707,-150.32987074715462,-174.3735335462624,63.288016917655284,-108.10594344392584,44.8179265262706,2.4868995751603507e-14,-111.3144796332233,-72.86975542273774,-153.72109577408997,188.33018037348538,28986.326834464053,0.0,124.7982116610231,31034.724734570846,0.0,13.50566992990195,6.200693035973703e-7,0.0008330124919710413,0,0
0.00429,324.64876458396463,-149.2425345410285,-175.40623004293602,63.61381226385935,-108.33357316013003,44.71976089627074,3.197442310920451e-14,-111.6979824827616,-72.8443402625289,-154.06502860457027,188.32929883221868,28975.99792900558,0.0,125.28969122140897,31034.434198805735,0.0,13.59747514279503,6.249755513110244e-7,0.000835891113421694,0,0
0.0043,324.5895108969557,-148.15307726813745,-176.43643362881812,63.94020622736473,-108.56034897784646,44.62014275048179,3.552713678800501e-14,-112.08127793811376,-72.81787979213902,-154.40683607999213,188.32841533170406,28965.251181457883,0.0,125.78132913681561,31034.143018681974,0.0,13.689670222557945,6.298706446139501e-7,0.0008387681726252094,0,0
0.0043100000000000005,324.52564407451626,-147.06151441208075,-177.46412966243537,64.26719317249622,-108.78626384113066,44.51907066863452,4.618527782440651e-14,-112.46436027143668,-72.79037464334424,-154.74650111579803,188.32752988413523,28954.086835284863,0.0,126.27311689953659,31033.851198227367,0.0,13.782255465479652,6.347470251077958e-7,0.0008416436189744303,0,0
0.00432,324.4571650243354,-145.96786148638296,-178.4893035379523,64.59476742418326,-109.01131069733212,44.416543273148925,3.907985046680551e-14,-112.8472237595249,-72.76182546251732,-155.08400668470887,188.32664250180338,28942.505139786346,0.0,126.76504597923672,31033.5587415018,0.0,13.875231160734044,6.396156929378005e-7,0.0008445174204466666,0,0
0.0043300000000000005,324.38407471965184,-144.87213403427268,-179.51194068537896,64.9229232681056,-109.23548249743644,44.312559229330894,3.907985046680551e-14,-113.22986268389255,-72.73223291061444,-155.41933581774182,188.32575319709682,28930.506350093456,0.0,127.25710782314908,31033.265652597092,0.0,13.968597590351628,6.444479158373984e-7,0.0008473895053461855,0,0
0.00434,324.3063741992406,-143.77434762846258,-180.53202657077787,65.25165495084215,-109.45877219640808,44.207117245566,4.618527782440651e-14,-113.61227133085436,-72.7015976631633,-155.75247160522568,188.32486198250066,28918.0907271646,0.0,127.74929385627338,31032.971935636935,0.0,14.06235502919125,6.492885084585787e-7,0.0008502598755859292,0,0
0.004350000000000001,324.2240645673982,-142.67451787092736,-181.54954669647068,65.5809566800213,-109.68117275353336,44.100216073512115,3.552713678800501e-14,-113.99444399160748,-72.6699204102494,-156.08339719781253,188.32396887059647,28905.258537780705,0.0,128.24159548157644,31032.677594776716,0.0,14.156503744912152,6.540957906420175e-7,0.0008531284465729816,0,0
0.00436,324.13714699392654,-141.5726603926825,-182.56448660124389,65.91082262447459,-109.90267713276366,43.991854508289116,2.842170943040401e-14,-114.37637496231224,-72.63720185650374,-156.41209580748708,188.32307387406192,28892.0100545409,0.0,128.73400408019373,31032.38263420346,0.0,14.251043997946073,6.588839097931842e-7,0.0008559951895988349,0,0
0.004370000000000001,324.04562271411686,-140.46879085356153,-183.57683186055525,66.2412469143921,-110.12327830305934,43.88203138866729,3.197442310920451e-14,-114.7580585441739,-72.60344272108902,-156.73855070857164,188.32217700567043,28878.34555585777,0.0,129.2265110116334,31032.087058135683,0.0,14.34597604146969,6.636645873137059e-7,0.000858860073594564,0,0
0.00438,323.9494930287317,-139.36292494199418,-184.58656808673743,66.57222364148049,-110.34296923873347,43.770745597253054,3.552713678800501e-14,-115.13948904352313,-72.56864373768636,-157.06274523872915,188.32127827829083,28864.26532595272,0.0,129.71910761398107,31031.79087082327,0.0,14.441300121377113,6.684149549684992e-7,0.0008617230329023839,0,0
0.004390000000000001,323.8487593039867,-138.25507837478273,-185.59368092920388,66.9037468591236,-110.5617429197964,43.65799606067287,3.907985046680551e-14,-115.5206607718973,-72.53280565448159,-157.38466279996192,188.32037770488697,28849.769654851243,0.0,130.21178520410692,31031.494076547377,0.0,14.53701647625271,6.731538827187133e-7,0.0008645840436428132,0,0
0.0044,323.74342297153106,-137.14526689687935,-186.59815607465165,67.23581058254514,-110.77959233230008,43.54378174975501,4.263256414560601e-14,-115.90156804612118,-72.49592923415167,-157.7042868596077,188.31947529851735,28834.858838378088,0.0,130.70453507787397,31031.196679620276,0.0,14.633125337343994,6.778733770418377e-7,0.0008674430551098289,0,0
0.004410000000000001,323.6334855284272,-136.0335062811615,-187.5999792472656,67.56840878897377,-110.9965104686831,43.42810167970942,4.973799150320701e-14,-116.28220518838799,-72.45801525385002,-158.0216009513316,188.31857107233475,28819.533178152175,0.0,131.19734851034843,31030.898684385244,0.0,14.72962692853486,6.825603075522046e-7,0.0008703000115758974,0,0
0.00442,323.5189485371295,-134.91981232820862,-188.59913620892084,67.9015354178108,-111.21249032811555,43.31095491030484,5.3290705182007514e-14,-116.66256652633949,-72.41906450519284,-158.3365886761153,188.31766503958588,28803.792981581864,0.0,131.69021675601118,31030.600095216454,0.0,14.82652146631886,6.872407678770731e-7,0.0008731548964682478,0,0
0.004430000000000001,323.39981362546223,-133.8042008660767,-189.5956127593854,68.23518437080003,-111.42752491684453,43.19234054604456,3.197442310920451e-14,-117.0426463931472,-72.37907779424435,-158.6492337032422,188.31675721361094,28787.638561859654,0.0,132.1831310489714,31030.300916518827,0.0,14.923809159772855,6.91903448840625e-7,0.0008760076559546914,0,0
0.00444,323.2760824865962,-132.68668775007427,-190.58939473652177,68.56934951219996,-111.64160724853926,43.072257736339374,4.618527782440651e-14,-117.4224391275921,-72.33805594150226,-158.95951977127888,188.31584760784327,28771.070237957167,0.0,132.67608260318096,31030.00115272789,0.0,15.021490210530702,6.965367199129879e-7,0.0008788582358480734,0,0
0.00445,323.14775687902466,-131.5672888625363,-191.5804680164883,68.90402466895839,-111.85473034463715,42.950705675678826,3.907985046680551e-14,-117.80193907414561,-72.29599978188278,-159.26743068905353,188.3149362358089,28754.088334619868,0.0,133.16906261265154,31029.700808309666,0.0,15.119564812757298,7.01143095915846e-7,0.0008817065961648218,0,0
0.00446,323.01483862653856,-130.44602011259855,-192.56881851393993,69.23920363088935,-112.06688723468928,42.82768360380002,6.039613253960852e-14,-118.18114058304943,-72.25291016470571,-159.57295033663002,188.31402311112618,28736.69318236175,0.0,133.66206225167227,31029.39988776054,0.0,15.218033153122741,7.057432875323677e-7,0.0008845527151920829,0,0
0.00447,322.8773296182006,-129.3228974359721,-193.55443218222837,69.57488015085232,-112.2780709567063,42.70319080585404,3.907985046680551e-14,-118.56003801039542,-72.20878795367925,-159.87606266627844,188.31310824750543,28718.885117460035,0.0,134.15507267502952,31029.098395607107,0.0,15.316895410776706,7.103182805556774e-7,0.0008873965315416288,0,0
0.0044800000000000005,322.7352318083181,-128.19793679471613,-194.53729501360172,69.91104794493371,-112.48827455750481,42.57722661257118,4.263256414560601e-14,-118.93862571820637,-72.16363402688411,-160.17675170344188,188.31219165874836,28700.664481949563,0.0,134.64808501822816,31028.79633640603,0.0,15.416151757323112,7.148640714382815e-7,0.0008902379988211806,0,0
0.00449,322.5885472164154,-127.07115417701159,-195.51739303940366,70.24770069263091,-112.69749109305306,42.44979040042223,5.684341886080802e-14,-119.31689807451473,-72.11744927675879,-160.47500154769912,188.31127335874783,28682.031623617462,0.0,135.1410903977141,31028.49371474392,0.0,15.515802356794886,7.193847800790465e-7,0.0008930770788749265,0,0
0.0045000000000000005,322.4372779272053,-125.94256559693336,-196.4947123302718,70.5848320370381,-112.90571362881752,42.32088159177948,3.907985046680551e-14,-119.69484945344354,-72.07023461008251,-160.77079637372378,188.31035336148733,28662.986895997274,0.0,135.63407991109887,31028.190535237198,0.0,15.615847365629074,7.23889127862698e-7,0.0008959137381527871,0,0
0.00451,322.28142609055925,-124.81218709422365,-197.4692389963354,70.92243558503505,-113.11293524010881,42.19049965507381,1.7763568394002505e-14,-120.07247423528503,-72.0219909479604,-161.06412043223878,188.30943168104054,28643.530658363605,0.0,136.12704463738513,31027.886802531917,0.0,15.716286932642035,7.28365428109834e-7,0.0008987479227812734,0,0
0.004520000000000001,322.12099392147684,-123.68003473406276,-198.44095918741394,71.26050490747744,-113.31914901242834,42.05864410495094,2.842170943040401e-14,-120.449766806581,-71.97271922580627,-161.3549580509674,188.30850833157092,28623.663275725943,0.0,136.61997563719416,31027.58252130365,0.0,15.817121199004992,7.328144280838167e-7,0.0009015795913198121,0,0
0.00453,321.9559837000542,-122.54612460684197,-199.40985909321216,71.5990335393902,-113.52434804181422,41.92531450242406,1.7763568394002505e-14,-120.82672156020126,-71.92242039332697,-161.64329363558002,188.3075833273313,28603.38511882323,0.0,137.1128639529946,31027.277696257337,0.0,15.918350298219673,7.372461419130616e-7,0.0009044087116632793,0,0
0.004540000000000001,321.786397771452,-121.41047282793393,-200.375924943518,71.9380149801625,-113.72852543518796,41.79051045502552,3.552713678800501e-14,-121.20333289542396,-71.87109541450525,-161.9291116706364,188.30665668266332,28582.69656411763,0.0,137.60570060933284,31026.97233212713,0.0,16.019974356094306,7.416543885696569e-7,0.0009072352355958824,0,0
0.00455,321.6122385458616,-120.27309553746444,-201.339143008397,72.2774426937453,-113.93167431070046,41.65423161695523,3.552713678800501e-14,-121.57959521801382,-71.81874526758331,-162.21239672052403,188.30572841199714,28561.597993788775,0.0,138.09847661306483,31026.666433676222,0.0,16.121993490719703,7.460246802259984e-7,0.0009100591066118213,0,0
0.004560000000000001,321.433508498471,-119.13400890008208,-202.29949959838885,72.61731010885093,-114.1337877980783,41.51647768922744,4.973799150320701e-14,-121.95550294030176,-71.76537094504538,-162.49313343039253,188.30479852985084,28540.089795727392,0.0,138.59118295358925,31026.360005696755,0.0,16.22440781244572,7.503924600027467e-7,0.0009128803181500111,0,0
0.00457,321.2502101694299,-117.99322910472956,-203.25698106470026,72.95761061915525,-114.3348590389699,41.377248419814734,5.684341886080802e-14,-122.33105048126328,-71.71097345360101,-162.77130652708254,188.30386705083,28518.172363529506,0.0,139.0838106030822,31026.05305300958,0.0,16.327217423857785,7.547016749043234e-7,0.0009156987722604149,0,0
0.004580000000000001,321.06234616381323,-116.85077236441276,-204.21157379940033,73.29833758350159,-114.53488118729169,41.236543603790125,1.4210854715202004e-14,-122.70623226659777,-71.65555381416732,-163.04690082005186,188.3029339896273,28495.846096489942,0.0,139.5763505167337,31025.745580464194,0.0,16.43042241975383,7.59015858137202e-7,0.000918514490639899,0,0
0.00459,320.8699191515844,-115.70665491597099,-205.16326423561333,73.63948432610727,-114.73384740957374,41.09436308346651,1.4210854715202004e-14,-123.08104272880661,-71.59911306185163,-163.31990120229548,188.3019993610219,28473.11139959615,0.0,140.0687936329849,31025.437592938502,0.0,16.53402288712128,7.632822510428294e-7,0.0009213273787150311,0,0
0.004600000000000001,320.6729318675571,-114.56089301984538,-206.11203884771152,73.98104413677196,-114.93175088530613,40.95070674853427,5.684341886080802e-14,-123.45547630727224,-71.54165224593335,-163.5902926512627,188.3010631798791,28449.96868352175,0.0,140.5611308737675,31025.129095338714,0.0,16.63801890511444,7.675319532163272e-7,0.0009241374257709101,0,0
0.00461,320.4713871113568,-113.41350295984901,-207.05788415150766,74.3230102710886,-115.12858480728406,40.8055745361955,3.552713678800501e-14,-123.82952744833581,-71.4831724298467,-163.85806022976828,188.30012546114978,28426.418364620244,0.0,141.05335314474405,31024.820092599155,0.0,16.74241054503196,7.71752949740856e-7,0.0009269445781754371,0,0
0.00462,320.2652877473805,-112.26450104293413,-208.00078670444626,74.66537595065614,-115.32434238195373,40.65896643129765,3.197442310920451e-14,-124.20319060537624,-71.42367469116162,-164.12318908689997,188.29918621986994,28402.460864918183,0.0,141.54545133554973,31024.510589682097,0.0,16.847197870294693,7.759377767813103e-7,0.0009297487867361842,0,0
0.0046300000000000004,320.05463670475643,-111.1139035989613,-208.94073310579495,75.00813436329472,-115.51901682975756,40.510882466462924,4.263256414560601e-14,-124.57646023888773,-71.3631601215661,-164.38566445892081,188.2982454711602,28378.09661210886,0.0,142.03741632003585,31024.20059157763,0.0,16.952380936423687,7.801018807318538e-7,0.0009325500253528907,0,0
0.00464,319.83943697730217,-109.96172698046725,-209.8777099968348,75.35127866326286,-115.71260138547927,40.361322722216464,2.4868995751603507e-14,-124.94933081655789,-71.30162982684755,-164.64547167016718,188.29730323022525,28353.326039545493,0.0,142.52923895651438,31023.890103303474,0.0,17.057959791018412,7.842477361963418e-7,0.0009353482549420977,0,0
0.0046500000000000005,319.61969162348214,-108.8079875624318,-210.81170406105016,75.6948019714767,-115.90508929858885,40.21028732711222,4.973799150320701e-14,-125.32179681334588,-71.23908492687355,-164.90259613394164,188.29635951235346,28328.149586234355,0.0,143.020910088004,31023.57912990478,0.0,17.16393447373534,7.883503705119477e-7,0.0009381434090376395,0,0
0.00466,319.39540376636427,-107.65270174204609,-211.742702024318,76.03869737573177,-116.09647383358703,40.0577764578553,2.842170943040401e-14,-125.6938527115594,-71.17552655557385,-165.15702335340097,188.2954143329162,28302.56769682824,0.0,143.51242054247743,31023.267676454016,0.0,17.270305016266608,7.924197793218735e-7,0.0009409354561813743,0,0
0.0046700000000000005,319.1665765935755,-106.49588593847875,-212.6706906550966,76.38295793092618,-116.28674827034988,39.90379033942378,4.263256414560601e-14,-126.06549300093316,-71.11095586092009,-165.40873892244016,188.29446770736752,28276.580821619144,0.0,144.00376113311043,31022.955748050757,0.0,17.377071442319103,7.964645130364989e-7,0.0009437243636069848,0,0
0.00468,318.9332133572564,-105.33755659264315,-213.5956567646131,76.72757665928671,-116.47590590447274,39.748329245186085,2.842170943040401e-14,-126.43671217870555,-71.04537400490757,-165.6577285265704,188.29351965124346,28250.189416531717,0.0,144.4949226585315,31022.643349821556,0.0,17.484233767593615,8.004924138549363e-7,0.0009465100978043317,0,0
0.004690000000000001,318.69531737401513,-104.177730166963,-214.51758720705203,77.07254655059634,-116.66394004761403,39.59139349701777,5.684341886080802e-14,-126.80750474969642,-70.97878216353493,-165.90397794379243,188.2925701801616,28223.39394311572,0.0,144.9858959030736,31022.33048691969,0.0,17.591791999764407,8.044705575027677e-7,0.0009492925845712707,0,0
0.0047,318.4528920248802,-103.01642314513927,-215.43646887974083,77.41786056242434,-116.8508440278387,39.432983465414445,3.907985046680551e-14,-127.17786522638383,-70.91118152678507,-166.1474730454653,188.29161930982053,28196.194868539358,0.0,145.4766716370267,31022.01716452508,0.0,17.699746138458888,8.084239944972094e-7,0.0009520718078067647,0,0
0.004710000000000001,318.20594075525247,-101.85365203191522,-216.3522887233372,77.76351162035802,-117.03661118996132,39.273099569603346,3.197442310920451e-14,-127.54778812898138,-70.84257329860476,-166.38819979716942,188.29066705599934,28168.59266558171,0.0,145.96724061689198,31021.70338784404,0.0,17.80809617523767,8.123486378852629e-7,0.0009548477222744989,0,0
0.00472,317.9544670748561,-100.68943335284223,-217.26503372201378,78.10949261823684,-117.22123489588881,39.11174227765207,4.618527782440651e-14,-127.91726798551493,-70.77295869688487,-166.62614425956542,188.289713434557,28140.587812625577,0.0,146.45759358563677,31021.389162109146,0.0,17.916842093574747,8.1625183390166e-7,0.0009576202941923295,0,0
0.004730000000000001,317.69847455768866,-99.52378365404465,-218.17469090364386,78.45579641838853,-117.40470852496284,38.94891210657439,4.263256414560601e-14,-128.28629933189922,-70.70233895343999,-166.8612925892464,188.28875846143188,28112.18079365012,0.0,146.94772127295167,31021.074492579006,0.0,18.025983868838072,8.201050178402447e-7,0.0009603894540194946,0,0
0.00474,317.4379668419705,-98.35671950198505,-219.08124733998537,78.80241585186701,-117.58702547430157,38.7846096224346,2.4868995751603507e-14,-128.65487671201444,-70.63071531398813,-167.09363103958657,188.28780215264118,28083.372098223404,0.0,147.43761439550798,31020.75938453813,0.0,18.135521468270234,8.239426666223348e-7,0.0009631551952557216,0,0
0.004750000000000001,317.1729476300929,-97.18825748322809,-219.9846901468647,79.1493437186926,-117.76817915914145,38.618835440448926,4.973799150320701e-14,-129.02299467778306,-70.55808903812961,-167.32314596158338,188.28684452428033,28054.16222149478,0.0,147.92726365721703,31020.4438432967,0.0,18.24545485096955,8.277277226964586e-7,0.0009659174399250792,0,0
0.00476,316.9034206885655,-96.01841420420564,-220.88500648435974,79.49657278809418,-117.94816301317799,38.45159022508391,6.394884621840902e-14,-129.39064778924524,-70.48446139932703,-167.5498238046948,188.28588559252253,28024.55166418747,0.0,148.41665974949044,31020.12787419042,0.0,18.35578396787128,8.314903327533152e-7,0.0009686761773939345,0,0
0.004770000000000001,316.62938984796267,-94.84720629098,-221.78218355698252,79.84409579875309,-118.12697048890655,38.282874690153506,3.197442310920451e-14,-129.7578306146358,-70.4098336848834,-167.77365111767153,188.2849253736181,27994.54093259071,0.0,148.90579335150167,31019.81148258032,0.0,18.466508761729205,8.352226324725986e-7,0.00097143135896538,0,0
0.00478,316.35085900286936,-93.6746503890083,-222.67620861386092,80.1919054590495,-118.30459505796233,38.1126895989129,3.552713678800501e-14,-130.12453773045976,-70.33420719592151,-167.99461454938344,188.28396388389396,27964.130538552163,0.0,149.394655130449,31019.494673852554,0.0,18.577629167097392,8.389227946770106e-7,0.0009741829421125447,0,0
0.00479,316.0678321118253,-92.50076316290519,-223.56706894891994,80.53999444731019,-118.48103021146005,37.94103576414992,3.552713678800501e-14,-130.4907637215682,-70.25758324736223,-168.21270084964027,188.28300113975303,27933.320999469914,0.0,149.88323574181928,31019.177453418208,0.0,18.689145110312293,8.425770111897268e-7,0.0009769308724054127,0,0
0.0048000000000000004,315.78031319726904,-91.32556129620652,-224.45475190106234,80.88835541205877,-118.65626946033287,37.76791404827416,3.552713678800501e-14,-130.85650318123385,-70.17996316790301,-168.42789687000752,188.2820371576736,27902.11283828474,0.0,150.37152582965328,31018.85982671314,0.0,18.80105650947505,8.462182593815815e-7,0.0009796751422103678,0,0
0.00481,315.48830634548085,-90.14906149113231,-225.3392448543484,81.23698097226759,-118.83030633567114,37.593325363403615,3.197442310920451e-14,-131.22175071122678,-70.10134829999629,-168.64018956461618,188.2810719542089,27870.506583472066,0.0,150.85951602681206,31018.54179919774,0.0,18.91336327443407,8.498101469744945e-7,0.0009824156746182089,0,0
0.0048200000000000005,315.19181570652455,-88.9712804683488,-226.22053523817561,81.58586371761147,-119.00313438906011,37.41727067144873,6.039613253960852e-14,-131.5865009218896,-70.02173999982703,-168.8495659909676,188.2801055459863,27838.50276903387,0.0,151.34719695524444,31018.22337635677,0.0,19.026065306767943,8.533635455221233e-7,0.0009851524400600609,0,0
0.00483,314.8908454941883,-87.79223496673158,-227.09861052745651,81.93499620872385,-119.17474719291754,37.23975098419377,4.973799150320701e-14,-131.95074843221263,-69.94113963729141,-169.0560133107316,188.2791379497069,27806.101934490733,0.0,151.83455922625566,31017.904563699165,0.0,19.139162499768506,8.56889867534294e-7,0.000987885409582251,0,0
0.0048400000000000006,314.58539998592494,-86.61194174312678,-227.97345824279805,82.28437097745396,-119.34513834083023,37.06076736337639,6.750155989720952e-14,-132.31448786990907,-69.85954859597337,-169.25951879053974,188.27816918214484,27773.304624873243,0.0,152.32159344077743,31017.585366757805,0.0,19.25265473842432,8.60368532085154e-7,0.0009906145222226548,0,0
0.00485,314.27548352279143,-85.43041757211387,-228.84506595067742,82.63398052712697,-119.51430144789036,36.88032092076345,2.842170943040401e-14,-132.67771387148957,-69.77696827312327,-169.46006980277298,188.27719926014674,27740.111390714257,0.0,152.80829018963843,31017.265791089376,0.0,19.366541899404258,8.638310375896907e-7,0.0009933397692700463,0,0
0.004860000000000001,313.96110050938654,-84.24767924576652,-229.71342126361995,82.98381733280507,-119.6822301510309,36.6984128182259,4.618527782440651e-14,-133.0404210823375,-69.69340007963415,-169.65765382634245,188.27622820063107,27706.522788040093,0.0,153.2946400538369,31016.94584227409,0.0,19.480823851041546,8.672448442714753e-7,0.0009960610779713441,0,0
0.00487,313.6422554137889,-83.06374357341453,-230.57851184037423,83.33387384155105,-119.84891810936031,36.51504426780932,4.618527782440651e-14,-133.4026041567826,-69.60884544001972,-169.85225844746574,188.2752560205875,27672.539378362417,0.0,153.7806336048134,31016.62552591555,0.0,19.595500453317904,8.706230015531613e-7,0.0009987784212606987,0,0
0.004880000000000001,313.318952767493,-81.8786273814042,-231.44032538608874,83.68414247269322,-120.01435900449704,36.33021653180392,5.3290705182007514e-14,-133.76425775817637,-69.52330579239046,-170.0438713604369,188.2742827370764,27638.161728669445,0.0,154.2662614047253,31016.30484764051,0.0,19.710571557848112,8.73966082726163e-7,0.0010014917596807282,0,0
0.00489,312.99119716534517,-80.69234751286008,-232.298849652485,84.03461561809264,-120.17854654090259,36.14393092281005,6.394884621840902e-14,-134.12537655896546,-69.43678258843116,-170.23248036838945,188.27330836722808,27603.39041141772,0.0,154.75151400672195,31015.983813098686,0.0,19.826037007864727,8.772773830156844e-7,0.0010042010565253778,0,0
0.004900000000000001,312.6589932654779,-79.50492082744478,-233.154072438033,84.38528564241179,-120.34147444621458,35.95618880380282,1.4210854715202004e-14,-134.48595524076632,-69.34927729337672,-170.41807338405536,188.27233292824226,27568.226004523076,0.0,155.2363819552213,31015.662427962536,0.0,19.9418966382032,8.805447763993168e-7,0.0010069062597851675,0,0
0.00491,312.322345789244,-78.31636420112004,-234.0059815881239,84.73614488338539,-120.50313647157837,35.76699158819304,3.552713678800501e-14,-134.84598849443861,-69.26079138598921,-170.60063843051623,188.27135643738742,27532.66909135229,0.0,155.720855786187,31015.34069792706,0.0,20.058150275287144,8.837705121889083e-7,0.0010096073318443533,0,0
0.004920000000000001,311.9812595211493,-77.12669452590625,-234.8545649952429,85.08718565209253,-120.66352639197868,35.576340739886184,2.1316282072803006e-14,-135.20547102015934,-69.1713263585334,-170.78016364194966,188.27037891200015,27496.720260713948,0.0,156.20492602740714,31015.0186287096,0.0,20.174797737114023,8.86967625124413e-7,0.0010123042459838916,0,0
0.00493,311.63573930878465,-75.93592870964302,-235.69981059914153,85.43840023323119,-120.82263800656968,35.38423777333859,5.3290705182007514e-14,-135.5643975274959,-69.08088371675336,-170.95663726436877,188.26940036948454,27460.38010684983,0.0,156.68858319877353,31014.696226049608,0.0,20.291838833240977,8.901206086653346e-7,0.0010149969469590014,0,0
0.004940000000000001,311.28579006275703,-74.74408367574813,-236.54170638700873,85.7897808853939,-120.98046513900496,35.19068425361115,5.3290705182007514e-14,-135.92276273548006,-68.98946497984774,-171.13004765635614,188.2684208273115,27423.649229425748,0.0,157.1718178125624,31014.373495708453,0.0,20.40927336477108,8.932363323999049e-7,0.0010176854020781112,0,0
0.00495,310.9314167566199,-73.55117636297784,-237.3802403936419,86.14131984134568,-121.13700163776602,34.995681796420406,4.263256414560601e-14,-136.2805613726805,-68.89707168044603,-171.30038328979106,188.26744030301816,27386.52823352274,0.0,157.65462037371572,31014.050443469197,0.0,20.527101124339737,8.963157867858396e-7,0.0010203695726957451,0,0
0.00496,310.57262442680235,-72.35722372518559,-238.21540070161666,86.49300930830327,-121.29224137649064,34.79923206818741,2.4868995751603507e-14,-136.63778817727652,-68.80370536458324,-171.46763275057134,188.2664588142072,27349.017729627725,0.0,158.13698138012373,31013.72707513638,0.0,20.64532189610149,8.993503141929704e-7,0.0010230494107418553,0,0
0.0049700000000000005,310.2094181725375,-71.16224273108097,-239.04717544145637,86.84484146821649,-121.44617825429974,34.60133678608332,3.907985046680551e-14,-136.99443789713047,-68.70936759167577,-171.63178473932777,188.26547637854617,27311.118333624516,0.0,158.6188913229084,31013.40339653581,0.0,20.763935455717053,9.023477987035733e-7,0.001025724884704371,0,0
0.00498,309.8418031557902,-69.9662503639892,-239.87555279180089,87.19680847805085,-121.59880619612373,34.401997718072934,2.842170943040401e-14,-137.35050528986042,-68.61405993449638,-171.79282807213323,188.26449301376687,27272.83066678455,0.0,159.10034068670768,31013.07941351434,0.0,20.882941570340595,9.053039743134317e-7,0.0010283959509025942,0,0
0.0049900000000000005,309.4697846011837,-68.76926362160903,-240.70052097957452,87.54890247007236,-121.75011915302792,34.20121668295565,4.973799150320701e-14,-137.70598512291292,-68.51778397914892,-171.95075168120496,188.2635087376647,27234.155355757477,0.0,159.58131994996097,31012.755131939655,0.0,21.002339998607436,9.082169657448347e-7,0.0010310625682853625,0,0
0.005,192.9106890673512,-75.57129951577173,-249.52206828015306,87.86179229771402,-121.9055851189735,33.98872083552158,-0.03179582579058504,-138.04972550289705,-68.39716112969299,-172.04535462052226,188.26259231149754,17681.10645943978,0.0,160.01420100708378,31012.45320586449,0.0,21.1221143690913,9.082169657448347e-7,0.0010310625682853625,1,0
0.0050100000000000006,192.66316275832446,-74.37237507219882,-250.34018301753107,88.13546166558382,-122.06509317026578,33.76447933823045,-0.09535064775803548,-138.38135358108082,-68.25231518399147,-172.0763201872864,188.2616755265737,17606.121751114086,0.0,160.39854837026357,31012.151163063805,0.0,21.242231979859724,9.122499434188747e-7,0.0010310625682853625,1,0
0.00502,192.412784581586,-73.17250733026067,-251.1548535644869,88.40925858617804,-122.22312816242696,33.538765440834794,-0.15883144663652615,-138.71190211402882,-68.10669448256698,-172.10378502314774,188.26075857471633,17531.020645726046,0.0,160.78188047987615,31011.84906673667,0.0,21.362675992871484,9.13060620943984e-7,0.0010310625682853625,1,0
0.005030000000000001,192.15955809556388,-71.97171334273354,-251.96606834274925,88.68317504961497,-122.37968459755784,33.31158291487679,-0.22223749521896252,-139.0413683731976,-67.96030302152562,-172.12775127173816,188.25984147592348,17455.806729540123,0.0,161.16419035141442,31011.546923472357,0.0,21.483445635178533,9.138265824326641e-7,0.0010310625682853625,1,0
0.00504,191.90348689916695,-70.77001017555813,-252.77381582316016,88.95720303714054,-122.53475702427436,33.08293558549138,-0.28556806733439544,-139.36974966537957,-67.81314479679529,-172.1482212371538,188.2589242501805,17380.483582515408,0.0,161.5454710474284,31011.244739855807,0.0,21.604540126842565,9.14551807992825e-7,0.0010310625682853625,1,0
0.005050000000000001,191.64457463173378,-69.56741490759632,-253.57808452584013,89.23133452153755,-122.68834003792652,32.852827331198405,-0.34882243785827427,-139.69704333261848,-67.66522380396975,-172.16519738305118,188.25800691745914,17305.05477804124,0.0,161.92571567772197,31010.942522467332,0.0,21.725958680976,9.152031743980826e-7,0.0010310625682853625,1,0
0.00506,191.38282497298076,-68.36394463038901,-254.37886302035054,89.50556146753468,-122.84042828081364,32.62126208369056,-0.41199988272284926,-140.02324675212213,-67.51654403815502,-172.17868233173448,188.25708949771655,17229.523882674297,0.0,162.30491739954428,31010.64027788235,0.0,21.847700503783052,9.158226441374762e-7,0.0010310625682853625,1,0
0.005070000000000001,191.11824164294993,-67.15961644791247,-255.17613992585657,89.77987583221426,-122.9910164423962,32.38824382762004,-0.47509967892739624,-140.34835733617416,-67.36710949381458,-172.18867886323267,188.2561720108945,17153.89445587586,0.0,162.6830694177771,31010.338012671058,0.0,21.969764794601225,9.163807200701646e-7,0.0010310625682853625,1,0
0.00508,190.8508284019561,-65.95444747633613,-255.96990391128853,90.05426956541984,-123.1400992595043,32.15377660038145,-0.5381211045484591,-140.67237253204362,-67.21692416461708,-172.19518991436678,188.2552544769184,17078.17004975056,0.0,163.06016498511704,31010.03573339814,0.0,22.09215074594286,9.168924597902084e-7,0.0010310625682853625,1,0
0.005090000000000001,190.58058905053326,-64.7484548437786,-256.7601436955032,90.32873461016241,-123.28767151654283,31.917864491892715,-0.6010634387503657,-140.99528982189372,-67.06599204328326,-172.19821857780886,188.25433691569646,17002.354208785557,0.0,163.4361974022537,31009.733446622482,0.0,22.214857543537107,9.173544867069339e-7,0.0010310625682853625,1,0
0.0051,190.3075274293809,-63.54165569006483,-257.5468480474441,90.6032629030264,-123.43372804569314,31.680511644373887,-0.6639259617949413,-141.3171067226887,-66.914317121434,-172.19776810113254,188.25341934711878,16926.450469590793,0.0,163.81116001804267,31009.43115889689,0.0,22.33788436637196,9.177807416133055e-7,0.0010310625682853625,1,0
0.005110000000000001,190.03164741930897,-62.33406716648187,-258.33000578630094,90.87784637457426,-123.57826372711169,31.44172225212207,-0.7267079550524649,-141.637820786099,-66.76190338943941,-172.19384188585292,188.2525017910564,16850.462360640253,0.0,164.18504622967419,31009.128876767732,0.0,22.46123038673668,9.181326303259185e-7,0.0010310625682853625,1,0
0.00512,189.75295294118314,-61.125706435535875,-259.1096057816688,91.1524769497507,-123.72127348912457,31.201500561285506,-0.789408701011201,-141.95742959840533,-66.60875483626799,-172.18644348645978,188.25158426736056,16774.393402013997,0.0,164.5578494828371,31008.826606774757,0.0,22.584894770264295,9.184452915839136e-7,0.0010310625682853625,1,0
0.00513,189.4714479558688,-59.91659067070732,-259.88563695370607,91.42714654828558,-123.86275230841937,30.959850869633712,-0.8520274832881327,-142.27593078040073,-66.4548754493366,-172.17557660944055,188.25066679586172,16698.247105141345,0.0,164.92956327187815,31008.524355450732,0.0,22.708876675974448,9.187177843483774e-7,0.0010310625682853625,1,0
0.0051400000000000005,189.1871364641749,-58.70673705620763,-260.65808827329215,91.70184708509623,-124.0026952102335,30.71677752632634,-0.9145635866388595,-142.59332198729172,-66.30026921436149,-172.1612451122971,188.2497493963687,16622.026972544983,0.0,165.3001811399567,31008.222129321173,0.0,22.833175256316384,9.18934086491241e-7,0.0010310625682853625,1,0
0.00515,188.9000225067971,-57.49616278673487,-261.42694876218354,91.97657047068867,-124.14109726853845,30.472284931679035,-0.977016296967637,-142.90960090859718,-66.1449401152095,-172.1434530025523,188.2488320886679,16545.736497586164,0.0,165.66969667919446,31007.91993490405,0.0,22.957789657212125,9.190875159131862e-7,0.0010310625682853625,1,0
0.0051600000000000005,188.6101101642602,-56.28488506722876,-262.1922074931715,92.25130861155769,-124.27795360622198,30.226377536926854,-1.0393849013380425,-143.22476526804684,-65.98889213375011,-172.12220443675008,188.24791489252237,16469.37916421079,0.0,166.03810353082156,31007.617778709555,0.0,23.082719018099976,9.192054459816745e-7,0.0010310625682853625,1,0
0.00517,188.31740355686034,-55.072921112627064,-262.95385359023487,92.52605341058634,-124.41325939526553,29.97905984398576,-1.1016686879824995,-143.53881282347695,-65.83212924970864,-172.0975037194468,188.246997827671,16392.958446696954,0.0,166.40539538531633,31007.315667239774,0.0,23.207962471978053,9.192792905093894e-7,0.0010310625682853625,1,0
0.005180000000000001,188.02190684460635,-53.86028814762012,-263.7118762286973,92.80079676744379,-124.54700985691925,29.73033640521148,-1.163866946312897,-143.85174136672575,-65.67465544051919,-172.06935530219596,188.24608091382765,16316.477809403053,0.0,166.77156598254228,31007.01360698843,0.0,23.333519145448193,9.192962082127387e-7,0.0010310625682853625,1,0
0.00519,187.7236242271606,-52.64700340640676,-264.4662646353786,93.07553057898288,-124.6792002618731,29.480211823156104,-1.2259789669303238,-144.1635487235265,-65.51647468117955,-172.03776378252454,188.2451641706803,16239.940706517662,0.0,167.13660911187912,31006.711604440585,0.0,23.459388158759868,9.192962082127387e-7,0.0010310625682853625,1,0
0.005200000000000001,187.42255994377925,-51.4330841324484,-265.21700808875033,93.35024673963558,-124.80982593042476,29.228690750322578,-1.2880040416354177,-144.4742327533997,-65.3575909441052,-172.00273390290224,188.2442476178903,16163.350581809824,0.0,167.5005186123496,31006.409666072395,0.0,23.58556862585448,9.192962082127387e-7,0.0010310625682853625,1,0
0.00521,187.11871827325228,-50.21854757822536,-265.96409591908576,93.6249371418086,-124.93888223264433,28.97577788891663,-1.3499414634383413,-144.7837913495437,-65.19800819898637,-171.96427054970488,188.2433312750914,16086.710868381435,0.0,167.8632883727419,31006.107798350833,0.0,23.712059654409654,9.192962082127387e-7,0.0010310625682853625,1,0
0.005220000000000001,186.8121035338423,-49.00341100499012,-266.7075175086133,93.89959367627648,-125.0663645885353,28.72147799059745,-1.411790526568673,-145.09222243872387,-65.03773041264277,-171.9223787521682,188.24241516188914,16010.024988419702,0.0,168.22491233172713,31005.8060077334,0.0,23.83886034588386,9.192962082127387e-7,0.0010310625682853625,1,0
0.00523,186.5027200832235,-47.78769168252331,-267.44726229166656,94.17420823257464,-125.19226846819227,28.465795856224382,-1.4735505264857913,-145.39952398115977,-64.87676154888234,-171.8770636813383,188.24149929785983,15933.296352952051,0.0,168.585384477972,31005.50430066789,0.0,23.965969795561076,9.192962082127387e-7,0.0010310625682853625,1,0
0.005240000000000001,186.1905723184195,-46.571406888887346,-268.18331975483477,94.44877269939056,-125.31658939195562,28.208736335603604,-1.5352207598885386,-145.70569397041237,-64.71510556835783,-171.8283306490121,188.24058370254986,15856.528361601224,0.0,168.9446988502478,31005.202683592095,0.0,24.093387092595766,9.192962082127387e-7,0.0010310625682853625,1,0
0.00525,185.87566467574104,-45.35457391018163,-268.91567943711215,94.72327896495398,-125.43932293056238,27.950304327231272,-1.596800524725463,-146.01073043326824,-64.55276642842631,-171.77618510667457,188.23966839547484,15779.724402342339,0.0,169.30284953753332,31004.901162933536,0.0,24.22111132005784,9.192962082127387e-7,0.0010310625682853625,1,0
0.005260000000000001,185.55800163072269,-44.13721004029595,-269.64433093004646,94.99771891742583,-125.56046470529394,27.690504778034885,-1.658289120204694,-146.31463142962338,-64.38974808300819,-171.72063264442662,188.23875339611885,15702.887851260892,0.0,169.6598306791146,31004.599745109244,0.0,24.349141554977976,9.192962082127387e-7,0.0010310625682853625,1,0
0.00527,185.2375876980595,-42.919332580665774,-270.36926387788714,95.27208444528603,-125.68001038812041,27.429342683113035,-1.7196858468038236,-146.6173950523654,-64.22605448244762,-171.66167898990986,188.23783872393366,15626.022072312295,0.0,170.01563646467918,31004.298436525452,0.0,24.477476868392884,9.192962082127387e-7,0.0010310625682853625,1,0
0.005280000000000001,184.91442743154272,-41.70095884002542,-271.0904679777324,95.54636743771934,-125.79795570184163,27.166823085472714,-1.7809900062801205,-146.91901942725417,-64.06168957337295,-171.59933000722276,188.2369243983379,15549.130417082446,0.0,170.37026113440595,31003.99724357738,0.0,24.60611632539093,9.192962082127387e-7,0.0010310625682853625,1,0
0.00529,184.58852542399504,-40.48210613416284,-271.8079329796755,95.82055978500102,-125.91429642022464,26.90295107576437,-1.842200901680176,-147.21950271280107,-63.89665729855931,-171.53359169583305,188.23601043871625,15472.21622455022,0.0,170.72369897905057,31003.69617264893,0.0,24.735058985157693,9.192962082127387e-7,0.0010310625682853625,1,0
0.0053,184.25988630720536,-39.26279178567272,-272.52164868695075,96.09465337887993,-126.02902836813836,26.63773179201619,-1.903317837349963,-147.51884310014762,-63.730961596790245,-171.46447018948393,188.23509686441884,15395.282820850523,0.0,171.07594434002633,31003.395230112503,0.0,24.864303901021863,9.192962082127387e-7,0.0010310625682853625,1,0
0.0053100000000000005,183.92851475186296,-38.043033123710885,-273.23160495607823,96.36864011296109,-126.14214742168413,26.371170419365086,-1.9643401189446088,-147.81703881294175,-63.564606402721296,-171.39197175509423,188.23418369476025,15318.333519039514,0.0,171.42699160948,31003.09442232865,0.0,24.993850120501136,9.192962082127387e-7,0.0010310625682853625,1,0
0.00532,183.59441546749116,-36.82284748374803,-273.9377916970074,96.6425118830866,-126.25364950832352,26.103272189786153,-2.0252670534384904,-148.11408810721318,-63.39759564674473,-171.31610279165398,188.23327094901896,15241.371618861003,0.0,171.77683523036376,31002.793755645936,0.0,25.12369668534824,9.192962082127387e-7,0.0010310625682853625,1,0
0.0053300000000000005,183.25759320238035,-35.602252207322906,-274.6401988732622,96.91626058771482,-126.36353060700276,25.834042381821256,-2.0860979491347855,-148.40998927124787,-63.229933254853336,-171.23686982911525,188.23235864643644,15164.400406513938,0.0,172.12546969650208,31002.493236400587,0.0,25.25384263159722,9.192962082127387e-7,0.0010310625682853625,1,0
0.00534,182.9180527435204,-34.38126464179618,-275.33881650208116,97.18987812829863,-126.47178674827352,25.563486320303973,-2.1468321156757124,-148.70474062546032,-63.06162314850732,-171.1542795272769,188.23144680621652,15087.423154422015,0.0,172.47288955265427,31002.192870916333,0.0,25.38428698960965,9.192962082127387e-7,0.0010310625682853625,1,0
0.005350000000000001,182.57579891653282,-33.15990214010368,-276.0336346545621,97.46335640966194,-126.57841401441094,25.291609376085063,-2.207468864051725,-148.99834052226592,-62.8926692444996,-171.06833867466608,188.23053544752463,15010.443121004042,0.0,172.81908939457264,31001.8926655041,0.0,25.51502878412115,9.192962082127387e-7,0.0010310625682853625,1,0
0.00536,182.2308365856022,-31.938182060510485,-276.7246434558004,97.73668734037462,-126.68340853952746,25.018416965753282,-2.2680075066119887,-149.29078734594975,-62.72307545482457,-170.9790541874135,188.22962458948697,14933.463550446733,0.0,173.1640638690555,31001.592626461803,0.0,25.646067034287846,9.192962082127387e-7,0.0010310625682853625,1,0
0.005370000000000001,181.88317065340664,-30.71612176636263,-277.4118330850321,98.00986283312602,-126.78676650968455,24.74391455135723,-2.3284473570738022,-149.58207951253692,-62.552845686545126,-170.8864331081259,188.2287142511899,14856.487672477886,0.0,173.50780767399687,31001.292760074088,0.0,25.777400753733097,9.192962082127387e-7,0.0010310625682853625,1,0
0.00538,181.53280606104872,-29.49373862584236,-278.09519377577095,98.28287480509718,-126.88848416300009,24.468107640123677,-2.3887877305323784,-149.87221546965944,-62.381983841662475,-170.79048260475324,188.2278044516792,14779.518702142284,0.0,173.85031555843,31000.993072612135,0.0,25.909028950594156,9.192962082127387e-7,0.0010310625682853625,1,0
0.005390000000000001,181.17974778798484,-28.27105001171972,-278.77471581594915,98.5557151783309,-126.98855778975306,24.1910017841753,-2.4490279434705204,-150.1611936964229,-62.21049381698536,-170.69120996945196,188.22689520995928,14702.55983957814,0.0,174.19158232256814,31000.693570333366,0.0,26.040950627569096,9.192962082127387e-7,0.0010310625682853625,1,0
0.0054,180.8240008519545,-27.04807330110633,-279.4503895480543,98.82837588010094,-127.08698373248474,23.912602580245775,-2.5091673137684243,-150.4490127032715,-62.0383795040014,-170.58862261744488,188.22598654499257,14625.614269795919,0.0,174.53160281783968,31000.394259481258,0.0,26.17316478196367,9.192962082127387e-7,0.0010310625682853625,1,0
0.005410000000000001,180.46557030890907,-25.82482587520818,-280.12220536926714,99.10084884327895,-127.18375838609683,23.632915669393782,-2.569205160713585,-150.73567103185206,-61.865644788748426,-170.48272808587652,188.22507847569875,14548.68516245833,0.0,174.87037194691914,31000.095146285083,0.0,26.30567040573842,9.192962082127387e-7,0.0010310625682853625,1,0
0.00542,180.1044612529401,-24.60132511907928,-280.79015373159774,99.37312600670037,-127.27887819794609,23.35194673671561,-2.629140805010149,-151.02116725487673,-61.6922935516871,-170.3735340326654,188.22417102095415,14471.775671662206,0.0,175.2078846637538,30999.79623695972,0.0,26.438466485555697,9.192962082127387e-7,0.0010310625682853625,1,0
0.005430000000000001,179.74067881620647,-23.377588421373034,-281.4542251420213,99.6451993155281,-127.37233966793593,23.069701511056266,-2.6889735687885405,-151.30549997598465,-61.51832966757349,-170.26104823535314,188.2232641995909,14394.888935721487,0.0,175.54413597358626,30999.497537705363,0.0,26.571552002826927,9.192962082127387e-7,0.0010310625682853625,1,0
0.00544,179.37422816886186,-22.153633174097088,-282.11441016261347,99.91706072161507,-127.4641393486045,22.786185764717715,-2.7487027756155484,-151.5886678296019,-61.343757005334716,-170.1452785899489,188.2223580303964,14318.028076952907,0.0,175.87912093297143,30999.199054707387,0.0,26.704925933759796,9.192962082127387e-7,0.0010310625682853625,1,0
0.005450000000000001,179.00511451898117,-20.9294767723646,-282.77069941068316,100.18870218386462,-127.55427384521012,22.501405313167943,-2.8083277505034303,-151.87066948080096,-61.168579427942426,-170.02623310977341,188.22145253211264,14241.196201462182,0.0,176.2128346497906,30998.90079413604,0.0,26.838587249405666,9.192962082127387e-7,0.0010310625682853625,1,0
0.0054600000000000004,178.63334311248633,-19.70513661414771,-283.4230835589081,100.4601156685896,-127.64273981581266,22.21536601474633,-2.8678478199197954,-152.15150362515845,-60.99280079228993,-169.90391992429645,188.2205477234354,14164.396398932753,0.0,176.54527228326003,30998.60276214627,0.0,26.972534915706873,9.192962082127387e-7,0.0010310625682853625,1,0
0.00547,178.25891923307196,-18.480630100030147,-284.071553335465,100.7312931498694,-127.7295339713525,21.928073770368798,-2.9272623117972127,-152.43116898861197,-60.81642494906869,-169.77834727797494,188.21964362301372,14087.631742415932,0.0,176.87642904393553,30998.304964877505,0.0,27.10676789354427,9.192962082127387e-7,0.0010310625682853625,1,0
0.0054800000000000005,177.88184820213024,-17.255974632959937,-284.71609952416344,101.00222660990534,-127.81465307572596,21.63953452323188,-2.9865705555424586,-152.70966432731595,-60.63945574264535,-169.64952352908637,188.21874024944924,14010.905288122583,0.0,177.206300193713,30998.00740845344,0.0,27.241285138784693,9.192962082127387e-7,0.0010310625682853625,1,0
0.00549,177.50213537867506,-16.031187618002043,-285.3567129645748,101.2729080393747,-127.89809394585734,21.3497542585137,-3.0457718820463473,-152.9869884274957,-60.461897010941954,-169.5174571485606,188.21783762129544,13934.220075217187,0.0,177.53488104582402,30997.710098981795,0.0,27.376085602328505,9.192962082127387e-7,0.0010310625682853625,1,0
0.0055000000000000005,177.11978615926617,-14.806286462090878,-285.9933845521646,101.54332943778192,-127.97985345176832,21.058739003075708,-3.104865623693218,-153.26314010530115,-60.283752585313664,-169.38215671880866,188.21693575705712,13857.579125612845,0.0,177.86216696482765,30997.413042554144,0.0,27.511168230157274,9.192962082127387e-7,0.0010310625682853625,1,0
0.00551,176.7348059779324,-13.58128857378362,-286.6261052384199,101.81348281380949,-128.05992851664357,20.766494825161196,-3.163851114370363,-153.53811820665862,-60.105026290431105,-169.2436309325503,188.21603467518972,13780.985443769057,0.0,178.1881533665977,30997.116245245692,0.0,27.64653196338133,9.192962082127387e-7,0.0010310625682853625,1,0
0.005520000000000001,176.34720030609415,-12.356211363011234,-287.25486603097966,102.08336018566538,-128.13831611689392,20.473027834094502,-3.2227276894774644,-153.81192160712263,-59.925721944159925,-169.10188859163898,188.2151343940987,13704.442016490048,0.0,178.51283571830567,30996.819713115055,0.0,27.78217573828756,9.192962082127387e-7,0.0010310625682853625,1,0
0.00553,175.95697465248608,-11.131072240833022,-287.8796579937608,102.3529535814302,-128.2150132822157,20.178344179976968,-3.281494685936048,-154.0845492117254,-59.74584335744457,-168.95693860588528,188.21423493213888,13627.951812726344,0.0,178.83620953839977,30996.52345220407,0.0,27.918098486387013,9.192962082127387e-7,0.0010310625682853625,1,0
0.005540000000000001,175.56413456307848,-9.905888619187625,-288.50047224708686,102.62225503940118,-128.29001709564733,19.882450053382946,-3.340151442199037,-154.35599995482582,-59.565394334190735,-168.80878999187783,188.2133363076139,13551.51778337705,0.0,179.15827039657907,30996.227468537603,0.0,28.05429913446277,9.192962082127387e-7,0.0010310625682853625,1,0
0.00555,175.16868562099853,-8.680677910646255,-289.1172999678129,102.89125660843524,-128.36332469362307,19.585351685054647,-3.3986972982598793,-154.62627279995775,-59.38437867114964,-168.65745187180494,188.2124385387756,13475.142861094471,0.0,179.47901391376413,30995.931768123333,0.0,28.190776604617614,9.192962082127387e-7,0.0010310625682853625,1,0
0.005560000000000001,174.7706334464511,-7.455457528165089,-289.7301323894518,103.15995034828944,-128.43493326602285,19.287055345594617,-3.4571315956623145,-154.89536673967623,-59.20280015780327,-168.5029334722712,188.2115416438233,13398.829960090725,0.0,179.79843576206306,30995.636356951552,0.0,28.32752981432192,9.192962082127387e-7,0.0010310625682853625,1,0
0.00557,174.36998369663857,-6.230244884837797,-290.33896080229835,103.42832832996024,-128.50484005621993,18.987567345158297,-3.515453677509546,-155.16328079540364,-59.020662576250785,-168.34524412311694,188.21064564090338,13322.581975945994,0.0,180.11653166473323,30995.34124099499,0.0,28.46455767646137,9.192962082127387e-7,0.0010310625682853625,1,0
0.005580000000000001,173.96674206568076,-5.005057393647909,-290.9437765535531,103.6963826360201,-128.57304236112478,18.68689403314542,-3.573662888473377,-155.43001401727435,-58.837969701094664,-168.18439325623314,188.20975054810862,13246.401785418615,0.0,180.4332973961395,30995.046426208613,0.0,28.601859099384875,9.192962082127387e-7,0.0010310625682853625,1,0
0.00559,173.56091428453396,-3.7799124672220668,-291.54457104744546,103.96410536095274,-128.6395375312265,18.385041797889535,-3.631758574803859,-155.69556548397838,-58.654725299329414,-168.0203904043783,188.20885638347755,13170.292246257484,0.0,180.7487287817073,30994.751918529422,0.0,28.739432986952302,9.192962082127387e-7,0.0010310625682853625,1,0
0.005600000000000001,173.15250612090904,-2.5548275175809634,-292.14133574535583,104.23148861148599,-128.70432297063059,18.082017066346744,-3.689740084338556,-155.95993430260398,-58.470933130230215,-167.85324519999176,188.207963164994,13094.256197015928,0.0,181.06282169787255,30994.457723876272,0.0,28.877278238582406,9.192962082127387e-7,0.0010310625682853625,1,0
0.00561,172.74152337919014,-1.329819955893897,-292.7340621659371,104.49852450692313,-128.76739613709427,17.777826303784508,-3.747606766511387,-156.22311960847964,-58.28659694524266,-167.6829673740096,188.20707091058645,13018.296456867854,0.0,181.37557207202713,30994.163848149703,0.0,29.015393749300568,9.192962082127387e-7,0.0010310625682853625,1,0
0.005620000000000001,172.32797190035174,-0.10490719222973599,-293.3227418852343,104.76520517947178,-128.82875454205836,17.472476013467386,-3.805357972362536,-156.4851205650143,-58.10172048787403,-167.50956675467623,188.2061796381275,12942.415825425818,0.0,181.68697588246008,30993.87029723173,0.0,29.153778409786707,9.192962082127387e-7,0.0010310625682853625,1,0
0.0056300000000000005,171.91185756187565,1.119893364689796,-293.90736653680614,105.0315227745711,-128.8883957506764,17.165972736343818,-3.8629930545472213,-156.74593636353757,-57.91630749358494,-167.33305326636005,188.20528936543334,12866.61708256085,0.0,181.99702915829494,30993.577076985683,0.0,29.292431106423,9.192962082127387e-7,0.0010310625682853625,1,0
0.00564,171.49318627766783,2.344564307737686,-294.48792781184187,105.29746945121671,-128.94631738184066,16.858323050731187,-3.920511367344938,-157.00556622313803,-57.73036168968151,-167.15343692836458,188.20440011026315,12790.902988224432,0.0,182.3057279794231,30993.28419325602,0.0,29.43135072134177,9.192962082127387e-7,0.0010310625682853625,1,0
0.0056500000000000005,171.07196399797385,3.569088231629012,-295.06441745928106,105.56303738228405,-129.00251710820518,16.549533571999206,-3.9779122666688433,-157.26400939050143,-57.5438867952102,-166.97072785374317,188.20351189031857,12715.276282272689,0.0,182.61306847643334,30992.99165186812,0.0,29.570536132473222,9.192962082127387e-7,0.0010310625682853625,1,0
0.00566,170.64819670929475,4.793447733168328,-295.63682728592926,105.8282187548491,-129.0569926562059,16.239610952253756,-4.035195110074794,-157.5212651397469,-57.35688652085227,-166.78493624811136,188.20262472324322,12639.739684292224,0.0,182.91904683053676,30992.69945862818,0.0,29.709986213593176,9.192962082127387e-7,0.0010310625682853625,1,0
0.0056700000000000006,170.2218904343016,6.017625411497139,-296.2051491565764,106.09300577050742,-129.10974180607812,15.9285618800197,-4.092359256770312,-157.77733277226397,-57.16936456881865,-166.596072408461,188.20173862662213,12564.295893427958,0.0,183.22365927348855,30992.40761932297,0.0,29.849699834370867,9.192962082127387e-7,0.0010310625682853625,1,0
0.00568,169.7930512317504,7.241603868340476,-296.76937499411014,106.35739064569108,-129.16076239187032,15.616393079921146,-4.149404067624207,-158.03221161654622,-56.98132463274845,-166.4041467219741,188.20085361798124,12488.947588213798,0.0,183.52690208750528,30992.1161397197,0.0,29.98967586041656,9.192962082127387e-7,0.001032699944242016,1,0
0.005690000000000001,169.36168519639523,8.46536570825576,-297.32949677963296,106.62136561198328,-129.21005230145587,15.303111312363995,-4.206328905174958,-158.28590102802656,-56.7927703976047,-166.20916966483705,188.19996971478685,12413.697426403898,0.0,183.82877160517862,30991.825025565853,0.0,30.12991315332931,9.192962082127387e-7,0.0010352367409913743,1,0
0.0057,168.92779845890246,9.688893538878013,-297.885506552574,106.88492291643126,-129.2576094765413,14.988723373214675,-4.263133133640322,-158.53840038890962,-56.603705539574804,-166.01115180105663,188.1990869344452,12338.54804480769,0.0,184.12926420938481,30991.534282589004,0.0,30.27041057074447,9.192962082127387e-7,0.0010377683265732351,1,0
0.005710000000000001,168.49139718576293,10.912169971168616,-298.4373964108038,107.14805482185672,-129.30343191267195,14.67323609348012,-4.319816118926164,-158.78970910800467,-56.41413372596923,-165.81010378127527,188.19820529430189,12263.50205912562,0.0,184.42837633319104,30991.243916496678,0.0,30.411166966381398,9.192962082127387e-7,0.0010402946746242425,1,0
0.00572,168.05248757920478,12.135177619661746,-298.9851585107459,107.41075360716441,-129.34751765923474,14.356656338986056,-4.376377228635567,-159.0398266205564,-56.22405861512321,-165.60603634158846,188.19732481164138,12188.562063787822,0.0,184.72610445975678,30990.953932976143,0.0,30.55218119009087,9.192962082127387e-7,0.0010428156939798483,1,0
0.005730000000000001,167.61107587710498,13.35789910271172,-299.52878506748846,107.67301156764825,-129.38986481945813,14.038991010055746,-4.432815832077615,-159.28875238807643,-56.03348385629738,-165.39896030236315,188.19644550368656,12113.73063179427,0.0,185.0224451222329,30990.66433769431,0.0,30.69345208790267,9.192962082127387e-7,0.0010453313684629928,1,0
0.00574,167.167168352901,14.580317042739331,-300.0682683548946,107.93482101529574,-129.43047155040887,13.720247041186198,-4.4891313002766795,-159.53648589817212,-55.84241308958194,-165.18888656705653,188.1955673875983,12039.010314557858,0.0,185.3173949036554,30990.37513629754,0.0,30.834978502072918,9.192962082127387e-7,0.001047841649286535,1,0
0.005750000000000001,166.72077131550117,15.802414066480402,-300.60360070571284,108.19617427908977,-129.4693360629866,13.400431400726099,-4.545323005980961,-159.78302666437617,-55.650849945799145,-164.9758261210376,188.19469048047486,11964.403641748455,0.0,185.6109504368368,30990.086334411517,0.0,30.976759271131524,9.192962082127387e-7,0.0010503464929317863,1,0
0.00576,166.27189110919565,17.024172805230677,-301.1347745116855,108.45706370530876,-129.50645662191516,13.079551090551014,-4.601390323671814,-160.02837422597446,-55.4587980464095,-164.75979003040902,188.19381479935154,11889.91312114045,0.0,185.90310840425275,30989.797937641048,0.0,31.1187932299294,9.192962082127387e-7,0.0010528458335338498,1,0
0.005770000000000001,165.8205341135657,18.24557589509425,-301.66178222365676,108.71748165782395,-129.54183154573127,12.757613145739441,-4.657332629572463,-160.27252814783327,-55.26626100341659,-164.54078944083108,188.19294036120016,11815.541238461285,0.0,186.19386553792586,30989.509951569962,0.0,31.261079209685793,9.192962082127387e-7,0.0010553396316243246,1,0
0.00578,165.36670674339337,19.466605977229634,-302.1846163516809,108.97742051839532,-129.57545920677046,12.434624634247768,-4.713149301656813,-160.51548802022594,-55.073242419275026,-164.3188355763477,188.19206718292864,11741.290457242822,0.0,186.4832186193051,30989.222381760934,0.0,31.40361603803535,9.192962082127387e-7,0.0010578278355505566,1,0
0.005790000000000001,164.9104154485701,20.687245698096604,-302.70326946512733,109.23687268696445,-129.60733803115036,12.110592656585212,-4.768839719658308,-160.75725345865877,-54.87974588679726,-164.093939738214,188.19119528138052,11667.163218674494,0.0,186.7711644791421,30988.935233755357,0.0,31.546402539075302,9.192962082127387e-7,0.0010603104083436454,1,0
0.0058000000000000005,164.45166671400514,21.907477709702835,-303.2177341927876,109.49583058194604,-129.6374664987511,11.785524345487403,-4.824403265078804,-160.9978241036956,-54.6857749890638,-163.86611330372614,188.19032467333457,11593.161941458995,0.0,187.0576999973638,30988.648513073196,0.0,31.689437533412377,9.192962082127387e-7,0.0010627873036344604,1,0
0.00581,163.9904670595335,23.12728466985045,-303.72800322297877,109.75428664051634,-129.66584314319311,11.459426865590295,-4.879839321197493,-161.23719962078218,-54.49133329933242,-163.63536772505302,188.1894553755043,11519.289021669892,0.0,187.3428221029411,30988.36222521281,0.0,31.83271983820981,9.192962082127387e-7,0.0010652584451782687,1,0
0.0058200000000000005,163.5268230398231,24.34664924238264,-304.2340693036488,110.01223331890009,-129.69246655181212,11.13230741310344,-4.935147273079446,-161.4753797000697,-54.296424380949674,-163.40171452807067,188.18858740453763,11445.546832611459,0.0,187.62652777375473,30988.076375650886,0.0,31.97624826723415,9.192962082127387e-7,0.0010677238154965796,1,0
0.00583,163.06074124428187,25.565554097429327,-304.73592524247823,110.26966309265498,-129.71733536563158,10.804173215483011,-4.990326507584194,-161.7123640562375,-54.101051787263216,-163.1651653111992,188.18772077701632,11371.937724680898,0.0,187.90881403645693,30987.79096984223,0.0,32.12002163090197,9.192962082127387e-7,0.0010701833553144746,1,0
0.005840000000000001,162.5922282969636,26.783981911655054,-305.2335639069836,110.52656845695347,-129.7404482793329,10.475031531103973,-5.04537641337518,-161.94815242831524,-53.905219061534495,-162.92573174424143,188.18685550945574,11298.46402523239,0.0,188.18967796632998,30987.506013219674,0.0,32.26403873632659,9.192962082127387e-7,0.0010726370084975512,1,0
0.00585,162.12129085647453,28.001915368503134,-305.72697822461765,110.78294192686307,-129.76180404122155,10.144889648932256,-5.100296380927572,-162.18274457950358,-53.70892973685396,-162.6834255672251,188.18599161830429,11225.128038444062,0.0,188.46911668714142,30987.22151119393,0.0,32.40829838736458,9.192962082127387e-7,0.001075084737848786,1,0
0.005860000000000001,161.64793561587797,29.219337158443402,-306.2161611828709,111.03877603762376,-129.78140145319296,9.81375488819738,-5.155085802537433,-162.41614029699585,-53.512187336055106,-162.4382585892482,188.18512911994316,11151.93204518612,0.0,188.74712737099557,30986.93746915347,0.0,32.55279938466227,9.192962082127387e-7,0.0010775264935998785,1,0
0.00587,161.1721693025997,30.43622997921745,-306.7011058293707,111.29406334492353,-129.79923937069313,9.481634598062755,-5.2097440723302855,-162.64833939179684,-53.31499537163262,-162.1902426873253,188.1842680306858,11078.878302892492,0.0,189.0237072381817,30986.653892464372,0.0,32.69754052570203,9.192962082127387e-7,0.001079962214602409,1,0
0.005880000000000001,160.69399867833215,31.652576536084702,-307.18180527198024,111.54879642517129,-129.8153167026792,9.148536157298288,-5.264270586269759,-162.87934169854321,-53.11735734565804,-161.93938980523964,188.18340836677768,11005.969045433518,0.0,189.29885355701916,30986.370786470237,0.0,32.84252060484859,9.192962082127387e-7,0.0010823918695277712,1,0
0.00589,160.21343053893835,32.86835954206818,-307.6582526788963,111.80296787576808,-129.82963241157537,8.814466973950772,-5.318664742165877,-163.1091470753213,-52.91927674969994,-161.68571195239645,188.18255014439575,10933.206482991785,0.0,189.57256364369906,30986.08815649202,0.0,32.98773841339507,9.192962082127387e-7,0.0010848153961592888,1,0
0.005900000000000001,159.7304717143552,34.08356171820037,-308.1304412787467,112.05657031537511,-129.84218551322766,8.479434485014956,-5.372925939684093,-163.3377554034853,-52.72075706474232,-161.4292212026797,188.1816933796482,10860.59280193968,0.0,189.84483486212227,30985.806007827945,0.0,33.133192739609136,9.192962082127387e-7,0.001087232757094464,1,0
0.00591,159.24512906849677,35.29816579376823,-308.5983643606863,112.30959638418051,-129.85297507685556,8.143446156104169,-5.427053580353517,-163.56516658747475,-52.52180176110651,-161.16992969331346,188.18083808857403,10788.13016471964,0.0,190.11566462373483,30985.524345753354,0.0,33.278882368778724,9.192962082127387e-7,0.00108964389353286,1,0
0.005920000000000001,158.75740949915627,36.51215450655944,-309.062015274492,112.56203874416292,-129.86200022500145,7.80650948112153,-5.481047067575397,-163.79138055463153,-52.32241429837167,-160.90784962372584,188.17998428714273,10715.82070972601,0.0,190.3850503873598,30985.24317552062,0.0,33.42480608325798,9.192962082127387e-7,0.0010920487554645641,1,0
0.00593,158.2673199379084,37.72551060310722,-309.5213874306586,112.81389007935343,-129.86926013347724,7.468631981929448,-5.53490580663185,-164.01639725501536,-52.12259812529897,-160.64299325441667,188.17913199125385,10643.666551190083,0.0,190.65298965902585,30984.962502359023,0.0,33.57096266251275,9.192962082127387e-7,0.0010944473208868433,1,0
0.005940000000000001,157.77486735001062,38.938216838935666,-309.97647430049034,113.06514309609466,-129.87475403130878,7.129821208020907,-5.588629204693989,-164.24021666121993,-51.92235667975447,-160.37537290582867,188.17828121673676,10571.669779066584,0.0,190.9194799917929,30984.682331474603,0.0,33.71735088316623,9.192962082127387e-7,0.001096839494973717,1,0
0.00595,157.28005873430425,40.15025597880484,-310.427269416196,113.31579052329809,-129.87848120067792,6.790084736189108,-5.642216670830596,-164.46283876818754,-51.7216933886353,-160.10500095722375,188.17743197935022,10499.832458923052,0.0,191.18451898557447,30984.402668050105,0.0,33.863969519044254,9.192962082127387e-7,0.001099225260205977,1,0
0.005960000000000001,156.78290112311493,41.36161079695586,-310.87376637097873,113.56582511269832,-129.88044097686216,6.449430170198156,-5.695667616016728,-164.6842635930239,-51.520611667794626,-159.83188984556165,188.17658429478212,10428.15663183105,0.0,191.44810428695735,30984.123517244836,0.0,34.0108173412206,9.192962082127387e-7,0.0011016045645775574,1,0
0.0059700000000000005,156.28340158215295,42.57226407735498,-311.3159588191287,113.81523963910604,-129.88063274817108,6.107865140453107,-5.7489814531413295,-164.90449117481143,-51.31911492197,-159.5560520643836,188.1757381786491,10356.644314260191,0.0,191.71023358901752,30983.844884194565,0.0,34.157893118062034,9.192962082127387e-7,0.0011039773552535825,1,0
0.00598,155.78156721041225,43.78219861393973,-311.75384047611226,114.06402690065761,-129.87905595588217,5.765397303670099,-5.80215759701657,-165.12352157442317,-51.11720654471113,-159.27750016270014,188.1748936464963,10285.297497973865,0.0,191.97090463113364,30983.566774011415,0.0,34.305195615273355,9.192962082127387e-7,0.0011063435795031773,1,0
0.0059900000000000005,155.27740514007004,44.99139721086214,-312.1874051186621,114.31217971906295,-129.8757100941725,5.422034342547406,-5.855195464385277,-165.34135487433562,-50.91488991830887,-158.9962467438834,188.17405071379687,10214.1181499276,0.0,192.23011519879762,30983.28919178377,0.0,34.45272359594215,9.192962082127387e-7,0.0011087031892098864,1,0
0.006,154.77092253638548,46.19984268273331,-312.6166465848647,114.55969093985121,-129.8705947100489,5.0777839654344845,-5.90809447392973,-165.55799117844026,-50.712168413727305,-158.71230446456264,188.17320939595194,10143.108212170173,0.0,192.48786312342153,30983.012142576183,0.0,34.60047582058347,9.192962082127387e-7,0.0011110561562794052,1,0
0.006010000000000001,154.26212659759736,47.40751785486832,-313.0415587742488,114.8065534326131,-129.86370940327603,4.732653906003492,-5.96085404627998,-165.77343061185633,-50.50904539053354,-158.42568603352626,188.17236970829006,10072.269601745977,0.0,192.74414628214268,30982.735631429226,0.0,34.74845104718439,9.192962082127387e-7,0.0011134023898163314,1,0
0.00602,153.75102455482224,48.61440556352978,-313.46213564787155,115.05276009124245,-129.85505382630168,4.38665192291915,-6.013473604021799,-165.98767332074158,-50.305524196832046,-158.13640421062647,188.17153166606707,10001.604210600794,0.0,192.99896259762463,30982.45966335947,0.0,34.89664803124829,9.192962082127387e-7,0.0011157418678727493,1,0
0.006030000000000001,153.2376236719514,49.82048865617189,-313.8783712284047,115.29830383417406,-129.8446276841801,4.0397857995099,-6.065952571704984,-166.20071947210343,-50.10160816919745,-157.8444718056902,188.17069528446572,9931.113905489115,0.0,193.2523100378566,30982.18424335935,0.0,35.045065525839156,9.192962082127387e-7,0.0011180745582206608,1,0
0.00604,152.7219312455479,51.02574999168425,-314.2902596002194,115.54317760461987,-129.8324307344928,3.6920633434381642,-6.11829037585166,-166.41256925360904,-49.89730063261025,-157.54990167743392,188.16986057859546,9860.80052788436,0.0,193.50418661594878,30981.909376397045,0.0,35.19370228162551,9.192962082127387e-7,0.0011204003681437869,1,0
0.006050000000000001,152.20395460474248,52.23017244063555,-314.69779490946996,115.78737437080247,-129.8184627872676,3.3434923863721124,-6.170486444964186,-166.62322287339578,-49.692604900391956,-157.25270673238344,188.16902756349208,9790.66589389082,0.0,193.75459038992616,30981.635067416464,0.0,35.342557046924405,9.192962082127387e-7,0.001122719294354202,1,0
0.00606,151.68370111112992,53.43373888551639,-315.1009713641777,116.03088712618685,-129.80272370489504,2.9940807836555194,-6.222540209533706,-166.83268055988023,-49.48752427414383,-156.9528999237999,188.1681962541175,9720.711794158915,0.0,194.00351946251865,30981.361321337074,0.0,35.491628567744996,9.192962082127387e-7,0.0011250312490360126,1,0
0.006070000000000001,151.16117815866377,54.636432220984034,-315.49978323431276,116.27370888970883,-129.78521340204279,2.643836413980715,-6.274451102047747,-167.04094256156773,-49.28206204368354,-156.650494250609,188.1673666653595,9650.939993801328,0.0,194.2509719809491,30981.08814305387,0.0,35.640915587832225,9.192962082127387e-7,0.0011273361987983038,1,0
0.00608,150.6363931735519,55.8382353541036,-315.8942248518757,116.51583270600207,-129.76593184556785,2.2927671790590622,-6.3262185569986285,-167.24800914686065,-49.07622148698572,-156.3455027563367,188.16653881203146,9581.352232313058,0.0,194.4969461367182,30980.815537437276,0.0,35.79041684871003,9.192962082127387e-7,0.0011296341034429114,1,0
0.006090000000000001,150.10935361415056,57.03913120459252,-316.2842906109779,116.75725164562215,-129.7448790544267,1.9408810032934554,-6.377842010891355,-167.45388060386725,-48.87000587012207,-156.0379385280503,188.16571270887206,9511.950223492631,0.0,194.74144016538725,30980.54350933306,0.0,35.94013108972468,9.192962082127387e-7,0.0011319249020695643,1,0
0.0061,149.5800669708585,58.239102705062564,-316.66997496792175,116.99795880526858,-129.72205509958337,1.5881858334501047,-6.4293209022517885,-167.65855724020912,-48.663418447203426,-155.72781469530415,188.16488837054513,9442.735655366345,0.0,194.98445234635787,30980.272063562243,0.0,36.09005704808764,9.192962082127387e-7,0.0011342085391007894,1,0
0.006110000000000001,149.04854076601038,59.43813280126271,-317.05127244127857,117.23794730800418,-129.6974601039152,1.2346896383320356,-6.480654671634181,-167.86203938282927,-48.45646246032139,-155.41514442909153,188.16406581163932,9373.710190114221,0.0,195.2259810026498,30980.001204921064,0.0,36.24019345891852,9.192962082127387e-7,0.0011364849939948796,1,0
0.0061200000000000004,148.51478255377035,60.6362044523208,-317.4281776119674,117.47721030347249,-129.6710942421167,0.880400408450015,-6.531842761630017,-168.06432737779875,-48.249141139494384,-155.09994094080187,188.16324504666792,9304.875463999497,0.0,195.46602450067508,30979.73093818085,0.0,36.39053905528761,9.192962082127387e-7,0.0011387542017111119,1,0
0.006130000000000001,147.97879992002376,61.833300630987296,-317.80068512333145,117.71574096811254,-129.64295774060133,0.5253261556982025,-6.582884616874717,-168.26542159012413,-48.04145770261016,-154.78221748118355,188.1624260900686,9236.233087298591,0.0,195.7045812500112,30979.461268087965,0.0,36.54109256825843,9.192962082127387e-7,0.0011410160969256983,1,0
0.0061400000000000005,147.44060048227053,63.02940432387531,-318.16878968121443,117.9535325053713,-129.6130508774013,0.1694749130252049,-6.633779684056916,-168.4653224035536,-47.8334153553745,-154.46198733931269,188.16160895620322,9167.784644235653,0.0,195.94164970317047,30979.192199363748,0.0,36.69185272692987,9.192962082127387e-7,0.0011432706544969584,1,0
0.00615,146.90019188951587,64.22449853170377,-318.53248605403576,118.19057814591375,-129.58137398206532,-0.18714526588933467,-6.684527411924952,-168.6640302203838,-47.6250172912561,-154.1392638415677,188.16079365935755,9099.531692917211,0.0,196.1772283553681,30978.92373670441,0.0,36.8428182584784,9.192962082127387e-7,0.0011455177990214588,1,0
0.0061600000000000005,146.35758182216193,65.41856626953908,-318.8917690728651,118.4268711478308,-129.54792743555421,-0.5445263069627728,-6.735127251295879,-168.8615454612651,-47.416266691436846,-153.81406035060945,188.15998021374116,9031.475765271103,0.0,196.4113157442871,30978.65588478103,0.0,36.99398788819984,9.192962082127387e-7,0.0011477575143853669,1,0
0.00617,145.81277799189908,66.61159056703518,-319.24663363149523,118.66240479684474,-129.5127116701349,-0.9026601160328269,-6.785578655062417,-169.0578685650077,-47.20716672476058,-153.48639026436834,188.15916863348713,8963.618366986571,0.0,196.64391044984117,30978.388648239412,0.0,37.145360339551026,9.192962082127387e-7,0.0011499897277581633,1,0
0.006180000000000001,145.26578814159558,67.80355446867615,-319.5970746865154,118.8971724065121,-129.47572716927243,-1.261538579183302,-6.835881078201461,-169.25299998838722,-46.99772054768378,-153.15626701503643,188.15835893265188,8895.9609774571,0.0,196.87501109393546,30978.122031700077,0.0,37.29693433419138,9.192962082127387e-7,0.0011522144045985894,1,0
0.00619,144.7166200451879,68.99444103401656,-319.9430872573825,119.13116731842469,-129.4369744675194,-1.6211535630675016,-6.886033977780946,-169.4469402059493,-46.78793130422747,-152.82370406806632,188.157551125215,8828.505049725522,0.0,197.10461634022477,30977.85603975816,0.0,37.44870859202405,9.192962082127387e-7,0.0011544314762092084,1,0
0.006200000000000001,144.16528150757028,70.18423333792242,-320.284666426492,119.3643829024076,-129.39645415040465,-1.9814969152324124,-6.936036812968446,-169.63968970981495,-46.577802125929864,-152.4887149211763,188.15674522507908,8761.252010431555,0.0,197.33272489386982,30977.590676983404,0.0,37.600681831237104,9.192962082127387e-7,0.001156640931070499,1,0
0.00621,143.61178036448393,71.37291447081107,-320.6218073392478,119.5968125567157,-129.35416685431892,-2.342560464442336,-6.985889045038521,-169.83124900948488,-46.36733613180171,-152.15131310336187,188.15594124606937,8694.203259762051,0.0,197.559335501291,30977.32594792002,0.0,37.752852768344276,9.192962082127387e-7,0.0011588426732143942,1,0
0.006220000000000001,143.056124482405,72.56046753889298,-320.95450520413135,119.82844970822688,-129.31011326639958,-2.704336021000138,-7.0355901373801,-170.02161863164443,-46.156536428279374,-151.81151217391294,188.15513920193385,8627.36017140236,0.0,197.78444694992064,30977.061857086715,0.0,37.905220118225685,9.192962082127387e-7,0.001161036693546752,1,0
0.00623,142.49832175843372,73.74687566441001,-321.28275529276954,120.05928781263381,-129.26429412441297,-3.066815377070533,-7.085139555504462,-170.21079911996736,-45.94540610918317,-151.46932572143896,188.15433910634286,8560.724092491739,0.0,198.0080580679522,30976.79840897658,0.0,38.0577825941682,9.192962082127387e-7,0.0011632229208926592,1,0
0.006240000000000001,141.9383801201814,74.93212198587669,-321.6065529400018,120.28932035463258,-129.2167102166354,-3.429990307000722,-7.134536767052728,-170.3987910349203,-45.73394825567335,-151.12476736289938,188.15354097288903,8494.296343579632,0.0,198.23016772408835,30976.53560805705,0.0,38.21053890790574,9.192962082127387e-7,0.0011654012986788975,1,0
0.00625,141.37630752565818,76.1161896583193,-321.9258935439472,120.51854084810982,-129.16736238173158,-3.7938525676423467,-7.1837812418036275,-170.58559495356616,-45.52216593621022,-150.77785074264108,188.15274481508712,8428.078218585497,0.0,198.45077482728638,30976.27345876988,0.0,38.36348776965917,9.192962082127387e-7,0.0011675718214623904,1,0
0.006260000000000001,140.81211196315977,77.29906185351521,-322.2407725660686,120.74694283632662,-129.1162515086324,-4.158393898670212,-7.2328724516805405,-170.77121146936847,-45.31006220651209,-150.4285895314429,188.1519506463738,8362.070984759792,0.0,198.6698783265022,30976.011965531045,0.0,38.51662788817619,9.192962082127387e-7,0.0011697343823725281,1,0
0.00627,140.24580145115397,78.48072176023224,-322.55118553123833,120.974519892101,-129.06337853640983,-4.523606022903163,-7.281809870759496,-170.95564119199432,-45.09764010951793,-150.07699742556633,188.15115848010757,8296.275882648426,0.0,198.88747721043157,30975.751132730737,0.0,38.66995797077076,9.192962082127387e-7,0.0011718889732949822,1,0
0.006280000000000001,139.67738403816662,79.6611525844677,-322.85712802780085,121.20126561798726,-129.0087444541512,-4.889480646622104,-7.330592975276302,-171.1388847471183,-44.88490267534791,-149.7230881458139,188.15036832956864,8230.694126058634,0.0,199.1035705072506,30975.490964733304,0.0,38.823476723362575,9.192962082127387e-7,0.0011740355359021876,1,0
0.0062900000000000005,139.10686780266755,80.84033754968621,-323.1585957076362,121.42717364645364,-128.952350300831,-5.256009459889164,-7.379221243634483,-171.32094277622565,-44.67185292126784,-149.36687543659332,188.1495802079587,8165.3269020280595,0.0,199.31815728435288,30975.2314658772,0.0,38.97718285051604,9.192962082127387e-7,0.0011761740235401719,1,0
0.006300000000000001,138.53426085295504,82.01825989705985,-323.4555842862214,121.65223764005715,-128.894197165181,-5.623184136864211,-7.427694156412006,-171.501815936415,-44.458493851652264,-149.00837306498948,188.14879412840085,8100.175370795089,0.0,199.5312366480864,30974.97264047495,0.0,39.13107505547925,9.192962082127387e-7,0.0011783043831786327,1,0
0.0063100000000000005,137.95957132704152,83.19490288570434,-323.7480895426912,121.87645129161675,-128.83428618555968,-5.990996336122471,-7.476011196369296,-171.68150490020236,-44.244828457950916,-148.64759481984393,188.14801010393944,8035.240665772736,0.0,199.74280774348756,30974.714492813087,0.0,39.28515204022255,9.192962082127387e-7,0.0011804265626754323,1,0
0.00632,137.38280739253716,84.37024979291841,-324.0361073198986,122.09980832438342,-128.77261854981876,-6.359437700970197,-7.524171848456184,-171.86001035532348,-44.03085971865438,-148.2845545108399,188.14722814754,7970.523893523852,0.0,199.9528697540135,30974.45702715216,0.0,39.43941250547702,9.192962082127387e-7,0.001182540521776243,1,0
0.0063300000000000006,136.80397724653412,85.5442839144209,-324.3196335244733,122.32230249220856,-128.70919549516896,-6.728499859760149,-7.57217559981939,-172.03733300453683,-43.8165905992625,-147.91926596759578,188.14644827208906,7906.026133739211,0.0,200.16142190127357,30974.200247726647,0.0,39.593855150772626,9.192962082127387e-7,0.001184646217524496,1,0
0.00634,136.22308911549004,86.71698856458819,-324.5986641268805,122.54392757970997,-128.64401830804388,-7.098174426206185,-7.620021939809788,-172.2134735654268,-43.60202405225295,-147.55174303876564,188.14567049039408,7841.748439217789,0.0,200.36846344475808,30973.944158744955,0.0,39.74847867447611,9.192962082127387e-7,0.001186743589683792,1,0
0.006350000000000001,135.64015125511108,87.88834707669143,-324.87319516147767,122.76467740243513,-128.57708832396276,-7.468452999697025,-7.667710359989848,-172.3884327702062,-43.38716301705099,-147.18199959114676,188.14489481518333,7777.691835849264,0.0,200.573993681566,30973.68876438935,0.0,39.9032817738288,9.192962082127387e-7,0.0011888325898360697,1,0
0.00636,135.05517195023455,89.05834280313334,-325.143222726571,122.98454580702288,-128.50840692739064,-7.8393271656092125,-7.715240354140467,-172.56221136551926,-43.17201042000108,-146.81004950879438,188.14412125910582,7713.857322598998,0.0,200.77801194613104,30973.434068815972,0.0,40.058263144983954,9.192962082127387e-7,0.0011909131812421897,1,0
0.006370000000000001,134.46815951471115,90.22695911568499,-325.40874298447125,123.2035266713623,-128.43797555159856,-8.21078849561908,-7.762611418268496,-172.73481011224445,-42.95656917433835,-146.4359066921447,188.14334983473114,7650.245871495048,0.0,200.980517609946,30973.180076154775,0.0,40.2134214830441,9.192962082127387e-7,0.001192985320624007,1,0
0.00638,133.8791222912872,91.39417940572146,-325.66975216154776,123.42161390474966,-128.36579567852095,-8.582828548014547,-7.809823050613902,-172.90622978529717,-42.74084218016297,-146.05958505714443,188.1425805545494,7586.858427618037,0.0,201.18151008128578,30972.92679050947,0.0,40.368755482097896,9.192962082127387e-7,0.001195048925226247,1,0
0.006390000000000001,133.2880686514851,92.55998708445931,-325.9262465482824,123.63880144804267,-128.29186883861215,-8.955438868004741,-7.856874751656532,-173.0764711734326,-42.52483232441347,-145.68109853438773,188.14181343097118,7523.695909092346,0.0,201.38098880492853,30972.674215957573,0.0,40.524263835256974,9.192962082127387e-7,0.0011971039927949068,1,0
0.0064,132.69500699548567,93.72436558319046,-326.1782224993222,123.85508327381297,-128.21619661070133,-9.328610988030988,-7.903766024123965,-173.24553507904815,-42.30854248084387,-145.30046106826194,188.1410484763274,7460.759207081066,0.0,201.57895326187597,30972.422356550305,0.0,40.67994523469231,9.192962082127387e-7,0.0011991504448957413,1,0
0.006410000000000001,132.09994575200767,94.88729835351928,-326.425676433531,124.07045338649615,-128.13878062184628,-9.702336428073654,-7.950496372997517,-173.41342231798703,-42.09197550999852,-144.9176866160996,188.14028570286925,7398.049185781487,0.0,201.77540296907188,30972.17121631261,0.0,40.83579837167058,9.192962082127387e-7,0.001201188246845064,1,0
0.00642,131.5028933781886,96.0487688675969,-326.6686048340409,124.28490582253954,-128.0596225471854,-10.076606695961683,-7.99706530552033,-173.5801337193404,-41.875134259191995,-144.53278914733923,188.13952512276816,7335.566682424471,0.0,201.97033747911928,30971.920799243122,0.0,40.991821936590014,9.192962082127387e-7,0.0012032173492044357,1,0
0.006430000000000001,130.90385835946415,97.20876061835655,-326.90700424830135,124.49843465054774,-127.97872410978873,-10.45141328767857,-8.043472331203859,-173.74567012525097,-41.658021562486766,-144.1457826426928,188.13876674811567,7273.312507275045,0.0,202.16375637999647,30971.67110931414,0.0,41.14801461901627,9.192962082127387e-7,0.0012052377021611882,1,0
0.00644,130.30284920944814,98.3672571197474,-327.14087128812906,124.71103397142603,-127.89608708050697,-10.826747687668416,-8.08971696183465,-173.91003239071537,-41.44064024067405,-143.7566810933218,188.13801059092341,7211.287443635839,0.0,202.35565929477147,30971.422150471608,0.0,41.30437510771778,9.192962082127387e-7,0.0012072492660938072,1,0
0.006450000000000001,129.69987446981062,99.52424190697036,-327.37020262975585,124.92269791852135,-127.81171327782027,-11.202601369140964,-8.135798711481806,-174.0732213833878,-41.222993101254424,-143.3654985000204,188.13725666312305,7149.492247852229,0.0,202.54604588131556,30971.173926635114,0.0,41.460902090701076,9.192962082127387e-7,0.001209251989528648,1,0
0.0064600000000000005,129.09494271015757,100.67969853671022,-327.59499501387563,125.13342065776146,-127.72560456768434,-11.578965794376117,-8.181717096503519,-174.2352379833828,-41.005082938421346,-142.97224887240714,188.13650497656621,7087.927649320726,0.0,202.73491583201533,30970.926441697833,0.0,41.61759425524566,9.192962082127387e-7,0.0012112458123766379,1,0
0.006470000000000001,128.4880625279082,101.83361058737079,-327.815245245691,125.34319638779138,-127.63776286337674,-11.955832415026315,-8.227471635554192,-174.3960830830791,-40.78691253304347,-142.57694622812443,188.13575554302446,7026.594350498366,0.0,202.92226887348403,30970.679699526572,0.0,41.77445028793884,9.192962082127387e-7,0.001213230716602967,1,0
0.0064800000000000005,127.8792425481733,102.9859616593076,-328.03095019495873,125.55201934010822,-127.54819012534041,-12.333192672419198,-8.273061849591016,-174.55575758692243,-40.5684846526503,-142.1796045920451,188.1350083741892,6965.493026915429,0.0,203.10810476627088,30970.43370396171,0.0,41.93146887471003,9.192962082127387e-7,0.0012152066348286167,1,0
0.00649,127.26849142363236,104.13673537506126,-328.242106796034,125.75988377919332,-127.45688836102748,-12.711037997858114,-8.318487261880934,-174.71426241122958,-40.34980205141719,-141.7802379954884,188.1342634816717,6904.624327189612,0.0,203.2924233045705,30970.18845881719,0.0,42.08864870086504,9.192962082127387e-7,0.0012171735227758662,1,0
0.006500000000000001,126.65581783441073,105.28591537958995,-328.44871204791406,125.9667840026426,-127.36385962474058,-13.089359812922787,-8.363747398007373,-174.87159848399205,-40.13086747015288,-141.37886047544248,188.133520877003,6843.988873043067,0.0,203.47522431593026,30969.94396788051,0.0,42.24598845112002,9.192962082127387e-7,0.0012191313187842612,1,0
0.00651,126.04123048795634,106.43348534050216,-328.65076301428104,126.1727143412944,-127.26910601747367,-13.468149529768372,-8.408841785877271,-175.0277667446797,-39.91168363628759,-140.97548607379633,188.13278057163402,6783.587259321366,0.0,203.6565076609571,30969.700234912765,0.0,42.40348680963499,9.192962082127387e-7,0.001221080016128473,1,0
0.006520000000000001,125.42473811891566,107.57942894828867,-328.84825682354347,126.37766915935548,-127.17262968675168,-13.84739855142266,-8.453769955727227,-175.18276814404516,-39.692253263861176,-140.57012883657862,188.13204257693528,6723.4200540144,0.0,203.83627323302335,30969.45726364857,0.0,42.56114246004741,9.192962082127387e-7,0.0012230195425599194,1,0
0.00653,124.8063494890101,108.72372991655386,-329.04119066887705,126.58164285452479,-127.07443282646845,-14.227098272084241,-8.498531440130726,-175.3366036439276,-39.472579053515,-140.16280281320547,188.13130690419715,6663.487798280379,0.0,204.01452095797154,30969.215057796064,0.0,42.71895408550515,9.192962082127387e-7,0.0012249498434106498,1,0
0.006540000000000001,124.1860733869106,109.86637198224864,-329.22956180826486,126.78462985811483,-126.97451767672435,-14.607240077417153,-8.543125774004324,-175.4892742170579,-39.25266369248164,-139.75352205573583,188.13057356462963,6603.791006470717,0.0,204.19125079381837,30968.973621036952,0.0,42.87692036869951,9.192962082127387e-7,0.0012268708920882693,1,0
0.00655,123.56391862811378,111.00733890589957,-329.4133675645361,126.98662463517162,-126.87288652366226,-14.987815344846979,-8.587552494614759,-175.64078084686284,-39.032509854579224,-139.34230061813614,188.12984256936247,6544.330166158731,0.0,204.36646273045804,30968.73295702647,0.0,43.03503999189766,9.192962082127387e-7,0.0012287826457977047,1,0
0.006560000000000001,122.9398940548158,112.14661447184127,-329.59260532540395,127.18762168459124,-126.76954169930254,-15.368815443853421,-8.63181114158522,-175.79112452726991,-38.81212020020307,-138.9291525555507,188.12911392944508,6485.105738168903,0.0,204.54015678936378,30968.49306939336,0.0,43.193311636975125,9.192962082127387e-7,0.0012306850341627928,1,0
0.00657,122.3140085357872,113.28418248844616,-329.7672725435033,127.38761553923607,-126.66448558137684,-15.750231736263512,-8.67590125690161,-175.9403062625129,-38.591497376322266,-138.51409192358398,188.12838765584658,6426.118156609592,0.0,204.71233302329017,30968.253961739923,0.0,43.35173398544769,9.192962082127387e-7,0.001232578034955037,1,0
0.006580000000000001,121.68627096624652,114.42002678835473,-329.93736673642616,127.58660076604707,-126.55772059316158,-16.132055576543358,-8.719822384920008,-176.088327066937,-38.37064401647424,-138.09713277758772,188.12766375945571,6367.367828907255,0.0,204.8829915159736,30968.015637641973,0.0,43.510305718503325,9.192962082127387e-7,0.001234461589910918,1,0
0.00659,121.05669026773415,115.55413122870524,-330.1028854867577,127.78457196615553,-126.4492492033092,-16.514278312087804,-8.76357407237193,-176.2351879648044,-38.14956274076242,-137.67828917195834,188.12694225108098,6308.855135842999,0.0,205.05213238183202,30967.77810064886,0.0,43.66902551703358,9.192962082127387e-7,0.0012363356549467547,1,0
0.006600000000000001,120.42527538798535,116.68647969136342,-330.26382644211003,127.98152377499162,-126.33907392567959,-16.896891283510193,-8.807155868371684,-176.38088999010063,-37.92825615585377,-137.25757515944235,188.1262231414505,6250.580431591298,0.0,205.2197557656649,30967.541354283476,0.0,43.82789206166493,9.192962082127387e-7,0.001238200192332034,1,0
0.00661,119.79203530080335,117.81705608315085,-330.42018731515594,128.1774508623917,-126.22719731916965,-17.279885824930574,-8.850567324422384,-176.52543418634025,-37.70672685497873,-136.83500479044952,188.1255064412122,6192.544043761123,0.0,205.3858618423515,30967.30540204225,0.0,43.98690403278965,9.192962082127387e-7,0.001240055144457658,1,0
0.006620000000000001,119.15697900593139,118.94584433607463,-330.5719658836613,128.37234793270287,-126.11362198754273,-17.663253264262284,-8.89380799442257,-176.66882160637397,-37.484977417930594,-136.410592112375,188.12479216093362,6134.746273438561,0.0,205.55045081654916,30967.07024739516,0.0,44.14606011059661,9.192962082127387e-7,0.0012419004805367118,1,0
0.0066300000000000005,118.5201155289251,120.07282840755508,-330.7191599905167,128.56620972488616,-125.99835057925607,-18.046984923498144,-8.936877434672192,-176.81105331219482,-37.263010411067775,-135.98435116892966,188.12408031110212,6077.187395232366,0.0,205.71352292239115,30966.83589378575,0.0,44.30535897510155,9.192962082127387e-7,0.0012437361484994164,1,0
0.006640000000000001,117.88145392102419,121.197992280654,-330.86176754376805,128.7590310126173,-125.88138578728878,-18.43107211899467,-8.979775203879313,-176.95213037474622,-37.040828387315464,-135.556295999479,188.12337090212478,6019.867657320955,0.0,205.8750784231838,30966.60234463111,0.0,44.46479930617738,9.192962082127387e-7,0.0012455621143748347,1,0
0.0066500000000000005,117.24100325902378,122.32131996430215,-330.9997865166464,128.95080660438538,-125.76273034896724,-18.815506161755714,-9.02250086316602,-177.09205387372867,-36.81843388616982,-135.12644063839,188.12266394432848,5962.787281502003,0.0,206.03511761110252,30966.369603321906,0.0,44.624379783583926,9.192962082127387e-7,0.001247378310501937,1,0
0.00666,116.59877264514547,123.44279549352669,-331.13321494759657,129.1415313435898,-125.64238704579132,-19.200278357714424,-9.065053976074871,-177.23082489740824,-36.595829433701894,-134.694799114387,188.1219594479599,5905.946463243748,0.0,206.19364080688888,30966.13767322239,0.0,44.784099086997564,9.192962082127387e-7,0.0012491847076053497,1,0
0.006670000000000001,115.95477120690781,124.56240292967794,-331.2620509403053,129.33120010863524,-125.52035870325821,-19.58538000801528,-9.10743410857534,-177.36844454242436,-36.373017542564604,-134.2613854499158,188.12125742318563,5849.3453717390485,0.0,206.3506483595459,30965.906557670412,0.0,44.94395589604055,9.192962082127387e-7,0.0012509812557225247,1,0
0.00668,115.30900809699678,125.680126360656,-331.3862926637279,129.51980781302433,-125.39664819068659,-19.97080240929254,-9.149640829069384,-177.50491391359873,-36.15000071199864,-133.82621366051623,188.1205578800921,5792.984149960571,0.0,206.50614064603363,30965.676259977445,0.0,45.103948890309965,9.192962082127387e-7,0.001252767937950705,1,0
0.006690000000000001,114.66149249313544,126.79594990113694,-331.50593835211447,129.70734940544864,-125.27125842103968,-20.356536853949407,-9.191673708398037,-177.64023412374456,-35.926781427840154,-133.3892977542033,188.11986082868566,5736.862914718718,0.0,206.66011807096422,30965.446783428553,0.0,45.264076749406584,9.192962082127387e-7,0.0012545446678075556,1,0
0.0067,114.01223359795404,127.90985769279808,-331.620986305035,129.89381986987758,-125.14419235074686,-20.74257463043606,-9.233532319847589,-177.77440629347527,-35.70336216253099,-132.95065173085686,188.1191662788927,5680.981756721866,0.0,206.81258106629681,30965.21813128247,0.0,45.42433815296321,9.192962082127387e-7,0.0012563114265079778,1,0
0.006710000000000001,113.36124063885845,129.02183390454422,-331.7314348874033,130.0792142256454,-125.01545297952552,-21.12890702352449,-9.275216239155146,-177.907431551015,-35.479745375127294,-132.5102895816194,188.11847424055958,5625.340740637615,0.0,206.96353009103225,30964.990306771564,0.0,45.584731780672996,9.192962082127387e-7,0.001258068167598228,1,0
0.00672,112.70852286789965,130.13186273273203,-331.8372825295006,130.2635275275365,-124.88504335020163,-21.51552531458452,-9.316725044515158,-178.03931103200884,-35.255933511311966,-132.06822528830347,188.11778472345276,5569.939905157298,0.0,207.11296563090727,30964.7633131019,0.0,45.74525631231724,9.192962082127387e-7,0.0012598148450462393,1,0
0.006730000000000001,112.05408956164192,131.2399284013948,-331.9385277269977,130.44675486586814,-124.75296654852944,-21.90242078185706,-9.358058316585375,-178.170045879333,-35.031929003406034,-131.624472822806,188.11709773725883,5514.779263061763,0.0,207.26088819808876,30964.537153453217,0.0,45.9059104277931,9.192962082127387e-7,0.0012615514233340203,1,0
0.00674,111.39795002103118,132.34601516246667,-332.03516904097614,130.6288913665723,-124.61922570301085,-22.289584700726138,-9.399215638492347,-178.29963724290664,-34.80773427038262,-131.17904614653304,188.11641329158456,5459.858801289358,0.0,207.40729833086795,30964.311830978975,0.0,46.06669280714087,9.192962082127387e-7,0.0012632778472974476,1,0
0.006750000000000001,110.74011357126257,133.45010729600654,-332.1272050979489,130.80993219127456,-124.48382398471412,-22.677008343990337,-9.44019659583785,-178.4280862795032,-34.58335171788049,-130.73195920983113,188.115731395957,5405.178481005985,0.0,207.5521965933544,30964.08734880636,0.0,46.227602130571086,9.192962082127387e-7,0.0012649940703712698,1,0
0.00676,110.08058956164837,134.55218911042095,-332.21463458987995,130.98987253737178,-124.34676460709134,-23.064682982132997,-9.481000776704711,-178.5553941525623,-34.358783738220794,-130.2832259514293,188.11505205982348,5350.73823767744,0.0,207.69558357516968,30963.86371003634,0.0,46.38863707849127,9.192962082127387e-7,0.0012667000825906244,1,0
0.006770000000000001,109.41938736548435,135.65224494268833,-332.29745627420266,131.16870763810783,-124.20805082579619,-23.452599883589876,-9.521627771662477,-178.68156203200286,-34.13403271042196,-129.8328602978872,188.11437529255176,5296.537981142879,0.0,207.83745989114132,30963.640917743633,0.0,46.54979633153249,9.192962082127387e-7,0.0012683958005553359,1,0
0.0067800000000000004,108.75651637991754,136.75025915857992,-332.3756689738376,131.34643276264737,-124.06768593849985,-23.84075031501751,-9.56207717377331,-178.8065910940355,-33.909101000219096,-129.3808761630546,188.11370110343,5242.577595691614,0.0,207.97782618099703,30963.41897497678,0.0,46.71107857057547,9.192962082127387e-7,0.0012700812154432112,1,0
0.006790000000000001,108.09198602581178,137.84621615288341,-332.4492715772092,131.52304321614758,-123.92567328470788,-24.229125541557885,-9.602348578597805,-178.930482520977,-33.68399096008073,-128.9272874475368,188.11302950166694,5188.856940140282,0.0,208.11668310905824,30963.19788475814,0.0,46.87248247677664,9.192962082127387e-7,0.0012717562574687813,1,0
0.0068000000000000005,107.42580574761438,138.94010034962403,-332.5182630382614,131.6985343398287,-123.78201624557481,-24.61771682710453,-9.642441584200748,-179.05323750106353,-33.458704929230166,-128.4721080381706,188.11236049639191,5135.375847913583,0.0,208.25403136393425,30962.977650083947,0.0,47.034006731593685,9.192962082127387e-7,0.0012734209074767855,1,0
0.006810000000000001,106.75798501322157,140.03189620228608,-332.5826423764731,131.87290151104216,-123.63671824371981,-25.00651543456467,-9.682355791156793,-179.1748572282664,-33.233245233664945,-128.01535180750793,188.1116940966549,5082.134127125597,0.0,208.38987165821652,30962.758273924283,0.0,47.19565001681099,9.192962082127387e-7,0.001275075101379572,1,0
0.0068200000000000005,106.0885333138445,141.12158819403348,-332.64240867687107,132.04614014333697,-123.4897827430401,-25.3955126261221,-9.722090802556082,-179.29534290210586,-33.00761418617961,-127.55703261330783,188.1110303114267,5029.131560664165,0.0,208.52420472817272,30962.539759223182,0.0,47.357411014564626,9.192962082127387e-7,0.0012767188271574081,1,0
0.00683,105.41746016387337,142.20916083793134,-332.69756109004413,132.2182456865248,-123.34121324852573,-25.784699663497705,-9.761646224010253,-179.41469572746843,-32.781814086387826,-127.09716429803782,188.11036914959897,4976.367906276236,0.0,208.65703133344135,30962.322108898596,0.0,47.519288407367256,9.192962082127387e-7,0.0012783520219760008,1,0
0.006840000000000001,104.74477510074311,143.29459867716503,-332.74809883215437,132.3892136267428,-123.19101330607204,-26.174067808208612,-9.8010216636574,-179.5329169144221,-32.55584722074644,-126.63576068838333,188.10971061998427,4923.84289665583,0.0,208.78835225672643,30962.105325842447,0.0,47.68128087813259,9.192962082127387e-7,0.0012799746473641654,1,0
0.00685,104.07048768479764,144.3778862852599,-332.79402118494846,132.55903948651502,-123.0391865022929,-26.563608321826806,-9.840216732168203,-179.65000767803386,-32.32971586258094,-126.17283559476544,188.10905473131623,4871.556239533739,0.0,208.9181683034924,30961.889412920664,0.0,47.84338711019958,9.192962082127387e-7,0.0012815866589401814,1,0
0.006860000000000001,103.39460749915341,145.45900826630162,-332.83532749576835,132.72771882481163,-122.8857364643331,-26.95331246623561,-9.879231042751396,-179.76596923818704,-32.103422272110464,-125.70840281086774,188.1084014922496,4819.507617768708,0.0,209.04648030165959,30961.6743729732,0.0,48.00560578735646,9.192962082127387e-7,0.0012831880234927262,1,0
0.00687,102.71714414956413,146.53794925515345,-332.87201717755977,132.89524723710718,-122.73066685967991,-27.34317150388476,-9.918064211158748,-179.88080281939952,-31.876968696475352,-125.24247611317168,188.1077509113604,4767.696689441075,0.0,209.17328910129942,30961.460208814107,0.0,48.1679355938643,9.192962082127387e-7,0.0012847787176633874,1,0
0.006880000000000001,102.03810726428351,147.6146939176758,-332.90408970888114,133.06162035543616,-122.57398139597493,-27.733176698045526,-9.956715855691492,-179.9945096506425,-31.650357369764876,-124.77506926049969,188.1071029971459,4716.123087948041,0.0,209.2985955743307,30961.246923231494,0.0,48.33037521448052,9.192962082127387e-7,0.0012863586686358147,1,0
0.00689,101.35750649392875,148.6892269509436,-332.9315446339109,133.226833848448,-122.4156838208246,-28.123319313062616,-9.995185597204696,-180.10709096515973,-31.423590513046836,-124.30619599356817,188.10645775802482,4664.786422100727,0.0,209.42240061421572,30961.034518987624,0.0,48.49292333448182,9.192962082127387e-7,0.0012879278437213093,1,0
0.006900000000000001,100.67535151134321,149.76153308346417,-332.95438156245365,133.3908834214593,-122.25577792161147,-28.51359061460555,-10.033473059113277,-180.21854800028797,-31.19667033439629,-123.83587003454747,188.10581520233748,4613.686276222928,0.0,209.54470513565744,30960.82299881895,0.0,48.655578639687185,9.192962082127387e-7,0.0012894862383097533,1,0
0.00691,99.99165201145937,150.83159707539335,-332.97260016994613,133.5537648165052,-122.094267525304,-28.903981869919793,-10.071577867397455,-180.32888199727708,-30.96959902892833,-123.36410508663184,188.10517533834576,4562.822210252511,0.0,209.66551007429635,30960.612365436078,0.0,48.818339816480226,9.192962082127387e-7,0.001291033754411558,1,0
0.006920000000000001,99.30641771116021,151.89940371875377,-332.9862001974617,133.7154738123887,-121.93115649826672,-29.29448434807393,-10.109499650607482,-180.43809420111202,-30.742378778828243,-122.89091483361673,188.10453817423334,4512.193759843166,0.0,209.784816386408,30960.402621523906,0.0,48.98120555183159,9.192962082127387e-7,0.0012925703923008652,1,0
0.00693,98.61965834914211,152.96493783764905,-332.99518145171373,133.8760062247285,-121.76644874606953,-29.68508932020886,-10.14723803986966,-180.5461858603343,-30.51501175338671,-122.41631293948527,188.10390371810576,4461.800436469822,0.0,209.90262504860218,30960.1937697416,0.0,49.144174533320815,9.192962082127387e-7,0.0012940961144695812,1,0
0.006940000000000001,97.93138368577571,154.0281842884809,-332.99954380505886,134.03535790600517,-121.60014821329736,-30.075788059781846,-10.184792668890893,-180.6531582268653,-30.287500109031498,-121.94031304800284,188.10327197799052,4411.641727533901,0.0,210.01893705752084,30959.985812722636,0.0,49.3072454491581,9.192962082127387e-7,0.0012956108662505322,1,0
0.0069500000000000004,97.24160350296745,155.08912796016378,-332.99928719549825,134.19352474560574,-121.43225888335873,-30.466571842813053,-10.222163173964496,-180.75901255582906,-30.059845989364604,-121.46292878232057,188.1026429618372,4361.717096472072,0.0,210.13375342953805,30959.778753074854,0.0,49.470416988205635,9.192962082127387e-7,0.0012971146143587742,1,0
0.006960000000000001,96.55032760402058,156.1477537743397,-332.994411626679,134.35050266986661,-121.2627847782945,-30.85743194812733,-10.259349193974838,-180.8637501053769,-29.832051525196604,-120.98417374458624,188.10201667751764,4312.025982865532,0.0,210.24707520046,30959.572593380486,0.0,49.63368783999879,9.192962082127387e-7,0.0012986073165487527,1,0
0.0069700000000000005,95.85756581349574,157.20404668559254,-332.9849171678936,134.5062876421153,-121.0917299585863,-31.248359657597433,-10.296350370402898,-180.9673721365121,-29.60411883458529,-120.50406151556527,188.101393132826,4262.567802551922,0.0,210.35890342522563,30959.367336196214,0.0,49.797056694766894,9.192962082127387e-7,0.001300088945567407,1,0
0.006980000000000001,95.16332797707133,158.2579916816621,-332.9708039540795,134.6608756627097,-120.91909852296466,-31.639346256383376,-10.333166347331069,-181.06987991291547,-29.3760500228718,-120.02260565426818,188.10077233547887,4213.341947738114,0.0,210.46923917760822,30959.162984053197,0.0,49.96052224345388,9.192962082127387e-7,0.0013015594587799523,1,0
0.0069900000000000006,94.46762396140399,159.30957378365667,-332.9520721858166,134.8142627690773,-120.74489460821667,-32.03038303317309,-10.369796771448478,-181.17127470077176,-29.147847182721836,-119.53981969758821,188.10015429311542,4164.347787115956,0.0,210.57808354991764,30958.9595394571,0.0,50.12408317773847,9.192962082127387e-7,0.00130301880389605,1,0
0.007,93.77046365398742,160.35877804626728,-332.9287221293248,134.96644503575092,-120.56912238899397,-32.42146128041898,-10.406241292055913,-181.27155776859652,-28.919512394163462,-119.05571715994587,188.0995390132976,4115.584665978127,0.0,210.68543765270311,30958.757004888186,0.0,50.28773819005428,9.192962082127387e-7,0.001304466975866836,1,0
0.007010000000000001,93.07185696301279,161.4055895579789,-332.9007541164601,135.11741857440506,-120.3917860776199,-32.812572294575084,-10.442499561070566,-181.3707303870643,-28.691047724629342,-118.57031153294272,188.0989265035101,4067.051906337152,0.0,210.79130261445724,30958.55538280129,0.0,50.451485973609486,9.192962082127387e-7,0.0013059038952998314,1,0
0.00702,92.37181381722772,162.44999344128266,-332.8681685447099,135.26717953388922,-120.2128899238969,-33.20370737633222,-10.478571233031314,-181.4687938288372,-28.462455228998554,-118.08361628502337,188.09831677116068,4018.748807045426,0.0,210.8956795813203,30958.354675625917,0.0,50.61532522240627,9.192962082127387e-7,0.0013073295597832435,1,0
0.007030000000000001,91.67034416579475,163.4919748528876,-332.8309658771872,135.41572410025995,-120.03243821491353,-33.59485783085162,-10.514455965103668,-181.56574936839374,-28.233736949638857,-117.595644861145,188.09770982358012,3970.674643916839,0.0,210.99856971678602,30958.154885766282,0.0,50.779254631260045,9.192962082127387e-7,0.0013087439260730388,1,0
0.00704,90.96745797815036,164.5315189839315,-332.78914664262436,135.5630484968124,-119.8504352748514,-33.9860149679972,-10.550153417084196,-181.66159828186005,-28.004894916450944,-117.10641068245648,188.0971056680225,3922.828669850322,0.0,211.0999742014075,30957.956015601318,0.0,50.943272895818275,9.192962082127387e-7,0.0013101469412083872,1,0
0.007050000000000001,90.26316524386311,165.56861106019124,-332.7427114353652,135.70914898410928,-119.66688546479206,-34.3771701025669,-10.585663251405844,-181.75634184684017,-27.775931146913024,-116.6159271459842,188.09650431166523,3875.210114954966,0.0,211.19989423250516,30957.758067484763,0.0,51.10737871257918,9.192962082127387e-7,0.001311538592063538,1,0
0.00706,89.55747597249172,166.6032363422928,-332.6916609153569,135.8540218600089,-119.48179318252332,-34.76831455452252,-10.62098513314275,-181.84998134224787,-27.54684764612696,-116.12420762432764,188.09590576160926,3827.8181866769046,0.0,211.2983310238742,30957.561043745165,0.0,51.27157077890999,9.192962082127387e-7,0.0013129188090916233,1,0
0.007070000000000001,88.85040019344267,167.6353801259208,-332.63599580814025,135.9976634596921,-119.29516286234622,-35.15943964921705,-10.656118730014331,-181.94251804813985,-27.31764640686389,-115.63126546536168,188.0953100248792,3780.6520699272646,0.0,211.39528580549432,30957.364946686,0.0,51.43584779306512,9.192962082127387e-7,0.001314287606797901,1,0
0.00708,88.14194795582817,168.66502774202718,-332.5757169048397,136.140070155687,-119.10699897488101,-35.55053671762276,-10.691063712390786,-182.0339532455487,-27.088329409613046,-115.13711399194825,188.09471710842348,3733.71092721267,0.0,211.4907598232399,30957.169778585627,0.0,51.60020845420386,9.192962082127387e-7,0.001315644900140009,1,0
0.007090000000000001,87.43212932832235,169.6921645570406,-332.5108250621518,136.28123835789307,-118.91730602687399,-35.94159709655652,-10.725819753297667,-182.12428821631767,-26.858898622629393,-114.64176650165534,188.0941270191144,3686.9938987664236,0.0,211.58475433859107,30956.9755416974,0.0,51.764651462408004,9.192962082127387e-7,0.0013169906813498555,1,0
0.0071,86.72095439901932,170.71677597307297,-332.4413212023334,136.42116451360369,-118.72608856100318,-36.33261212890356,-10.760386528419968,-182.2135242429355,-26.629356001983677,-114.14523626648469,188.09353976374842,3640.500102681963,0.0,211.67727062834632,30956.78223824971,0.0,51.929175518699004,9.192962082127387e-7,0.0013183249163384175,1,0
0.007110000000000001,86.00843327528897,171.73884742812825,-332.36720631318815,136.55984510752685,-118.5333511556852,-36.7235731638406,-10.794763716107344,-182.30166260837294,-26.39970349161202,-113.64753653260676,188.09295534904618,3594.228635047217,0.0,211.76830998433587,30956.589870445994,0.0,52.09377932505505,9.192962082127387e-7,0.0013196475468676694,1,0
0.0071200000000000005,85.29457608363359,172.7583643963087,-332.2884814480526,136.69727666180546,-118.339098424881,-37.11447155705764,-10.82895099737847,-182.38870459591934,-26.16994302336819,-113.14868052010466,188.09237378165273,3548.178570081265,0.0,211.85787371313634,30956.398440464844,0.0,52.25846158442769,9.192962082127387e-7,0.0013209585688224862,1,0
0.007130000000000001,84.57939296954395,173.7753123880216,-332.20514772578144,136.8334557360353,-118.14333501790232,-37.50529867097743,-10.862948055925454,-182.47465148902086,-25.940076517074466,-112.64868142272537,188.09179506813766,3502.34896027177,0.0,211.9459631357866,30956.207950460008,0.0,52.423221000758375,9.192962082127387e-7,0.0013222579288529185,1,0
0.0071400000000000005,83.8628940973554,174.78967695018463,-332.11720633073134,136.96837892728237,-117.94606561921732,-37.896045874975236,-10.896754578118603,-182.55950457111882,-25.71010588057639,-112.14755240763915,188.09121921499522,3456.7388365148604,0.0,212.03257958750427,30956.018402560465,0.0,52.58805627899452,9.192962082127387e-7,0.001323545598977488,1,0
0.007150000000000001,83.14508965010256,175.80144366643248,-332.02465851274405,137.10204287009907,-117.74729494825758,-38.2867045455956,-10.930370253010757,-182.64326512548993,-25.4800330097954,-111.64530661520716,188.09064622864452,3411.3472082553817,0.0,212.11772441740482,30955.829798870465,0.0,52.752966125105544,9.192962082127387e-7,0.001324821542320137,1,0
0.0071600000000000006,82.42598982937575,176.81059815732027,-331.927505587129,137.23444423653817,-117.54702775922331,-38.67726606676815,-10.96379477234137,-182.7259344350862,-25.24985978878408,-111.14195715875638,188.0900761154296,3366.1730636295847,0.0,212.20139898822026,30955.64214146959,0.0,52.91794924609838,9.192962082127387e-7,0.0013260857331162113,1,0
0.00717,81.70560485517512,177.81712608052888,-331.82574893464437,137.3655797361667,-117.34526884089043,-39.067721830023366,-10.997027830541658,-182.80751378237716,-25.019588089782204,-110.63751712436307,188.08950888161976,3321.2153696089767,0.0,212.28360467602022,30955.455432412804,0.0,53.08300435003297,9.192962082127387e-7,0.0013273381296877579,1,0
0.007180000000000001,80.98394496576552,178.82101313106892,-331.7193900014774,137.49544611607786,-117.14202301641616,-39.45806323470498,-11.03006912473817,-182.888004449192,-24.789219773272997,-110.13199957064337,188.0889445334095,3276.473072145354,0.0,212.3643428699341,30955.269673730494,0.0,53.24813014603733,9.192962082127387e-7,0.0013285787053896325,1,0
0.00719,80.2610204175316,179.82224504148297,-331.6084302992238,137.62404016090179,-116.93729514314552,-39.84828168818287,-11.062918354757688,-182.96740771656286,-24.558756688041264,-109.62541752855229,188.08838307691877,3231.9450963180207,0.0,212.44361497187424,30955.084867428523,0.0,53.413325344322374,9.192962082127387e-7,0.0013298074177838237,1,0
0.007200000000000001,79.53684148483131,180.82080758204944,-331.4928714048668,137.7513586928155,-116.73109011241775,-40.23836860606298,-11.095575223130972,-183.04572486456945,-24.328200671230853,-109.11778400118985,188.08782451819323,3187.6303464815055,0.0,212.52142239626073,30954.90101548832,0.0,53.57858865619658,9.192962082127387e-7,0.0013310242579303022,1,0
0.00721,78.81141845985026,181.81668656098435,-331.3727149607539,137.87739857155125,-116.52341284937265,-40.628315412397555,-11.128039435097513,-183.12295717218436,-24.097553548405138,-108.60911196361576,188.08726886320423,3143.527706415543,0.0,212.59776656974796,30954.718119866866,0.0,53.74391879408023,9.192962082127387e-7,0.0013322291539154818,1,0
0.007220000000000001,78.08476165245528,182.80986782464305,-331.2479626745742,138.0021566944037,-116.31426831275738,-41.018113539892425,-11.160310698609461,-183.1991059171193,-23.866817133605707,-108.0994143626705,188.0867161178491,3099.6360394757903,0.0,212.6726489309518,30954.536182496813,0.0,53.90931447151959,9.192962082127387e-7,0.0013334221183976536,1,0
0.00723,77.3568813900483,183.8003372577211,-331.1186163193338,138.12562999623654,-116.1036614947325,-41.40775443011404,-11.192388724335451,-183.27417237567252,-23.635993229414645,-107.58870411680553,188.08616628795127,3055.95418874657,0.0,212.74607093017875,30954.355205286498,0.0,54.07477440320063,9.192962082127387e-7,0.0013346030902528366,1,0
0.007240000000000001,76.62778801741871,184.7880807834559,-330.9846777333308,138.24781544948698,-115.89159742067947,-41.797229533694875,-11.224273225665346,-183.34815782257715,-23.405083627015138,-107.07699411591955,188.0856193792604,3012.4809771942955,0.0,212.81803402915648,30954.17519012002,0.0,54.24029730496266,9.192962082127387e-7,0.001335772060269108,1,0
0.00725,75.8974918965974,185.77308436382518,-330.84614882012886,138.36871006417016,-115.67808114900686,-42.186530310538245,-11.255963918714126,-183.4210635308505,-23.17409010625586,-106.56429722120376,188.0850753974526,2969.2152078233366,0.0,212.88853970076627,30953.996138857252,0.0,54.405881893811554,9.192962082127387e-7,0.001336928956420208,1,0
0.007260000000000001,75.16600340670873,186.75533399974793,-330.70303154853053,138.48831088788145,-115.46311777095784,-42.57564823001946,-11.287460522325581,-183.49289077164426,-22.94301443571228,-106.05062626499326,188.0845343481306,2926.155663831639,0.0,212.9575894287757,30953.81805333398,0.0,54.5715268879329,9.192962082127387e-7,0.0013380738131931191,1,0
0.00727,74.43333294382323,187.7348157312826,-330.555327952549,138.6066150057987,-115.24671241041705,-42.96457477118898,-11.31876275807674,-183.56364081409623,-22.711858372753028,-105.53599405062695,188.08399623682382,2883.301108769363,0.0,213.02518470757468,30953.640935361862,0.0,54.73723100670469,9.192962082127387e-7,0.0013392065404222997,1,0
0.007280000000000001,73.69949092080999,188.71151563782564,-330.40304013137944,138.7236195406824,-115.02887022371816,-43.35330142297134,-11.349870350281488,-183.63331492518245,-22.480623663603453,-105.02041335231418,188.08346106898864,2840.6502866976075,0.0,213.09132704191177,30953.464786728546,0.0,54.90299297070998,9.192962082127387e-7,0.0013403271435241948,1,0
0.0072900000000000005,72.96448776718852,189.6854198383095,-330.24617024936873,138.83932165287553,-114.80959639945107,-43.74181968436502,-11.380783025994855,-183.70191436957057,-22.24931204341297,-104.50389691500904,188.0829288500085,2798.2019223492457,0.0,213.15601794663232,30953.289609197687,0.0,55.068811501749074,9.192962082127387e-7,0.0013414355650657739,1,0
0.007300000000000001,72.22833392898046,190.6565144913999,-330.0847205359851,138.953718540302,-114.58889615827,-44.13012106463876,-11.411500515016378,-183.7694404094748,-22.017925236320323,-103.9864574542917,188.08239958519414,2755.9547212902494,0.0,213.21925894641888,30953.11540450906,0.0,55.23468532285168,9.192962082127387e-7,0.0013425318103917339,1,0
0.0073100000000000005,71.49103986856151,191.62478579569193,-329.91869328578656,139.06680743846414,-114.36677475270092,-44.5181970835294,-11.442022549894563,-183.83589430451096,-21.786464955522987,-103.46810765625763,188.0818732797837,2713.907370083478,0.0,213.28105157553225,30952.94217437854,0.0,55.40061315828863,9.192962082127387e-7,0.0013436158255465125,1,0
0.007320000000000001,70.75261606451221,192.59021998990735,-329.74809085838757,139.1785856204392,-114.14323746695014,-44.906039271435546,-11.472348865930297,-183.9012773115536,-21.554932903343705,-102.94886017741308,188.0813499389429,2672.058536452261,0.0,213.3413973775554,30952.76992049821,0.0,55.5665937335835,9.192962082127387e-7,0.00134468757922393,1,0
0.007330000000000001,70.01307301146929,193.55280335308922,-329.5729156784265,139.2890503968751,-113.91828961671212,-45.29363916961223,-11.502479201180709,-183.96559068459354,-21.323330771301414,-102.42872764457866,188.08082956776525,2630.406869446583,0.0,213.40029790513822,30952.59864453641,0.0,55.73262577552387,9.192962082127387e-7,0.0013457470570833463,1,0
0.00734,69.27242121997652,194.51252220479716,-329.3931702355302,139.3981991159843,-113.6919365489783,-45.68098833036228,-11.532413296462707,-184.0288356745964,-21.091660240179387,-101.90772265479907,188.08031217127217,2588.9509996093825,0.0,213.457754719744,30952.428348137793,0.0,55.89870801217245,9.192962082127387e-7,0.0013467942418042417,1,0
0.007350000000000001,68.5306712163353,195.46936290530212,-329.2088570842795,139.50602916353813,-113.4641836418457,-46.068078317228995,-11.562150895357153,-184.0910135293631,-20.859922980097934,-101.38585777526087,188.07979775441316,2547.6895391451694,0.0,213.51376939139817,30952.259032923343,0.0,56.064839172877896,9.192962082127387e-7,0.0013478290601440096,1,0
0.00736,67.78783354245506,196.42331185577962,-329.01997884417193,139.61253796285874,-113.23503630432603,-46.45490070518486,-11.59169174421216,-184.15212549339032,-20.628120650584627,-100.8631455432167,188.07928632206608,2506.6210820888286,0.0,213.5683434984388,30952.090700490502,0.0,56.231017988285345,9.192962082127387e-7,0.0013488515374469878,1,0
0.007370000000000001,67.04391875570342,197.37435549850358,-328.82653819958574,139.71772297481124,-113.00449997615493,-46.84144708082013,-11.621035592146388,-184.21217280773303,-20.396254900646333,-100.33959846591623,188.07877787903712,2465.744204476056,0.0,213.62147862726823,30951.923352413163,0.0,56.39724319034689,9.192962082127387e-7,0.0013498616066379698,1,0
0.00738,66.29893742875613,198.3224803170387,-328.6285378997404,139.82158169779422,-112.77258012760149,-47.22770904253134,-11.650182191053414,-184.27115670986763,-20.164327368843573,-99.8152290205449,188.07827243006116,2425.057464515279,0.0,213.67317637210752,30951.756990241767,0.0,56.563513512331575,9.192962082127387e-7,0.001350859258923004,1,0
0.007390000000000001,65.55290014944681,199.26767283643272,-328.42598075865857,139.92411166772968,-112.53928225927791,-47.61367820070656,-11.679131295604542,-184.3290784335564,-19.932339683363182,-99.2900496541683,188.07776997980187,2384.5594027601956,0.0,213.7234383347518,30951.591615503356,0.0,56.72982768883538,9.192962082127387e-7,0.001351844480149439,1,0
0.0074,64.80581752061673,200.20991962340756,-328.21886965512556,140.02531045805176,-112.30461190194953,-47.99934617791097,-11.707882663252835,-184.38593920871273,-19.700293462093917,-98.76407278368431,188.07727053285183,2344.2485422839263,0.0,213.77226612432784,30951.427229701592,0.0,56.89618445579079,9.192962082127387e-7,0.0013528172086643142,1,0
0.007410000000000001,64.0577001599636,201.14920728655076,-328.0072075326486,140.1251756796953,-112.06857461634574,-48.38470460906967,-11.736436054236098,-184.4417402612683,-19.468190312700052,-98.23731079578174,188.07677409373278,2304.123388853548,0.0,213.81966135705423,30951.26383431687,0.0,57.062582550476314,9.192962082127387e-7,0.0013537774499191996,1,0
0.00742,63.30855869989111,202.08552247650556,-327.79099739941495,140.2237049810827,-111.83117599296969,-48.76974514165107,-11.76479123158039,-184.49648281304056,-19.236031832699418,-97.70977604690536,188.07628066689577,2264.18243110684,0.0,213.86562565600204,30951.101430806335,0.0,57.229020711525585,9.192962082127387e-7,0.0013547251651863101,1,0
0.007430000000000001,62.55840378735763,203.01885188616055,-327.57024232824915,140.32089604811034,-111.59242165191012,-49.15445943584793,-11.792947961103884,-184.55016808160187,-19.00381960953871,-97.1814808632277,188.07579025672135,2224.424140729209,0.0,213.91016065085876,30950.94002060396,0.0,57.39549767893641,9.192962082127387e-7,0.0013556603315729165,1,0
0.00744,61.80724608372492,203.94918225083887,-327.3449454565695,140.41674660413437,-111.352317242652,-49.53883916475711,-11.820906011419378,-184.60279728014964,-18.771555220671722,-96.65243754062772,188.07530286751967,2184.846972632102,0.0,213.9532679776934,30950.779605120595,0.0,57.56201219407943,9.192962082127387e-7,0.001356582921669014,1,0
0.007450000000000001,61.05509626460656,204.8765003484869,-327.1151099863431,140.51125440995523,-111.1108684438886,-49.92287601455889,-11.84866515393843,-184.6543716173777,-18.539240233636995,-96.12265834467544,188.07481850353074,2145.4493651324156,0.0,213.99494927872405,30950.620185744025,0.0,57.72856299970673,9.192962082127387e-7,0.0013574929162523536,1,0
0.0074600000000000005,60.30196501971665,205.80079299986153,-326.8807391840409,140.60441726380185,-110.86808096333294,-50.30656168469429,-11.876225162873794,-184.70489229734898,-18.306876206137204,-95.59215551062381,188.07433716892456,2106.2297401330716,0.0,214.03520620208698,30950.46176383903,0.0,57.89514883996005,9.192962082127387e-7,0.0013583902875529408,1,0
0.007470000000000001,59.54786305271686,206.72204706871864,-326.6418363805907,140.69623300131465,-110.62396053753048,-50.68988788804211,-11.903585815243506,-184.75436051936902,-18.074464686118525,-95.06094124340585,188.0738588678013,2067.1865033043136,0.0,214.0740404016084,30950.304340747436,0.0,58.06176846037894,9.192962082127387e-7,0.0013592750046668989,1,0
0.0074800000000000005,58.79280108106563,207.64024946199842,-326.39840497133014,140.78669949552798,-110.37851293167121,-51.072846351093695,-11.930746890873273,-184.80277747786096,-17.84200721185112,-94.52902771763931,188.07338360419146,2028.3180442665116,0.0,214.1114535365772,30950.147917788185,0.0,58.22842060790854,9.192962082127387e-7,0.0013601470568200963,1,0
0.007490000000000001,58.03678983586482,208.5553871300125,-326.1504484159583,140.87581465685196,-110.13174393940312,-51.4554288141271,-11.957708172399926,-184.850144362242,-17.60950531200921,-93.99642707763681,188.07291138205608,1989.6227367733143,0.0,214.14744727152103,30949.99249625738,0.0,58.395104030907305,9.192962082127387e-7,0.001361006404197257,1,0
0.007500000000000001,57.27984006170766,209.46744706662892,-325.8979702384869,140.9635764330533,-109.883659382645,-51.83762703138092,-11.984469445274733,-184.89646235680036,-17.376960505754504,-93.46315143742268,188.07244220528688,1951.0989388966796,0.0,214.1820232759839,30949.838077428354,0.0,58.56181747915435,9.192962082127387e-7,0.0013618530484817426,1,0
0.00751,56.52196251652596,210.37641630945723,-325.64097402718943,141.0499828092354,-109.63426511140037,-52.219432771224945,-12.011030497765947,-184.94173264057397,-17.14437430281665,-92.9292128807554,188.07197607770644,1912.7449932118946,0.0,214.2151832243054,30949.684662551706,0.0,58.72855970385675,9.192962082127387e-7,0.0013626869290884053,1,0
0.007520000000000001,55.76316797143719,211.28228194003245,-325.3794634345512,141.13503180781808,-109.38356700357154,-52.600837816331776,-12.037391120962337,-184.98595638723083,-16.91174820357709,-92.3946234611567,188.0715130030684,1874.559226984339,0.0,214.24692879540277,30949.53225285541,0.0,58.895329457656516,9.192962082127387e-7,0.00136350807378674,1,0
0.00753,55.00346721059144,212.18503108399878,-325.1134421772163,141.21872148851634,-109.13157096477357,-52.98183396384647,-12.06355110877589,-185.02913476494922,-16.679083699153345,-91.85939520194665,188.07105298505755,1836.5399523570295,0.0,214.27726167255489,30949.380849544785,0.0,59.06212549463732,9.192962082127387e-7,0.0013643164074480796,1,0
0.007540000000000001,54.24287103101801,213.08465091129278,-324.84291403593585,141.30104994831854,-108.87828292814969,-53.36241302555424,-12.089510257944731,-185.07126893630084,-16.446382271481774,-91.32354009628426,188.07059602729015,1798.6854665385526,0.0,214.30618354318827,30949.230453802644,0.0,59.22894657033124,9.192962082127387e-7,0.001365111946520406,1,0
0.00755,53.48139024247251,213.98112863632514,-324.5678828555135,141.38201532146368,-108.62370885418568,-53.74256682804855,-12.115268368036066,-185.11236005813376,-16.213645393404192,-90.78707010721433,188.07014213331394,1760.9940519928602,0.0,214.33369609866543,30949.08106678929,0.0,59.395791441724974,9.192962082127387e-7,0.0013658946585351633,1,0
0.007560000000000001,52.71903566728209,214.8744515181633,-324.2883525447511,141.46161577941834,-108.36785473052616,-54.122287212896794,-12.140825241449157,-185.15240928145755,-15.980874528751691,-90.24999716772003,188.0696913066084,1723.4639766288522,0.0,214.35980103407516,30948.932689642606,0.0,59.56265886726618,9.192962082127387e-7,0.0013666645147496215,1,0
0.00757,51.955818140193024,215.76460686071155,-324.0043270763931,141.53984953085325,-108.11072657178984,-54.50156603680597,-12.166180683417743,-185.1914177513296,-15.748071132432614,-89.71233318078177,188.06924355058493,1686.0934939920978,0.0,214.3845000480256,30948.785323478078,0.0,59.72954760686934,9.192962082127387e-7,0.0013674214915096045,1,0
0.007580000000000001,51.19174850821567,216.65158201289216,-323.71581048707003,141.61671482161816,-107.8523304193864,-54.880395171786404,-12.191334502013412,-185.22938660674203,-15.515236650517934,-89.17409001944067,188.06879886858698,1648.8808434562586,0.0,214.4077948424388,30948.6389693889,0.0,59.89645642192164,9.192962082127387e-7,0.0013681655901365553,1,0
0.00759,50.42683763047075,217.5353643688249,-323.42280687724144,141.69220993471745,-107.59267234133266,-55.25876650531496,-12.216286508147792,-185.26631698051057,-15.282372520329886,-88.63527952686884,188.06835726389025,1611.8242504162413,0.0,214.42968712234787,30948.493628445976,0.0,60.063384075288475,9.192962082127387e-7,0.0013688967618788045,1,0
0.007600000000000001,49.66109637803492,218.41594136800634,-323.1253204111369,141.7663331902842,-107.33175843207034,-55.636671940496534,-12.241036515575509,-185.30220999916492,-15.049480170528607,-88.0959135164446,188.06791873970283,1574.9219264814699,0.0,214.4501785956972,30948.349301698036,0.0,60.230329331318934,9.192962082127387e-7,0.0013696150114611005,1,0
0.0076100000000000004,48.89453563378658,219.29330049548784,-322.8233553166979,141.8390829455541,-107.06959481228296,-56.01410339622559,-12.26558434089678,-185.3370667828392,-14.816561021202446,-87.55600377183355,188.06748329916545,1538.1720696709026,0.0,214.46927097314298,30948.205990171642,0.0,60.39729095585091,9.192962082127387e-7,0.0013703203147447107,1,0
0.007620000000000001,48.12716629225036,220.16742928205463,-322.5169158855166,141.91045759483868,-106.80618762871435,-56.391052807345446,-12.289929803560128,-185.3708884451653,-14.583616483955712,-87.01556204707461,188.0670509453515,1501.5728646076734,0.0,214.48696596785828,30948.063694871253,0.0,60.56426771621622,9.192962082127387e-7,0.0013710126313165594,1,0
0.0076300000000000005,47.35899925944342,221.03831530440138,-322.20600647277587,141.98045556949788,-106.54154305398652,-56.76751212480711,-12.31407272586464,-185.403676093166,-14.350647961999549,-86.47460006667212,188.06662168126735,1465.122482715748,0.0,214.5032652953388,30947.92241677932,0.0,60.73125838124531,9.192962082127387e-7,0.0013716919749321987,1,0
0.007640000000000001,46.59004545271957,221.90594618531014,-321.89063149718635,142.0490753379125,-106.27566728641894,-57.143473315827194,-12.33801293296289,-185.4354308271509,-14.117656850241438,-85.93312952569273,188.06619550985243,1428.8190824163562,0.0,214.51817067321173,30947.782156856287,0.0,60.89826172127203,9.192962082127387e-7,0.001372358298763976,1,0
0.0076500000000000005,45.8203158006145,222.77030959382554,-321.57079544092477,142.11631540545554,-106.00856654984733,-57.51892836404444,-12.361750252863061,-185.46615374061238,-13.88464453537691,-85.39116208986792,188.06577243397945,1392.660809325901,0.0,214.53168382104698,30947.642916040673,0.0,61.065276508137956,9.192962082127387e-7,0.0013730115912982954,1,0
0.007660000000000001,45.049821242690335,223.63139324543036,-321.24650284956925,142.18217431446342,-105.7402470934436,-57.89386926967596,-12.385284516431874,-185.49584592012354,-13.65161239598093,-84.84870939570112,188.0653524564545,1356.6457964543067,0.0,214.54380646017023,30947.504695249143,0.0,61.2323015151968,9.192962082127387e-7,0.0013736518452464597,1,0
0.007670000000000001,44.27857272938026,224.4891849022198,-320.9177583320356,142.24665064420657,-105.47071519153575,-58.26828804967095,-12.40861555739638,-185.52450844523744,-13.418561802599427,-84.30578305058093,188.0649355800173,1320.7721644039507,0.0,214.55454031347887,30947.36749537655,0.0,61.399335517318384,9.192962082127387e-7,0.0013742790479289446,1,0
0.007680000000000001,43.50658122183271,225.3436723730759,-320.5845665605108,142.3097430108598,-105.19997714342857,-58.642176737865455,-12.431743212346838,-185.55214238838767,-13.185494117842481,-83.76239463289839,188.06452180734132,1285.0380215697353,0.0,214.56388710526036,30947.231317295962,0.0,61.56637729089267,9.192962082127387e-7,0.00137489315381642,1,0
0.007690000000000001,42.73385769175609,226.19484351383988,-320.24693227038773,142.37145006747156,-104.92803927322431,-59.015527385134554,-12.454667320738785,-185.57874881478995,-12.952410696477521,-83.21855569216993,188.06411114103392,1249.4414643396678,0.0,214.57184856101253,30947.096161858768,0.0,61.73342561383339,9.192962082127387e-7,0.0013754941731257686,1,0
0.0077,41.960413121261915,227.04268622748612,-319.9048602601967,142.43177050393348,-104.65490792964442,-59.388332059544155,-12.477387724895415,-185.60432878234553,-12.71931288552242,-82.67427774916465,188.0637035836366,1213.980577295742,0.0,214.57842640726656,30946.962029894687,0.0,61.90047926558176,9.192962082127387e-7,0.0013760820752214131,1,0
0.007710000000000001,41.186258502709556,227.8871884642929,-319.5583553915384,142.49070304694902,-104.38058948585115,-59.76058284650194,-12.499904270009765,-185.62888334154565,-12.486202024340173,-82.12957229603711,188.06329913762502,1178.6534334162525,0.0,214.58362237141284,30946.828922211855,0.0,62.06753702710978,9.192962082127387e-7,0.0013766568481652919,1,0
0.00772,40.41140483854992,228.72833822201403,-319.2074225890139,142.54824646000176,-104.10509033926962,-60.13227184890714,-12.522216804146794,-185.6524135353773,-12.253079444733714,-81.58445079646432,188.06289780540936,1143.4580942783014,0.0,214.5874381815282,30946.696839596865,0.0,62.23459768092347,9.192962082127387e-7,0.001377218478336828,1,0
0.007730000000000001,39.635863141168635,229.5661235460496,-318.85206684015515,142.60439954332332,-103.82841691141122,-60.50339118729967,-12.544325178245984,-185.67492039923096,-12.019946471040718,-81.03892468578772,188.0624995893343,1108.392610260845,0.0,214.58987556620693,30946.565782814818,0.0,62.40166001106603,9.192962082127387e-7,0.0013777669519913216,1,0
0.00774,38.85964443272987,230.40053252961567,-318.4922931953539,142.65916113386086,-103.55057564769601,-60.87393300000808,-12.566229246123143,-185.6964049608088,-11.786804420229792,-80.49300537115984,188.06210449167926,1073.4550207488433,0.0,214.59093625439303,30946.43575260938,0.0,62.56872280312063,9.192962082127387e-7,0.0013783022492559749,1,0
0.007750000000000001,38.08275974501966,231.23155331391365,-318.12810676779003,142.71253010524424,-103.27157301727674,-61.243889443296375,-12.587928864472325,-185.7168682400347,-11.553654601996236,-79.94670423169504,188.0617125146586,1038.6433543374674,0.0,214.59062197521604,30946.30674970284,0.0,62.735784844213285,9.192962082127387e-7,0.001378824353023167,1,0
0.00776,37.305220119289025,232.05917408829876,-317.75951273335875,142.7645053677526,-102.9914155128627,-61.61325269151042,-12.609423892868115,-185.73631124896602,-11.320498318859116,-79.4000326186256,188.0613236604217,1003.9556290373658,0.0,214.58893445782834,30946.17877479615,0.0,62.90284492301531,9.192962082127387e-7,0.0013793332502032574,1,0
0.007770000000000001,36.52703660609707,232.88338309044792,-317.3865163305972,142.8150858682809,-102.71010965054458,-61.982014937223504,-12.630714193767787,-185.75473499170621,-11.087336866258255,-78.85300185546134,188.06093793105313,969.3898524803147,0.0,214.58587543124577,30946.05182856899,0.0,63.069901829745874,9.192962082127387e-7,0.0013798289296967359,1,0
0.0077800000000000005,35.74822026515429,233.7041686065265,-317.00912286061003,142.86427059030558,-102.42766196961885,-62.35016839138007,-12.651799632512763,-185.77214046431857,-10.854171532652131,-78.30562323815427,188.06055532857292,934.9440221254677,0.0,214.58144662419056,30945.925911679828,0.0,63.23695435617419,9.192962082127387e-7,0.0013803113800011646,1,0
0.007790000000000001,34.96878216516444,234.52151897135593,-316.6273376869935,142.9120585538505,-102.14407903241388,-62.717705283439706,-12.672680077330945,-185.78852865474278,-10.621003599615072,-77.7579080352669,188.06017585493655,900.6161254658896,0.0,214.57564976493654,30945.801024765948,0.0,63.40400129562171,9.192962082127387e-7,0.0013807805908167547,1,0
0.0078000000000000005,34.18873338366849,235.33542256857802,-316.2411662357604,142.95844881545207,-101.85936742411496,-63.084617861520215,-12.69335539933855,-185.80390054271106,-10.387834341937541,-77.20986748814542,188.0597995120352,866.4041402365958,0.0,214.56848658115695,30945.677168443515,0.0,63.57104144296403,9.192962082127387e-7,0.001381236532454061,1,0
0.007810000000000001,33.408085006886175,236.1458678308212,-315.85061399526137,143.00344046812407,-101.57353375259147,-63.450898392538555,-12.713825472541906,-185.81825709966677,-10.154665027723212,-76.66151281109629,188.0594263016959,832.3060346215974,0.0,214.5599587997752,30945.55434330762,0.0,63.73807359463282,9.192962082127387e-7,0.0013816792010900025,1,0
0.00782,32.6268481295589,236.95284323986428,-315.45568651610876,143.04703264132263,-101.2865846482228,-63.81653916235234,-12.734090173838865,-185.83159928868452,-9.92149691848978,-76.11285519156762,188.05905622568173,798.3197674629023,0.0,214.55006814681767,30945.43254993236,0.0,63.90509654861741,9.192962082127387e-7,0.0013821086018095396,1,0
0.00783,31.845033854791957,237.75633732680055,-315.0563894110958,143.08922450091032,-100.99852676372636,-64.18153247590011,-12.754149383021307,-185.8439280643911,-9.688331269268005,-75.56390579033388,188.05868928569183,764.4432884690716,0.0,214.53881634726955,30945.311788870837,0.0,64.0721091044664,9.192962082127387e-7,0.0013825246919799694,1,0
0.007840000000000001,31.062653293896652,238.55633867220055,-314.6527283551184,143.1300152491201,-100.70936677398456,-64.54587065734039,-12.774002982776246,-185.8552443728882,-9.455169328702311,-75.0146757416848,188.05832548336167,730.6745384247712,0.0,214.526205124933,30945.192060655252,0.0,64.2391100632891,9.192962082127387e-7,0.0013829274807827807,1,0
0.007850000000000001,30.279717566232748,239.35283590627412,-314.2447090850937,143.16940412451945,-100.41911137587311,-64.90954605019049,-12.793650858687613,-185.86554915167656,-9.222012339151902,-74.4651761536185,188.05796482026318,697.011449400663,0.0,214.51223620228794,30945.07336579693,0.0,64.40609822775666,9.192962082127387e-7,0.0013833169432486414,1,0
0.00786,29.496237799049858,240.1458177090327,-313.8323373998786,143.2073904019733,-100.12776728808996,-65.27255101746401,-12.813092899238256,-185.87484332958138,-8.988861536790786,-73.91541810803733,188.0576072979049,663.4519449634272,0.0,214.4969113003553,30944.955704786385,0.0,64.57307240210335,9.192962082127387e-7,0.001383693080090953,1,0
0.00787,28.71222512732983,240.93527281044942,-313.4156191601876,143.2439733926077,-99.83534125098355,-65.63487794180791,-12.832328995810883,-185.88312782667916,-8.755718151710191,-73.36541266094844,188.0572529177321,629.9939403868304,0.0,214.48023213856325,30944.839078093373,0.0,64.74003139212752,9.192962082127387e-7,0.0013840558897717237,1,0
0.00788,27.927690693627937,241.7211899906201,-312.99456028850926,143.2791524437726,-99.54184002638304,-65.9965192256388,-12.851359042690248,-185.89040355422645,-8.522583408019884,-72.81517084266756,188.0569016811269,596.6353428625645,0.0,214.46220043461602,30944.723486166902,0.0,64.90697400519245,9.192962082127387e-7,0.0013844053227243247,1,0
0.007890000000000001,27.142645647915067,242.50355807992193,-312.569166769022,143.31292693900443,-99.24727039742751,-66.35746729127825,-12.870182937064264,-185.89667141458924,-8.28945852395075,-72.26470365802597,188.0565535894086,563.374051712138,0.0,214.44281790436463,30944.608929435344,0.0,65.07389905022717,9.192962082127387e-7,0.0013847414173570327,1,0
0.0079,26.3571011474192,243.28236595917235,-312.13944464750955,143.34529629798885,-98.95163916839662,-66.71771458108763,-12.888800579025549,-185.9019323011745,-8.056344711957536,-71.71402208658188,188.05620864383354,530.2079585987713,0.0,214.42208626168133,30944.495408306422,0.0,65.2408053377269,9.192962082127387e-7,0.0013850641339847036,1,0
0.00791,25.571068356466398,244.0576025597877,-311.70540003127445,143.37625997652282,-98.65495316454161,-67.07725355760186,-12.907211871573033,-185.90618709836292,-7.823243178821066,-71.16313708283386,188.0558668455955,497.134947739512,0.0,214.40000721833613,30944.3829231673,0.0,65.40769167975378,9.192962082127387e-7,0.0013853734765136294,1,0
0.00792,24.784558446322514,244.82925686393983,-311.26703908905137,143.40581746647658,-98.35721923191588,-67.43607670366266,-12.92541672061298,-185.9094366814427,-7.590155125752169,-70.61205957643867,188.05552819582564,464.15289611820447,0.0,214.3765824838757,30944.2714743846,0.0,65.57455688993714,9.192962082127387e-7,0.0013856694244795409,1,0
0.007930000000000001,23.997582595034228,245.5973179047131,-310.82436805091965,143.43396829575568,-98.05844423720713,-67.79417652255142,-12.943415034960736,-185.9116819165457,-7.357081748495332,-70.06080047243191,188.05519269559284,431.25967369851594,0.0,214.35181376550563,30944.161062304483,0.0,65.7413997834738,9.192962082127387e-7,0.0013859519855121682,1,0
0.007940000000000001,23.21015198727054,246.36177476625983,-310.37739320821447,143.46071202826232,-97.75863506756897,-68.15154553812042,-12.961206726341572,-185.91292366058403,-7.124024237432735,-69.50937065145187,188.05486034590362,398.45314363733627,0.0,214.32570276797478,30944.05168725265,0.0,65.90821917712807,9.192962082127387e-7,0.0013862211383783574,1,0
0.00795,22.42227781416327,247.12261658395602,-309.926120913438,143.4860482638572,-97.45779863045428,-68.50817629492472,-12.978791709392652,-185.91316276118926,-6.8909837776881915,-68.9577809699663,188.05453114770248,365.73116249846794,0.0,214.29825119346273,30943.943349534424,0.0,66.07501388923205,9.192962082127387e-7,0.0013864768746281453,1,0
0.00796,21.633971273148486,247.87983254455523,-309.47055758016825,143.5099766383204,-97.15594185344699,-68.86406135835149,-12.996169901663201,-185.91240005665165,-6.657961549231835,-68.40604226050229,188.0542051018719,333.09158046660673,0.0,214.26946074146926,30943.836049434794,0.0,66.24178273968538,9.192962082127387e-7,0.0013867191997489758,1,0
0.007970000000000001,20.845243567806676,248.63341188634286,-309.0107096829685,143.53249682331253,-96.8530716840963,-69.2191933147512,-13.013341223616884,-185.91063637586223,-6.424958726985508,-67.85416533187917,188.05388220923257,300.53224156184035,0.0,214.23933310870754,30943.729787218428,0.0,66.40852454995509,9.192962082127387e-7,0.0013869480837662151,1,0
0.007980000000000001,20.056105907704953,249.38334389928792,-308.5465837572954,143.5536085263359,-96.54919508974983,-69.57356477156584,-13.030305598631976,-185.90787253825542,-6.191976480928403,-67.30216096944449,188.05356247054345,268.05098385444205,0.0,214.20786998899908,30943.624563129768,0.0,66.5752381430753,9.192962082127387e-7,0.001387163553437376,1,0
0.00799,19.26656950823585,250.12961792519684,-308.07818639940587,143.57331149069503,-96.24431905738852,-69.92716835745689,-13.047062953002744,-185.90410935375374,-5.959015976200675,-66.75003993531182,188.05324588650197,235.6456396789836,0.0,214.17507307317177,30943.520377393026,0.0,66.74192234364692,9.192962082127387e-7,0.0013873655738303459,1,0
0.008,18.476645590459334,250.8722233578638,-307.60552426626265,143.5916054954574,-95.93845059346066,-70.27999672243466,-13.063613215940904,-185.8993476227136,-5.726078373211536,-66.19781296860235,188.05293245774408,203.31403585031333,0.0,214.1409440489608,30943.417230212253,0.0,66.90857597783709,9.192962082127387e-7,0.0013875541513372058,1,0
0.008010000000000001,17.68634538094269,251.61114964322184,-307.1286040754414,143.60849035541398,-95.63159672371695,-70.63204253798419,-13.079956319575956,-185.89358813587273,-5.493164827743804,-65.64549078568842,188.05262218484447,171.05399387852225,0.0,214.10548460091167,30943.315121771375,0.0,67.07519787337864,9.192962082127387e-7,0.0013877292697212495,1,0
0.008020000000000001,16.89568011160142,252.34638627949278,-306.6474326050334,143.62396592103931,-95.323764493046,-70.98329849719288,-13.096092198956775,-185.88683167429895,-5.2602764910618305,-65.0930840804401,188.05231506831666,138.8633301847592,0.0,214.06869641028672,30943.214052234256,0.0,67.24178685956933,9.192962082127387e-7,0.0013878909568473263,1,0
0.00803,16.104661019539037,253.07792281733657,-306.16201669355047,143.63803207845223,-95.01496096531051,-71.33375731487543,-13.112020792052071,-185.87907900934078,-5.027414510016193,-64.54060352447351,188.05201110861307,106.73985631661827,0.0,214.03058115497396,30943.114021744695,0.0,67.40834176727122,9.192962082127387e-7,0.0013880391662604852,1,0
0.00804,15.313299346887778,253.8057488599997,-305.67236323982706,143.6506887493756,-94.7051932231829,-71.68341172770006,-13.127742039751432,-185.87033090257933,-4.794580027151987,-63.98805976740229,188.05171030612527,74.68137916449757,0.0,213.9911405093985,30943.015030426504,0.0,67.57486142890973,9.192962082127387e-7,0.0013881739093036527,1,0
0.00805,14.52160634064878,254.52985406346312,-305.1784792029228,143.66193589109633,-94.39446836798233,-72.03225449431335,-13.143255885866424,-185.8605881057813,-4.561774180815689,-63.43546343709079,188.051412661184,42.68570117774152,0.0,213.95037614443677,30942.91707838355,0.0,67.74134467847269,9.192962082127387e-7,0.001388295187505828,1,0
0.008060000000000001,13.729593252531707,255.25022813658927,-304.6803716020227,143.67177349642535,-94.0827935195115,-72.38027839546383,-13.158562277130919,-185.84985136085405,-4.328998105261839,-62.882825139909755,188.05111817405933,10.750620580631164,0.0,213.9082897273336,30942.82016569977,0.0,67.90779035150938,9.192962082127387e-7,0.0013884029867008985,1,0
0.00807,12.937271338796222,255.96686084126765,-304.1780475163387,143.68020159365767,-93.77017581589399,-72.72747623412694,-13.173661163202283,-185.83812139980222,-4.0962529307621836,-62.330155460994504,188.0508268449608,-21.12606841038945,0.0,213.86488292162247,30942.72429243925,0.0,68.07419728512929,9.192962082127387e-7,0.001388497321953036,1,0
0.00808,12.14465186009016,256.67974199256145,-303.67151408500786,143.6872202465318,-93.4566224134125,-73.0738408356267,-13.188552496661679,-185.82539894468536,-3.8635397837112464,-61.77746496450424,188.0505386740375,-52.94657537109299,0.0,213.8201573870472,30942.629458646217,0.0,68.24056431800112,9.192962082127387e-7,0.0013885781700742617,1,0
0.00809,11.351746081290877,257.3888614588516,-303.16077850699133,143.69282955418944,-93.14214048634632,-73.41936504775983,-13.20323623301524,-185.8116847075772,-3.6308597867365364,-61.2247641938842,188.05025366137826,-84.71311345185586,0.0,213.77411477948795,30942.53566434512,0.0,68.40689029035138,9.192962082127387e-7,0.0013886455362611128,1,0
0.008100000000000001,10.558565271344492,258.09420916198076,-302.64584804097234,143.69702965113507,-92.8267372268104,-73.76404174091684,-13.217712330694297,-185.79697939052662,-3.398214058805003,-60.67206367212936,188.04997180701164,-116.42789916133597,0.0,213.72675675088846,30942.44290954064,0.0,68.57317404396314,9.192962082127387e-7,0.001388699415618394,1,0
0.008110000000000001,9.76512070310621,258.79577507739674,-302.1267300052524,143.69982070719558,-92.51041984459373,-74.10786380820456,-13.231980751056184,-185.78128368552007,-3.1656037153332193,-60.11937390205034,188.04969311090622,-148.09315214909964,0.0,213.6780849491876,30942.351194217757,0.0,68.73941442217446,9.192962082127387e-7,0.001388739808963313,1,0
0.00812,8.97142365317955,259.493549234295,-301.60343177764827,143.7012029274795,-92.19319556699926,-74.45082416556608,-13.246041458384575,-185.76459827444546,-2.93302986829368,-59.56670536654026,188.04941757297055,-179.7110949891719,0.0,213.62810101825212,30942.26051834177,0.0,68.90561026987717,9.192962082127387e-7,0.001388766728110169,1,0
0.00813,8.177485401756439,260.18752171576034,-301.0759607953855,143.70117655233648,-91.87507163868278,-74.79291575190311,-13.259894419890514,-185.74692382905744,-2.7004936263260078,-59.014068528844135,188.04914519305336,-211.2839529623082,0.0,213.57680659781323,30942.170881858303,0.0,69.07176043351514,9.192962082127387e-7,0.001388780127905359,1,0
0.008140000000000001,7.383317232456731,260.8776826589076,-300.5443245549949,143.69974185731672,-91.55605532149336,-75.13413152919432,-13.273539605712003,-185.72826101094446,-2.467996094843606,-58.4614738328293,188.04887597094364,-242.81395383937058,0.0,213.52420332340563,30942.082284693428,0.0,69.23786376108276,9.192962082127387e-7,0.001388780127905359,1,0
0.008150000000000001,6.588930432168187,261.56402225502205,-300.0085306122039,143.69689915313018,-91.23615389431318,-75.47446448261687,-13.286976988915328,-185.7086104714972,-2.2355383761451577,-57.90893170325805,188.04860990637076,-274.3033276636265,0.0,213.47029282630896,30941.9947267536,0.0,69.40391910212318,9.192962082127387e-7,0.001388780127905359,1,0
0.00816,5.794336290885621,262.24653074969876,-299.46858658183055,143.69264878560548,-90.9153746528989,-75.81390762066411,-13.30020654549503,-185.68797285187804,-2.003121569521312,-57.35645254606064,188.0483469990046,-305.75430653416845,0.0,213.4150767334924,30941.908207925782,0.0,69.56992530772675,9.192962082127387e-7,0.001388780127905359,1,0
0.00817,4.999546101550431,262.9251984429815,-298.92450013767444,143.68699113564975,-90.59372490972177,-76.15245397526529,-13.313228254374017,-185.6663487829934,-1.7707467713655873,-56.80404674861053,188.04808724845557,-337.16912438829064,0.0,213.35855666756171,30941.822728077415,0.0,69.73588123052907,9.192962082127387e-7,0.001388780127905359,1,0
0.008180000000000002,4.204571159890481,263.6000156895001,-298.37627901240853,143.67992661920738,-90.27121199380937,-76.49009660190434,-13.326042097404518,-185.643738885466,-1.5384150752839432,-56.25172468000071,188.04783065427483,-368.55001678414845,0.0,213.30073424670957,30941.738287056472,0.0,69.90178572470934,9.192962082127387e-7,0.001388780127905359,1,0
0.008190000000000001,3.40942276425956,264.2709728986076,-297.8239309974685,143.6714556872192,-89.94784325058707,-76.82682857973684,-13.338648059367607,-185.6201437696095,-1.306127572203934,-55.699496691321244,188.0475772159543,-399.8992206839008,0.0,213.24161108466802,30941.654884691507,0.0,70.06763764598826,9.192962082127387e-7,0.001388780127905359,1,0
0.0082,2.614112215476341,264.938060534517,-297.26746394294213,143.66157882558159,-89.62362604172019,-77.16264301170813,-13.351046127974023,-185.5955640354044,-1.0738853504838275,-55.1473731159375,188.04732693292684,-431.21897423654434,0.0,213.18118879066384,30941.572520791688,0.0,70.23343585162628,9.192962082127387e-7,0.001388780127905359,1,0
0.00821,1.818650816664146,265.6012691164363,-296.70688575745805,143.6502965551058,-89.29856774495576,-77.49753302467069,-13.363236293863878,-185.57000027247625,-0.8416894960236405,-54.595364269770144,188.04707980456627,-462.51151656052616,0.0,213.1194689693767,30941.4911951468,0.0,70.39917920042161,9.192962082127387e-7,0.001388780127905359,1,0
0.00822,1.023049873090212,266.2605892187036,-296.14220440807316,143.63760943147662,-88.97267575396536,-77.83149176950087,-13.375218550607308,-185.54345306007363,-0.609541092374414,-54.043480451575554,188.04683583018755,-493.7790875268383,0.0,213.05645322090015,30941.41090752732,0.0,70.56486655270812,9.192962082127387e-7,0.001388780127905359,1,0
0.008230000000000001,0.227320692004918,266.916011470921,-295.57342792015936,143.6235180452121,-88.64595747818782,-78.16451242121533,-13.3869928947041,-185.5159229670497,-0.37744122084834686,-53.491731943227435,188.04659500904683,-525.0239275420438,0.0,212.99214314070588,30941.331657684415,0.0,70.7304967703534,9.192962082127387e-7,0.001388780127905359,1,0
0.00824,-0.5685254175185328,267.5675265580872,-295.0005643772894,143.60802302162196,-88.31842034267217,-78.49658817908673,-13.398559325583804,-185.48741055184345,-0.1453909606290864,-52.94012900999928,188.04635734034153,-556.2482773313777,0.0,212.92654031960922,30941.25344534999,0.0,70.89606871675646,9.192962082127387e-7,0.001388780127905359,1,0
0.00825,-1.3644771447453161,268.2151252207308,-294.42362192112256,143.59112502076692,-87.99007178792145,-78.82771226675969,-13.409917845606024,-185.45791636246403,0.08660861111906826,-52.38868190084708,188.04612282321048,-587.4543777220558,0.0,212.8596463437387,30941.176270236712,0.0,71.06158125684588,9.192962082127387e-7,0.001388780127905359,1,0
0.00826,-2.16052317743973,268.8587982550414,-293.84260875128797,143.572824737418,-87.66091926973576,-79.1578779323669,-13.421068460060319,-185.42744093647565,0.3185564191394903,-51.837400848693264,188.04589145673398,-618.6444694263445,0.0,212.79146279450808,30941.100132038056,0.0,71.2270332570775,9.192962082127387e-7,0.001388780127905359,1,0
0.008270000000000001,-2.9566522020256,269.49853651300043,-293.2575331252688,143.5531229010151,-87.33097025905633,-79.48707844864313,-13.432011177165897,-185.39598480098383,0.5504513899739294,-51.28629607071085,188.0456632399339,-649.8207928251802,0.0,212.7219912485908,30941.025030428296,0.0,71.39242358543221,9.192962082127387e-7,0.001388780127905359,1,0
0.008280000000000001,-3.752852903747063,270.1343309025111,-292.6684033582848,143.53202027562662,-87.00023224180985,-79.81530711304046,-13.442746008071595,-185.36354847262436,0.7822924518518093,-50.73537776860868,188.04543817177378,-680.9855877517417,0.0,212.65123327789738,30940.9509650626,0.0,71.5577511114138,9.192962082127387e-7,0.001388780127905359,1,0
0.00829,-4.549113966829845,270.7661723875279,-292.0752278231743,143.50951765990814,-86.66871271875284,-80.14255724784257,-13.453272966855891,-185.33013245755228,1.0140785345802996,-50.18465612891598,188.0452162511589,-712.1410932752558,0.0,212.57919044955568,30940.87793557698,0.0,71.72301470604668,9.192962082127387e-7,0.001388780127905359,1,0
0.0083,-5.345424074641713,271.39405198818463,-291.4780149502742,143.48561588706158,-86.33641920531593,-80.46882220027898,-13.463592070526474,-185.29573725143354,1.2458085694336063,-49.63414132326834,188.0449974769364,-743.2895474848312,0.0,212.5058643258934,30940.80594158839,0.0,71.88821324187371,9.192962082127387e-7,0.001388780127905359,1,0
0.008310000000000001,-6.141771909853492,272.0179607809224,-290.87677322730167,143.46031582479458,-86.00335923144914,-80.79409534263904,-13.473703339020311,-185.2603633394379,1.4774814890425887,-49.08384350869336,188.0447818478953,-774.4331872735407,0.0,212.43125646442388,30940.73498269472,0.0,72.05334559295383,9.192962082127387e-7,0.001388780127905359,1,0
0.008320000000000001,-6.938146154599536,272.63788989861627,-290.27151119923235,143.43361837527934,-85.66954034146653,-81.11837007238553,-13.483606795203102,-185.22401119623274,1.7090962272837942,-48.53377282789705,188.04456936276662,-805.5742481226284,0.0,212.35536841783423,30940.665058474806,0.0,72.21841063485971,9.192962082127387e-7,0.001388780127905359,1,0
0.00833,-7.734535490639143,273.2538305307012,-289.6622374681794,143.4055244751116,-85.33497009389197,-81.44163981226683,-13.493302464868833,-185.18668128597886,1.9406517191710364,-47.98393940954928,188.0443600202235,-836.7149638865146,0.0,212.2782017339761,30940.596168488508,0.0,72.38340724467561,9.192962082127387e-7,0.001388780127905359,1,0
0.00834,-8.53092859951694,273.86577392329735,-289.04896069327117,143.37603509527045,-84.99965606130415,-81.76389801043192,-13.50279037673991,-185.14837406232857,2.1721469007423693,-47.434353368570484,188.04415381888123,-867.8575665767763,0.0,212.19975795585984,30940.528312276678,0.0,72.54833430099495,9.192962082127387e-7,0.001388780127905359,1,0
0.008350000000000002,-9.327314162724408,274.4737113793349,-288.43168959052804,143.34515124107685,-84.66360583018269,-82.08513814054162,-13.51207056246632,-185.10908996842377,2.4035807089518144,-46.885024806417455,188.0439507572973,-899.0042861477942,0.0,212.12003862165062,30940.461489361245,0.0,72.71319068391804,9.192962082127387e-7,0.001388780127905359,1,0
0.008360000000000001,-10.123680861859324,275.0776342586764,-287.810432932739,143.31287395215313,-84.32682700075357,-82.40535370188168,-13.521143056625277,-185.0688294368966,2.6349520815575573,-46.335963811369744,188.04375083397153,-930.1573502813914,0.0,212.0390452646673,30940.39569924517,0.0,72.87797527504962,9.192962082127387e-7,0.001388780127905359,1,0
0.00837,-10.920017378788508,275.67753397824146,-287.18519954933606,143.2792043023822,-83.98932718683581,-82.72453821947518,-13.530007896720932,-185.0275928898715,2.866259957012822,-45.787180458814866,188.04355404734616,-961.3189841729134,0.0,211.95677941338445,30940.33094141255,0.0,73.0426869574967,9.192962082127387e-7,0.001388780127905359,1,0
0.00838,-11.716312395807265,276.2734020121269,-286.55599832626956,143.24414339986663,-83.65111401568699,-83.0426852441944,-13.538665123183605,-184.9853807389681,3.09750327435475,-45.238684811534185,188.04336039580588,-992.4914103165004,0.0,211.87324259143662,30940.26721532857,0.0,73.2073246158661,9.192962082127387e-7,0.001388780127905359,1,0
0.00839,-12.5125545958008,276.86522989172903,-285.9228382058817,143.20769238688825,-83.3121951278502,-83.35978835287288,-13.547114779369288,-184.942193385307,3.328680973094791,-44.690486919988,188.0431698776779,-1023.6768482914067,0.0,211.78843631762584,30940.20452043958,0.0,73.37188713626216,9.192962082127387e-7,0.001388780127905359,1,0
0.008400000000000001,-13.308732662405061,277.45300920586385,-285.2857281867792,143.16985243986719,-82.97257817700027,-83.6758411484171,-13.555356911559038,-184.89803121951553,3.5597919931081776,-44.14259682260007,188.04298249123207,-1054.8775145482539,0.0,211.70236210593083,30940.14285617308,0.0,73.53637340628441,9.192962082127387e-7,0.001388780127905359,1,0
0.00841,-14.104835280167187,278.03673160088596,-284.6446773237056,143.1306247693211,-82.63227082979047,-83.99083725991812,-13.56339156895853,-184.8528946217359,3.7908352745232534,-43.59502454604232,188.04279823468084,-1086.095622195602,0.0,211.6150214655201,30940.082221937773,0.0,73.70078231502515,9.192962082127387e-7,0.001388780127905359,1,0
0.00842,-14.900851134706896,278.6163887808083,-283.99969472741316,143.09001061982482,-82.29128076569977,-84.30477034276196,-13.571218803696752,-184.8067839616349,4.0218097576135605,-43.04778010551776,188.04261710617948,-1117.3333807874246,0.0,211.52641590076658,30940.02261712357,0.0,73.86511275306731,9.192962082127387e-7,0.001388780127905359,1,0
0.00843,-15.696768912876816,279.19197250741905,-283.3507895645316,143.04801126996955,-81.94961567687909,-84.61763407874246,-13.57883867082618,-184.75969959841473,4.252714382685298,-42.5008735050439,188.04243910382598,-1148.5929961098034,0.0,211.43654691126562,30939.96404110159,0.0,74.029363612482,9.192962082127387e-7,0.001388780127905359,1,0
0.008440000000000001,-16.492577302923927,279.7634746003997,-282.6979710574398,143.00462803232227,-81.60728326799888,-84.92942217617052,-13.586251228321046,-184.7116418808255,4.4835480899695455,-41.95431473773475,188.04226422566128,-1179.876669969247,0.0,211.34541599185553,30939.90649322424,0.0,74.19353378682631,9.192962082127387e-7,0.001388780127905359,1,0
0.008450000000000001,-17.28826499464892,280.33088693744014,-282.04124848413403,142.95986225338518,-81.26429125609607,-85.24012836998622,-13.593456537077273,-184.66261114717963,4.714309819511001,-41.408113786082545,188.0420924696692,-1211.1865999801366,0.0,211.2530246326404,30939.84997282517,0.0,74.35762217114087,9.192962082127387e-7,0.001388780127905359,1,0
0.00846,-18.083820679568806,280.8942014543553,-281.3806311780957,142.91371531355514,-80.92064737042168,-85.54974642186872,-13.60045466091126,-184.6126077253668,4.9449985110597865,-40.86228062223773,188.0419238337765,-1242.5249793538967,0.0,211.1593743190161,30939.79447921933,0.0,74.52162766194786,9.192962082127387e-7,0.001388780127905359,1,0
0.00847,-18.87923305107625,281.45341014519903,-280.71612852815855,142.8661886270831,-80.5763593522876,-85.85827012034693,-13.607245666558889,-184.56163193287153,5.175613103961155,-40.31682520828885,188.04175831585312,-1273.8939966874013,0.0,211.06446653169837,30939.740011703,0.0,74.68554915724856,9.192962082127387e-7,0.001388780127905359,1,0
0.008480000000000001,-19.674490804600886,282.0085050623779,-280.04774997837654,142.81728364203363,-80.23143495491456,-86.16569328091039,-13.613829623674967,-184.5096840767916,5.406152537046118,-39.771757496540765,188.04159591371194,-1305.2958357522577,0.0,210.96830274675364,30939.686569553764,0.0,74.84938555652124,9.192962082127387e-7,0.001388780127905359,1,0
0.008490000000000001,-20.46958263776955,282.55947831676446,-279.37550502788827,142.7670018402445,-79.8858819432793,-86.47200974611891,-13.620206604831715,-184.45676445385791,5.6366157485222175,-39.227087429792526,188.04143662510913,-1336.7326752846689,0.0,210.87088443563303,30939.634152030565,0.0,75.01313576071888,9.192962082127387e-7,0.001388780127905359,1,0
0.0085,-21.264497250567445,283.1063220778092,-278.69940323078237,142.715344737286,-79.53970809396263,-86.77721338571288,-13.626376685518203,-184.40287335045642,5.8670016758654455,-38.68282494161282,188.041280447744,-1368.2066887756746,0.0,210.77221306520815,30939.58275837372,0.0,75.17679867226717,9.192962082127387e-7,0.001388780127905359,1,0
0.00851,-22.059223345498374,283.64902857365183,-278.01945419596206,142.66231388242076,-79.19292119499646,-87.08129809672386,-13.632339944139083,-184.34801104265102,6.0973092557100514,-38.13897995661536,188.0411273792591,-1399.720044261384,0.0,210.67229009780982,30939.532387804902,0.0,75.34037319506226,9.192962082127387e-7,0.001388780127905359,1,0
0.008520000000000002,-22.85374962774549,284.18759009123187,-277.33566758700795,142.60791085856312,-78.84552904571174,-87.38425780358381,-13.63809646201333,-184.29217779620825,6.327537423740573,-37.59556239073212,188.04097741724038,-1431.274904114372,0.0,210.5711169912695,30939.483039527222,0.0,75.50385823446875,9.192962082127387e-7,0.001388780127905359,1,0
0.008530000000000001,-23.64806480533145,284.7219989763978,-276.6480531220418,142.55213728223865,-78.49753945658618,-87.68608645823598,-13.643646323373673,-184.2353738666232,6.557685114582341,-37.052582151485915,188.04083055921708,-1462.873424834743,0.0,210.46869519896313,30939.434712725168,0.0,75.66725269731754,9.192962082127387e-7,0.001388780127905359,1,0
0.00854,-24.44215758927936,285.25224763401656,-275.95662057358675,142.49499480354402,-78.14896024909214,-87.98677804024314,-13.648989615364485,-184.17759949914714,6.787751261694858,-36.51004913826043,188.04068680266187,-1494.517756842941,0.0,210.36502616985777,30939.387406564678,0.0,75.83055549190392,9.192962082127387e-7,0.001388780127905359,1,0
0.00855,-25.236016693773216,285.7783285280811,-275.26137976842995,142.4364851061063,-77.79979925554396,-88.28632655689869,-13.654126428041224,-184.1188549288168,7.017734797262051,-35.96797324256959,188.04054614499088,-1526.2100442715646,0.0,210.2601113485599,30939.341120193138,0.0,75.99376552798557,9.192962082127387e-7,0.001388780127905359,1,0
0.00856,-26.02963083631784,286.30023418181736,-274.5623405874822,142.37660990704285,-77.45006431894596,-88.58472604333608,-13.659056854369098,-184.05914038048485,7.247634652084713,-35.42636434832494,188.04040858356376,-1557.9524247585582,0.0,210.15395217536778,30939.2958527394,0.0,76.15688171678062,9.192962082127387e-7,0.001388780127905359,1,0
0.008570000000000001,-26.82298873789969,286.81795717779084,-273.8595129656375,142.31537095692053,-77.09976329284021,-88.88197056263795,-13.66378099022161,-183.99845606885174,7.477449755473046,-34.88523233210118,188.04027411568364,-1589.7470292409917,0.0,210.0465500863249,30939.251603313765,0.0,76.31990297096576,9.192962082127387e-7,0.001388780127905359,1,0
0.00858,-27.616079123146694,287.3314901580116,-273.152906891632,142.25277003971564,-76.74890404115382,-89.1780542059459,-13.66829893437906,-183.9368021984993,7.707179035138303,-34.34458706340042,188.0401427385973,-1621.5959817488892,0.0,209.93790651327691,30939.20837100804,0.0,76.48282820467436,9.192962082127387e-7,0.001388780127905359,1,0
0.00859,-28.408890720489065,287.8408258240395,-272.44253240790255,142.1888089727736,-76.3974944380475,-89.47297109256999,-13.672610788527443,-183.87417896392623,7.936821417086847,-33.80443840491368,188.04001444949506,-1653.501399200249,0.0,209.82802288393046,30939.16615489552,0.0,76.64565633349481,9.192962082127387e-7,0.001388780127905359,1,0
0.0086,-29.20141226231911,288.3459569370871,-271.7283996104423,142.1234896067682,-76.04554236776212,-89.76671537009825,-13.676716657256698,-183.81058654958395,8.166375825511544,-33.264796212781285,188.039889245511,-1685.465391195944,0.0,209.7169006219148,30939.12495403104,0.0,76.80838627446872,9.192962082127387e-7,0.001388780127905359,1,0
0.008610000000000001,-29.993632485151565,288.84687631812346,-271.0105186486595,142.05681382566152,-75.69305572446719,-90.05928121450623,-13.680616648059619,-183.74602512991513,8.39584118268607,-32.72567033685077,188.03976712372284,-1717.4900598156792,0.0,209.6045411468458,30939.084767450924,0.0,76.97101694608925,9.192962082127387e-7,0.001388780127905359,1,0
0.008620000000000001,-30.78554012978329,289.34357684797504,-270.2888997252316,141.9887835466632,-75.34004241210764,-90.35066283026629,-13.68431087133002,-183.68049486939267,8.625216408857014,-32.18707062093321,188.03964808115202,-1749.5774994142216,0.0,209.4909458743927,30939.04559417306,0.0,77.13354726829942,9.192962082127387e-7,0.001388780127905359,1,0
0.00863,-31.57712394145376,289.8360514674281,-269.56355309596086,141.9194007201904,-74.98651034425207,-90.64085445045666,-13.68779944036114,-183.61399592256097,8.854500422139125,-31.64900690305649,188.0395321147638,-1781.7297964188322,0.0,209.37611621634665,30939.007433196875,0.0,77.2959761624907,9.192962082127387e-7,0.001388780127905359,1,0
0.00864,-32.36837267000503,290.32429317732806,-268.834489069628,141.84866732982695,-74.63246744393953,-90.92985033687143,-13.69108247134431,-183.54652843407825,9.08369213840804,-31.111489015717233,188.03941922146717,-1813.949029126532,0.0,209.26005358069233,30938.970283503342,0.0,77.45830255150145,9.192962082127387e-7,0.001388780127905359,1,0
0.008650000000000001,-33.15927507004123,290.8082950386797,-268.10171800784707,141.77658539228315,-74.27792164352701,-91.21764478012959,-13.694160083367088,-183.47809253876036,9.312790471194951,-30.574526786129923,188.03930939811502,-1846.2372675023726,0.0,209.1427593716819,30938.934144055027,0.0,77.62052535961546,9.192962082127387e-7,0.001388780127905359,1,0
0.008660000000000001,-33.949819901088404,291.28805017274505,-267.36525032491676,141.7031569573551,-73.92288088453648,-91.50423209978455,-13.697032398411615,-183.4086883616261,9.541794331580483,-30.038130036474136,188.03920264150403,-1878.5965729784107,0.0,209.02423498991104,30938.899013796035,0.0,77.78264351256055,9.192962082127387e-7,0.001388780127905359,1,0
0.00867,-34.73999592775472,291.76355176114174,-266.625096487673,141.6283841078843,-73.5673531175025,-91.78960664443315,-13.699699541352942,-183.33831601794415,9.770702628090731,-29.502308584138532,188.03909894837483,-1911.0289982534816,0.0,208.90448183239786,30938.864891652112,0.0,77.94465593750746,9.192962082127387e-7,0.001388780127905359,1,0
0.00868,-35.52979191988979,292.23479304593974,-265.88126701534003,141.55226895971697,-73.21134630181848,-92.07376279182566,-13.702161639957211,-183.26697561328103,9.999514266590879,-28.967072241963024,188.03899831541193,-1943.536587093092,0.0,208.7835012926636,30938.831776530555,0.0,78.10656156306845,9.192962082127387e-7,0.001388780127905359,1,0
0.008690000000000002,-36.31919665274441,292.7017673297572,-265.13377247938115,141.47481366166332,-72.85486840558394,-92.35669494897441,-13.70441882487971,-183.19466724355084,10.228228150181948,-28.43243081847809,188.0389007392438,-1976.1213741306424,0.0,208.6612947608162,30938.79966732028,0.0,78.26835931929624,9.192962082127387e-7,0.001388780127905359,1,0
0.008700000000000001,-37.10819890712982,293.164467975856,-264.38262350334867,141.39602039545736,-72.4979274054509,-92.63839755226438,-13.706471229663322,-183.12139099506703,10.456843179094662,-27.898394118141738,188.0388062164428,-2008.785384668607,0.0,208.53786362363655,30938.768562891808,0.0,78.43004813768285,9.192962082127387e-7,0.001388780127905359,1,0
0.00871,-37.89678746957762,293.6228884082357,-263.6278307627316,141.31589137571538,-72.14053128647092,-92.91886506756126,-13.708318990736423,-183.04714694459386,10.685358250587804,-27.364971941572954,188.03871474352536,-2041.5306344815572,0.0,208.41320926466568,30938.738462097288,0.0,78.59162695115873,9.192962082127387e-7,0.001388780127905359,1,0
0.00872,-38.68495113249867,294.0770221117272,-262.8694049848062,141.234428849896,-71.78268804194092,-93.19809199032221,-13.709962247411049,-182.9719351594014,10.913772258842585,-26.832174085783247,188.0386263169519,-2074.359129618435,0.0,208.2873330642962,30938.70936377049,0.0,78.75309469409179,9.192962082127387e-7,0.001388780127905359,1,0
0.00873,-39.47267869434292,294.52686263208545,-262.10735694848097,141.1516350982587,-71.42440567324957,-93.47607284570455,-13.711401141880764,-182.89575569732028,11.142084094860394,-26.300010344404836,188.03854093312688,-2107.2728662069335,0.0,208.16023639986435,30938.681266726828,0.0,78.91445030228655,9.192962082127387e-7,0.001388780127905359,1,0
0.008740000000000001,-40.25995895975809,294.972403576081,-261.3416974841456,141.0675124338232,-71.06569218972338,-93.75280218867559,-13.712635819218761,-182.81860860679888,11.370292646359545,-25.768490507915946,188.03845858839875,-2140.273830257721,0.0,208.03192064574543,30938.654169763333,0.0,79.07569271298347,9.192962082127387e-7,0.001388780127905359,1,0
0.00875,-41.04678073974874,295.41363861159056,-260.5724374735155,140.98206320232856,-70.7065556084724,-94.02827460412257,-13.71366642737577,-182.74049392696202,11.598396797672429,-25.23762436386348,188.03837927906005,-2173.363997469703,0.0,207.90238717345164,30938.628071658684,0.0,79.23682086485813,9.192962082127387e-7,0.001388780127905359,1,0
0.00876,-41.83313285183587,295.85056146768784,-259.79958784947894,140.89528978219192,-70.34700395423607,-94.30248470696188,-13.714493117178037,-182.66141168767,11.82639542964398,-24.707421697081823,188.03830300134743,-2206.5453330362598,0.0,207.77163735173056,30938.60297117323,0.0,79.39783369802089,9.192962082127387e-7,0.001388780127905359,1,0
0.00877,-42.61900412021535,296.2831659347318,-259.02315959593886,140.8071945844671,-69.98704525922822,-94.575427142249,-13.715116042325128,-182.58136190957998,12.054287419528997,-24.17789228990936,188.03822975144158,-2239.8197914520174,0.0,207.63967254666815,30938.578867048935,0.0,79.55873015401625,9.192962082127387e-7,0.001388780127905359,1,0
0.008780000000000001,-43.40438337591703,296.7114458644555,-258.2431637476601,140.71778005280396,-69.62668756298265,-94.84709658528824,-13.715535359387687,-182.50034460420858,12.282071640891601,-23.649045922401136,188.03815952546734,-2273.189316320436,0.0,207.50649412179237,30938.55575800947,0.0,79.71950917582255,9.192962082127387e-7,0.001388780127905359,1,0
0.008790000000000001,-44.18925945696305,297.135395170053,-257.4596113901099,140.6270486634066,-69.26593891219754,-95.11748774174293,-13.715751227805228,-182.41835977399623,12.509746963502742,-23.12089237253899,188.03809231949364,-2306.6558401621346,0.0,207.37210343817983,30938.533642760114,0.0,79.88016970785158,9.192962082127387e-7,0.001388780127905359,1,0
0.0088,-44.97362120852707,297.5550078262664,-256.67251365930167,140.53500292499206,-68.90480736058096,-95.38659534774473,-13.715763809884045,-182.33540741237175,12.7373122532413,-22.593441416437237,188.03802812953356,-2340.221284224593,0.0,207.23650185456435,30938.512519987846,0.0,80.0407106959485,9.192962082127387e-7,0.001388780127905359,1,0
0.00881,-45.75745748309232,297.9702778694708,-255.8818817416364,140.4416453787485,-68.54330096869437,-95.65441417000397,-13.715573270794579,-182.2514875038197,12.964766371992447,-22.066702828546028,188.03796695154432,-2373.887558291774,0.0,207.09969072744727,30938.492388361316,0.0,80.20113108739174,9.192962082127387e-7,0.001388780127905359,1,0
0.008820000000000001,-46.54075714061068,298.38119939776004,-255.08772687374355,140.34697859829384,-68.18142780379752,-95.92093900591995,-13.7151797785695,-182.16660002394838,13.192108177548555,-21.54068638185054,188.0379087814273,-2407.656560495447,0.0,206.96167141121114,30938.473246530823,0.0,80.36142983089299,9.192962082127387e-7,0.001388780127905359,1,0
0.008830000000000001,-47.32350904865963,298.7877665710293,-254.2900603423222,140.25100518963367,-67.81919593969168,-96.18616468369072,-13.71458350410088,-182.0807449395594,13.41933652350884,-21.015401848067242,188.037853615028,-2441.530177126484,0.0,206.8224452582344,30938.455093128367,0.0,80.52160587659719,9.192962082127387e-7,0.001388780127905359,1,0
0.00884,-48.10570208260229,299.1899736110593,-253.48889348397887,140.15372779111945,-67.45661345656409,-96.4500860624235,-13.713784621138238,-181.99392220871863,13.646450259181655,-20.490858997835666,188.03780144813615,-2475.510282448303,0.0,206.68201361900867,30938.437926767587,0.0,80.681658176083,9.192962082127387e-7,0.001388780127905359,1,0
0.00885,-48.88732512574418,299.58781480159763,-252.68423768506815,140.05514907340617,-67.09368844083032,-96.71269803224473,-13.712783306285537,-181.9061317808282,13.873448229484978,-19.967067600907413,188.03775227648558,-2509.5987385097897,0.0,206.5403778422583,30938.421746043838,0.0,80.84158568236298,9.192962082127387e-7,0.001388780127905359,1,0
0.008860000000000002,-49.66836706949181,299.98128448844045,-251.8761043815299,139.95527173941048,-66.73042898497798,-96.9739955144109,-13.71157973899907,-181.81737359670092,14.100329274848896,-19.444037426330745,188.03770609575432,-2543.797394960091,0.0,206.3975392750615,30938.406549534124,0.0,81.00138734988401,9.192962082127387e-7,0.001388780127905359,1,0
0.008870000000000001,-50.44881681351014,300.3703770795124,-251.06450505872772,139.85409852426773,-66.3668431874088,-97.23397346141913,-13.710174101585011,-181.72764758863457,14.327092231116573,-18.921778242632158,188.0376629015646,-2578.1080888635765,0.0,206.25349926297446,30938.39233579714,0.0,81.16106213452788,9.192962082127387e-7,0.001388780127905359,1,0
0.00888,-51.22866326588087,300.75508704494666,-250.24945125128372,139.75163219528991,-66.00293915228173,-97.49262685711665,-13.70856657919618,-181.63695368048855,14.55373592944948,-18.40029981799303,188.03762268948282,-2612.532644516945,0.0,206.10825915015667,30938.379103373263,0.0,81.320608993612,9.192962082127387e-7,0.001388780127905359,1,0
0.00889,-52.00789534325972,301.1354089171629,-249.43095454291736,139.6478755519225,-65.63872498935413,-97.749950716813,-13.706757359830242,-181.5452917877622,14.780259196228393,-17.879611920423216,188.03758545501952,-2647.0728732655025,0.0,205.9618202794984,30938.36685078455,0.0,81.4800268858901,9.192962082127387e-7,0.001388780127905359,1,0
0.0089,-52.786501971033935,301.5113372909456,-248.60902656627803,139.54283142570168,-65.27420881382396,-98.00594008738996,-13.704746634326604,-181.45266181767286,15.006660852958163,-17.359724317930365,188.0375511936295,-2681.730573321964,0.0,205.81418399275083,30938.35557653473,0.0,81.63931477155319,9.192962082127387e-7,0.001388780127905359,1,0
0.008910000000000001,-53.56447208348026,301.88286682352054,-247.7836790027817,139.43650268021113,-64.90939874617087,-98.26059004741205,-13.70253459636345,-181.35906366923712,15.232939716172396,-16.840646778685006,188.0375199007117,-2716.507529585506,0.0,205.66535163065763,30938.345279109224,0.0,81.79847161223057,9.192962082127387e-7,0.001388780127905359,1,0
0.00892,-54.341794623920805,302.2499922346304,-246.9549235824445,139.32889221103866,-64.5443029119969,-98.51389570723876,-13.70012144245564,-181.26449723335267,15.459094597336488,-16.322389071182165,188.0374915716092,-2751.4055134612995,0.0,205.51532453308855,30938.33595697512,0.0,81.95749637099088,9.192962082127387e-7,0.001388780127905359,1,0
0.00893,-55.118458544882024,302.61270830661067,-246.12277208371535,139.22000294573277,-64.17892944186775,-98.76585220913428,-13.697507371951502,-181.16896239288087,15.685124302754936,-15.8049609643977,188.03746620160933,-2786.426282682529,0.0,205.36410403917532,30938.3276085812,0.0,82.11638801234349,9.192962082127387e-7,0.001388780127905359,1,0
0.00894,-55.89445280825037,302.971009884463,-245.2872363333085,139.10983784375884,-63.813286471152175,-99.01645472737938,-13.694692587029934,-181.0724590227318,15.91102763347574,-15.288372227941451,188.0374437859436,-2821.5715811318037,0.0,205.21169148744934,30938.320232357913,0.0,82.27514550223984,9.192962082127387e-7,0.001388780127905359,1,0
0.008950000000000001,-56.669766385429774,303.324891875929,-244.44832820603702,138.99839989645494,-63.44738213986208,-99.26569846838251,-13.691677292697776,-180.97498698994963,16.13680338519739,-14.772632632205514,188.03742431978762,-2856.8431386643865,0.0,205.05808821598103,30938.31382671737,0.0,82.43376780807495,9.192962082127387e-7,0.001388780127905359,1,0
0.008960000000000001,-57.44438825749796,303.67434925156203,-243.6060596246421,138.88569212698786,-63.08122459249158,-99.5135786707915,-13.688461696786796,-180.87654615380006,16.36245034817437,-14.257751948508705,188.0374077982612,-2892.242670932184,0.0,204.90329556252163,30938.308390053386,0.0,82.59225389868898,9.192962082127387e-7,0.001388780127905359,1,0
0.00897,-58.218307415363604,304.0193770447994,-242.76044255962464,138.7717175903084,-62.714821977856666,-99.76009060560432,-13.685046009950824,-180.7771363658584,16.58796730712637,-13.743739949235717,188.03739421642834,-2927.7718792093174,0.0,204.74731486464643,30938.303920741415,0.0,82.75060274436916,9.192962082127387e-7,0.001388780127905359,1,0
0.00898,-58.99151285992229,304.3599703520324,-241.91148902907494,138.65647937310678,-62.348182448932704,-100.00522957628112,-13.681430445662443,-180.67675747009963,16.81335304114485,-13.230606407972644,188.03738356929716,-2963.4324502177915,0.0,204.59014745989987,30938.300417138613,0.0,82.9088133168516,9.192962082127387e-7,0.001388780127905359,1,0
0.008990000000000001,-59.763993602213525,304.69612433267633,-241.0592110985016,138.5399805937675,-61.981314162693316,-100.24899091885628,-13.677615220210583,-180.57540930298916,17.038606323601655,-12.718361099637562,188.03737585181995,-2999.2260559550346,0.0,204.43179468594306,30938.297877583776,0.0,83.06688458932338,9.192962082127387e-7,0.001388780127905359,1,0
0.009000000000000001,-60.53573866357562,305.02783420923896,-240.2036208806612,138.4222244023242,-61.61422527994728,-100.49137000204936,-13.673600552696634,-180.47309169357527,17.263725922057844,-12.207013800606951,188.03737105889311,-3035.1543535218634,0.0,204.27225788070277,30938.296300397375,0.0,83.22481553642457,9.192962082127387e-7,0.001388780127905359,1,0
0.00901,-61.30673707580308,305.3550952673886,-239.34473053538392,138.30321398041403,-61.24692396517649,-100.73236222737756,-13.669386665032064,-180.36980446358265,17.488710598173938,-11.6965742888366,188.03736918535722,-3071.218984952384,0.0,204.11153838252153,30938.295683881537,0.0,83.38260513425077,9.192962082127387e-7,0.001388780127905359,1,0
0.00902,-62.076977881302035,305.67790285602143,-238.48255226940293,138.1829525412316,-60.87941838637193,-100.97196302926754,-13.66497378193489,-180.26554742750722,17.71355910761926,-11.187052343978749,188.0373702259969,-3107.4215770440082,0.0,203.94963753031092,30938.29602632005,0.0,83.54025236035542,9.192962082127387e-7,0.001388780127905359,1,0
0.009030000000000002,-62.84645013324572,305.996252387327,-237.61709833617968,138.06144332948318,-60.511716714870225,-101.21016787516773,-13.660362130926629,-180.16032039271235,17.93827019998274,-10.678457747493916,188.03737417554098,-3143.7637411891774,0.0,203.78655666370557,30938.297325978354,0.0,83.69775619375247,9.192962082127387e-7,0.001388780127905359,1,0
0.009040000000000001,-63.61514289573,306.31013933685375,-236.7483810357308,137.93868962134002,-60.14382712518921,-101.44697226566021,-13.655551942328827,-180.0541231595264,18.162842618684103,-10.17080028275835,188.0373810286623,-3180.2470732079055,0.0,203.62229712321954,30938.29958110354,0.0,83.85511561491893,9.192962082127387e-7,0.001388780127905359,1,0
0.00905,-64.38304524392933,306.6195592435733,-235.87641271445122,137.8146947243913,-59.77575779486351,-101.6823717345731,-13.650543449260276,-179.94695552134087,18.38727510088639,-9.664089735166016,188.03739077997787,-3216.873153182019,0.0,203.4568602504035,30938.302789924346,0.0,84.01232960579802,9.192962082127387e-7,0.001388780127905359,1,0
0.00906,-65.15014626425156,306.924507709944,-235.00120576494177,137.6894619775976,-59.4075169042787,-101.91636184909318,-13.645336887633086,-179.83881726471094,18.61156637740727,-9.158335892226077,188.03740342404868,-3253.643545289499,0.0,203.29024738800496,30938.306950651127,0.0,84.169397149802,9.192962082127387e-7,0.001388780127905359,1,0
0.00907,-65.91643505449315,307.2249804019731,-234.12277262582978,137.5629947512428,-59.039112636506005,-102.14893820987807,-13.639932496149825,-179.72970816945616,18.835715172633115,-8.653548543655461,188.03741895537988,-3290.5597976411,0.0,203.12245988012884,30938.312061475925,0.0,84.32631723181538,9.192962082127387e-7,0.001388780127905359,1,0
0.009080000000000001,-66.68190072399454,307.52097304927855,-233.24112578159466,137.4352964468864,-58.67055317713567,-102.38009645116904,-13.634330516299954,-179.6196280087629,19.059720204432104,-8.149737481466104,188.03743736842063,-3327.6234421173294,0.0,202.95349907240072,30938.31812057237,0.0,84.48308883819833,9.192962082127387e-7,0.001388780127905359,1,0
0.00909,-67.44653239379369,307.81248144514956,-232.35627776238996,137.30637049731573,-58.30184671411018,-102.60983224090396,-13.628531192356334,-179.5085765492885,19.283580184068022,-7.646912500047421,188.03745865756414,-3364.8359942067214,0.0,202.7833663121314,30938.325126095748,0.0,84.63971095678993,9.192962082127387e-7,0.001388780127905359,1,0
0.0091,-68.2103191967824,308.09950144660667,-231.46824114386465,137.17622036649666,-57.933001437557266,-102.83814128082923,-13.622534771371917,-179.39655355126504,19.507293816116636,-7.145083396243265,188.03748281714763,-3402.1989528460344,0.0,202.61206294848236,30938.333076182957,0.0,84.79618257691203,9.192962082127387e-7,0.001388780127905359,1,0
0.00911,-68.97325027785945,308.38202897446024,-230.57702854698414,137.0448495495251,-57.56402553962128,-103.06501930661356,-13.616341503176074,-179.28355876860638,19.73085979837976,-6.644259969424098,188.03750984145236,-3439.713800260543,0.0,202.43959033263417,30938.341968952507,0.0,84.95250268937292,9.192962082127387e-7,0.001388780127905359,1,0
0.009120000000000001,-69.73531479408553,308.6600600133689,-229.68265263785275,136.91226157257768,-57.19492721429531,-103.29046208796055,-13.60995164037113,-179.16959194901497,19.954276821802303,-6.144452021553491,188.03753972470355,-3477.382001806203,0.0,202.26594981795537,30938.35180250453,0.0,85.10867028647124,9.192962082127387e-7,0.001388780127905359,1,0
0.009130000000000001,-70.49650191483686,308.933590611896,-228.78512612753167,136.77845999286157,-56.82571465725164,-103.51446542872182,-13.603365438328758,-179.05465283409035,20.17754357038821,-5.645669357250071,188.0375724610704,-3515.2050058128593,0.0,202.0911427601734,30938.362574920764,0.0,85.26468436200003,9.192962082127387e-7,0.001388780127905359,1,0
0.00914,-71.25680082195962,309.20261688256636,-227.88446177185924,136.64344839856446,-56.456396065672664,-103.73702516700986,-13.596583155186444,-178.93874115943865,20.40065872111937,-5.147921783843117,188.03760804466611,-3553.184243428978,0.0,201.91517051754667,30938.374284264544,0.0,85.42054391125107,9.192962082127387e-7,0.001388780127905359,1,0
0.00915,-72.01620070992345,309.46713500192106,-226.98067237126963,136.50723040880413,-56.086979638080116,-103.95813717531185,-13.589605051843613,-178.8218566547839,20.623620943872247,-4.651219111423558,188.03764646954784,-3591.3211284669746,0.0,201.73803445103843,30938.386928580825,0.0,85.57624793101924,9.192962082127387e-7,0.001388780127905359,1,0
0.009160000000000001,-72.7746907859751,309.7271412105723,-226.07377077061054,136.36980967357704,-55.717473574164714,-104.17779736060243,-13.582431391958224,-178.70399904407935,20.846428901337717,-4.1555711528891806,188.03768772971662,-3629.617057250537,0.0,201.55973592449237,30938.40050589612,0.0,85.73179541960704,9.192962082127387e-7,0.001388780127905359,1,0
0.009170000000000001,-73.53226027029146,309.9826318132562,-225.1637698589618,136.23118987370685,-55.34788607461433,-104.39600166445732,-13.575062441942698,-178.58516804562117,21.06908124893957,-3.6609877239846753,188.03773181911745,-3668.0734084624705,0.0,201.38027630480897,30938.415014218543,0.0,85.8871853768293,9.192962082127387e-7,0.001388780127905359,1,0
0.00918,-74.28889839613328,310.23360317888574,-224.25068256945,136.0913747207926,-54.978225340942586,-104.61274606316644,-13.56749847096038,-178.46536337216244,21.291576634756176,-3.1674786433356985,188.0377787316392,-3706.691542994786,0.0,201.19965696212378,30938.43045153779,0.0,86.04241680401812,9.192962082127387e-7,0.001388780127905359,1,0
0.00919,-75.04459440999817,310.4800517406024,-223.33452187906684,135.950367957156,-54.60849957531558,-104.828026567848,-13.559739750921608,-178.34458473102882,21.51391369943999,-2.6750537324774797,188.03782846111469,-3745.472803798975,0.0,201.01787926998696,30938.446815825147,0.0,86.1974887040279,9.192962082127387e-7,0.001388780127905359,1,0
0.009200000000000002,-75.79933757177308,310.7219739958266,-222.41530080848344,135.80817335578857,-54.23871698037891,-105.04183922456167,-13.551786556479875,-178.22283182423513,21.736091076139395,-2.1837228158781556,188.0378810013205,-3784.418515738354,0.0,200.83494460554408,30938.46410503342,0.0,86.35240008124057,9.192962082127387e-7,0.001388780127905359,1,0
0.009210000000000001,-76.55311715488665,310.95936650630745,-221.49303242186662,135.66479472029806,-53.868885759083845,-105.25418011442217,-13.543639165027841,-178.10010434860308,21.958107390421212,-1.693495720956335,188.03793634597716,-3823.529985441288,0.0,200.65085434971863,30938.48231709704,0.0,86.50714994157083,9.192962082127387e-7,0.001388780127905359,1,0
0.00922,-77.30592244646286,311.19222589817207,-220.56772982669065,135.5202358848546,-53.49901411451303,-105.46504535371321,-13.53529785669371,-177.97640199588022,22.179961260193764,-1.2043822780921971,188.037994488749,-3862.80850115647,0.0,200.46560988739552,30938.50144993195,0.0,86.66173729247188,9.192962082127387e-7,0.001388780127905359,1,0
0.00923,-78.05774274747208,311.4205488619729,-219.63940617355453,135.37450071413593,-53.12911024970481,-105.67443109400097,-13.526762914336828,-177.85172445285968,22.40165129563036,-0.7163923206340144,188.03805542324417,-3902.2553326082607,0.0,200.27921260760556,30938.521501435665,0.0,86.81616114294106,9.192962082127387e-7,0.001388780127905359,1,0
0.00924,-78.80856737288366,311.64433215273544,-218.70807465599128,135.22759310327257,-52.75918236747771,-105.88233352224817,-13.518034623543947,-177.72607140150174,22.623176099093307,-0.22953568489798215,188.0381191430146,-3941.8717308546993,0.0,200.09166390371212,30938.542469487234,0.0,86.97042050352566,9.192962082127387e-7,0.001388780127905359,1,0
0.009250000000000001,-79.55838565181783,311.8635725900036,-217.77374851028395,135.07951697779197,-52.389238670254066,-106.08874886092751,-13.50911327262503,-177.59944251905534,22.84453426506002,0.25617778983732364,188.03818564155603,-3981.658928145951,0.0,199.90296517359832,30938.56435194725,0.0,87.12451438632912,9.192962082127387e-7,0.001388780127905359,1,0
0.009260000000000001,-80.30718692769693,312.0782670578856,-216.836441015275,134.93027629356257,-52.0192873598825,-106.29367336813603,-13.499999152609227,-177.4718374781824,23.06572438004754,0.7407382613424716,188.03825491230796,-4021.6181377844932,0.0,199.71311781985585,30938.587146657846,0.0,87.27844180501708,9.192962082127387e-7,0.001388780127905359,1,0
0.00927,-81.05496055839737,312.2884125050977,-215.89616549217885,134.77987503673697,-51.64933663746079,-106.49710333770867,-13.49069255724087,-177.34325594708122,23.286745022540373,1.224135884455066,188.03832694865363,-4061.7505539868325,0.0,199.52212324997447,30938.610851442667,0.0,87.43220177482392,9.192962082127387e-7,0.001388780127905359,1,0
0.00928,-81.8016959164008,312.4940059450081,-214.9529353043914,134.62831722369432,-51.279394703156626,-106.69903509933184,-13.48119378297487,-177.2136975896123,23.507594762917527,1.706360811102769,188.03840174392005,-4102.057351746368,0.0,199.3299828765329,30938.63546410689,0.0,87.5857933125593,9.192962082127387e-7,0.001388780127905359,1,0
0.009290000000000001,-82.54738238894492,312.6950444556788,-214.00676385730205,134.4756069009828,-50.9094697560289,-106.89946501865842,-13.471503128973097,-177.0831620654253,23.72827216337999,2.1874031903332565,188.03847929137788,-4142.539686697408,0.0,199.13669811739163,30938.660982437206,0.0,87.73921543661488,9.192962082127387e-7,0.001388780127905359,1,0
0.009300000000000001,-83.29200937817419,312.8915251799076,-213.05766459810124,134.3217481452607,-50.5395699938476,-107.09838949742078,-13.461620897099742,-176.95164903008592,23.94877577787973,2.6672531683491343,188.03855958424154,-4183.19869498119,0.0,198.94227039588543,30938.687404201813,0.0,87.8924671669712,9.192962082127387e-7,0.001388780127905359,1,0
0.00931,-84.03556630129091,313.08344532526854,-212.10565101559027,134.16674506323744,-50.169703612913594,-107.29580497354459,-13.451547391916925,-176.81915813520487,24.16910415205068,3.1459008885503295,188.03864261566912,-4224.035493113166,0.0,198.74670114101798,30938.714727150415,0.0,88.0455475252049,9.192962082127387e-7,0.001388780127905359,1,0
0.00932,-84.77804259070538,313.27080216415146,-211.15073663998942,134.01060179161368,-49.79987880787695,-107.49170792126387,-13.44128292068092,-176.6856890285678,24.389255823137198,3.6233364915812274,188.03872837876239,-4265.051177851172,0.0,198.5499917876573,30938.74294901423,0.0,88.1984555344959,9.192962082127387e-7,0.001388780127905359,1,0
0.009330000000000001,-85.5194276941861,313.45359303380104,-210.19293504274543,133.85332249702088,-49.4301037715551,-107.68609485123386,-13.430827793337116,-176.55124135426547,24.609229319926484,4.099550115385071,188.03881686656672,-4306.246826065819,0.0,198.3521437767321,30938.772067505943,0.0,88.35119021963494,9.192962082127387e-7,0.001388780127905359,1,0
0.009340000000000001,-86.25971107500956,313.63181533635435,-209.23225983633984,133.69491137596003,-49.060386694750115,-107.87896231064553,-13.420182322516133,-176.415814752826,24.82902316267993,4.574531895263533,188.0389080720712,-4347.623494611624,0.0,198.15315855542934,30938.802080319736,0.0,88.50375060703108,9.192962082127387e-7,0.001388780127905359,1,0
0.00935,-86.99888221211035,313.8054665388781,-208.26872467409285,133.53537265473992,-48.690735766065494,-108.07030688333924,-13.409346823529148,-176.27940886134718,25.048635863066366,5.048271963943549,188.03900198820847,-4389.182220200494,0.0,197.9530375773923,30938.83298513129,0.0,88.65613572471968,9.192962082127387e-7,0.001388780127905359,1,0
0.00936,-87.73693060023037,313.97454417340407,-207.3023432499728,133.3747105894148,-48.321159171721746,-108.26012518991881,-13.398321614363454,-176.14202331363055,25.268065924095247,5.520760451649863,188.0390986078548,-4430.924019275559,0.0,197.7517823029206,30938.86477959773,0.0,88.80834460237028,9.192962082127387e-7,0.001388780127905359,1,0
0.009370000000000002,-88.4738457500687,314.1390458369651,-206.33312929839795,133.2129294657209,-47.9516650953715,-108.44841388786506,-13.387107015677778,-176.00365774031582,25.48731184005151,5.991987486183774,188.0391979238301,-4472.849887887644,0.0,197.54939419916954,30938.897461357683,0.0,88.96037627129492,9.192962082127387e-7,0.001388780127905359,1,0
0.009380000000000001,-89.20961718842939,314.2989691916283,-205.36109659404477,133.05003359901255,-47.5822617179139,-108.63516967165062,-13.375703350798318,-175.86431176901726,25.706372096429263,6.461943193008338,188.03929992889778,-4514.960801571907,0.0,197.3458747403526,30938.931028031227,0.0,89.11222976445627,9.192962082127387e-7,0.001388780127905359,1,0
0.00939,-89.944234458372,314.45431196452876,-204.3862589516487,132.8860273341979,-47.21295721730864,-108.82038927285204,-13.364110945713293,-175.72398502445947,25.92524516987011,6.930617695340388,188.03940461576488,-4557.2577152278955,0.0,197.1412254079421,30938.96547721992,0.0,89.26390411647644,9.192962082127387e-7,0.001388780127905359,1,0
0.0094,-90.67768711935895,314.60507194790193,-203.40863022581138,132.720915045673,-46.84375976838818,-109.00406946026501,-13.352330129068996,-175.58267712861567,26.14392952809787,7.39800111424826,188.03951197708196,-4599.741562998847,0.0,196.93544769087333,30939.00080650676,0.0,89.41539836364555,9.192962082127387e-7,0.001388780127905359,1,0
0.00941,-91.40996474740446,314.75124699911464,-202.42822431080003,132.55470113725596,-46.47467754267025,-109.1862070400172,-13.340361232164739,-175.44038770084614,26.36242362985729,7.864083568756286,188.03962200544316,-4642.413258154456,0.0,196.72854308574733,30939.0370134562,0.0,89.56671154393072,9.192962082127387e-7,0.001388780127905359,1,0
0.009420000000000001,-92.14105693522258,314.89283504069596,-201.44505514035362,132.38739004212,-46.105718708169206,-109.36679885568222,-13.328204588948488,-175.29711635803795,26.580725924852203,8.328855175955923,188.03973469338612,-4685.273692973886,0.0,196.5205130970361,30939.07409561416,0.0,89.71784269698516,9.192962082127387e-7,0.001388780127905359,1,0
0.009430000000000001,-92.87095329237489,315.02983406036634,-200.45913668748193,132.21898622272573,-45.73689142920639,-109.545841788393,-13.315860536011733,-175.1528627147453,26.798834853684234,8.792306051122765,188.039850033392,-4728.323738631058,0.0,196.31135923728752,30939.11205050799,0.0,89.86879086415738,9.192962082127387e-7,0.001388780127905359,1,0
0.00944,-93.59964344541861,315.16224211106646,-199.47048296426863,132.04949417075287,-45.3682038662205,-109.72333275695502,-13.303329412584993,-175.00762638333094,27.01674884779441,9.254426307841086,188.0399680178855,-4771.564245081384,0.0,196.10108302733147,30939.15087564648,0.0,90.01955508850081,9.192962082127387e-7,0.001388780127905359,1,0
0.00945,-94.32711703805363,315.2900573109848,-198.4791080216715,131.87891840703054,-44.9996641755759,-109.89926871796,-13.290611560532959,-174.86140697410877,27.234466329402345,9.715206058133859,188.04008863923482,-4814.996040949604,0.0,195.88968599648666,30939.190568519876,0.0,90.1701344147834,9.192962082127387e-7,0.001388780127905359,1,0
0.009460000000000001,-95.05336373127027,315.41327784358464,-197.48502594932262,131.70726348146758,-44.631280509371564,-110.07364666589864,-13.277707324349429,-174.71420409548654,27.451985711449396,10.174635412600125,188.0402118897516,-4858.61993342,0.0,195.67716968276764,30939.231126599836,0.0,90.32052788949748,9.192962082127387e-7,0.001388780127905359,1,0
0.009470000000000001,-95.77837320349494,315.5319019576292,-196.48825087532936,131.53453397298145,-44.26306101524804,-110.24646363327419,-13.264617051152626,-174.56601735411087,27.669305397540434,10.632704480558289,188.040337761691,-4902.43670812715,0.0,195.46353563309313,30939.272547339482,0.0,90.47073456086972,9.192962082127387e-7,0.001388780127905359,1,0
0.00948,-96.50213515073858,315.64592796720734,-195.48879696607116,131.3607344894264,-43.895013836194806,-110.41771669071505,-13.251341090680299,-174.41684635501153,27.88642378188824,11.08940337019699,188.04046624725171,-4946.447129049664,0.0,195.24878540349465,30939.31482817333,0.0,90.6207534788715,9.192962082127387e-7,0.001388780127905359,1,0
0.00949,-97.22463928674179,315.7553542517572,-194.48667842600068,131.18586966752082,-43.527147110355514,-110.58740294708782,-13.237879795284663,-174.26669070174773,28.103339249257267,11.544722188731527,188.04059733857582,-4990.651938404056,0.0,195.03292055932576,30939.35796651736,0.0,90.7705836952293,9.192962082127387e-7,0.001388780127905359,1,0
0.009500000000000001,-97.9458753431216,315.86017925608894,-193.48190949744023,131.0099441727741,-43.15946897083356,-110.75551954961003,-13.224233519927282,-174.115549996555,28.320050174909028,11.998651042568156,188.0407310277489,-5035.0518565413295,0.0,194.81594267547183,30939.401959768933,0.0,90.92022426343527,9.192962082127387e-7,0.001388780127905359,1,0
0.009510000000000001,-98.66583306951705,315.9604014904072,-192.47450446038113,130.83296269941158,-42.7919875454962,-110.92206368396232,-13.210402622174257,-173.9634238404924,28.53655492454802,12.451180037473478,188.0408673068,-5079.6475818444915,0.0,194.5978533365601,30939.446805306874,0.0,91.06967423875797,9.192962082127387e-7,0.001388780127905359,1,0
0.00952,-99.38450223373525,316.0560195303322,-191.4644776322779,130.6549299703,-42.424710956778625,-111.08703257440112,-13.196387462191012,-173.8103118335917,28.75285185427002,12.902299278752452,188.04100616770165,-5124.4397906285785,0.0,194.37865413717105,30939.492500491408,0.0,91.21893267825354,9.192962082127387e-7,0.001388780127905359,1,0
0.00953,-100.10187262189666,316.14703201692,-190.45184336784837,130.47585073687074,-42.0576473214859,-111.25042348387095,-13.18218840273724,-173.656213575006,28.968939310508134,13.35199887143169,188.0411476023698,-5169.429137040977,0.0,194.15834668204909,30939.539042664193,0.0,91.36799864077676,9.192962082127387e-7,0.001388780127905359,1,0
0.009540000000000002,-100.8179340385802,316.23343765668164,-189.436616058866,130.29572977904292,-41.69080475059557,-111.41223371411583,-13.167805809161592,-173.5011286631603,29.184815629983376,13.80026892045035,188.04129160266385,-5214.616252964963,0.0,193.93693258631475,30939.5864291483,0.0,91.51687118699249,9.192962082127387e-7,0.001388780127905359,1,0
0.009550000000000001,-101.53267630696799,316.31523522160177,-188.4188101339588,130.11457190514537,-41.32419134905828,-111.57246060579217,-13.153240049396842,-173.3450566959026,29.40047913965246,14.247099530857014,188.0414381603867,-5260.001747923337,0.0,193.7144134756766,30939.634657248214,0.0,91.66554937938712,9.192962082127387e-7,0.001388780127905359,1,0
0.00956,-102.24608926899029,316.3924235491559,-187.39844005840155,129.93238195183767,-40.95781521559887,-111.73110153857904,-13.138491493954227,-173.1879972706551,29.6159281566606,14.692480808014409,188.04158726728465,-5305.586208985378,0.0,193.4907909866437,30939.683724249855,0.0,91.8140322822805,9.192962082127387e-7,0.001388780127905359,1,0
0.00957,-102.95816278546995,316.46500154232706,-186.37552033391194,129.74916478403006,-40.591684442515145,-111.88815393129039,-13.123560515918392,-173.02994998456737,29.831160988291707,15.136402857810097,188.04173891504755,-5351.370200674057,0.0,193.26606676673876,30939.733627420545,0.0,91.96231896183778,9.192962082127387e-7,0.001388780127905359,1,0
0.00958,-103.66888673626603,316.5329681696213,-185.35006549844275,129.56492529480263,-40.225807115476925,-112.04361524198647,-13.108447490942268,-172.87091443466977,30.046175931920793,15.578855786874499,188.04189309530864,-5397.354264875739,0.0,193.04024247471108,30939.784364009043,0.0,92.11040848608162,9.192962082127387e-7,0.001388780127905359,1,0
0.009590000000000001,-104.37825102041809,316.59632246508244,-184.32209012597772,129.37966840532323,-39.860191313324016,-112.19748296808396,-13.093152797241444,-172.7108902180268,30.26097127496803,16.019829702805467,188.04204979964464,-5443.538920751266,0.0,192.81331978075005,30939.83593124553,0.0,92.25829992490452,9.192962082127387e-7,0.001388780127905359,1,0
0.009600000000000001,-105.08624555628928,316.6550635283057,-183.2916088263222,129.19339906476463,-39.494845107863014,-112.34975464646708,-13.077676815588859,-172.5498769318929,30.475545294852033,16.459314714399497,188.04220901957578,-5489.924664648966,0.0,192.58530036669885,30939.8883263416,0.0,92.40599235008123,9.192962082127387e-7,0.001388780127905359,1,0
0.00961,-105.79286028171022,316.70919052445043,-182.2586362448963,129.0061222502208,-39.129776563664215,-112.50042785359796,-13.062019929309542,-172.38787417386763,30.689896258946625,16.897300931890996,188.04237074656575,-5536.511970019433,0.0,192.3561859262689,30939.941546490278,0.0,92.55348483528168,9.192962082127387e-7,0.001388780127905359,1,0
0.00962,-106.49808515412154,316.75870268425234,-181.22318706252696,128.81784296662155,-38.76499373785632,-112.64950020562694,-13.046182524275125,-172.22488154205212,30.90402242453503,17.333778467196964,188.0425349720217,-5583.30128733155,0.0,192.1259781652532,30939.995588866008,0.0,92.70077645608377,9.192962082127387e-7,0.001388780127905359,1,0
0.009630000000000001,-107.20191015071687,316.80359930403404,-180.18527599523878,128.62856624664673,-38.400504679921674,-112.79696935850168,-13.030164988898079,-172.060898635206,31.117922038768988,17.76873743416951,188.04270168729437,-5630.293043991029,0.0,191.89467880174135,30940.05045062468,0.0,92.84786628998653,9.192962082127387e-7,0.001388780127905359,1,0
0.009640000000000001,-107.90432526858491,316.84387974571507,-179.14491779404617,128.43829715063927,-38.03631743148955,-112.94283300807818,-13.013967714126707,-171.89592505290614,31.331593338624472,18.202167948854893,188.04287088367792,-5677.487644259616,0.0,191.66228956633387,30940.10612890362,0.0,92.99475341642334,9.192962082127387e-7,0.001388780127905359,1,0
0.00965,-108.60532052485208,316.87954343682134,-178.1021272447413,128.2470407665168,-37.67244002612995,-113.08708889022813,-12.997591093439134,-171.72996039570364,31.545034550863022,18.634060129759774,188.04304255241007,-5724.885469177637,0.0,191.42881220235665,30940.162620821568,0.0,93.14143691677556,9.192962082127387e-7,0.001388780127905359,1,0
0.00966,-109.30488595682424,316.91058987049274,-177.05691916768632,128.05480220968272,-37.30888048914501,-113.22973478094931,-12.981035522837864,-171.5630042652847,31.758243891990134,19.064404098124385,188.0432166846721,-5772.486876486615,0.0,191.19424846607555,30940.219923478726,0.0,93.28791587438614,9.192962082127387e-7,0.001388780127905359,1,0
0.009670000000000002,-110.00301162212814,316.9370186054908,-176.0093084176013,127.86158662293566,-36.94564683736084,-113.37076849647377,-12.964301400844455,-171.39505626462937,31.971219568216384,19.49318997820231,188.04339327158885,-5820.292200554732,0.0,190.95860012691134,30940.278033956747,0.0,93.43418937457355,9.192962082127387e-7,0.001388780127905359,1,0
0.009680000000000001,-110.69968759885259,316.9588292662047,-174.9593098833547,127.66739917637828,-36.58274707891782,-113.51018789337562,-12.947389128493214,-171.226115998173,32.18395977541915,19.920407897547335,188.0435723042287,-5868.301752303628,0.0,190.7218689676545,30940.33694931872,0.0,93.58025650464575,9.192962082127387e-7,0.001388780127905359,1,0
0.00969,-111.39490398568998,316.97602154265655,-173.90693848774887,127.4722450673248,-36.22018921306094,-113.6479908686794,-12.930299109326171,-171.05618307196687,32.39646269910641,20.346047987307998,188.04375377360364,-5916.515819137614,0.0,190.48405678467972,30940.396666609213,0.0,93.72611635391459,9.192962082127387e-7,0.001388780127905359,1,0
0.0097,-112.08865090207655,316.9885951905062,-172.8522091873117,127.27612952020696,-35.85798122992783,-113.78417535996738,-12.91303174938696,-170.88525709384038,32.608726514378965,20.770100382527858,188.04393767066932,-5964.934664873483,0.0,190.24516538816047,30940.457182854247,0.0,93.87176801371025,9.192962082127387e-7,0.001388780127905359,1,0
0.009710000000000002,-112.78091848833311,316.9965500310542,-171.79513697208026,127.07905778647965,-35.49613111033761,-113.91873934548669,-12.895587457215186,-170.71333767356361,32.820749385896036,21.19255522245382,188.044123986325,-6013.558529673538,0.0,190.00519660228383,30940.518495061322,0.0,94.01721057739584,9.192962082127387e-7,0.001388780127905359,1,0
0.009720000000000001,-113.47169690580476,316.99988595124466,-170.7357368653913,126.88103514452499,-35.13464682557774,-114.05168084425608,-12.877966643840402,-170.54042442301082,33.032529467840824,21.61340265085073,188.04431271141357,-6062.387629979209,0.0,189.764152265465,30940.58060021941,0.0,94.16244314038224,9.192962082127387e-7,0.001388780127905359,1,0
0.00973,-114.16097633700122,316.99860290366684,-169.67402392366506,126.68206689955485,-34.77353633719101,-114.18299791617216,-12.860169722776774,-170.36651695632366,33.244064903887164,22.032632816323513,188.04450383672167,-6111.422158447537,0.0,189.52203423056145,30940.64349529898,0.0,94.30746480014322,9.192962082127387e-7,0.001388780127905359,1,0
0.00974,-114.84874698573597,316.9927009065556,-168.6100132361928,126.48215838351292,-34.412807596760615,-114.31268866211528,-12.842197110016613,-170.19161489007604,33.45535382716686,22.450235872645862,188.04469735297965,-6160.6622838886005,0.0,189.2788443650872,30940.707177252003,0.0,94.45227465623063,9.192962082127387e-7,0.001388780127905359,1,0
0.00975,-115.53499907726585,316.98218004379146,-167.54371992492085,126.28131495497507,-34.05246854569555,-114.44075122405482,-12.824049224024861,-170.015717843439,33.666394360239,22.866201979096104,188.04489325086158,-6210.108151205589,0.0,189.0345845514269,30940.771643011933,0.0,94.59687181028978,9.192962082127387e-7,0.001388780127905359,1,0
0.009760000000000001,-116.21972285842963,316.96704046489907,-166.47515914423815,126.07954199904886,-33.69252711501423,-114.56718378515464,-12.805726485732997,-169.83882543834642,33.87718461505859,23.280521300800388,188.04509152098532,-6259.759881335819,0.0,188.78925668704923,30940.836889493774,0.0,94.74125536607517,9.192962082127387e-7,0.001388780127905359,1,0
0.009770000000000001,-116.9029085977866,316.9472823850454,-165.40434608075842,125.87684492727112,-33.332991225128026,-114.69198456987671,-12.78722931853305,-169.660937299661,34.087722692947956,23.693184009081648,188.04529215391258,-6309.617571194538,0.0,188.54286268472083,30940.902913594047,0.0,94.88542442946607,9.192962082127387e-7,0.001388780127905359,1,0
0.00978,-117.58454658575522,316.9229060850366,-164.33129595310552,125.67322917750572,-32.9738687856238,-114.81515184408636,-12.768558148271865,-169.4820530553414,34.29800668456783,24.104180281817577,188.04549514014892,-6359.681293619979,0.0,188.2954044727192,30940.969712190796,0.0,95.02937810848282,9.192962082127387e-7,0.001388780127905359,1,0
0.00979,-118.2646271347509,316.8939119113137,-163.25602401169695,125.46870021383833,-32.61516769504527,-114.93668391515428,-12.7497134032444,-169.30217233660886,34.508034669890534,24.51350030380354,188.04570047014377,-6409.951097320583,0.0,188.04688399504565,30941.037282143647,0.0,95.17311551330276,9.192962082127387e-7,0.001388780127905359,1,0
0.009800000000000001,-118.94314057932374,316.86030027594813,-162.17854553852692,125.26326352647146,-32.25689584067396,-115.05657913206092,-12.730695514188355,-169.12129477811584,34.71780471817308,24.921134267124017,188.0459081342905,-6460.427006823836,0.0,187.79730321163754,30941.10562029377,0.0,95.31663575627675,9.192962082127387e-7,0.001388780127905359,1,0
0.009810000000000001,-119.62007727629563,316.82207165663567,-161.09887584695028,125.05692463161697,-31.89906109830912,-115.17483588549825,-12.711504914277683,-168.9394200181137,34.92731488793118,25.327072371529596,188.04611812292646,-6511.1090224270365,0.0,187.54666409858098,30941.17472346391,0.0,95.45993795194562,9.192962082127387e-7,0.001388780127905359,1,0
0.00982,-120.2954276048978,316.77922659668957,-160.01703028146216,124.84968907138861,-31.541671332047578,-115.29145260797169,-12.692142039116519,-168.756547698622,35.136563226916536,25.73130482482273,188.04633042633304,-6561.997120150669,0.0,187.2949686483219,30941.244588458427,0.0,95.60302121705702,9.192962082127387e-7,0.001388780127905359,1,0
0.00983,-120.96918196690709,316.731765705033,-158.93302421748373,124.64156241369218,-31.184734394061433,-115.40642777390173,-12.672607326732894,-168.57267746559782,35.3455477720921,26.133821843248654,188.04654503473566,-6613.091251692279,0.0,187.04221886987764,30941.315212063255,0.0,95.74588467058231,9.192962082127387e-7,0.001388780127905359,1,0
0.009840000000000002,-121.64133078678299,316.67968965619036,-157.84687306113963,124.4325502521146,-30.828258124376134,-115.51975989972462,-12.652901217572783,-168.38780896910515,35.55426654960978,26.53461365189449,188.0467619383039,-6664.391344383672,0.0,186.78841678904752,30941.386591045994,0.0,95.88852743373373,9.192962082127387e-7,0.001388780127905359,1,0
0.009850000000000001,-122.31186451180248,316.6229991902774,-156.758592249043,124.22265820581241,-30.472250350647247,-115.63144754399269,-12.63302415449347,-168.20194186348618,35.762717574789455,26.933670485094495,188.04698112715147,-6715.897301148834,0.0,186.5335644486235,30941.458722155854,0.0,96.03094862998155,9.192962082127387e-7,0.001388780127905359,1,0
0.00986,-122.98077361219744,316.5616951129913,-155.6681972480721,124.01189191939798,-30.11671888793695,-115.74148930747369,-12.61297658275761,-168.01507580753102,35.97089885209886,27.330982586843078,188.04720259133634,-6767.609000465101,0.0,186.27766390859884,30941.53160212371,0.0,96.17314738507181,9.192962082127387e-7,0.001388780127905359,1,0
0.00987,-123.64804858128879,316.49577829559854,-154.57570355515443,123.80025706282497,-29.761671538488724,-115.84988383325009,-12.59275895002665,-167.82721046464982,36.17880837513361,27.7265402112142,188.04742632086075,-6819.526296324633,0.0,186.02071724637867,30941.60522766211,0.0,96.31512282704384,9.192962082127387e-7,0.001388780127905359,1,0
0.009880000000000002,-124.31367993562235,316.4252496749231,-153.48112669704264,123.58775933127225,-29.407116091502516,-115.95662980681729,-12.57237170635458,-167.63834550304398,36.38644412659945,28.1203336227874,188.04765230567125,-6871.649018199443,0.0,185.76272655698722,30941.6795954653,0.0,96.45687408624818,9.192962082127387e-7,0.001388780127905359,1,0
0.009890000000000001,-124.97765821510299,316.35011025333284,-152.38448223009755,123.37440444502647,-29.053060322908117,-116.06172595618142,-12.551815304181574,-167.4484805958787,36.59380407829453,28.512353097081558,188.04788053565883,-6923.976971006934,0.0,185.50369395327627,30941.75470220924,0.0,96.59840029536454,9.192962082127387e-7,0.001388780127905359,1,0
0.0099,-125.6399739831297,316.2703610987251,-151.28578574006409,123.16019814936348,-28.699511995138693,-116.16517105195646,-12.531090198327547,-167.25761542145526,36.80088619109379,28.902588920995072,188.04811100065893,-6976.509935078654,0.0,185.24362156613248,30941.830544551627,0.0,96.73970058942018,9.192962082127387e-7,0.001388780127905359,1,0
0.00991,-126.30061782672944,316.1860033445121,-150.18505284185147,122.94514621442794,-28.346478856902582,-116.26696390746034,-12.510196845985597,-167.06574966338397,37.00768841493313,29.29103139325281,188.04834369045153,-7029.247666130005,0.0,184.9825115446833,30941.90711913191,0.0,96.88077410580823,9.192962082127387e-7,0.001388780127905359,1,0
0.00992,-126.95958035669072,316.09703818960406,-149.08229917931055,122.72925443511184,-27.993968642955156,-116.3671033788108,-12.489135706715636,-166.87288301075768,37.21420868879571,29.677670824860087,188.04857859476118,-7082.189895232466,0.0,184.72036605650317,30941.984422571317,0.0,97.0216199843063,9.192962082127387e-7,0.001388780127905359,1,0
0.009930000000000001,-127.61685220769772,316.00346689839284,-147.97754042501165,122.51252863093177,-27.641989073869578,-116.46558836502037,-12.46790724243776,-166.67901515832543,37.42044494069868,30.06249753956351,188.0488157032571,-7135.336328787669,0.0,184.4571872878184,30942.062451472862,0.0,97.16223736709527,9.192962082127387e-7,0.001388780127905359,1,0
0.009940000000000001,-128.27242403846208,315.9052908007336,-146.8707922800228,122.29497464590435,-27.290547855806622,-116.56241780809066,-12.446511917425752,-166.4841458066668,37.62639508768063,30.445501874318666,188.04905500555333,-7188.686648503022,0.0,184.1929774437113,30942.141202421415,0.0,97.30262539877818,9.192962082127387e-7,0.001388780127905359,1,0
0.00995,-128.92628653185727,315.80251129192607,-145.76207047368416,122.07659834842056,-26.939652680284542,-116.65759069310542,-12.424950198300465,-166.28827466236584,37.83205703579185,30.82667417976444,188.04929649120862,-7242.240511370414,0.0,183.92773874832343,30942.220671983676,0.0,97.44278322639944,9.192962082127387e-7,0.001388780127905359,1,0
0.00996,-129.5784303950499,315.6951298326945,-144.65139076338704,121.85740563111861,-26.589311223946986,-116.75110604832412,-12.403222554023252,-166.09140143818672,38.03742868008272,31.206004820704436,188.0495401497267,-7295.997549645354,0.0,183.66147344505828,30942.300856708218,0.0,97.58270999946414,9.192962082127387e-7,0.001388780127905359,1,0
0.009970000000000001,-130.22884635963214,315.583147949167,-143.53876893434833,121.63740241075514,-26.23953114833149,-116.84296294527293,-12.381329455889237,-165.89352585324812,38.24250790459598,31.58348417659488,188.0497859705563,-7349.957370829498,0.0,183.39418379678244,30942.381753125526,0.0,97.72240486995749,9.192962082127387e-7,0.001388780127905359,1,0
0.009980000000000001,-130.87752518175338,315.4665672328543,-142.42422079938777,121.41659462807549,-25.89032009963617,-116.9331604988367,-12.35927137752055,-165.69464763319928,38.4472925823581,31.9591026420392,188.05003394309108,-7404.119557654117,0.0,183.1258720860271,30942.46335774799,0.0,97.86186699236443,9.192962082127387e-7,0.001388780127905359,1,0
0.00999,-131.52445764225172,315.3453893406262,-141.3077621987004,121.19498824768164,-25.54168570848667,-117.02169786734855,-12.337048794859825,-165.49476651039532,38.65178057537311,32.33285062728973,188.05028405667005,-7458.483668066578,0.0,182.85654061518667,30942.54566707001,0.0,98.0010955236896,9.192962082127387e-7,0.001388780127905359,1,0
0.01,-132.16963454678492,315.2196159946888,-140.1894089996353,120.97258925789978,-25.193635589701543,-117.10857425268014,-12.314662186163211,-165.2938822240738,38.85596973461618,32.704718558755815,188.05053630057733,-7513.049235217644,0.0,182.58619170671835,30942.62867756791,0.0,98.14008962347727,9.192962082127387e-7,0.001388780127905359,1,0
