time_s,T5-PH_v_pu,T5-GW_v_pu,T1GRND_v_pu,T2GRND_v_pu,T3GRND_v_pu,T4GRND_v_pu,T5GRND_v_pu,T1-GW_v_pu,T2-GW_v_pu,T2GRNO_v_pu,T3-GW_v_pu,T3GRNO_v_pu,T4-GW_v_pu,T4GRNO_v_pu,T1-PH_v_pu,T2-PH_v_pu,T3-PH_v_pu,T4-PH_v_pu,output_fixed_1_pu,output_fixed_2_pu,output_fixed_3_pu,output_fixed_4_pu,output_fixed_5_pu,output_fixed_6_pu,output_fixed_7_pu,output_fixed_8_pu,output_fixed_9_pu,output_fixed_10_pu,switch_voltage_switch_fixed_1_pu
0,0,0,0,0,0,0,0,0,0,0,0,0,0,0,0,0,0,0,0,0,0,0,0,0,0,0,0,0,0
1.02e-08,0,0,0,0,0,0,0,-0.901066671227,0,0,0,0,0,0,-0.266507488856,0,0,0,-0.901066671227,-0.266507488856,0,0,0,0,0,0,0,0,-0.634559182372
2.04e-08,0,0,0,0,0,0,0,-1.80213334245,0,0,0,0,0,0,-0.533014977711,0,0,0,-1.80213334245,-0.533014977711,0,0,0,0,0,0,0,0,-1.26911836474
3.06e-08,0,0,0,0,0,0,0,-2.70320001368,0,0,0,0,0,0,-0.799522466567,0,0,0,-2.70320001368,-0.799522466567,0,0,0,0,0,0,0,0,-1.90367754711
4.08e-08,0,0,0,0,0,0,0,-3.60426668491,0,0,0,0,0,0,-1.06602995542,0,0,0,-3.60426668491,-1.06602995542,0,0,0,0,0,0,0,0,-2.53823672949
5.1e-08,0,0,0,0,0,0,0,-4.50533335614,0,0,0,0,0,0,-1.33253744428,0,0,0,-4.50533335614,-1.33253744428,0,0,0,0,0,0,0,0,-3.17279591186
6.12e-08,0,0,0,0,0,0,0,-5.40640002736,0,0,0,0,0,0,-1.59904493313,0,0,0,-5.40640002736,-1.59904493313,0,0,0,0,0,0,0,0,-3.80735509423
7.14e-08,0,0,0,0,0,0,0,-6.30746669859,0,0,0,0,0,0,-1.86555242199,0,0,0,-6.30746669859,-1.86555242199,0,0,0,0,0,0,0,0,-4.4419142766
8.16e-08,0,0,0,0,0,0,0,-7.20853336982,0,0,0,0,0,0,-2.13205991085,0,0,0,-7.20853336982,-2.13205991085,0,0,0,0,0,0,0,0,-5.07647345897
9.18e-08,0,0,0,0,0,0,0,-8.10960004105,0,0,0,0,0,0,-2.3985673997,0,0,0,-8.10960004105,-2.3985673997,0,0,0,0,0,0,0,0,-5.71103264134
1.02e-07,0,0,0,0,0,0,0,-9.01066671227,0,0,0,0,0,0,-2.66507488856,0,0,0,-9.01066671227,-2.66507488856,0,0,0,0,0,0,0,0,-6.34559182372
1.122e-07,0,0,-0.358984384904,0,0,0,0,-9.9117333835,0,0,0,0,0,0,-2.93158237741,0,0,0,-9.9117333835,-2.93158237741,0,0,0,0,0,0,0,0,-6.98015100609
1.224e-07,0,0,-0.719411053394,0,0,0,0,-10.8128000547,0,0,0,0,0,0,-3.19808986627,0,0,0,-10.8128000547,-3.19808986627,0,0,0,0,0,0,0,0,-7.61471018846
1.326e-07,0,0,-1.07983772189,0,0,0,0,-11.713866726,0,0,0,0,0,0,-3.46459735512,0,0,0,-11.713866726,-3.46459735512,0,0,0,0,0,0,0,0,-8.24926937083
1.428e-07,0,0,-1.44026439038,0,0,0,0,-12.6149333972,0,0,0,0,0,0,-3.73110484398,0,0,0,-12.6149333972,-3.73110484398,0,0,0,0,0,0,0,0,-8.8838285532
1.53e-07,0,0,-1.80069105887,0,0,0,0,-13.5160000684,0,0,0,0,0,0,-3.99761233283,0,0,0,-13.5160000684,-3.99761233283,0,0,0,0,0,0,0,0,-9.51838773557
1.632e-07,0,0,-2.16111772736,0,0,0,0,-14.4170667396,0,0,0,0,0,0,-4.26411982169,0,0,0,-14.4170667396,-4.26411982169,0,0,0,0,0,0,0,0,-10.1529469179
1.734e-07,0,0,-2.52154439585,0,0,0,0,-15.3181334109,0,0,0,0,0,0,-4.53062731055,0,0,0,-15.3181334109,-4.53062731055,0,0,0,0,0,0,0,0,-10.7875061003
1.836e-07,0,0,-2.88197106434,0,0,0,0,-16.2192000821,0,0,0,0,0,0,-4.7971347994,0,0,0,-16.2192000821,-4.7971347994,0,0,0,0,0,0,0,0,-11.4220652827
1.938e-07,0,0,-3.24239773283,0,0,0,0,-17.1202667533,0,0,0,0,0,0,-5.06364228826,0,0,0,-17.1202667533,-5.06364228826,0,0,0,0,0,0,0,0,-12.0566244651
2.04e-07,0,0,-3.60282440132,0,0,0,0,-18.0213334245,0,0,0,0,0,0,-5.33014977711,0,0,0,-18.0213334245,-5.33014977711,0,0,0,0,0,0,0,0,-12.6911836474
2.142e-07,0,0,-3.96325106981,0,0,0,0,-18.4486141083,0,0,0,0,0,0,-5.45652611051,0,0,0,-18.4486141083,-5.45652611051,0,0,0,0,0,0,0,0,-12.9920879978
2.244e-07,0,0,-4.3236777383,0,0,0,0,-18.8720877531,0,0,0,0,0,0,-5.58177644024,0,0,0,-18.8720877531,-5.58177644024,0,0,0,0,0,0,0,0,-13.2903113129
2.346e-07,0,0,-4.68410440679,0,0,0,0,-19.2955537502,0,0,0,0,0,0,-5.70702450801,0,0,0,-19.2955537502,-5.70702450801,0,0,0,0,0,0,0,0,-13.5885292422
2.448e-07,0,0,-5.04453107529,0,0,0,0,-19.7190197473,0,0,0,0,0,0,-5.83227257579,0,0,0,-19.7190197473,-5.83227257579,0,0,0,0,0,0,0,0,-13.8867471715
2.55e-07,0,0,-5.40495774378,0,0,0,0,-20.1424857444,0,0,0,0,0,0,-5.95752064356,0,0,0,-20.1424857444,-5.95752064356,0,0,0,0,0,0,0,0,-14.1849651009
2.652e-07,0,0,-5.76538441227,0,0,0,0,-20.5659517415,0,0,0,0,0,0,-6.08276871133,0,0,0,-20.5659517415,-6.08276871133,0,0,0,0,0,0,0,0,-14.4831830302
2.754e-07,0,0,-6.12581108076,0,0,0,0,-20.9894177387,0,0,0,0,0,0,-6.2080167791,0,0,0,-20.9894177387,-6.2080167791,0,0,0,0,0,0,0,0,-14.7814009595
2.856e-07,0,0,-6.48623774925,0,0,0,0,-21.4128837358,0,0,0,0,0,0,-6.33326484688,0,0,0,-21.4128837358,-6.33326484688,0,0,0,0,0,0,0,0,-15.0796188889
2.958e-07,0,0,-6.84666441774,0,0,0,0,-21.8363497329,0,0,0,0,0,0,-6.45851291465,0,0,0,-21.8363497329,-6.45851291465,0,0,0,0,0,0,0,0,-15.3778368182
3.06e-07,0,0,-7.20709108623,0,0,0,0,-22.25981573,0,0,0,0,0,0,-6.58376098242,0,0,0,-22.25981573,-6.58376098242,0,0,0,0,0,0,0,0,-15.6760547476
3.162e-07,0,0,-7.59243198602,0,0,0,0,-22.6832817271,0,0,0,0,0,0,-6.7090090502,0,0,0,-22.6832817271,-6.7090090502,0,0,0,0,0,0,0,0,-15.9742726769
3.264e-07,0,0,-7.97807317786,0,0,0,0,-23.1067477242,0,0,0,0,0,0,-6.83425711797,0,0,0,-23.1067477242,-6.83425711797,0,0,0,0,0,0,0,0,-16.2724906062
3.366e-07,0,0,-8.36371557619,0,0,0,0,-23.5302137213,0,0,0,0,0,0,-6.95950518574,0,0,0,-23.5302137213,-6.95950518574,0,0,0,0,0,0,0,0,-16.5707085356
3.468e-07,0,0,-8.74935797613,0,0,0,0,-23.9536797184,0,0,0,0,0,0,-7.08475325352,0,0,0,-23.9536797184,-7.08475325352,0,0,0,0,0,0,0,0,-16.8689264649
3.57e-07,0,0,-9.13500037607,0,0,0,0,-24.3771457155,0,0,0,0,0,0,-7.21000132129,0,0,0,-24.3771457155,-7.21000132129,0,0,0,0,0,0,0,0,-17.1671443943
3.672e-07,0,0,-9.52064277601,0,0,0,0,-24.8006117127,0,0,0,0,0,0,-7.33524938906,0,0,0,-24.8006117127,-7.33524938906,0,0,0,0,0,0,0,0,-17.4653623236
3.774e-07,0,0,-9.90628517594,0,0,0,0,-25.2240777098,0,0,0,0,0,0,-7.46049745684,0,0,0,-25.2240777098,-7.46049745684,0,0,0,0,0,0,0,0,-17.7635802529
3.876e-07,0,0,-10.2919275759,0,0,0,0,-25.6475437069,0,0,0,0,0,0,-7.58574552461,0,0,0,-25.6475437069,-7.58574552461,0,0,0,0,0,0,0,0,-18.0617981823
3.978e-07,0,0,-10.6775699758,0,0,0,0,-26.071009704,0,0,0,0,0,0,-7.71099359238,0,0,0,-26.071009704,-7.71099359238,0,0,0,0,0,0,0,0,-18.3600161116
4.08e-07,0,0,-11.0632123758,0,0,0,0,-26.4944757011,0,0,0,0,0,0,-7.83624166016,0,0,0,-26.4944757011,-7.83624166016,0,0,0,0,0,0,0,0,-18.658234041
4.182e-07,0,0,-11.4488547757,0,0,0,0,-26.8850600071,0,0,0,0,0,0,-7.95176434664,0,0,0,-26.8850600071,-7.95176434664,0,0,0,0,0,0,0,0,-18.9332956604
4.284e-07,0,0,-11.8344971756,0,0,0,0,-27.2751158808,0,0,0,0,0,0,-8.06713073934,0,0,0,-27.2751158808,-8.06713073934,0,0,0,0,0,0,0,0,-19.2079851415
4.386e-07,0,0,-12.2201395756,0,0,0,0,-27.66516857,0,0,0,0,0,0,-8.18249619012,0,0,0,-27.66516857,-8.18249619012,0,0,0,0,0,0,0,0,-19.4826723799
4.488e-07,0,0,-12.6057819755,0,0,0,0,-28.0552212507,0,0,0,0,0,0,-8.29786163839,0,0,0,-28.0552212507,-8.29786163839,0,0,0,0,0,0,0,0,-19.7573596123
4.59e-07,0,0,-12.9914243755,0,0,0,0,-28.4452739313,0,0,0,0,0,0,-8.41322708665,0,0,0,-28.4452739313,-8.41322708665,0,0,0,0,0,0,0,0,-20.0320468447
4.692e-07,0,0,-13.3770667754,0,0,0,0,-28.835326612,0,0,0,0,0,0,-8.52859253491,0,0,0,-28.835326612,-8.52859253491,0,0,0,0,0,0,0,0,-20.306734077
4.794e-07,0,0,-13.7627091753,0,0,0,0,-29.2253792926,0,0,0,0,0,0,-8.64395798317,0,0,0,-29.2253792926,-8.64395798317,0,0,0,0,0,0,0,0,-20.5814213094
4.896e-07,0,0,-14.1483515753,0,0,0,0,-29.6154319732,0,0,0,0,0,0,-8.75932343143,0,0,0,-29.6154319732,-8.75932343143,0,0,0,0,0,0,0,0,-20.8561085418
4.998e-07,0,0,-14.5339939752,0,0,0,0,-30.0054846539,0,0,0,0,0,0,-8.87468887969,0,0,0,-30.0054846539,-8.87468887969,0,0,0,0,0,0,0,0,-21.1307957742
5.1e-07,0,0,-14.9196363752,0,0,0,0,-30.3955373345,0,0,0,0,0,0,-8.99005432796,0,0,0,-30.3955373345,-8.99005432796,0,0,0,0,0,0,0,0,-21.4054830066
5.202e-07,0,0,-15.3070078724,0,0,0,0,-30.7855900152,0,0,0,0,0,0,-9.10541977622,0,0,0,-30.7855900152,-9.10541977622,0,0,0,0,0,0,0,0,-21.680170239
5.304e-07,0,0,-15.6944141044,0,0,0,0,-31.1756426958,0,0,0,0,0,0,-9.22078522448,0,0,0,-31.1756426958,-9.22078522448,0,0,0,0,0,0,0,0,-21.9548574713
5.406e-07,0,0,-16.0818206155,0,0,0,0,-31.5656953765,0,0,0,0,0,0,-9.33615067274,0,0,0,-31.5656953765,-9.33615067274,0,0,0,0,0,0,0,0,-22.2295447037
5.508e-07,0,0,-16.4692271277,0,0,0,0,-31.9557480571,0,0,0,0,0,0,-9.451516121,0,0,0,-31.9557480571,-9.451516121,0,0,0,0,0,0,0,0,-22.5042319361
5.61e-07,0,0,-16.8566336399,0,0,0,0,-32.3458007377,0,0,0,0,0,0,-9.56688156926,0,0,0,-32.3458007377,-9.56688156926,0,0,0,0,0,0,0,0,-22.7789191685
5.712e-07,0,0,-17.2440401521,0,0,0,0,-32.7358534184,0,0,0,0,0,0,-9.68224701752,0,0,0,-32.7358534184,-9.68224701752,0,0,0,0,0,0,0,0,-23.0536064009
5.814e-07,0,0,-17.6314466643,0,0,0,0,-33.125906099,0,0,0,0,0,0,-9.79761246579,0,0,0,-33.125906099,-9.79761246579,0,0,0,0,0,0,0,0,-23.3282936332
5.916e-07,0,0,-18.0188531766,0,0,0,0,-33.5159587797,0,0,0,0,0,0,-9.91297791405,0,0,0,-33.5159587797,-9.91297791405,0,0,0,0,0,0,0,0,-23.6029808656
6.018e-07,0,0,-18.4062596888,0,0,0,0,-33.9060114603,0,0,0,0,0,0,-10.0283433623,0,0,0,-33.9060114603,-10.0283433623,0,0,0,0,0,0,0,0,-23.877668098
6.12e-07,0,0,-18.793666201,0,0,0,0,-34.296064141,0,0,0,0,0,0,-10.1437088106,0,0,0,-34.296064141,-10.1437088106,0,0,0,0,0,0,0,0,-24.1523553304
6.222e-07,0,0,-19.1810727132,0,0,0,0,-34.6838347667,0,0,0,0,0,0,-10.258399298,0,0,0,-34.6838347667,-10.258399298,0,0,0,0,0,0,0,0,-24.4254354687
6.324e-07,0,0,-19.5684792254,0,0,0,0,-35.0715503812,0,0,0,0,0,0,-10.3730735148,0,0,0,-35.0715503812,-10.3730735148,0,0,0,0,0,0,0,0,-24.6984768664
6.426e-07,0,0,-19.9558857377,0,0,0,0,-35.459265443,0,0,0,0,0,0,-10.4877475681,0,0,0,-35.459265443,-10.4877475681,0,0,0,0,0,0,0,0,-24.9715178749
6.528e-07,0,0,-20.3432922499,0,0,0,0,-35.846980502,0,0,0,0,0,0,-10.6024216206,0,0,0,-35.846980502,-10.6024216206,0,0,0,0,0,0,0,0,-25.2445588813
6.63e-07,0,0,-20.7306987621,0,0,0,0,-36.2346955609,0,0,0,0,0,0,-10.7170956731,0,0,0,-36.2346955609,-10.7170956731,0,0,0,0,0,0,0,0,-25.5175998878
6.732e-07,0,0,-21.1181052743,0,0,0,0,-36.6224106198,0,0,0,0,0,0,-10.8317697256,0,0,0,-36.6224106198,-10.8317697256,0,0,0,0,0,0,0,0,-25.7906408942
6.834e-07,0,0,-21.5055117865,0,0,0,0,-37.0101256787,0,0,0,0,0,0,-10.946443778,0,0,0,-37.0101256787,-10.946443778,0,0,0,0,0,0,0,0,-26.0636819006
6.936e-07,0,0,-21.8929182988,0,0,0,0,-37.3978407376,0,0,0,0,0,0,-11.0611178305,0,0,0,-37.3978407376,-11.0611178305,0,0,0,0,0,0,0,0,-26.3367229071
7.038e-07,0,0,-22.280324811,0,0,0,0,-37.7855557965,0,0,0,0,0,0,-11.175791883,0,0,0,-37.7855557965,-11.175791883,0,0,0,0,0,0,0,0,-26.6097639135
7.14e-07,0,0,-22.6677313232,0,0,0,0,-38.1732708554,0,0,0,0,0,0,-11.2904659355,0,0,0,-38.1732708554,-11.2904659355,0,0,0,0,0,0,0,0,-26.8828049199
7.242e-07,0,0,-23.0552578382,0,0,0,0,-38.5609859143,0,0,0,0,0,0,-11.4051399879,0,0,0,-38.5609859143,-11.4051399879,0,0,0,0,0,0,0,0,-27.1558459264
7.344e-07,0,0,-23.4427877282,0,0,0,0,-38.9487009732,0,0,0,0,0,0,-11.5198140404,0,0,0,-38.9487009732,-11.5198140404,0,0,0,0,0,0,0,0,-27.4288869328
7.446e-07,0,0,-23.8303176588,0,0,0,0,-39.3364160321,0,0,0,0,0,0,-11.6344880929,0,0,0,-39.3364160321,-11.6344880929,0,0,0,0,0,0,0,0,-27.7019279392
7.548e-07,0,0,-24.2178475897,0,0,0,0,-39.724131091,0,0,0,0,0,0,-11.7491621454,0,0,0,-39.724131091,-11.7491621454,0,0,0,0,0,0,0,0,-27.9749689456
7.65e-07,0,0,-24.6053775206,0,0,0,0,-40.1118461499,0,0,0,0,0,0,-11.8638361978,0,0,0,-40.1118461499,-11.8638361978,0,0,0,0,0,0,0,0,-28.2480099521
7.752e-07,0,0,-24.9929074515,0,0,0,0,-40.4995612088,0,0,0,0,0,0,-11.9785102503,0,0,0,-40.4995612088,-11.9785102503,0,0,0,0,0,0,0,0,-28.5210509585
7.854e-07,0,0,-25.3804373824,0,0,0,0,-40.8872762677,0,0,0,0,0,0,-12.0931843028,0,0,0,-40.8872762677,-12.0931843028,0,0,0,0,0,0,0,0,-28.7940919649
7.956e-07,0,0,-25.7679673133,0,0,0,0,-41.2749913266,0,0,0,0,0,0,-12.2078583553,0,0,0,-41.2749913266,-12.2078583553,0,0,0,0,0,0,0,0,-29.0671329714
8.058e-07,0,0,-26.1554972442,0,0,0,0,-41.6627063855,0,0,0,0,0,0,-12.3225324078,0,0,0,-41.6627063855,-12.3225324078,0,0,0,0,0,0,0,0,-29.3401739778
8.16e-07,0,0,-26.543027175,0,0,0,0,-42.0504214445,0,0,0,0,0,0,-12.4372064602,0,0,0,-42.0504214445,-12.4372064602,0,0,0,0,0,0,0,0,-29.6132149842
8.262e-07,0,0,-26.9305571059,0,0,0,0,-42.4379781242,0,0,0,0,0,0,-12.5518336691,0,0,0,-42.4379781242,-12.5518336691,0,0,0,0,0,0,0,0,-29.8861444551
8.364e-07,0,0,-27.3180870368,0,0,0,0,-42.8255297134,0,0,0,0,0,0,-12.6664593723,0,0,0,-42.8255297134,-12.6664593723,0,0,0,0,0,0,0,0,-30.1590703411
8.466e-07,0,0,-27.7056169677,0,0,0,0,-43.2130812311,0,0,0,0,0,0,-12.7810850544,0,0,0,-43.2130812311,-12.7810850544,0,0,0,0,0,0,0,0,-30.4319961767
8.568e-07,0,0,-28.0931468986,0,0,0,0,-43.6006327481,0,0,0,0,0,0,-12.8957107362,0,0,0,-43.6006327481,-12.8957107362,0,0,0,0,0,0,0,0,-30.7049220119
8.67e-07,0,0,-28.4806768295,0,0,0,0,-43.9881842652,0,0,0,0,0,0,-13.0103364181,0,0,0,-43.9881842652,-13.0103364181,0,0,0,0,0,0,0,0,-30.9778478471
8.772e-07,0,0,-28.8682067604,0,0,0,0,-44.3757357823,0,0,0,0,0,0,-13.1249621,0,0,0,-44.3757357823,-13.1249621,0,0,0,0,0,0,0,0,-31.2507736822
8.874e-07,0,0,-29.2557366913,0,0,0,0,-44.7632872993,0,0,0,0,0,0,-13.2395877819,0,0,0,-44.7632872993,-13.2395877819,0,0,0,0,0,0,0,0,-31.5236995174
8.976e-07,0,0,-29.6432666222,0,0,0,0,-45.1508388164,0,0,0,0,0,0,-13.3542134638,0,0,0,-45.1508388164,-13.3542134638,0,0,0,0,0,0,0,0,-31.7966253526
9.078e-07,0,0,-30.0307965531,0,0,0,0,-45.5383903334,0,0,0,0,0,0,-13.4688391457,0,0,0,-45.5383903334,-13.4688391457,0,0,0,0,0,0,0,0,-32.0695511878
9.18e-07,0,0,-30.418326484,0,0,0,0,-45.9259418505,0,0,0,0,0,0,-13.5834648276,0,0,0,-45.9259418505,-13.5834648276,0,0,0,0,0,0,0,0,-32.3424770229
9.282e-07,0,0,-30.8058647433,0,0,0,0,-46.3134933676,0,0,0,0,0,0,-13.6980905095,0,0,0,-46.3134933676,-13.6980905095,0,0,0,0,0,0,0,0,-32.6154028581
9.384e-07,0,0,-31.1934033038,0,0,0,0,-46.7010448846,0,0,0,0,0,0,-13.8127161913,0,0,0,-46.7010448846,-13.8127161913,0,0,0,0,0,0,0,0,-32.8883286933
9.486e-07,0,0,-31.5809418691,0,0,0,0,-47.0885964017,0,0,0,0,0,0,-13.9273418732,0,0,0,-47.0885964017,-13.9273418732,0,0,0,0,0,0,0,0,-33.1612545285
9.588e-07,0,0,-31.9684804345,0,0,0,0,-47.4761479188,0,0,0,0,0,0,-14.0419675551,0,0,0,-47.4761479188,-14.0419675551,0,0,0,0,0,0,0,0,-33.4341803636
9.69e-07,0,0,-32.3560189998,0,0,0,0,-47.8636994358,0,0,0,0,0,0,-14.156593237,0,0,0,-47.8636994358,-14.156593237,0,0,0,0,0,0,0,0,-33.7071061988
9.792e-07,0,0,-32.7435575652,0,0,0,0,-48.2512509529,0,0,0,0,0,0,-14.2712189189,0,0,0,-48.2512509529,-14.2712189189,0,0,0,0,0,0,0,0,-33.980032034
9.894e-07,0,0,-33.1310961306,0,0,0,0,-48.6388024699,0,0,0,0,0,0,-14.3858446008,0,0,0,-48.6388024699,-14.3858446008,0,0,0,0,0,0,0,0,-34.2529578692
9.996e-07,0,0,-33.5186346959,0,0,0,0,-49.026353987,0,0,0,0,0,0,-14.5004702827,0,0,0,-49.026353987,-14.5004702827,0,0,0,0,0,0,0,0,-34.5258837043
1.0098e-06,0,0,-33.9061732613,0,0,0,0,-48.5426954724,0,0,0,0,0,0,-14.3574191408,0,0,0,-48.5426954724,-14.3574191408,0,0,0,0,0,0,0,0,-34.1852763315
1.02e-06,0,0,-34.2937118266,0,0,0,0,-48.0234773646,0,0,0,0,0,0,-14.2038505776,0,0,0,-48.0234773646,-14.2038505776,0,0,0,0,0,0,0,0,-33.819626787
1.0302e-06,0,0,-34.681250392,0,0,0,0,-47.504248265,0,0,0,0,0,0,-14.0502787633,0,0,0,-47.504248265,-14.0502787633,0,0,0,0,0,0,0,0,-33.4539695017
1.0404e-06,0,0,-35.0687889574,0,0,0,0,-46.9850187237,0,0,0,0,0,0,-13.8967068184,0,0,0,-46.9850187237,-13.8967068184,0,0,0,0,0,0,0,0,-33.0883119053
1.0506e-06,0,0,-35.4563275227,0,0,0,0,-46.4657891745,0,0,0,0,0,0,-13.7431348712,0,0,0,-46.4657891745,-13.7431348712,0,0,0,0,0,0,0,0,-32.7226543034
1.0608e-06,0,0,-35.8438660881,0,0,0,0,-45.9465596252,0,0,0,0,0,0,-13.5895629239,0,0,0,-45.9465596252,-13.5895629239,0,0,0,0,0,0,0,0,-32.3569967013
1.071e-06,0,0,-36.2314046535,0,0,0,0,-45.4273300759,0,0,0,0,0,0,-13.4359909766,0,0,0,-45.4273300759,-13.4359909766,0,0,0,0,0,0,0,0,-31.9913390993
1.0812e-06,0,0,-36.6189432188,0,0,0,0,-44.9081005266,-0.372241004305,0,0,0,0,0,-13.2824190294,-0.110097308528,0,0,-44.9081005266,-13.2824190294,-0.372241004305,-0.110097308528,0,0,0,0,0,0,-31.6256814973
1.0914e-06,0,0,-37.0064817842,0,0,0,0,-44.3888709773,-0.875307113769,0,0,0,0,0,-13.1288470821,-0.258888613148,0,0,-44.3888709773,-13.1288470821,-0.875307113769,-0.258888613148,0,0,0,0,0,0,-31.2600238953
1.1016e-06,0,0,-37.3940203495,0,0,0,0,-43.869641428,-1.37837322323,0,0,0,0,0,-12.9752751348,-0.407679917768,0,0,-43.869641428,-12.9752751348,-1.37837322323,-0.407679917768,0,0,0,0,0,0,-30.8943662932
1.1118e-06,0,0,-37.4344693961,0,0,0,0,-43.3504118788,-1.8814393327,0,0,0,0,0,-12.8217031875,-0.556471222389,0,0,-43.3504118788,-12.8217031875,-1.8814393327,-0.556471222389,0,0,0,0,0,0,-30.5287086912
1.122e-06,0,0,-37.4593570296,0,0,0,0,-42.8311823295,-2.38450544216,0,0,0,0,0,-12.6681312403,-0.705262527009,0,0,-42.8311823295,-12.6681312403,-2.38450544216,-0.705262527009,0,0,0,0,0,0,-30.1630510892
1.1322e-06,0,0,-37.484188323,0,0,0,0,-42.3119527802,-2.88757155163,0,0,0,0,0,-12.514559293,-0.854053831629,0,0,-42.3119527802,-12.514559293,-2.88757155163,-0.854053831629,0,0,0,0,0,0,-29.7973934872
1.1424e-06,0,0,-37.509019642,0,0,0,0,-41.7927232309,-3.39063766109,0,0,0,0,0,-12.3609873457,-1.00284513625,0,0,-41.7927232309,-12.3609873457,-3.39063766109,-1.00284513625,0,0,0,0,0,0,-29.4317358851
1.1526e-06,0,0,-37.5338509615,0,0,0,0,-41.2734936816,-3.89370377055,0,0,0,0,0,-12.2074153985,-1.15163644087,0,0,-41.2734936816,-12.2074153985,-3.89370377055,-1.15163644087,0,0,0,0,0,0,-29.0660782831
1.1628e-06,0,0,-37.558682281,0,0,0,0,-40.7542641323,-4.39676988002,0,0,0,0,0,-12.0538434512,-1.30042774549,0,0,-40.7542641323,-12.0538434512,-4.39676988002,-1.30042774549,0,0,0,0,0,0,-28.7004206811
1.173e-06,0,0,-37.5835136005,0,0,0,0,-40.235034583,-4.89983598948,0,0,0,0,0,-11.9002715039,-1.44921905011,0,0,-40.235034583,-11.9002715039,-4.89983598948,-1.44921905011,0,0,0,0,0,0,-28.3347630791
1.1832e-06,0,0,-37.60834492,0,0,0,0,-39.7158050337,-5.40290209895,-0.741502888928,0,0,0,0,-11.7466995566,-1.59801035473,0,0,-39.7158050337,-11.7466995566,-5.40290209895,-1.59801035473,0,0,0,0,0,0,-27.969105477
1.1934e-06,0,0,-37.6331762395,0,0,0,0,-39.1965754844,-5.90596820841,-1.74658808821,0,0,0,0,-11.5931276094,-1.74680165935,0,0,-39.1965754844,-11.5931276094,-5.90596820841,-1.74680165935,0,0,0,0,0,0,-27.603447875
1.2036e-06,0,0,-37.658007559,0,0,0,0,-38.6773459351,-6.40903431788,-2.75272030714,0,0,0,0,-11.4395556621,-1.89559296397,0,0,-38.6773459351,-11.4395556621,-6.40903431788,-1.89559296397,0,0,0,0,0,0,-27.237790273
1.2138e-06,0,0,-37.6828388785,0,0,0,0,-38.6162035822,-6.91210042734,-3.75885252606,0,0,0,0,-11.4214716563,-2.04438426859,0,0,-38.6162035822,-11.4214716563,-6.91210042734,-2.04438426859,0,0,0,0,0,0,-27.1947319259
1.224e-06,0,0,-37.707670198,0,0,0,0,-38.5774395594,-7.4151665368,-4.76498474499,0,0,0,0,-11.4100064643,-2.19317557321,0,0,-38.5774395594,-11.4100064643,-7.4151665368,-2.19317557321,0,0,0,0,0,0,-27.1674330951
1.2342e-06,0,0,-37.7325015175,0,0,0,0,-38.5388324087,-7.91823264627,-5.77111696392,0,0,0,0,-11.3985876702,-2.34196687783,0,0,-38.5388324087,-11.3985876702,-7.91823264627,-2.34196687783,0,0,0,0,0,0,-27.1402447385
1.2444e-06,0,0,-37.757332837,0,0,0,0,-38.5002255229,-8.42129875573,-6.77724918285,0,0,0,0,-11.3871689545,-2.49075818245,0,0,-38.5002255229,-11.3871689545,-8.42129875573,-2.49075818245,0,0,0,0,0,0,-27.1130565685
1.2546e-06,0,0,-37.7821641565,0,0,0,0,-38.4616186364,-8.9243648652,-7.78338140178,0,0,0,0,-11.3757502385,-2.63954948707,0,0,-38.4616186364,-11.3757502385,-8.9243648652,-2.63954948707,0,0,0,0,0,0,-27.0858683979
1.2648e-06,0,0,-37.806995476,0,0,0,0,-38.4230117498,-9.42743097466,-8.78951362071,0,0,0,0,-11.3643315225,-2.78834079169,0,0,-38.4230117498,-11.3643315225,-9.42743097466,-2.78834079169,0,0,0,0,0,0,-27.0586802273
1.275e-06,0,0,-37.8318267955,0,0,0,0,-38.3844048633,-9.93049708413,-9.79564583963,0,0,0,0,-11.3529128065,-2.93713209631,0,0,-38.3844048633,-11.3529128065,-9.93049708413,-2.93713209631,0,0,0,0,0,0,-27.0314920567
1.2852e-06,0,0,-37.856658115,0,0,0,0,-38.3457979767,-10.564047487,-10.8017780586,0,0,0,0,-11.3414940906,-3.1245165955,0,0,-38.3457979767,-11.3414940906,-10.564047487,-3.1245165955,0,0,0,0,0,0,-27.0043038861
1.2954e-06,0,0,-37.8814894345,0,0,0,0,-38.3071910901,-11.2445054344,-11.8079102775,0,0,0,0,-11.3300753746,-3.32577488708,0,0,-38.3071910901,-11.3300753746,-11.2445054344,-3.32577488708,0,0,0,0,0,0,-26.9771157155
1.3056e-06,0,0,-37.906320754,0,0,0,0,-38.2685842036,-11.9253339819,-12.8140424964,0,0,0,0,-11.3186566586,-3.52714279062,0,0,-38.2685842036,-11.3186566586,-11.9253339819,-3.52714279062,0,0,0,0,0,0,-26.9499275449
1.3158e-06,0,0,-37.9070633696,0,0,0,0,-38.229977317,-12.6061632697,-13.8201747153,0,0,0,0,-11.3072379427,-3.72851091311,0,0,-38.229977317,-11.3072379427,-12.6061632697,-3.72851091311,0,0,0,0,0,0,-26.9227393744
1.326e-06,0,0,-37.9065324308,0,0,0,0,-38.1913704304,-13.2869925575,-14.8263069343,0,0,0,0,-11.2958192267,-3.9298790356,0,0,-38.1913704304,-11.2958192267,-13.2869925575,-3.9298790356,0,0,0,0,0,0,-26.8955512038
1.3362e-06,0,0,-37.905988515,0,0,0,0,-38.1527635439,-13.9678218452,-15.8324391532,0,0,0,0,-11.2844005107,-4.13124715808,0,0,-38.1527635439,-11.2844005107,-13.9678218452,-4.13124715808,0,0,0,0,0,0,-26.8683630332
1.3464e-06,0,0,-37.9054445521,0,0,0,0,-38.1141566573,-14.648651133,-16.8385713721,0,0,0,0,-11.2729817947,-4.33261528057,0,0,-38.1141566573,-11.2729817947,-14.648651133,-4.33261528057,0,0,0,0,0,0,-26.8411748626
1.3566e-06,0,0,-37.9049005892,0,0,0,0,-38.0755497708,-15.3294804207,-17.8447035911,0,0,0,0,-11.2615630788,-4.53398340306,0,0,-38.0755497708,-11.2615630788,-15.3294804207,-4.53398340306,0,0,0,0,0,0,-26.813986692
1.3668e-06,0,0,-37.9043566262,0,0,0,0,-38.0369428842,-16.0103097085,-18.85083581,0,0,0,0,-11.2501443628,-4.73535152555,0,0,-38.0369428842,-11.2501443628,-16.0103097085,-4.73535152555,0,0,0,0,0,0,-26.7867985214
1.377e-06,0,0,-37.9038126633,0,0,0,0,-37.9983359976,-16.6911389963,-19.8569680289,0,0,0,0,-11.2387256468,-4.93671964804,0,0,-37.9983359976,-11.2387256468,-16.6911389963,-4.93671964804,0,0,0,0,0,0,-26.7596103508
1.3872e-06,0,0,-37.9032687004,0,0,0,0,-37.9597291111,-17.371968284,-20.3874441769,0,0,0,0,-11.2273069309,-5.13808777052,0,0,-37.9597291111,-11.2273069309,-17.371968284,-5.13808777052,0,0,0,0,0,0,-26.7324221802
1.3974e-06,0,0,-37.9027247375,0,0,0,0,-37.9211222245,-18.0527975718,-20.7450166172,0,0,0,0,-11.2158882149,-5.33945589301,0,0,-37.9211222245,-11.2158882149,-18.0527975718,-5.33945589301,0,0,0,0,0,0,-26.7052340096
1.4076e-06,0,0,-37.9021807745,0,0,0,0,-37.882515338,-18.7336268596,-21.1005511107,0,0,0,0,-11.2044694989,-5.5408240155,0,0,-37.882515338,-11.2044694989,-18.7336268596,-5.5408240155,0,0,0,0,0,0,-26.678045839
1.4178e-06,0,0,-37.9016368116,0,0,0,0,-37.8757006152,-19.4144561473,-21.4560774782,0,0,0,0,-11.2024539159,-5.74219213799,0,0,-37.8757006152,-11.2024539159,-19.4144561473,-5.74219213799,0,0,0,0,0,0,-26.6732466993
1.428e-06,0,0,-37.9010928487,0,0,0,0,-37.8706944545,-20.0952854351,-21.8116038348,0,0,0,0,-11.2009732493,-5.94356026047,0,0,-37.8706944545,-11.2009732493,-20.0952854351,-5.94356026047,0,0,0,0,0,0,-26.6697212051
1.4382e-06,0,0,-37.9005488858,0,0,0,0,-37.8657121738,-20.7761147229,-22.1671301914,0,0,0,0,-11.1994996457,-6.14492838296,0,0,-37.8657121738,-11.1994996457,-20.7761147229,-6.14492838296,0,0,0,0,0,0,-26.6662125281
1.4484e-06,0,0,-37.9000049228,0,0,0,0,-37.8607300242,-21.4569440106,-22.522656548,0,0,0,0,-11.1980260808,-6.34629650545,0,0,-37.8607300242,-11.1980260808,-21.4569440106,-6.34629650545,0,0,0,0,0,0,-26.6627039433
1.4586e-06,0,0,-37.8994609599,0,0,0,0,-37.8557478748,-22.1377732984,-22.8781829046,0,0,0,0,-11.196552516,-6.54766462794,0,0,-37.8557478748,-11.196552516,-22.1377732984,-6.54766462794,0,0,0,0,0,0,-26.6591953587
1.4688e-06,0,0,-37.898916997,0,0,0,0,-37.8507657253,-22.8186025861,-23.2337092611,0,0,0,0,-11.1950789512,-6.74903275042,0,0,-37.8507657253,-11.1950789512,-22.8186025861,-6.74903275042,0,0,0,0,0,0,-26.6556867741
1.479e-06,0,0,-37.8983730341,0,0,0,0,-37.8457835759,-23.4994318739,-23.5892356177,0,0,0,0,-11.1936053864,-6.95040087291,0,0,-37.8457835759,-11.1936053864,-23.4994318739,-6.95040087291,0,0,0,0,0,0,-26.6521781895
1.4892e-06,0,0,-37.8978290711,0,0,0,0,-37.8408014265,-23.9574211044,-23.9447619743,0,0,0,0,-11.1921318217,-7.08585983909,0,0,-37.8408014265,-11.1921318217,-23.9574211044,-7.08585983909,0,0,0,0,0,0,-26.6486696049
1.4994e-06,0,0,-37.8972851082,0,0,0,0,-37.8358192771,-24.3335113974,-24.3002883309,0,0,0,0,-11.1906582569,-7.19709564747,0,0,-37.8358192771,-11.1906582569,-24.3335113974,-7.19709564747,0,0,0,0,0,0,-26.6451610203
1.5096e-06,0,0,-37.8967411453,0,0,0,0,-37.8308371277,-24.7083214865,-24.6558146875,0,0,0,0,-11.1891846921,-7.30795281135,0,0,-37.8308371277,-11.1891846921,-24.7083214865,-7.30795281135,0,0,0,0,0,0,-26.6416524357
1.5198e-06,0,0,-37.8945253783,0,0,0,0,-37.8258549783,-25.0831239327,-25.0113410441,0,0,0,0,-11.1877111273,-7.41880771471,0,0,-37.8258549783,-11.1877111273,-25.0831239327,-7.41880771471,0,0,0,0,0,0,-26.6381438511
1.53e-06,0,0,-37.8922077906,0,0,0,0,-37.8208728289,-25.4579263585,-25.3668674007,0,0,0,0,-11.1862375625,-7.52966261203,0,0,-37.8208728289,-11.1862375625,-25.4579263585,-7.52966261203,0,0,0,0,0,0,-26.6346352665
1.5402e-06,0,0,-37.8898885651,0,0,0,0,-37.8158906795,-25.8327287843,-25.7223937573,0,0,0,0,-11.1847639977,-7.64051750935,0,0,-37.8158906795,-11.1847639977,-25.8327287843,-7.64051750935,0,0,0,0,0,0,-26.6311266818
1.5504e-06,0,0,-37.8875693276,0,0,0,0,-37.8109085301,-26.2075312102,-26.0779201139,0,0,0,0,-11.1832904329,-7.75137240667,0,0,-37.8109085301,-11.1832904329,-26.2075312102,-7.75137240667,0,0,0,0,0,0,-26.6276180972
1.5606e-06,0,0,-37.8852500901,0,0,0,0,-37.8059263807,-26.582333636,-26.4334464705,0,0,0,0,-11.1818168681,-7.86222730399,0,0,-37.8059263807,-11.1818168681,-26.582333636,-7.86222730399,0,0,0,0,0,0,-26.6241095126
1.5708e-06,0,0,-37.8829308526,0,0,0,0,-37.8009442313,-26.9571360618,-26.7889728271,0,0,0,0,-11.1803433033,-7.97308220131,0,0,-37.8009442313,-11.1803433033,-26.9571360618,-7.97308220131,0,0,0,0,0,0,-26.620600928
1.581e-06,0,0,-37.8806116151,0,0,0,0,-37.7959620819,-27.3319384876,-27.1444991837,0,0,0,0,-11.1788697385,-8.08393709863,0,0,-37.7959620819,-11.1788697385,-27.3319384876,-8.08393709863,0,0,0,0,0,0,-26.6170923434
1.5912e-06,0,0,-37.8782923775,0,0,0,0,-37.7909799325,-27.7067409134,-27.5279857758,0,0,0,0,-11.1773961737,-8.19479199595,0,0,-37.7909799325,-11.1773961737,-27.7067409134,-8.19479199595,0,0,0,0,0,0,-26.6135837588
1.6014e-06,0,0,-37.87597314,0,0,0,0,-37.7859977831,-28.0815433392,-27.9218607443,0,0,0,0,-11.1759226089,-8.30564689327,0,0,-37.7859977831,-11.1759226089,-28.0815433392,-8.30564689327,0,0,0,0,0,0,-26.6100751742
1.6116e-06,0,0,-37.8736539025,0,0,0,0,-37.7810156337,-28.456345765,-28.3159376285,0,0,0,0,-11.1744490441,-8.41650179059,0,0,-37.7810156337,-11.1744490441,-28.456345765,-8.41650179059,0,0,0,0,0,0,-26.6065665896
1.6218e-06,0,0,-37.871334665,0,0,0,0,-37.7782399237,-28.8311481908,-28.7100161171,0,0,0,0,-11.1736280754,-8.52735668791,0,0,-37.7782399237,-11.1736280754,-28.8311481908,-8.52735668791,0,0,0,0,0,0,-26.6046118483
1.632e-06,0,0,-37.8690154275,0,0,0,0,-37.7756074612,-29.2059506166,-29.1040946121,0,0,0,0,-11.1728494749,-8.63821158523,0,0,-37.7756074612,-11.1728494749,-29.2059506166,-8.63821158523,0,0,0,0,0,0,-26.6027579863
1.6422e-06,0,0,-37.86669619,0,0,0,0,-37.7729777001,-29.5807530424,-29.4981731071,0,0,0,0,-11.1720716734,-8.74906648255,0,0,-37.7729777001,-11.1720716734,-29.5807530424,-8.74906648255,0,0,0,0,0,0,-26.6009060267
1.6524e-06,0,0,-37.8643769524,0,0,0,0,-37.7703479635,-29.9555554682,-29.8922516021,0,0,0,0,-11.1712938791,-8.85992137987,0,0,-37.7703479635,-11.1712938791,-29.9555554682,-8.85992137987,0,0,0,0,0,0,-26.5990540844
1.6626e-06,0,0,-37.8620577149,0,0,0,0,-37.7677182269,-30.330357894,-30.2863300971,0,0,0,0,-11.1705160849,-8.97077627719,0,0,-37.7677182269,-11.1705160849,-30.330357894,-8.97077627719,0,0,0,0,0,0,-26.5972021421
1.6728e-06,0,0,-37.8597384774,0,0,0,0,-37.7650884904,-30.7051603198,-30.6804085921,0,0,0,0,-11.1697382906,-9.08163117451,0,0,-37.7650884904,-11.1697382906,-30.7051603198,-9.08163117451,0,0,0,0,0,0,-26.5953501998
1.683e-06,0,0,-37.8574192399,0,0,0,0,-37.7624587539,-31.0799627456,-31.0744870871,0,0,0,0,-11.1689604964,-9.19248607183,0,0,-37.7624587539,-11.1689604964,-31.0799627456,-9.19248607183,0,0,0,0,0,0,-26.5934982576
1.6932e-06,0,0,-37.8551000024,0,0,0,0,-37.7598290174,-31.4661230262,-31.4685655821,0,0,0,0,-11.1681827021,-9.30670026928,0,0,-37.7598290174,-11.1681827021,-31.4661230262,-9.30670026928,0,0,0,0,0,0,-26.5916463153
1.7034e-06,0,0,-37.8527807649,0,0,0,0,-37.7571992809,-31.8565488489,-31.8626440771,0,0,0,0,-11.1674049079,-9.42217608132,0,0,-37.7571992809,-11.1674049079,-31.8565488489,-9.42217608132,0,0,0,0,0,0,-26.589794373
1.7136e-06,0,0,-37.8504615273,0,0,0,0,-37.7545695444,-32.2470736469,-32.2567225721,0,0,0,0,-11.1666271136,-9.53768116722,0,0,-37.7545695444,-11.1666271136,-32.2470736469,-9.53768116722,0,0,0,0,0,0,-26.5879424308
1.7238e-06,0,0,-37.8480262633,0,0,0,0,-37.7519398079,-32.6375994261,-32.6508010671,0,0,0,0,-11.1658493194,-9.65318654333,0,0,-37.7519398079,-11.1658493194,-32.6375994261,-9.65318654333,0,0,0,0,0,0,-26.5860904885
1.734e-06,0,0,-37.8455830004,0,0,0,0,-37.7493100714,-33.0281252106,-33.0448795621,0,0,0,0,-11.1650715251,-9.76869192098,0,0,-37.7493100714,-11.1650715251,-33.0281252106,-9.76869192098,0,0,0,0,0,0,-26.5842385462
1.7442e-06,0,0,-37.8431395651,0,0,0,0,-37.7466803348,-33.4186509951,-33.4389580571,0,0,0,0,-11.1642937309,-9.88419729864,0,0,-37.7466803348,-11.1642937309,-33.4186509951,-9.88419729864,0,0,0,0,0,0,-26.582386604
1.7544e-06,0,0,-37.840696128,0,0,0,0,-37.7440505983,-33.8091767796,-33.8330365521,0,0,0,0,-11.1635159366,-9.9997026763,0,0,-37.7440505983,-11.1635159366,-33.8091767796,-9.9997026763,0,0,0,0,0,0,-26.5805346617
1.7646e-06,0,0,-37.8382526909,0,0,0,0,-37.7414208618,-34.199702564,-34.2271150471,0,0,0,0,-11.1627381424,-10.115208054,0,0,-37.7414208618,-11.1627381424,-34.199702564,-10.115208054,0,0,0,0,0,0,-26.5786827194
1.7748e-06,0,0,-37.8358092538,0,0,0,0,-37.7387911253,-34.5902283485,-34.6211935421,0,0,0,0,-11.1619603481,-10.2307134316,0,0,-37.7387911253,-11.1619603481,-34.5902283485,-10.2307134316,0,0,0,0,0,0,-26.5768307772
1.785e-06,0,0,-37.8333658167,0,0,0,0,-37.7361613888,-34.980754133,-35.0152720371,0,0,0,0,-11.1611825539,-10.3462188093,0,0,-37.7361613888,-11.1611825539,-34.980754133,-10.3462188093,0,0,0,0,0,0,-26.5749788349
1.7952e-06,0,0,-37.8309223795,0,0,0,0,-37.7335316523,-35.3712799175,-35.4042384308,0,0,0,0,-11.1604047596,-10.4617241869,0,0,-37.7335316523,-11.1604047596,-35.3712799175,-10.4617241869,0,0,0,0,0,0,-26.5731268927
1.8054e-06,0,0,-37.8284789424,0,0,0,0,-37.7309019158,-35.761805702,-35.7912643913,0,0,0,0,-11.1596269654,-10.5772295646,0,0,-37.7309019158,-11.1596269654,-35.761805702,-10.5772295646,0,0,0,0,0,0,-26.5712749504
1.8156e-06,0,0,-37.8260355053,0,0,0,0,-37.7282721793,-36.1523314865,-36.1782380901,0,0,0,0,-11.1588491711,-10.6927349423,0,0,-37.7282721793,-11.1588491711,-36.1523314865,-10.6927349423,0,0,0,0,0,0,-26.5694230081
1.8258e-06,0,0,-37.8235920682,0,0,0,0,-37.725795574,-36.542857271,-36.5652111682,0,0,0,0,-11.1581166684,-10.8082403199,0,0,-37.725795574,-11.1581166684,-36.542857271,-10.8082403199,0,0,0,0,0,0,-26.5676789057
1.836e-06,0,0,-37.8211486311,0,0,0,0,-37.7233301409,-36.9333830554,-36.9521842422,0,0,0,0,-11.1573874699,-10.9237456976,0,0,-37.7233301409,-11.1573874699,-36.9333830554,-10.9237456976,0,0,0,0,0,0,-26.565942671
1.8462e-06,0,0,-37.818705194,0,0,0,0,-37.7208649777,-37.3239088399,-37.3391573161,0,0,0,0,-11.1566583513,-11.0392510752,0,0,-37.7208649777,-11.1566583513,-37.3239088399,-11.0392510752,0,0,0,0,0,0,-26.5642066263
1.8564e-06,0,0,-37.8162617569,0,0,0,0,-37.7183998178,-37.7144346244,-37.7261303901,0,0,0,0,-11.1559292337,-11.1547564529,0,0,-37.7183998178,-11.1559292337,-37.7144346244,-11.1547564529,0,0,0,0,0,0,-26.562470584
1.8666e-06,0,0,-37.8138183197,0,0,0,0,-37.7159346579,-38.1049604089,-38.1131034641,0,0,0,0,-11.1552001161,-11.2702618306,0,0,-37.7159346579,-11.1552001161,-38.1049604089,-11.2702618306,0,0,0,0,0,0,-26.5607345418
1.8768e-06,0,0,-37.8113748826,0,0,0,0,-37.713469498,-38.4954861934,-38.500076538,0,0,0,0,-11.1544709985,-11.3857672082,0,0,-37.713469498,-11.1544709985,-38.4954861934,-11.3857672082,0,0,0,0,0,0,-26.5589984995
1.887e-06,0,0,-37.8089314455,0,0,0,0,-37.7110043382,-38.8860119779,-38.887049612,0,0,0,0,-11.1537418809,-11.5012725859,0,0,-37.7110043382,-11.1537418809,-38.8860119779,-11.5012725859,0,0,0,0,0,0,-26.5572624572
1.8972e-06,0,0,-37.8064880084,0,0,0,0,-37.7085391783,-39.274223358,-39.274022686,0,0,0,0,-11.1530127634,-11.6160934347,0,0,-37.7085391783,-11.1530127634,-39.274223358,-11.6160934347,0,0,0,0,0,0,-26.555526415
1.9074e-06,0,0,-37.8040445713,0,0,0,0,-37.7060740184,-39.6615469461,-39.6609957599,0,0,0,0,-11.1522836458,-11.7306517023,0,0,-37.7060740184,-11.1522836458,-39.6615469461,-11.7306517023,0,0,0,0,0,0,-26.5537903727
1.9176e-06,0,0,-37.8016011342,0,0,0,0,-37.7036088586,-40.0488433443,-40.0479688339,0,0,0,0,-11.1515545282,-11.845201928,0,0,-37.7036088586,-11.1515545282,-40.0488433443,-11.845201928,0,0,0,0,0,0,-26.5520543304
1.9278e-06,0,0,-37.7991496446,0,0,0,0,-37.7011436987,-40.4361393664,-40.4349419079,0,0,0,0,-11.1508254106,-11.9597520424,0,0,-37.7011436987,-11.1508254106,-40.4361393664,-11.9597520424,0,0,0,0,0,0,-26.5503182882
1.938e-06,0,0,-37.7966975351,0,0,0,0,-37.6986785388,-40.8234353856,-40.8219149818,0,0,0,0,-11.150096293,-12.074302156,0,0,-37.6986785388,-11.150096293,-40.8234353856,-12.074302156,0,0,0,0,0,0,-26.5485822459
1.9482e-06,0,0,-37.7942454092,0,0,0,0,-37.696213379,-41.2107314047,-41.2088880558,0,0,0,0,-11.1493671754,-12.1888522695,0,0,-37.696213379,-11.1493671754,-41.2107314047,-12.1888522695,0,0,0,0,0,0,-26.5468462036
1.9584e-06,0,0,-37.7917932829,0,0,0,0,-37.6937482191,-41.5980274238,-41.5958611298,0,0,0,0,-11.1486380578,-12.3034023831,0,0,-37.6937482191,-11.1486380578,-41.5980274238,-12.3034023831,0,0,0,0,0,0,-26.5451101613
1.9686e-06,0,0,-37.7893411567,0,0,0,0,-37.6912830592,-41.9853234429,-41.9828342037,0,0,0,0,-11.1479089402,-12.4179524966,0,0,-37.6912830592,-11.1479089402,-41.9853234429,-12.4179524966,0,0,0,0,0,0,-26.5433741191
1.9788e-06,0,0,-37.7868890305,0,0,0,0,-37.6888178994,-42.3726194621,-42.3698072777,0,0,0,0,-11.1471798226,-12.5325026101,0,0,-37.6888178994,-11.1471798226,-42.3726194621,-12.5325026101,0,0,0,0,0,0,-26.5416380768
1.989e-06,0,0,-37.7844369043,0,0,0,0,-37.6863527395,-42.7599154812,-42.7567803517,0,0,0,0,-11.146450705,-12.6470527237,0,0,-37.6863527395,-11.146450705,-42.7599154812,-12.6470527237,0,0,0,0,0,0,-26.5399020345
1.9992e-06,0,0,-37.7819847781,0,0,0,0,-37.6838875796,-43.1472115003,-43.1442144095,0,0,0,0,-11.1457215874,-12.7616028372,0,0,-37.6838875796,-11.1457215874,-43.1472115003,-12.7616028372,0,0,0,0,0,0,-26.5381659923
2.0094e-06,0,0,-37.7795326519,0,0,0,0,-37.6814224198,-43.5345075194,-43.53182715,0,0,0,0,-11.1449924698,-12.8761529508,0,0,-37.6814224198,-11.1449924698,-43.5345075194,-12.8761529508,0,0,0,0,0,0,-26.53642995
2.0196e-06,0,0,-37.7770805256,0,0,0,0,-37.6789572599,-43.9218035386,-43.9194460167,0,0,0,0,-11.1442633522,-12.9907030643,0,0,-37.6789572599,-11.1442633522,-43.9218035386,-12.9907030643,0,0,0,0,0,0,-26.5346939077
2.0298e-06,0,0,-37.7746283994,0,0,0,0,-37.6765027276,-44.3090995577,-44.3070649801,0,0,0,0,-11.1435373779,-13.1052531779,0,0,-37.6765027276,-11.1435373779,-44.3090995577,-13.1052531779,0,0,0,0,0,0,-26.5329653497
2.04e-06,0,0,-37.7721762732,0,0,0,0,-37.6740490562,-44.6963955768,-44.6946839444,0,0,0,0,-11.1428116582,-13.2198032914,0,0,-37.6740490562,-11.1428116582,-44.6963955768,-13.2198032914,0,0,0,0,0,0,-26.5312373979
2.0502e-06,0,0,-37.769724147,0,0,0,0,-37.6715954098,-45.0836915959,-45.0823029087,0,0,0,0,-11.142085946,-13.334353405,0,0,-37.6715954098,-11.142085946,-45.0836915959,-13.334353405,0,0,0,0,0,0,-26.5295094638
2.0604e-06,0,0,-37.7672720208,0,0,0,0,-37.6691417638,-45.4709876151,-45.4699218729,0,0,0,0,-11.1413602338,-13.4489035185,0,0,-37.6691417638,-11.1413602338,-45.4709876151,-13.4489035185,0,0,0,0,0,0,-26.52778153
2.0706e-06,0,0,-37.7648198946,0,0,0,0,-37.6666881179,-45.8582836342,-45.8575408372,0,0,0,0,-11.1406345217,-13.563453632,0,0,-37.6666881179,-11.1406345217,-45.8582836342,-13.563453632,0,0,0,0,0,0,-26.5260535962
2.0808e-06,0,0,-37.7623677683,0,0,0,0,-37.6642344719,-45.8856727701,-46.2451598015,0,0,0,0,-11.1399088095,-13.5715544864,0,0,-37.6642344719,-11.1399088095,-45.8856727701,-13.5715544864,0,0,0,0,0,0,-26.5243256624
2.091e-06,0,0,-37.7599156421,0,0,0,0,-37.661780826,-45.7718815842,-46.6327787658,0,0,0,0,-11.1391830974,-13.5378985937,0,0,-37.661780826,-11.1391830974,-45.7718815842,-13.5378985937,0,0,0,0,0,0,-26.5225977286
2.1012e-06,0,0,-37.7574635159,0,0,0,0,-37.65932718,-45.6531257918,-47.0203977301,0,0,0,0,-11.1384573853,-13.5027743248,0,0,-37.65932718,-11.1384573853,-45.6531257918,-13.5027743248,0,0,0,0,0,0,-26.5208697948
2.1114e-06,0,0,-37.7550113897,0,0,0,0,-37.6568735341,-45.534447644,-47.4080166943,0,0,0,0,-11.1377316731,-13.4676730208,0,0,-37.6568735341,-11.1377316731,-45.534447644,-13.4676730208,0,0,0,0,0,0,-26.5191418609
2.1216e-06,0,0,-37.7525592635,0,0,0,0,-37.6544198881,-45.4157724398,-47.7956356586,0,0,0,0,-11.137005961,-13.4325725874,0,0,-37.6544198881,-11.137005961,-45.4157724398,-13.4325725874,0,0,0,0,0,0,-26.5174139271
2.1318e-06,0,0,-37.7501065784,0,0,0,0,-37.6519662421,-45.2970972877,-48.1832546229,0,0,0,0,-11.1362802488,-13.3974721695,0,0,-37.6519662421,-11.1362802488,-45.2970972877,-13.3974721695,0,0,0,0,0,0,-26.5156859933
2.142e-06,0,0,-37.7476538458,0,0,0,0,-37.6495125962,-45.1784221362,-48.5708735872,0,0,0,0,-11.1355545367,-13.3623717517,0,0,-37.6495125962,-11.1355545367,-45.1784221362,-13.3623717517,0,0,0,0,0,0,-26.5139580595
2.1522e-06,0,0,-37.7452011117,0,0,0,0,-37.4037376569,-45.0597469846,-48.9584925515,-0.153777039714,0,0,0,-11.0628619558,-13.3272713339,-0.0454824642908,0,-37.4037376569,-11.0628619558,-45.0597469846,-13.3272713339,-0.153777039714,-0.0454824642908,0,0,0,0,-26.3408757011
2.1624e-06,0,0,-37.7427483776,0,0,0,0,-36.9869308677,-44.9410718331,-49.3461115158,-0.415644790332,0,0,0,-10.9395834746,-13.2921709161,-0.122934798128,0,-36.9869308677,-10.9395834746,-44.9410718331,-13.2921709161,-0.415644790332,-0.122934798128,0,0,0,0,-26.0473473932
2.1726e-06,0,0,-37.7402956435,0,0,0,0,-36.540069276,-44.8223966816,-49.73373048,-0.696506926923,0,0,0,-10.8074157177,-13.2570704983,-0.206005080414,0,-36.540069276,-10.8074157177,-44.8223966816,-13.2570704983,-0.696506926923,-0.206005080414,0,0,0,0,-25.7326535583
2.1828e-06,0,0,-37.7378429094,0,0,0,0,-36.0932076843,-44.70372153,-49.4044160852,-0.977369063513,0,0,0,-10.6752479609,-13.2219700805,-0.2890753627,0,-36.0932076843,-10.6752479609,-44.70372153,-13.2219700805,-0.977369063513,-0.2890753627,0,0,0,0,-25.4179597234
2.193e-06,0,0,-37.7353901753,0,0,0,0,-35.6463460926,-44.5850463785,-48.7909905339,-1.2582312001,0,0,0,-10.5430802041,-13.1868696627,-0.372145644986,0,-35.6463460926,-10.5430802041,-44.5850463785,-13.1868696627,-1.2582312001,-0.372145644986,0,0,0,0,-25.1032658885
2.2032e-06,0,0,-37.7329374412,0,0,0,0,-35.1994845009,-44.466371227,-48.166088306,-1.53909333669,0,0,0,-10.4109124473,-13.1517692449,-0.455215927272,0,-35.1994845009,-10.4109124473,-44.466371227,-13.1517692449,-1.53909333669,-0.455215927272,0,0,0,0,-24.7885720536
2.2134e-06,0,0,-37.7304847071,0,0,0,0,-34.7526229092,-44.3476960754,-47.5411200831,-1.81995547329,0,0,0,-10.2787446905,-13.1166688271,-0.538286209558,0,-34.7526229092,-10.2787446905,-44.3476960754,-13.1166688271,-1.81995547329,-0.538286209558,0,0,0,0,-24.4738782187
2.2236e-06,0,0,-37.7280319729,0,0,0,0,-34.3057613175,-44.2290209239,-46.9161508361,-2.10081760988,0,0,0,-10.1465769337,-13.0815684093,-0.621356491844,0,-34.3057613175,-10.1465769337,-44.2290209239,-13.0815684093,-2.10081760988,-0.621356491844,0,0,0,0,-24.1591843838
2.2338e-06,0,0,-37.7255792388,0,0,0,0,-33.8589004634,-44.1103457724,-46.291181569,-2.38167974647,0,0,0,-10.014409395,-13.0464679915,-0.70442677413,0,-33.8589004634,-10.014409395,-44.1103457724,-13.0464679915,-2.38167974647,-0.70442677413,0,0,0,0,-23.8444910683
2.244e-06,0,0,-37.7231265047,0,0,0,0,-33.4120396749,-43.9916706208,-45.6662123016,-2.66254188306,0,0,0,-9.88224187581,-13.0113675737,-0.787497056416,0,-33.4120396749,-9.88224187581,-43.9916706208,-13.0113675737,-2.66254188306,-0.787497056416,0,0,0,0,-23.5297977991
2.2542e-06,0,0,-37.6237347231,0,0,0,0,-32.9651788887,-43.8729954693,-45.0412430343,-2.94340401965,-0.306323370826,0,0,-9.75007435724,-12.9762671559,-0.870567338703,0,-32.9651788887,-9.75007435724,-43.8729954693,-12.9762671559,-2.94340401965,-0.870567338703,0,0,0,0,-23.2151045314
2.2644e-06,0,0,-37.4558144922,0,0,0,0,-32.5183181025,-43.7543203178,-44.416273767,-3.22426615624,-0.829193800347,0,0,-9.61790683868,-12.9411667381,-0.953637620989,0,-32.5183181025,-9.61790683868,-43.7543203178,-12.9411667381,-3.22426615624,-0.953637620989,0,0,0,0,-22.9004112638
2.2746e-06,0,0,-37.2756466867,0,0,0,0,-32.0714573163,-43.6356451662,-43.7913044996,-3.50512829283,-1.39076605763,0,0,-9.48573932012,-12.9060663203,-1.03670790327,0,-32.0714573163,-9.48573932012,-43.6356451662,-12.9060663203,-3.50512829283,-1.03670790327,0,0,0,0,-22.5857179962
2.2848e-06,0,0,-37.0954307743,0,0,0,0,-31.6245965301,-43.3908092887,-43.1663352323,-3.78599042942,-1.95249033082,0,0,-9.35357180156,-12.8336514846,-1.11977818556,0,-31.6245965301,-9.35357180156,-43.3908092887,-12.8336514846,-3.78599042942,-1.11977818556,0,0,0,0,-22.2710247286
2.295e-06,0,0,-36.9152148619,0,0,0,0,-31.1777357439,-43.0954707201,-42.5413659649,-4.06685256601,-2.514214604,0,0,-9.221404283,-12.7462995241,-1.20284846785,0,-31.1777357439,-9.221404283,-43.0954707201,-12.7462995241,-4.06685256601,-1.20284846785,0,0,0,0,-21.9563314609
2.3052e-06,0,0,-36.7349989495,0,0,0,0,-30.7308749578,-42.7978949246,-41.9163966976,-4.3477147026,-3.07593887718,0,0,-9.08923676444,-12.6582858615,-1.28591875013,0,-30.7308749578,-9.08923676444,-42.7978949246,-12.6582858615,-4.3477147026,-1.28591875013,0,0,0,0,-21.6416381933
2.3154e-06,0,0,-36.5547830371,0,0,0,0,-30.2840141716,-42.5002926963,-41.2914274302,-4.62857683919,-3.63766315036,0,0,-8.95706924588,-12.5702643809,-1.36898903242,0,-30.2840141716,-8.95706924588,-42.5002926963,-12.5702643809,-4.62857683919,-1.36898903242,0,0,0,0,-21.3269449257
2.3256e-06,0,0,-36.3745671246,0,0,0,0,-29.8371533854,-42.202689939,-40.6664581629,-4.90943897578,-4.19938742354,0,0,-8.82490172732,-12.4822427438,-1.4520593147,0,-29.8371533854,-8.82490172732,-42.202689939,-12.4822427438,-4.90943897578,-1.4520593147,0,0,0,0,-21.0122516581
2.3358e-06,0,0,-36.1943511735,0,0,0,0,-29.3902925992,-41.905087171,-40.0414888955,-5.19030111237,-4.76111169672,0,0,-8.69273420876,-12.3942211035,-1.53512959699,0,-29.3902925992,-8.69273420876,-41.905087171,-12.3942211035,-5.19030111237,-1.53512959699,0,0,0,0,-20.6975583905
2.346e-06,0,0,-36.0141352186,0,0,0,0,-28.943431813,-41.6074844027,-39.4165196282,-5.47116324896,-5.3228359699,0,0,-8.5605666902,-12.3061994632,-1.61819987928,0,-28.943431813,-8.5605666902,-41.6074844027,-12.3061994632,-5.47116324896,-1.61819987928,0,0,0,0,-20.3828651228
2.3562e-06,0,0,-35.8339192637,0,0,0,0,-29.0219732814,-41.3098816345,-38.7915503608,-5.9406913532,-5.88456024308,0,0,-8.58379681308,-12.2181778229,-1.75707168533,0,-29.0219732814,-8.58379681308,-41.3098816345,-12.2181778229,-5.9406913532,-1.75707168533,0,0,0,0,-20.4381764683
2.3664e-06,0,0,-35.6537033088,0,0,0,0,-29.4740446231,-41.0122788663,-38.1665810935,-6.54434978216,-6.44628451627,0,0,-8.71750545188,-12.1301561826,-1.9356150686,0,-29.4740446231,-8.71750545188,-41.0122788663,-12.1301561826,-6.54434978216,-1.9356150686,0,0,0,0,-20.7565391713
2.3766e-06,0,0,-35.4734873538,0,0,0,0,-29.9939891279,-40.7146760981,-37.5416118261,-7.1723806912,-7.00800878945,0,0,-8.87128886074,-12.0421345423,-2.12136707323,0,-29.9939891279,-8.87128886074,-40.7146760981,-12.0421345423,-7.1723806912,-2.12136707323,0,0,0,0,-21.1227002672
2.3868e-06,0,0,-35.2932713989,0,0,0,0,-30.5144610657,-40.4170733298,-37.3765378738,-7.80060099544,-7.56973306263,0,0,-9.02522826789,-11.9541129019,-2.30717509508,0,-30.5144610657,-9.02522826789,-40.4170733298,-11.9541129019,-7.80060099544,-2.30717509508,0,0,0,0,-21.4892327979
2.397e-06,0,0,-35.1130554439,0,0,0,0,-31.0349340511,-40.1194705616,-37.3974097415,-8.42882167584,-8.13145733581,0,0,-9.17916798487,-11.8660912616,-2.49298322818,0,-31.0349340511,-9.17916798487,-40.1194705616,-11.8660912616,-8.42882167584,-2.49298322818,0,0,0,0,-21.8557660663
2.4072e-06,0,0,-34.932839489,0,0,0,0,-31.5554070365,-39.8218677934,-37.4270820677,-9.05704235625,-8.69318160899,0,0,-9.33310770186,-11.7780696213,-2.67879136128,0,-31.5554070365,-9.33310770186,-39.8218677934,-11.7780696213,-9.05704235625,-2.67879136128,0,0,0,0,-22.2222993347
2.4174e-06,0,0,-34.7526235341,0,0,0,0,-32.0758800219,-39.5242650252,-37.4568453347,-9.68526303665,-9.25490588217,0,0,-9.48704741884,-11.690047981,-2.86459949438,0,-32.0758800219,-9.48704741884,-39.5242650252,-11.690047981,-9.68526303665,-2.86459949438,0,0,0,0,-22.588832603
2.4276e-06,0,0,-34.5724075791,0,0,0,0,-32.5963530073,-39.226662257,-37.4866090621,-10.3134837171,-9.81663015535,0,0,-9.64098713582,-11.6020263407,-3.05040762749,0,-32.5963530073,-9.64098713582,-39.226662257,-11.6020263407,-10.3134837171,-3.05040762749,0,0,0,0,-22.9553658714
2.4378e-06,0,0,-34.3921916242,0,0,0,0,-33.1168260438,-38.9290594887,-37.5163727929,-10.9417043975,-10.3783544285,0,0,-9.79492686794,-11.5140047004,-3.23621576059,0,-33.1168260438,-9.79492686794,-38.9290594887,-11.5140047004,-10.9417043975,-3.23621576059,0,0,0,0,-23.3218991759
2.448e-06,0,0,-34.2119756692,0,0,0,0,-33.6372990854,-38.6314567205,-37.5461365238,-11.5699250779,-10.9400787017,0,0,-9.94886660153,-11.4259830601,-3.42202389369,0,-33.6372990854,-9.94886660153,-38.6314567205,-11.4259830601,-11.5699250779,-3.42202389369,0,0,0,0,-23.6884324838
2.4582e-06,0,0,-34.1833807699,0,0,0,0,-34.1577721271,-38.3338539523,-37.5759002547,-12.1981457583,-11.5737482701,0,0,-10.1028063352,-11.3379614197,-3.60783202679,0,-34.1577721271,-10.1028063352,-38.3338539523,-11.3379614197,-12.1981457583,-3.60783202679,0,0,0,0,-24.0549657919
2.4684e-06,0,0,-34.2631886222,0,0,0,0,-34.6782451688,-38.0362511841,-37.6056639856,-12.8263664387,-12.2588557338,0,0,-10.2567460688,-11.2499397794,-3.79364015989,0,-34.6782451688,-10.2567460688,-38.0362511841,-11.2499397794,-12.8263664387,-3.79364015989,0,0,0,0,-24.4214991
2.4786e-06,0,0,-34.3630164529,0,0,0,0,-35.1987182106,-37.7386484159,-37.6354277166,-13.4545871191,-12.9534628231,0,0,-10.4106858025,-11.1619181391,-3.979448293,0,-35.1987182106,-10.4106858025,-37.7386484159,-11.1619181391,-13.4545871191,-3.979448293,0,0,0,0,-24.7880324081
2.4888e-06,0,0,-34.4630751846,0,0,0,0,-35.7191912523,-37.6565019502,-37.6651914475,-14.0828077995,-13.6481794765,0,0,-10.5646255361,-11.1376217702,-4.1652564261,0,-35.7191912523,-10.5646255361,-37.6565019502,-11.1376217702,-14.0828077995,-4.1652564261,0,0,0,0,-25.1545657162
2.499e-06,0,0,-34.5631348301,0,0,0,0,-36.239664294,-37.6623348541,-37.6949551784,-14.7110284799,-14.3428965636,0,0,-10.7185652698,-11.1393469617,-4.3510645592,0,-36.239664294,-10.7185652698,-37.6623348541,-11.1393469617,-14.7110284799,-4.3510645592,0,0,0,0,-25.5210990243
2.5092e-06,0,0,-34.6631944768,0,0,0,0,-36.7601373358,-37.6726404688,-37.7247189093,-15.3392491603,-15.0376136512,0,0,-10.8725050034,-11.1423950419,-4.5368726923,0,-36.7601373358,-10.8725050034,-37.6726404688,-11.1423950419,-15.3392491603,-4.5368726923,0,0,0,0,-25.8876323323
2.5194e-06,0,0,-34.7632541235,0,0,0,0,-37.2806103775,-37.6830051673,-37.7544826402,-15.9674698407,-15.7323307388,0,0,-11.0264447371,-11.1454605973,-4.7226808254,0,-37.2806103775,-11.0264447371,-37.6830051673,-11.1454605973,-15.9674698407,-4.7226808254,0,0,0,0,-26.2541656404
2.5296e-06,0,0,-34.8633137702,0,0,0,0,-37.8010834192,-37.6933702482,-37.7842463711,-16.5956905211,-16.4270478264,0,0,-11.1803844707,-11.1485262657,-4.90848895851,0,-37.8010834192,-11.1803844707,-37.6933702482,-11.1485262657,-16.5956905211,-4.90848895851,0,0,0,0,-26.6206989485
2.5398e-06,0,0,-34.9633734142,0,0,0,0,-38.321556461,-37.7037353314,-37.814010102,-17.2239112015,-17.1217649141,0,0,-11.3343242044,-11.1515919349,-5.09429709161,0,-38.321556461,-11.3343242044,-37.7037353314,-11.1515919349,-17.2239112015,-5.09429709161,0,0,0,0,-26.9872322566
2.55e-06,0,0,-35.063433058,0,0,0,0,-38.8420295027,-37.7141004147,-37.8437738329,-17.8521318819,-17.8164820017,0,0,-11.488263938,-11.1546576041,-5.28010522471,0,-38.8420295027,-11.488263938,-37.7141004147,-11.1546576041,-17.8521318819,-5.28010522471,0,0,0,0,-27.3537655647
2.5602e-06,0,0,-35.1634927017,0,0,0,0,-38.9983806953,-37.724465498,-37.8735375638,-18.4199457984,-18.5111990893,0,0,-11.5345077567,-11.1577232732,-5.44804691632,0,-38.9983806953,-11.5345077567,-37.724465498,-11.1577232732,-18.4199457984,-5.44804691632,0,0,0,0,-27.4638729387
2.5704e-06,0,0,-35.2635523454,0,0,0,0,-38.8929369786,-37.7348305813,-37.9033012947,-18.9443286949,-19.2059161769,0,0,-11.5033207856,-11.1607889424,-5.60314306338,0,-38.8929369786,-11.5033207856,-37.7348305813,-11.1607889424,-18.9443286949,-5.60314306338,0,0,0,0,-27.3896161929
2.5806e-06,0,0,-35.3636119892,0,0,0,0,-38.7383688408,-37.7451956646,-37.9330650256,-19.4605619917,-19.9006332646,0,0,-11.4576043392,-11.1638546116,-5.75582881239,0,-38.7383688408,-11.4576043392,-37.7451956646,-11.1638546116,-19.4605619917,-5.75582881239,0,0,0,0,-27.2807645016
2.5908e-06,0,0,-35.4636716329,0,0,0,0,-38.5830530246,-37.7555607479,-37.935794977,-19.9766712509,-20.5953503522,0,0,-11.4116667527,-11.1669202808,-5.90847787492,0,-38.5830530246,-11.4116667527,-37.7555607479,-11.1669202808,-19.9766712509,-5.90847787492,0,0,0,0,-27.1713862719
2.601e-06,0,0,-35.5637312766,0,0,0,0,-38.427732786,-37.7659258312,-37.9273773491,-20.4927797764,-21.2900674398,0,0,-11.3657278581,-11.16998595,-6.06112672045,0,-38.427732786,-11.3657278581,-37.7659258312,-11.16998595,-20.4927797764,-6.06112672045,0,0,0,0,-27.0620049278
2.6112e-06,0,0,-35.6637909203,0,0,0,0,-38.2724125356,-37.7762909145,-37.9183537246,-21.0088883,-21.9847845274,0,0,-11.3197889602,-11.1730516191,-6.2137755654,0,-38.2724125356,-11.3197889602,-37.7762909145,-11.1730516191,-21.0088883,-6.2137755654,0,0,0,0,-26.9526235755
2.6214e-06,0,0,-35.7638505641,0,0,0,0,-38.1170922853,-37.7866559978,-37.909320249,-21.5249968235,-22.679501615,0,0,-11.2738500622,-11.1761172883,-6.36642441035,0,-38.1170922853,-11.2738500622,-37.7866559978,-11.1761172883,-21.5249968235,-6.36642441035,0,0,0,0,-26.8432422231
2.6316e-06,0,0,-35.8639102078,0,0,0,0,-37.9617720349,-37.7970210811,-37.9002866855,-22.0411053471,-23.3742187027,0,0,-11.2279111642,-11.1791829575,-6.51907325531,0,-37.9617720349,-11.2279111642,-37.7970210811,-11.1791829575,-22.0411053471,-6.51907325531,0,0,0,0,-26.7338608707
2.6418e-06,0,0,-35.9639698515,0,0,0,0,-37.8064517881,-37.8073861644,-37.8912531212,-22.5572138706,-24.0689357903,0,0,-11.1819722672,-11.1822486267,-6.67172210026,0,-37.8064517881,-11.1819722672,-37.8073861644,-11.1822486267,-22.5572138706,-6.67172210026,0,0,0,0,-26.6244795209
2.652e-06,0,0,-36.0640294953,0,0,0,0,-37.6511315417,-37.8177512477,-37.8822195569,-23.0733223942,-24.7636528779,0,0,-11.1360333704,-11.1853142958,-6.82437094521,0,-37.6511315417,-11.1360333704,-37.8177512477,-11.1853142958,-23.0733223942,-6.82437094521,0,0,0,0,-26.5150981713
2.6622e-06,0,0,-36.1092692452,0,0,0,0,-37.4958112952,-37.828116331,-37.8731859926,-23.5894309177,-25.2666692305,0,0,-11.0900944736,-11.188379965,-6.97701979016,0,-37.4958112952,-11.0900944736,-37.828116331,-11.188379965,-23.5894309177,-6.97701979016,0,0,0,0,-26.4057168217
2.6724e-06,0,0,-36.1148745527,0,0,0,0,-37.3404910488,-37.8384814143,-37.8641524283,-24.1055394412,-25.6310871433,0,0,-11.0441555768,-11.1914456342,-7.12966863512,0,-37.3404910488,-11.0441555768,-37.8384814143,-11.1914456342,-24.1055394412,-7.12966863512,0,0,0,0,-26.2963354721
2.6826e-06,0,0,-36.1129256431,0,0,0,0,-37.1851708024,-37.8488464976,-37.8551188639,-24.6216479648,-25.9690885696,0,0,-10.9982166799,-11.1945113034,-7.28231748007,0,-37.1851708024,-10.9982166799,-37.8488464976,-11.1945113034,-24.6216479648,-7.28231748007,0,0,0,0,-26.1869541225
2.6928e-06,0,0,-36.1108344535,0,0,0,0,-37.029850556,-37.8482300659,-37.8460852996,-25.1377564883,-26.3065924545,0,0,-10.9522777831,-11.1943289821,-7.43496632502,0,-37.029850556,-10.9522777831,-37.8482300659,-11.1943289821,-25.1377564883,-7.43496632502,0,0,0,0,-26.0775727729
2.703e-06,0,0,-36.1087421458,0,0,0,0,-36.8745303096,-37.843041205,-37.8370517353,-25.6538650119,-26.6440924295,0,0,-10.9063388863,-11.1927942784,-7.58761516997,0,-36.8745303096,-10.9063388863,-37.843041205,-11.1927942784,-25.6538650119,-7.58761516997,0,0,0,0,-25.9681914233
2.7132e-06,0,0,-36.1066498337,0,0,0,0,-36.7192100631,-37.8375879575,-37.828018171,-26.1699735354,-26.981592389,0,0,-10.8603999895,-11.1911813775,-7.74026401493,0,-36.7192100631,-10.8603999895,-37.8375879575,-11.1911813775,-26.1699735354,-7.74026401493,0,0,0,0,-25.8588100737
2.7234e-06,0,0,-36.1045575216,0,0,0,0,-36.5638898167,-37.8321297074,-37.8189846067,-26.686082059,-27.3190923485,0,0,-10.8144610926,-11.1895669969,-7.89291285988,0,-36.5638898167,-10.8144610926,-37.8321297074,-11.1895669969,-26.686082059,-7.89291285988,0,0,0,0,-25.7494287241
2.7336e-06,0,0,-36.1024652094,0,0,0,0,-36.4085695703,-37.8266714048,-37.8099510424,-27.2021905825,-27.656592308,0,0,-10.7685221958,-11.1879526008,-8.04556170483,0,-36.4085695703,-10.7685221958,-37.8266714048,-11.1879526008,-27.2021905825,-8.04556170483,0,0,0,0,-25.6400473745
2.7438e-06,0,0,-36.1003728971,0,0,0,0,-36.2532493239,-37.8212131017,-37.8009174781,-27.7182991061,-27.9940922674,0,0,-10.722583299,-11.1863382046,-8.19821054978,0,-36.2532493239,-10.722583299,-37.8212131017,-11.1863382046,-27.7182991061,-8.19821054978,0,0,0,0,-25.5306660249
2.754e-06,0,0,-36.0982805848,0,0,0,0,-36.0979290775,-37.8157547987,-37.7918839137,-28.2344076296,-28.3315922269,0,0,-10.6766444022,-11.1847238083,-8.35085939474,0,-36.0979290775,-10.6766444022,-37.8157547987,-11.1847238083,-28.2344076296,-8.35085939474,0,0,0,0,-25.4212846753
2.7642e-06,0,0,-36.0961882725,0,0,0,0,-36.025739158,-37.8102964956,-37.7828503494,-28.6708729558,-28.6690921864,0,0,-10.6552928698,-11.1831094121,-8.47995225962,0,-36.025739158,-10.6552928698,-37.8102964956,-11.1831094121,-28.6708729558,-8.47995225962,0,0,0,0,-25.3704462882
2.7744e-06,0,0,-36.0940959601,0,0,0,0,-36.0139859392,-37.8048381925,-37.7738167851,-29.0494367645,-29.0065921459,0,0,-10.6518166334,-11.1814950159,-8.59191965699,0,-36.0139859392,-10.6518166334,-37.8048381925,-11.1814950159,-29.0494367645,-8.59191965699,0,0,0,0,-25.3621693058
2.7846e-06,0,0,-36.0920036478,0,0,0,0,-36.013929607,-37.7993798894,-37.7647832208,-29.4167943445,-29.3440921053,0,0,-10.651799972,-11.1798806196,-8.70057260055,0,-36.013929607,-10.651799972,-37.7993798894,-11.1798806196,-29.4167943445,-8.70057260055,0,0,0,0,-25.362129635
2.7948e-06,0,0,-36.0899113355,0,0,0,0,-36.0141350561,-37.7939215863,-37.7606923695,-29.7839011245,-29.6815920648,0,0,-10.6518607375,-11.1782662234,-8.80915136524,0,-36.0141350561,-10.6518607375,-37.7939215863,-11.1782662234,-29.7839011245,-8.80915136524,0,0,0,0,-25.3622743186
2.805e-06,0,0,-36.0878190232,0,0,0,0,-36.0143430674,-37.7884632833,-37.7586793989,-30.1510054496,-30.0190920243,0,0,-10.6519222608,-11.1766518271,-8.91772940387,0,-36.0143430674,-10.6519222608,-37.7884632833,-11.1766518271,-30.1510054496,-8.91772940387,0,0,0,0,-25.3624208066
2.8152e-06,0,0,-36.0857267108,0,0,0,0,-36.0145510923,-37.7830049802,-37.7567936256,-30.5181097618,-30.3565919838,0,0,-10.6519837881,-11.1750374309,-9.02630743867,0,-36.0145510923,-10.6519837881,-37.7830049802,-11.1750374309,-30.5181097618,-9.02630743867,0,0,0,0,-25.3625673042
2.8254e-06,0,0,-36.0836343985,0,0,0,0,-36.0147591172,-37.7775466771,-37.7549105527,-30.8852140739,-30.6940919432,0,0,-10.6520453154,-11.1734230346,-9.13488547345,0,-36.0147591172,-10.6520453154,-37.7775466771,-11.1734230346,-30.8852140739,-9.13488547345,0,0,0,0,-25.3627138019
2.8356e-06,0,0,-36.0815420862,0,0,0,0,-36.0149671422,-37.772088374,-37.7530275106,-31.252318386,-31.0315919027,0,0,-10.6521068427,-11.1718086384,-9.24346350823,0,-36.0149671422,-10.6521068427,-37.772088374,-11.1718086384,-31.252318386,-9.24346350823,0,0,0,0,-25.3628602995
2.8458e-06,0,0,-36.0794497738,0,0,0,0,-36.0151751673,-37.7666300709,-37.7511444687,-31.6194226981,-31.3690918622,0,0,-10.65216837,-11.1701942422,-9.35204154302,0,-36.0151751673,-10.65216837,-37.7666300709,-11.1701942422,-31.6194226981,-9.35204154302,0,0,0,0,-25.3630067973
2.856e-06,0,0,-36.0773574615,0,0,0,0,-36.0153831925,-37.7611717678,-37.7492614269,-31.9865270103,-31.7065918217,0,0,-10.6522298974,-11.1685798459,-9.4606195778,0,-36.0153831925,-10.6522298974,-37.7611717678,-11.1685798459,-31.9865270103,-9.4606195778,0,0,0,0,-25.3631532951
2.8662e-06,0,0,-36.0757549961,0,0,0,0,-36.0155912178,-37.7557134648,-37.7473783851,-32.3536313224,-32.0756123719,0,0,-10.6522914248,-11.1669654497,-9.56919761258,0,-36.0155912178,-10.6522914248,-37.7557134648,-11.1669654497,-32.3536313224,-9.56919761258,0,0,0,0,-25.3632997929
2.8764e-06,0,0,-36.074510623,0,0,0,0,-36.015799243,-37.7502551617,-37.7454953432,-32.7207356345,-32.4676753925,0,0,-10.6523529522,-11.1653510534,-9.67777564737,0,-36.015799243,-10.6523529522,-37.7502551617,-11.1653510534,-32.7207356345,-9.67777564737,0,0,0,0,-25.3634462908
2.8866e-06,0,0,-36.0733366048,0,0,0,0,-36.0160072682,-37.7447968586,-37.7436123014,-33.0878399466,-32.8642655992,0,0,-10.6524144796,-11.1637366572,-9.78635368215,0,-36.0160072682,-10.6524144796,-37.7447968586,-11.1637366572,-33.0878399466,-9.78635368215,0,0,0,0,-25.3635927886
2.8968e-06,0,0,-36.072164406,0,0,0,0,-36.0162152934,-37.7415762727,-37.7417292595,-33.4549442587,-33.2609728846,0,0,-10.652476007,-11.1627841081,-9.89493171693,0,-36.0162152934,-10.652476007,-37.7415762727,-11.1627841081,-33.4549442587,-9.89493171693,0,0,0,0,-25.3637392864
2.907e-06,0,0,-36.0709922286,0,0,0,0,-36.0164233186,-37.7393053972,-37.7398462177,-33.8220485708,-33.6576815402,0,0,-10.6525375343,-11.1621124538,-10.0035097517,0,-36.0164233186,-10.6525375343,-37.7393053972,-11.1621124538,-33.8220485708,-10.0035097517,0,0,0,0,-25.3638857842
2.9172e-06,0,0,-36.0698200513,0,0,0,0,-36.0166313438,-37.7370958862,-37.7379631758,-34.189152883,-34.054390205,0,0,-10.6525990617,-11.1614589491,-10.1120877865,0,-36.0166313438,-10.6525990617,-37.7370958862,-11.1614589491,-34.189152883,-10.1120877865,0,0,0,0,-25.3640322821
2.9274e-06,0,0,-36.068647874,0,0,0,0,-36.016839369,-37.7348878284,-37.736080134,-34.5562571951,-34.4510988697,0,0,-10.6526605891,-11.1608058743,-10.2206658213,0,-36.016839369,-10.6526605891,-37.7348878284,-11.1608058743,-34.5562571951,-10.2206658213,0,0,0,0,-25.3641787799
2.9376e-06,0,0,-36.0674756967,0,0,0,0,-36.0170473942,-37.7326797895,-37.7341970921,-34.9233615072,-34.8478075345,0,0,-10.6527221165,-11.1601528051,-10.3292438561,0,-36.0170473942,-10.6527221165,-37.7326797895,-11.1601528051,-34.9233615072,-10.3292438561,0,0,0,0,-25.3643252777
2.9478e-06,0,0,-36.0663035194,0,0,0,0,-36.0172554194,-37.7304717508,-37.7323140503,-35.2904658193,-35.2445161992,0,0,-10.6527836439,-11.159499736,-10.4378218908,0,-36.0172554194,-10.6527836439,-37.7304717508,-11.159499736,-35.2904658193,-10.4378218908,0,0,0,0,-25.3644717755
2.958e-06,0,0,-36.065131342,0,0,0,0,-36.0174634446,-37.7282637121,-37.7304310084,-35.6575701314,-35.641224864,0,0,-10.6528451713,-11.1588466668,-10.5463999256,0,-36.0174634446,-10.6528451713,-37.7282637121,-11.1588466668,-35.6575701314,-10.5463999256,0,0,0,0,-25.3646182734
2.9682e-06,0,0,-36.0639591647,0,0,0,0,-36.0152095845,-37.7260556734,-37.7285479666,-36.0375852481,-36.0379335288,0,0,-10.6521785496,-11.1581935976,-10.6587965747,0,-36.0152095845,-10.6521785496,-37.7260556734,-11.1581935976,-36.0375852481,-10.6587965747,0,0,0,0,-25.3630310349
2.9784e-06,0,0,-36.0627869874,0,0,0,0,-36.0111461234,-37.7238476347,-37.7266649247,-36.4270904106,-36.4346421935,0,0,-10.6509767042,-11.1575405285,-10.7740000842,0,-36.0111461234,-10.6509767042,-37.7238476347,-11.1575405285,-36.4270904106,-10.7740000842,0,0,0,0,-25.3601694192
2.9886e-06,0,0,-36.0616148101,0,0,0,0,-36.0067218402,-37.7216395959,-37.7247818829,-36.8184878238,-36.8313508583,0,0,-10.6496681388,-11.1568874593,-10.8897632625,0,-36.0067218402,-10.6496681388,-37.7216395959,-11.1568874593,-36.8184878238,-10.8897632625,0,0,0,0,-25.3570537013
2.9988e-06,0,0,-36.0604426328,0,0,0,0,-36.002286992,-37.7194315572,-37.7224531318,-37.2099406424,-37.228059523,0,0,-10.6483564487,-11.1562343902,-11.005542828,0,-36.002286992,-10.6483564487,-37.7194315572,-11.1562343902,-37.2099406424,-11.005542828,0,0,0,0,-25.3539305433
3.009e-06,0,0,-36.0592704555,0,0,0,0,-35.997852,-37.7172235185,-37.7199334263,-37.601394215,-37.6247681878,0,0,-10.6470447161,-11.155581321,-11.1213226165,0,-35.997852,-10.6470447161,-37.7172235185,-11.155581321,-37.601394215,-11.1213226165,0,0,0,0,-25.3508072839
3.0192e-06,0,0,-36.0580982782,0,0,0,0,-35.9934170069,-37.7150154798,-37.7174007356,-37.9928477935,-38.0214768526,0,0,-10.6457329831,-11.1549282518,-11.2371024068,0,-35.9934170069,-10.6457329831,-37.7150154798,-11.1549282518,-37.9928477935,-11.2371024068,0,0,0,0,-25.3476840238
3.0294e-06,0,0,-36.0569261008,0,0,0,0,-35.9889820138,-37.7128074411,-37.714867705,-38.3843013721,-38.4181855173,0,0,-10.6444212501,-11.1542751827,-11.3528821971,0,-35.9889820138,-10.6444212501,-37.7128074411,-11.1542751827,-38.3843013721,-11.3528821971,0,0,0,0,-25.3445607637
3.0396e-06,0,0,-36.0557539235,0,0,0,0,-35.9845470207,-37.7105994024,-37.7123346695,-38.7757549507,-38.8148941821,0,0,-10.6431095171,-11.1536221135,-11.4686619874,0,-35.9845470207,-10.6431095171,-37.7105994024,-11.1536221135,-38.7757549507,-11.4686619874,0,0,0,0,-25.3414375036
3.0498e-06,0,0,-36.0545817462,0,0,0,0,-35.9801120277,-37.7083913636,-37.7098016339,-39.1672085292,-39.2116028468,0,0,-10.6417977841,-11.1529690444,-11.5844417777,0,-35.9801120277,-10.6417977841,-37.7083913636,-11.1529690444,-39.1672085292,-11.5844417777,0,0,0,0,-25.3383142435
3.06e-06,0,0,-36.0534095689,0,0,0,0,-35.9756770346,-37.7061833249,-37.7072685983,-39.5586621078,-39.6083115116,0,0,-10.6404860512,-11.1523159752,-11.7002215679,0,-35.9756770346,-10.6404860512,-37.7061833249,-11.1523159752,-39.5586621078,-11.7002215679,0,0,0,0,-25.3351909834
3.0702e-06,0,0,-36.0515481387,0,0,0,0,-35.9712420415,-37.7039752862,-37.7047355627,-39.9501156864,-39.9994696278,0,0,-10.6391743182,-11.151662906,-11.8160013582,0,-35.9712420415,-10.6391743182,-37.7039752862,-11.151662906,-39.9501156864,-11.8160013582,0,0,0,0,-25.3320677233
3.0804e-06,0,0,-36.0491773061,0,0,0,0,-35.9668070484,-37.7017672475,-37.7022025271,-40.341569265,-40.3865255307,0,0,-10.6378625852,-11.1510098369,-11.9317811485,0,-35.9668070484,-10.6378625852,-37.7017672475,-11.1510098369,-40.341569265,-11.9317811485,0,0,0,0,-25.3289444632
3.0906e-06,0,0,-36.0467034188,0,0,0,0,-35.9623720553,-37.6995592088,-37.6996694916,-40.7330228435,-40.7727515348,0,0,-10.6365508522,-11.1503567677,-12.0475609388,0,-35.9623720553,-10.6365508522,-37.6995592088,-11.1503567677,-40.7330228435,-12.0475609388,0,0,0,0,-25.3258212031
3.1008e-06,0,0,-36.0442261678,0,0,0,0,-35.9579370623,-37.6971594788,-37.697136456,-41.1244764221,-41.158950451,0,0,-10.6352391193,-11.1496470022,-12.1633407291,0,-35.9579370623,-10.6352391193,-37.6971594788,-11.1496470022,-41.1244764221,-12.1633407291,0,0,0,0,-25.322697943
3.111e-06,0,0,-36.0417488647,0,0,0,0,-35.9535020692,-37.6946768527,-37.6946034204,-41.5159300007,-41.5451489472,0,0,-10.6339273863,-11.1489127187,-12.2791205194,0,-35.9535020692,-10.6339273863,-37.6946768527,-11.1489127187,-41.5159300007,-12.2791205194,0,0,0,0,-25.3195746829
3.1212e-06,0,0,-36.0392715611,0,0,0,0,-35.9490670761,-37.6921883117,-37.6920703848,-41.9073835792,-41.9313474396,0,0,-10.6326156533,-11.1481766857,-12.3949003097,0,-35.9490670761,-10.6326156533,-37.6921883117,-11.1481766857,-41.9073835792,-12.3949003097,0,0,0,0,-25.3164514228
3.1314e-06,0,0,-36.0367942574,0,0,0,0,-35.944632083,-37.6896996022,-37.6895373492,-42.2988371578,-42.317545932,0,0,-10.6313039203,-11.1474406028,-12.5106800999,0,-35.944632083,-10.6313039203,-37.6896996022,-11.1474406028,-42.2988371578,-12.5106800999,0,0,0,0,-25.3133281627
3.1416e-06,0,0,-36.0343169538,0,0,0,0,-35.94019709,-37.6872108899,-37.6870043136,-42.6902907364,-42.7037444244,0,0,-10.6299921873,-11.1467045192,-12.6264598902,0,-35.94019709,-10.6299921873,-37.6872108899,-11.1467045192,-42.6902907364,-12.6264598902,0,0,0,0,-25.3102049026
3.1518e-06,0,0,-36.0318396502,0,0,0,0,-36.1710209944,-37.6847221776,-37.684471278,-42.9330626425,-43.0899429168,0,0,-10.6982627173,-11.1459684355,-12.6982642673,0,-36.1710209944,-10.6982627173,-37.6847221776,-11.1459684355,-42.9330626425,-12.6982642673,0,0,0,0,-25.4727582771
3.162e-06,0,0,-36.0293623466,0,0,0,0,-36.5768120512,-37.6822334653,-37.6819382424,-43.0652567592,-43.4761414091,0,0,-10.8182830876,-11.1452323518,-12.7373631745,0,-36.5768120512,-10.8182830876,-37.6822334653,-11.1452323518,-43.0652567592,-12.7373631745,0,0,0,0,-25.7585289637
3.1722e-06,0,0,-36.026885043,0,0,0,0,-37.0194918335,-37.679744753,-37.6794052069,-43.1724602257,-43.8623399015,0,0,-10.9492139952,-11.1444962681,-12.7690706247,0,-37.0194918335,-10.9492139952,-37.679744753,-11.1444962681,-43.1724602257,-12.7690706247,0,0,0,0,-26.0702778382
3.1824e-06,0,0,-36.0244077394,0,0,0,0,-37.4641603726,-37.6772560407,-37.6768721713,-43.2771604562,-44.2485383939,0,0,-11.0807331153,-11.1437601845,-12.8000376956,0,-37.4641603726,-11.0807331153,-37.6772560407,-11.1437601845,-43.2771604562,-12.8000376956,0,0,0,0,-26.3834272573
3.1926e-06,0,0,-36.0219304357,0,0,0,0,-37.908993627,-37.6747673284,-37.6743391357,-43.3815008264,-44.6347368863,0,0,-11.2123009531,-11.1430241008,-12.8308983311,0,-37.908993627,-11.2123009531,-37.6747673284,-11.1430241008,-43.3815008264,-12.8308983311,0,0,0,0,-26.696692674
3.2028e-06,0,0,-36.0194531321,0,0,0,0,-38.353832802,-37.6722786161,-37.6718664009,-43.4858282616,-45.0209353787,0,0,-11.3438705419,-11.1422880171,-12.8617551408,0,-38.353832802,-11.3438705419,-37.6722786161,-11.1422880171,-43.4858282616,-12.8617551408,0,0,0,0,-27.0099622601
3.213e-06,0,0,-36.0169758285,0,0,0,0,-38.7986720798,-37.6697899038,-37.6694199853,-43.5901554721,-45.407133871,0,0,-11.4754401612,-11.1415519334,-12.892611884,0,-38.7986720798,-11.4754401612,-37.6697899038,-11.1415519334,-43.5901554721,-12.892611884,0,0,0,0,-27.3232319186
3.2232e-06,0,0,-36.0144985249,0,0,0,0,-39.2435113587,-37.6065450819,-37.6669755348,-43.6944826803,-45.7933323634,-0.063527063568,0,-11.6070097808,-11.1228460827,-12.9234686265,-0.0187893290547,-39.2435113587,-11.6070097808,-37.6065450819,-11.1228460827,-43.6944826803,-12.9234686265,-0.063527063568,-0.0187893290547,0,0,-27.6365015779
3.2334e-06,0,0,-36.0120212213,0,0,0,0,-39.6883506376,-37.4792415642,-37.6645311447,-43.7988098884,-46.1795308558,-0.194034400741,0,-11.7385794004,-11.0851936626,-12.954325369,-0.0573893392623,-39.6883506376,-11.7385794004,-37.4792415642,-11.0851936626,-43.7988098884,-12.954325369,-0.194034400741,-0.0573893392623,0,0,-27.9497712372
3.2436e-06,0,0,-36.0095439176,0,0,0,0,-40.1331899166,-37.3294244451,-37.6620867556,-43.9031370966,-46.5657293482,-0.348082135765,0,-11.87014902,-11.0408824197,-12.9851821115,-0.102951866804,-40.1331899166,-11.87014902,-37.3294244451,-11.0408824197,-43.9031370966,-12.9851821115,-0.348082135765,-0.102951866804,0,0,-28.2630408966
3.2538e-06,0,0,-36.1007936082,0,0,0,0,-40.5780291955,-37.1769698373,-37.6596423666,-44.0074643047,-46.6557544251,-0.504887649565,0,-12.0017186396,-10.9957910896,-13.016038854,-0.149330059513,-40.5780291955,-12.0017186396,-37.1769698373,-10.9957910896,-44.0074643047,-13.016038854,-0.504887649565,-0.149330059513,0,0,-28.5763105559
3.264e-06,0,0,-36.262126665,0,0,0,0,-41.0228684744,-37.0245152295,-37.6571979776,-44.1117915128,-46.52431897,-0.661693163366,0,-12.1332882592,-10.9506997595,-13.0468955965,-0.195708252222,-41.0228684744,-12.1332882592,-37.0245152295,-10.9506997595,-44.1117915128,-13.0468955965,-0.661693163366,-0.195708252222,0,0,-28.8895802152
3.2742e-06,0,0,-36.4380259773,0,0,0,0,-41.4677077533,-36.8720606217,-37.6547535886,-44.2161187209,-46.3477234587,-0.818498677167,0,-12.2648578788,-10.9056084294,-13.077752339,-0.242086444931,-41.4677077533,-12.2648578788,-36.8720606217,-10.9056084294,-44.2161187209,-13.077752339,-0.818498677167,-0.242086444931,0,0,-29.2028498745
3.2844e-06,0,0,-36.614470158,0,0,0,0,-41.9125470322,-36.7196060139,-37.6523091995,-44.3204459291,-46.1700551968,-0.975304190967,0,-12.3964274984,-10.8605170994,-13.1086090815,-0.28846463764,-41.9125470322,-12.3964274984,-36.7196060139,-10.8605170994,-44.3204459291,-13.1086090815,-0.975304190967,-0.28846463764,0,0,-29.5161195338
3.2946e-06,0,0,-36.7909193625,0,0,0,0,-42.3573863112,-36.5671514061,-37.6498648105,-44.4247731372,-45.9925061186,-1.13210970477,0,-12.527997118,-10.8154257693,-13.139465824,-0.334842830349,-42.3573863112,-12.527997118,-36.5671514061,-10.8154257693,-44.4247731372,-13.139465824,-1.13210970477,-0.334842830349,0,0,-29.8293891931
3.3048e-06,0,0,-36.9673686895,0,0,0,0,-42.8022255901,-36.4147236312,-37.6474204215,-44.5291003453,-45.814961947,-1.28891521857,0,-12.6595667376,-10.7703423756,-13.1703225666,-0.381221023058,-42.8022255901,-12.6595667376,-36.4147236312,-10.7703423756,-44.5291003453,-13.1703225666,-1.28891521857,-0.381221023058,0,0,-30.1426588525
3.315e-06,0,0,-37.1438180189,0,0,0,0,-43.247064869,-36.2623076758,-37.6449760325,-44.6334275535,-45.6374178697,-1.44572073237,0,-12.7911363572,-10.7252624777,-13.2011793091,-0.427599215767,-43.247064869,-12.7911363572,-36.2623076758,-10.7252624777,-44.6334275535,-13.2011793091,-1.44572073237,-0.427599215767,0,0,-30.4559285118
3.3252e-06,0,0,-37.3202673483,0,0,0,0,-43.6919041479,-36.1098926419,-37.5215056677,-44.7377547616,-45.4598737936,-1.60252624617,-0.12654570726,-12.9227059768,-10.6801828523,-13.2320360516,-0.473977408476,-43.6919041479,-12.9227059768,-36.1098926419,-10.6801828523,-44.7377547616,-13.2320360516,-1.60252624617,-0.473977408476,0,0,-30.7691981711
3.3354e-06,0,0,-37.4967166777,0,0,0,0,-44.1367434269,-35.9574776383,-37.2699443425,-44.8420819697,-45.2823297175,-1.75933175997,-0.387024324993,-13.0542755964,-10.6351032359,-13.2628927941,-0.520355601184,-44.1367434269,-13.0542755964,-35.9574776383,-10.6351032359,-44.8420819697,-13.2628927941,-1.75933175997,-0.520355601184,0,0,-31.0824678304
3.3456e-06,0,0,-37.6731660071,0,0,0,0,-44.5815827058,-35.8050626354,-36.9730233207,-44.9464091778,-45.1047856413,-1.91613727377,-0.694931396499,-13.185845216,-10.5900236198,-13.2937495366,-0.566733793893,-44.5815827058,-13.185845216,-35.8050626354,-10.5900236198,-44.9464091778,-13.2937495366,-1.91613727377,-0.566733793893,0,0,-31.3957374897
3.3558e-06,0,0,-37.8496153365,0,0,0,0,-44.5184288145,-35.6526476324,-36.6706682491,-44.8683218223,-44.9272415652,-2.07294278757,-1.00852035304,-13.1671662597,-10.5449440036,-13.2706537262,-0.613111986602,-44.5184288145,-13.1671662597,-35.6526476324,-10.5449440036,-44.8683218223,-13.2706537262,-2.07294278757,-0.613111986602,0,0,-31.3512625548
3.366e-06,0,0,-38.0260646659,0,0,0,0,-44.0733874623,-35.5002326295,-36.368292069,-44.6531030275,-44.7496974891,-2.22974830137,-1.32213138064,-13.0355368731,-10.4998643874,-13.2069987022,-0.659490179311,-44.0733874623,-13.0355368731,-35.5002326295,-10.4998643874,-44.6531030275,-13.2069987022,-2.22974830137,-0.659490179311,0,0,-31.0378505892
3.3762e-06,0,0,-38.2025139953,0,0,0,0,-43.5479319737,-35.3478176265,-36.065915889,-44.4093687864,-44.572153413,-2.38655381517,-1.63574240824,-12.8801234867,-10.4547847712,-13.1349096963,-0.70586837202,-43.5479319737,-12.8801234867,-35.3478176265,-10.4547847712,-44.4093687864,-13.1349096963,-2.38655381517,-0.70586837202,0,0,-30.667808487
3.3864e-06,0,0,-38.3789633247,0,0,0,0,-43.0192511889,-35.1954026236,-35.763539709,-44.1647470468,-44.3946093369,-2.54335932897,-1.94935343585,-12.723756158,-10.409705155,-13.062558196,-0.752246564729,-43.0192511889,-12.723756158,-35.1954026236,-10.409705155,-44.1647470468,-13.062558196,-2.54335932897,-0.752246564729,0,0,-30.2954950309
3.3966e-06,0,0,-38.5554126541,0,0,0,0,-42.4905408123,-35.0429876206,-35.461163529,-43.9201717875,-44.2170652607,-2.70016484277,-2.26296446345,-12.567380077,-10.3646255388,-12.9902204431,-0.798624757438,-42.4905408123,-12.567380077,-35.0429876206,-10.3646255388,-43.9201717875,-12.9902204431,-2.70016484277,-0.798624757438,0,0,-29.9231607354
3.4068e-06,0,0,-38.7318619835,0,0,0,0,-41.9618300653,-34.8905726177,-35.1587809809,-43.6755988162,-44.0395211846,-2.85697035658,-2.57657549105,-12.4110038864,-10.3195459226,-12.917883367,-0.845002950147,-41.9618300653,-12.4110038864,-34.8905726177,-10.3195459226,-43.6755988162,-12.917883367,-2.85697035658,-0.845002950147,0,0,-29.5508261789
3.417e-06,0,0,-38.9083113129,0,0,0,0,-41.4331193113,-34.7381576147,-34.8563956023,-43.4310258934,-43.8619771085,-3.01377587038,-2.89018651865,-12.2546276937,-10.2744663064,-12.8455463052,-0.891381142856,-41.4331193113,-12.2546276937,-34.7381576147,-10.2744663064,-43.4310258934,-12.8455463052,-3.01377587038,-0.891381142856,0,0,-29.1784916176
3.4272e-06,0,0,-39.0847606423,0,0,0,0,-40.9044085573,-34.640552732,-34.5540099937,-43.1864529713,-43.6844330324,-3.30419295148,-3.20379754625,-12.0982515011,-10.2455978186,-12.7732092435,-0.977277480471,-40.9044085573,-12.0982515011,-34.640552732,-10.2455978186,-43.1864529713,-12.7732092435,-3.30419295148,-0.977277480471,0,0,-28.8061570562
3.4374e-06,0,0,-39.2612099717,0,0,0,0,-40.3756978032,-34.6011777619,-34.251624377,-42.9418800492,-43.5068889562,-3.73655808635,-3.51740857385,-11.9418753084,-10.2339519274,-12.7008721819,-1.10515763634,-40.3756978032,-11.9418753084,-34.6011777619,-10.2339519274,-42.9418800492,-12.7008721819,-3.73655808635,-1.10515763634,0,0,-28.4338224948
3.4476e-06,0,0,-39.437659301,0,0,0,0,-39.8469870491,-34.5825783091,-33.9492387601,-42.697307127,-43.3293448801,-4.21956805517,-3.83101960145,-11.7854991157,-10.2284507879,-12.6285351203,-1.24801695851,-39.8469870491,-11.7854991157,-34.5825783091,-10.2284507879,-42.697307127,-12.6285351203,-4.21956805517,-1.24801695851,0,0,-28.0614879335
3.4578e-06,0,0,-39.4675115041,0,0,0,0,-39.3182762951,-34.5665223562,-33.6468531433,-42.4527342049,-43.0822393998,-4.70877835719,-4.14463062906,-11.629122923,-10.2237019366,-12.5561980587,-1.39271014635,-39.3182762951,-11.629122923,-34.5665223562,-10.2237019366,-42.4527342049,-12.5561980587,-4.70877835719,-1.39271014635,0,0,-27.6891533721
3.468e-06,0,0,-39.3865692998,0,0,0,0,-38.789565541,-34.5504858502,-33.3444675264,-42.2081612828,-42.7825611662,-5.19803606525,-4.45824165666,-11.4727467303,-10.218958837,-12.4838609971,-1.53741735541,-38.789565541,-11.4727467303,-34.5504858502,-10.218958837,-42.2081612828,-12.4838609971,-5.19803606525,-1.53741735541,0,0,-27.3168188107
3.4782e-06,0,0,-39.2819849265,0,0,0,0,-38.260854787,-34.5344493827,-33.0420819095,-41.9635883607,-42.471552162,-5.68729386693,-4.77185268426,-11.3163705377,-10.2142157488,-12.4115239355,-1.68212459217,-38.260854787,-11.3163705377,-34.5344493827,-10.2142157488,-41.9635883607,-12.4115239355,-5.68729386693,-1.68212459217,0,0,-26.9444842493
3.4884e-06,0,0,-39.1763815324,0,0,0,0,-37.7321440329,-34.5184129151,-32.7396962926,-41.7190154386,-42.1599747561,-6.17655166861,-5.08546371186,-11.159994345,-10.2094726606,-12.3391868738,-1.82683182893,-37.7321440329,-11.159994345,-34.5184129151,-10.2094726606,-41.7190154386,-12.3391868738,-6.17655166861,-1.82683182893,0,0,-26.5721496879
3.4986e-06,0,0,-39.0707669225,0,0,0,0,-37.2034332788,-34.5023764475,-32.4373106758,-41.4744425164,-41.8483738785,-6.6658094703,-5.39907473946,-11.0036181523,-10.2047295724,-12.2668498122,-1.97153906569,-37.2034332788,-11.0036181523,-34.5023764475,-10.2047295724,-41.4744425164,-12.2668498122,-6.6658094703,-1.97153906569,0,0,-26.1998151265
3.5088e-06,0,0,-38.9651522199,0,0,0,0,-36.6747225248,-34.4863371996,-32.1349250589,-41.2298695943,-41.5367721303,-7.15506727198,-5.71268576706,-10.8472419596,-10.1999856619,-12.1945127506,-2.11624630245,-36.6747225248,-10.8472419596,-34.4863371996,-10.1999856619,-41.2298695943,-12.1945127506,-7.15506727198,-2.11624630245,0,0,-25.8274805651
3.519e-06,0,0,-38.8595375159,0,0,0,0,-36.1460117707,-34.4702967046,-31.832539442,-40.9852966722,-41.2251703625,-7.64432507367,-6.02629679466,-10.6908657669,-10.1952413825,-12.122175689,-2.26095353921,-36.1460117707,-10.6908657669,-34.4702967046,-10.1952413825,-40.9852966722,-12.122175689,-7.64432507367,-2.26095353921,0,0,-25.4551460038
3.5292e-06,0,0,-38.7539228119,0,0,0,0,-35.6173010166,-34.4542561043,-31.7593947276,-40.7407237501,-40.9135685943,-8.13358287535,-6.48052667376,-10.5344895743,-10.1904970719,-12.0498386274,-2.40566077597,-35.6173010166,-10.5344895743,-34.4542561043,-10.1904970719,-40.7407237501,-12.0498386274,-8.13358287535,-2.40566077597,0,0,-25.0828114424
3.5394e-06,0,0,-38.6483081079,0,0,0,0,-35.0885902626,-34.4382155,-31.9307150622,-40.4961508279,-40.6019668262,-8.62284067703,-7.08471406067,-10.3781133816,-10.1857527602,-11.9775015658,-2.55036801273,-35.0885902626,-10.3781133816,-34.4382155,-10.1857527602,-40.4961508279,-11.9775015658,-8.62284067703,-2.55036801273,0,0,-24.710476881
3.5496e-06,0,0,-38.5426934039,0,0,0,0,-34.5598795085,-34.4221748957,-32.1899065602,-40.2515779058,-40.2903650581,-9.11209847872,-7.74280257065,-10.2217371889,-10.1810084485,-11.9051645041,-2.69507524949,-34.5598795085,-10.2217371889,-34.4221748957,-10.1810084485,-40.2515779058,-11.9051645041,-9.11209847872,-2.69507524949,0,0,-24.3381423196
3.5598e-06,0,0,-38.4370786999,0,0,0,0,-34.3832255088,-34.4061342913,-32.4600852409,-40.0654101832,-39.97876329,-9.6013562804,-8.40763073737,-10.1694884316,-10.1762641367,-11.8501018835,-2.83978248625,-34.3832255088,-10.1694884316,-34.4061342913,-10.1762641367,-40.0654101832,-11.8501018835,-9.6013562804,-2.83978248625,0,0,-24.2137370772
3.57e-06,0,0,-38.3314639959,0,0,0,0,-34.474061567,-34.390093687,-32.7303879977,-39.9236182893,-39.6671615218,-10.0906140821,-9.07253501376,-10.1963549116,-10.171519825,-11.8081642525,-2.98448972301,-34.474061567,-10.1963549116,-34.390093687,-10.171519825,-39.9236182893,-11.8081642525,-10.0906140821,-2.98448972301,0,0,-24.2777066554
3.5802e-06,0,0,-38.225849292,0,0,0,0,-34.6227381427,-34.3740530826,-33.0006912419,-39.7913700842,-39.3555597537,-10.5798718838,-9.73743958913,-10.2403288174,-10.1667755132,-11.7690493477,-3.12919695977,-34.6227381427,-10.2403288174,-34.3740530826,-10.1667755132,-39.7913700842,-11.7690493477,-10.5798718838,-3.12919695977,0,0,-24.3824093254
3.5904e-06,0,0,-38.120234588,0,0,0,0,-34.7740856604,-34.3580124782,-33.2709944868,-39.6595255912,-39.0439579856,-11.0691296855,-10.4023441649,-10.2850927046,-10.1620312015,-11.7300538484,-3.27390419653,-34.7740856604,-10.2850927046,-34.3580124782,-10.1620312015,-39.6595255912,-11.7300538484,-11.0691296855,-3.27390419653,0,0,-24.4889929558
3.6006e-06,0,0,-38.014619884,0,0,0,0,-34.9254689968,-34.3419718739,-33.5412977317,-39.5276785039,-38.7323562175,-11.5583874871,-11.0672487407,-10.3298671859,-10.1572868898,-11.6910575818,-3.41861143329,-34.9254689968,-10.3298671859,-34.3419718739,-10.1572868898,-39.5276785039,-11.6910575818,-11.5583874871,-3.41861143329,0,0,-24.5956018108
3.6108e-06,0,0,-37.90900518,0,0,0,0,-35.0768526181,-34.3259312695,-33.8116017553,-39.3958310486,-38.4207544493,-12.0476452888,-11.7321533164,-10.3746417515,-10.152542578,-11.6520612064,-3.56331867005,-35.0768526181,-10.3746417515,-34.3259312695,-10.152542578,-39.3958310486,-11.6520612064,-12.0476452888,-3.56331867005,0,0,-24.7022108666
3.621e-06,0,0,-37.803390476,0,0,0,0,-35.2282362423,-34.3098906652,-34.0819061313,-39.2639835835,-38.1091526812,-12.5369030905,-12.3970578922,-10.419416318,-10.1477982663,-11.613064828,-3.70802590681,-35.2282362423,-10.419416318,-34.3098906652,-10.1477982663,-39.2639835835,-11.613064828,-12.5369030905,-3.70802590681,0,0,-24.8088199244
3.6312e-06,0,0,-37.697775772,0,0,0,0,-35.3796198666,-34.3481207183,-34.3522105382,-39.1321361183,-37.7975509131,-13.063068874,-13.061962468,-10.4641908844,-10.1591055266,-11.5740684496,-3.86364937637,-35.3796198666,-10.4641908844,-34.3481207183,-10.1591055266,-39.1321361183,-11.5740684496,-13.063068874,-3.86364937637,0,0,-24.9154289822
3.6414e-06,0,0,-37.592161068,0,0,0,0,-35.5310034909,-34.4444436464,-34.6225149463,-39.000288653,-37.485949145,-13.6287420243,-13.7268670437,-10.5089654509,-10.1875948521,-11.5350720712,-4.03095789595,-35.5310034909,-10.5089654509,-34.4444436464,-10.1875948521,-39.000288653,-11.5350720712,-13.6287420243,-4.03095789595,0,0,-25.02203804
3.6516e-06,0,0,-37.486546364,0,0,0,0,-35.6823871152,-34.5618017799,-34.8928193545,-38.8684411877,-37.1743473769,-14.2087206394,-14.3917716195,-10.5537400174,-10.222305737,-11.4960756928,-4.20249752696,-35.6823871152,-10.5537400174,-34.5618017799,-10.222305737,-38.8684411877,-11.4960756928,-14.2087206394,-4.20249752696,0,0,-25.1286470978
3.6618e-06,0,0,-37.4339351091,0,0,0,0,-35.8337707395,-34.6818446054,-35.1631237626,-38.7365937225,-37.0480943834,-14.7905250397,-15.0566761953,-10.5985145838,-10.2578106702,-11.4570793144,-4.37457716844,-35.8337707395,-10.5985145838,-34.6818446054,-10.2578106702,-38.7365937225,-11.4570793144,-14.7905250397,-4.37457716844,0,0,-25.2352561556
3.672e-06,0,0,-37.4218084244,0,0,0,0,-35.9851543638,-34.8019272553,-35.4334281708,-38.6047462572,-37.0634126581,-15.3723565235,-15.721580771,-10.6432891503,-10.2933273822,-11.418082936,-4.54666482035,-35.9851543638,-10.6432891503,-34.8019272553,-10.2933273822,-38.6047462572,-11.418082936,-15.3723565235,-4.54666482035,0,0,-25.3418652135
3.6822e-06,0,0,-37.418550214,0,0,0,0,-36.136537988,-34.9220101385,-35.7037325789,-38.472898792,-37.1097575292,-15.9541881659,-16.3864853468,-10.6880637168,-10.3288441633,-11.3790865576,-4.71875251921,-36.136537988,-10.6880637168,-34.9220101385,-10.3288441633,-38.472898792,-11.3790865576,-15.9541881659,-4.71875251921,0,0,-25.4484742713
3.6924e-06,0,0,-37.41572802,0,0,0,0,-36.2879216123,-35.0420930224,-35.9740369871,-38.3410513267,-37.1576379967,-16.5360198088,-17.0513899226,-10.7328382832,-10.3643609445,-11.3400901792,-4.8908402182,-36.2879216123,-10.7328382832,-35.0420930224,-10.3643609445,-38.3410513267,-11.3400901792,-16.5360198088,-4.8908402182,0,0,-25.5550833291
3.7026e-06,0,0,-37.4129125948,0,0,0,0,-36.4393052366,-35.1621759063,-36.2443413952,-38.2092038614,-37.2055445239,-17.1178514517,-17.7162944983,-10.7776128497,-10.3998777257,-11.3010938008,-5.06292791718,-36.4393052366,-10.7776128497,-35.1621759063,-10.3998777257,-38.2092038614,-11.3010938008,-17.1178514517,-5.06292791718,0,0,-25.6616923869
3.7128e-06,0,0,-37.4100972219,0,0,0,0,-36.5906888609,-35.2822591342,-36.5146458034,-38.0773563962,-37.2534513572,-17.6996830946,-18.3811990741,-10.8223874162,-10.4353946087,-11.2620974224,-5.23501561617,-36.5906888609,-10.8223874162,-35.2822591342,-10.4353946087,-38.0773563962,-11.2620974224,-17.6996830946,-5.23501561617,0,0,-25.7683014447
3.723e-06,0,0,-37.4072818492,0,0,0,0,-36.7420724852,-35.4023425192,-36.7849502115,-37.9455089309,-37.3013581947,-18.2815147375,-19.0461036499,-10.8671619826,-10.4709115382,-11.223101044,-5.40710331516,-36.7420724852,-10.8671619826,-35.4023425192,-10.4709115382,-37.9455089309,-11.223101044,-18.2815147375,-5.40710331516,0,0,-25.8749105025
3.7332e-06,0,0,-37.4044664765,0,0,0,0,-36.8934561095,-35.5224259185,-36.9359516835,-37.8136614657,-37.3492650323,-18.8633463804,-19.645033105,-10.9119365491,-10.5064284718,-11.1841046656,-5.57919101414,-36.8934561095,-10.9119365491,-35.5224259185,-10.5064284718,-37.8136614657,-11.1841046656,-18.8633463804,-5.57919101414,0,0,-25.9815195604
3.7434e-06,0,0,-37.4016511038,0,0,0,0,-37.0448397338,-35.6425093184,-36.9587685354,-37.6818140004,-37.3971718699,-19.4451780233,-20.1730758239,-10.9567111156,-10.5419454057,-11.1451082872,-5.75127871313,-37.0448397338,-10.9567111156,-35.6425093184,-10.5419454057,-37.6818140004,-11.1451082872,-19.4451780233,-5.75127871313,0,0,-26.0881286182
3.7536e-06,0,0,-37.3988357311,0,0,0,0,-37.196223358,-35.7625927183,-36.9348307134,-37.5499665351,-37.4450787075,-20.0270096662,-20.6752629742,-11.001485682,-10.5774623395,-11.1061119087,-5.92336641211,-37.196223358,-11.001485682,-35.7625927183,-10.5774623395,-37.5499665351,-11.1061119087,-20.0270096662,-5.92336641211,0,0,-26.194737676
3.7638e-06,0,0,-37.3960203585,0,0,0,0,-37.2672311598,-35.8826761181,-36.9048053614,-37.495123308,-37.4929855451,-20.6088413091,-21.17408369,-11.0224875807,-10.6129792734,-11.0898909884,-6.0954541111,-37.2672311598,-11.0224875807,-35.8826761181,-10.6129792734,-37.495123308,-11.0898909884,-20.6088413091,-6.0954541111,0,0,-26.2447435791
3.774e-06,0,0,-37.3932049858,0,0,0,0,-37.2765241716,-36.002759518,-36.8746687526,-37.4994060748,-37.5408923827,-21.190672952,-21.6728428802,-11.0252361645,-10.6484962072,-11.0911576975,-6.26754181009,-37.2765241716,-11.0252361645,-36.002759518,-10.6484962072,-37.4994060748,-11.0911576975,-21.190672952,-6.26754181009,0,0,-26.2512880071
3.7842e-06,0,0,-37.3903896131,0,0,0,0,-37.2721219371,-36.1228429179,-36.8445312789,-37.516815569,-37.5887992203,-21.7725045949,-22.1716015921,-11.0239341205,-10.6840131411,-11.0963068843,-6.43962950907,-37.2721219371,-11.0239341205,-36.1228429179,-10.6840131411,-37.516815569,-11.0963068843,-21.7725045949,-6.43962950907,0,0,-26.2481878166
3.7944e-06,0,0,-37.3875742404,0,0,0,0,-37.2670043265,-36.2429263178,-36.8143938017,-37.5349150079,-37.6367060579,-22.3543362378,-22.6703603022,-11.0224204905,-10.7195300749,-11.1016601352,-6.61171720806,-37.2670043265,-11.0224204905,-36.2429263178,-10.7195300749,-37.5349150079,-11.1016601352,-22.3543362378,-6.61171720806,0,0,-26.244583836
3.8046e-06,0,0,-37.3847588678,0,0,0,0,-37.2618737597,-36.3630097177,-36.7842563246,-37.5530278774,-37.6846128955,-22.9361678807,-23.1691190122,-11.0209030284,-10.7550470088,-11.1070173586,-6.78380490704,-37.2618737597,-11.0209030284,-36.3630097177,-10.7550470088,-37.5530278774,-11.1070173586,-22.9361678807,-6.78380490704,0,0,-26.2409707312
3.8148e-06,0,0,-37.3819434951,0,0,0,0,-37.2567430706,-36.4830931176,-36.7541187603,-37.5711409198,-37.7325197331,-23.5179995235,-23.6678777222,-11.0193855302,-10.7905639426,-11.112374633,-6.95589260603,-37.2567430706,-11.0193855302,-36.4830931176,-10.7905639426,-37.5711409198,-11.112374633,-23.5179995235,-6.95589260603,0,0,-26.2373575404
3.825e-06,0,0,-37.3791281224,0,0,0,0,-37.2516123807,-36.6031765175,-36.7239811559,-37.5892539646,-37.7804265707,-24.0998311664,-24.1666364322,-11.0178680318,-10.8260808765,-11.1177319081,-7.12798030502,-37.2516123807,-11.0178680318,-36.6031765175,-10.8260808765,-37.5892539646,-11.1177319081,-24.0998311664,-7.12798030502,0,0,-26.2337443489
3.8352e-06,0,0,-37.3763127497,0,0,0,0,-37.2464816908,-36.6647554326,-36.6938435477,-37.6073670094,-37.8283334083,-24.6197367321,-24.6653951422,-11.0163505333,-10.8442940038,-11.1230891833,-7.28175219689,-37.2464816908,-11.0163505333,-36.6647554326,-10.8442940038,-37.6073670094,-11.1230891833,-24.6197367321,-7.28175219689,0,0,-26.2301311575
3.8454e-06,0,0,-37.373497377,0,0,0,0,-37.2413510009,-36.6632393575,-36.6637059394,-37.6254800542,-37.8762402459,-25.0728572428,-25.1641538523,-11.0148330349,-10.843845596,-11.1284464584,-7.41577114724,-37.2413510009,-11.0148330349,-36.6632393575,-10.843845596,-37.6254800542,-11.1284464584,-25.0728572428,-7.41577114724,0,0,-26.2265179661
3.8556e-06,0,0,-37.3706820044,0,0,0,0,-37.236220311,-36.6385428959,-36.633568331,-37.643593099,-37.9241470835,-25.5014416789,-25.6629125623,-11.0133155364,-10.836541151,-11.1338037336,-7.54253309002,-37.236220311,-11.0133155364,-36.6385428959,-10.836541151,-37.643593099,-11.1338037336,-25.5014416789,-7.54253309002,0,0,-26.2229047746
3.8658e-06,0,0,-37.3673930158,0,0,0,0,-37.2310896211,-36.6107690784,-36.6034307227,-37.6617061438,-37.941577758,-25.9267687822,-26.1616712723,-11.011798038,-10.8283265198,-11.1391610087,-7.6683316151,-37.2310896211,-11.011798038,-36.6107690784,-10.8283265198,-37.6617061438,-11.1391610087,-25.9267687822,-7.6683316151,0,0,-26.2192915832
3.876e-06,0,0,-37.3637384689,0,0,0,0,-37.2259589312,-36.5829287083,-36.5732931143,-37.6798191886,-37.935485544,-26.3520254406,-26.6604299823,-11.0102805395,-10.8200922045,-11.1445182839,-7.79410930478,-37.2259589312,-11.0102805395,-36.5829287083,-10.8200922045,-37.6798191886,-11.1445182839,-26.3520254406,-7.79410930478,0,0,-26.2156783917
3.8862e-06,0,0,-37.3600016805,0,0,0,0,-37.2208282413,-36.5550876949,-36.5431555059,-37.6979322334,-37.9241046877,-26.7772814181,-27.1591886923,-11.008763041,-10.8118576988,-11.149875559,-7.91988679307,-37.2208282413,-11.008763041,-36.5550876949,-10.8118576988,-37.6979322334,-11.149875559,-26.7772814181,-7.91988679307,0,0,-26.2120652003
3.8964e-06,0,0,-37.3562602902,0,0,0,0,-37.2156975514,-36.5272466782,-36.5130178976,-37.7160452782,-37.9124303381,-27.2025373921,-27.6579474024,-11.0072455426,-10.8036231922,-11.1552328342,-8.0456642803,-37.2156975514,-11.0072455426,-36.5272466782,-10.8036231922,-37.7160452782,-11.1552328342,-27.2025373921,-8.0456642803,0,0,-26.2084520088
3.9066e-06,0,0,-37.3525187925,0,0,0,0,-37.2105668615,-36.4994056614,-36.4828802892,-37.734158323,-37.9007496752,-27.627793366,-28.1567061124,-11.0057280441,-10.7953886856,-11.1605901093,-8.17144176752,-37.2105668615,-11.0057280441,-36.4994056614,-10.7953886856,-37.734158323,-11.1605901093,-27.627793366,-8.17144176752,0,0,-26.2048388174
3.9168e-06,0,0,-37.3487772929,0,0,0,0,-37.2054361716,-36.4715646064,-36.4527426808,-37.7522713678,-37.8890689282,-28.0530493399,-28.6554648224,-11.0042105457,-10.7871541677,-11.1659473845,-8.29721925475,-37.2054361716,-11.0042105457,-36.4715646064,-10.7871541677,-37.7522713678,-11.1659473845,-28.0530493399,-8.29721925475,0,0,-26.201225626
3.927e-06,0,0,-37.3450357934,0,0,0,0,-37.2003054817,-36.4437235337,-36.4226050725,-37.7703844126,-37.8773881802,-28.4783053138,-29.1542235324,-11.0026930472,-10.7789196445,-11.1713046596,-8.42299674197,-37.2003054817,-11.0026930472,-36.4437235337,-10.7789196445,-37.7703844126,-11.1713046596,-28.4783053138,-8.42299674197,0,0,-26.1976124345
3.9372e-06,0,0,-37.3412942938,0,0,0,0,-37.1951747918,-36.4158824592,-36.3942767587,-37.7884974574,-37.8657074322,-28.9035612877,-29.5950738597,-11.0011755488,-10.7706851208,-11.1766619348,-8.5487742292,-37.1951747918,-11.0011755488,-36.4158824592,-10.7706851208,-37.7884974574,-11.1766619348,-28.9035612877,-8.5487742292,0,0,-26.1939992431
3.9474e-06,0,0,-37.3375527942,0,0,0,0,-37.1900441019,-36.3880413846,-36.3679069736,-37.8066105022,-37.8540266842,-29.3288172616,-29.9732394144,-10.9996580503,-10.7624505971,-11.1820192099,-8.67455171642,-37.1900441019,-10.9996580503,-36.3880413846,-10.7624505971,-37.8066105022,-11.1820192099,-29.3288172616,-8.67455171642,0,0,-26.1903860516
3.9576e-06,0,0,-37.3338112947,0,0,0,0,-37.184913412,-36.36020031,-36.3422618986,-37.824723547,-37.8423459362,-29.7540732356,-30.328209855,-10.9981405519,-10.7542160734,-11.1873764851,-8.80032920365,-37.184913412,-10.9981405519,-36.36020031,-10.7542160734,-37.824723547,-11.1873764851,-29.7540732356,-8.80032920365,0,0,-26.1867728602
3.9678e-06,0,0,-37.3300697951,0,0,0,0,-37.1821630335,-36.3323592354,-36.3167148733,-37.8303535838,-37.8306651882,-30.1793292095,-30.6800421124,-10.9973270754,-10.7459815497,-11.1890416748,-8.92610669087,-37.1821630335,-10.9973270754,-36.3323592354,-10.7459815497,-37.8303535838,-11.1890416748,-30.1793292095,-8.92610669087,0,0,-26.184835958
3.978e-06,0,0,-37.3263282955,0,0,0,0,-37.1812594507,-36.3045181609,-36.2911702886,-37.8262985148,-37.8189844402,-30.6045851834,-31.0317962576,-10.9970598238,-10.737747026,-11.1878423115,-9.0518841781,-37.1812594507,-10.9970598238,-36.3045181609,-10.737747026,-37.8262985148,-11.1878423115,-30.6045851834,-9.0518841781,0,0,-26.1841996269
3.9882e-06,0,0,-37.322586796,0,0,0,0,-37.1807762946,-36.2766770863,-36.265625732,-37.8200384647,-37.8073036922,-31.0298411573,-31.3835495013,-10.9969169212,-10.7295125023,-11.1859907835,-9.17766166532,-37.1807762946,-10.9969169212,-36.2766770863,-10.7295125023,-37.8200384647,-11.1859907835,-31.0298411573,-9.17766166532,0,0,-26.1838593734
3.9984e-06,0,0,-37.3188452964,0,0,0,0,-37.1803177063,-36.2488360117,-36.2400811756,-37.8136494598,-37.7956229442,-31.4550971312,-31.7353027391,-10.9967812851,-10.7212779785,-11.1841011146,-9.30343915255,-37.1803177063,-10.9967812851,-36.2488360117,-10.7212779785,-37.8136494598,-11.1841011146,-31.4550971312,-9.30343915255,0,0,-26.1835364212
4.0086e-06,0,0,-37.3151037968,0,0,0,0,-37.1798596998,-36.2209949371,-36.2145366192,-37.8072573775,-37.7839421962,-31.8803531051,-32.087055977,-10.996645821,-10.7130434548,-11.1822105355,-9.42921663977,-37.1798596998,-10.996645821,-36.2209949371,-10.7130434548,-37.8072573775,-11.1822105355,-31.8803531051,-9.42921663977,0,0,-26.1832138788
4.0188e-06,0,0,-37.3113622973,0,0,0,0,-37.1794017017,-36.1931538626,-36.1889920731,-37.8008652498,-37.7722614482,-32.3056090791,-32.4388092148,-10.9965103594,-10.7048089311,-11.180319943,-9.554994127,-37.1794017017,-10.9965103594,-36.1931538626,-10.7048089311,-37.8008652498,-11.180319943,-32.3056090791,-9.554994127,0,0,-26.1828913423
4.029e-06,0,0,-37.3076207977,0,0,0,0,-37.1789437037,-36.165312788,-36.1634475318,-37.7944731216,-37.7605807002,-32.730865053,-32.7905624526,-10.9963748978,-10.6965744074,-11.1784293503,-9.68077161423,-37.1789437037,-10.9963748978,-36.165312788,-10.6965744074,-37.7944731216,-11.1784293503,-32.730865053,-9.68077161423,0,0,-26.1825688058
4.0392e-06,0,0,-37.3038792982,0,0,0,0,-37.1784857056,-36.1439633577,-36.137902991,-37.7880809933,-37.7488999522,-33.1359788871,-33.1423156904,-10.9962394363,-10.6902599101,-11.1765387577,-9.80059168313,-37.1784857056,-10.9962394363,-36.1439633577,-10.6902599101,-37.7880809933,-11.1765387577,-33.1359788871,-9.80059168313,0,0,-26.1822462693
4.0494e-06,0,0,-37.3001377986,0,0,0,0,-37.1780277076,-36.1296670957,-36.1123584502,-37.7816888651,-37.7372192041,-33.5192082961,-33.4940689282,-10.9961039747,-10.6860315206,-11.174648165,-9.91393901992,-37.1780277076,-10.9961039747,-36.1296670957,-10.6860315206,-37.7816888651,-11.174648165,-33.5192082961,-9.91393901992,0,0,-26.1819237329
4.0596e-06,0,0,-37.296396299,0,0,0,0,-37.1775697095,-36.1179992844,-36.0868139094,-37.7752967369,-37.7255384561,-33.8942822025,-33.845822166,-10.9959685131,-10.682580545,-11.1727575723,-10.0248742127,-37.1775697095,-10.9959685131,-36.1179992844,-10.682580545,-37.7752967369,-11.1727575723,-33.8942822025,-10.0248742127,0,0,-26.1816011964
4.0698e-06,0,0,-37.2933212141,0,0,0,0,-37.1771117115,-36.1066937165,-36.0612693686,-37.7689046086,-37.7192243405,-34.2682321475,-34.1975754038,-10.9958330516,-10.6792367097,-11.1708669796,-10.1354769728,-37.1771117115,-10.9958330516,-36.1066937165,-10.6792367097,-37.7689046086,-11.1708669796,-34.2682321475,-10.1354769728,0,0,-26.1812786599
4.08e-06,0,0,-37.2907658533,0,0,0,0,-37.1766537134,-36.0953983185,-36.0357248278,-37.7625124804,-37.7170955585,-34.6421505374,-34.5493286417,-10.99569759,-10.6758958824,-11.168976387,-10.2460703998,-37.1766537134,-10.99569759,-36.0953983185,-10.6758958824,-37.7625124804,-11.168976387,-34.6421505374,-10.2460703998,0,0,-26.1809561235
4.0902e-06,0,0,-37.2883302425,0,0,0,0,-37.1761957154,-36.0841030568,-36.010180287,-37.7561203521,-37.7159313436,-35.0160685047,-34.9010818795,-10.9955621284,-10.6725550954,-11.1670857943,-10.3566637018,-37.1761957154,-10.9955621284,-36.0841030568,-10.6725550954,-37.7561203521,-11.1670857943,-35.0160685047,-10.3566637018,0,0,-26.180633587
4.1004e-06,0,0,-37.2859019565,0,0,0,0,-37.1757377174,-36.0728077962,-35.9846357463,-37.7497282239,-37.7148262865,-35.3899864686,-35.2528351173,-10.9954266668,-10.6692143087,-11.1651952016,-10.4672570028,-37.1757377174,-10.9954266668,-36.0728077962,-10.6692143087,-37.7497282239,-11.1651952016,-35.3899864686,-10.4672570028,0,0,-26.1803110505
4.1106e-06,0,0,-37.2834738549,0,0,0,0,-37.1752797193,-36.0615125355,-35.9590912055,-37.7433360957,-37.7137227543,-35.7639044325,-35.6045883551,-10.9952912053,-10.665873522,-11.163304609,-10.5778503038,-37.1752797193,-10.9952912053,-36.0615125355,-10.665873522,-37.7433360957,-11.163304609,-35.7639044325,-10.5778503038,0,0,-26.1799885141
4.1208e-06,0,0,-37.2810457559,0,0,0,0,-37.1748217213,-36.0502172794,-35.9335466647,-37.7369439674,-37.7126192455,-36.1378223965,-35.9563415929,-10.9951557437,-10.6625327366,-11.1614140163,-10.6884436048,-37.1748217213,-10.9951557437,-36.0502172794,-10.6625327366,-37.7369439674,-11.1614140163,-36.1378223965,-10.6884436048,0,0,-26.1796659776
4.131e-06,0,0,-37.278617657,0,0,0,0,-37.1743637232,-36.0389220254,-35.9080021239,-37.7305518392,-37.711515737,-36.5117403604,-36.3080948307,-10.9950202821,-10.6591919519,-11.1595234236,-10.7990369058,-37.1743637232,-10.9950202821,-36.0389220254,-10.6591919519,-37.7305518392,-11.1595234236,-36.5117403604,-10.7990369058,0,0,-26.1793434411
4.1412e-06,0,0,-37.276189558,0,0,0,0,-37.1739057252,-36.0276267717,-35.8935940742,-37.7241597109,-37.7104122286,-36.8856583243,-36.6771708482,-10.9948848205,-10.6558511672,-11.1576328309,-10.9096302068,-37.1739057252,-10.9948848205,-36.0276267717,-10.6558511672,-37.7241597109,-11.1576328309,-36.8856583243,-10.9096302068,0,0,-26.1790209046
4.1514e-06,0,0,-37.273761459,0,0,0,0,-37.1734477272,-36.016331518,-35.8913305595,-37.7177675827,-37.7093087201,-37.2595762882,-37.0651376546,-10.994749359,-10.6525103826,-11.1557422383,-11.0202235078,-37.1734477272,-10.994749359,-36.016331518,-10.6525103826,-37.7177675827,-11.1557422383,-37.2595762882,-11.0202235078,0,0,-26.1786983682
4.1616e-06,0,0,-37.2713333601,0,0,0,0,-37.1729897291,-36.0050362642,-35.8936247957,-37.7113754545,-37.7082052116,-37.6334942521,-37.4601940293,-10.9946138974,-10.6491695979,-11.1538516456,-11.1308168089,-37.1729897291,-10.9946138974,-36.0050362642,-10.6491695979,-37.7113754545,-11.1538516456,-37.6334942521,-11.1308168089,0,0,-26.1783758317
4.1718e-06,0,0,-37.2689052611,0,0,0,0,-37.1714873229,-35.9937410105,-35.8965585808,-37.7072650888,-37.7071017031,-38.007412216,-37.8562452205,-10.9941695324,-10.6458288133,-11.1526359273,-11.2414101099,-37.1714873229,-10.9941695324,-35.9937410105,-10.6458288133,-37.7072650888,-11.1526359273,-38.007412216,-11.2414101099,0,0,-26.1773177905
4.182e-06,0,0,-37.2664771622,0,0,0,0,-37.1691662067,-35.9824457567,-35.8995123093,-37.7049433934,-37.7059981947,-38.38133018,-38.2523274336,-10.9934830184,-10.6424880286,-11.1519492421,-11.3520034109,-37.1691662067,-10.9934830184,-35.9824457567,-10.6424880286,-37.7049433934,-11.1519492421,-38.38133018,-11.3520034109,0,0,-26.1756831883
4.1922e-06,0,0,-37.2640490632,0,0,0,0,-37.1666541431,-35.971150503,-35.9024663417,-37.7030389604,-37.7048946862,-38.7552481439,-38.6484101193,-10.9927400282,-10.6391472439,-11.15138597,-11.4625967119,-37.1666541431,-10.9927400282,-35.971150503,-10.6391472439,-37.7030389604,-11.15138597,-38.7552481439,-11.4625967119,0,0,-26.1739141149
4.2024e-06,0,0,-37.2616209643,0,0,0,0,-37.1641298444,-35.9598552493,-35.9054203768,-37.7011613291,-37.7037911777,-39.1291661078,-39.0444928093,-10.9919934191,-10.6358064593,-11.1508306251,-11.5731900129,-37.1641298444,-10.9919934191,-35.9598552493,-10.6358064593,-37.7011613291,-11.1508306251,-39.1291661078,-11.5731900129,0,0,-26.1721364253
4.2126e-06,0,0,-37.2591928653,0,0,0,0,-37.1616052101,-35.9485599955,-35.9083744119,-37.6992844477,-37.7026876692,-39.5030840717,-39.4405754993,-10.9912467109,-10.6324656746,-11.1502755019,-11.6837833139,-37.1616052101,-10.9912467109,-35.9485599955,-10.6324656746,-37.6992844477,-11.1502755019,-39.5030840717,-11.6837833139,0,0,-26.1703584993
4.2228e-06,0,0,-37.2567647664,0,0,0,0,-37.1590805706,-35.9960077115,-35.9113284458,-37.6974075788,-37.7015841608,-39.8155799269,-39.8366581894,-10.990500001,-10.6464992329,-11.1497203825,-11.776209866,-37.1590805706,-10.990500001,-35.9960077115,-10.6464992329,-37.6974075788,-11.1497203825,-39.8155799269,-11.776209866,0,0,-26.1685805696
4.233e-06,0,0,-37.2543366674,0,0,0,0,-37.1565559311,-36.1077892251,-35.9142824792,-37.6955307101,-37.7004806523,-40.0608078598,-40.2327408794,-10.9897532912,-10.6795607271,-11.1491652632,-11.8487406594,-37.1565559311,-10.9897532912,-36.1077892251,-10.6795607271,-37.6955307101,-11.1491652632,-40.0608078598,-11.8487406594,0,0,-26.1668026399
4.2432e-06,0,0,-37.2519085684,0,0,0,0,-37.1540312915,-36.2481132815,-35.9172365125,-37.6936538415,-37.6993771438,-40.2872780146,-40.6288235694,-10.9890065814,-10.7210642174,-11.1486101438,-11.9157234857,-37.1540312915,-10.9890065814,-36.2481132815,-10.7210642174,-37.6936538415,-11.1486101438,-40.2872780146,-11.9157234857,0,0,-26.1650247101
4.2534e-06,0,0,-37.2494804695,0,0,0,0,-37.151506652,-36.3965243095,-35.9201905458,-37.6917769728,-37.6982736353,-40.5174269604,-41.0249062594,-10.9882598715,-10.7649595824,-11.1480550244,-11.9837943838,-37.151506652,-10.9882598715,-36.3965243095,-10.7649595824,-37.6917769728,-11.1480550244,-40.5174269604,-11.9837943838,0,0,-26.1632467804
4.2636e-06,0,0,-37.2470523705,0,0,0,0,-37.1489820124,-36.546796136,-35.9231445791,-37.6899001041,-37.6971701269,-40.7502161173,-41.4209889495,-10.9875131617,-10.8094053137,-11.1474999051,-12.0526461743,-37.1489820124,-10.9875131617,-36.546796136,-10.8094053137,-37.6899001041,-11.1474999051,-40.7502161173,-12.0526461743,0,0,-26.1614688507
4.2738e-06,0,0,-37.2446048352,0,0,0,0,-37.1464573728,-36.6973188388,-35.9260986124,-37.6880232354,-37.6952881141,-40.9833978653,-41.8170716395,-10.9867664518,-10.8539252463,-11.1469447857,-12.121614081,-37.1464573728,-10.9867664518,-36.6973188388,-10.8539252463,-37.6880232354,-11.1469447857,-40.9833978653,-12.121614081,0,0,-26.159690921
4.284e-06,0,0,-37.2421419856,0,0,0,0,-37.1439327333,-36.8478501269,-35.9290526457,-37.6861463668,-37.6927927053,-41.2165930482,-42.2131543295,-10.986019742,-10.8984477183,-11.1463896663,-12.1905859613,-37.1439327333,-10.986019742,-36.8478501269,-10.8984477183,-37.6861463668,-11.1463896663,-41.2165930482,-12.1905859613,0,0,-26.1579129913
4.2942e-06,-0.00776212946976,-0.0262437640429,-37.2396755204,0,0,0,0,-37.1067439456,-36.9983815614,-35.932006679,-37.6755968854,-37.6901524857,-41.4497884602,-42.6092370195,-10.9750204556,-10.9429702335,-11.1432694579,-12.2595579094,-37.1067439456,-10.9750204556,-36.9983815614,-10.9429702335,-37.6755968854,-11.1432694579,-41.4497884602,-12.2595579094,-0.0262437640429,-0.00776212946976,-26.13172349
4.3044e-06,-0.0264363443078,-0.0893812947691,-37.2372088126,0,0,0,0,-37.0208239245,-37.1489129974,-35.9349607124,-37.6528553514,-37.6875025538,-41.6829838747,-43.0053197095,-10.9496079863,-10.9874927492,-11.1365432197,-12.3285298582,-37.0208239245,-10.9496079863,-37.1489129974,-10.9874927492,-37.6528553514,-11.1365432197,-41.6829838747,-12.3285298582,-0.0893812947691,-0.0264363443078,-26.0712159381
4.3146e-06,-0.0508631819063,-0.171968446239,-37.2347420976,0,0,0,0,-36.9092138181,-37.2994444335,-35.9379147457,-37.6236864227,-37.6848523303,-41.9161792891,-43.4014023996,-10.9165971891,-11.0320152649,-11.127915958,-12.397501807,-36.9092138181,-10.9165971891,-37.2994444335,-11.0320152649,-37.6236864227,-11.127915958,-41.9161792891,-12.397501807,-0.171968446239,-0.0508631819063,-25.992616629
4.3248e-06,-0.0766378693635,-0.259112678829,-37.2322753824,0,0,0,0,-36.7915844786,-37.449975869,-36.0578845865,-37.5930115439,-37.6822021015,-42.1493747035,-43.6751324456,-10.88180609,-11.0765377804,-11.1188432832,-12.4664737558,-36.7915844786,-10.88180609,-37.449975869,-11.0765377804,-37.5930115439,-11.1188432832,-42.1493747035,-12.4664737558,-0.259112678829,-0.0766378693635,-25.9097783887
4.335e-06,-0.102530983188,-0.346657311033,-37.2298086672,0,0,0,0,-36.6734262702,-37.6005073042,-36.3064772782,-37.5622043476,-37.6795518726,-42.382570118,-43.8143734322,-10.8468585679,-11.1210602959,-11.109731473,-12.5354457046,-36.6734262702,-10.8468585679,-37.6005073042,-11.1210602959,-37.5622043476,-11.109731473,-42.382570118,-12.5354457046,-0.346657311033,-0.102530983188,-25.8265677024
4.3452e-06,-0.128424097012,-0.434201943236,-37.227341952,0,0,0,0,-36.5552680618,-37.7510387395,-36.6013939583,-37.5313971513,-37.6769016437,-42.6157655324,-43.8985262072,-10.8119110457,-11.1655828114,-11.1006196627,-12.6044176534,-36.5552680618,-10.8119110457,-37.7510387395,-11.1655828114,-37.5313971513,-11.1006196627,-42.6157655324,-12.6044176534,-0.434201943236,-0.128424097012,-25.743357016
4.3554e-06,-0.154317210837,-0.521746575439,-37.2248752368,0,0,0,0,-36.4371098534,-37.9015701747,-36.9005119863,-37.5005899549,-37.6742514149,-42.8489609469,-43.9709790118,-10.7769635236,-11.2101053268,-11.0915078524,-12.6733896022,-36.4371098534,-10.7769635236,-37.9015701747,-11.2101053268,-37.5005899549,-11.0915078524,-42.8489609469,-12.6733896022,-0.521746575439,-0.154317210837,-25.6601463297
4.3656e-06,-0.180210324661,-0.609291207643,-37.2224085216,0,0,0,0,-36.3189516449,-38.05210161,-37.198783109,-37.4697827586,-37.671601186,-43.0821563613,-44.0415367491,-10.7420160015,-11.2546278423,-11.0823960422,-12.742361551,-36.3189516449,-10.7420160015,-38.05210161,-11.2546278423,-37.4697827586,-11.0823960422,-43.0821563613,-12.742361551,-0.609291207643,-0.180210324661,-25.5769356434
4.3758e-06,-0.206103438486,-0.696835839846,-37.2199418064,0,0,0,0,-36.2008408077,-38.2026330452,-37.4968979027,-37.4386441585,-37.6689509571,-43.3153517758,-44.111853971,-10.7070824903,-11.2991503577,-11.073186213,-12.8113334998,-36.2008408077,-10.7070824903,-38.2026330452,-11.2991503577,-37.4386441585,-11.073186213,-43.3153517758,-12.8113334998,-0.696835839846,-0.206103438486,-25.4937583173
4.386e-06,-0.23199655231,-0.78438047205,-37.2174750912,0,0,0,0,-36.0827674852,-38.3531644804,-37.7950068512,-37.4072431084,-37.6663007282,-43.5485471902,-44.1821622799,-10.6721600749,-11.3436728732,-11.0638987593,-12.8803054486,-36.0827674852,-10.6721600749,-38.3531644804,-11.3436728732,-37.4072431084,-11.0638987593,-43.5485471902,-12.8803054486,-0.78438047205,-0.23199655231,-25.4106074104
4.3962e-06,-0.257889666134,-0.871925104253,-37.2011982016,0,0,0,-0.010455498792,-35.964703124,-38.5036959157,-38.0931156895,-37.3757793641,-37.6463746825,-43.7817426047,-44.2524704208,-10.6372403098,-11.3881953887,-11.0545927626,-12.9492773974,-35.964703124,-10.6372403098,-38.5036959157,-11.3881953887,-37.3757793641,-11.0545927626,-43.7817426047,-12.9492773974,-0.871925104253,-0.257889666134,-25.3274628141
4.4064e-06,-0.283782779959,-0.959469736456,-37.1654513349,0,0,0,-0.0356514574343,-35.8466393888,-38.6542273509,-38.3912245264,-37.3443112374,-37.6020926985,-44.0149380191,-44.3227785597,-10.6023207299,-11.4327179041,-11.0452854697,-13.0182493462,-35.8466393888,-10.6023207299,-38.6542273509,-11.4327179041,-37.3443112374,-11.0452854697,-44.0149380191,-13.0182493462,-0.959469736456,-0.283782779959,-25.2443186588
4.4166e-06,-0.309675893783,-1.04701436866,-37.1193915536,0,0,0,-0.0686551861765,-35.7285756736,-38.8047587862,-38.6893333634,-37.3128429698,-37.5449097894,-44.2481334335,-44.3930866985,-10.567401156,-11.4772404196,-11.0359781351,-13.087221295,-35.7285756736,-10.567401156,-38.8047587862,-11.4772404196,-37.3128429698,-11.0359781351,-44.2481334335,-13.087221295,-1.04701436866,-0.309675893783,-25.1611745176
4.4268e-06,-0.335569007608,-1.13455900086,-37.0708925931,0,0,0,-0.103505584965,-35.6105119589,-38.9022962221,-38.9874422005,-37.2813746996,-37.4846755927,-44.3521444696,-44.4633948374,-10.5324815822,-11.5060889587,-11.0266707998,-13.1179845237,-35.6105119589,-10.5324815822,-38.9022962221,-11.5060889587,-37.2813746996,-11.0266707998,-44.3521444696,-13.1179845237,-1.13455900086,-0.335569007608,-25.0780303767
4.437e-06,-0.361462121432,-1.22210363307,-37.0221732968,0,0,0,-0.138522796951,-35.4924482442,-38.94137016,-39.2855510377,-37.2499064293,-37.4241657675,-44.3136380367,-44.5337029763,-10.4975620084,-11.5176458139,-11.0173634644,-13.1065955188,-35.4924482442,-10.4975620084,-38.94137016,-11.5176458139,-37.2499064293,-11.0173634644,-44.3136380367,-13.1065955188,-1.22210363307,-0.361462121432,-24.9948862358
4.4472e-06,-0.387355235256,-1.30964826527,-36.9734531541,0,0,0,-0.173540649832,-35.3743845294,-38.9570587382,-39.5836598748,-37.2184381589,-37.3636548833,-44.2189687791,-44.6040111151,-10.4626424346,-11.5222860073,-11.008056129,-13.0785952976,-35.3743845294,-10.4626424346,-38.9570587382,-11.5222860073,-37.2184381589,-11.008056129,-44.2189687791,-13.0785952976,-1.30964826527,-0.387355235256,-24.9117420949
4.4574e-06,-0.413248349081,-1.39719289747,-36.9247330114,0,0,0,-0.208558502713,-35.2563208147,-38.96836536,-39.881768712,-37.1869698886,-37.3031439991,-44.114548194,-44.674319254,-10.4277228608,-11.5256301543,-10.9987487937,-13.0477109371,-35.2563208147,-10.4277228608,-38.96836536,-11.5256301543,-37.1869698886,-10.9987487937,-44.114548194,-13.0477109371,-1.39719289747,-0.413248349081,-24.828597954
4.4676e-06,-0.439141462905,-1.48473752968,-36.8760128686,0,0,0,-0.243576355595,-35.1382571,-38.9791302397,-40.1798775492,-37.1555016183,-37.2426331149,-44.0091635752,-44.7446273928,-10.3928032869,-11.5288140708,-10.9894414583,-13.0165414454,-35.1382571,-10.3928032869,-38.9791302397,-11.5288140708,-37.1555016183,-10.9894414583,-44.0091635752,-13.0165414454,-1.48473752968,-0.439141462905,-24.745453813
4.4778e-06,-0.46503457673,-1.57228216188,-36.8273000298,0,0,0,-0.278594208476,-35.0201933852,-38.9898318849,-40.4779863863,-37.124033348,-37.1822343616,-43.90367749,-44.8149355317,-10.3578837131,-11.5319792845,-10.9801341229,-12.9853419431,-35.0201933852,-10.3578837131,-38.9898318849,-11.5319792845,-37.124033348,-10.9801341229,-43.90367749,-12.9853419431,-1.57228216188,-0.46503457673,-24.6623096721
4.488e-06,-0.490927690554,-1.65982679408,-36.7785930046,0,0,0,-0.313612061357,-34.9021296705,-39.000531025,-40.7760952235,-37.0925650777,-37.121924859,-43.7981874109,-44.8852436706,-10.3229641393,-11.5351437573,-10.9708267876,-12.9541412595,-34.9021296705,-10.3229641393,-39.000531025,-11.5351437573,-37.0925650777,-10.9708267876,-43.7981874109,-12.9541412595,-1.65982679408,-0.490927690554,-24.5791655312
4.4982e-06,-0.529064919479,-1.78876878623,-36.7298873841,0,0,0,-0.348629914239,-34.7439862983,-39.0112301135,-41.0742040607,-37.0455068332,-37.0616369252,-43.6926972494,-44.9555518094,-10.2761902497,-11.5383082148,-10.9569084228,-12.9229405516,-34.7439862983,-10.2761902497,-39.0112301135,-11.5383082148,-37.0455068332,-10.9569084228,-43.6926972494,-12.9229405516,-1.78876878623,-0.529064919479,-24.4677960486
4.5084e-06,-0.584513443356,-1.97624027622,-36.6811818656,0,0,0,-0.38364776712,-34.5291764569,-39.0219292012,-41.3723128978,-36.9764067637,-37.0013505589,-43.5872070868,-45.0258599483,-10.2126561814,-11.5414726721,-10.936470772,-12.8917398433,-34.5291764569,-10.2126561814,-39.0219292012,-11.5414726721,-36.9764067637,-10.936470772,-43.5872070868,-12.8917398433,-1.97624027622,-0.584513443356,-24.3165202754
4.5186e-06,-0.649174761745,-2.19486022956,-36.6324763505,0,0,0,-0.418665620001,-34.2842096261,-39.032628289,-41.670421735,-36.8955763872,-36.941064246,-43.4817169242,-45.0961680872,-10.1402026139,-11.5446371294,-10.9125636613,-12.860539135,-34.2842096261,-10.1402026139,-39.032628289,-11.5446371294,-36.8955763872,-10.9125636613,-43.4817169242,-12.860539135,-2.19486022956,-0.649174761745,-24.1440070122
4.5288e-06,-0.716035394388,-2.42091606561,-36.5837708355,0,0,0,-0.453683472883,-34.0320436011,-39.0433273769,-41.746885515,-36.8119457061,-36.8807779342,-43.3762267616,-45.0305167483,-10.0656197487,-11.5478015868,-10.8878283076,-12.8293384268,-34.0320436011,-10.0656197487,-39.0433273769,-11.5478015868,-36.8119457061,-10.8878283076,-43.3762267616,-12.8293384268,-2.42091606561,-0.716035394388,-23.9664238525
4.539e-06,-0.783100065412,-2.64766175555,-36.5350653205,0,0,0,-0.488701325764,-33.7792096808,-39.0540264647,-41.5779378028,-36.7280552305,-36.8204916225,-43.2707365991,-44.814327343,-9.99083934077,-11.5509660441,-10.8630161148,-12.7981377185,-33.7792096808,-9.99083934077,-39.0540264647,-11.5509660441,-36.7280552305,-10.8630161148,-43.2707365991,-12.7981377185,-2.64766175555,-0.783100065412,-23.78837034
4.5492e-06,-0.850166271823,-2.87441263663,-36.4863598055,0,0,0,-0.523719178645,-33.5263707345,-39.0647255526,-41.3149574949,-36.6441628,-36.7602053108,-43.1652464365,-44.5408433818,-9.91605744637,-11.5541305014,-10.8382033438,-12.7669370103,-33.5263707345,-9.91605744637,-39.0647255526,-11.5541305014,-36.6441628,-10.8382033438,-43.1652464365,-12.7669370103,-2.87441263663,-0.850166271823,-23.6103132881
4.5594e-06,-0.917232481249,-3.1011635279,-36.4376542905,0,0,0,-0.558737031527,-33.2735317784,-39.0754246405,-41.038522079,-36.5602703656,-36.699918999,-43.0597562739,-44.259533117,-9.84127554905,-11.5572949588,-10.8133905716,-12.735736302,-33.2735317784,-9.84127554905,-39.0754246405,-11.5572949588,-36.5602703656,-10.8133905716,-43.0597562739,-12.735736302,-3.1011635279,-0.917232481249,-23.4322562293
4.5696e-06,-0.984298690676,-3.32791441917,-36.3889487754,0,0,0,-0.593754884408,-33.0206928222,-39.0861237284,-40.7617783542,-36.4763779312,-36.6396326873,-42.9542661113,-43.9781985337,-9.76649365173,-11.5604594161,-10.7885777994,-12.7045355938,-33.0206928222,-9.76649365173,-39.0861237284,-11.5604594161,-36.4763779312,-10.7885777994,-42.9542661113,-12.7045355938,-3.32791441917,-0.984298690676,-23.2541991705
4.5798e-06,-1.0513649001,-3.55466531044,-36.3402432604,0,0,0,-0.628772737289,-32.7678418979,-39.0968228162,-40.4850660947,-36.3925336782,-36.5793463755,-42.8487759487,-43.6969080021,-9.69170821459,-11.5636238735,-10.7637792778,-12.6733348855,-32.7678418979,-9.69170821459,-39.0968228162,-11.5636238735,-36.3925336782,-10.7637792778,-42.8487759487,-12.6733348855,-3.55466531044,-1.0513649001,-23.0761336833
4.59e-06,-1.11843110953,-3.78141620171,-36.2915377454,0,0,0,-0.663790590171,-32.5149813994,-39.1075219041,-40.2083553974,-36.3087279688,-36.5190600638,-42.7432857861,-43.4156194919,-9.61691994571,-11.5667883308,-10.7389921562,-12.6421341772,-32.5149813994,-9.61691994571,-39.1075219041,-11.5667883308,-36.3087279688,-10.7389921562,-42.7432857861,-12.6421341772,-3.78141620171,-1.11843110953,-22.8980614537
4.6002e-06,-1.18549731895,-4.00816709299,-36.2186445986,0,0,0,-0.721524318002,-32.2621185608,-39.118220992,-39.9316447355,-36.2249316813,-36.4448564049,-42.6377956235,-43.1343310272,-9.54213098469,-11.5699527882,-10.7142078213,-12.610933469,-32.2621185608,-9.54213098469,-39.118220992,-11.5699527882,-36.2249316813,-10.7142078213,-42.6377956235,-12.610933469,-4.00816709299,-1.18549731895,-22.7199875761
4.6104e-06,-1.25256352838,-4.23491798426,-36.1114566835,0,0,0,-0.81146606316,-32.0092555458,-39.1289200799,-39.6549340741,-36.1411361046,-36.3509198431,-42.532305461,-42.8530425632,-9.46734197153,-11.5731172455,-10.6894236966,-12.5797327607,-32.0092555458,-9.46734197153,-39.1289200799,-11.5731172455,-36.1411361046,-10.6894236966,-42.532305461,-12.5797327607,-4.23491798426,-1.25256352838,-22.5419135743
4.6206e-06,-1.31962973781,-4.46166887553,-35.9859319627,0,0,0,-0.918628865356,-31.7563925246,-39.1396191677,-39.3782234127,-36.0573405536,-36.2464324471,-42.4268152984,-42.5717540991,-9.3925529565,-11.5762817028,-10.6646395795,-12.5485320525,-31.7563925246,-9.3925529565,-39.1396191677,-11.5762817028,-36.0573405536,-10.6646395795,-42.4268152984,-12.5485320525,-4.46166887553,-1.31962973781,-22.3638395681
4.6308e-06,-1.38669594723,-4.6884197668,-35.8559894881,0,0,0,-1.02994061204,-31.5035295032,-39.0978458441,-39.1015127513,-35.9735450031,-36.1394031151,-42.2856400916,-42.2904656351,-9.31776394143,-11.5639264533,-10.6398554626,-12.5067768183,-31.5035295032,-9.31776394143,-39.0978458441,-11.5639264533,-35.9735450031,-10.6398554626,-42.2856400916,-12.5067768183,-4.6884197668,-1.38669594723,-22.1857655618
4.641e-06,-1.45376215666,-4.91517065807,-35.7256264907,0,0,0,-1.14164729384,-31.2506664818,-38.9977628085,-38.8248020899,-35.8897494527,-36.032131818,-42.1048100532,-42.009177171,-9.24297492636,-11.534325005,-10.6150713457,-12.4532929186,-31.2506664818,-9.24297492636,-38.9977628085,-11.534325005,-35.8897494527,-10.6150713457,-42.1048100532,-12.4532929186,-4.91517065807,-1.45376215666,-22.0076915555
4.6512e-06,-1.52082836609,-5.14192154935,-35.5952588407,0,0,0,-1.25335834501,-30.9978034604,-38.8752844996,-38.5480914285,-35.8059539023,-35.9248578439,-41.9088937349,-41.727888707,-9.16818591129,-11.4980997315,-10.5902872288,-12.3953469667,-30.9978034604,-9.16818591129,-38.8752844996,-11.4980997315,-35.8059539023,-10.5902872288,-41.9088937349,-12.3953469667,-5.14192154935,-1.52082836609,-21.8296175491
4.6614e-06,-1.58789457551,-5.36867244062,-35.4648911726,0,0,0,-1.36506941323,-30.744940439,-38.7496418785,-38.2713807671,-35.7221583518,-35.8175838593,-41.7109855262,-41.446600243,-9.09339689622,-11.460938553,-10.5655031119,-12.3368118756,-30.744940439,-9.09339689622,-38.7496418785,-11.460938553,-35.7221583518,-10.5655031119,-41.7109855262,-12.3368118756,-5.36867244062,-1.58789457551,-21.6515435428
4.6716e-06,-1.65496078494,-5.59542333189,-35.3345235045,0,0,0,-1.47678048146,-30.4920774177,-38.6239563852,-37.9946701056,-35.6383628014,-35.7103098748,-41.513110329,-41.1653117789,-9.01860788115,-11.4237646942,-10.540718995,-12.2782865482,-30.4920774177,-9.01860788115,-38.6239563852,-11.4237646942,-35.6383628014,-10.540718995,-41.513110329,-12.2782865482,-5.59542333189,-1.65496078494,-21.4734695365
4.6818e-06,-1.72202699436,-5.82217422316,-35.2041554157,0,0,0,-1.5884915497,-30.2392143963,-38.4982845971,-37.7179594442,-35.5545672509,-35.6030206321,-41.3152539398,-40.8840233149,-8.94381886608,-11.386594889,-10.515934878,-12.2197667837,-30.2392143963,-8.94381886608,-38.4982845971,-11.386594889,-35.5545672509,-10.515934878,-41.3152539398,-12.2197667837,-5.82217422316,-1.72202699436,-21.2953955302
4.692e-06,-1.78909320379,-6.04892511443,-35.0737869885,0,0,0,-1.70020261794,-29.9863513749,-38.3726135083,-37.4412487828,-35.4707717005,-35.495719122,-41.1173984603,-40.6027348509,-8.86902985101,-11.3494252906,-10.4911507611,-12.1612472882,-29.9863513749,-8.86902985101,-38.3726135083,-11.3494252906,-35.4707717005,-10.4911507611,-41.1173984603,-12.1612472882,-6.04892511443,-1.78909320379,-21.1173215239
4.7022e-06,-1.85180176811,-6.26094280519,-34.9434184778,0,0,0,-1.81191368618,-29.9430598987,-38.2469424367,-37.1645381214,-35.4050473538,-35.3884145791,-40.9195430028,-40.3214463868,-8.85622557918,-11.3122556973,-10.4717115441,-12.1027277992,-29.9430598987,-8.85622557918,-38.2469424367,-11.3122556973,-35.4050473538,-10.4717115441,-40.9195430028,-12.1027277992,-6.26094280519,-1.85180176811,-21.0868343196
4.7124e-06,-1.90831427746,-6.45201163065,-34.8130499605,0,0,0,-1.92362475442,-30.1977543261,-38.1212713654,-36.88782746,-35.3650181175,-35.2811097992,-40.7216875458,-40.0401579228,-8.93155626717,-11.275086104,-10.4598721413,-12.0442083104,-30.1977543261,-8.93155626717,-38.1212713654,-11.275086104,-35.3650181175,-10.4598721413,-40.7216875458,-12.0442083104,-6.45201163065,-1.90831427746,-21.266198059
4.7226e-06,-1.96149840344,-6.63182719009,-34.6826814429,0,0,0,-2.03533582265,-30.612520175,-37.995600294,-36.6111167986,-35.3387917249,-35.1738050103,-40.5238320887,-39.7588694588,-9.05423110176,-11.2379165108,-10.4521151903,-11.9856888215,-30.612520175,-9.05423110176,-37.995600294,-11.2379165108,-35.3387917249,-10.4521151903,-40.5238320887,-11.9856888215,-6.63182719009,-1.96149840344,-21.5582890732
4.7328e-06,-2.01387335402,-6.80890692705,-34.5523129253,0,0,0,-2.14704689089,-31.0662015701,-37.8699292226,-36.4497559976,-35.3159209918,-35.0665002212,-40.3259766316,-39.5413700447,-9.18841594424,-11.2007469176,-10.445350739,-11.9271693327,-31.0662015701,-9.18841594424,-37.8699292226,-11.2007469176,-35.3159209918,-10.445350739,-40.3259766316,-11.9271693327,-6.80890692705,-2.01387335402,-21.8777856259
4.743e-06,-2.06616934549,-6.98571970322,-34.4219444078,0,0,0,-2.25875795913,-31.5236803331,-37.7442581513,-36.4170406061,-35.2933777031,-34.9591954321,-40.1281211745,-39.3950121857,-9.32372393002,-11.1635773243,-10.4386831355,-11.8686498438,-31.5236803331,-9.32372393002,-37.7442581513,-11.1635773243,-35.2933777031,-10.4386831355,-40.1281211745,-11.8686498438,-6.98571970322,-2.06616934549,-22.1999564031
4.7532e-06,-2.11846419439,-7.16252861635,-34.2915758902,0,0,0,-2.37046902737,-31.9812140458,-37.6185870799,-36.4344885442,-35.2708391526,-34.8518906429,-39.9302657174,-39.2763242159,-9.4590481682,-11.1264077311,-10.4320169334,-11.8101303549,-31.9812140458,-9.4590481682,-37.6185870799,-11.1264077311,-35.2708391526,-10.4320169334,-39.9302657174,-11.8101303549,-7.16252861635,-2.11846419439,-22.5221658776
4.7634e-06,-2.17075903665,-7.33933750704,-34.1612073726,0,0,0,-2.4821800956,-32.4387480776,-37.4929160085,-36.4595550683,-35.2483006296,-34.7445858538,-39.7324102604,-39.1617705774,-9.59437250078,-11.0892381378,-10.4253507395,-11.7516108661,-32.4387480776,-9.59437250078,-37.4929160085,-11.0892381378,-35.2483006296,-10.4253507395,-39.7324102604,-11.7516108661,-7.33933750704,-2.17075903665,-22.8443755769
4.7736e-06,-2.22305387889,-7.51614639768,-34.0308388551,0,0,0,-2.59389116384,-32.8962821103,-37.3672449372,-36.4849254716,-35.2257621067,-34.6372810647,-39.5345548033,-39.0473541824,-9.7296968336,-11.0520685446,-10.4186845456,-11.6930913772,-32.8962821103,-9.7296968336,-37.3672449372,-11.0520685446,-35.2257621067,-10.4186845456,-39.5345548033,-11.6930913772,-7.51614639768,-2.22305387889,-23.1665852767
4.7838e-06,-2.27534872114,-7.69295528831,-33.9004703375,0,0,0,-2.70560223208,-33.3538169804,-37.2415738658,-36.5102942916,-35.2032170134,-34.5299762755,-39.3366993462,-38.9329321366,-9.86502141411,-11.0148989514,-10.4120164084,-11.6345718884,-33.3538169804,-9.86502141411,-37.2415738658,-11.0148989514,-35.2032170134,-10.4120164084,-39.3366993462,-11.6345718884,-7.69295528831,-2.27534872114,-23.4887955663
4.794e-06,-2.32764356338,-7.86976417894,-33.77010182,0,0,0,-2.81731330032,-33.8113525271,-37.1159027944,-36.5356628189,-35.1806666112,-34.4226714864,-39.1388438891,-38.8185096973,-10.0003461947,-10.9777293581,-10.405346701,-11.5760523995,-33.8113525271,-10.0003461947,-37.1159027944,-10.9777293581,-35.1806666112,-10.405346701,-39.1388438891,-11.5760523995,-7.86976417894,-2.32764356338,-23.8110063324
4.8042e-06,-2.37993840562,-8.04657306957,-33.7088298074,0,0,0,-2.93667533429,-34.268888243,-36.9902317231,-36.5610313377,-35.1581148817,-34.365170664,-38.940988432,-38.7040872473,-10.1356710254,-10.9405597649,-10.398676601,-11.5175329107,-34.268888243,-10.1356710254,-36.9902317231,-10.9405597649,-35.1581148817,-10.398676601,-38.940988432,-11.5175329107,-8.04657306957,-2.37993840562,-24.1332172176
4.8144e-06,-2.43223324787,-8.22338196021,-33.7460824448,0,0,0,-3.06694687401,-34.7264239725,-36.8645606517,-36.5863998564,-35.135563045,-34.3786852768,-38.743132975,-38.5896647972,-10.2709958601,-10.9033901716,-10.3920064693,-11.4590134218,-34.7264239725,-10.2709958601,-36.8645606517,-10.9033901716,-35.135563045,-10.3920064693,-38.743132975,-11.4590134218,-8.22338196021,-2.43223324787,-24.4554281124
4.8246e-06,-2.48452809011,-8.40019085084,-33.8365059403,0,0,0,-3.2031059534,-35.1839597025,-36.7388895803,-36.611768375,-35.1130112039,-34.4305248331,-38.5452775179,-38.4752423471,-10.406320695,-10.8662205784,-10.3853363363,-11.400493933,-35.1839597025,-10.406320695,-36.7388895803,-10.8662205784,-35.1130112039,-10.3853363363,-38.5452775179,-11.400493933,-8.40019085084,-2.48452809011,-24.7776390076
4.8348e-06,-2.53682293235,-8.57699974147,-33.9399720712,0,0,0,-3.34070922676,-35.6414954326,-36.669784461,-36.6371368937,-35.0904593628,-34.4917653711,-38.4072962315,-38.360819897,-10.5416455298,-10.845781434,-10.3786662033,-11.3596833611,-35.6414954326,-10.5416455298,-36.669784461,-10.845781434,-35.0904593628,-10.3786662033,-38.4072962315,-11.3596833611,-8.57699974147,-2.53682293235,-25.0998499028
4.845e-06,-2.5891177746,-8.75380863211,-34.0447417575,0,0,0,-3.4784568411,-36.0990311627,-36.6639925079,-36.6625054124,-35.0679075216,-34.5539454967,-38.3363309362,-38.2463974468,-10.6769703647,-10.8440683545,-10.3719960703,-11.3386940345,-36.0990311627,-10.6769703647,-36.6639925079,-10.8440683545,-35.0679075216,-10.3719960703,-38.3363309362,-11.3386940345,-8.75380863211,-2.5891177746,-25.422060798
4.8552e-06,-2.64141261684,-8.93061752274,-34.149534591,0,0,0,-3.61620701851,-36.5565668928,-36.6830611584,-36.6878739311,-35.0453556805,-34.6161423067,-38.2916715041,-38.1319749967,-10.8122951995,-10.849708268,-10.3653259372,-11.3254851639,-36.5565668928,-10.8122951995,-36.6830611584,-10.849708268,-35.0453556805,-10.3653259372,-38.2916715041,-11.3254851639,-8.93061752274,-2.64141261684,-25.7442716932
4.8654e-06,-2.69370745908,-9.10742641337,-34.2543276025,0,0,0,-3.75395721563,-37.0141026229,-36.7059733608,-36.7132424498,-35.0228038393,-34.678339245,-38.2510706852,-38.0175525466,-10.9476200344,-10.8564849847,-10.3586558042,-11.3134767047,-37.0141026229,-10.9476200344,-36.7059733608,-10.8564849847,-35.0228038393,-10.3586558042,-38.2510706852,-11.3134767047,-9.10742641337,-2.69370745908,-26.0664825885
4.8756e-06,-2.74600230133,-9.284235304,-34.3591206147,0,0,0,-3.89170741282,-37.471638353,-36.7290530045,-36.7386109684,-35.0002519981,-34.7405361837,-38.2106432723,-37.9031300965,-11.0829448693,-10.8633112253,-10.3519856712,-11.3015195337,-37.471638353,-11.0829448693,-36.7290530045,-10.8633112253,-35.0002519981,-10.3519856712,-38.2106432723,-11.3015195337,-9.284235304,-2.74600230133,-26.3886934837
4.8858e-06,-2.79829714357,-9.46104419464,-34.4639137101,0,0,0,-4.02945761002,-37.929174083,-36.7521330078,-36.7639794871,-34.977700157,-34.8027351705,-38.1702156375,-37.7887076463,-11.2182697041,-10.8701375722,-10.3453155382,-11.2895622971,-37.929174083,-11.2182697041,-36.7521330078,-10.8701375722,-34.977700157,-10.3453155382,-38.1702156375,-11.2895622971,-9.46104419464,-2.79829714357,-26.7109043789
4.896e-06,-2.85059198581,-9.63785308527,-34.568706873,0,0,0,-4.16720780721,-38.3867098131,-36.7752128919,-36.7893480058,-34.9551483158,-34.8649358204,-38.1297878456,-37.6742851962,-11.353594539,-10.8769638839,-10.3386454052,-11.2776050139,-38.3867098131,-11.353594539,-36.7752128919,-10.8769638839,-34.9551483158,-10.3386454052,-38.1297878456,-11.2776050139,-9.63785308527,-2.85059198581,-27.0331152741
4.9062e-06,-2.89233371241,-9.77898188606,-34.673500053,0,0,0,-4.30495800441,-38.6597938921,-36.7982927721,-36.8147165245,-34.9560151615,-34.9271368906,-38.0893600487,-37.5598627461,-11.4343643138,-10.8837901945,-10.3389017911,-11.2656477293,-38.6597938921,-11.4343643138,-36.7982927721,-10.8837901945,-34.9560151615,-10.3389017911,-38.0893600487,-11.2656477293,-9.77898188606,-2.89233371241,-27.2254295783
4.9164e-06,-2.91898536106,-9.86909112492,-34.7782932344,0,0,0,-4.44270820161,-38.6691274457,-36.8213726522,-36.8400850432,-34.9903687822,-34.9893379959,-38.0489322517,-37.445440296,-11.4371248886,-10.890616505,-10.3490625234,-11.2536904447,-38.6691274457,-11.4371248886,-36.8213726522,-10.890616505,-34.9903687822,-10.3490625234,-38.0489322517,-11.2536904447,-9.86909112492,-2.91898536106,-27.2320025571
4.9266e-06,-2.93745576287,-9.93153956369,-34.8830864159,0,0,0,-4.5804583988,-38.5354658367,-36.8444525323,-36.8654535618,-35.0428776155,-35.0515391026,-38.0085044548,-37.3310178458,-11.3975919429,-10.8974428155,-10.3645930027,-11.2417331601,-38.5354658367,-11.3975919429,-36.8444525323,-10.8974428155,-35.0428776155,-10.3645930027,-38.0085044548,-11.2417331601,-9.93153956369,-2.93745576287,-27.1378738938
4.9368e-06,-2.95390153504,-9.98714272852,-34.9878795974,0,0,0,-4.718208596,-38.3664169267,-36.8675324124,-36.8890727364,-35.0998793558,-35.1137402095,-37.9680766578,-37.2725849974,-11.3475925345,-10.904269126,-10.3814523442,-11.2297758755,-38.3664169267,-11.3475925345,-36.8675324124,-10.904269126,-35.0998793558,-10.3814523442,-37.9680766578,-11.2297758755,-9.98714272852,-2.95390153504,-27.0188243922
4.947e-06,-2.97014021186,-10.0420457039,-35.0926727789,0,0,0,-4.85595879319,-38.1937483198,-36.8906122925,-36.9107268761,-35.1573406667,-35.1759413163,-37.9276488608,-37.2770451656,-11.2965225324,-10.9110954365,-10.3984476123,-11.2178185909,-38.1937483198,-11.2965225324,-36.8906122925,-10.9110954365,-35.1573406667,-10.3984476123,-37.9276488608,-11.2178185909,-10.0420457039,-2.97014021186,-26.8972257875
4.9572e-06,-2.98637455351,-10.096934022,-35.1974659604,0,0,0,-4.99370899039,-38.0210039411,-36.9136921726,-36.9316199984,-35.2148115979,-35.2381424231,-37.8872210638,-37.3064258839,-11.2454301193,-10.917921747,-10.4154457258,-11.2058613062,-38.0210039411,-11.2454301193,-36.9136921726,-10.917921747,-35.2148115979,-10.4154457258,-37.8872210638,-11.2058613062,-10.096934022,-2.98637455351,-26.7755738218
4.9674e-06,-3.00260885377,-10.1518222002,-35.3022591419,0,0,0,-5.13145918758,-37.8482588389,-36.9367720527,-36.9524087727,-35.2722826209,-35.3003435299,-37.8467932668,-37.3397788674,-11.1943374922,-10.9247480575,-10.4324438664,-11.1939040216,-37.8482588389,-11.1943374922,-36.9367720527,-10.9247480575,-35.2722826209,-10.4324438664,-37.8467932668,-11.1939040216,-10.1518222002,-3.00260885377,-26.6539213467
4.9776e-06,-3.01884315381,-10.2067103776,-35.4070523234,0,0,0,-5.26920938478,-37.675513733,-36.9598519328,-36.9731988659,-35.3297536443,-35.3625446367,-37.8063654699,-37.3733402113,-11.1432448641,-10.931574368,-10.4494420072,-11.181946737,-37.675513733,-11.1432448641,-36.9598519328,-10.931574368,-35.3297536443,-10.4494420072,-37.8063654699,-11.181946737,-10.2067103776,-3.01884315381,-26.5322688689
4.9878e-06,-3.03507745385,-10.2615985551,-35.5118455049,0,0,0,-5.40695958198,-37.5027684855,-36.9829318129,-36.9939900418,-35.387225553,-35.4247457435,-37.7659376729,-37.4069069463,-11.092152194,-10.9384006785,-10.4664404099,-11.1699894524,-37.5027684855,-11.092152194,-36.9829318129,-10.9384006785,-35.387225553,-10.4664404099,-37.7659376729,-11.1699894524,-10.2615985551,-3.03507745385,-26.4106162915
4.998e-06,-3.0513117539,-10.3164867325,-35.6166386864,0,0,0,-5.54470977917,-37.3300231225,-37.006011693,-37.0147812814,-35.4446981841,-35.4869468503,-37.7255098759,-37.4404737999,-11.0410594898,-10.9452269891,-10.4834390261,-11.1580321677,-37.3300231225,-11.0410594898,-37.006011693,-10.9452269891,-35.4446981841,-10.4834390261,-37.7255098759,-11.1580321677,-10.3164867325,-3.0513117539,-26.2889636327
5.0082e-06,-3.06754605394,-10.3713749099,-35.6890732191,0,0,0,-5.67279896503,-37.15727773,-37.029091573,-37.0355725229,-35.5021709997,-35.5463917333,-37.6850820789,-37.474040656,-10.9899667769,-10.9520532996,-10.500437697,-11.1460748831,-37.15727773,-10.9899667769,-37.029091573,-10.9520532996,-35.5021709997,-10.500437697,-37.6850820789,-11.1460748831,-10.3713749099,-3.06754605394,-26.1673109531
5.0184e-06,-3.08378035398,-10.4262630874,-35.7151075679,0,0,0,-5.7870348931,-36.9845323349,-37.0521714531,-37.0563637644,-35.5596438312,-35.6018843717,-37.6446542819,-37.5076075122,-10.9388740632,-10.9588796101,-10.5174363725,-11.1341175985,-36.9845323349,-10.9388740632,-37.0521714531,-10.9588796101,-35.5596438312,-10.5174363725,-37.6446542819,-11.1341175985,-10.4262630874,-3.08378035398,-26.0456582718
5.0286e-06,-3.10001465402,-10.4811512648,-35.7158701474,0,0,0,-5.89372567148,-36.8117869398,-37.0752513332,-37.0771550059,-35.6171166634,-35.6552244279,-37.604226485,-37.5411743683,-10.8877813495,-10.9657059206,-10.5344350483,-11.1221603139,-36.8117869398,-10.8877813495,-37.0752513332,-10.9657059206,-35.6171166634,-10.5344350483,-37.604226485,-11.1221603139,-10.4811512648,-3.10001465402,-25.9240055903
5.0388e-06,-3.11624895406,-10.5360394423,-35.710323889,0,0,0,-5.99853288066,-36.6390415446,-37.0920546683,-37.0979462474,-35.6745894957,-35.708027114,-37.5832734225,-37.5747412245,-10.8366886357,-10.9706758243,-10.5514337241,-11.1159630498,-36.6390415446,-10.8366886357,-37.0920546683,-10.9706758243,-35.6745894957,-10.5514337241,-37.5832734225,-11.1159630498,-10.5360394423,-3.11624895406,-25.8023529089
5.049e-06,-3.1324832541,-10.5909276197,-35.7041176795,0,0,0,-6.10314305455,-36.4662961495,-37.1017823546,-37.118737489,-35.7320623279,-35.7607735872,-37.5842745369,-37.6083080807,-10.785595922,-10.9735529713,-10.5684323999,-11.1162591483,-36.4662961495,-10.785595922,-37.1017823546,-10.9735529713,-35.7320623279,-10.5684323999,-37.5842745369,-11.1162591483,-10.5909276197,-3.1324832541,-25.6807002274
5.0592e-06,-3.14871755414,-10.6458157972,-35.697895626,0,0,0,-6.20774849803,-36.2935507543,-37.1086974619,-37.1395287305,-35.7895351601,-35.8135187109,-37.5940330831,-37.6418749368,-10.7345032083,-10.9755982449,-10.5854310756,-11.1191454227,-36.2935507543,-10.7345032083,-37.1086974619,-10.9755982449,-35.7895351601,-10.5854310756,-37.5940330831,-11.1191454227,-10.6458157972,-3.14871755414,-25.559047546
5.0694e-06,-3.16495185419,-10.7007039746,-35.6916733921,0,0,0,-6.31235388768,-36.1208053592,-37.1151666263,-37.160319972,-35.8470079924,-35.8662638192,-37.6052097905,-37.675441793,-10.6834104946,-10.9775116225,-10.6024297514,-11.122451145,-36.1208053592,-10.6834104946,-37.1151666263,-10.9775116225,-35.8470079924,-10.6024297514,-37.6052097905,-11.122451145,-10.7007039746,-3.16495185419,-25.4373948646
5.0796e-06,-3.18118615423,-10.7555921521,-35.685451157,0,0,0,-6.41695927698,-35.948059964,-37.121614863,-37.1811112135,-35.9044808246,-35.9190089274,-37.616465189,-37.7090086491,-10.6323177809,-10.9794188103,-10.6194284272,-11.1257801418,-35.948059964,-10.6323177809,-37.121614863,-10.9794188103,-35.9044808246,-10.6194284272,-37.616465189,-11.1257801418,-10.7555921521,-3.18118615423,-25.3157421831
5.0898e-06,-3.19742045427,-10.8104803295,-35.6792289151,0,0,0,-6.52156466627,-35.7753145688,-37.1280630856,-37.201902455,-35.9619536568,-35.9717537673,-37.627722862,-37.7425755053,-10.5812250671,-10.9813259939,-10.636427103,-11.1291098112,-35.7753145688,-10.5812250671,-37.1280630856,-10.9813259939,-35.9619536568,-10.636427103,-37.627722862,-11.1291098112,-10.8104803295,-3.19742045427,-25.1940895017
5.1e-06,-3.21365475431,-10.865368507,-35.6730066675,0,0,0,-6.62617005557,-35.6025691737,-37.1345113312,-37.2226936965,-36.0194264891,-36.024498387,-37.6389805899,-37.7761423615,-10.5301323534,-10.9832331844,-10.6534257787,-11.1324394969,-35.6025691737,-10.5301323534,-37.1345113312,-10.9832331844,-36.0194264891,-10.6534257787,-37.6389805899,-11.1324394969,-10.865368507,-3.21365475431,-25.0724368203
5.1102e-06,-3.2311992022,-10.924686295,-35.6667844185,0,0,0,-6.73077544486,-35.4784052634,-37.1409595776,-37.2434849381,-36.0616309695,-36.07724295,-37.650238319,-37.8097092176,-10.4934085316,-10.985140375,-10.6659085511,-11.1357691829,-35.4784052634,-10.4934085316,-37.1409595776,-10.985140375,-36.0616309695,-10.6659085511,-37.650238319,-11.1357691829,-10.924686295,-3.2311992022,-24.9849967319
5.1204e-06,-3.2506275801,-10.9903736514,-35.6605621693,0,0,0,-6.83538083416,-35.4240992069,-37.147407824,-37.2642761796,-36.0818802896,-36.1299875079,-37.6614960481,-37.8432760738,-10.4773464895,-10.9870475657,-10.67189767,-11.139098869,-35.4240992069,-10.4773464895,-37.147407824,-10.9870475657,-36.0818802896,-10.67189767,-37.6614960481,-11.139098869,-10.9903736514,-3.2506275801,-24.9467527174
5.1306e-06,-3.27108671775,-11.0595460072,-35.6543399202,0,0,0,-6.93998622346,-35.4080146685,-37.1538560704,-37.2850674211,-36.090117223,-36.1827320655,-37.6727537773,-37.87684293,-10.4725891835,-10.9889547564,-10.6743338986,-11.142428555,-35.4080146685,-10.4725891835,-37.1538560704,-10.9889547564,-36.090117223,-10.6743338986,-37.6727537773,-11.142428555,-11.0595460072,-3.27108671775,-24.935425485
5.1408e-06,-3.2918054007,-11.1295958857,-35.648117671,0,0,0,-7.04459161275,-35.4015543075,-37.1603043168,-37.2950911766,-36.0953294377,-36.2354766232,-37.6840115064,-37.8936609929,-10.4706784097,-10.9908619471,-10.6758755096,-11.1457582411,-35.4015543075,-10.4706784097,-37.1603043168,-10.9908619471,-36.0953294377,-10.6758755096,-37.6840115064,-11.1457582411,-11.1295958857,-3.2918054007,-24.9308758979
5.151e-06,-3.31255183022,-11.1997395754,-35.6418954218,0,0,0,-7.14919700205,-35.3961228151,-37.1667525632,-37.2929333143,-36.1002182961,-36.2882211809,-37.6952692356,-37.8915305846,-10.4690719432,-10.9927691378,-10.6773214818,-11.1490879271,-35.3961228151,-10.4690719432,-37.1667525632,-10.9927691378,-36.1002182961,-10.6773214818,-37.6952692356,-11.1490879271,-11.1997395754,-3.31255183022,-24.9270508719
5.1612e-06,-3.33329900859,-11.269885797,-35.6356731727,0,0,0,-7.25380239134,-35.3907190909,-37.1732008097,-37.2858868064,-36.1050984275,-36.3409657385,-37.7065269647,-37.8817969235,-10.4674736897,-10.9946763285,-10.6787648729,-11.1524176132,-35.3907190909,-10.4674736897,-37.1732008097,-10.9946763285,-36.1050984275,-10.6787648729,-37.7065269647,-11.1524176132,-11.269885797,-3.33329900859,-24.9232454012
5.1714e-06,-3.35404619684,-11.340032052,-35.6294509235,0,0,0,-7.35840778064,-35.3853157329,-37.1796490561,-37.2780390844,-36.1099784437,-36.3937102962,-37.7177846939,-37.8708181311,-10.4658755445,-10.9965835191,-10.6802082298,-11.1557472992,-35.3853157329,-10.4658755445,-37.1796490561,-10.9965835191,-36.1099784437,-10.6802082298,-37.7177846939,-11.1557472992,-11.340032052,-3.35404619684,-24.9194401884
5.1816e-06,-3.37479338517,-11.4101783073,-35.6232286743,0,0,0,-7.46301316993,-35.3799123778,-37.1860973025,-37.2701456408,-36.1148584591,-36.4464548538,-37.729042423,-37.8597686823,-10.4642774001,-10.9984907098,-10.6816515866,-11.1590769853,-35.3799123778,-10.4642774001,-37.1860973025,-10.9984907098,-36.1148584591,-10.6816515866,-37.729042423,-11.1590769853,-11.4101783073,-3.37479338517,-24.9156349776
5.1918e-06,-3.39554057349,-11.4803245625,-35.6170064252,0,0,0,-7.56761855923,-35.3745090355,-37.1925455489,-37.2622509189,-36.1197383582,-36.4991994115,-37.7403001521,-37.8487173215,-10.4626792596,-11.0003979005,-10.6830949089,-11.1624066713,-35.3745090355,-10.4626792596,-37.1925455489,-11.0003979005,-36.1197383582,-10.6830949089,-37.7403001521,-11.1624066713,-11.4803245625,-3.39554057349,-24.9118297759
5.202e-06,-3.41628776182,-11.5504708178,-35.610784176,0,0,0,-7.67222394853,-35.3691057037,-37.1989937953,-37.2543561708,-36.1246181616,-36.5519439691,-37.7515578813,-37.8376659243,-10.4610811221,-11.0023050912,-10.6845382029,-11.1657363574,-35.3691057037,-10.4610811221,-37.1989937953,-11.0023050912,-36.1246181616,-10.6845382029,-37.7515578813,-11.1657363574,-11.5504708178,-3.41628776182,-24.9080245816
5.2122e-06,-3.43703495015,-11.620617073,-35.6046566428,0,0,0,-7.77284378364,-35.3637023747,-37.2054420418,-37.2464614221,-36.12949794,-36.5770082282,-37.7628156104,-37.8266145264,-10.4594829855,-11.0042122819,-10.6859814896,-11.1690660434,-35.3637023747,-10.4594829855,-37.2054420418,-11.0042122819,-36.12949794,-10.6859814896,-37.7628156104,-11.1690660434,-11.620617073,-3.43703495015,-24.9042193892
5.2224e-06,-3.45778213848,-11.6907633282,-35.5986656873,0,0,0,-7.86771656964,-35.358299046,-37.2118902882,-37.2385666734,-36.1343777161,-36.5621583302,-37.7740733396,-37.8155631285,-10.457884849,-11.0061194726,-10.6874247755,-11.1723957295,-35.358299046,-10.457884849,-37.2118902882,-11.0061194726,-36.1343777161,-10.6874247755,-37.7740733396,-11.1723957295,-11.6907633282,-3.45778213848,-24.900414197
5.2326e-06,-3.47852932681,-11.7609095835,-35.5927497967,0,0,0,-7.95943069256,-35.3528957173,-37.2183385346,-37.2306719247,-36.1392574922,-36.525371022,-37.7853310687,-37.8045117307,-10.4562867124,-11.0080266632,-10.6888680615,-11.1757254155,-35.3528957173,-10.4562867124,-37.2183385346,-11.0080266632,-36.1392574922,-10.6888680615,-37.7853310687,-11.1757254155,-11.7609095835,-3.47852932681,-24.8966090048
5.2428e-06,-3.49927651513,-11.8310558387,-35.5868529692,0,0,0,-8.05034266402,-35.3474923885,-37.2206805824,-37.2227771761,-36.1441372682,-36.4830126461,-37.7901630927,-37.7934603328,-10.4546885759,-11.0087193681,-10.6903113474,-11.1771545779,-35.3474923885,-10.4546885759,-37.2206805824,-11.0087193681,-36.1441372682,-10.6903113474,-37.7901630927,-11.1771545779,-11.8310558387,-3.49927651513,-24.8928038126
5.253e-06,-3.52002370346,-11.901202094,-35.580958223,0,0,0,-8.14116705644,-35.3420890598,-37.2183606528,-37.2148824274,-36.1490170442,-36.4400460201,-37.7876996847,-37.7824089349,-10.4530904394,-11.0080332051,-10.6917546333,-11.1764259784,-35.3420890598,-10.4530904394,-37.2183606528,-11.0080332051,-36.1490170442,-10.6917546333,-37.7876996847,-11.1764259784,-11.901202094,-3.52002370346,-24.8889986204
5.2632e-06,-3.54077089179,-11.9713483492,-35.575063539,0,0,0,-8.23198883167,-35.3366857311,-37.2141576582,-37.2069876787,-36.1538968202,-36.3970612173,-37.7822899436,-37.771357537,-10.4514923028,-11.0067900901,-10.6931979193,-11.1748259453,-35.3366857311,-10.4514923028,-37.2141576582,-11.0067900901,-36.1538968202,-10.6931979193,-37.7822899436,-11.1748259453,-11.9713483492,-3.54077089179,-24.8851934283
5.2734e-06,-3.56151808012,-12.0414946045,-35.5691688559,0,0,0,-8.3228105677,-35.3312824024,-37.2096415068,-37.19909293,-36.1587765962,-36.3540761422,-37.7763906448,-37.7603061392,-10.4498941663,-11.005454353,-10.6946412052,-11.1730811163,-35.3312824024,-10.4498941663,-37.2096415068,-11.005454353,-36.1587765962,-10.6946412052,-37.7763906448,-11.1730811163,-12.0414946045,-3.56151808012,-24.8813882361
5.2836e-06,-3.58226526845,-12.1116408597,-35.5632741728,0,0,0,-8.41363230338,-35.3258790736,-37.2051066423,-37.1911981814,-36.1636563722,-36.3110910647,-37.7704622623,-37.7492547413,-10.4482960298,-11.0041130811,-10.6960844911,-11.1713276852,-35.3258790736,-10.4482960298,-37.2051066423,-11.0041130811,-36.1636563722,-10.6960844911,-37.7704622623,-11.1713276852,-12.1116408597,-3.58226526845,-24.8775830439
5.2938e-06,-3.5955075237,-12.1564129321,-35.5573794908,0,0,0,-8.50445403906,-35.3539913043,-37.200571212,-37.1833034327,-36.1769213959,-36.2681060219,-37.7645330279,-37.7382033434,-10.456610753,-11.002771642,-10.7000078725,-11.1695740021,-35.3539913043,-10.456610753,-37.200571212,-11.002771642,-36.1769213959,-10.7000078725,-37.7645330279,-11.1695740021,-12.1564129321,-3.5955075237,-24.8973805513
5.304e-06,-3.59789293926,-12.1644780234,-35.5514848095,0,0,0,-8.59527577473,-35.4305880522,-37.1960357693,-37.175408684,-36.2023167463,-36.2251210079,-37.758603776,-37.7271519455,-10.4792656881,-11.0014301991,-10.7075190271,-11.1678203138,-35.4305880522,-10.4792656881,-37.1960357693,-11.0014301991,-36.2023167463,-10.7075190271,-37.758603776,-11.1678203138,-12.1644780234,-3.59789293926,-24.9513223641
5.3142e-06,-3.5966535369,-12.1602876033,-35.5455901285,0,0,0,-8.68609751041,-35.536763647,-37.1915003263,-37.1675139353,-36.2282178041,-36.1821360016,-37.7526745238,-37.7161005477,-10.5106691259,-11.0000887562,-10.7151797542,-11.1660666255,-35.536763647,-10.5106691259,-37.1915003263,-11.0000887562,-36.2282178041,-10.7151797542,-37.7526745238,-11.1660666255,-12.1602876033,-3.5966535369,-25.0260945211
5.3244e-06,-3.59730777192,-12.1624995723,-35.5396954475,0,0,0,-8.77691924608,-35.6538460232,-37.1869648833,-37.1596191866,-36.2468780982,-36.1391509959,-37.7467452715,-37.7050491498,-10.5452984503,-10.9987473132,-10.7206988886,-11.1643129371,-35.6538460232,-10.5452984503,-37.1869648833,-10.9987473132,-36.2468780982,-10.7206988886,-37.7467452715,-11.1643129371,-12.1624995723,-3.59730777192,-25.1085475729
5.3346e-06,-3.59968459941,-12.1705356274,-35.5338007665,0,0,0,-8.86774098176,-35.7739260565,-37.1824294403,-37.151724438,-36.2607842568,-36.0961659903,-37.7408160193,-37.6939977519,-10.5808143884,-10.9974058703,-10.7248118977,-11.1625592488,-35.7739260565,-10.5808143884,-37.1824294403,-10.9974058703,-36.2607842568,-10.7248118977,-37.7408160193,-11.1625592488,-12.1705356274,-3.59968459941,-25.1931116681
5.3448e-06,-3.6025408527,-12.1801926213,-35.5279060855,0,0,0,-8.95856271743,-35.8946028675,-37.1778939973,-37.1463316389,-36.2734301269,-36.0531809846,-37.734886767,-37.6867613874,-10.6165068348,-10.9960644274,-10.7285521527,-11.1608055604,-35.8946028675,-10.6165068348,-37.1778939973,-10.9960644274,-36.2734301269,-10.7285521527,-37.734886767,-11.1608055604,-12.1801926213,-3.6025408527,-25.2780960327
5.355e-06,-3.60545105155,-12.1900320053,-35.5220114046,0,0,0,-9.04938445311,-36.0153438545,-37.1733585543,-37.1437894834,-36.285934975,-36.010195979,-37.7289575148,-37.6838717533,-10.6522182625,-10.9947229844,-10.7322506977,-11.1590518721,-36.0153438545,-10.6522182625,-37.1733585543,-10.9947229844,-36.285934975,-10.7322506977,-37.7289575148,-11.1590518721,-12.1900320053,-3.60545105155,-25.3631255921
5.3652e-06,-3.60836301431,-12.199877353,-35.5161167236,0,0,0,-9.14020618878,-36.13608694,-37.1547989459,-37.1424058311,-36.2984352119,-35.9672109734,-37.7262314571,-37.6827484802,-10.6879303108,-10.9892336296,-10.7359478789,-11.158245619,-36.13608694,-10.6879303108,-37.1547989459,-10.9892336296,-36.2984352119,-10.7359478789,-37.7262314571,-11.158245619,-12.199877353,-3.60836301431,-25.4481566292
5.3754e-06,-3.61127500662,-12.2097228006,-35.5102220426,0,0,0,-9.23102792446,-36.2568300607,-37.1115951836,-37.1412172787,-36.3109353716,-35.9242259677,-37.7291342561,-37.6819225262,-10.7236423695,-10.9764553008,-10.7396450373,-11.1591042593,-36.2568300607,-10.7236423695,-37.1115951836,-10.9764553008,-36.3109353716,-10.7396450373,-37.7291342561,-11.1591042593,-12.2097228006,-3.61127500662,-25.5331876911
5.3856e-06,-3.61418699922,-12.2195682492,-35.5043273616,0,0,0,-9.32184966013,-36.3775731817,-37.0510689125,-37.1400407651,-36.3234355305,-35.8812409621,-37.735993609,-37.6811148586,-10.7593544283,-10.9585535129,-10.7433421954,-11.1611331622,-36.3775731817,-10.7593544283,-37.0510689125,-10.9585535129,-36.3234355305,-10.7433421954,-37.735993609,-11.1611331622,-12.2195682492,-3.61418699922,-25.6182187533
5.3958e-06,-3.61709899183,-12.2294136978,-35.511785258,0,0,0,-9.4025623376,-36.4983163009,-36.9844545991,-37.1388646201,-36.3359357045,-35.854959343,-37.7442435033,-37.680307741,-10.7950664867,-10.9388510713,-10.747039358,-11.163573357,-36.4983163009,-10.7950664867,-36.9844545991,-10.9388510713,-36.3359357045,-10.747039358,-37.7442435033,-11.163573357,-12.2294136978,-3.61709899183,-25.7032498142
5.406e-06,-3.62001098444,-12.2392591464,-35.5386130014,0,0,0,-9.46861036238,-36.6190594187,-36.9167704562,-37.1376884826,-36.3484358911,-35.8529084047,-37.7527377525,-37.6795006342,-10.8307785445,-10.9188322075,-10.7507365243,-11.1660858266,-36.6190594187,-10.8307785445,-36.9167704562,-10.9188322075,-36.3484358911,-10.7507365243,-37.7527377525,-11.1660858266,-12.2392591464,-3.62001098444,-25.7882808741
5.4162e-06,-3.62292297705,-12.2491045951,-35.5773589204,0,0,0,-9.52734481211,-36.739802536,-36.8490111143,-37.1365123453,-36.360936081,-35.8794211262,-37.7612491775,-37.6786935276,-10.8664906023,-10.8987911022,-10.7544336915,-11.1686033765,-36.739802536,-10.8664906023,-36.8490111143,-10.8987911022,-36.360936081,-10.7544336915,-37.7612491775,-11.1686033765,-12.2491045951,-3.62292297705,-25.8733119337
5.4264e-06,-3.62583496966,-12.2589500437,-35.6205791843,0,0,0,-9.58517060332,-36.8605456534,-36.7812517725,-37.135336208,-36.3734362712,-35.9313303166,-37.7697606024,-37.6778864209,-10.90220266,-10.8787499969,-10.7581308589,-11.1711209264,-36.8605456534,-10.90220266,-36.7812517725,-10.8787499969,-36.3734362712,-10.7581308589,-37.7697606024,-11.1711209264,-12.2589500437,-3.62583496966,-25.9583429933
5.4366e-06,-3.62874696226,-12.2687954923,-35.6650565041,0,0,0,-9.64341936936,-36.9812887707,-36.7134924307,-37.1341600706,-36.3859364614,-35.9957921329,-37.7782720274,-37.6770793143,-10.9379147178,-10.8587088917,-10.7618280263,-11.1736384763,-36.9812887707,-10.9379147178,-36.7134924307,-10.8587088917,-36.3859364614,-10.7618280263,-37.7782720274,-11.1736384763,-12.2687954923,-3.62874696226,-26.0433740529
5.4468e-06,-3.63165895487,-12.2786409409,-35.7097880846,0,0,0,-9.70183062978,-37.1020318881,-36.6467002013,-37.1329839333,-36.3984366516,-36.0634074869,-37.7883249004,-37.6762722077,-10.9736267755,-10.8389538281,-10.7655251937,-11.1766119385,-37.1020318881,-10.9736267755,-36.6467002013,-10.8389538281,-36.3984366516,-10.7655251937,-37.7883249004,-11.1766119385,-12.2786409409,-3.63165895487,-26.1284051125
5.457e-06,-3.63457094748,-12.2884863895,-35.7545475189,0,0,0,-9.76026115427,-37.2227750054,-36.5810137553,-37.131807796,-36.4109368418,-36.1313799903,-37.8001402442,-37.6754651011,-11.0093388333,-10.8195258209,-10.7692223611,-11.1801066848,-37.2227750054,-11.0093388333,-36.5810137553,-10.8195258209,-36.4109368418,-10.7692223611,-37.8001402442,-11.1801066848,-12.2884863895,-3.63457094748,-26.2134361721
5.4672e-06,-3.63748294009,-12.2983318382,-35.799307939,0,0,0,-9.81869236234,-37.3435181228,-36.5157795635,-37.102695566,-36.4234370321,-36.1993651489,-37.8126763447,-37.6810387477,-11.045050891,-10.8002315764,-10.7729195285,-11.1838146084,-37.3435181228,-11.045050891,-36.5157795635,-10.8002315764,-36.4234370321,-10.7729195285,-37.8126763447,-11.1838146084,-12.2983318382,-3.63748294009,-26.2984672317
5.4774e-06,-3.6403949327,-12.3081772868,-35.8440683773,0,0,0,-9.87712358305,-37.4642612401,-36.450622603,-37.0243800222,-36.4359372223,-36.2673505415,-37.8253354545,-37.6978506948,-11.0807629488,-10.7809601746,-10.7766166958,-11.1875589145,-37.4642612401,-11.0807629488,-36.450622603,-10.7809601746,-36.4359372223,-10.7766166958,-37.8253354545,-11.1875589145,-12.3081772868,-3.6403949327,-26.3834982913
5.4876e-06,-3.64330692531,-12.3180227354,-35.8888288159,0,0,0,-9.9355548039,-37.5850043574,-36.3854706061,-36.9113608644,-36.4484374125,-36.3353359369,-37.8380024401,-37.7225891333,-11.1164750065,-10.7616902408,-10.7803138632,-11.1913055499,-37.5850043574,-11.1164750065,-36.3854706061,-10.7616902408,-36.4484374125,-10.7803138632,-37.8380024401,-11.1913055499,-12.3180227354,-3.64330692531,-26.4685293509
5.4978e-06,-3.63438050879,-12.2878425162,-35.9335892543,0,0,0,-9.99398602475,-37.7444991019,-36.3203187717,-36.78607571,-36.4760110067,-36.4033213278,-37.8506696784,-37.7501291911,-11.16364859,-10.7424203551,-10.7884692746,-11.1950522601,-37.7444991019,-11.16364859,-36.3203187717,-10.7424203551,-36.4760110067,-10.7884692746,-37.8506696784,-11.1950522601,-12.2878425162,-3.63438050879,-26.5808505119
5.508e-06,-3.60823320277,-12.1994384601,-35.9783496927,0,0,0,-10.0524172456,-37.9603643841,-36.2551669408,-36.6586107349,-36.525511316,-36.471306715,-37.863336922,-37.7781671317,-11.2274948249,-10.7231504704,-10.8031099261,-11.1987989718,-37.9603643841,-11.2274948249,-36.2551669408,-10.7231504704,-36.525511316,-10.8031099261,-37.863336922,-11.1987989718,-12.1994384601,-3.60823320277,-26.7328695592
5.5182e-06,-3.57198139664,-12.0768710834,-36.023110131,0,0,0,-10.1108484665,-38.2052593774,-36.19001511,-36.5309874017,-36.5925911893,-36.5392921012,-37.8760041657,-37.8062412421,-11.2999271451,-10.7038805857,-10.8229500657,-11.2025456836,-38.2052593774,-11.2999271451,-36.19001511,-10.7038805857,-36.5925911893,-10.8229500657,-37.8760041657,-11.2025456836,-12.0768710834,-3.57198139664,-26.9053322323
5.5284e-06,-3.53249250259,-11.9433591108,-36.0678705694,0,0,0,-10.1692796873,-38.4548673689,-36.1248632792,-36.4033634668,-36.6706468178,-36.6072774872,-37.8886714094,-37.8343154899,-11.3737534236,-10.6846107011,-10.8460364923,-11.2062923954,-38.4548673689,-11.3737534236,-36.1248632792,-10.6846107011,-36.6706468178,-10.8460364923,-37.8886714094,-11.2062923954,-11.9433591108,-3.53249250259,-27.0811139453
5.5386e-06,-3.49230338304,-11.8074796753,-36.1126310077,0,0,0,-10.2277109082,-38.7034902433,-36.0597114484,-36.2757395319,-36.7534120563,-36.6752628733,-37.9013386532,-37.8623897377,-11.4472883351,-10.6653408164,-10.870515875,-11.2100391071,-38.7034902433,-11.4472883351,-36.0597114484,-10.6653408164,-36.7534120563,-10.870515875,-37.9013386532,-11.2100391071,-11.8074796753,-3.49230338304,-27.2562019082
5.5488e-06,-3.45199637342,-11.6712016534,-36.1573914461,0,0,0,-10.286142129,-38.9516457321,-35.9945596176,-36.1475601157,-36.8373214961,-36.7432482594,-37.9140058969,-37.8897499829,-11.5206850085,-10.6460709318,-10.8953336768,-11.2137858189,-38.9516457321,-11.5206850085,-35.9945596176,-10.6460709318,-36.8373214961,-10.8953336768,-37.9140058969,-11.2137858189,-11.6712016534,-3.45199637342,-27.4309607236
5.559e-06,-3.41167674386,-11.5348809634,-36.2021518844,0,0,0,-10.3445733499,-39.1997436487,-35.9294077868,-36.0187433379,-36.9213622043,-36.8112336455,-37.9266731406,-37.9162909785,-11.5940646538,-10.6268010471,-10.9201903038,-11.2175325307,-39.1997436487,-11.5940646538,-35.9294077868,-10.6268010471,-36.9213622043,-10.9201903038,-37.9266731406,-11.2175325307,-11.5348809634,-3.41167674386,-27.6056789949
5.5692e-06,-3.37135663566,-11.3985586553,-36.2469123227,0,0,0,-10.4030045707,-39.4478393637,-35.8546206581,-35.889664286,-37.0054079121,-36.8792190316,-37.9137977391,-37.9424948622,-11.667443648,-10.6046813411,-10.9450484095,-11.2137245699,-39.4478393637,-11.667443648,-35.8546206581,-10.6046813411,-37.0054079121,-10.9450484095,-37.9137977391,-11.2137245699,-11.3985586553,-3.37135663566,-27.7803957158
5.5794e-06,-3.3310365178,-11.2622363144,-36.2916727611,0,0,0,-10.4614357916,-39.6959350343,-35.7628243491,-35.7605398761,-37.0894537209,-36.9472044177,-37.8558319355,-37.9686404543,-11.740822629,-10.5775308487,-10.969906545,-11.1965803545,-39.6959350343,-11.740822629,-35.7628243491,-10.5775308487,-37.0894537209,-10.969906545,-37.8558319355,-11.1965803545,-11.2622363144,-3.3310365178,-27.9551124053
5.5896e-06,-3.2907163998,-11.1259139731,-36.3364331994,0,0,0,-10.5198670124,-39.9440307043,-35.6589904083,-35.6314124556,-37.1734995311,-37.0151898037,-37.7659550317,-37.9947821809,-11.8142016098,-10.5468199993,-10.994764681,-11.1699978875,-39.9440307043,-11.8142016098,-35.6589904083,-10.5468199993,-37.1734995311,-10.994764681,-37.7659550317,-11.1699978875,-11.1259139731,-3.2907163998,-28.1298290944
5.5998e-06,-3.25039628181,-10.9895916318,-36.4045798179,0,0,0,-10.5563350437,-40.1921263744,-35.5508777747,-35.5022849336,-37.2575453393,-37.0966313888,-37.6647355482,-38.0209237778,-11.8875805907,-10.5148436457,-11.0196228163,-11.1400606593,-40.1921263744,-11.8875805907,-35.5508777747,-10.5148436457,-37.2575453393,-11.0196228163,-37.6647355482,-11.1400606593,-10.9895916318,-3.25039628181,-28.3045457837
5.61e-06,-3.21007616382,-10.8532692905,-36.5068393932,0,0,0,-10.5607658063,-40.4402220447,-35.4419963128,-35.3731574093,-37.3415911459,-37.1977012642,-37.5614779433,-38.0470653719,-11.9609595716,-10.4826398967,-11.0444809512,-11.1095206219,-40.4402220447,-11.9609595716,-35.4419963128,-10.4826398967,-37.3415911459,-11.0444809512,-37.5614779433,-11.1095206219,-10.8532692905,-3.21007616382,-28.4792624731
5.6202e-06,-3.16975604583,-10.7169469492,-36.6279411741,0,0,0,-10.5470693985,-40.6883177151,-35.3330572118,-35.2440298851,-37.425636952,-37.3054361279,-37.4580675404,-38.0732069659,-12.0343385526,-10.4504190997,-11.069339086,-11.0789353919,-40.6883177151,-12.0343385526,-35.3330572118,-10.4504190997,-37.425636952,-11.069339086,-37.4580675404,-11.0789353919,-10.7169469492,-3.16975604583,-28.6539791625
5.6304e-06,-3.12943592784,-10.5806246079,-36.7536874282,0,0,0,-10.5283820273,-40.9364133854,-35.2241176838,-35.1149023608,-37.5096827581,-37.4097536572,-37.3546560055,-38.09934856,-12.1077175335,-10.4181981765,-11.0941972208,-11.0483498272,-40.9364133854,-12.1077175335,-35.2241176838,-10.4181981765,-37.5096827581,-11.0941972208,-37.3546560055,-11.0483498272,-10.5806246079,-3.12943592784,-28.8286958519
5.6406e-06,-3.08911580985,-10.4443022666,-36.8798184795,0,0,0,-10.5089812839,-41.1845090558,-35.115178155,-34.9857748365,-37.5937285642,-37.5108852927,-37.2512444683,-38.1254901541,-12.1810965145,-10.385977253,-11.1190553555,-11.0177642617,-41.1845090558,-12.1810965145,-35.115178155,-10.385977253,-37.5937285642,-11.1190553555,-37.2512444683,-11.0177642617,-10.4443022666,-3.08911580985,-29.0034125413
5.6508e-06,-3.04879569185,-10.3079799253,-37.0059191409,0,0,0,-10.4895166866,-41.4326047261,-35.0060109237,-34.8566473122,-37.6777743703,-37.61110505,-37.147538723,-38.1516317481,-12.2544754954,-10.3536889822,-11.1439134903,-10.9870916787,-41.4326047261,-12.2544754954,-35.0060109237,-10.3536889822,-37.6777743703,-11.1439134903,-37.147538723,-10.9870916787,-10.3079799253,-3.04879569185,-29.1781292307
5.661e-06,-3.00847557386,-10.171657584,-37.1320139243,0,0,0,-10.4700466998,-41.6807003965,-34.8965815109,-34.7275197879,-37.7618201765,-37.7112158156,-37.0434942198,-38.1777733422,-12.3278544764,-10.3213231663,-11.168771625,-10.9563189016,-41.6807003965,-12.3278544764,-34.8965815109,-10.3213231663,-37.7618201765,-11.168771625,-37.0434942198,-10.9563189016,-10.171657584,-3.00847557386,-29.3528459201
5.6712e-06,-2.96815545587,-10.0353352427,-37.2581084609,0,0,0,-10.4505765005,-41.9287960668,-34.7870435361,-34.6069117429,-37.8458659826,-37.8113221393,-36.9393094508,-38.1467042797,-12.4012334573,-10.2889252411,-11.1936297598,-10.9255046382,-41.9287960668,-12.4012334573,-34.7870435361,-10.2889252411,-37.8458659826,-11.1936297598,-36.9393094508,-10.9255046382,-10.0353352427,-2.96815545587,-29.5275626095
5.6814e-06,-2.92783533788,-9.89901290145,-37.3842029921,0,0,0,-10.4311062965,-42.1768917372,-34.6774865352,-34.5013773531,-37.9299117887,-37.9114283656,-36.8351001032,-38.0144114575,-12.4746124383,-10.2565216886,-11.2184878945,-10.8946831053,-42.1768917372,-12.4746124383,-34.6774865352,-10.2565216886,-37.9299117887,-11.2184878945,-36.8351001032,-10.8946831053,-9.89901290145,-2.92783533788,-29.7022792989
5.6916e-06,-2.88751521989,-9.76269056016,-37.5102975232,0,0,0,-10.4116360925,-42.4249874075,-34.567928225,-34.4065469968,-38.0139575948,-38.0115345905,-36.7308890658,-37.8102380928,-12.5479914192,-10.2241177489,-11.2433460293,-10.8638610725,-42.4249874075,-12.5479914192,-34.567928225,-10.2241177489,-38.0139575948,-11.2433460293,-36.7308890658,-10.8638610725,-9.76269056016,-2.88751521989,-29.8769959883
5.7018e-06,-2.85140835742,-9.64061323813,-37.6363920544,0,0,0,-10.3921658885,-42.4704556382,-34.4583698682,-34.3155426006,-38.0805309823,-38.111640816,-36.6266779686,-37.580372349,-12.5614395073,-10.1917137953,-11.2630363662,-10.8330390221,-42.4704556382,-12.5614395073,-34.4583698682,-10.1917137953,-38.0805309823,-11.2630363662,-36.6266779686,-10.8330390221,-9.64061323813,-2.85140835742,-29.9090161309
5.712e-06,-2.82146421466,-9.53937207485,-37.7624865855,0,0,0,-10.3726956845,-42.2195411528,-34.3488115103,-34.225233198,-38.1215475012,-38.211747042,-36.5224668699,-37.3458395317,-12.4872268086,-10.1593098414,-11.2751677764,-10.8022169712,-42.2195411528,-12.4872268086,-34.3488115103,-10.1593098414,-38.1215475012,-11.2751677764,-36.5224668699,-10.8022169712,-9.53937207485,-2.82146421466,-29.7323143442
5.7222e-06,-2.7951001574,-9.45023518263,-37.8885811166,0,0,0,-10.3532254805,-41.8026051297,-34.2392531524,-34.1349774907,-38.1465603153,-38.3118532681,-36.4182557712,-37.1109461352,-12.363910104,-10.1269058876,-11.2825657887,-10.7713949204,-41.8026051297,-12.363910104,-34.2392531524,-10.1269058876,-38.1465603153,-11.2825657887,-36.4182557712,-10.7713949204,-9.45023518263,-2.7951001574,-29.4386950257
5.7324e-06,-2.76982155817,-9.3647682246,-38.0146756478,0,0,0,-10.3337552765,-41.3424652461,-34.1296947945,-34.0447223658,-38.1653800487,-38.4119594943,-36.3140446725,-36.8760488282,-12.2278150415,-10.0945019337,-11.2881320803,-10.7405728695,-41.3424652461,-12.2278150415,-34.1296947945,-10.0945019337,-38.1653800487,-11.2881320803,-36.3140446725,-10.7405728695,-9.3647682246,-2.76982155817,-29.1146502046
5.7426e-06,-2.7447477524,-9.27999367338,-38.1407701789,0,0,0,-10.3142850725,-40.8775335194,-34.0201364365,-33.9544672431,-38.1823998042,-38.5120657204,-36.2098335738,-36.6411515061,-12.0903027009,-10.0620979798,-11.2931659945,-10.7097508187,-40.8775335194,-12.0903027009,-34.0201364365,-10.0620979798,-38.1823998042,-11.2931659945,-36.2098335738,-10.7097508187,-9.27999367338,-2.7447477524,-28.7872308184
5.7528e-06,-2.71970370689,-9.19531974163,-38.2668647101,0,0,0,-10.2948148685,-40.4125087395,-33.9105780786,-33.8643095823,-38.1990445793,-38.6121719465,-36.1056224751,-36.4063764219,-11.9527628381,-10.0296940259,-11.2980890012,-10.6789287678,-40.4125087395,-11.9527628381,-33.9105780786,-10.0296940259,-38.1990445793,-11.2980890012,-36.1056224751,-10.6789287678,-9.19531974163,-2.71970370689,-28.4597459013
5.763e-06,-2.69466278419,-9.11065636808,-38.3929592412,0,0,0,-10.2753446645,-39.9474947028,-33.8010197207,-33.774264533,-38.2156461518,-38.7122781726,-36.0014113764,-36.1717425763,-11.8152261528,-9.99729007205,-11.3029992298,-10.6481067169,-39.9474947028,-11.8152261528,-33.8010197207,-9.99729007205,-38.2156461518,-11.3029992298,-36.0014113764,-10.6481067169,-9.11065636808,-2.69466278419,-28.13226855
5.7732e-06,-2.66962199463,-9.0259934447,-38.5190537724,0,0,0,-10.2558744605,-39.4824812247,-33.7305690996,-33.6842663992,-38.2322458634,-38.8123843988,-35.8371832624,-35.9371675714,-11.6776896327,-9.97645297008,-11.3079089081,-10.5995334833,-39.4824812247,-11.6776896327,-33.7305690996,-9.97645297008,-38.2322458634,-11.3079089081,-35.8371832624,-10.5995334833,-9.0259934447,-2.66962199463,-27.804791592
5.7834e-06,-2.64458120821,-8.94133053193,-38.6451483035,0,0,0,-10.2364042565,-39.01746776,-33.7294695657,-33.5942765931,-38.2488455311,-38.9124906249,-35.5665249226,-35.7026030099,-11.5401531166,-9.97612776215,-11.3128185734,-10.51948147,-39.01746776,-11.5401531166,-33.7294695657,-9.97612776215,-38.2488455311,-11.3128185734,-35.5665249226,-10.51948147,-8.94133053193,-2.64458120821,-27.4773146434
5.7936e-06,-2.61954042184,-8.85666761932,-38.7712428347,0,0,0,-10.2169340525,-38.5524542956,-33.7777837253,-33.504287379,-38.2654451981,-39.012596851,-35.2200334448,-35.4680391903,-11.4026166005,-9.99041758751,-11.3177282385,-10.4170003525,-38.5524542956,-11.4026166005,-33.7777837253,-9.99041758751,-38.2654451981,-11.3177282385,-35.2200334448,-10.4170003525,-8.85666761932,-2.61954042184,-27.149837695
5.8038e-06,-2.59449963547,-8.77200470672,-38.8305303578,0,0,0,-10.1900663957,-38.0874408311,-33.8438579475,-33.4142981869,-38.2820448654,-39.0645493536,-34.8462863386,-35.2334753982,-11.2650800845,-10.0099602868,-11.3226379036,-10.3064578604,-38.0874408311,-11.2650800845,-33.8438579475,-10.0099602868,-38.2820448654,-11.3226379036,-34.8462863386,-10.3064578604,-8.77200470672,-2.59449963547,-26.8223607466
5.814e-06,-2.5694588491,-8.68734179411,-38.7918310062,0,0,0,-10.1523487804,-37.6224273666,-33.9131930223,-33.3243089953,-38.2986445328,-39.0458740431,-34.4675349374,-34.9989116067,-11.1275435684,-10.0304674449,-11.3275475688,-10.1944352521,-37.6224273666,-11.1275435684,-33.9131930223,-10.0304674449,-38.2986445328,-11.3275475688,-34.4675349374,-10.1944352521,-8.68734179411,-2.5694588491,-26.4948837982
5.8242e-06,-2.54441806273,-8.6026788815,-38.6978927808,0,0,0,-10.1085439831,-37.1574139021,-33.9827873975,-33.2343198037,-38.3152442004,-38.9883464372,-34.088385599,-34.7643478153,-10.9900070523,-10.051051296,-11.3324572341,-10.0822949462,-37.1574139021,-10.9900070523,-33.9827873975,-10.051051296,-38.3152442004,-11.3324572341,-34.088385599,-10.0822949462,-8.6026788815,-2.54441806273,-26.1674068497
5.8344e-06,-2.51937727636,-8.5180159689,-38.5893312949,0,0,0,-10.0631629954,-36.6924004376,-34.052385436,-33.1443306122,-38.3318438679,-38.9216907509,-33.7092306385,-34.5297840239,-10.8524705363,-10.0716362306,-11.3373668993,-9.97015297752,-36.6924004376,-10.8524705363,-34.052385436,-10.0716362306,-38.3318438679,-11.3373668993,-33.7092306385,-9.97015297752,-8.5180159689,-2.51937727636,-25.8399299013
5.8446e-06,-2.49433648999,-8.43335305629,-38.4790430163,0,0,0,-10.0176150872,-36.2273869731,-34.1219834956,-33.0543414206,-38.3484435354,-38.854587531,-33.3300756457,-34.2952202324,-10.7149340202,-10.0922211714,-11.3422765645,-9.85801099926,-36.2273869731,-10.7149340202,-34.1219834956,-10.0922211714,-38.3484435354,-11.3422765645,-33.3300756457,-9.85801099926,-8.43335305629,-2.49433648999,-25.5124529529
5.8548e-06,-2.46929570362,-8.34869014368,-38.368693792,0,0,0,-9.97206690797,-35.7623735086,-34.191621854,-32.964352229,-38.365043203,-38.7876529906,-32.9509717148,-34.060656441,-10.5773975041,-10.1128180313,-11.3471862298,-9.74588412354,-35.7623735086,-10.5773975041,-34.191621854,-10.1128180313,-38.365043203,-11.3471862298,-32.9509717148,-9.74588412354,-8.34869014368,-2.46929570362,-25.1849760044
5.865e-06,-2.44425491725,-8.26402723107,-38.2583450587,0,0,0,-9.92651957598,-35.2973600441,-34.261306937,-32.8743630374,-38.3816428705,-38.7207448306,-32.5719269881,-33.8260926495,-10.439860988,-10.1334287109,-11.352095895,-9.63377475858,-35.2973600441,-10.439860988,-34.261306937,-10.1334287109,-38.3816428705,-11.352095895,-32.5719269881,-9.63377475858,-8.26402723107,-2.44425491725,-24.857499056
5.8752e-06,-2.41921413088,-8.17936431847,-38.1479963897,0,0,0,-9.8809722874,-34.8323465796,-34.3310116059,-32.8538248999,-38.398242538,-38.6538379078,-32.192907078,-33.5287288599,-10.302324472,-10.1540451835,-11.3570055602,-9.52167273359,-34.8323465796,-10.302324472,-34.3310116059,-10.1540451835,-38.398242538,-11.3570055602,-32.192907078,-9.52167273359,-8.17936431847,-2.41921413088,-24.5300221076
5.8854e-06,-2.39417334451,-8.09470140586,-38.0376477226,0,0,0,-9.83542499993,-34.367333115,-34.4007197962,-32.9567257237,-38.4148422056,-38.5869310164,-31.8138916292,-33.1197473757,-10.1647879559,-10.1746626975,-11.3619152255,-9.40957202811,-34.367333115,-10.1647879559,-34.4007197962,-10.1746626975,-38.4148422056,-11.3619152255,-31.8138916292,-9.40957202811,-8.09470140586,-2.39417334451,-24.2025451591
5.8956e-06,-2.36913255814,-8.01003849325,-37.9272990555,0,0,0,-9.78987771249,-33.9023196505,-34.4704282451,-33.1478746681,-38.4314418731,-38.5200241255,-31.4348765079,-32.6309689483,-10.0272514398,-10.1952802881,-11.3668248907,-9.29747141949,-33.9023196505,-10.0272514398,-34.4704282451,-10.1952802881,-38.4314418731,-11.3668248907,-31.4348765079,-9.29747141949,-8.01003849325,-2.36913255814,-23.8750682107
5.9058e-06,-2.35429521233,-7.95987341881,-37.8169503884,0,0,0,-9.74433042504,-33.6156460736,-34.5401367042,-33.3709161012,-38.4253988267,-38.4531172345,-31.0558613993,-32.1133522511,-9.94246231429,-10.2158978816,-11.3650375456,-9.18537081465,-33.6156460736,-9.94246231429,-34.5401367042,-10.2158978816,-38.4253988267,-11.3650375456,-31.0558613993,-9.18537081465,-7.95987341881,-2.35429521233,-23.6731837593
5.916e-06,-2.35446440512,-7.96044545974,-37.7066017213,0,0,0,-9.69878313759,-33.5912628873,-34.6098451635,-33.5998751687,-38.3860543895,-38.3862103434,-30.6768462911,-31.5903846283,-9.93525052636,-10.2365154752,-11.3534006851,-9.0732702099,-33.5912628873,-9.93525052636,-34.6098451635,-10.2365154752,-38.3860543895,-11.3534006851,-30.6768462911,-9.0732702099,-7.96044545974,-2.35446440512,-23.656012361
5.9262e-06,-2.36311884376,-7.98970612158,-37.5962530541,0,0,0,-9.65323585015,-33.7154343011,-34.6795536229,-33.829317991,-38.3282337852,-38.3193034524,-30.2978311828,-31.0669795779,-9.97197656754,-10.2571330688,-11.3362991492,-8.96116960515,-33.7154343011,-9.97197656754,-34.6795536229,-10.2571330688,-38.3282337852,-11.3362991492,-30.2978311828,-8.96116960515,-7.98970612158,-2.36311884376,-23.7434577336
5.9364e-06,-2.37402365565,-8.02657529664,-37.485904387,0,0,0,-9.6076885627,-33.8793003257,-34.7492620822,-34.0587691692,-38.2659392301,-38.2523965613,-29.9188160746,-30.5435669719,-10.0204430397,-10.2777506624,-11.3178743578,-8.8490690004,-33.8793003257,-10.0204430397,-34.7492620822,-10.2777506624,-38.2659392301,-11.3178743578,-29.9188160746,-8.8490690004,-8.02657529664,-2.37402365565,-23.858857286
5.9466e-06,-2.38519157351,-8.06433403311,-37.3755557199,0,0,0,-9.56214127525,-34.0479700606,-34.8189705415,-34.2882204109,-38.2033555552,-38.1854896703,-29.5398009663,-30.0201543084,-10.0703302999,-10.2983682561,-11.2993640537,-8.73696839565,-34.0479700606,-10.0703302999,-34.8189705415,-10.2983682561,-38.2033555552,-11.2993640537,-29.5398009663,-8.73696839565,-8.06433403311,-2.38519157351,-23.9776397607
5.9568e-06,-2.39636727837,-8.10211909743,-37.2652070528,0,0,0,-9.51659398781,-34.2168310192,-34.8886790009,-34.5176552443,-38.140833835,-38.1185827792,-29.1607858581,-29.4967220985,-10.1202741181,-10.3189858497,-11.280872074,-8.6248677909,-34.2168310192,-10.1202741181,-34.8886790009,-10.3189858497,-38.140833835,-11.280872074,-29.1607858581,-8.6248677909,-8.10211909743,-2.39636727837,-24.0965569011
5.967e-06,-2.40754262419,-8.13990294786,-37.1548583857,0,0,0,-9.47104670036,-34.3856925679,-34.9583874602,-34.7470709867,-38.0783227809,-38.0516758882,-28.7817707498,-28.9732671471,-10.1702181109,-10.3396034433,-11.2623832489,-8.51276718615,-34.3856925679,-10.1702181109,-34.9583874602,-10.3396034433,-38.0783227809,-11.2623832489,-28.7817707498,-8.51276718615,-8.13990294786,-2.40754262419,-24.215474457
5.9772e-06,-2.41871794438,-8.17768671164,-37.0445097186,0,0,0,-9.42549941292,-34.5545539995,-35.0245966462,-34.976478678,-38.0158122592,-37.9847689971,-28.3899075005,-28.4498026053,-10.220162069,-10.3591860607,-11.2438945813,-8.39686646023,-34.5545539995,-10.220162069,-35.0245966462,-10.3591860607,-38.0158122592,-11.2438945813,-28.3899075005,-8.39686646023,-8.17768671164,-2.41871794438,-24.3343919305
5.9874e-06,-2.42989326385,-8.21547047294,-36.9341610515,0,0,0,-9.37995212547,-34.7234154272,-35.0845723331,-35.2058849039,-37.9533017519,-37.917862106,-27.9751569639,-27.9263363178,-10.270106026,-10.3769250031,-11.225405918,-8.27419631413,-34.7234154272,-10.270106026,-35.0845723331,-10.3769250031,-37.9533017519,-11.225405918,-27.9751569639,-8.27419631413,-8.21547047294,-2.42989326385,-24.4533094012
5.9976e-06,-2.4410685833,-8.2532542342,-36.8238123843,0,0,0,-9.33440483802,-34.8922768548,-35.1400766737,-35.4352910187,-37.8907912449,-37.850955215,-27.5439891648,-27.4028698983,-10.3200499829,-10.3933414602,-11.2069172547,-8.14667040047,-34.8922768548,-10.3200499829,-35.1400766737,-10.3933414602,-37.8907912449,-11.2069172547,-27.5439891648,-8.14667040047,-8.2532542342,-2.4410685833,-24.5722268719
