time_s,B26  A_v_pu,EQUL A_v_pu,B26  B_v_pu,EQUL B_v_pu,B26  C_v_pu,EQUL C_v_pu,FAULTA_v_pu,LINE A_v_pu,EQUR A_v_pu,LINE B_v_pu,EQUR B_v_pu,LINE C_v_pu,EQUR C_v_pu,B500 A_v_pu,B500 B_v_pu,B500 C_v_pu,SEND A_v_pu,REC  A_v_pu,SEND B_v_pu,REC  B_v_pu,SEND C_v_pu,REC  C_v_pu,X_saturated_transformer_internal_top_v_pu,Y_saturated_transformer_internal_top_v_pu,Z_saturated_transformer_internal_top_v_pu,output_fixed_1_pu,output_fixed_2_pu,output_fixed_3_pu,output_fixed_4_pu,output_fixed_5_pu,output_fixed_6_pu,output_fixed_7_pu,output_fixed_8_pu,output_fixed_9_pu,switch_current_switch_fixed_4_pu
0,17592.3293444,18863,-7466.46496836,-9431.5,-10125.864376,-9431.49999999,13.3223984991,283764.665676,329333.006577,31015.1341828,-1.86402890971e-10,-332278.197956,-329333.006577,237949.52312,22524.7026347,-347952.267863,237949.52312,13.3223984991,22524.7026347,-92300.1914326,-347952.267863,-473674.867735,265056.615575,26746.832045,-335536.239175,237949.52312,22524.7026347,-347952.267863,237949.52312,22524.7026347,-347952.267863,13.3223984991,-92300.1914326,-473674.867735,1332.23984991
6.66e-05,17637.7928764,18857.0547701,-7074.2844621,-9018.41667214,-10563.5084143,-9838.638098,13.7528508862,280005.135991,324455.735914,40973.1824265,9546.94333665,-337992.443209,-334002.679251,234962.170301,32771.8094909,-353725.55083,234962.170301,13.7528508862,32771.8094909,-81002.0184706,-353725.55083,-478918.815773,261542.086803,36707.5307322,-341239.327323,234962.170301,32771.8094909,-353725.55083,234962.170301,32771.8094909,-353725.55083,13.7528508862,-81002.0184706,-478918.815773,1375.28508862
0.0001332,17672.2430211,18839.2228282,-6677.68368098,-8599.64850517,-10994.5593402,-10239.574323,14.1747962983,276070.55232,319373.941695,50904.3223327,19087.8686727,-343497.844263,-338461.810368,231827.203046,42996.5050773,-359281.395636,231827.203046,14.1747962983,42996.5050773,-69653.5248403,-359281.395636,-483865.969015,257863.786945,46644.3637825,-346731.101176,231827.203046,42996.5050773,-359281.395636,231827.203046,42996.5050773,-359281.395636,14.1747962983,-69653.5248403,-483865.969015,1417.47962983
0.0001998,17695.553276,18809.5154147,-6276.87347862,-8175.45947332,-11418.6797974,-10634.0559414,14.5878065015,271962.005034,314090.827273,60803.4502614,28616.7618011,-348786.64495,-342707.589074,228546.134036,53194.1348406,-364610.729813,228546.134036,14.5878065015,53194.1348406,-58261.1244915,-364610.729813,-488508.113043,254022.955929,56551.8136301,-352004.292819,228546.134036,53194.1348406,-364610.729813,228546.134036,53194.1348406,-364610.729813,14.5878065015,-58261.1244915,-488508.113043,1458.78065015
0.0002664,17707.708948,18767.951256,-5872.10651148,-7746.11696793,-11835.6024365,-11021.834288,14.9916211512,267682.066247,308609.722906,70664.3075767,38127.6160994,-353855.529919,-346737.339005,225121.027,63358.2659695,-369710.198536,225121.027,14.9916211512,63358.2659695,-46831.998725,-369710.198536,-492842.32164,250022.012616,66423.6326835,-357055.580534,225121.027,63358.2659695,-369710.198536,225121.027,63358.2659695,-369710.198536,14.9916211512,-46831.998725,-492842.32164,1499.16211512
0.000333,17708.7023757,18714.5565523,-5463.63793014,-7311.89162886,-12245.0644456,-11402.6649235,15.3859856993,263233.420876,302934.083657,80480.6645786,47614.4363159,-358701.317638,-350548.519973,221554.037065,73482.4873728,-374576.591275,221554.037065,15.3859856993,73482.4873728,-35373.3519919,-374576.591275,-496865.862699,245863.477094,76253.5961138,-361881.782181,221554.037065,73482.4873728,-374576.591275,221554.037065,73482.4873728,-374576.591275,15.3859856993,-35373.3519919,-496865.862699,1538.59856993
0.0003996,17698.5329338,18649.3649616,-5051.72521845,-6873.05717391,-12646.8077154,-11776.3077877,15.7706515545,258618.863692,297067.487215,90246.323173,57071.2423492,-363320.963664,-354138.729565,217847.409316,83560.4136412,-379206.8439,217847.409316,15.7706515545,83560.4136412,-23892.407352,-379206.8439,-500576.199945,241549.969054,86035.5057392,-366479.857243,217847.409316,83560.4136412,-379206.8439,217847.409316,83560.4136412,-379206.8439,15.7706515545,-23892.407352,-500576.199945,1577.06515545
0.0004662,17677.2070335,18572.417578,-4636.62803127,-6429.89022627,-13040.5790022,-12142.5273517,16.1453762394,253841.296632,291013.631643,99955.1198507,66492.0730178,-367711.563481,-357505.704661,214003.477312,93585.6890042,-383598.040678,214003.477312,16.1453762394,93585.6890042,-12396.4019206,-383598.040678,-503970.994533,237084.206099,95763.1938972,-370846.908777,214003.477312,93585.6890042,-383598.040678,214003.477312,93585.6890042,-383598.040678,16.1453762394,-12396.4019206,-503970.994533,1614.53762394
0.0005328,17644.692094,18483.7629058,-4218.5881508,-5982.67014019,-13426.1039432,-12501.0927656,16.5099235428,248903.351475,284776.333042,109599.919341,75870.989817,-371868.970659,-360647.322859,210023.373124,103551.868774,-387746.005238,210023.373124,16.5099235428,103551.868774,-892.582307199,-387746.005238,-507048.106526,232467.977909,105430.429955,-374979.063833,210023.373124,103551.868774,-387746.005238,210023.373124,103551.868774,-387746.005238,16.5099235428,-892.582307199,-507048.106526,1650.99235428
0.0005994,17601.106547,18383.4568294,-3797.91256651,-5531.6788248,-13803.1939805,-12851.7780046,16.8640636692,243809.113363,278359.523147,119176.619867,85202.0806634,-375793.526917,-363561.603811,205912.367074,113452.883521,-391651.103929,205912.367074,16.8640636692,113452.883521,10611.7999534,-391651.103929,-509805.596238,227706.390607,115031.289682,-378876.086899,205912.367074,113452.883521,-391651.103929,205912.367074,113452.883521,-391651.103929,16.8640636692,10611.7999534,-509805.596238,1686.40636692
0.000666,17546.4249995,18271.5625776,-3374.84841282,-5077.20056649,-14171.5765867,-13194.3620111,17.207551593,238561.172806,271767.246853,128678.216009,94479.463621,-379481.177889,-366246.710474,201671.663794,123282.160426,-395309.162621,201671.663794,17.207551593,123282.160426,22109.7321886,-395309.162621,-512240.582062,222801.342851,124559.459312,-382534.159774,201671.663794,123282.160426,-395309.162621,201671.663794,123282.160426,-395309.162621,17.207551593,22109.7321886,-512240.582062,1720.7551593
0.0007326,17480.6811415,18148.1506839,-2949.68032746,-4619.52184968,-14531.0008141,-13528.6288342,17.5401129369,233166.653898,265003.65966,138102.532194,103697.290609,-382925.785087,-368700.950269,197304.686714,133033.233967,-398717.082756,197304.686714,17.5401129369,133033.233967,33594.5784022,-398717.082756,-514348.469803,217756.407169,134008.576237,-385950.459657,197304.686714,133033.233967,-398717.082756,197304.686714,133033.233967,-398717.082756,17.5401129369,33594.5784022,-514348.469803,1754.01129369
0.0007992,17403.9211314,18013.2989421,-2522.62467478,-4158.93117621,-14881.2964566,-13854.3677659,17.8617214342,227619.904192,258073.025054,147434.572743,112849.751088,-386134.232052,-370922.776142,192812.111159,142700.847804,-401875.063449,192812.111159,17.8617214342,142700.847804,45057.0969991,-401875.063449,-516137.56361,212573.442371,143373.770307,-389124.374214,192812.111159,142700.847804,-401875.063449,192812.111159,142700.847804,-401875.063449,17.8617214342,45057.0969991,-516137.56361,1786.17214342
0.0008658,17316.1900221,17867.0923572,-2093.97844382,-3695.71888351,-15222.2115782,-14171.3734737,18.1720705276,221930.089048,250979.711822,156674.122113,121931.075723,-389098.829234,-372910.787546,188198.097668,152278.636231,-404779.593504,188198.097668,18.1720705276,152278.636231,56491.2198884,-404779.593504,-517601.305033,207256.526807,152648.653791,-392052.936121,188198.097668,152278.636231,-404779.593504,188198.097668,152278.636231,-404779.593504,18.1720705276,56491.2198884,-517601.305033,1817.20705276
0.0009324,17217.5431364,17709.6230919,-1664.01185935,-3230.17696156,-15553.531277,-14479.4461303,18.4709515971,216100.673554,243728.191299,165815.232722,130935.540021,-391817.831146,-374663.73132,183467.233307,161762.239,-407427.164652,183467.233307,18.4709515971,161762.239,67889.3648963,-407427.164652,-518739.145811,201809.845232,161828.212262,-394733.467117,183467.233307,161762.239,-407427.164652,183467.233307,161762.239,-407427.164652,18.4709515971,67889.3648963,-518739.145811,1847.09515971
0.000999,17108.0369969,17540.9904082,-1232.99796253,-2762.59886885,-15875.0390343,-14778.3915393,18.7581827333,210135.240142,236323.034544,174852.051171,139857.467938,-394289.608542,-376180.502482,178619.420233,171142.480026,-409818.855228,178619.420233,18.7581827333,171142.480026,79244.5339848,-409818.855228,-519550.181664,196235.285481,170905.020173,-397165.559159,178619.420233,171142.480026,-409818.855228,178619.420233,171142.480026,-409818.855228,18.7581827333,79244.5339848,-519550.181664,1875.81827333
0.0010656,16987.7457572,17361.3006053,-801.208944625,-2293.27934739,-16186.5368126,-15068.0212579,19.0335938026,204037.530575,228768.909463,183778.82004,148691.235456,-396512.718556,-377460.14492,173658.389592,180414.096504,-411952.794152,173658.389592,19.0335938026,180414.096504,90549.8839425,-411952.794152,-520033.586582,190536.718656,179873.6898,-399347.560964,173658.389592,180414.096504,-411952.794152,173658.389592,180414.096504,-411952.794152,19.0335938026,90549.8839425,-520033.586582,1903.35938026
0.0011322,16856.7564323,17170.6669522,-368.911610571,-1822.51423691,-16487.8448217,-15348.1527153,19.2970059217,197811.364475,221070.577867,192589.763987,157431.274133,-398485.728617,-378501.852,168588.091399,189572.375521,-413827.447482,168588.091399,19.2970059217,189572.375521,101798.224741,-413827.447482,-520189.004037,184718.187015,188729.268443,-401278.168534,168588.091399,189572.375521,-413827.447482,168588.091399,189572.375521,-413827.447482,19.2970059217,101798.224741,-520189.004037,1929.70059217
0.0011988,16715.1403806,16969.2096166,63.6189005186,-1350.60028838,-16778.7592811,-15618.6093282,19.5481974053,191461.662388,213232.892468,201276.869598,166072.074607,-400206.033473,-379304.967074,163411.54329,198611.213715,-415441.166338,163411.54329,19.5481974053,198611.213715,112982.877182,-415441.166338,-520013.24168,178783.218129,197465.910803,-402955.782426,163411.54329,198611.213715,-415441.166338,163411.54329,198611.213715,-415441.166338,19.5481974053,112982.877182,-520013.24168,1954.81974053
0.0012654,16562.9871786,16757.0555889,496.109941707,-877.834976952,-17059.0971203,-15879.220612,19.7871370065,184990.213367,205260.793819,209839.837112,174608.190072,-401675.58478,-379868.983891,158132.003601,207524.90879,-416792.956213,158132.003601,19.7871370065,207524.90879,124095.730187,-416792.956213,-519513.435449,172735.552554,206078.109174,-404379.360083,158132.003601,207524.90879,-416792.956213,158132.003601,207524.90879,-416792.956213,19.7871370065,124095.730187,-519513.435449,1978.71370065
0.001332,16400.3847616,16534.3386023,928.282962293,-404.516314445,-17328.6677239,-16129.8222878,20.0136036648,178402.16183,197159.307204,218270.571757,183034.239713,-402891.87677,-380193.546917,152752.751889,216307.444955,-417881.54436,152752.751889,20.0136036648,216307.444955,135130.428678,-417881.54436,-518686.099436,166578.966509,214560.122541,-405547.66831,152752.751889,216307.444955,-417881.54436,152752.751889,216307.444955,-417881.54436,20.0136036648,135130.428678,-518686.099436,2001.36036648
0.0013986,16227.4347552,16301.1990483,1359.86475887,69.0573385151,-17587.299514,-16370.2563868,20.2274539954,171701.673941,188933.539468,226563.769353,191344.912093,-403854.133412,-380278.451561,147278.57882,224954.655511,-418704.814223,147278.57882,20.2274539954,224954.655511,146080.06578,-418704.814223,-517531.780441,160318.041824,222907.268833,-406459.229016,147278.57882,224954.655511,-418704.814223,147278.57882,224954.655511,-418704.814223,20.2274539954,146080.06578,-517531.780441,2022.74539954
0.0014652,16044.2724833,16057.7838887,1790.60281188,542.58746057,-17834.8752952,-16600.3713492,20.4285537605,164892.792655,180588.675795,234714.01829,199534.968508,-404561.931757,-380123.644303,141709.111954,233458.383837,-419267.574657,141709.111954,20.4285537605,233458.383837,156937.672712,-419267.574657,-516051.189457,153954.849513,231113.321255,-407116.569395,141709.111954,233458.383837,-419267.574657,141709.111954,233458.383837,-419267.574657,20.4285537605,156937.672712,-516051.189457,2042.85537605
0.0015318,15850.996158,15804.2465622,2220.21250684,1015.7755578,-18071.2086648,-16820.02212,20.6167761111,157980.063266,172129.976446,242716.434066,207599.246282,-405014.584176,-379729.222728,136050.658587,241815.311871,-419565.681675,136050.658587,20.6167761111,241815.311871,167696.398259,-419565.681675,-514245.259728,147494.775778,239173.87171,-407517.096026,136050.658587,241815.311871,-419565.681675,136050.658587,241815.311871,-419565.681675,20.6167761111,167696.398259,-514245.259728,2061.67761111
0.0015984,15647.7355634,15540.7468884,2648.41529198,1488.32335187,-18296.1508554,-17029.0702403,20.7920188939,150970.032006,163562.773436,250568.17112,215532.662025,-405209.644538,-379095.435461,130308.937261,250021.868845,-419597.261941,130308.937261,20.7920188939,250021.868845,178349.926161,-419597.261941,-512114.644722,140943.05517,247084.640564,-407659.764685,130308.937261,250021.868845,-419597.261941,130308.937261,250021.868845,-419597.261941,20.7920188939,178349.926161,-512114.644722,2079.20188939
0.001665,15434.6107971,15267.4509668,3074.93195179,1959.93296809,-18509.5427489,-17227.3839348,20.954134883,143863.471063,154892.467178,258260.61862,223330.21484,-405150.585204,-378222.682018,124484.093401,258068.867903,-419365.293494,124484.093401,20.954134883,258068.867903,188890.191277,-419365.293494,-509660.953421,134302.101165,254838.491474,-407545.82758,124484.093401,258068.867903,-419365.293494,124484.093401,258068.867903,-419365.293494,20.954134883,188890.191277,-509660.953421,2095.4134883
0.0017316,15211.7549309,14984.5310716,3499.51352364,2430.30712314,-18711.2684546,-17414.8381948,21.1030321056,136664.105089,146124.523077,265788.170587,230986.989468,-404838.212234,-377111.512545,118580.25587,265952.872278,-418869.398957,118580.25587,21.1030321056,265952.872278,199310.978523,-418869.398957,-506886.577229,127576.197866,262431.562141,-407175.199266,118580.25587,265952.872278,-418869.398957,118580.25587,265952.872278,-418869.398957,21.1030321056,199310.978523,-506886.577229,2110.30321056
0.0017982,14979.3092282,14692.1655442,3921.90723655,2899.1493125,-18901.2164647,-17591.3148567,21.2386370464,129378.927458,137264.468083,273148.340865,238498.159394,-404270.015135,-375762.627478,112601.450511,273670.052461,-418109.627305,112601.450511,21.2386370464,273670.052461,209606.745056,-418109.627305,-503793.341446,120769.6531,269859.827388,-406548.081826,112601.450511,273670.052461,-418109.627305,112601.450511,273670.052461,-418109.627305,21.2386370464,209606.745056,-503793.341446,2123.86370464
0.0018648,14737.4080866,14390.5386796,4341.82096559,3366.16399732,-19079.2290522,-17756.7026769,21.3608487826,122012.246236,128317.887212,280334.71499,245858.989886,-403444.63529,-374176.877098,106551.663722,281214.266672,-417085.534933,106551.663722,21.3608487826,281214.266672,219770.298635,-417085.534933,-500382.589116,113886.94807,277117.589617,-405664.114634,106551.663722,281214.266672,-417085.534933,106551.663722,281214.266672,-417085.534933,21.3608487826,219770.298635,-500382.589116,2136.08487826
0.0019314,14486.2301492,14079.840611,4759.00986268,3831.05679074,-19245.2400119,-17910.8974017,21.4695900235,114569.05795,119290.420021,287346.8435,253064.840978,-402367.268754,-372355.260999,100434.787026,288581.995523,-415799.215678,100434.787026,21.4695900235,288581.995523,229795.242562,-415799.215678,-496656.49355,106932.497036,284201.274787,-404524.99865,100434.787026,288581.995523,-415799.215678,100434.787026,288581.995523,-415799.215678,21.4695900235,229795.242562,-496656.49355,2146.95900235
0.001998,14225.9194624,13760.2671897,5173.19983516,4293.53464346,-19399.1192976,-18053.8018332,21.5647997513,107053.758837,110187.757052,294177.952311,260111.170398,-401036.116077,-370298.927451,94254.5960758,295767.865818,-414250.726721,94254.5960758,21.5647997513,295767.865818,239675.472126,-414250.726721,-492617.207022,99910.6252714,291105.841008,-403130.844491,94254.5960758,295767.865818,-414250.726721,94254.5960758,295767.865818,-414250.726721,21.5647997513,239675.472126,-492617.207022,2156.47997513
0.0020646,13956.6407556,13432.0198618,5584.13001828,4753.30602846,-19540.7707739,-18185.3258902,21.646418122,99471.1612023,101015.636252,300823.533666,266993.53643,-399452.220519,-368009.172683,88015.3036034,302767.677829,-412440.764426,88015.3036034,21.646418122,302767.677829,249404.785163,-412440.764426,-488267.311059,92825.9191392,297827.106412,-401482.400755,88015.3036034,302767.677829,-412440.764426,88015.3036034,302767.677829,-412440.764426,21.646418122,249404.785163,-488267.311059,2164.6418122
0.0021312,13678.5632814,13095.3055407,5991.54086468,5210.08112475,-19670.1041461,-18305.3866654,21.7143932456,91826.3300867,91779.8393477,307279.037694,273707.600714,-397616.938333,-365487.440061,81720.8488395,309576.995442,-410370.434821,81720.8488395,21.7143932456,309576.995442,258976.988368,-410370.434821,-483609.502808,85682.8513975,304360.817085,-399580.67688,81720.8488395,309576.995442,-410370.434821,81720.8488395,309576.995442,-410370.434821,21.7143932456,258976.988368,-483609.502808,2171.43932456
0.0021978,13391.8622189,12750.3364773,6395.17544823,5663.5720001,-19787.0376671,-18413.9084774,21.7686803535,84123.6114039,82486.1882057,313541.332241,280249.130978,-395530.518511,-362735.319183,75373.893679,316190.214059,-408042.342556,75373.893679,21.7686803535,316190.214059,268385.972336,-408042.342556,-478646.815683,78485.267119,310702.191644,-397427.524152,75373.893679,316190.214059,-408042.342556,75373.893679,316190.214059,-408042.342556,21.7686803535,268385.972336,-478646.815683,2176.86803535
0.0022644,13096.7093748,12397.3301261,6794.78699205,6113.49279249,-19891.4963668,-18510.8229185,21.8092833113,76370.3654483,73140.5411617,319608.669217,286614.003711,-393192.06085,-359754.544873,68979.9404302,322605.115849,-405455.929925,68979.9404302,21.8092833113,322605.115849,277626.802745,-405455.929925,-473381.316957,71238.3578548,316848.244218,-395023.229617,68979.9404302,322605.115849,-405455.929925,68979.9404302,322605.115849,-405455.929925,21.8092833113,277626.802745,-473381.316957,2180.92833113
0.002331,12793.2920313,12036.5090075,7190.09202381,6559.55989036,-19983.3840551,-18596.0688979,21.8361293152,68566.8600822,63748.7893276,325471.862901,292798.20676,-390606.851209,-356546.996087,62542.3134754,328815.096558,-402613.611308,62542.3134754,21.8361293152,328815.096558,286690.438628,-402613.611308,-467817.388622,63946.535188,322793.472148,-392369.522754,62542.3134754,328815.096558,-402613.611308,62542.3134754,328815.096558,-402613.611308,21.8361293152,286690.438628,-467817.388622,2183.61293152
0.0023976,12481.823303,11668.1005686,7580.86622854,7001.49211135,-20062.6895315,-18669.59268,21.8491430546,60718.3244636,54316.8528775,331128.484794,298797.841856,-387777.512424,-353114.694734,56064.1860752,334816.834728,-399519.346735,56064.1860752,21.8491430546,334816.834728,295572.20718,-399519.346735,-461960.602569,56613.9294566,328534.821003,-389469.561183,56064.1860752,334816.834728,-399519.346735,56064.1860752,334816.834728,-399519.346735,21.8491430546,295572.20718,-461960.602569,2184.91430546
0.0024642,12162.4992334,11292.3370388,7966.87662494,7439.01087956,-20129.3758583,-18731.3479183,21.8483906929,52831.8959063,44850.6773163,336577.412879,304609.127077,-384703.989178,-349459.804394,49551.1237683,340608.780485,-396173.564535,49551.1237683,21.8483906929,340608.780485,304269.600889,-396173.564535,-455812.506676,49245.826993,334069.958014,-386324.495082,49551.1237683,340608.780485,-396173.564535,49551.1237683,340608.780485,-396173.564535,21.8483906929,304269.600889,-455812.506676,2184.83906929
0.0025308,11835.5102591,10909.4552839,8347.8619394,7871.84040114,-20183.3721985,-18781.295685,21.8338744177,44912.3665508,35356.2297321,341814.461654,310228.399228,-381387.677019,-345584.62896,43007.2636015,346186.27614,-392577.72207,43007.2636015,21.8338744177,346186.27614,312775.511483,-392577.72207,-449376.758324,41846.9288351,339394.613841,-382935.744586,43007.2636015,346186.27614,-392577.72207,43007.2636015,346186.27614,-392577.72207,21.8338744177,312775.511483,-449376.758324,2183.38744177
0.0025974,11501.0687182,10519.6966569,8723.57610092,8299.70783815,-20224.6448191,-18819.404495,21.8055972109,36964.633487,25839.4950342,346836.198976,315652.116149,-377830.759838,-341491.611183,36436.9508647,351545.682859,-388734.22672,36436.9508647,21.8055972109,351545.682859,321084.379903,-388734.22672,-442657.587185,34422.0802123,344505.337636,-379305.554398,36436.9508647,351545.682859,-388734.22672,36436.9508647,351545.682859,-388734.22672,21.8055972109,321084.379903,-442657.587185,2180.55972109
0.002664,11159.3734926,10123.3068456,9093.79452934,8722.34348055,-20253.168022,-18845.6503262,21.7635812787,28993.6624624,16306.4721809,351639.391482,320876.858953,-374035.518452,-337183.331134,29843.4658805,356683.47778,-384645.664523,29843.4658805,21.7635812787,356683.47778,329191.077829,-384645.664523,-435659.098985,26975.3908611,349398.908501,-375436.227,29843.4658805,356683.47778,-384645.664523,29843.4658805,356683.47778,-384645.664523,21.7635812787,329191.077829,-435659.098985,2176.35812787
0.0027306,10810.6392471,9720.5357179,9458.28543137,9139.48091621,-20268.9246785,-18860.0166341,21.707851457,21004.6371288,6763.17039798,356221.501695,325899.334177,-370003.845796,-332662.504575,23231.0458852,361596.591966,-380314.492246,23231.0458852,21.707851457,361596.591966,337090.450228,-380314.492246,-428385.788354,19511.5807202,354072.341105,-371330.141765,23231.0458852,361596.591966,-380314.492246,23231.0458852,361596.591966,-380314.492246,21.707851457,337090.450228,-428385.788354,2170.7851457
0.0027972,10455.0835413,9311.63716409,9816.81412646,9550.85719885,-20271.8976677,-18862.4943629,21.6384407226,13002.8322564,-2784.39460957,360579.659263,330716.37586,-365737.732669,-327931.98125,16603.870314,366281.651845,-375743.295396,16603.870314,21.6384407226,366281.651845,344777.44206,-375743.295396,-420842.272426,12035.3756415,358522.481102,-366989.760287,16603.870314,366281.651845,-375743.295396,16603.870314,366281.651845,-375743.295396,21.6384407226,344777.44206,-420842.272426,2163.84407226
0.0028638,10092.9298622,8896.86893702,10169.1515584,9956.21301375,-20262.0814205,-18853.0819508,21.5553914594,4991.95196845,-12330.2044492,364707.667833,335324.947534,-361243.017311,-322994.743085,9966.31714195,370735.730492,-370934.721189,9966.31714195,21.5553914594,370735.730492,352247.159994,-370934.721189,-413033.34046,4551.60276444,362746.495365,-362417.674259,9966.31714195,370735.730492,-370934.721189,9966.31714195,370735.730492,-370934.721189,21.5553914594,352247.159994,-413033.34046,2155.53914594
0.0029304,9724.40393875,8476.49248954,10515.1081081,10355.2928413,-20239.5120468,-18831.7853308,21.4587557205,-3021.94043162,-21868.2418349,368607.119788,339722.144148,-356521.210377,-317853.902313,3322.62432083,374957.971909,-365891.584399,3322.62432083,21.4587557205,374957.971909,359494.770955,-365891.584399,-404963.825516,-2935.19655659,366743.059261,-357616.822605,3322.62432083,374957.971909,-365891.584399,3322.62432083,374957.971909,-365891.584399,21.4587557205,359494.770955,-404963.825516,2145.87557205
0.002997,9349.75532225,8050.77280967,10854.4089234,10747.8451179,-20204.1642456,-18798.6179276,21.3485867414,-11033.9622674,-31392.4943799,372274.158695,343905.193889,-351574.589079,-312512.699509,-3323.29444217,378942.101934,-360618.373019,-3323.29444217,21.3485867414,378942.101934,366514.488094,-360618.373019,-396637.700501,-10420.0117688,370507.298,-352590.744435,-3323.29444217,378942.101934,-360618.373019,-3323.29444217,378942.101934,-360618.373019,21.3485867414,366514.488094,-396637.700501,2134.85867414
0.0030636,8969.24220183,7619.97825361,11186.8495659,11133.6223949,-20156.0917678,-18753.6006485,21.2249577359,-19038.7395668,-40896.9583871,375706.475942,347871.459934,-346406.295532,-306974.501547,-9967.3068674,382686.145524,-355119.725881,-9967.3068674,21.2249577359,382686.145524,373303.881604,-355119.725881,-388062.604214,-17898.0762845,374037.327432,-347343.586303,-9967.3068674,382686.145524,-355119.725881,-9967.3068674,382686.145524,-355119.725881,21.2249577359,373303.881604,-388062.604214,2122.49577359
0.0031302,8583.06998232,7184.38037652,11512.2553063,11512.381494,-20095.3252886,-18696.7618705,21.0879547133,-27031.2234129,-50375.6426331,378902.403743,351618.442112,-341019.119305,-301242.799479,-16605.0690339,386189.902335,-349396.948047,-16605.0690339,21.0879547133,386189.902335,379858.887031,-349396.948047,-379243.686054,-25365.0038034,377332.218362,-341877.377178,-16605.0690339,386189.902335,-349396.948047,-16605.0690339,386189.902335,-349396.948047,21.0879547133,379858.887031,-379243.686054,2108.79547133
0.0031968,8191.48073864,6744.25376141,11830.409301,11883.8836611,-20021.8900397,-18628.1374225,20.9377158874,-35006.6145896,-59822.5721449,381859.786643,355143.778479,-335416.667072,-295321.206334,-23232.3589898,389450.522701,-343453.535481,-23232.3589898,20.9377158874,389450.522701,386175.947608,-343453.535481,-370184.089535,-32816.0080601,380389.426846,-336195.420278,-23232.3589898,389450.522701,-343453.535481,-23232.3589898,389450.522701,-343453.535481,20.9377158874,386175.947608,-370184.089535,2093.77158874
0.0032634,7794.71700301,6299.87584598,12141.1133914,12247.8947165,-19935.8303944,-18547.7705625,20.7742131918,-42959.8548479,-69231.7919667,384576.73174,358445.24681,-329602.426346,-289213.454843,-29845.4933078,392465.597775,-337293.475492,-29845.4933078,20.7742131918,392465.597775,392246.858535,-337293.475492,-360893.752712,-40246.6780104,383206.85151,-330301.382139,-29845.4933078,392465.597775,-337293.475492,-29845.4933078,392465.597775,-337293.475492,20.7742131918,392246.858535,-360893.752712,2077.42131918
0.00333,7393.04219367,5851.52674783,12444.1510746,12604.1852026,-19837.1932682,-18455.7119504,20.5975943206,-50886.354213,-78597.3709131,387050.930039,361520.765992,-323580.658109,-282923.395079,-36439.0055227,395233.317953,-330920.133347,-36439.0055227,20.5975943206,395233.317953,398070.149534,-330920.133347,-351376.190341,-47651.4845726,385782.598926,-324198.753719,-36439.0055227,395233.317953,-330920.133347,-36439.0055227,395233.317953,-330920.133347,20.5975943206,398070.149534,-351376.190341,2059.75943206
0.0033966,6986.71143197,5399.48908777,12739.3504801,12952.5305286,-19726.061912,-18352.0196163,20.4080050327,-58781.3817538,-87913.405308,389281.348364,364368.397347,-317354.671975,-276454.992039,-43009.3118782,397752.490496,-324338.208319,-43009.3118782,20.4080050327,397752.490496,403643.205187,-324338.208319,-341636.372518,-55026.1446243,388115.553693,-317891.856028,-43009.3118782,397752.490496,-324338.208319,-43009.3118782,397752.490496,-324338.208319,20.4080050327,403643.205187,-341636.372518,2040.80050327
0.0034632,6575.9742973,4944.04781178,13026.5251815,13292.7111117,-19602.4994788,-18236.7589235,20.2055599992,-66640.294634,-97174.0227066,391266.315934,366986.345844,-310927.433438,-269812.323137,-49552.3803872,400021.389696,-317551.575437,-49552.3803872,20.2055599992,400021.389696,408961.851989,-317551.575437,-331680.232749,-62366.100198,390204.138422,-311384.449825,-49552.3803872,400021.389696,-317551.575437,-49552.3803872,400021.389696,-317551.575437,20.2055599992,408961.851989,-331680.232749,2020.55599992
0.0035298,6161.09145569,4485.49001131,13305.486349,13624.5125163,-19466.5778047,-18110.0025276,19.9903826881,-74454.0002875,-106373.385596,393002.452369,369372.961235,-304305.230367,-262999.575639,-56065.0820036,402037.137341,-310565.612474,-56065.0820036,19.9903826881,402037.137341,414022.620322,-310565.612474,-321514.293157,-69667.1681919,392046.228931,-304681.162591,-56065.0820036,402037.137341,-310565.612474,-56065.0820036,402037.137341,-310565.612474,19.9903826881,414022.620322,-321514.293157,1999.03826881
0.0035964,5742.32110389,4024.10474233,13576.0589936,13947.7255884,-19318.3800975,-17971.8303307,19.7626106566,-82221.2460183,-115505.695077,394492.553348,371526.739098,-297492.471825,-256021.044021,-62542.3145045,403799.510185,-303383.530007,-62542.3145045,19.7626106566,403799.510185,418823.598919,-303383.530007,-311146.639485,-76924.2718178,393641.178461,-297785.590152,-62542.3145045,403799.510185,-303383.530007,-62542.3145045,403799.510185,-303383.530007,19.7626106566,418823.598919,-311146.639485,1976.26106566
0.003663,5319.91901733,3560.18284317,13838.0635941,14262.1465876,-19157.9826114,-17822.3294307,19.5223803744,-89937.5156409,-124565.194516,395733.993273,373446.321778,-290492.034662,-248881.127262,-68980.0271963,405306.840622,-296009.411239,-68980.0271963,19.5223803744,405306.840622,423360.58731,-296009.411239,-300582.751309,-84132.8478493,394987.55243,-290701.708277,-68980.0271963,405306.840622,-296009.411239,-68980.0271963,405306.840622,-296009.411239,19.5223803744,423360.58731,-300582.751309,1952.23803744
0.0037296,4894.17179737,3094.0167511,14091.3545857,14567.5773159,-18985.5263831,-17661.594067,19.2698440905,-97597.2193871,-133546.173177,396726.060281,375130.49925,-283308.281219,-241584.326073,-75374.1770884,406559.314123,-288449.110242,-75374.1770884,19.2698440905,406559.314123,427630.828114,-288449.110242,-289829.20358,-91288.35562,396085.412148,-283434.933704,-75374.1770884,406559.314123,-288449.110242,-75374.1770884,406559.314123,-288449.110242,19.2698440905,427630.828114,-289829.20358,1926.98440905
0.0037962,4465.33968247,2625.90031807,14335.7732763,14863.8252424,-18801.1129588,-17489.7255605,19.0051697181,-105195.456715,-142442.969821,397468.335929,376578.209877,-275945.510124,-234135.240056,-81720.7802018,407556.140808,-280706.954168,-81720.7802018,19.0051697181,407556.140808,431631.789812,-280706.954168,-278892.510443,-98386.360457,396934.035011,-275989.54374,-81720.7802018,407556.140808,-280706.954168,-81720.7802018,407556.140808,-280706.954168,19.0051697181,431631.789812,-278892.510443,1900.51697181
0.0038628,4033.66746834,2156.12862544,14571.1786464,15150.7036246,-18604.8461148,-17306.83225,18.7285552589,-112727.616671,-151249.976273,397960.160071,377788.541082,-268408.616036,-226538.564809,-88016.7083157,408296.582075,-272787.216071,-88016.7083157,18.7285552589,408296.582075,435361.987299,-272787.216071,-267778.527793,-105423.050038,397532.83257,-268369.70384,-88016.7083157,408296.582075,-272787.216071,-88016.7083157,408296.582075,-272787.216071,18.7285552589,435361.987299,-267778.527793,1872.85552589
0.0039294,3599.46972142,1684.99779796,14797.3755848,15428.031626,-18396.8453062,-17113.029424,18.4400438757,-120189.319705,-159961.640958,398200.72727,378760.729923,-260702.83181,-218799.088965,-94256.3392638,408779.100199,-264695.708662,-94256.3392638,18.4400438757,408779.100199,438815.590438,-264695.708662,-256497.471202,-112392.642595,397880.595475,-260580.850378,-94256.3392638,408779.100199,-264695.708662,-94256.3392638,408779.100199,-264695.708662,18.4400438757,438815.590438,-256497.471202,1844.00438757
0.003996,3163.02881257,1212.80481715,15014.2019289,15695.6344306,-18177.2307414,-16908.4392478,18.1399172147,-127574.733575,-168572.472401,398190.856472,379494.163571,-252831.980901,-210921.69117,-100435.494378,409002.496322,-256437.794323,-100435.494378,18.1399172147,409002.496322,441990.965484,-256437.794323,-245055.276022,-119290.457586,397976.479079,-252628.01012,-100435.494378,409002.496322,-256437.794323,-100435.494378,409002.496322,-256437.794323,18.1399172147,441990.965484,-245055.276022,1813.99172147
0.0040626,2724.6046043,739.847334039,15221.5713493,15953.3433525,-17946.1759536,-16693.1906866,17.8283752141,-134879.639342,-177077.042687,397930.02836,379988.379699,-244801.478323,-202911.337012,-106551.379534,408968.47872,-248018.880454,-106551.379534,17.8283752141,408968.47872,444888.806327,-248018.880454,-233458.829358,-126113.075682,397821.841289,-244516.41398,-106551.379534,408968.47872,-248018.880454,-106551.379534,408968.47872,-248018.880454,17.8283752141,444888.806327,-233458.829358,1782.83752141
0.0041292,2284.44402515,266.423481583,15419.362182,16200.9959427,-17703.8062071,-16467.4194243,17.5056026966,-142099.66905,-185469.990886,397417.361095,380243.066775,-236616.050412,-194773.07589,-112600.888106,408676.829055,-239443.311419,-112600.888106,17.5056026966,408676.829055,447506.80163,-239443.311419,-221714.954548,-132856.798147,397416.599653,-236250.404917,-112600.888106,408676.829055,-239443.311419,-112600.888106,408676.829055,-239443.311419,17.5056026966,447506.80163,-221714.954548,1750.56026966
0.0041958,1842.8327119,-207.168313281,15607.438819,16438.436091,-17450.2715309,-16231.2677777,17.1718067738,-149230.058861,-193746.026427,396653.633604,380258.064255,-228281.448691,-186512.037827,-118579.886485,408127.421647,-230716.655995,-118579.886485,17.1718067738,408127.421647,449842.699992,-230716.655995,-209831.104532,-139517.102998,396760.771166,-227835.303683,-118579.886485,408127.421647,-230716.655995,-118579.886485,408127.421647,-230716.655995,17.1718067738,449842.699992,-209831.104532,1717.18067738
0.0042624,1400.06150297,-680.629517758,15785.6898812,16665.514125,-17185.7513841,-15984.8846073,16.8271894424,-156266.433139,-201899.932439,395641.515122,380033.362683,-219804.424206,-178133.430244,-124484.221165,407321.40257,-221844.750548,-124484.221165,16.8271894424,407321.40257,451895.125771,-221844.750548,-197814.743245,-146089.567911,395855.327735,-219276.771942,-124484.221165,407321.40257,-221844.750548,-124484.221165,407321.40257,-221844.750548,16.8271894424,451895.125771,-197814.743245,1682.71894424
0.004329,956.40291032,-1153.66168137,15953.9928683,16882.0869041,-16910.3957786,-15728.4252227,16.4719771503,-163205.625096,-209926.569033,394380.531681,379569.103703,-211188.097458,-169642.53467,-130310.241324,406258.619172,-212832.877156,-130310.241324,16.4719771503,406258.619172,453663.310524,-212832.877156,-185673.018767,-152570.064904,394700.352475,-210579.912332,-130310.241324,406258.619172,-212832.877156,-130310.241324,406258.619172,-212832.877156,16.4719771503,453663.310524,-185673.018767,1647.19771503
0.0043956,512.136752233,-1625.96662408,16112.2419933,17088.0179096,-16624.3787456,-15462.0512856,16.1063610254,-170040.830443,-217820.876549,392870.258623,378865.579965,-202439.142746,-161044.703416,-136054.189078,404939.845306,-203686.63877,-136054.189078,16.1063610254,404939.845306,455145.137503,-203686.63877,-173414.55205,-158954.467069,393296.629485,-201750.172315,-136054.189078,404939.845306,-203686.63877,-136054.189078,404939.845306,-203686.63877,16.1063610254,455145.137503,-173414.55205,1610.63610254
0.0044622,67.5382552397,-2097.24662429,16260.3409789,17283.1773312,-16327.8792342,-15185.9307069,15.730565291,-176766.990406,-225577.878739,391111.262872,377923.234941,-193563.486824,-152345.356202,-141712.586475,403365.973525,-194411.661418,-141712.586475,15.730565291,403365.973525,456339.303401,-194411.661418,-161047.34639,-165238.868879,391645.08674,-192793.01201,-141712.586475,403365.973525,-194411.661418,-141712.586475,403365.973525,-194411.661418,15.730565291,456339.303401,-161047.34639,1573.0565291
0.0045288,-377.120757537,-2567.20460644,16398.2048025,17467.4421483,-16021.084045,-14900.2375419,15.3448588391,-183382.473324,-233192.685909,389106.001218,376742.662647,-184565.465886,-143549.976739,-147282.313116,401538.027826,-185013.753838,-147282.313116,15.3448588391,401538.027826,457246.251731,-185013.753838,-148578.057189,-171419.632285,389746.830379,-183714.007879,-147282.313116,401538.027826,-185013.753838,-147282.313116,401538.027826,-185013.753838,15.3448588391,457246.251731,-148578.057189,1534.48588391
0.0045954,-821.510096879,-3035.54432834,16525.6881893,17640.696208,-15704.1780924,-14605.1518797,14.9494520085,-189883.083258,-240660.497995,386855.431932,375324.607267,-175450.592564,-134664.109272,-152757.891543,399455.727398,-175499.776085,-152757.891543,14.9494520085,399455.727398,457865.570178,-175499.776085,-136013.744617,-177491.245996,387601.951089,-174519.593692,-152757.891543,399455.727398,-175499.776085,-152757.891543,399455.727398,-175499.776085,14.9494520085,457865.570178,-136013.744617,1494.94520085
0.004662,-1265.38550833,-3501.9705679,16642.7358996,17802.830298,-15377.3503912,-14300.8597301,14.5446877222,-196264.561319,-247976.607598,384360.40534,373669.962685,-166224.554382,-125693.355086,-158136.638984,397121.091455,-165874.399245,-158136.638984,14.5446877222,397121.091455,458193.834913,-165874.399245,-123364.494995,-183450.62027,385212.234408,-165214.630615,-158136.638984,397121.091455,-165874.399245,-158136.638984,397121.091455,-165874.399245,14.5446877222,458193.834913,-123364.494995,1454.46877222
0.0047286,-1708.45282503,-3966.18930919,16749.317667,17953.7422158,-15040.8648419,-13987.5529066,14.1307764062,-202522.530676,-255136.402943,381623.987382,371779.77192,-156894.455999,-116643.368977,-163415.927936,394537.360802,-156145.298715,-163415.927936,14.1307764062,394537.360802,458234.182871,-156145.298715,-110638.837109,-189294.550929,382580.662921,-155806.206185,-163415.927936,394537.360802,-156145.298715,-163415.927936,394537.360802,-156145.298715,14.1307764062,458234.182871,-110638.837109,1413.07764062
0.0047952,-2150.45287539,-4427.90792779,16845.3586423,18093.3368325,-14694.9057669,-13665.4289047,13.7079382328,-208653.023568,-262135.370788,378647.113067,369655.226471,-147465.738022,-107519.855684,-168592.755578,391705.386198,-146317.749734,-168592.755578,13.7079382328,391705.386198,457986.673135,-146317.749734,-97843.0166643,-195019.589334,379708.303037,-146299.548292,-168592.755578,391705.386198,-146317.749734,-168592.755578,391705.386198,-146317.749734,13.7079382328,457986.673135,-97843.0166643,1370.79382328
0.0048618,-2591.11004384,-4886.83537527,16930.789446,18221.5261535,-14339.6794022,-13334.6907783,13.2764485213,-214652.135616,-268969.099271,375431.332617,367297.665565,-137944.165935,-98328.5662934,-173663.831878,388626.458394,-136397.760305,-173663.831878,13.2764485213,388626.458394,457450.555365,-136397.760305,-84985.2589074,-200622.081889,376596.598077,-136700.464782,-173663.831878,388626.458394,-136397.760305,-173663.831878,388626.458394,-136397.760305,13.2764485213,457450.555365,-84985.2589074,1327.64485213
0.0049284,-3030.10327549,-5342.68236263,17005.5138964,18338.2293736,-13975.4106209,-12995.547011,12.8365738244,-220515.856338,-275633.280693,371979.265504,364708.57531,-128335.069347,-89075.2946174,-178624.568728,385301.453092,-126392.704204,-178624.568728,12.8365738244,385301.453092,456625.872558,-126392.704204,-72073.9201222,-206097.300096,373246.733164,-127015.827317,-178624.568728,385301.453092,-126392.704204,-178624.568728,385301.453092,-126392.704204,12.8365738244,456625.872558,-72073.9201222,1283.65738244
0.004995,-3467.1972685,-5795.16154268,17069.5278548,18443.3729278,-13602.3305863,-12648.2113851,12.3885994665,-226241.57925,-282123.714226,368293.414969,361889.587764,-118644.174918,-79765.8735378,-183473.050608,381733.762904,-116307.681655,-183473.050608,12.3885994665,381733.762904,455513.419751,-116307.681655,-59116.8984244,-211442.888303,369661.727106,-117250.905448,-183473.050608,381733.762904,-116307.681655,-183473.050608,381733.762904,-116307.681655,12.3885994665,455513.419751,-59116.8984244,1238.85994665
0.0050616,-3902.10758923,-6243.98769115,17122.7806404,18536.8905379,-13220.6730512,-12292.9028467,11.9328119075,-231823.056264,-288436.308568,364374.586639,358842.479899,-108878.990155,-70406.1713307,-188205.892517,377925.349897,-106149.25247,-188205.892517,11.9328119075,377925.349897,454113.878011,-106149.25247,-46122.4227117,-216655.204486,365843.63061,-107411.997442,-188205.892517,377925.349897,-106149.25247,-188205.892517,377925.349897,-106149.25247,11.9328119075,454113.878011,-46122.4227117,1193.28119075
0.0051282,-4334.55969115,-6688.87788646,17165.2304849,18618.7232543,-12830.6707938,-11929.8453678,11.4695007165,-237256.722816,-294567.084519,360224.75753,355569.172487,-99045.6339921,-61002.0879678,-192820.013414,373878.245488,-95923.7349513,-192820.013414,11.4695007165,373878.245488,452427.999127,-95923.7349513,-33098.7554824,-221730.860705,361794.570499,-97505.2215362,-192820.013414,373878.245488,-95923.7349513,-192820.013414,373878.245488,-95923.7349513,11.4695007165,452427.999127,-33098.7554824,1146.95007165
0.0051948,-4764.28636587,-7129.55168815,17196.8697498,18688.819493,-12432.5833839,-11559.2678048,10.9989586775,-242541.510638,-300512.17749,355848.318492,352071.728887,-89149.8575083,-51559.5513965,-197312.851824,369595.766218,-85637.6152307,-197312.851824,10.9989586775,369595.766218,450456.734185,-85637.6152307,-20054.1916964,-226666.975404,357517.672536,-87536.889139,-197312.851824,369595.766218,-85637.6152307,-197312.851824,369595.766218,-85637.6152307,10.9989586775,450456.734185,-20054.1916964,1099.89586775
0.0052614,-5191.01065543,-7565.73131357,17217.6734367,18747.1350682,-12026.6627813,-11181.4037547,10.5214796003,-247673.916898,-306267.839939,351248.358942,348352.353743,-79198.1178414,-42084.5138037,-201681.355768,365080.531135,-75297.5062057,-201681.355768,10.5214796003,365080.531135,448200.873371,-75297.5062057,-6996.63321372,-231460.262227,353015.571912,-77513.3922896,-201681.355768,365080.531135,-75297.5062057,-201681.355768,365080.531135,-75297.5062057,10.5214796003,448200.873371,-6996.63321372,1052.14796003
0.005328,-5614.4707098,-7997.141813,17227.6191148,18793.6332202,-11613.148405,-10796.4914072,10.0373760502,-252650.44422,-311830.443733,346427.048563,344413.391597,-69196.101149,-32582.9478636,-205922.769768,360334.850795,-64909.511721,-205922.769768,10.0373760502,360334.850795,445661.761511,-64909.511721,6065.95765954,-236107.685837,348290.686083,-67440.7027228,-205922.769768,360334.850795,-64909.511721,-205922.769768,360334.850795,-64909.511721,10.0373760502,445661.761511,6065.95765954,1003.73760502
0.0053946,-6034.38691676,-8423.51124301,17226.7182155,18828.2846385,-11192.3312987,-10404.7733955,9.54694856461,-257467.878676,-317196.482435,341387.303478,340257.325408,-59150.3266326,-23060.8429726,-210034.486251,355362.682032,-54480.9845674,-210034.486251,9.54694856461,355362.682032,442843.166909,-54480.9845674,19123.3846793,-240606.37898,343346.756285,-57325.8232613,-210034.486251,355362.682032,-54480.9845674,-210034.486251,355362.682032,-54480.9845674,9.54694856461,442843.166909,19123.3846793,954.694856461
0.0054612,-6450.50826589,-8844.57083783,17214.969002,18851.0674802,-10764.4607361,-10006.4966423,9.05048088582,-262123.262798,-322362.573515,336132.625368,335886.774989,-49066.8975268,-13524.2014743,-214013.892541,350167.044086,-44017.6749829,-214013.892541,9.05048088582,350167.044086,439746.110224,-44017.6749829,32168.9693607,-244953.561646,338186.735757,-47174.5476215,-214013.892541,350167.044086,-44017.6749829,-214013.892541,350167.044086,-44017.6749829,9.05048088582,439746.110224,32168.9693607,905.048088582
0.0055278,-6862.56419463,-9260.05517881,17192.3652389,18861.9673839,-10329.8010443,-9601.91220509,8.54829971443,-266613.474342,-327325.460481,330666.084045,331304.495357,-38952.4633808,-3979.03487541,-217858.31278,344750.574998,-33526.5055447,-217858.31278,8.54829971443,344750.574998,436371.71077,-33526.5055447,45194.4036021,-249146.284034,332813.450739,-36993.4501398,-217858.31278,344750.574998,-33526.5055447,-217858.31278,344750.574998,-33526.5055447,8.54829971443,436371.71077,45194.4036021,854.829971443
0.0055944,-7270.25993251,-9669.7023617,17158.8826865,18860.9774788,-9888.62275399,-9191.27511714,8.04080044987,-270935.020327,-332082.014934,324989.755277,326513.374991,-28814.6630588,5568.63994351,-221564.869991,339114.912495,-23015.6637056,-221564.869991,8.04080044987,339114.912495,432720.45949,-23015.6637056,58189.7968099,-253181.245952,327229.1514,-26789.9241606,-221564.869991,339114.912495,-23015.6637056,-221564.869991,339114.912495,-23015.6637056,8.04080044987,432720.45949,58189.7968099,804.080044987
0.005661,-7673.37601323,-10073.2541618,17114.5831535,18848.098389,-9441.20714028,-8774.84422722,7.52822246085,-275085.802117,-336629.238537,319108.775659,321516.434017,-18658.392219,15112.8045207,-225131.449037,333265.762568,-12489.8100723,-225131.449037,7.52822246085,333265.762568,428796.451588,-12489.8100723,71148.6691578,-257056.470032,321438.689186,-16569.2182134,-225131.449037,333265.762568,-12489.8100723,-225131.449037,333265.762568,-12489.8100723,7.52822246085,428796.451588,71148.6691578,752.822246085
0.0057276,-8071.65869535,-10470.4561965,17059.5093067,18823.3382328,-8987.85061136,-8352.88203625,7.01087182653,-279063.291112,-340964.264908,313026.719859,316316.822301,-8489.89761128,24647.4426073,-228556.084428,327207.38152,-1955.84539223,-228556.084428,7.01087182653,327207.38152,424602.330171,-1955.84539223,84063.2109857,-260769.743754,315446.171138,-6337.98819586,-228556.084428,327207.38152,-1955.84539223,-228556.084428,327207.38152,-1955.84539223,7.01087182653,424602.330171,84063.2109857,701.087182653
0.0057942,-8464.8591049,-10861.0580862,16993.6857269,18786.712618,-8528.82662203,-7925.65453184,6.48908603535,-282865.006822,-345084.361423,306746.689347,310917.817464,1684.67851584,34166.5439593,-231836.758196,320942.856305,8579.57792451,-231836.758196,6.48908603535,320942.856305,420140.256041,8579.57792451,96925.5127063,-264318.750614,309254.878019,3897.39431056,-231836.758196,320942.856305,8579.57792451,-231836.758196,320942.856305,8579.57792451,6.48908603535,420140.256041,96925.5127063,648.908603535
0.0058608,-8852.72701501,-11244.8136113,16917.1492398,18738.2446319,-8064.4222248,-7493.43102065,5.96320519606,-286488.469766,-348986.930944,300274.059782,305322.822817,11857.9828041,43664.1081267,-234971.282532,314475.984352,19109.7994814,-234971.282532,5.96320519606,314475.984352,415413.876488,19109.7994814,109726.563849,-267701.152796,302868.59568,14130.4675497,-234971.282532,314475.984352,19109.7994814,-234971.282532,314475.984352,19109.7994814,5.96320519606,415413.876488,109726.563849,596.320519606
0.0059274,-9235.02024704,-11621.4808682,16829.9442838,18677.9648268,-7594.9240368,-7056.48395862,5.43356335831,-289931.282529,-352669.513451,293613.171105,299535.365216,22023.225281,53134.1482354,-237957.638753,307810.663947,29628.3619767,-237957.638753,5.43356335831,307810.663947,410426.254943,29628.3619767,122457.92937,-270914.78744,296291.203032,24354.9197731,-237957.638753,307810.663947,29628.3619767,-237957.638753,307810.663947,29628.3619767,5.43356335831,410426.254943,122457.92937,543.356335831
0.005994,-9611.50289648,-11990.8224214,16732.1330297,18605.9112006,-7120.63013319,-6615.0887792,4.90049766365,-293191.156128,-356129.787596,286767.17801,293559.092834,32174.7738688,62570.6947615,-240794.224747,300951.237481,40128.6456627,-240794.224747,4.90049766365,300951.237481,405179.792421,40128.6456627,135112.111912,-273957.840996,289526.969655,34564.3304078,-240794.224747,300951.237481,40128.6456627,-240794.224747,300951.237481,40128.6456627,4.90049766365,405179.792421,135112.111912,490.049766365
0.0060606,-9981.9034038,-12352.605453,16623.7733617,18522.1291728,-6641.86995793,-6169.52371976,4.36433977127,-296265.824061,-359365.572163,279740.125264,287397.772869,42305.946929,71967.7992939,-243478.60174,293902.455411,50602.6859565,-243478.60174,4.36433977127,293902.455411,399677.905722,50602.6859565,147681.296267,-276827.849288,282580.529575,44751.2136385,-243478.60174,293902.455411,50602.6859565,-243478.60174,293902.455411,50602.6859565,4.36433977127,399677.905722,147681.296267,436.433977127
0.0061272,-10346.0041538,-12706.60191,16504.9291674,18426.6715563,-6158.92501363,-5720.06964622,3.82541270523,-299153.260057,-362374.827448,272536.92878,281055.289163,52410.8183785,81319.5382844,-246009.259257,286668.326207,61044.632812,-246009.259257,3.82541270523,286668.326207,393924.518295,61044.632812,160158.067364,-279523.158742,275455.900023,54909.7323269,-246009.259257,286668.326207,61044.632812,-246009.259257,286668.326207,61044.632812,3.82541270523,393924.518295,160158.067364,382.541270523
0.0061938,-10703.5886511,-13052.5886476,16375.6828869,18319.5985235,-5672.0942358,-5267.00987593,3.28408011269,-301852.106723,-365155.656539,265161.990734,274535.639758,62482.796517,90620.0167812,-248385.050683,279253.398599,71448.2094921,-248385.050683,3.28408011269,279253.398599,387922.379378,71448.2094921,172533.715124,-282042.414695,268157.578547,65033.7455058,-248385.050683,279253.398599,71448.2094921,-248385.050683,279253.398599,71448.2094921,3.28408011269,387922.379378,172533.715124,328.408011269
0.0062604,-11054.4352676,-13390.3475699,16236.1131399,18200.977569,-5181.67787222,-4810.62999915,2.74073372518,-304362.616664,-367706.306517,257617.905019,267842.934372,72513.5349397,99863.3721449,-250604.834228,271661.822969,81806.7217526,-250604.834228,2.74073372518,271661.822969,381673.489946,81806.7217526,184799.018658,-284384.21346,260689.848414,75116.8632061,-250604.834228,271661.822969,81806.7217526,-250604.834228,271661.822969,81806.7217526,2.74073372518,381673.489946,184799.018658,274.073372518
0.006327,-11398.3158604,-13719.6657676,16086.3076134,18070.8834666,-4687.99175295,-4351.21769899,2.19565538237,-306680.784156,-370025.169556,249911.776835,260981.391812,82499.0894685,109043.777744,-252666.478105,263899.103531,92113.9627826,-252666.478105,2.19565538237,263899.103531,375184.188043,92113.9627826,196948.108414,-286546.670507,253057.811724,85152.8122454,-252666.478105,263899.103531,92113.9627826,-252666.478105,263899.103531,92113.9627826,2.19565538237,375184.188043,196948.108414,219.565538237
0.0063936,-11735.002145,-14040.335652,15926.368234,17929.3982221,-4191.36608906,-3889.06257007,1.64917448625,-308804.711138,-372110.78394,242048.544684,253955.337311,92433.634159,118155.446629,-254568.229979,255971.020041,102363.22009,-254568.229979,1.64917448625,255971.020041,368459.4576,102363.22009,208972.861422,-288528.172359,245266.87916,95134.9798685,-254568.229979,255971.020041,102363.22009,-254568.229979,255971.020041,102363.22009,1.64917448625,368459.4576,208972.861422,164.917448625
0.0064602,-12064.2928559,-14352.155086,15756.3844791,17776.611022,-3692.09162323,-3424.455936,1.10164520461,-310733.820896,-373961.834984,234032.299151,246769.199806,102310.767389,127192.635178,-256310.079733,247880.720869,112547.484364,-256310.079733,1.10164520461,247880.720869,361502.734395,112547.484364,220866.226555,-290328.060128,237320.842912,105056.994847,-256310.079733,247880.720869,112547.484364,-256310.079733,247880.720869,112547.484364,1.10164520461,361502.734395,220866.226555,110.164520461
0.0065268,-12385.9729131,-14654.9275116,15576.4683535,17612.6181772,-3190.49544045,-2957.69066569,0.553427971281,-312467.06367,-375577.155862,225869.502593,239427.509143,112122.792772,136149.646719,-257890.838385,239633.681521,122659.985296,-257890.838385,0.553427971281,239633.681521,354318.478001,122659.985296,232620.923538,-291945.14182,229224.995536,114912.310132,-257890.838385,239633.681521,122659.985296,-257890.838385,239633.681521,122659.985296,0.553427971281,354318.478001,232620.923538,55.3427971281
0.0065934,-12699.8384468,-14948.4620732,15386.7331954,17437.523062,-2686.89474854,-2489.06098878,0.0048635966735,-314003.254463,-376955.728341,217565.162466,231934.893221,121863.364206,145020.83512,-259308.438776,231236.165088,132695.360386,-259308.438776,0.0048635966735,231236.165088,346911.217263,132695.360386,244229.409893,-293377.854154,220984.980829,124695.206191,-259308.438776,231236.165088,132695.360386,-259308.438776,231236.165088,132695.360386,0.0048635966735,346911.217263,244229.409893,0.48635966735
0.00666,-13005.7001942,-15232.573739,15187.2984732,17251.4360492,-2181.59827901,-2018.86231015,-0.543709640248,-315341.413104,-378096.683426,209123.375025,224296.075078,131527.124413,153800.608348,-260562.254163,222693.191628,142647.514855,-260562.254163,-0.543709640248,222693.191628,339285.56065,142647.514855,255684.200627,-294625.476441,212605.804341,134399.734063,-260562.254163,222693.191628,142647.514855,-260562.254163,222693.191628,142647.514855,-0.543709640248,339285.56065,255684.200627,-54.3709640248
0.0067266,-13303.3655506,-15507.0834165,14978.2897266,17054.4744402,-1674.92417601,-1547.39102372,-1.09191706628,-316481.102876,-378999.301906,200549.59143,216515.86991,141108.043936,162483.431996,-261651.73593,214009.893627,152509.944946,-261651.73593,-1.09191706628,214009.893627,331445.080785,152509.944946,266976.963616,-295687.343384,204092.618603,144019.664492,-261651.73593,214009.893627,152509.944946,-261651.73593,214009.893627,152509.944946,-1.09191706628,331445.080785,266976.963616,-109.191706628
0.0067932,-13592.647139,-15771.8180662,14759.838225,16846.7623918,-1167.19108595,-1074.94432561,-1.63943275597,-317421.426,-379663.014807,191849.200695,208599.18204,150599.969627,171063.832768,-262576.18908,205191.725113,162276.456993,-262576.18908,-1.63943275597,205191.725113,323395.34266,162276.456993,278101.21279,-296562.780604,195450.772575,153548.950566,-262576.18908,205191.725113,162276.456993,-262576.18908,205191.725113,162276.456993,-1.63943275597,323395.34266,278101.21279,-163.943275597
0.0068598,-13873.3606072,-16026.6108101,14532.0780941,16628.4308369,-658.717486835,-601.820026783,-2.18592556836,-318161.553104,-380087.403753,183027.561233,200551.00182,159996.807236,179536.401933,-263335.089363,196243.976476,171940.719141,-263335.089363,-2.18592556836,196243.976476,315141.911606,171940.719141,289050.515663,-297251.232131,186685.551097,162981.496264,-263335.089363,196243.976476,171940.719141,-263335.089363,196243.976476,171940.719141,-2.18592556836,315141.911606,289050.515663,-218.592556836
0.0069264,-14145.3334733,-16271.3010375,14295.1480623,16399.6174028,-149.814589031,-128.316365353,-2.73104524553,-318701.127434,-380272.201225,174089.897419,192376.402494,169292.904164,187895.798731,-263928.771871,187171.194108,181496.088667,-263928.771871,-2.73104524553,187171.194108,306689.383897,181496.088667,299818.155187,-297752.668978,177801.848691,172311.159008,-263928.771871,187171.194108,181496.088667,-263928.771871,187171.194108,181496.088667,-2.73104524553,306689.383897,299818.155187,-273.104524553
0.006993,-14408.3913129,-16505.7345056,14049.2114712,16160.4663241,359.179841696,345.268181437,-3.27445084173,-319039.643721,-380217.290735,165042.704911,184080.536993,178482.524431,196136.753742,-264355.800818,177980.977629,190937.424182,-264355.800818,-3.27445084173,177980.977629,298043.632347,190937.424182,310396.857308,-298066.309889,168806.382649,181532.383845,-264355.800818,177980.977629,190937.424182,-264355.800818,177980.977629,190937.424182,-3.27445084173,298043.632347,310396.857308,-327.445084173
0.0070596,-14662.3511959,-16729.7634373,13794.4343198,15911.1283519,867.916876124,818.635085361,-3.81579342767,-319176.401942,-379922.706896,155892.912646,175668.634689,187559.668891,204254.072207,-264615.361563,168680.298554,200258.327218,-264615.361563,-3.81579342767,168680.298554,289211.223532,200258.327218,320779.058123,-298191.647183,159705.644737,190638.870476,-264615.361563,168680.298554,200258.327218,-264615.361563,168680.298554,200258.327218,-3.81579342767,289211.223532,320779.058123,-381.579342767
0.0071262,-14907.0685911,-16943.2466138,13530.9609582,15651.7606585,1376.10763297,1291.48595538,-4.35473992112,-319112.940593,-379388.635402,146643.943702,167145.9981,196517.637685,212242.637302,-264708.808057,159272.556396,209452.312996,-264708.808057,-4.35473992112,159272.556396,280196.26693,209452.312996,330958.699841,-298129.354842,150503.861126,199624.850673,-264708.808057,159272.556396,209452.312996,-264708.808057,159272.556396,209452.312996,-4.35473992112,280196.26693,330958.699841,-435.473992112
0.0071928,-15142.3973679,-17146.0494643,13258.9620309,15382.5267386,1883.43533695,1763.52272575,-4.89094334367,-318849.551374,-378615.412909,137301.276669,158517.999545,205350.645194,220097.413364,-264636.251771,149763.778957,218513.887602,-264636.251771,-4.89094334367,149763.778957,271004.109292,218513.887602,340929.322907,-297879.634242,141206.882792,208484.876888,-264636.251771,149763.778957,218513.887602,-264636.251771,149763.778957,218513.887602,-4.89094334367,271004.109292,340929.322907,-489.094334367
0.0072594,-15368.1877263,-17338.0441501,12978.6095432,15103.5963062,2389.57818311,2234.44784389,-5.42405050175,-318384.353601,-377603.526825,127872.84277,149790.07776,214055.229029,227813.449066,-264396.760125,140160.968229,227438.230102,-264396.760125,-5.42405050175,140160.968229,261641.058196,227438.230102,350685.164609,-297442.147916,131821.090604,217213.791028,-264396.760125,140160.968229,227438.230102,-264396.760125,140160.968229,227438.230102,-5.42405050175,261641.058196,350685.164609,-542.405050175
0.007326,-15584.2896241,-17519.1096457,12690.0740391,14815.1451877,2894.21558498,2703.96445798,-5.95373912008,-317717.745169,-376353.615003,118364.421091,140967.734468,222625.729689,235385.880534,-263990.321848,130469.979753,236219.428278,-263990.321848,-5.95373912008,130469.979753,252113.112166,236219.428278,360220.083336,-296817.00907,122352.275521,225805.893735,-263990.321848,130469.979753,236219.428278,-263990.321848,130469.979753,236219.428278,-5.95373912008,252113.112166,360220.083336,-595.373912008
0.0073926,-15790.5657533,-17689.1318148,12393.5321728,14517.3552107,3397.03358049,3171.77660403,-6.47967446858,-316850.477423,-374866.465333,108781.32926,132056.530912,231056.277809,242809.934421,-263417.244075,120696.567183,244851.834076,-263417.244075,-6.47967446858,120696.567183,242426.284032,244851.834076,369528.070236,-296004.600222,112806.17418,234255.729808,-263417.244075,120696.567183,244851.834076,-263417.244075,120696.567183,244851.834076,-6.47967446858,242426.284032,369528.070236,-647.967446858
0.0074592,-15986.8896485,-17848.0034824,12089.1739117,14210.4140898,3897.71573686,3637.58939252,-7.00151725675,-315783.547337,-373143.015255,99129.5264858,123062.084348,239341.349149,250080.930908,-262678.069952,110846.888773,253330.031099,-262678.069952,-7.00151725675,110846.888773,232586.821518,253330.031099,378603.438419,-295005.562756,103188.816473,242558.009625,-262678.069952,110846.888773,253330.031099,-262678.069952,110846.888773,253330.031099,-7.00151725675,232586.821518,378603.438419,-700.151725675
0.0075258,-16173.1331905,-17995.6245023,11777.2002603,13894.5153081,4395.93293013,4101.10919419,-7.51893979391,-314517.7699,-371184.351161,89415.6414002,113990.064505,247474.891418,257194.286656,-261773.251787,100927.699014,261648.433661,-261773.251787,-7.51893979391,100927.699014,222600.675968,261648.433661,387440.398472,-293820.547868,93506.6698767,250707.27485,-261773.251787,100927.699014,261648.433661,-261773.251787,100927.699014,261648.433661,-7.51893979391,222600.675968,387440.398472,-751.893979391
0.0075924,-16349.1836295,-18131.9018204,11457.8013018,13569.8579952,4891.38232767,4562.04382523,-8.03162284953,-313053.855805,-368991.707712,79645.450129,104846.190012,255452.131264,264145.5177,-260703.581563,90944.6434904,269801.849721,-260703.581563,-8.03162284953,90944.6434904,212473.711055,269801.849721,396033.616887,-292450.401496,83765.4322783,258698.506365,-260703.581563,90944.6434904,269801.849721,-260703.581563,90944.6434904,269801.849721,-8.03162284953,212473.711055,396033.616887,-803.162284953
0.007659,-16514.9277471,-18256.7495331,11131.1803323,13236.6468017,5383.74741482,5020.1027314,-8.53925070433,-311392.684281,-366566.46706,69825.3619259,95636.2247906,263268.954142,270930.24227,-259469.91025,80903.9570315,277784.828739,-259469.91025,-8.53925070433,80903.9570315,202213.130835,277784.828739,404376.934659,-290896.074972,73971.2478879,266526.474596,-259469.91025,80903.9570315,277784.828739,-259469.91025,80903.9570315,277784.828739,-8.53925070433,202213.130835,404376.934659,-853.925070433
0.0077256,-16670.2566641,-18370.0889414,10797.5518459,12895.0917702,5872.7048182,5474.99717119,-9.0414915862,-309535.070562,-363910.157978,59961.866261,86365.9744251,270920.574384,277544.183552,-258072.350751,70813.1317389,285592.749934,-258072.350751,-9.0414915862,70813.1317389,191826.39651,285592.749934,412464.426101,-289158.240201,64130.9996081,274186.347833,-258072.350751,70813.1317389,285592.749934,-258072.350751,70813.1317389,285592.749934,-9.0414915862,191826.39651,412464.426101,-904.14915862
0.0077922,-16815.0740368,-18471.8486008,10457.1119753,12545.408203,6357.96206148,5926.44039784,-9.53805135857,-307483.735527,-361024.454892,50059.3377261,77041.2825001,278400.195488,283983.172392,-256512.202964,60677.2820839,293220.362045,-256512.202964,-9.53805135857,60677.2820839,181318.031714,293220.362045,420291.264829,-287238.127475,54250.0947861,281673.235925,-256512.202964,60677.2820839,293220.362045,-256512.202964,60677.2820839,293220.362045,-9.53805135857,181318.031714,420291.264829,-953.805135857
0.0078588,-16949.289679,-18561.9643663,10110.0737137,12187.8165262,6839.21596533,6374.14784012,-10.0286257286,-305239.584709,-357911.176833,40124.0497826,67668.0269178,285703.172591,290243.149915,-254790.619588,50502.5382805,300662.754528,-254790.619588,-10.0286257286,50502.5382805,170694.556811,300662.754528,427852.654795,-285137.030204,44334.6040146,288982.38771,-254790.619588,50502.5382805,300662.754528,-254790.619588,50502.5382805,300662.754528,-10.0286257286,170694.556811,427852.654795,-1002.86257286
0.0079254,-17072.8273053,-18640.3794326,9756.66306601,11822.5421509,7316.1642393,6817.83728164,-10.5128588329,-302802.001425,-354572.286282,30164.2041574,58252.1161933,292826.904697,296320.170089,-252907.88799,40296.5336161,307916.517274,-252907.88799,-10.5128588329,40296.5336161,159964.145578,307916.517274,435145.203179,-282855.964242,34391.4240125,296109.892184,-252907.88799,40296.5336161,307916.517274,-252907.88799,40296.5336161,307916.517274,-10.5128588329,159964.145578,435145.203179,-1051.28588329
0.007992,-17185.6031352,-18707.04437,9397.10641454,11449.8153311,7788.49672069,7257.22903884,-10.9904478561,-300172.79535,-351009.887939,20185.9866891,48799.4857296,299766.791018,302210.402209,-250865.352502,30065.7537337,314976.573656,-250865.352502,-10.9904478561,30065.7537337,149133.079735,314976.573656,442163.768523,-280396.43242,24426.9257392,303050.916128,-250865.352502,30065.7537337,314976.573656,-250865.352502,30065.7537337,314976.573656,-10.9904478561,149133.079735,442163.768523,-1099.04478561
0.0080586,-17287.5439522,-18761.9171557,9031.63092838,11069.8710185,8255.9130238,7692.04613721,-11.4611031438,-297354.070642,-347226.227393,10194.9757412,39316.0940762,306518.286454,307910.133316,-248664.724911,19816.2529201,321837.928671,-248664.724911,-11.4611031438,19816.2529201,138207.648703,321837.928671,448903.775326,-277760.187526,14447.2122176,309800.782638,-248664.724911,19816.2529201,321837.928671,-248664.724911,19816.2529201,321837.928671,-11.4611031438,138207.648703,448903.775326,-1146.11031438
0.0081252,-17378.596159,-18804.9632002,8660.46747712,10682.9487142,8718.12868193,8122.01448592,-11.9245307378,-294347.771432,-343223.689708,197.324560009,29807.9191736,313076.821601,313415.770534,-246307.867424,9554.04639438,328496.402963,-246307.867424,-11.9245307378,9554.04639438,127195.029172,328496.402963,455361.134347,-274949.194011,4458.29436748,316355.431243,-246307.867424,9554.04639438,328496.402963,-246307.867424,9554.04639438,328496.402963,-11.9245307378,127195.029172,455361.134347,-1192.45307378
0.0081918,-17458.7034999,-18836.1553689,8283.84961562,10289.2923183,9174.85388424,8546.86305061,-12.3804434162,-291155.819815,-339004.797919,-9799.43139794,20280.9545841,319437.328935,318723.843335,-243796.202671,-714.359440337,334947.927121,-243796.202671,-12.3804434162,-714.359440337,116102.948317,334947.927121,461530.968703,-271965.197279,-5533.52385128,322710.809818,-243796.202671,-714.359440337,334947.927121,-243796.202671,-714.359440337,334947.927121,-12.3804434162,116102.948317,461530.968703,-1238.04434162
0.0082584,-17527.8116389,-18855.4739997,7902.00763211,9889.14997552,9625.8040068,8966.32402421,-12.8285567712,-287780.39662,-334572.211443,-19789.9264438,10741.2057147,325595.880374,323831.005729,-241130.984838,-10982.5773496,341188.539107,-241130.984838,-12.8285567712,-10982.5773496,104937.899511,341188.539107,467409.605488,-268809.850031,-15522.0474542,328862.961504,-241130.984838,-10982.5773496,341188.539107,-241130.984838,-10982.5773496,341188.539107,-12.8285567712,104937.899511,467409.605488,-1282.85567712
0.008325,-17585.8652987,-18862.9069149,7515.18586275,9482.77391915,10070.6794359,9380.13299576,-13.2685895638,-284223.889772,-329928.7244,-29769.0813101,1194.68603074,331548.321723,328734.038369,-238313.590367,-21243.6159397,347213.924734,-238313.590367,-13.2685895638,-21243.6159397,93706.5494732,347213.924734,472993.639162,-265484.942143,-25500.6113392,334807.661263,-238313.590367,-21243.6159397,347213.924734,-238313.590367,-21243.6159397,347213.924734,-13.2685895638,93706.5494732,472993.639162,-1326.85895638
0.0083916,-17632.825137,-18858.449429,7123.63445486,9070.42031194,10509.1906821,9788.0291171,-13.7002631412,-280488.176802,-325077.263853,-39729.2823919,-8352.58673416,337292.201285,333429.850587,-235345.818524,-31490.6660842,353020.106523,-235345.818524,-13.7002631412,-31490.6660842,82415.9831317,353020.106523,478279.63289,-261992.60152,-35462.6632581,340541.001697,-235345.818524,-31490.6660842,353020.106523,-235345.818524,-31490.6660842,353020.106523,-13.7002631412,82415.9831317,478279.63289,-1370.02631412
0.0084582,-17668.6582464,-18842.104352,6727.57890669,8652.34908467,10941.0793397,10189.7552673,-14.1233060759,-276575.581367,-320020.887963,-49664.1711916,-17894.5943718,342823.890691,337915.482334,-232229.784882,-41718.7584811,358602.982676,-232229.784882,-14.1233060759,-41718.7584811,71073.2845974,358602.982676,483264.223468,-258335.008899,-45402.8967123,346059.235325,-232229.784882,-41718.7584811,358602.982676,-232229.784882,-41718.7584811,358602.982676,-14.1233060759,71073.2845974,483264.223468,-1412.33060759
0.0085248,-17693.3467069,-18813.8819869,6327.26978926,8228.82377224,11366.0769176,10585.0582147,-14.5374451503,-272488.528761,-314762.784061,-59567.6455692,-27425.3219928,348139.6928,342188.106054,-228967.367151,-51921.2973609,363959.400405,-228967.367151,-14.5374451503,-51921.2973609,59685.5454009,363959.400405,487944.301427,-254514.458581,-55314.9918891,351359.112573,-228967.367151,-51921.2973609,363959.400405,-228967.367151,-51921.2973609,363959.400405,-14.5374451503,59685.5454009,487944.301427,-1453.74451503
0.0085914,-17706.8965878,-18773.8001241,5922.97877755,7800.11134761,11783.9178103,10973.6887765,-14.9424096462,-268229.695468,-309306.266641,-69433.2367804,-36938.7618183,353236.543411,346245.02846,-225560.369838,-62090.4761081,369087.490891,-225560.369838,-14.9424096462,-62090.4761081,48260.3255665,369087.490891,492317.341379,-250533.472097,-65191.9124102,356438.187816,-225560.369838,-62090.4761081,369087.490891,-225560.369838,-62090.4761081,369087.490891,-14.9424096462,48260.3255665,492317.341379,-1494.24096462
0.008658,-17709.2866985,-18721.8840296,5514.96277122,7366.48205346,12194.3239273,11355.4019761,-15.3379489492,-263802.014805,-303654.775267,-79255.0745556,-46428.916967,358110.958082,350083.692234,-222010.965279,-72219.7905419,373983.256324,-222010.965279,-15.3379489492,-72219.7905419,36805.3794725,373983.256324,496380.088185,-246394.509439,-75027.2871935,361292.719193,-222010.965279,-72219.7905419,373983.256324,-222010.965279,-72219.7905419,373983.256324,-15.3379489492,36805.3794725,496380.088185,-1533.79489492
0.0087246,-17700.5108556,-18658.166429,5103.47488332,6928.20923187,12597.0359723,11729.9571971,-15.7238502835,-259208.316109,-297811.872406,-89027.5602366,-55889.8052352,362759.748464,353701.677641,-218321.599037,-82303.3040306,378643.134395,-218321.599037,-15.7238502835,-82303.3040306,25326.7673583,378643.134395,500128.725447,-242100.232606,-84815.1597453,365919.375627,-218321.599037,-82303.3040306,378643.134395,-218321.599037,-82303.3040306,378643.134395,-15.7238502835,25326.7673583,500128.725447,-1572.38502835
0.0087912,-17680.5757079,-18582.6874874,4688.76438139,6485.56915201,12991.8113265,12097.1183354,-16.0998481868,-254451.455319,-291781.241184,-98744.4292327,-65315.4628678,367179.482353,357096.704052,-214494.455185,-92335.1061876,383064.391858,-214494.455185,-16.0998481868,-92335.1061876,13832.1974438,383064.391858,503562.389984,-237653.225534,-94549.708845,370315.415732,-214494.455185,-92335.1061876,383064.391858,-214494.455185,-92335.1061876,383064.391858,-16.0998481868,13832.1974438,503562.389984,-1609.98481868
0.0088578,-17649.4914952,-18495.4947835,4271.10158302,6038.84083599,13378.3899121,12456.6539476,-16.4656791717,-249534.338203,-285566.683064,-108398.119902,-74699.9483179,371366.672712,360266.631381,-210532.12961,-102308.536366,387243.924831,-210532.12961,-16.4656791717,-102308.536366,2329.90121116,387243.924831,506679.823792,-233056.420718,-104224.512572,374477.830678,-210532.12961,-102308.536366,387243.924831,-210532.12961,-102308.536366,387243.924831,-16.4656791717,2329.90121116,506679.823792,-1646.56791717
0.0089244,-17607.2835134,-18396.6432802,3850.74910622,5588.30588297,13756.5344072,12808.3373972,-16.8211218336,-244459.488934,-279172.115446,-117983.271869,-84037.3459916,375319.468971,363209.461437,-206437.423138,-112217.652526,391179.127323,-206437.423138,-16.8211218336,-112217.652526,-9173.40296389,391179.127323,509478.363325,-228312.89707,-113833.684342,378404.081182,-206437.423138,-112217.652526,391179.127323,-206437.423138,-112217.652526,391179.127323,-16.8211218336,-9173.40296389,509478.363325,-1682.11218336
0.008991,-17553.9769603,-18286.1952892,3427.96641801,5134.24829166,14126.0105423,13151.9469975,-17.1659597431,-239229.334765,-272601.569204,-127494.779218,-93321.7699773,379035.395334,365923.339181,-202212.948673,-122056.559671,394867.404234,-202212.948673,-17.1659597431,-122056.559671,-20671.023146,394867.404234,511955.66988,-223425.620829,-123371.399717,382091.650515,-202212.948673,-122056.559671,394867.404234,-202212.948673,-122056.559671,394867.404234,-17.1659597431,-20671.023146,511955.66988,-1716.59597431
0.0090576,-17489.6080914,-18164.2204325,3003.02189971,4676.95428132,14486.5861917,13487.2661511,-17.4999768227,-233848.863102,-265859.18614,-136925.829367,-102547.367756,382512.794397,368406.553895,-197860.879316,-131818.455739,398307.076106,-197860.879316,-17.4999768227,-131818.455739,-32155.9811437,398307.076106,514110.046851,-218397.454132,-132831.340435,385538.556475,-197860.879316,-131818.455739,398307.076106,-197860.879316,-131818.455739,398307.076106,-17.4999768227,-32155.9811437,514110.046851,-1749.99768227
0.0091242,-17414.2184244,-18030.7955979,2576.18408929,4216.71211126,14838.0343351,13814.0834867,-17.8229665459,-228321.78774,-258949.216374,-146270.352361,-111708.32389,385749.472527,370657.540264,-193383.942626,-141497.133431,401496.044246,-193383.942626,-17.8229665459,-141497.133431,-43620.9606529,401496.044246,515940.189579,-213231.567679,-142207.513234,388742.669051,-193383.942626,-141497.133431,401496.044246,-193383.942626,-141497.133431,401496.044246,-17.8229665459,-43620.9606529,515940.189579,-1782.29665459
0.0091908,-17327.8564749,-17886.0048911,2147.71983137,3753.81189925,15180.1366436,14132.1929919,-18.1347227441,-222650.709662,-251876.015669,-155522.619865,-120798.863688,388743.424652,372674.879357,-188785.066753,-151086.726646,404432.251513,-188785.066753,-18.1347227441,-151086.726646,-55058.7063113,404432.251513,517445.27155,-207931.26378,-151494.157031,391701.968847,-188785.066753,-151086.726646,404432.251513,-188785.066753,-151086.726646,404432.251513,-18.1347227441,-55058.7063113,517445.27155,-1813.47227441
0.0092574,-17230.5798381,-17729.9395822,1717.90213912,3288.54543854,15512.677699,14441.3941436,-18.4350399221,-216839.099774,-244644.042678,-164676.820952,-129813.25685,391492.936291,374457.299528,-184067.238398,-160581.106036,407113.941812,-184067.238398,-18.4350399221,-160581.106036,-66461.9298896,407113.941812,518624.635071,-202499.962691,-160685.360626,394414.658406,-184067.238398,-160581.106036,407113.941812,-184067.238398,-160581.106036,407113.941812,-18.4350399221,-66461.9298896,518624.635071,-1843.50399221
0.009324,-17122.4344487,-17562.6980482,1287.01208038,2821.20601399,15835.4223684,14741.4920342,-18.7237370478,-210890.922167,-237257.85614,-173726.894028,-138745.821071,393995.324759,376003.677211,-179233.481909,-169973.748112,409538.473849,-179233.481909,-18.7237370478,-169973.748112,-77822.7628134,409538.473849,519476.506903,-196941.083401,-169774.853423,396878.315265,-179233.481909,-169973.748112,409538.473849,-179233.481909,-169973.748112,409538.473849,-18.7237370478,-77822.7628134,519476.506903,-1872.37370478
0.0093906,-17003.4728801,-17384.3857114,855.304558219,2352.08821714,16148.1683218,15032.2974943,-19.0006640946,-204809.934481,-229722.112004,-182667.301004,-147590.925631,396248.718301,377313.037635,-174286.364212,-179259.230943,411703.895808,-174286.364212,-19.0006640946,-179259.230943,-89134.9095521,411703.895808,519999.337206,-191257.7017,-178757.256559,399091.087644,-174286.364212,-179259.230943,411703.895808,-174286.364212,-179259.230943,411703.895808,-19.0006640946,-89134.9095521,519999.337206,-1900.06640946
0.0094572,-16873.7847573,-17195.1149726,423.04310778,1881.48776059,16450.7416495,15313.627212,-19.2656029793,-198599.686323,-222041.560493,-191492.744823,-156342.994938,398252.361542,378384.555431,-169229.150182,-188432.341578,413609.551795,-169229.150182,-19.2656029793,-188432.341578,-100391.288318,413609.551795,520194.200455,-185453.507166,-187627.415603,401052.156014,-169229.150182,-188432.341578,413609.551795,-169229.150182,-188432.341578,413609.551795,-19.2656029793,-100391.288318,520194.200455,-1926.56029793
0.0095238,-16733.4739733,-16995.0051402,-9.47683859995,1409.7012915,16742.9508119,15585.3038487,-19.5183693572,-192264.18804,-214221.043111,-200197.758381,-164996.512049,400005.003177,379217.55516,-164065.654628,-197486.585412,415254.904054,-164065.654628,-19.5183693572,-197486.585412,-111583.738226,415254.904054,520062.137283,-179532.734635,-196379.245305,402760.740321,-164065.654628,-197486.585412,415254.904054,-164065.654628,-197486.585412,415254.904054,-19.5183693572,-111583.738226,520062.137283,-1951.83693572
0.0095904,-16582.6338137,-16784.1823552,-441.975021361,937.026204665,17024.608835,15847.1561505,-19.7588248993,-185807.591786,-206265.489589,-208776.98778,-173546.022143,401505.41385,379811.511732,-158799.266262,-206415.950957,416639.057792,-158799.266262,-19.7588248993,-206415.950957,-122705.385529,416639.057792,519602.989962,-173499.257476,-205007.014956,404215.847984,-158799.266262,-206415.950957,416639.057792,-158799.266262,-206415.950957,416639.057792,-19.7588248993,-122705.385529,519602.989962,-1975.88248993
0.009657,-16421.3451984,-16562.7795117,-874.193038738,463.760455039,17295.5382372,16099.0190567,-19.9868255585,-179233.847629,-198179.914784,-217224.872016,-181986.135958,402752.806763,380166.050742,-153432.795918,-215215.13023,417760.82442,-153432.795918,-19.9868255585,-215215.13023,-133749.700458,417760.82442,518816.470668,-167356.459176,-213505.529433,405416.321278,-153432.795918,-215215.13023,417760.82442,-153432.795918,-215215.13023,417760.82442,-19.9868255585,-133749.700458,518816.470668,-1998.68255585
0.0097236,-16249.7063855,-16330.9361729,-1305.86546926,-9.79763011369,17555.5718548,16340.733803,-20.2022353014,-172547.223936,-189969.415507,-225535.712109,-190311.533196,403746.837252,380280.948703,-147969.366399,-223878.723987,418619.560029,-147969.366399,-20.2022353014,-223878.723987,-144709.741168,418619.560029,517703.075086,-161108.02033,-221869.567812,406361.435999,-147969.366399,-223878.723987,418619.560029,-147969.366399,-223878.723987,418619.560029,-20.2022353014,-144709.741168,517703.075086,-2020.22353014
0.0097902,-16067.8228422,-16088.7984834,-1736.71687932,-483.349539242,17804.5397215,16572.1480226,-20.404918737,-165752.144942,-181639.167321,-233703.897944,-198516.965867,404486.56314,380156.133187,-142412.506251,-232401.160824,419214.47854,-142412.506251,-20.404918737,-232401.160824,-155578.535773,419214.47854,516263.608076,-154757.925391,-230093.748437,407050.423575,-142412.506251,-232401.160824,419214.47854,-142412.506251,-232401.160824,419214.47854,-20.404918737,-155578.535773,516263.608076,-2040.4918737
0.0098568,-15875.8074482,-15836.5190767,-2166.4723936,-956.596764693,18042.2798418,16793.1158414,-20.5947542328,-158851.869119,-173194.421271,-241724.630129,-206597.261603,404970.585177,379791.682874,-136765.776659,-240776.936868,419545.045328,-136765.776659,-20.5947542328,-240776.936868,-166349.859379,419545.045328,514498.642335,-148310.215206,-238172.772028,407482.729076,-136765.776659,-240776.936868,419545.045328,-136765.776659,-240776.936868,419545.045328,-20.5947542328,-166349.859379,514498.642335,-2059.47542328
0.0099234,-15673.7876438,-15574.2569795,-2594.86349476,-1429.24099087,18268.6511386,17003.4979703,-20.7716138848,-151850.858012,-164640.500578,-249593.337609,-214547.32692,405199.12096,379187.827498,-131032.880371,-249001.054055,419611.281203,-131032.880371,-20.7716138848,-249001.054055,-177016.914982,419611.281203,512409.188477,-141769.049038,-246101.751873,407658.283536,-131032.880371,-249001.054055,419611.281203,-131032.880371,-249001.054055,419611.281203,-20.7716138848,-177016.914982,512409.188477,-2077.16138848
0.00999,-15461.8802294,-15302.1775109,-3021.61966336,-1900.98428228,18483.4998928,17203.1617932,-20.9353681636,-144755.065477,-155982.797282,-257304.437746,-222362.150422,405172.852978,378344.947704,-125217.382659,-257068.253195,419412.574394,-125217.382659,-20.9353681636,-257068.253195,-187571.439462,419412.574394,509996.218727,-135138.468237,-253875.585593,407576.566657,-125217.382659,-257068.253195,419412.574394,-125217.382659,-257068.253195,419412.574394,-20.9353681636,-187571.439462,509996.218727,-2093.53681636
0.0100566,-15240.2068901,-15020.4521788,-3446.48496364,-2371.52927136,18686.6918537,17391.9814501,-21.0859185705,-137568.7753,-147226.768844,-264853.128517,-230036.805966,404891.531555,377263.57481,-119322.464111,-264973.725624,418948.84759,-119322.464111,-21.0859185705,-264973.725624,-198007.121208,418948.84759,507261.269878,-128422.263633,-261489.593529,407237.464372,-119322.464111,-264973.725624,418948.84759,-119322.464111,-264973.725624,418948.84759,-21.0859185705,-198007.121208,507261.269878,-2108.59185705
0.0101232,-15008.9302519,-14729.258571,-3869.17956255,-2840.57934588,18878.1098144,17569.8379169,-21.2231500564,-130295.860161,-138377.934703,-272234.933672,-237566.455765,404354.961777,375944.390468,-113352.403617,-272712.345474,418221.167309,-113352.403617,-21.2231500564,-272712.345474,-208318.902505,418221.167309,504206.140645,-121625.152324,-268938.899478,406641.774126,-113352.403617,-272712.345474,418221.167309,-113352.403617,-272712.345474,418221.167309,-21.2231500564,-208318.902505,504206.140645,-2122.31500564
0.0101898,-14768.210752,-14428.7802443,-4289.42336313,-3307.83883596,19057.6341152,17736.6190802,-21.3470014215,-122940.467648,-129441.872801,-279445.202976,-244946.353437,403563.574253,374388.226238,-107311.526966,-280279.005837,417230.278957,-107311.526966,-21.3470014215,-280279.005837,-218499.584128,417230.278957,500833.426572,-114751.866316,-276218.618878,405790.106969,-107311.526966,-280279.005837,417230.278957,-107311.526966,-280279.005837,417230.278957,-21.3470014215,-218499.584128,500833.426572,-2134.70014215
0.0102564,-14518.1951329,-14119.2066076,-4706.95302493,-3773.01320043,19225.1481578,17892.2198081,-21.4574238703,-115507.221529,-120424.216064,-286479.431927,-252171.846997,402517.827846,372596.063061,-101203.518567,-287668.905436,415976.637236,-101203.518567,-21.4574238703,-287668.905436,-228542.187606,415976.637236,497145.655711,-107806.638901,-283324.136454,404682.866145,-101203.518567,-287668.905436,415976.637236,-101203.518567,-287668.905436,415976.637236,-21.4574238703,-228542.187606,497145.655711,-2145.74238703
0.010323,-14259.0231484,-13800.7328036,-5121.51491957,-4235.80921249,19380.5380679,18036.5420161,-21.5543357665,-108000.971542,-111330.648852,-293333.261761,-259238.381793,401218.427605,370569.030645,-95031.7053548,-294877.422684,414460.513899,-95031.7053548,-21.5543357665,-294877.422684,-238440.971348,414460.513899,493144.603932,-100793.427289,-290250.998304,403320.338471,-95031.7053548,-294877.422684,414460.513899,-95031.7053548,-294877.422684,414460.513899,-21.5543357665,-238440.971348,493144.603932,-2155.43357665
0.0103896,-13990.8491725,-13473.559585,-5532.86167813,-4695.93514456,19523.7108507,18169.4947296,-21.6376679321,-100426.587413,-102166.903376,-300002.269812,-266141.50337,399666.631777,368308.406746,-88799.5069717,-301900.352437,412682.817263,-88799.5069717,-21.6376679321,-301900.352437,-248189.906552,412682.817263,488832.829559,-93716.28187,-296995.118056,401703.333857,-88799.5069717,-301900.352437,412682.817263,-88799.5069717,-301900.352437,412682.817263,-21.6376679321,-248189.906552,488832.829559,-2163.76679321
0.0104562,-13713.8636486,-13137.8931883,-5940.71874152,-5153.10095218,19654.5823901,18290.9941405,-21.7073600741,-92788.9079586,-92938.7560842,-306481.814575,-272876.860285,397862.801582,365815.61637,-82511.3557282,-308732.879356,410645.411907,-82511.3557282,-21.7073600741,-308732.879356,-257782.186131,410645.411907,484212.92282,-86580.1285907,-303551.997783,399833.404268,-82511.3557282,-308732.879356,410645.411907,-82511.3557282,-308732.879356,410645.411907,-21.7073600741,-257782.186131,484212.92282,-2170.73600741
0.0105228,-13428.2416009,-12793.9452039,-6344.82936045,-5607.01845681,19773.0709614,18400.9636607,-21.7633631295,-85091.9639454,-83652.0240215,-312768.059494,-279440.206846,395806.882209,363092.230868,-76171.2855497,-315370.792322,408349.531367,-76171.2855497,-21.7633631295,-315370.792322,-267211.449213,408349.531367,479287.387608,-79389.5028698,-309917.557557,397711.711126,-76171.2855497,-315370.792322,408349.531367,-76171.2855497,-315370.792322,408349.531367,-21.7633631295,-267211.449213,479287.387608,-2176.33631295
0.0105894,-13134.155026,-12441.9324424,-6744.94305477,-6057.40152751,19879.0980807,18499.33397,-21.8056416137,-77341.141449,-74312.5611619,-318857.660814,-285827.405789,393500.922203,360139.966951,-69783.1308472,-321809.988861,405796.317802,-69783.1308472,-21.8056416137,-321809.988861,-276472.381323,405796.317802,474059.654429,-72148.783845,-316087.829588,395339.370218,-69783.1308472,-321809.988861,405796.317802,-69783.1308472,-321809.988861,405796.317802,-21.8056416137,-276472.381323,474059.654429,-2180.56416137
0.010656,-12831.7847956,-12082.0767983,-7140.79729461,-6503.96626132,19972.5820902,18586.0430596,-21.8341719598,-69542.7234947,-64926.2547189,-324746.204274,-292034.430885,390947.375426,356960.685604,-63350.9686741,-328045.860033,402987.067102,-63350.9686741,-21.8341719598,-328045.860033,-285559.374069,402987.067102,468533.12992,-64862.5949734,-322058.502759,392717.607605,-63350.9686741,-328045.860033,402987.067102,-63350.9686741,-328045.860033,402987.067102,-21.8341719598,-285559.374069,468533.12992,-2183.41719598
0.0107226,-12521.3206257,-11714.6051096,-7532.14919073,-6946.43116219,20053.4698165,18661.0362718,-21.8489385486,-61701.21096,-55499.0214341,-330429.877306,-298057.369483,388147.873342,353556.390917,-56878.7593318,-334074.770652,399923.594829,-56878.7593318,-21.8489385486,-334074.770652,-294466.66682,399923.594829,462711.361009,-57535.438177,-327826.031993,389848.125643,-56878.7593318,-334074.770652,399923.594829,-56878.7593318,-334074.770652,399923.594829,-21.8489385486,-294466.66682,462711.361009,-2184.89385486
0.0107892,-12202.9639645,-11339.7490154,-7918.75842982,-7384.51731843,20121.7223943,18724.2663339,-21.8499274763,-53820.8747215,-46036.8038479,-335905.281291,-303892.424968,385103.87172,349929.228816,-50370.6605626,-339893.367553,396608.088606,-50370.6605626,-21.8499274763,-339893.367553,-303188.482139,396608.088606,456598.140902,-50171.96716,-333387.114007,386732.96594,-50370.6605626,-339893.367553,396608.088606,-50370.6605626,-339893.367553,396608.088606,-21.8499274763,-303188.482139,456598.140902,-2184.99274763
0.0108558,-11876.9189183,-10957.7448097,-8300.37998371,-7817.94857855,20177.298902,18775.6933882,-21.8371463372,-45906.456597,-36545.5665532,-341169.112451,-309535.919162,381817.12699,346081.485716,-43830.8522022,-345497.98312,393042.760308,-43830.8522022,-21.8371463372,-345497.98312,-311719.238695,393042.760308,450197.434437,-42776.8901159,-338738.248091,383374.185388,-43830.8522022,-345497.98312,393042.760308,-43830.8522022,-345497.98312,393042.760308,-21.8371463372,-311719.238695,450197.434437,-2183.71463372
0.0109224,-11543.3878721,-10568.8332921,-8676.77173829,-8246.45172529,20220.1596104,18815.2850174,-21.8106155833,-37962.9200882,-27031.2924357,-346217.980384,-314984.294639,378289.819403,342015.587074,-37263.373241,-350884.91,389229.755842,-37263.373241,-21.8106155833,-350884.91,-320053.350164,389229.755842,443513.076109,-35354.8178672,-343875.937863,379773.805551,-37263.373241,-350884.91,389229.755842,-37263.373241,-350884.91,389229.755842,-21.8106155833,-320053.350164,443513.076109,-2181.06155833
0.010989,-11202.5657112,-10173.2596165,-9047.70038724,-8669.75664788,20250.2660984,18843.0162644,-21.7703345421,-29995.1649401,-17499.9789028,-351048.998343,-320234.116965,374524.018921,337734.095868,-30672.2177738,-356050.839933,385170.728328,-30672.2177738,-21.7703345421,-356050.839933,-328185.70019,385170.728328,436548.364827,-27910.2437648,-348796.943914,375933.565189,-30672.2177738,-356050.839933,385170.728328,-30672.2177738,-356050.839933,385170.728328,-21.7703345421,-328185.70019,436548.364827,-2177.03345421
0.0110556,-10854.6672578,-9771.27313634,-9412.9399797,-9087.59651231,20267.6072375,18858.8696486,-21.71631056,-22008.1724966,-7957.63410267,-355659.412933,-325282.076869,370521.904804,333239.710972,-24061.5041253,-360992.934883,380868.278403,-24061.5041253,-21.71631056,-360992.934883,-336111.780916,380868.278403,429307.704074,-20447.7954803,-353498.465914,371855.949274,-24061.5041253,-360992.934883,380868.278403,-24061.5041253,-360992.934883,380868.278403,-21.71631056,-336111.780916,429307.704074,-2171.631056
0.0111222,-10499.9355313,-9363.12724726,-9772.23786484,-9499.7079295,20272.1733961,18862.8351768,-21.6486131751,-14007.2832332,1589.72686289,-360044.906131,-330124.992325,366286.087163,328535.265462,-17435.684076,-365707.054779,376326.214614,-17435.684076,-21.6486131751,-365707.054779,-343825.815018,376326.214614,421796.993706,-12972.5879413,-357976.906024,367544.222943,-17435.684076,-365707.054779,376326.214614,-17435.684076,-365707.054779,376326.214614,-21.6486131751,-343825.815018,421796.993706,-2164.86131751
0.0111888,-10138.5970477,-8949.0792277,-10125.3597943,-9905.83112136,20263.956842,18854.9103491,-21.5672922168,-5997.62748859,11136.08573,-364202.39681,-334759.810558,361818.961269,323623.724828,-10799.1940266,-370190.041827,371547.305913,-10799.1940266,-21.5672922168,-370190.041827,-351322.613353,371547.305913,414021.083808,-5489.52614826,-362229.272327,363001.046749,-10799.1940266,-370190.041827,371547.305913,-10799.1940266,-370190.041827,371547.305913,-21.5672922168,-351322.613353,414021.083808,-2156.72922168
0.0112554,-9770.87299667,-8529.39007651,-10472.0965565,-10305.7100845,20242.9695532,18835.100161,-21.4723768149,2015.79647294,20675.4248664,-368130.358075,-339183.609968,357123.91881,318508.185102,-4156.14922287,-374439.781971,366534.249195,-4156.14922287,-21.4723768149,-374439.781971,-358597.769781,366534.249195,405984.40966,1996.82300583,-366253.358015,358229.127749,-4156.14922287,-374439.781971,366534.249195,-4156.14922287,-374439.781971,366534.249195,-21.4723768149,-358597.769781,405984.40966,-2147.23768149
0.011322,-9396.98947399,-8104.32434847,-10812.2370125,-10699.0927517,20209.2264865,18803.4171002,-21.3639136867,10028.038568,30201.7310651,-371826.375868,-343393.601976,352204.192609,313191.870911,2489.55672393,-378453.733981,361290.166636,2489.55672393,-21.3639136867,-378453.733981,-365646.943362,361290.166636,397691.862545,9481.9639778,-370046.749267,353231.431683,2489.55672393,-378453.733981,361290.166636,2489.55672393,-378453.733981,361290.166636,-21.3639136867,-365646.943362,397691.862545,-2136.39136867
0.0113886,-9017.18192005,-7674.14998754,-11145.5672595,-11085.7311507,20162.7491796,18759.8811383,-21.2419730925,18034.1588048,39708.9993341,-375288.172199,-347387.132774,347062.625046,307678.133439,9133.83570856,-382229.294917,355818.452119,9133.83570856,-21.2419730925,-382229.294917,-372465.883223,355818.452119,389148.546348,16961.2338446,-373607.023165,348011.153086,9133.83570856,-382229.294917,355818.452119,9133.83570856,-382229.294917,355818.452119,-21.2419730925,-372465.883223,389148.546348,-2124.19730925
0.0114552,-8631.69150165,-7239.13815795,-11471.8755172,-11465.3815606,20103.5670189,18704.5197185,-21.1066364557,26029.1173211,49191.2366824,-378513.780158,-351161.685005,341702.160739,301970.448322,15772.4021827,-385764.086268,350122.558755,15772.4021827,-21.1066364557,-385764.086268,-379050.329339,350122.558755,380359.824734,24429.8492089,-376931.926718,342571.595496,15772.4021827,-385764.086268,350122.558755,15772.4021827,-385764.086268,350122.558755,-21.1066364557,-379050.329339,380359.824734,-2110.66364557
0.0115218,-8240.75635574,-6799.56307328,-11790.9625281,-11837.8046652,20031.7188838,18637.3677385,-20.9579961563,34007.7575882,58642.4658974,-381501.33786,-354714.879346,336126.219046,296072.413449,22401.250538,-389056.075956,344205.972354,22401.250538,-20.9579961563,-389056.075956,-385396.116071,344205.972354,371331.529024,31883.2573266,-380019.508801,336916.116376,22401.250538,-389056.075956,344205.972354,22401.250538,-389056.075956,344205.972354,-20.9579961563,-385396.116071,371331.529024,-2095.79961563
0.0115884,-7844.62100343,-6355.70182359,-12102.6189924,-12202.7657045,19947.2399958,18558.4675281,-20.7961498456,41964.8588693,68056.7293128,-384248.494907,-358044.476011,330338.412399,289987.746698,29016.1345096,-392102.776896,338072.244228,29016.1345096,-20.7961498456,-392102.776896,-391498.912972,338072.244228,362069.143737,39316.6903081,-382867.51229,331048.122177,29016.1345096,-392102.776896,338072.244228,29016.1345096,-392102.776896,338072.244228,-20.7961498456,-391498.912972,362069.143737,-2079.61498456
0.011655,-7443.53244616,-5907.83420076,-12406.6345872,-12560.0346219,19850.1670334,18467.8688227,-20.6211839911,49895.0280077,77428.092564,-386753.191512,-361148.376157,324341.782651,283720.283593,35612.6432266,-394901.704798,331724.842089,35612.6432266,-20.6211839911,-394901.704798,-397354.801199,331724.842089,352577.33326,46725.2765207,-385473.681359,324970.999794,35612.6432266,-394901.704798,331724.842089,35612.6432266,-394901.704798,331724.842089,-20.6211839911,-397354.801199,352577.33326,-2062.11839911
0.0117216,-7037.75016017,-5456.24252214,-12702.8270478,-12909.3862099,19740.577208,18365.628732,-20.4332013539,57793.1237773,86750.6483288,-389014.435415,-364024.623215,318140.080735,277273.974886,42186.6321742,-397451.630602,325168.170131,42186.6321742,-20.4332013539,-397451.630602,-402960.632815,325168.170131,342862.383029,54104.3682194,-387836.787856,318688.912159,42186.6321742,-397451.630602,325168.170131,42186.6321742,-397451.630602,325168.170131,-20.4332013539,-402960.632815,342862.383029,-2043.32013539
0.0117882,-6627.53594066,-5001.21145254,-12991.0162542,-13250.6002515,19618.5521949,18251.8117041,-20.2323525469,65655.3696353,96018.5200514,-391030.072852,-366671.404116,311738.556142,270652.884064,48734.288799,-399750.99682,318407.040749,48734.288799,-20.2323525469,-399750.99682,-408312.086855,318407.040749,332932.077617,61449.4829573,-389955.480246,312206.268287,48734.288799,-399750.99682,318407.040749,48734.288799,-399750.99682,318407.040749,-20.2323525469,-408312.086855,332932.077617,-2023.23525469
0.0118548,-6213.14571004,-4543.02782485,-13271.0197619,-13583.4616595,19484.165472,18126.4894844,-20.0187717738,73476.9529228,105225.865646,-392798.782284,-369087.050438,305141.326702,263861.184792,55251.4811342,-401798.313065,311445.555789,55251.4811342,-20.0187717738,-401798.313065,-413405.649909,311445.555789,322792.784193,68755.9999096,-391828.377304,305527.039813,55251.4811342,-401798.313065,311445.555789,55251.4811342,-401798.313065,311445.555789,-20.0187717738,-413405.649909,322792.784193,-2001.87717738
0.0119214,-5794.83887505,-4081.98045918,-13542.6601825,-13907.7606117,19337.4990576,17989.7410709,-19.7925772118,81252.1858075,114366.881182,-394319.969352,-371270.039457,298351.975229,256903.158275,61733.5674325,-403592.77063,304287.465212,61733.5674325,-19.7925772118,-403592.77063,-418238.561911,304287.465212,312450.310637,76019.0521249,-393454.518372,298655.091548,61733.5674325,-403592.77063,304287.465212,61733.5674325,-403592.77063,304287.465212,-19.7925772118,-418238.561911,312450.310637,-1979.25772118
0.011988,-5372.8803289,-3618.35998086,-13805.7664795,-14223.2926834,19178.6468084,17841.6526642,-19.5538986147,88976.0711946,123435.804537,-395592.729623,-373218.995107,291374.700552,249783.19057,68176.6415719,-405133.070241,296937.531842,68176.6415719,-19.5538986147,-405133.070241,-422807.925897,296937.531842,301910.943432,83234.1441695,-394832.804567,291594.894579,68176.6415719,-405133.070241,296937.531842,68176.6415719,-405133.070241,296937.531842,-19.5538986147,-422807.925897,301910.943432,-1955.38986147
0.0120546,-4947.53727506,-3152.45863716,-14060.1716963,-14529.8589761,19007.7089713,17682.3176133,-19.3028896543,96643.9442874,132426.919035,-396616.247968,-374932.688846,284213.677398,242505.76981,74577.1284294,-406417.689123,289400.945831,74577.1284294,-19.3028896543,-406417.689123,-427110.9923,289400.945831,291181.204597,90396.9582586,-395962.085233,284351.186463,74577.1284294,-406417.689123,289400.945831,74577.1284294,-406417.689123,289400.945831,-19.3028896543,-427110.9923,291181.204597,-1930.28896543
0.0121212,-4519.07634266,-2684.57011313,-14305.7095529,-14827.266243,18824.7858955,17511.8363562,-19.0397127449,104250.944193,141334.557049,-397389.652211,-376410.040432,276872.91882,235075.483383,80930.6623622,-407445.804165,281682.039625,80930.6623622,-19.0397127449,-407445.804165,-431145.306791,281682.039625,280267.65864,97502.7883646,-396841.563745,276928.273009,80930.6623622,-407445.804165,281682.039625,80930.6623622,-407445.804165,281682.039625,-19.0397127449,-431145.306791,280267.65864,-1903.97127449
0.0121878,-4087.76734779,-2214.98934648,-14542.227072,-15115.3270109,18629.9944198,17330.3163574,-18.7645278273,111792.144018,150153.103567,-397912.521263,-377650.118603,269357.195179,227497.015035,87232.9465589,-408217.165732,273785.372238,87232.9465589,-18.7645278273,-408217.165732,-434908.629,273785.372238,269177.012757,104547.021031,-397470.903841,269330.686586,87232.9465589,-408217.165732,273785.372238,87232.9465589,-408217.165732,273785.372238,-18.7645278273,-434908.629,269177.012757,-1876.45278273
0.0122544,-3653.88092056,-1744.0123416,-14769.578179,-15393.8596981,18423.4590995,17137.8720397,-18.477516482,119262.804645,158876.999743,-398184.798046,-378652.141665,261671.76582,219775.141922,93480.0669428,-408731.403302,265715.905903,93480.0669428,-18.477516482,-408731.403302,-438397.662102,265715.905903,257916.365529,111525.269808,-397849.795478,261563.212103,93480.0669428,-408731.403302,265715.905903,93480.0669428,-408731.403302,265715.905903,-18.477516482,-438397.662102,257916.365529,-1847.7516482
0.012321,-3217.68481983,-1271.93598303,-14987.6175487,-15662.6887289,18205.3023685,16934.624712,-18.1788642477,126658.267903,167500.746389,-398206.212817,-379415.477984,253821.484968,211914.731595,99668.1271107,-408988.034335,257478.434753,99668.1271107,-18.1788642477,-408988.034335,-441609.2841,257478.434753,246492.681628,118433.178711,-397977.863192,253630.520847,99668.1271107,-408988.034335,257478.434753,99668.1271107,-408988.034335,257478.434753,-18.1788642477,-441609.2841,246492.681628,-1817.88642477
0.0123876,-2779.45972881,-799.057848321,-15196.2095503,-15921.6446447,17975.6692791,16720.7024931,-17.868753057,133973.813844,176018.907451,-397976.550741,-379939.646384,245811.29245,203920.738933,105793.154319,-408987.074759,249078.414949,105793.154319,-17.868753057,-408987.074759,-444542.264486,249078.414949,234913.632533,125266.334312,-397855.169698,245537.821087,105793.154319,-408987.074759,249078.414949,105793.154319,-408987.074759,249078.414949,-17.868753057,-444542.264486,234913.632533,-1786.8753057
0.0124542,-2339.4885479,-325.676020391,-15395.2219192,-16170.5642103,17734.7104671,16496.2402307,-17.5473772531,141204.914809,184426.113431,-397495.654125,-380224.316451,237646.530505,195798.20302,111851.743144,-408728.024193,240521.983406,111851.743144,-17.5473772531,-408728.024193,-447195.208586,240521.983406,223186.914661,132020.613198,-397481.572194,237290.708588,111851.743144,-408728.024193,240521.983406,111851.743144,-408728.024193,240521.983406,-17.5473772531,-447195.208586,223186.914661,-1754.73772531
0.0125208,-1898.04497507,147.911100314,-15584.5314266,-16409.290517,17482.5764017,16261.3794167,-17.2149357459,148347.009578,192717.06477,-396763.992392,-380269.30874,229332.263072,187552.24397,117840.127704,-408211.122655,231814.373581,117840.127704,-17.2149357459,-408211.122655,-449566.405656,231814.373581,211319.760032,138691.819366,-396857.348088,228894.273837,117840.127704,-408211.122655,231814.373581,117840.127704,-408211.122655,231814.373581,-17.2149357459,-449566.405656,211319.760032,-1721.49357459
0.0125874,-1455.40221495,621.404983941,-15764.01763,-16637.6730816,17219.419845,16016.2680977,-16.8716382256,155394.999004,200886.535195,-395782.823749,-380074.594891,220872.920014,179188.059696,123753.876538,-407437.286585,222960.123351,123753.876538,-16.8716382256,-407437.286585,-451654.564479,222960.123351,199319.281598,145275.442507,-395983.144184,220353.268512,123753.876538,-407437.286585,222960.123351,123753.876538,-407437.286585,222960.123351,-16.8716382256,-451654.564479,199319.281598,-1687.16382256
0.012654,-1011.83987866,1094.50715941,-15933.563809,-16855.5679411,16945.4036876,15761.0607816,-16.5176985666,162344.748356,208929.375006,-394552.62836,-379640.297642,212274.157678,170710.922636,129589.415195,-406406.642764,213965.002737,129589.415195,-16.5176985666,-406406.642764,-453458.377079,213965.002737,187193.13349,151767.383777,-394859.293466,211673.155095,129589.415195,-406406.642764,213965.002737,129589.415195,-406406.642764,213965.002737,-16.5176985666,-453458.377079,187193.13349,-1651.76985666
0.0127206,-567.640576123,1566.91940257,-16093.0671877,-17062.8377434,16660.7077638,15495.9183409,-16.1533390068,169192.924069,216840.514329,-393073.102297,-378966.690758,203542.315667,162126.176428,135343.665121,-405119.480789,204835.456521,135343.665121,-16.1533390068,-405119.480789,-454976.246979,204835.456521,174949.292804,158163.857578,-393486.388804,202859.851978,135343.665121,-405119.480789,204835.456521,135343.665121,-405119.480789,204835.456521,-16.1533390068,-454976.246979,174949.292804,-1615.33390068
0.0127872,-123.083022024,2038.34392415,-16242.4310382,-17259.3518344,16365.5140603,15221.0079102,-15.7788002875,175934.944748,224614.966307,-391344.94912,-378054.198851,194681.990135,153439.232544,141012.892835,-403576.939836,195577.05765,141012.892835,-15.7788002875,-403576.939836,-456206.738415,195577.05765,162595.079565,164460.809039,-391865.496326,193918.831759,141012.892835,-403576.939836,195577.05765,141012.892835,-403576.939836,195577.05765,-15.7788002875,-456206.738415,162595.079565,-1577.88002875
0.0128538,321.552924609,2508.48355753,-16381.5599986,-17444.9863395,16060.0070739,14936.502782,-15.3943185062,182565.938698,232247.830243,-389369.952984,-376903.39712,185698.247352,144655.566876,146593.212409,-401780.233047,186195.308879,146593.212409,-15.3943185062,-401780.233047,-457149.203092,186195.308879,150138.224262,170654.107879,-389997.742348,184855.552216,146593.212409,-401780.233047,186195.308879,146593.212409,-401780.233047,186195.308879,-15.3943185062,-457149.203092,150138.224262,-1539.43185062
0.0129204,765.986806878,2977.04194599,-16510.3577636,-17619.6242424,15744.3709568,14642.5822964,-15.0001309968,189081.410631,239734.294696,-387149.958252,-375515.010982,176597.274087,135780.716286,152080.896574,-399730.200283,176695.92422,152080.896574,-15.0001309968,-399730.200283,-457803.485531,176695.92422,137586.932914,176739.693985,-387884.059251,175675.578594,152080.896574,-399730.200283,176695.92422,152080.896574,-399730.200283,176695.92422,-15.0001309968,-457803.485531,137586.932914,-1500.01309968
0.012987,1209.93966749,3443.72372961,-16628.7379554,-17783.1554586,15418.7982879,14339.431729,-14.5964895438,195477.348637,247069.640506,-384686.300931,-373889.91562,167384.988225,126820.275114,157472.471973,-397427.847965,167084.808336,157472.471973,-14.5964895438,-397427.847965,-458169.449004,167084.808336,124948.992622,182713.700619,-385525.568144,166384.611201,157472.471973,-397427.847965,167084.808336,157472.471973,-397427.847965,167084.808336,-14.5964895438,-458169.449004,124948.992622,-1459.64895438
0.0130536,1653.12798715,3908.23473136,-16736.6335856,-17935.4769046,15083.5055985,14027.2421733,-14.1836553998,201750.010791,254249.243771,-381980.296761,-372029.135425,158067.289857,117779.891654,162764.553893,-394875.059285,157368.248014,162764.553893,-14.1836553998,-394875.059285,-458246.914713,157368.248014,112232.273596,188572.392117,-382924.081476,156988.707854,162764.553893,-394875.059285,157368.248014,162764.553893,-394875.059285,157368.248014,-14.1836553998,-458246.914713,112232.273596,-1418.36553998
0.0131202,2095.27002469,4370.28214261,-16833.9810117,-18076.4925634,14738.710987,13706.2104208,-13.7618899142,207895.583235,261268.578765,-379033.313976,-369933.843359,148650.270416,108665.264593,167953.933248,-392073.569794,147552.632615,167953.933248,-13.7618899142,-392073.569794,-458035.701594,147552.632615,99444.8464594,194312.150205,-380081.368052,147493.976793,167953.933248,-392073.569794,147552.632615,167953.933248,-392073.569794,147552.632615,-13.7618899142,-458035.701594,99444.8464594,-1376.18899142
0.0131868,2536.0879144,4829.57470766,-16920.7186387,-18206.1135444,14384.6307243,13376.5388367,-13.3314502681,213910.061494,268123.220789,-375847.41782,-367605.360206,139139.658305,99482.139417,173037.585121,-389024.885549,137644.345953,173037.585121,-13.3314502681,-389024.885549,-457535.860375,137644.345953,86594.6975988,199929.483631,-376999.082175,137906.490689,173037.585121,-389024.885549,137644.345953,173037.585121,-389024.885549,137644.345953,-13.3314502681,-457535.860375,86594.6975988,-1333.14502681
0.0132534,2975.31084218,5285.82290738,-16996.7904233,-18324.2581399,14021.4795811,13038.4352325,-12.8926098138,219789.257342,274808.848957,-372425.363274,-365045.153747,129540.726761,90236.3047897,178012.111139,-385731.042119,127649.027824,178012.111139,-12.8926098138,-385731.042119,-456747.652515,127649.027824,73689.3848107,205420.788049,-373679.166442,128231.900601,178012.111139,-385731.042119,127649.027824,178012.111139,-385731.042119,127649.027824,-12.8926098138,-456747.652515,73689.3848107,-1289.26098138
0.01332,3412.66265132,5738.73914164,-17062.1454642,-18430.8518764,13649.4828129,12692.1127348,-12.4456397392,225530.052032,281321.248925,-368768.906078,-362254.837831,119860.022504,80933.5889056,182874.379889,-382193.939755,117572.944562,182874.379889,-12.4456397392,-382193.939755,-455671.22922,117572.944562,60737.232206,210782.590647,-370123.587459,118476.260514,182874.379889,-382193.939755,117572.944562,182874.379889,-382193.939755,117572.944562,-12.4456397392,-455671.22922,60737.232206,-1244.56397392
0.0133866,3847.85904897,6188.03791067,-17116.7417213,-18525.8275617,13268.8826723,12337.789651,-11.9908055658,231129.686582,287656.315543,-364879.075097,-359236.171357,110104.497984,71579.8558143,187621.610539,-378415.475168,107423.232558,187621.610539,-11.9908055658,-378415.475168,-454307.035144,107423.232558,47747.430296,216011.598754,-366334.460025,108646.208274,187621.610539,-378415.475168,107423.232558,187621.610539,-378415.475168,107423.232558,-11.9908055658,-454307.035144,47747.430296,-1199.08055658
0.0134532,4280.62809161,6633.435995,-17160.544385,-18609.1253268,12879.9162934,11975.6893318,-11.5284051671,236584.052238,293810.055445,-360758.0546,-355991.05717,100279.466199,62181.0017247,192250.571181,-374398.246735,97205.9094576,192250.571181,-11.5284051671,-374398.246735,-452656.301266,97205.9094576,34727.9486767,221104.408425,-362314.262061,98747.7213038,192250.571181,-374398.246735,97205.9094576,192250.571181,-374398.246735,97205.9094576,-11.5284051671,-452656.301266,34727.9486767,-1152.84051671
0.0135198,4710.6984509,7074.652634,-17193.5277911,-18680.6926644,12482.8293402,11606.0400304,-11.0587430679,241889.027204,299778.589568,-356409.360106,-352521.540856,90390.8015913,52742.951288,196758.011692,-370145.23282,86926.9995438,196758.011692,-11.0587430679,-370145.23282,-450720.221263,86926.9995438,21686.5929711,226057.663109,-358065.764762,88786.824351,196758.011692,-370145.23282,86926.9995438,196758.011692,-370145.23282,86926.9995438,-11.0587430679,-450720.221263,21686.5929711,-1105.87430679
0.0135864,5137.79572744,7511.40970282,-17215.6727316,-18740.4844613,12077.8770041,11229.0747585,-10.5821176881,247041.129735,305558.155592,-351836.511481,-348829.809455,80445.1835273,43271.6538631,201141.074256,-365659.222782,76593.1576366,201141.074256,-10.5821176881,-365659.222782,-448499.842748,76593.1576366,8631.69480991,230868.22184,-353591.738654,78769.9315889,201141.074256,-365659.222782,76593.1576366,201141.074256,-365659.222782,76593.1576366,-10.5821176881,-448499.842748,8631.69480991,-1058.21176881
0.013653,5561.65253825,7943.43188777,-17226.9676362,-18788.4630273,11665.3150979,10845.0311395,-10.0988307467,252037.197694,311145.110317,-347042.252921,-344918.190084,70448.9804103,33773.0797667,205397.330938,-360942.849232,66211.1244823,205397.330938,-10.0988307467,-360942.849232,-445996.693362,66211.1244823,-4428.53537955,235533.244053,-348894.923534,68703.4632196,205397.330938,-360942.849232,66211.1244823,205397.330938,-360942.849232,66211.1244823,-10.0988307467,-445996.693362,-4428.53537955,-1009.88307467
0.0137196,5982.0063663,8370.44685982,-17227.4096327,-18824.5981186,11245.4032664,10454.1512588,-9.60918586094,256874.143295,316535.931956,-342029.604133,-340789.148465,60408.2594397,24253.2165091,209524.443163,-355998.988113,55787.5171263,209524.443163,-9.60918586094,-355998.988113,-443212.565583,55787.5171263,-17486.0641907,240050.013414,-343978.25379,58593.771573,209524.443163,-355998.988113,55787.5171263,209524.443163,-355998.988113,55787.5171263,-9.60918586094,-443212.565583,-17486.0641907,-960.918586094
0.0137862,6398.5934806,8792.1854463,-17216.9994649,-18848.8669571,10818.4059843,10056.6815108,-9.11348838796,261549.00967,321727.222356,-336801.721256,-336445.287377,50329.3470092,14718.065021,213519.886225,-350830.737704,45328.9116478,213519.886225,-9.11348838796,-350830.737704,-440149.277584,45328.9116478,-30532.6462727,244415.73479,-338844.824292,48447.223499,213519.886225,-350830.737704,45328.9116478,213519.886225,-350830.737704,45328.9116478,-9.11348838796,-440149.277584,-30532.6462727,-911.348838796
0.0138528,6811.14995074,9208.38180053,-17195.7396212,-18861.2542449,10384.5896704,9652.87244433,-8.61204640961,266059.050453,326715.709143,-331361.296267,-331889.345012,40219.2227651,5173.63586978,217380.895049,-345441.364229,34841.731162,217380.895049,-8.61204640961,-345441.364229,-436808.689101,34841.731162,-43559.9787209,248627.501709,-333497.835542,38270.122513,217380.895049,-345441.364229,34841.731162,217380.895049,-345441.364229,34841.731162,-8.61204640961,-436808.689101,-43559.9787209,-861.204640961
0.0139194,7219.42201406,9618.77356945,-17163.6366115,-18861.7521733,9944.2145974,9242.97860388,-8.10517337897,270401.477392,331498.247778,-325711.462508,-327124.193249,30083.9040499,-4374.05452882,221104.767765,-339834.131236,24331.9504799,221104.767765,-8.10517337897,-339834.131236,-433192.44914,24331.9504799,-56560.2638441,252682.521516,-327940.474534,28068.4526115,221104.767765,-339834.131236,24331.9504799,221104.767765,-339834.131236,24331.9504799,-8.10517337897,-433192.44914,-56560.2638441,-810.517337897
0.013986,7623.14727547,10023.1020589,-17120.7037934,-18850.3604287,9497.55651793,8827.25836971,-7.59318526789,274573.548709,336071.823546,-319855.862102,-322152.835843,19929.3785444,-13918.9877033,224689.21501,-334012.114981,13806.5505082,224689.21501,-7.59318526789,-334012.114981,-429302.579542,13806.5505082,-69525.4010016,256578.197586,-322175.96424,17848.8388179,224689.21501,-334012.114981,13806.5505082,224689.21501,-334012.114981,13806.5505082,-7.59318526789,-429302.579542,-69525.4010016,-759.318526789
0.0140526,8022.05441924,10421.112397,-17066.9697273,-18827.0861917,9044.91530804,8405.97379477,-7.07640445321,278572.548451,340433.553453,-313798.545099,-316978.406533,9762.41972203,-23455.1469201,228132.097094,-327978.954908,3273.26417866,228132.097094,-7.07640445321,-327978.954908,-425141.861266,3273.26417866,-82446.457053,260312.044707,-316208.037704,7618.47789888,228132.097094,-327978.954908,3273.26417866,228132.097094,-327978.954908,3273.26417866,-7.07640445321,-425141.861266,-82446.457053,-707.640445321
0.0141192,8415.89581118,10812.5536942,-17002.4761503,-18791.9441337,8586.5803391,7979.39043953,-6.55516738638,282395.845012,344580.688043,-307543.774273,-311604.167067,-410.685460994,-32976.5209766,231431.117248,-321739.038717,-7261.62104295,231431.117248,-6.55516738638,-321739.038717,-420713.308734,-7261.62104295,-95315.2550941,263881.714108,-310040.81863,-2616.35455126,231431.117248,-321739.038717,-7261.62104295,231431.117248,-321739.038717,-7261.62104295,-6.55516738638,-420713.308734,-95315.2550941,-655.516738638
0.0141858,8804.43095492,11197.179202,-16927.2669846,-18744.9564066,8122.83602964,7547.77720461,-6.02981211545,286041.111772,348510.613134,-301095.686272,-306033.505144,-10583.7593272,-42477.1079899,234584.024546,-315296.660567,-17792.0870626,234584.024546,-6.02981211545,-315296.660567,-416020.059857,-17792.0870626,-108124.156236,267284.934274,-303678.368271,-12849.5902432,234584.024546,-315296.660567,-17792.0870626,234584.024546,-315296.660567,-17792.0870626,-6.02981211545,-416020.059857,-108124.156236,-602.981211545
0.0142524,9187.41698522,11574.7464685,-16841.3901458,-18686.1526297,7653.9731606,7111.40616123,-5.50065333448,289506.223397,352220.851463,-294458.139377,-300269.932282,-20750.2846386,-51950.9191807,237588.891396,-308655.851096,-28311.554781,237588.891396,-5.50065333448,-308655.851096,-411064.471732,-28311.554781,-120864.641747,270519.60465,-297124.676188,-23074.8294952,237588.891396,-308655.851096,-28311.554781,237588.891396,-308655.851096,-28311.554781,-5.50065333448,-411064.471732,-120864.641747,-550.065333448
0.014319,9564.61048495,11945.0174906,-16744.8991418,-18615.5698704,7180.28865689,6670.55237977,-4.96801292319,292789.116674,355709.064247,-287634.878263,-294317.081599,-30903.540069,-61391.9826478,240443.915259,-301820.667972,-38813.1847376,240443.915259,-4.96801292319,-301820.667972,-405849.281031,-38813.1847376,-133528.347527,273583.716885,-290383.813753,-33285.5029232,240443.915259,-301820.667972,-38813.1847376,240443.915259,-301820.667972,-38813.1847376,-4.96801292319,-405849.281031,-133528.347527,-496.801292319
0.0143856,9935.7751406,12307.7588648,-16637.8531049,-18533.2526211,6702.07796427,6225.49375633,-4.4322370097,295887.843917,358973.05266,-280629.933349,-288178.705527,-41037.2940266,-70794.347133,243147.32892,-294795.288863,-49290.4107167,243147.32892,-4.4322370097,-294795.288863,-400378.356812,-49290.4107167,-146107.868956,276475.354213,-283459.93654,-43475.2271838,243147.32892,-294795.288863,-49290.4107167,243147.32892,-294795.288863,-49290.4107167,-4.4322370097,-400378.356812,-146107.868956,-443.22370097
0.0144522,10300.6810563,12662.7419337,-16520.319033,-18439.2527713,6219.63797665,5776.51083756,-3.89367018588,298800.254569,362010.759219,-273447.701612,-281858.673447,-51145.4820849,-80152.0857722,245697.5818,-287583.961061,-59736.7110685,245697.5818,-3.89367018588,-287583.961061,-394655.56294,-59736.7110685,-158595.640844,279192.791443,-276357.289154,-53637.6712984,245697.5818,-287583.961061,-59736.7110685,245697.5818,-287583.961061,-59736.7110685,-3.89367018588,-394655.56294,-158595.640844,-389.367018588
0.0145188,10659.0948473,13009.7429308,-16392.3710627,-18333.6295746,5733.27621543,5323.88664384,-3.35265160729,301523.68459,364820.269079,-266092.822795,-275360.969247,-61221.2139595,-89459.2998317,248093.250245,-280191.048998,-70145.1202294,248093.250245,-3.35265160729,-280191.048998,-388684.266783,-70145.1202294,-170983.75169,281734.388453,-269080.278203,-63766.1996592,248093.250245,-280191.048998,-70145.1202294,248093.250245,-280191.048998,-70145.1202294,-3.35265160729,-388684.266783,-170983.75169,-335.265160729
0.0145854,11010.7912165,13348.5431207,-16254.0880593,-18216.4496116,5243.29684279,4867.90649085,-2.80952224957,304056.485643,367399.811239,-258570.201053,-268689.688812,-71257.9872928,-98710.1224264,250332.723349,-272621.209223,-80509.2163275,250332.723349,-2.80952224957,-272621.209223,-382467.448833,-80509.2163275,-183264.544308,284098.486169,-261633.464425,-73854.5140927,250332.723349,-272621.209223,-80509.2163275,250332.723349,-272621.209223,-80509.2163275,-2.80952224957,-382467.448833,-183264.544308,-280.952224957
0.014652,11355.5500189,13678.9289379,-16105.5574011,-18087.7867476,4750.00738216,4408.85780974,-2.26462164498,306397.758325,369747.759662,-250884.601058,-261849.037444,-81249.7289789,-107898.722218,252414.435051,-264879.380958,-90822.709584,252414.435051,-2.26462164498,-264879.380958,-376008.8256,-90822.709584,-195430.053157,286283.527373,-254021.618788,-83896.394583,252414.435051,-264879.380958,-90822.709584,252414.435051,-264879.380958,-90822.709584,-2.26462164498,-376008.8256,-195430.053157,-226.462164498
0.0147186,11693.1494391,14000.6921206,-15946.8763661,-17947.7220865,4253.72692695,3947.02996593,-1.71829055227,308546.046409,371862.634298,-243040.860849,-254843.327207,-91190.2792224,-117019.307091,254337.002323,-256970.727949,-101078.907824,254337.002323,-1.71829055227,-256970.727949,-369313.108015,-101078.907824,-207471.930385,288288.094352,-246249.750003,-93885.3420084,254337.002323,-256970.727949,-101078.907824,254337.002323,-256970.727949,-101078.907824,-1.71829055227,-369313.108015,-207471.930385,-171.829055227
0.0147852,12023.3786091,14313.6298425,-15778.1488254,-17796.3439192,3754.77021636,3482.71407668,-1.17088142023,310499.741436,373743.102018,-235044.208366,-247676.974214,-101073.593699,-126066.127804,256099.216396,-248900.456508,-111271.457479,256099.216396,-1.17088142023,-248900.456508,-362384.904342,-111271.457479,-219382.692927,290110.958568,-238322.901331,-103815.115164,256099.216396,-248900.456508,-111271.457479,256099.216396,-248900.456508,-111271.457479,-1.17088142023,-362384.904342,-219382.692927,-117.088142023
0.0148518,12346.0345952,14617.5448407,-15599.4826483,-17633.7476684,3253.44805307,3016.20282767,-0.622744170494,312257.692522,375387.977451,-226899.794642,-240354.495839,-110893.509117,-135033.481612,257700.056558,-240673.650303,-121394.14742,257700.056558,-0.622744170494,-240673.650303,-355228.678078,-121394.14742,-231155.209487,291751.055504,-230246.05539,-113679.613962,257700.056558,-240673.650303,-121394.14742,257700.056558,-240673.650303,-121394.14742,-0.622744170494,-355228.678078,-231155.209487,-62.2744170494
0.0149184,12660.909121,14912.2455396,-15410.9802391,-17460.035828,2750.0711181,2547.79028839,-0.0742021391254,313818.981512,376796.223737,-218612.565976,-232880.507871,-120643.629491,-143915.715865,259138.35846,-232295.053143,-131440.464937,259138.35846,-0.0742021391254,-232295.053143,-347848.42212,-131440.464937,-242781.653978,293207.186155,-222023.992252,-123472.557544,259138.35846,-232295.053143,-131440.464937,259138.35846,-232295.053143,-131440.464937,-0.0742021391254,-347848.42212,-242781.653978,-7.42021391254
0.014985,12967.7919106,15197.5461719,-15212.7507671,-17275.3178988,2244.95885648,2077.77172686,0.474402693115,315182.628536,377966.953173,-210187.588331,-225259.721605,-130317.569961,-152707.231568,260413.012497,-223769.58911,-141403.59356,260413.012497,0.474402693115,-223769.58911,-340248.399525,-141403.59356,-254254.27441,294478.205783,-213661.671537,-133187.449992,260413.012497,-223769.58911,-141403.59356,260413.012497,-223769.58911,-141403.59356,0.474402693115,-340248.399525,-254254.27441,47.4402693115
0.0150516,13266.4902961,15473.2668959,-15004.925739,-17079.7103194,1738.43544286,1606.44342345,1.02270524011,316347.69378,378899.427781,-201629.836669,-217496.940871,-139909.442718,-161402.48691,261523.357574,-215102.874212,-151277.159226,261523.357574,1.02270524011,-215102.874212,-332433.630112,-151277.159226,-265566.497841,295563.426379,-205164.556706,-142818.090534,261523.357574,-215102.874212,-151277.159226,261523.357574,-215102.874212,-151277.159226,1.02270524011,-332433.630112,-265566.497841,102.270524011
0.0151182,13556.8276155,15739.2339086,-14787.6474741,-16873.3363928,1230.8198586,1134.10248415,1.57035291837,317313.413804,379593.059766,-192944.299426,-209597.059008,-149413.427241,-169996.000759,262468.991011,-206300.732504,-161055.317911,262468.991011,1.57035291837,-206300.732504,-324409.252598,-161055.317911,-276711.935697,296462.446399,-196538.248929,-152358.667806,262468.991011,-206300.732504,-161055.317911,262468.991011,-206300.732504,-161055.317911,1.57035291837,-324409.252598,-276711.935697,157.035291837
0.0151848,13838.6247591,15995.2795554,-14561.0525676,-16656.3262086,722.427808576,661.04665327,2.11700177182,318079.057475,380047.411893,-184136.731838,-201565.055775,-158823.039856,-178482.356118,263249.329032,-197368.676444,-170732.119655,263249.329032,2.11700177182,-197368.676444,-316180.529194,-170732.119655,-287683.257135,297174.726473,-187788.141375,-161803.322615,263249.329032,-197368.676444,-170732.119655,263249.329032,-197368.676444,-170732.119655,2.11700177182,-316180.529194,-287683.257135,211.700177182
0.0152514,14111.7045837,16241.2424354,-14325.2767382,-16428.8165612,213.57215451,187.574125758,2.6623125246,318644.135422,380262.197755,-175213.272299,-193405.994217,-168132.226928,-186856.203538,263863.718671,-188312.083028,-180301.654291,263863.718671,2.6623125246,-188312.083028,-307752.820564,-180301.654291,-298473.186617,297699.698424,-178919.537146,-171146.243481,263863.718671,-188312.083028,-180301.654291,263863.718671,-188312.083028,-180301.654291,2.6623125246,-307752.820564,-298473.186617,266.23125246
0.015318,14375.8923878,16476.967504,-14080.4684035,-16190.9508632,-295.423984273,-286.016640773,3.20594618233,319008.61754,380237.281961,-166179.891007,-185125.017472,-177335.536522,-195112.264489,264311.706122,-179136.717408,-189757.80565,264311.706122,3.20594618233,-179136.717408,-299131.605855,-189757.80565,-309075.066048,298036.981791,-169938.066598,-180381.471055,264311.706122,-179136.717408,-189757.80565,264311.706122,-179136.717408,-189757.80565,3.20594618233,-299131.605855,-309075.066048,320.594618233
0.0153846,14631.0164461,16702.3061696,-13826.7872965,-15942.8790554,-804.229149575,-759.427114172,3.74756692225,319171.953783,379972.680217,-157042.062382,-176727.345527,-186427.129541,-203245.33469,264592.994202,-169848.69374,-199094.325829,264592.994202,3.74756692225,-169848.69374,-290322.163319,-199094.325829,-319482.167252,298186.357818,-160849.649895,-189502.947936,264592.994202,-169848.69374,-199094.325829,264592.994202,-169848.69374,-199094.325829,3.74756692225,-290322.163319,-319482.167252,374.756692225
0.0154512,14876.9176794,16917.1163881,-13564.3973364,-15684.7575121,-1312.52034304,-1232.35887594,4.28683661878,319133.389994,379468.559316,-147805.158218,-168218.271929,-195400.977911,-211250.287387,264707.499048,-160454.006661,-208305.338698,264707.499048,4.28683661878,-160454.006661,-281329.667941,-208305.338698,-329687.692124,298147.812343,-151660.122894,-198504.925461,264707.499048,-160454.006661,-208305.338698,264707.499048,-160454.006661,-208305.338698,4.28683661878,-281329.667941,-329687.692124,428.683661878
0.0155178,15113.4436737,17121.2627518,-13293.462049,-15416.7489425,-1819.98162466,-1704.51380934,4.82340846344,318893.335245,378725.237036,-138475.13976,-159603.160448,-204251.567976,-219122.076588,264655.255902,-150958.359455,-217385.080466,264655.255902,4.82340846344,-150958.359455,-272159.710558,-217385.080466,-339685.457792,297921.428002,-142375.132597,-207381.791638,264655.255902,-150958.359455,-217385.080466,264655.255902,-150958.359455,-217385.080466,4.82340846344,-272159.710558,-339685.457792,482.340846344
0.0155844,15340.4387469,17314.6165755,-13014.1383164,-15139.0222882,-2326.30043051,-2175.5942873,5.3569421515,318452.570225,377743.181937,-129058.059677,-150887.441696,-212973.482141,-226855.740241,264436.017771,-141367.206774,-226327.722532,264436.017771,5.3569421515,-141367.206774,-262818.014019,-226327.722532,-349469.525622,297507.088502,-133000.14269,-216127.90285,264436.017771,-141367.206774,-226327.722532,264436.017771,-141367.206774,-226327.722532,5.3569421515,-262818.014019,-349469.525622,535.69421515
0.015651,15557.7541538,17497.0559766,-12726.5988844,-14851.7526166,-2831.15526937,-2645.30336007,5.88708676186,317811.512132,376523.013065,-119559.684572,-142076.609704,-221561.144208,-234446.403361,264049.792552,-131686.534562,-235127.430118,264049.792552,5.88708676186,-131686.534562,-253310.3197,-235127.430118,-359033.217014,296904.936698,-123541.025955,-224737.600523,264049.792552,-131686.534562,-235127.430118,264049.792552,-131686.534562,-235127.430118,5.88708676186,-253310.3197,-359033.217014,588.708676186
0.0157176,15765.2593253,17668.465953,-12431.0357255,-14555.1210107,-3334.2235998,-3113.34494236,6.41349925109,316970.293416,375065.499565,-109985.604741,-133176.218458,-230009.426424,-241889.281107,263497.138543,-121922.755409,-243778.71744,263497.138543,6.41349925109,-121922.755409,-243642.868071,-243778.71744,-368370.152232,296115.609058,-114003.98784,-233205.499738,263497.138543,-121922.755409,-243778.71744,263497.138543,-121922.755409,-243778.71744,6.41349925109,-243642.868071,-368370.152232,641.349925109
0.0157842,15962.8350709,17828.7384549,-12127.6442258,-14249.3144549,-3835.19084506,-3579.42399998,6.93586277714,315929.136662,373371.560194,-100341.680578,-124191.878399,-238313.198401,-249179.681795,262778.741933,-112082.214295,-252276.469132,262778.741933,6.93586277714,-112082.214295,-233822.076909,-252276.469132,-377474.88233,295139.892881,-104395.173424,-241526.51426,262778.741933,-112082.214295,-252276.469132,262778.741933,-112082.214295,-252276.469132,6.93586277714,-233822.076909,-377474.88233,693.586277714
0.0158508,16150.3553767,17977.772453,-11816.6170597,-13934.5257171,-4333.738317,-4043.24673588,7.45385958488,314688.619326,371442.262741,-90634.447904,-115129.252886,-246466.596239,-256313.009855,261895.033005,-102171.217817,-260615.262193,261895.033005,7.45385958488,-102171.217817,-223854.014704,-260615.262193,-386341.753498,293978.392523,-94720.7170118,-249695.341025,261895.033005,-102171.217817,-260615.262193,261895.033005,-102171.217817,-260615.262193,7.45385958488,-223854.014704,-386341.753498,745.385958488
0.0159174,16327.6896948,18115.4740024,-11498.140635,-13610.9532272,-4829.54905989,-4504.52077525,7.96716690553,313249.685831,369278.823357,-80870.4644763,-105994.054625,-254464.279526,-263284.768732,260846.160948,-92195.8585912,-268789.529252,260846.160948,7.96716690553,-92195.8585912,-213744.813579,-268789.529252,-394964.996612,292631.508113,-84986.5991223,-257706.587391,260846.160948,-92195.8585912,-268789.529252,260846.160948,-92195.8585912,-268789.529252,7.96716690553,-213744.813579,-394964.996612,796.716690553
0.015984,16494.7260144,18241.7563018,-11172.4151108,-13278.8009519,-5322.31090356,-4962.95534992,8.47546069767,311613.457775,366882.605783,-71056.0295391,-96792.0420692,-262301.605094,-270090.563714,259632.674308,-82162.505162,-276794.219763,259632.674308,8.47546069767,-82162.505162,-203501.028653,-276794.219763,-403339.27206,291100.026769,-75198.9898947,-265555.25473,259632.674308,-82162.505162,-276794.219763,259632.674308,-82162.505162,-276794.219763,8.47546069767,-203501.028653,-403339.27206,847.546069767
0.0160506,16651.3645755,18356.539748,-10839.6502278,-12938.2782664,-5811.71434769,-5418.26148156,8.97841610791,309780.551056,364255.120498,-61197.0066477,-87529.0157895,-269973.522333,-276726.104709,258255.482203,-72077.5943787,-284624.465243,258255.482203,8.97841610791,-72077.5943787,-193129.283758,-284624.465243,-411459.475681,289385.044111,-65364.1346838,-273236.52326,258255.482203,-72077.5943787,-284624.465243,258255.482203,-72077.5943787,-284624.465243,8.97841610791,-193129.283758,-411459.475681,897.841610791
0.0161172,16797.5070649,18459.7519861,-10500.0546396,-12589.5998222,-6297.45242528,-5870.15216393,9.47571073647,307751.720163,361398.02376,-51299.1677973,-78210.8148167,-277474.749149,-283187.208944,256715.488818,-61947.3822682,-292275.318288,256715.488818,9.47571073647,-61947.3822682,-182636.117987,-292275.318288,-419320.440221,287487.655363,-55488.1671742,-280745.556676,256715.488818,-61947.3822682,-292275.318288,256715.488818,-61947.3822682,-292275.318288,9.47571073647,-182636.117987,-419320.440221,947.571073647
0.0161838,16933.0647182,18551.3279555,-10153.8391923,-12232.9854118,-6779.22552592,-6318.3425437,9.96702923984,305528.852634,358313.116566,-41368.7066774,-68843.3129617,-284800.741167,-289469.803604,255013.65372,-51778.0774451,-299742.163757,255013.65372,9.96702923984,-51778.0774451,-172027.849886,-299742.163757,-426917.228121,285409.051803,-45577.1673744,-288077.782887,255013.65372,-51778.0774451,-299742.163757,255013.65372,-51778.0774451,-299742.163757,9.96702923984,-172027.849886,-426917.228121,996.702923984
0.0162504,17057.9551566,18631.2099305,-9801.21664656,-11868.6598304,-7256.73851005,-6762.55010008,10.452063394,303113.91771,355002.343514,-31411.9004576,-59432.4151124,-291947.465177,-295569.928401,253150.987741,-41575.8332562,-307020.53464,253150.987741,10.452063394,-41575.8332562,-161310.683898,-307020.53464,-434245.267323,283150.498749,-35637.1722948,-295228.768075,253150.987741,-41575.8332562,-307020.53464,253150.987741,-41575.8332562,-307020.53464,10.452063394,-161310.683898,-434245.267323,1045.2063394
0.016317,17172.0940369,18699.3475567,-9442.41272377,-11496.8527338,-7729.68131318,-7202.4948229,10.9305025371,300508.394161,351467.791579,-21435.2358463,-49984.053512,-298910.435031,-301483.738067,251128.691092,-31347.2574852,-314105.488307,251128.691092,10.9305025371,-31347.2574852,-150491.539771,-314105.488307,-441299.73011,280713.420049,-25674.6080303,-302193.742538,251128.691092,-31347.2574852,-314105.488307,251128.691092,-31347.2574852,-314105.488307,10.9305025371,-150491.539771,-441299.73011,1093.05025371
0.0163836,17275.4050997,18755.6978829,-9077.66263116,-11117.7984938,-8197.74246858,-7637.89938909,11.4020429452,297713.67091,347711.688797,-11445.271583,-40504.1840192,-305684.910917,-307207.504778,248948.173349,-21099.1887108,-320992.174404,248948.173349,11.4020429452,-21099.1887108,-139577.80816,-320992.174404,-448075.844307,278099.446752,-15696.0808031,-308968.020059,248948.173349,-21099.1887108,-320992.174404,248948.173349,-21099.1887108,-320992.174404,11.4020429452,-139577.80816,-448075.844307,1140.20429452
0.0164502,17367.8276723,18800.2253882,-8707.19900043,-10731.7360507,-8660.62867188,-8068.48933751,11.8663999335,294731.351318,343736.402862,-1448.44537688,-30998.7823539,-312266.64878,-312737.620508,246610.878703,-10838.1737481,-327676.442055,246610.878703,11.8663999335,-10838.1737481,-128576.653105,-327676.442055,-454569.52513,275310.303339,-5707.93017628,-315547.461138,246610.878703,-10838.1737481,-327676.442055,246610.878703,-10838.1737481,-327676.442055,11.8663999335,-128576.653105,-454569.52513,1186.63999335
0.0165168,17449.3016547,18832.9020044,-8331.24914,-10338.9087624,-9118.05251465,-8493.99324197,12.3232853199,291563.201073,339544.439631,8549.01808754,-21473.8403307,-318651.539096,-318070.5993,244118.193725,-570.403422895,-334154.054877,244118.193725,12.3232853199,-570.403422895,-117494.755784,-334154.054877,-460776.6271,272347.658032,4283.74759081,-321927.922499,244118.193725,-570.403422895,-334154.054877,244118.193725,-570.403422895,-334154.054877,12.3232853199,-117494.755784,-460776.6271,1232.32853199
0.0165834,17519.7653275,18853.7071334,-7950.03919726,-9939.56425112,-9569.72613025,-8914.14288228,12.7723960104,288211.104952,335138.441543,18541.2176546,-11935.3620813,-324835.310657,-323203.079462,241471.516142,9698.10670344,-340420.499876,241471.516142,12.7723960104,9698.10670344,-106338.446753,-340420.499876,-466692.736408,269213.167923,14272.9488574,-328105.109583,241471.516142,9698.10670344,-340420.499876,241471.516142,9698.10670344,-340420.499876,12.7723960104,-106338.446753,-466692.736408,1277.23960104
0.01665,17579.1771426,18862.6276605,-7563.81217863,-9533.95424714,-10015.3649639,-9328.67341339,13.2134490739,284677.199656,330521.18596,28521.9165008,-2389.36027038,-330814.254407,-328131.82569,238672.483149,19960.6921703,-346472.028574,238672.483149,13.2134490739,19960.6921703,-95114.8037389,-346472.028574,-472314.214892,265908.825189,24253.2669571,-334075.245969,238672.483149,19960.6921703,-346472.028574,238672.483149,19960.6921703,-346472.028574,13.2134490739,-95114.8037389,-472314.214892,1321.34490739
0.0167166,17627.5129215,18859.6579627,-7172.8204339,-9122.33443035,-10454.6924876,-9737.3235323,13.6461805792,280963.808375,325695.58341,38484.8265172,7158.14769506,-336584.998271,-332853.731105,235723.064026,30210.5714798,-352305.394589,235723.064026,13.6461805792,30210.5714798,-83831.3575795,-352305.394589,-477637.990109,262436.944266,34218.2278823,-339834.955535,235723.064026,30210.5714798,-352305.394589,235723.064026,30210.5714798,-352305.394589,13.6461805792,-83831.3575795,-477637.990109,1364.61805792
0.0167832,17664.7466739,18844.7999117,-6777.3137851,-8704.96426897,-10887.4328888,-10139.8356428,14.0703198534,277073.375041,320664.675754,48423.6238857,16701.1434584,-342143.816288,-337365.819212,232625.328369,40441.2992956,-357916.969069,232625.328369,14.0703198534,40441.2992956,-72495.3666519,-357916.969069,-482660.903683,258799.864907,44161.5448641,-345380.665154,232625.328369,40441.2992956,-357916.969069,232625.328369,40441.2992956,-357916.969069,14.0703198534,-72495.3666519,-482660.903683,1407.03198534
0.0168498,17690.8506673,18818.0628737,-6377.53940928,-8282.10685599,-11313.3112581,-10535.9560177,14.4855900094,273008.4068,315431.634269,58331.6079929,26233.6115076,-347486.990039,-341665.245776,229381.16699,50646.4900629,-363303.027854,229381.16699,14.4855900094,50646.4900629,-61113.725324,-363303.027854,-487380.000506,254999.811927,54076.9816784,-350708.748207,229381.16699,50646.4900629,-363303.027854,229381.16699,50646.4900629,-363303.027854,14.4855900094,-61113.725324,-487380.000506,1448.55900094
0.0169164,17705.8065564,18779.4637025,-5973.74481146,-7854.02874334,-11732.0617449,-10925.4349591,14.8917220351,268771.390969,309999.757649,68202.3919521,35749.5429666,-352611.225098,-345749.300616,225992.438682,60819.7860473,-368460.252651,225992.438682,14.8917220351,60819.7860473,-49693.2272969,-368460.252651,-491792.461521,251039.050234,63958.3671562,-355815.888454,225992.438682,60819.7860473,-368460.252651,225992.438682,60819.7860473,-368460.252651,14.8917220351,-49693.2272969,-491792.461521,1489.17220351
0.016983,17709.6039631,18729.0267294,-5566.18681736,-7420.99977385,-12143.4171458,-11308.0269555,15.2884578159,264364.854127,304372.469928,78030.0249099,45242.9393834,-357513.283433,-349615.409311,222461.267515,70954.6278867,-373385.348656,222461.267515,15.2884578159,70954.6278867,-38241.2898192,-373385.348656,-495894.99498,246920.078155,73799.3673436,-360698.820635,222461.267515,70954.6278867,-373385.348656,222461.267515,70954.6278867,-373385.348656,15.2884578159,-38241.2898192,-495894.99498,1528.84578159
0.0170496,17702.2357901,18666.7837478,-5155.12322859,-6983.2929112,-12547.1125615,-11683.4908366,15.6755513626,259791.495888,298553.318314,87808.5899246,54707.8165112,-362189.854649,-353261.134825,218789.842697,81044.539473,-378074.973619,218789.842697,15.6755513626,81044.539473,-26765.6047093,-378074.973619,-499684.57095,242645.451795,83593.6968841,-365354.287802,218789.842697,81044.539473,-378074.973619,218789.842697,81044.539473,-378074.973619,15.6755513626,-26765.6047093,-499684.57095,1567.55513626
0.0171162,17683.7047997,18592.7739932,-4740.80993683,-6541.1840678,-12942.8948629,-12051.5899254,16.0527688104,255054.230714,292545.970962,97531.8644926,64138.2080806,-366637.972524,-356684.179043,214980.384289,91083.2541572,-382526.157087,214980.384289,16.0527688104,91083.2541572,-15273.5265419,-382526.157087,-503159.034718,238217.78867,93335.2551859,-369779.344629,214980.384289,91083.2541572,-382526.157087,214980.384289,91083.2541572,-382526.157087,16.0527688104,-15273.5265419,-503159.034718,1605.27688104
0.0171828,17654.0255192,18507.0441182,-4323.50611396,-6094.95193087,-13330.5194052,-12412.0921873,16.4198720509,250156.322239,286354.214658,107193.680218,73528.1695605,-370854.871076,-359882.384218,211035.341587,101064.608049,-386736.21133,211035.341587,16.4198720509,101064.608049,-3771.92804809,-386736.21133,-506316.1277,233639.90856,103018.023296,-373971.305655,211035.341587,101064.608049,-386736.21133,211035.341587,101064.608049,-386736.21133,16.4198720509,-3771.92804809,-506316.1277,1641.98720509
0.0172494,17613.2180049,18409.6481635,-3903.47384505,-5644.87778682,-13709.7441598,-12764.7703767,16.7766161472,245101.331686,279981.952428,116788.236956,82871.7819051,-374837.580918,-362853.734334,206957.337479,110982.501125,-390702.424363,206957.337479,16.7766161472,110982.501125,7732.51677005,-390702.424363,-509153.365686,228914.767472,112636.012935,-377927.520965,206957.337479,110982.501125,-390702.424363,206957.337479,110982.501125,-390702.424363,16.7766161472,7732.51677005,-509153.365686,1677.66161472
0.017316,17561.3072902,18300.6475234,-3480.98173249,-5191.24534388,-14080.3255578,-13109.4021795,17.1227778378,239892.208301,273433.201087,126309.370425,92163.1552854,-378583.844434,-365596.356372,202748.891093,120830.406168,-394422.307282,202748.891093,17.1227778378,120830.406168,19232.3996269,-394422.307282,-511669.248127,224045.336738,122182.975506,-381645.471771,202748.891093,120830.406168,-394422.307282,202748.891093,120830.406168,-394422.307282,17.1227778378,19232.3996269,-511669.248127,1712.27778378
0.0173826,17498.326134,18180.1109075,-3056.29890839,-4734.3405533,-14442.0272256,-13445.7703542,17.4581529094,234531.650291,266712.088697,135750.985329,101396.432802,-382091.996326,-368108.521498,198412.494711,130601.792081,-397893.678088,198412.494711,17.4581529094,130601.792081,30720.1686471,-397893.678088,-513862.994839,219034.622096,131652.698233,-385122.879871,198412.494711,130601.792081,-397893.678088,198412.494711,130601.792081,-397893.678088,17.4581529094,30720.1686471,-513862.994839,1745.81529094
0.0174492,17424.3150895,18048.1142971,-2629.69120384,-4274.45142907,-14794.6238857,-13773.662868,17.7825352856,229023.021485,259822.851971,145107.111487,110565.794175,-385359.843322,-370388.646146,193951.064601,140290.791711,-401114.215573,193951.064601,17.7825352856,140290.791711,42188.5022344,-401114.215573,-515733.381772,213885.867195,141039.384137,-388357.507892,193951.064601,140290.791711,-401114.215573,193951.064601,140290.791711,-401114.215573,17.7825352856,42188.5022344,-515733.381772,1778.25352856
0.0175158,17339.3225721,17904.7408974,-2201.42378192,-3811.86786638,-15137.8987902,-14092.873031,18.095713716,223369.980778,252769.833601,154371.418881,119665.459417,-388384.888268,-372435.293018,189367.590155,149891.693446,-404081.815374,189367.590155,18.095713716,149891.693446,53629.9518012,-404081.815374,-517278.844253,208602.394906,150337.368492,-391347.321688,189367.590155,149891.693446,-404081.815374,189367.590155,149891.693446,-404081.815374,18.095713716,53629.9518012,-517278.844253,1809.5713716
0.0175824,17243.4034443,17750.0810851,-1771.76472484,-3346.88145891,-15471.6387195,-14403.1996262,18.3974849897,217576.04621,245557.479519,163537.902172,128689.692474,-391165.077793,-374247.171993,184664.72796,159398.321171,-406794.914043,184664.72796,18.3974849897,159398.321171,65037.1908002,-406794.914043,-518498.244813,203187.41611,159540.758265,-394090.616186,184664.72796,159398.321171,-406794.914043,184664.72796,159398.321171,-406794.914043,18.3974849897,65037.1908002,-518498.244813,1839.74849897
0.017649,17136.6161461,17584.2323515,-1340.98996725,-2879.78531496,-15795.6261788,-14704.4470365,18.687659544,211644.782138,238190.336098,172601.035572,137632.804839,-393698.601341,-375823.140936,179845.327123,168804.269101,-409251.798327,179845.327123,18.687659544,168804.269101,76403.1742235,-409251.798327,-519390.759013,197644.304064,168643.474372,-396585.607918,179845.327123,168804.269101,-409251.798327,179845.327123,168804.269101,-409251.798327,18.687659544,76403.1742235,-519390.759013,1868.7659544
0.0177156,17019.0258132,17407.2992407,-909.375685446,-2410.87387273,-16109.6501278,-14996.4253679,18.9660526714,205579.956064,230673.047281,181555.414187,146489.159142,-395983.744118,-377162.206423,174912.577556,178103.491095,-411450.641038,174912.577556,18.9660526714,178103.491095,87721.1552555,-411450.641038,-519955.582414,191976.643129,177639.65304,-398830.532379,174912.577556,178103.491095,-411450.641038,174912.577556,178103.491095,-411450.641038,18.9660526714,87721.1552555,-519955.582414,1896.60526714
0.0177822,16890.7064973,17219.3932841,-477.192241998,-1940.44271474,-16413.5142553,-15278.9505693,19.2324890865,199385.49096,223010.351658,190395.502567,155253.172701,-398019.028192,-378263.52436,169869.673416,187290.310647,-413389.967295,169869.673416,19.2324890865,187290.310647,98984.2170785,-413389.967295,-520192.368268,186188.038184,186523.735351,-400823.938858,169869.673416,187290.310647,-413389.967295,169869.673416,187290.310647,-413389.967295,19.2324890865,98984.2170785,-520192.368268,1923.24890865
0.0178488,16751.7389862,17020.6329298,-44.705705046,-1468.78838143,-16707.0332812,-15551.8445484,19.4868041811,193065.385278,215207.079478,199115.746239,163919.321043,-399803.177622,-379126.400522,164719.764393,196359.278809,-415068.577917,164719.764393,19.4868041811,196359.278809,110185.221442,-415068.577917,-520101.365451,180282.085884,195290.365502,-402564.61841,164719.764393,196359.278809,-415068.577917,164719.764393,196359.278809,-415068.577917,19.4868041811,110185.221442,-520101.365451,1948.68041811
0.0179154,16602.210793,16811.1434684,387.814941408,-996.208184308,-16990.0257345,-15814.9352841,19.7288377504,186623.715089,207268.149603,207710.684113,172482.141384,-401335.078929,-379750.290987,159466.165155,205304.957682,-416485.341443,159466.165155,19.7288377504,205304.957682,121317.003385,-416485.341443,-519682.794018,174262.521429,203934.199283,-404051.457423,159466.165155,205304.957682,-416485.341443,159466.165155,205304.957682,-416485.341443,19.7288377504,121317.003385,-519682.794018,1972.88377504
0.017982,16442.21686,16591.0569532,820.091919721,-523.000018504,-17262.3087797,-16068.0569347,19.9584376432,180064.487822,199198.566407,216174.782836,180936.236075,-402614.174413,-380134.802482,154112.065208,214121.286153,-417639.527088,154112.065208,19.9584376432,214121.286153,132372.149452,-417639.527088,-518936.741379,168133.112445,212449.521763,-405283.577486,154112.065208,214121.286153,-417639.527088,154112.065208,214121.286153,-417639.527088,19.9584376432,132372.149452,-518936.741379,1995.84376432
0.0180486,16271.8591627,16360.5121178,1251.85047944,-49.4621749885,-17523.7096422,-16311.0499428,20.1754583377,173391.656559,191003.416625,224502.649295,189276.276,-403640.255073,-380279.692625,148660.572062,222802.308975,-418530.740035,148660.572062,20.1754583377,222802.308975,143343.450767,-418530.740035,-517863.646379,161897.608585,220830.745768,-406260.368306,148660.572062,222802.308975,-418530.740035,148660.572062,222802.308975,-418530.740035,20.1754583377,143343.450767,-517863.646379,2017.54583377
0.0181152,16091.2436411,16119.6542882,1682.82075482,424.106847447,-17774.0643959,-16543.7611356,20.3797615639,166609.688016,182687.866141,232689.181107,197497.003943,-404412.18949,-380184.870083,143115.276297,231342.841884,-419158.179429,143115.276297,20.3797615639,231342.841884,154224.279066,-419158.179429,-516464.140244,155559.9953,229072.750047,-406981.091865,143115.276297,231342.841884,-419158.179429,143115.276297,231342.841884,-419158.179429,20.3797615639,154224.279066,-516464.140244,2037.97615639
0.0181818,15900.4817516,15868.6352912,2112.73050143,897.408530363,-18013.212253,-16766.0438215,20.5712157821,159723.182064,174257.156736,240729.157128,205593.237893,-404928.553165,-379850.39463,137479.893395,239737.687037,-419521.090552,137479.893395,20.5712157821,239737.687037,165008.103022,-419521.090552,-514738.902554,149124.3672,237170.411852,-407445.082513,137479.893395,239737.687037,-419521.090552,137479.893395,239737.687037,-419521.090552,20.5712157821,165008.103022,-514738.902554,2057.12157821
0.0182484,15699.6940344,15607.6133589,2541.30760646,1370.14452383,-18241.0016408,-16977.7578827,20.7496964906,152736.064106,165716.602784,248617.140771,213559.874319,-405189.256414,-379276.477103,131757.785558,247981.297802,-419619.452099,131757.785558,20.7496964906,247981.297802,175688.047795,-419619.452099,-512689.024493,142594.69446,245118.488173,-407652.147951,131757.785558,247981.297802,-419619.452099,131757.785558,247981.297802,-419619.452099,20.7496964906,175688.047795,-512689.024493,2074.96964906
0.018315,15489.0074034,15336.7530288,2968.28282658,1842.01683453,-18457.2902299,-17178.7698633,20.915095178,145652.241515,157071.587899,256348.007134,221391.89138,-405194.634811,-378463.479279,125952.368105,256068.339768,-419453.413596,125952.368105,20.915095178,256068.339768,186257.206889,-419453.413596,-510315.941046,135974.993829,252911.912193,-407602.273048,125952.368105,256068.339768,-419453.413596,125952.368105,256068.339768,-419453.413596,20.915095178,186257.206889,-510315.941046,2091.5095178
0.0183816,15268.5540496,15056.2250401,3393.38949748,2312.72801354,-18661.9435471,-17368.9530536,21.0673124299,138476.155739,148327.561542,263917.110507,229084.352094,-404944.621915,-377411.913636,120067.340162,263993.899503,-419023.004195,120067.340162,21.0673124299,263993.899503,196708.845259,-419023.004195,-507621.243369,129269.439641,260545.888569,-407295.458928,120067.340162,263993.899503,-419023.004195,120067.340162,263993.899503,-419023.004195,21.0673124299,196708.845259,-507621.243369,2106.73124299
0.0184482,15038.4753254,14766.2062261,3816.36062581,2781.98134388,-18854.8359512,-17548.18757,21.2062497686,131212.634078,139490.035588,271319.915996,236632.407451,-404439.208316,-376122.443039,114106.577931,271753.204135,-418328.468694,114106.577931,21.2062497686,271753.204135,207036.341254,-418328.468694,-504606.736611,122482.350157,268015.742029,-406731.918942,114106.577931,271753.204135,-418328.468694,114106.577931,271753.204135,-418328.468694,21.2062497686,207036.341254,-504606.736611,2120.62497686
0.0185148,14798.9225366,14466.8794028,4236.93031664,3249.48102756,-19035.8528533,-17716.3604303,21.331816024,123866.529468,130564.58085,278552.011706,244031.299466,-403678.828464,-374595.880316,108073.976189,279341.542512,-417370.473194,108073.976189,21.331816024,279341.542512,217233.480235,-417370.473194,-501274.490102,115618.104748,275316.898922,-405912.199711,108073.976189,279341.542512,-417370.473194,108073.976189,279341.542512,-417370.473194,21.331816024,217233.480235,-501274.490102,2133.1816024
0.0185814,14550.0479409,14158.4332534,4654.83261424,3714.932372,-19204.8805552,-17873.3656254,21.4439346008,116442.470154,121556.823569,285608.95908,251276.364182,-402664.101754,-372833.187751,101973.424691,286754.168141,-416149.605842,101973.424691,21.4439346008,286754.168141,227294.103229,-416149.605842,-497626.580862,108681.086184,282444.7733,-404836.820554,101973.424691,286754.168141,-416149.605842,101973.424691,286754.168141,-416149.605842,21.4439346008,227294.103229,-497626.580862,2144.39346008
0.018648,14292.0018047,13841.0622098,5069.797819,4178.04197579,-19361.7996237,-18019.1041856,21.5425411097,108944.937827,112472.441863,292485.836498,258363.034609,-401395.685131,-370835.476472,95808.7627284,293986.036267,-414666.256642,95808.7627284,21.5425411097,293986.036267,237211.537064,-414666.256642,-493664.927919,101675.662325,289394.574745,-403506.155974,95808.7627284,293986.036267,-414666.256642,95808.7627284,293986.036267,-414666.256642,21.5425411097,237211.537064,-493664.927919,2154.25411097
0.0187146,14024.9436163,13514.9663296,5481.56137967,4638.51791368,-19506.504996,-18153.4842433,21.6275732951,101378.588992,103317.162153,299177.881993,265286.843601,-399874.39612,-368604.005755,89583.7043621,301032.244516,-412921.34885,89583.7043621,21.6275732951,301032.244516,246979.215356,-412921.34885,-489391.798775,94606.1620827,296161.696722,-401920.983863,89583.7043621,301032.244516,-412921.34885,89583.7043621,301032.244516,-412921.34885,21.6275732951,246979.215356,-489391.798775,2162.75732951
0.0187812,13749.0416643,13180.3511703,5889.86854199,5096.06992058,-19638.9102063,-18276.4210909,21.6989767692,93748.5540356,94096.7555527,305681.290359,272043.426673,-398100.81564,-366140.182225,83302.1359426,307888.594347,-410916.016693,83302.1359426,21.6989767692,307888.594347,256591.218546,-410916.016693,-484809.768269,87476.9944515,302742.050159,-400082.348253,83302.1359426,307888.594347,-410916.016693,83302.1359426,307888.594347,-410916.016693,21.6989767692,256591.218546,-484809.768269,2169.89767692
0.0188478,13464.4687065,12837.4276595,6294.46642327,5550.40957451,-19758.9351298,-18387.837234,21.7567050753,86059.8065169,84817.0342256,311992.453106,278628.524753,-396075.74601,-363445.558978,76968.0547239,314551.062564,-408651.419202,76968.0547239,21.7567050753,314551.062564,266041.774254,-408651.419202,-479921.672201,80292.6392704,309131.682632,-397991.368194,76968.0547239,314551.062564,-408651.419202,76968.0547239,314551.062564,-408651.419202,21.7567050753,266041.774254,-479921.672201,2175.67050753
0.0189144,13171.4054937,12486.411962,6695.09868173,6001.25047843,-19866.5041754,-18487.6624404,21.8007112935,78316.652976,75483.8477271,318107.112499,285037.986865,-393800.948086,-360521.834592,70585.281596,321015.201072,-406129.235978,70585.281596,21.8007112935,321015.201072,275324.707649,-406129.235978,-474730.93902,73057.5549482,315326.435467,-395649.49582,70585.281596,321015.201072,-406129.235978,70585.281596,321015.201072,-406129.235978,21.8007112935,275324.707649,-474730.93902,2180.07112935
0.018981,12870.039835,12127.5253437,7091.51150905,6448.30844076,-19961.551344,-18575.8337845,21.8309631122,70523.6158517,66103.0793143,324021.120168,291267.772749,-391278.442241,-357370.852063,64157.7525155,327276.774549,-403351.323516,64157.7525155,21.8309631122,327276.774549,284433.954462,-403351.323516,-469241.098681,65776.2835464,321322.326081,-393058.369304,64157.7525155,327276.774549,-403351.323516,64157.7525155,327276.774549,-403351.323516,21.8309631122,284433.954462,-469241.098681,2183.09631122
0.0190476,12560.5638662,11760.9940321,7483.45625445,6891.30165456,-20044.0201206,-18652.2956867,21.847446047,62685.799316,56680.6422379,329730.868733,297313.955404,-388509.847269,-353994.597641,57689.7106922,333332.099185,-400319.367316,57689.7106922,21.847446047,333332.099185,293363.836116,-400319.367316,-463455.592379,58453.5159024,327115.733347,-390219.62199,57689.7106922,333332.099185,-400319.367316,57689.7106922,333332.099185,-400319.367316,21.847446047,293363.836116,-463455.592379,2184.7446047
0.0191142,12243.1733277,11387.0490733,7870.68413965,7329.9508751,-20113.8574673,-18716.9999484,21.8501540238,54808.449786,47222.4760148,335232.749941,303172.723564,-385496.472199,-350395.199578,51185.5003123,339177.524576,-397035.049885,51185.5003123,21.8501540238,339177.524576,302108.762698,-397035.049885,-457378.210755,51094.015341,332703.072864,-387134.926695,51185.5003123,339177.524576,-397035.049885,51185.5003123,339177.524576,-397035.049885,21.8501540238,302108.762698,-457378.210755,2185.01540238
0.0191808,11918.0691851,11005.926187,8252.9495115,7763.97959596,-20171.0186966,-18769.9057829,21.8390891496,46896.6842989,37734.5426842,340523.122986,308840.384103,-382239.959622,-346574.926787,44649.2887059,344809.343066,-393500.426459,44649.2887059,21.8390891496,344809.343066,310663.38017,-393500.426459,-451013.08355,43702.4692627,338080.798126,-383806.221367,44649.2887059,344809.343066,-393500.426459,44649.2887059,344809.343066,-393500.426459,21.8390891496,310663.38017,-451013.08355,2183.90891496
0.0192474,11585.455051,10617.8656172,8630.01309871,8193.11422327,-20215.4681498,-18810.9798405,21.8142622371,38955.5282416,28222.8230493,345598.808861,314313.36436,-378742.36735,-342536.18741,38085.0148659,350223.922275,-389717.828501,38085.0148659,21.8142622371,350223.922275,319022.398764,-389717.828501,-444364.069114,36283.4291099,343245.490277,-380235.650649,38085.0148659,350223.922275,-389717.828501,38085.0148659,350223.922275,-389717.828501,21.8142622371,319022.398764,-444364.069114,2181.42622371
0.019314,11245.5350611,10223.1119815,9001.6379052,8617.08424821,-20247.1729663,-18840.1962297,21.7756910501,30989.9764106,18693.312907,350456.908815,319588.214395,-375005.807553,-338281.527302,31496.5479831,355417.62022,-385689.586642,31496.5479831,21.7756910501,355417.62022,327180.269389,-385689.586642,-437434.710086,28841.4009262,348193.755228,-376425.378072,31496.5479831,355417.62022,-385689.586642,31496.5479831,355417.62022,-385689.586642,21.7756910501,327180.269389,-437434.710086,2177.56910501
0.0193806,10898.5209005,9821.91411625,9367.58997821,9035.62241749,-20266.1108787,-18857.5365337,21.7233988339,23004.9879999,9152.01926869,355094.227058,324661.609158,-371032.747769,-333813.628427,24887.9528589,360387.092726,-381418.178611,24887.9528589,21.7233988339,360387.092726,335131.736982,-381418.178611,-430229.078901,21381.014555,352922.426674,-372377.746211,24887.9528589,360387.092726,-381418.178611,24887.9528589,360387.092726,-381418.178611,21.7233988339,335131.736982,-430229.078901,2172.33988339
0.0194472,10544.6316519,9414.52492015,9727.64164495,9448.46490187,-20272.2732968,-18862.989822,21.65741595,15005.5283871,-395.04342626,359507.62648,329530.35059,-366825.85124,-329135.307164,18263.5701765,365129.557843,-376906.141941,18263.5701765,21.65741595,365129.557843,342872.020961,-376906.141941,-422751.809377,13907.0444581,357428.735834,-368095.250596,18263.5701765,365129.557843,-376906.141941,18263.5701765,365129.557843,-376906.141941,21.65741595,342872.020961,-422751.809377,2165.741595
0.0195138,10184.0932593,9001.20119459,10081.5670114,9855.35146242,-20265.6602707,-18856.552657,21.5777792754,6996.55451696,-9941.85710205,363694.303978,334191.369637,-362387.810175,-324249.512535,11627.7218566,369642.23332,-372156.342478,11627.7218566,21.5777792754,369642.23332,350396.400941,-372156.342478,-415007.717562,6424.28554063,361709.975516,-363580.64076,11627.7218566,369642.23332,-372156.342478,11627.7218566,369642.23332,-372156.342478,21.5777792754,350396.400941,-415007.717562,2157.77792754
0.0195804,9817.13847831,8582.20348184,10429.13645,10256.0256146,-20246.2749283,-18838.2290964,21.484532581,-1016.92160868,-19482.4038399,367651.522618,338641.728183,-357721.548778,-319159.324343,4984.54630134,373921.848745,-367172.138345,4984.54630134,21.484532581,373921.848745,357699.958605,-367172.138345,-407001.945544,-1062.49753335,365763.190542,-358836.970476,4984.54630134,373921.848745,-367172.138345,4984.54630134,373921.848745,-367172.138345,21.484532581,357699.958605,-407001.945544,2148.4532581
0.019647,9443.99980185,8157.79590085,10770.12535,10650.2347898,-20214.1251518,-18808.0306907,21.3777359794,-9029.74350538,-29010.6696713,371376.956098,342878.620906,-352830.137896,-313867.951235,-1661.79993037,377965.355081,-361956.770231,-1661.79993037,21.3777359794,377965.355081,364778.037119,-361956.770231,-398739.851264,-8548.56187281,369585.592272,-353867.261417,-1661.79993037,377965.355081,-361956.770231,-1661.79993037,377965.355081,-361956.770231,21.3777359794,364778.037119,-398739.851264,2137.77359794
0.0197136,9064.91128262,7728.2459807,11104.3200659,11037.7304949,-20169.2313486,-18765.9764756,21.257467932,-17036.7445641,-38520.6483692,374868.703886,346899.377043,-347716.565767,-308378.728673,-8307.00392992,381770.403456,-356513.334932,-8307.00392992,21.257467932,381770.403456,371626.587138,-356513.334932,-390226.562434,-16029.1413034,373174.879081,-348674.545011,-8307.00392992,381770.403456,-356513.334932,-8307.00392992,381770.403456,-356513.334932,21.257467932,371626.587138,-390226.562434,2125.7467932
0.0197802,8680.1117266,7293.82449201,11431.5141039,11418.2684685,-20111.6258305,-18712.0929605,21.1238069246,-25032.8893453,-48006.345234,378124.558493,350701.462073,-342383.608318,-302695.116839,-14946.7629019,385334.952247,-350845.140972,-14946.7629019,21.1238069246,385334.952247,378241.222723,-350845.140972,-381467.238278,-23499.4885239,376529.014617,-343262.055414,-14946.7629019,385334.952247,-350845.140972,-14946.7629019,385334.952247,-350845.140972,21.1238069246,378241.222723,-381467.238278,2112.38069246
0.0198468,8289.84465849,6854.80527622,11751.5043656,11791.608835,-20041.3490241,-18646.4141112,20.9768288217,-33013.2538884,-57461.7808724,381142.028075,354282.47932,-336834.392812,-296820.698448,-21576.9146011,388656.914481,-344955.840691,-21576.9146011,20.9768288217,388656.914481,384617.150128,-344955.840691,-372467.512935,-30954.9188175,379646.007193,-337633.273609,-21576.9146011,388656.914481,-344955.840691,-21576.9146011,388656.914481,-344955.840691,20.9768288217,384617.150128,-372467.512935,2097.68288217
0.0199134,7894.3543085,6411.46507299,12064.0889789,12157.5162561,-19958.4432874,-18568.9813291,20.8166230214,-40973.0336462,-66880.9949665,383919.005204,357640.171457,-331072.608145,-290759.176491,-28193.3435184,391734.122175,-338849.10575,-28193.3435184,20.8166230214,391734.122175,390750.188795,-338849.10575,-363233.139798,-38390.7739105,382523.843047,-331791.70618,-28193.3435184,391734.122175,-338849.10575,-28193.3435184,391734.122175,-338849.10575,20.8166230214,390750.188795,-363233.139798,2081.66230214
0.01998,7493.88409082,5964.08334576,12369.0690359,12515.7600788,-19862.9531267,-18479.8434245,20.6432929647,-48907.3927756,-76258.0500309,386453.852647,360772.421934,-325102.023105,-284514.371903,-34791.966113,394564.439609,-332528.529727,-34791.966113,20.6432929647,394564.439609,396636.816838,-332528.529727,-353769.761051,-45802.4334952,385160.554101,-325740.827942,-34791.966113,394564.439609,-332528.529727,-34791.966113,394564.439609,-332528.529727,20.6432929647,396636.816838,-353769.761051,2064.32929647
0.0200466,7088.68482962,5512.94210559,12666.2514315,12866.1144808,-19754.9362611,-18379.0565864,20.4569494471,-56810.985144,-85587.0351557,388745.013053,363677.256307,-318926.523958,-278090.221151,-41368.7671318,397145.888684,-325998.148185,-41368.7671318,20.4569494471,397145.888684,402273.663151,-325998.148185,-344083.214714,-53185.3021474,387554.361698,-319484.454379,-41368.7671318,397145.888684,-325998.148185,-41368.7671318,397145.888684,-325998.148185,20.4569494471,402273.663151,-344083.214714,2045.69494471
0.0201132,6679.01515198,5058.32573336,12955.4498756,13208.3586133,-19634.4650276,-18266.6843466,20.2577112597,-64678.381072,-94862.0697321,390791.025199,366352.843489,-312550.075761,-271490.773757,-47919.6678919,399476.836172,-319262.331783,-47919.6678919,20.2577112597,399476.836172,407657.303396,-319262.331783,-334179.734676,-60534.7470356,389703.784403,-313026.699735,-47919.6678919,399476.836172,-319262.331783,-47919.6678919,399476.836172,-319262.331783,20.2577112597,407657.303396,-334179.734676,2025.77112597
0.0201798,6265.13660519,4600.52080054,13236.4841921,13542.2767394,-19501.6207973,-18142.79754,20.0457040256,-72504.7199216,-104077.30716,392590.606444,368797.4969,-305976.734767,-264720.18974,-54440.500172,401555.975018,-312325.480269,-54440.500172,20.0457040256,401555.975018,412784.27842,-312325.480269,-324065.828594,-67846.1091182,391607.592518,-306371.762687,-54440.500172,401555.975018,-312325.480269,-54440.500172,401555.975018,-312325.480269,20.0457040256,412784.27842,-324065.828594,2004.57040256
0.0202464,5847.31122823,4139.81588854,13509.1756821,13867.6583711,-19356.4869104,-18007.4742596,19.8210581418,-80285.3022173,-113226.938532,394142.611867,371009.675531,-299210.777042,-257782.736999,-60927.0757132,403381.981507,-305191.954824,-60927.0757132,19.8210581418,403381.981507,417651.012024,-305191.954824,-313747.929873,-75114.7250608,393264.568419,-299523.837149,-60927.0757132,403381.981507,-305191.954824,-60927.0757132,403381.981507,-305191.954824,19.8210581418,417651.012024,-313747.929873,1982.10581418
0.020313,5425.80013265,3676.5014068,13773.3507424,14184.298401,-19199.1508751,-17860.7998078,19.5839176515,-88015.1898715,-122305.196296,395446.311144,372987.984915,-292256.565426,-250682.788618,-67375.2335212,404953.678004,-297866.047314,-67375.2335212,19.5839176515,404953.678004,422254.169451,-297866.047314,-303232.298645,-82335.9800877,394673.620856,-292487.101087,-67375.2335212,404953.678004,-297866.047314,-67375.2335212,404953.678004,-297866.047314,19.5839176515,422254.169451,-303232.298645,1958.39176515
0.0203796,5000.86478151,3210.86940972,14028.8473008,14491.9972324,-19029.7120823,-17702.8666421,19.3344417904,-95689.4510386,-131306.357894,396501.188164,374731.178007,-285118.310101,-243424.820114,-73780.9213193,406270.321524,-290352.140907,-73780.9213193,19.3344417904,406270.321524,426591.128539,-290352.140907,-292525.293178,-89505.3789678,395834.012452,-285265.849255,-73780.9213193,406270.321524,-290352.140907,-73780.9213193,406270.321524,-290352.140907,19.3344417904,426591.128539,-292525.293178,1933.44417904
0.0204462,4572.77099342,2743.21341257,14275.5056437,14790.5609045,-18848.2766371,-17533.7743171,19.0727841652,-103303.348867,-140224.749361,397306.369427,376238.155971,-277799.999314,-236013.40661,-80140.095292,407331.164564,-282654.848045,-80140.095292,19.0727841652,407331.164564,430659.362762,-282654.848045,-281633.697564,-96618.419429,396745.05723,-277864.55541,-80140.095292,407331.164564,-282654.848045,-80140.095292,407331.164564,-282654.848045,19.0727841652,430659.362762,-281633.697564,1907.27841652
0.0205128,4141.79389957,2273.82820646,14513.1629294,15079.8012151,-18654.9568289,-17353.6294216,18.7990969966,-110852.243599,-149054.748911,397860.973234,377507.968869,-270305.999145,-228453.219958,-86448.6352805,408135.220366,-274779.217925,-86448.6352805,18.7990969966,408135.220366,434455.995757,-274779.217925,-270564.714304,-103670.488429,397405.967152,-270288.001815,-86448.6352805,408135.220366,-274779.217925,-86448.6352805,408135.220366,-274779.217925,18.7990969966,434455.995757,-270564.714304,1879.90969966
0.0205794,3708.21145026,1803.00967253,14741.6635104,15359.5358389,-18449.8749607,-17162.5455115,18.5135515647,-118331.476354,-157790.790476,398164.627338,378539.816263,-262641.260616,-220749.025787,-92702.5039888,408681.703937,-266730.519328,-92702.5039888,18.5135515647,408681.703937,437978.419654,-266730.519328,-259325.456996,-110657.039375,397816.154713,-262541.155919,-92702.5039888,408681.703937,-266730.519328,-92702.5039888,408681.703937,-266730.519328,18.5135515647,437978.419654,-259325.456996,1851.35515647
0.020646,3272.29586405,1331.05459543,14960.8662973,15629.5884428,-18233.1621613,-16960.6430383,18.2163340865,-125736.360017,-166427.367213,398217.20509,379333.047719,-254810.889373,-212905.680507,-98897.8629712,408970.340061,-258513.864684,-98897.8629712,18.2163340865,408970.340061,441224.611509,-258513.864684,-247922.82296,-117573.743395,397975.423604,-254628.925176,-98897.8629712,408970.340061,-258513.864684,-98897.8629712,408970.340061,-258513.864684,18.2163340865,441224.611509,-247922.82296,1821.63340865
0.0207126,2834.31906356,858.260476227,15170.638439,15889.7887967,-18004.9575025,-16748.049273,17.9076374033,-133062.11258,-174959.03498,398018.537975,379887.163217,-246820.077388,-204928.128238,-105030.917144,409001.146508,-250134.377467,-105030.917144,17.9076374033,409001.146508,444192.68314,-250134.377467,-236363.885692,-124416.343451,397883.818718,-246556.266746,-105030.917144,409001.146508,-250134.377467,-105030.917144,409001.146508,-250134.377467,17.9076374033,444192.68314,-236363.885692,1790.76374033
0.0207792,2394.55835403,384.925344909,15370.8506792,16139.972881,-17765.4090332,-16524.898226,17.587658192,-140303.950292,-183380.415764,397568.730074,380201.813466,-238674.040841,-196821.397702,-111097.800526,408774.276903,-241597.411723,-111097.800526,17.587658192,408774.276903,446880.814274,-241597.411723,-224656.075421,-131180.536625,397541.526125,-238328.336675,-111097.800526,408774.276903,-241597.411723,-111097.800526,408774.276903,-241597.411723,17.587658192,446880.814274,-224656.075421,1758.7658192
0.0208458,1953.29323604,-88.6524275221,15533.0382102,16379.98299,-17486.3314463,-16291.3305625,17.2565975737,-147457.4552,-191686.201073,396868.448438,380276.800121,-230377.854194,-188590.599048,-117071.016358,406643.116948,-232884.809575,-117071.016358,17.2565975737,410039.498895,449287.559837,-232884.809575,-212806.886194,-137686.279135,395803.480197,-229774.648513,-117071.016358,406643.116948,-232884.809575,-117071.016358,410039.498895,-232884.809575,17.2565975737,449287.559837,-212806.886194,1725.65975737
0.0209124,1510.79880034,-562.174317108,15664.4256585,16609.667831,-17175.2244589,-16047.4935139,16.9146603718,-154518.245904,-199871.155281,395918.315686,380112.075916,-221936.487828,-180240.920634,-122870.799395,403151.612502,-223925.88333,-122870.799395,16.9146603718,412515.621618,451411.419577,-223925.88333,-200823.558075,-143931.639196,393010.163896,-220902.620458,-122870.799395,403151.612502,-223925.88333,-122870.799395,412515.621618,-223925.88333,16.9146603718,451411.419577,-200823.558075,1691.46603718
0.020979,1067.3462436,-1035.34183512,15789.1630587,16828.8826204,-16856.5093023,-15793.5407852,16.5620567372,-161481.492855,-207930.11893,394718.612862,379707.744684,-213355.081963,-171777.625754,-128510.572169,399676.298755,-214742.908055,-128510.572169,16.5620567372,414768.369373,453250.629843,-214742.908055,-188713.357924,-150063.81949,390141.862153,-211868.624054,-128510.572169,399676.298755,-214742.908055,-128510.572169,414768.369373,-214742.908055,16.5620567372,453250.629843,-188713.357924,1656.20567372
0.0210456,623.210864106,-1507.8567162,15906.8565843,17037.4891739,-16530.0674484,-15529.6324577,16.1990075051,-168342.486237,-215858.011981,393269.934755,379064.061301,-204639.010148,-163206.049321,-134004.080553,396183.711237,-205358.72773,-134004.080553,16.1990075051,416788.883522,454803.854283,-205358.72773,-176483.893427,-156085.792775,387178.851252,-202684.994723,-134004.080553,396183.711237,-205358.72773,-134004.080553,416788.883522,-205358.72773,16.1990075051,454803.854283,-176483.893427,1619.90075051
0.0211122,178.676836882,-1979.42110639,16017.1586299,17235.3559947,-16195.8354668,-15255.9348884,15.8257391563,-175097.063313,-223649.837015,391573.331927,378181.431518,-195793.76532,-154531.594503,-139362.147575,392645.842188,-195793.790379,-139362.147575,15.8257391563,418569.524757,456070.290285,-195793.790379,-164142.935517,-161999.288389,384104.727747,-193363.243064,-139362.147575,392645.842188,-195793.790379,-139362.147575,418569.524757,-195793.790379,15.8257391563,456070.290285,-164142.935517,1582.57391563
0.0211788,-265.967101538,-2449.7377509,16119.7549043,17422.3583557,-15853.7878028,-14972.6206048,15.4424901961,-181741.335229,-231300.682386,389629.949171,377060.411708,-186825.056932,-145759.729322,-144593.097134,389038.965618,-186066.323128,-144593.097134,15.4424901961,420103.55929,457049.144578,-186066.323128,-151698.478831,-167804.953322,380905.644782,-183914.016944,-144593.097134,389038.965618,-186066.323128,-144593.097134,420103.55929,-186066.323128,15.4424901961,457049.144578,-151698.478831,1544.24901961
0.0212454,-710.436380672,-2918.51018144,16214.3667569,17598.3783783,-15503.9303763,-14679.8681968,15.0495141257,-188271.303477,-238805.725316,387441.033145,375701.708516,-177738.740904,-136895.983199,-149703.431092,385343.095873,-176192.505456,-149703.431092,15.0495141257,421385.474311,457739.671141,-176192.505456,-139158.593345,-173502.755074,377570.016757,-174347.099683,-149703.431092,385343.095873,-176192.505456,-149703.431092,421385.474311,-176192.505456,15.0495141257,457739.671141,-139158.593345,1504.95141257
0.021312,-1154.45390288,-3385.44290315,16300.7295149,17763.3051066,-15146.275612,-14377.8622034,14.6470636476,-194448.739578,-246160.234935,384540.023559,374106.178412,-168306.641264,-127945.943477,-154697.960827,381540.572728,-166186.413694,-154697.960827,14.6470636476,422411.116617,458141.547778,-166186.413694,-126531.116984,-179091.94312,374087.547128,-164671.219544,-154697.960827,381540.572728,-166186.413694,-154697.960827,422411.116617,-166186.413694,14.6470636476,458141.547778,-126531.116984,1464.70636476
0.0213786,-1597.74548679,-3850.24158083,16378.4601903,17917.0345776,-14780.7147035,-14066.7929968,14.2353883785,-198767.709852,-253359.575262,377924.938288,372274.827154,-157032.843151,-118915.251892,-159578.427553,377609.810903,-156058.912613,-159578.427553,14.2353883785,423177.945258,458254.656615,-156058.912613,-113823.957723,-184569.552093,370444.557321,-154892.767491,-159578.427553,377609.810903,-156058.912613,-159578.427553,423177.945258,-156058.912613,14.2353883785,458254.656615,-113823.957723,1423.53883785
0.0214452,-2040.0312052,-4312.61322451,16447.5983444,18059.4698866,-14407.5671392,-13746.8566621,13.8147412793,-203274.563233,-260399.208128,371697.848625,370208.809149,-145973.349159,-109809.601021,-164349.763443,373550.405678,-145824.424955,-164349.763443,13.8147412793,423682.026921,458078.937708,-145824.424955,-101045.359278,-189936.651358,366642.949892,-145022.452733,-164349.763443,373550.405678,-145824.424955,-164349.763443,423682.026921,-145824.424955,13.8147412793,458078.937708,-101045.359278,1381.47412793
0.0215118,-2481.0284235,-4772.26637411,16507.8984532,18190.5212483,-14026.8700297,-13418.2548742,13.3525597871,-208553.163052,-267274.696039,364951.980246,367909.426731,-135721.343558,-100634.730692,-169022.632618,369339.449383,-135503.297003,-169022.632618,13.3525597871,423925.54782,460643.046613,-135503.297003,-89149.4164442,-195195.462453,362670.10253,-135072.280665,-169022.632618,369339.449383,-135503.297003,-169022.632618,423925.54782,-135503.297003,13.3525597871,460643.046613,-89149.4164442,1335.25597871
0.0215784,-2920.46031274,-5228.91128318,16559.2071402,18310.1060532,-13638.7468274,-13081.1947701,12.8639830805,-214443.481898,-273981.704969,357781.798174,365378.129335,-126126.514697,-91396.4243659,-173596.737489,364970.325832,-125104.614369,-173596.737489,12.8639830805,423903.203219,464574.943715,-125104.614369,-77715.226473,-200343.394474,358522.417512,-125049.193536,-173596.737489,364970.325832,-125104.614369,-173596.737489,423903.203219,-125104.614369,12.8639830805,464574.943715,-77715.226473,1286.39830805
0.021645,-3358.05317245,-5682.26010155,16601.5092092,18418.14892,-13243.4560368,-12735.8888185,12.3680282818,-219765.423785,-280516.007097,351309.099539,362616.512589,-116019.141889,-82100.5054915,-178058.140448,360457.786757,-114623.685681,-178058.140448,12.3680282818,423614.618549,468145.741311,-114623.685681,-66210.3081411,-205371.757462,354208.753618,-114953.91077,-178058.140448,360457.786757,-114623.685681,-178058.140448,423614.618549,-114623.685681,12.3680282818,468145.741311,-66210.3081411,1236.80282818
0.0217116,-3793.53163112,-6132.02705676,16634.6729567,18514.581743,-12841.1413256,-12382.5546862,11.8648553653,-224715.753339,-286873.483466,345285.530943,359626.3173,-105606.074556,-72752.8338336,-182408.073069,355794.51741,-104071.134807,-182408.073069,11.8648553653,423058.069772,471367.572145,-104071.134807,-54646.3616125,-210278.79533,349725.519848,-104794.18774,-182408.073069,355794.51741,-104071.134807,-182408.073069,423058.069772,-104071.134807,11.8648553653,471367.572145,-54646.3616125,1186.48553653
0.0217782,-4226.61872131,-6577.9286342,16656.1018975,18599.3437348,-12429.4831762,-12021.4151006,11.4019597311,-229408.537845,-293050.126585,339551.267437,356409.428365,-95010.7897319,-63359.3017803,-186598.430193,350877.204136,-93408.3941861,-186598.430193,11.4019597311,422281.50252,475613.519322,-93408.3941861,-41671.3149193,-215023.907883,344992.98337,-94539.0363821,-186598.430193,350877.204136,-93408.3941861,-186598.430193,422281.50252,-93408.3941861,11.4019597311,475613.519322,-41671.3149193,1140.19597311
0.0218448,-4657.03873251,-7019.68375587,16606.97277,18672.3814649,-11949.9340374,-11652.697709,10.9405189289,-233914.333203,-299042.042952,333979.045046,352967.87358,-84313.1312887,-53925.8306279,-189970.245949,342923.627892,-81986.018277,-189970.245949,10.9405189289,421555.092022,479766.225062,-81986.018277,-28420.9254134,-218935.0022,337941.693438,-83525.9456672,-189970.245949,342923.627892,-81986.018277,-189970.245949,421555.092022,-81986.018277,10.9405189289,479766.225062,-28420.9254134,1094.05189289
0.0219114,-5084.52172138,-7457.01395748,16542.5089009,18733.6488934,-11457.9871795,-11276.6349359,10.4753744582,-238287.47426,-304845.455509,328495.052273,349303.822358,-73577.0022351,-44458.3668488,-193084.892196,334629.585509,-70374.6235212,-193084.892196,10.4753744582,420625.737722,483676.52994,-70374.6235212,-15060.9536798,-222608.355081,330550.256212,-72360.5358542,-193084.892196,334629.585509,-70374.6235212,-193084.892196,420625.737722,-70374.6235212,10.4753744582,483676.52994,-15060.9536798,1047.53744582
0.021978,-5508.80336106,-7889.64356407,16486.2048432,18783.1073998,-10977.4014821,-10893.4638357,10.006133207,-242559.722925,-310456.706024,323041.069489,345419.584367,-62843.8433178,-34962.8783431,-196224.772583,327060.108727,-58865.5965335,-196224.772583,10.006133207,419367.395801,487330.762932,-58865.5965335,-1619.55650456,-226323.267339,323635.066449,-61331.2218525,-196224.772583,327060.108727,-58865.5965335,-196224.772583,419367.395801,-58865.5965335,10.006133207,487330.762932,-1619.55650456,1000.6133207
0.0220446,-5929.61787715,-8317.29986371,16435.4231461,18820.7258075,-10505.805269,-10503.4259438,9.53251957738,-246745.572987,-315872.257394,317562.558783,341317.608071,-52137.5599721,-25445.3506762,-199388.175858,320064.036028,-47466.3639122,-199388.175858,9.53251957738,417780.53941,490716.232114,-47466.3639122,11878.7317576,-230061.956596,317091.319234,-50429.4373407,-199388.175858,320064.036028,-47466.3639122,-199388.175858,417780.53941,-47466.3639122,9.53251957738,490716.232114,11878.7317576,953.251957738
0.0221112,-6346.27801201,-8739.71327945,16387.807845,18846.4804034,-10041.529833,-10106.7671239,9.0543272578,-250855.031125,-321088.69588,312042.388135,337000.479186,-41477.3963085,-15911.7833063,-202570.340179,313509.417161,-36206.2143392,-202570.340179,9.0543272578,415926.603177,493825.125649,-36206.2143392,25410.7114599,-233804.31847,310829.566829,-39663.9787684,-202570.340179,313509.417161,-36206.2143392,-202570.340179,415926.603177,-36206.2143392,9.0543272578,493825.125649,25410.7114599,905.43272578
0.0221778,-6741.88954816,-9156.61753924,16336.1805888,18860.3549529,-9594.29104068,-9703.73741362,8.57130309534,-254902.176814,-326102.733252,306443.349539,332470.919054,-30886.7271579,-6368.18580245,-205999.801357,306747.479467,-26297.2798263,-205999.801357,8.57130309534,416090.21942,496668.977003,-26297.2798263,38946.3670353,-237523.916846,304541.800906,-29792.8695593,-205999.801357,306747.479467,-26297.2798263,-205999.801357,416090.21942,-26297.2798263,8.57130309534,496668.977003,38946.3670353,857.130309534
0.0222444,-7126.76469027,-9567.74984378,16281.8608119,18862.3407099,-9155.09612166,-9294.59086616,8.08355725889,-258863.59069,-330911.208867,300727.447718,327731.782923,-20351.4691226,3179.42594398,-209559.242981,299978.710836,-17003.2108755,-209559.242981,8.08355725889,416867.705591,499231.074132,-17003.2108755,52474.7853388,-241230.987209,298279.395861,-20342.5626978,-209559.242981,299978.710836,-17003.2108755,-209559.242981,416867.705591,-17003.2108755,8.08355725889,499231.074132,52474.7853388,808.355725889
0.022311,-7508.1125432,-9972.85103216,16230.4551661,18852.4364229,-8722.34262291,-8879.58539073,7.59126261038,-262220.191732,-335511.091661,293951.24676,322786.05815,-9361.81906281,12725.033511,-212596.363397,294178.140507,-7251.99146309,-212596.363397,7.59126261038,417513.964743,501490.431988,-7251.99146309,65986.0615879,-244673.248334,292556.012911,-10721.6940766,-212596.363397,294178.140507,-7251.99146309,-212596.363397,417513.964743,-7251.99146309,7.59126261038,501490.431988,65986.0615879,759.126261038
0.0223776,-7887.28044423,-10371.6657452,16178.6319054,18830.648335,-8291.35146115,-8458.98258973,7.09452080047,-264740.987507,-339899.482056,285614.510315,317636.862316,2304.21406481,22262.61974,-215320.747511,288942.39803,2832.38868495,-215320.747511,7.09452080047,418128.034726,503446.553476,2832.38868495,79466.225016,-247943.808636,287123.154902,-957.591636508,-215320.747511,288942.39803,2832.38868495,-215320.747511,418128.034726,2832.38868495,7.09452080047,503446.553476,79466.225016,709.452080047
0.0224442,-8283.87661046,-10763.9425866,16128.1341631,18796.9901805,-7844.25755264,-8033.04759386,6.59429921795,-267661.442917,-344073.613791,278175.975921,312287.441262,13402.4246322,31786.1725288,-217899.705426,284205.406491,14230.5425384,-217899.705426,6.59429921795,420772.948785,505083.948416,14230.5425384,92931.6637195,-251250.757778,281853.832037,9658.65720577,-217899.705426,284205.406491,14230.5425384,-217899.705426,420772.948785,14230.5425384,6.59429921795,505083.948416,92931.6637195,659.429921795
0.0225108,-8678.88519708,-11149.4342812,16073.487846,18751.4831762,-7394.60264888,-7602.04889505,6.09638287276,-271524.70478,-348030.855666,270666.107713,306741.167044,23380.8519455,41289.6886213,-220537.471803,279443.034183,25633.5716778,-220537.471803,6.09638287276,423322.882482,505817.722301,25633.5716778,106525.664881,-254553.748183,276532.959051,20283.8154688,-220537.471803,279443.034183,25633.5716778,-220537.471803,423322.882482,25633.5716778,6.09638287276,505817.722301,106525.664881,609.638287276
0.0225774,-9069.78281614,-11527.8978307,16013.066027,18694.1560078,-6943.28321088,-7166.25817714,5.59538219288,-275506.221779,-351768.713197,263660.549878,301001.535805,33044.7156553,50767.1773914,-223248.481534,274545.938252,36887.334435,-223248.481534,5.59538219288,425561.896763,506167.390153,36887.334435,120074.68207,-257835.745371,271101.394111,30820.1125686,-223248.481534,274545.938252,36887.334435,-223248.481534,425561.896763,36887.334435,5.59538219288,506167.390153,120074.68207,559.538219288
0.022644,-9455.94695309,-11899.0946673,15946.005505,18625.044812,-6490.05855194,-6725.95014469,5.08944404828,-278713.890879,-355284.830193,257634.96581,295072.165573,42445.3772848,60212.6646201,-226026.632555,269469.064428,47967.2219744,-226026.632555,5.08944404828,427473.419504,506322.900429,47967.2219744,133507.980015,-261085.014295,265530.211869,41253.039997,-226026.632555,269469.064428,47967.2219744,-226026.632555,427473.419504,47967.2219744,5.08944404828,506322.900429,133507.980015,508.944404828
0.0227106,-9836.81403637,-12262.7908039,15871.3351717,18544.1931537,-6034.5211353,-6281.40234978,4.58552270776,-280775.632687,-358576.990238,252234.403995,288956.793978,50870.1065943,69620.1962604,-228858.180619,264168.427414,58859.6148544,-228858.180619,4.58552270776,429044.407237,506474.818795,58859.6148544,147008.463252,-264285.806319,259789.383816,51574.7972768,-228858.180619,264168.427414,58859.6148544,-228858.180619,429044.407237,58859.6148544,4.58552270776,506474.818795,147008.463252,458.552270776
0.0227772,-10211.9290393,-12618.7569813,15779.7200477,18451.6519983,-5567.79100841,-5832.89501707,4.10362308509,-282987.924055,-361643.118091,247331.439708,282659.275899,59277.1225349,78983.8421913,-231598.085664,258240.18563,69688.3742643,-231598.085664,4.10362308509,430361.667225,507367.009578,69688.3742643,161136.479123,-267308.982354,253572.286994,61895.9793985,-231598.085664,258240.18563,69688.3742643,-231598.085664,430361.667225,69688.3742643,4.10362308509,507367.009578,161136.479123,410.362308509
0.0228438,-10580.7320983,-12966.768813,15638.8672478,18347.4796802,-5058.1351495,-5380.71086714,3.5890331945,-285933.014828,-364481.280989,242086.119451,276183.581034,67013.3429528,88297.6999551,-233869.58888,250180.907407,80802.8417544,-233869.58888,3.5890331945,431591.335782,510262.167574,80802.8417544,174336.041903,-269774.344466,245753.04227,72573.2963124,-233869.58888,250180.907407,80802.8417544,-233869.58888,431591.335782,80802.8417544,3.5890331945,510262.167574,174336.041903,358.90331945
0.0229104,-10942.9823782,-13306.6069268,15505.0567816,18231.7418651,-4562.07440336,-4925.13493829,3.05730286425,-289676.306839,-367089.689872,236433.100995,269533.791393,75537.8637996,97555.8984789,-236247.408992,242704.6196,91619.4820286,-236247.408992,3.05730286425,432455.379994,513444.99642,91619.4820286,187071.434841,-272294.571867,238341.812876,82985.3946337,-236247.408992,242704.6196,91619.4820286,-236247.408992,432455.379994,91619.4820286,3.05730286425,513444.99642,187071.434841,305.730286425
0.022977,-11298.3805808,-13638.0571026,15383.8349622,18104.5115095,-4085.45438143,-4466.45440686,2.52111704639,-293344.340308,-369466.700507,230974.675937,262714.098732,85307.7450562,106752.601775,-238775.865394,236077.461414,102081.438008,-238775.865394,2.52111704639,432915.847513,515784.158795,102081.438008,199686.272569,-274923.687138,231542.279848,93066.7922652,-238775.865394,236077.461414,102081.438008,-238775.865394,432915.847513,102081.438008,2.52111704639,515784.158795,199686.272569,252.111704639
0.0230436,-11646.5900616,-13960.9104079,15268.9186693,17965.8688141,-3622.32860773,-4004.95840618,1.980806429,-296664.412853,-371610.814523,225586.876177,255728.801903,95275.2339681,115882.01262,-241402.306101,229984.394639,112226.662114,-241402.306101,1.980806429,433002.783933,517853.917314,112226.662114,212163.711241,-277596.748345,225125.551446,102869.169137,-241402.306101,229984.394639,112226.662114,-241402.306101,433002.783933,112226.662114,1.980806429,517853.917314,212163.711241,198.0806429
0.0231102,-11985.4053307,-14274.9633293,15155.4876304,17815.9011737,-3170.0822997,-3540.93784438,1.42876293435,-299132.264612,-373520.680358,220697.488074,248582.30415,105911.461035,124938.376208,-244010.894112,224258.522398,122046.140523,-244010.894112,1.42876293435,432704.207934,521189.384645,122046.140523,224211.20908,-280215.088367,218964.571013,112390.747277,-244010.894112,224258.522398,122046.140523,-244010.894112,432704.207934,122046.140523,1.42876293435,521189.384645,224211.20908,142.876293435
0.0231768,-12303.1229695,-14580.0179006,15033.9342527,17654.7031215,-2730.81128323,-3074.68522094,0.880287900174,-301686.489151,-375195.094113,215306.579981,241279.110333,116226.56924,133915.98378,-246422.804912,218515.061967,131041.097636,-246422.804912,0.880287900174,431512.407639,524630.155935,131041.097636,236230.279154,-282564.951961,212824.116321,121302.007117,-246422.804912,218515.061967,131041.097636,-246422.804912,431512.407639,131041.097636,0.880287900174,524630.155935,236230.279154,88.0287900174
0.0232434,-12900.7370938,-14875.8818281,15136.0476693,17482.3762704,-2235.31057546,-2606.49444234,0.342182280159,-304363.974258,-376633.000306,209155.558561,233823.824084,126148.030661,142809.176221,-265439.495454,209615.720175,140152.398384,-230914.072666,0.342182280159,434027.800774,528242.525384,140152.398384,248394.732204,-296069.00377,206085.659979,132213.971851,-265439.495454,209615.720175,140152.398384,-230914.072666,434027.800774,140152.398384,0.342182280159,528242.525384,248394.732204,34.2182280159
0.02331,-13488.8787439,-15162.3686112,15243.8998912,17299.029248,-1755.02114729,-2136.6606368,-0.186017643383,-306578.524492,-377833.492538,201511.405616,226221.144909,136223.887611,151612.347629,-282897.157033,202702.864697,150282.412699,-213677.183919,-0.186017643383,436981.600894,531989.15616,150282.412699,260667.85374,-308858.755399,200457.271851,143507.780258,-282897.157033,202702.864697,150282.412699,-213677.183919,436981.600894,150282.412699,-0.186017643383,531989.15616,260667.85374,-18.6017643383
0.0233766,-14061.6784527,-15439.2976605,15336.5150065,17104.7776287,-1274.83655379,-1665.47996823,-0.705284677642,-308596.226225,-378795.814071,193169.994151,218475.865225,146159.147834,160319.948846,-298912.810903,196598.506378,161187.975458,-196487.220259,-0.705284677642,440094.509855,535812.175227,161187.975458,273001.675886,-320747.849671,195146.12957,155098.273954,-298912.810903,196598.506378,161187.975458,-196487.220259,440094.509855,161187.975458,-0.705284677642,535812.175227,273001.675886,-70.5284677642
0.0234432,-14636.6864574,-15706.4944112,15414.0150063,16899.7438608,-777.328548972,-1193.24944956,-1.2290539652,-311041.883973,-379519.358295,185418.083983,210592.867337,155331.308235,168926.490958,-314346.782033,190445.06529,173027.076519,-180079.489894,-1.2290539652,443716.780292,539182.79355,173027.076519,284997.040636,-332271.417427,189621.364221,167270.493342,-314346.782033,190445.06529,173027.076519,-180079.489894,443716.780292,173027.076519,-1.2290539652,539182.79355,284997.040636,-122.90539652
0.0235098,-15180.3728826,-15963.7904337,15467.2021583,16684.0571892,-286.829275677,-720.266755497,-1.75476489388,-314053.336253,-380003.669119,177553.794372,202577.120364,163578.364947,177426.548755,-328944.219622,183959.056768,184106.316159,-163160.101684,-1.75476489388,448906.954887,541824.260517,184106.316159,296702.560316,-343051.842382,183830.317147,178840.951713,-328944.219622,183959.056768,184106.316159,-163160.101684,448906.954887,184106.316159,-1.75476489388,541824.260517,296702.560316,-175.476489388
0.0235764,-15696.1543051,-16211.0235389,15494.5316764,16457.8535738,201.622628705,-246.830034881,-2.28735669049,-316689.556998,-380248.441251,170177.877886,194433.677101,171861.968705,185814.76415,-342200.823755,177552.253065,195135.845711,-145752.211739,-2.28735669049,454244.347376,544180.13738,195135.845711,307965.739513,-352849.98887,177938.528525,190209.942769,-342200.823755,177552.253065,195135.845711,-145752.211739,454244.347376,195135.845711,-2.28735669049,544180.13738,307965.739513,-228.735669049
0.023643,-16184.1498252,-16448.0378813,15495.6532917,16221.2756041,688.496533593,226.762277242,-2.82577371155,-318814.618114,-380253.5204,163227.028223,186167.670843,180500.333289,194085.849557,-353588.734739,171728.846491,206653.730147,-127871.379503,-2.82577371155,459104.873444,546287.967983,206653.730147,318800.076207,-361398.571908,172195.295512,201652.117171,-353588.734739,171728.846491,206653.730147,-127871.379503,459104.873444,206653.730147,-2.82577371155,546287.967983,318800.076207,-282.577371155
0.0237096,-16648.0984283,-16674.6840569,15469.8019242,15974.4724092,1178.29650414,700.211647748,-3.35951113544,-324801.336463,-380018.903361,157589.771974,177784.312138,192254.410011,202234.591223,-363596.329618,165952.080912,218393.291094,-109558.771331,-3.35951113544,464181.422577,548397.053311,218393.291094,329479.994569,-368959.309746,166301.498699,213081.795663,-363596.329618,165952.080912,218393.291094,-109558.771331,464181.422577,218393.291094,-3.35951113544,548397.053311,329479.994569,-335.951113544
0.0237762,-17088.0863889,-16890.8191972,15406.0731492,15717.5995635,1682.0132397,1173.21963362,-3.87839507755,-353190.245899,-379544.738029,159754.070685,169288.885512,218886.135214,210255.852517,-371970.292741,159832.137997,230613.965426,-90155.2897484,-3.87839507755,471167.646606,550483.674259,230613.965426,339860.655174,-375343.530715,159935.667489,224693.334339,-371970.292741,159832.137997,230613.965426,-90155.2897484,471167.646606,230613.965426,-3.87839507755,550483.674259,339860.655174,-387.839507755
0.0238428,-17504.3087545,-17096.3070594,15295.1708957,15450.8189893,2209.13785874,1645.48807006,-4.38422942062,-371316.410963,-378831.323298,159019.42301,160686.746132,238360.536812,218144.577166,-379314.72724,152229.595138,242729.547023,-70993.0605362,-4.38422942062,478171.789533,551653.505786,242729.547023,348481.776072,-380797.668795,152416.128439,236250.977212,-379314.72724,152229.595138,242729.547023,-70993.0605362,478171.789533,242729.547023,-4.38422942062,551653.505786,348481.776072,-438.422942062
0.0239094,-17904.9303468,-17291.0181125,15184.586968,15174.2988541,2720.3433788,2116.71925848,-4.33629051164,-396060.180782,-377879.108875,148793.292151,151983.316434,248257.907898,225895.792442,-386738.239604,144797.416636,254108.969977,-52437.6274027,-4.33629051164,484926.434959,538401.180704,254108.969977,334713.817968,-386201.136871,145075.438306,247257.438453,-386738.239604,144797.416636,254108.969977,-52437.6274027,484926.434959,254108.969977,-4.33629051164,538401.180704,334713.817968,-433.629051164
0.023976,-18289.58385,-17474.8296187,15070.4608449,14888.2134646,3219.12300514,2586.61615409,-4.31990516442,-418188.397563,-376688.694997,138079.056918,143184.082701,256879.351257,233504.612297,-393767.494472,137774.28102,265205.981437,-34175.1533101,-4.31990516442,491844.55307,524585.588771,265205.981437,322124.892502,-391294.980229,137990.557377,257955.977902,-393767.494472,137774.28102,265205.981437,-34175.1533101,491844.55307,265205.981437,-4.31990516442,524585.588771,322124.892502,-431.990516442
0.0240426,-18656.6166961,-17647.6257107,14944.9492898,14592.7431575,3711.6674063,3054.88255322,-4.33322930845,-432789.517223,-375260.832052,131719.959597,134294.591608,268892.57599,240966.240444,-400088.986729,131013.134659,276239.640163,-15880.9236854,-4.33322930845,499025.013778,510258.803412,276239.640163,310215.196086,-395865.818718,131007.138874,268484.286259,-400088.986729,131013.134659,276239.640163,-15880.9236854,499025.013778,276239.640163,-4.33322930845,510258.803412,310215.196086,-433.322930845
0.0241092,-19003.5931067,-17809.297465,14804.0345454,14288.074185,4199.55856129,3521.22327998,-4.39665794609,-443584.360194,-373596.420106,126165.938941,125320.446727,281208.346562,248275.973379,-405780.476487,124198.316593,286994.524449,2633.31177104,-4.39665794609,505822.418665,495716.275812,286994.524449,298993.717497,-399914.792253,123934.57957,278728.94242,-405780.476487,124198.316593,286994.524449,2633.31177104,505822.418665,286994.524449,-4.39665794609,495716.275812,298993.717497,-439.665794609
0.0241758,-19358.8874759,-17959.7429703,14661.9890525,13974.398598,4696.89842346,3985.34437235,-3.97451059706,-451705.171353,-371696.508336,120456.245615,116267.304988,293142.060061,255429.203348,-411895.615801,117116.039572,298086.249405,21905.4053638,-3.97451059706,512620.080866,496177.476278,298086.249405,301081.309516,-404212.31016,116665.57395,289243.452821,-411895.615801,117116.039572,298086.249405,21905.4053638,512620.080866,298086.249405,-3.97451059706,496177.476278,301081.309516,-397.451059706
0.0242424,-20199.5970541,-18098.867392,14976.4781869,13651.9141245,5223.11886723,4446.95326747,-3.6322585183,-457066.241839,-369562.294368,114660.984764,107140.873119,305303.289742,262421.421249,-439454.271955,115509.374835,316399.437367,43540.3903728,-3.6322585183,521306.08649,493881.764955,316399.437367,300710.036808,-424679.152648,114612.038948,306348.995125,-439454.271955,115509.374835,316399.437367,43540.3903728,521306.08649,316399.437367,-3.6322585183,493881.764955,300710.036808,-363.22585183
0.024309,-20826.9255602,-18226.5830318,15113.8878174,13320.8240457,5713.03774279,4905.75898607,-3.26798823591,-459123.507474,-367195.123523,108436.818029,97946.9040494,318048.426815,269248.219473,-457105.092365,113547.869301,332298.53811,64792.2153977,-3.26798823591,529219.016449,491302.487171,332298.53811,301217.770959,-437971.674917,111578.04821,320814.431228,-457105.092365,113547.869301,332298.53811,64792.2153977,529219.016449,332298.53811,-3.26798823591,491302.487171,301217.770959,-326.798823591
0.0243756,-21347.9006119,-18342.8093829,15149.829093,12981.337067,6198.07151891,5361.47231589,-2.88377165008,-459629.73123,-364596.487968,102130.990442,88691.1932778,330646.518164,275905.29469,-469971.888251,110656.262609,347058.32703,85492.1426748,-2.88377165008,536790.715568,489234.496635,347058.32703,302118.971451,-447659.057243,107516.759548,334060.826811,-469971.888251,110656.262609,347058.32703,85492.1426748,536790.715568,347058.32703,-2.88377165008,489234.496635,302118.971451,-288.377165008
0.0244422,-21774.4572445,-18447.4731811,15091.8583006,12633.6671872,6682.59894393,5813.80599398,-2.48373671036,-459351.032918,-361768.025776,96059.834534,79379.5752243,342735.042592,282388.450552,-478797.600452,106524.963137,360624.81312,105644.981304,-2.48373671036,544108.449341,488348.256805,360624.81312,303052.137104,-454228.485646,102290.748241,346158.224258,-478797.600452,106524.963137,360624.81312,105644.981304,544108.449341,360624.81312,-2.48373671036,488348.256805,303052.137104,-248.373671036
0.0245088,-22095.1795143,-18540.5084507,14942.7112807,12278.0335629,7152.46823359,6262.47488778,-2.0781447653,-458701.17875,-358711.519893,89247.8123925,70017.9195499,353831.019461,288693.600343,-483576.037615,101315.634299,372344.646468,126124.103763,-2.0781447653,551261.214892,487921.296854,372344.646468,304239.233687,-457625.141257,96079.8195771,356630.032874,-483576.037615,101315.634299,372344.646468,126124.103763,551261.214892,372344.646468,-2.0781447653,487921.296854,304239.233687,-207.81447653
0.0245754,-22335.3398215,-18621.8565459,14711.5430623,11914.660371,7623.79675919,6707.19617488,-1.66366047113,-457290.41089,-355428.897016,81826.8338565,60612.1274576,363929.968992,294816.769558,-490230.237302,89633.7235427,377783.111469,147827.984888,-1.66366047113,561097.245427,488086.797612,377783.111469,305064.605159,-460992.26334,86164.9057449,363511.819958,-490230.237302,89633.7235427,377783.111469,147827.984888,561097.245427,377783.111469,-1.66366047113,488086.797612,305064.605159,-166.366047113
0.024642,-22501.0761871,-18691.4661883,14407.5976267,11543.7766671,8093.47856039,7147.68952125,-1.23282029699,-454861.888954,-351922.226374,74134.7413895,51168.127972,373956.06975,300754.098402,-492864.417848,77908.158734,383152.672126,169458.283659,-1.23282029699,569285.550533,489201.66033,383152.672126,305982.681628,-461522.694884,75781.425142,369897.475528,-492864.417848,77908.158734,383152.672126,169458.283659,569285.550533,383152.672126,-1.23282029699,489201.66033,305982.681628,-123.282029699
0.0247086,-22558.161783,-18749.2934989,14038.9560675,11165.6162409,8519.20571552,7583.677258,-0.778509659703,-459404.298701,-348193.718428,71306.8672882,41691.8742021,387238.69283,306501.844226,-486312.89806,71769.5942886,391666.557695,191969.564264,-0.778509659703,576920.332906,491125.591736,391666.557695,307145.105603,-456438.794321,68081.0152543,376969.598886,-486312.89806,71769.5942886,391666.557695,191969.564264,576920.332906,391666.557695,-0.778509659703,491125.591736,307145.105603,-77.8509659703
0.0247752,-22534.8266435,-18795.3020257,13601.1546269,10780.4174693,8933.67201663,8014.88455638,-0.327986542278,-469666.076315,-344245.723478,72584.3198836,32189.3395888,401559.336943,312056.383889,-476344.188545,65179.9321784,399181.560801,210544.10005,-0.327986542278,581677.181311,492318.273463,399181.560801,307624.616052,-448773.046609,59820.3300194,383012.129466,-476344.188545,65179.9321784,399181.560801,210544.10005,581677.181311,399181.560801,-0.327986542278,492318.273463,307624.616052,-32.7986542278
0.0248418,-22356.905827,-18829.4627667,13108.4726954,10388.4231657,9248.43313165,8441.03960104,0.0907318113655,-470647.21218,-340080.730175,68476.1558832,22666.5141391,410972.036964,317414.216036,-466314.391271,55621.5024015,398043.468175,189723.308401,0.0907318113655,572892.280815,491929.787307,398043.468175,307430.534325,-439853.451151,50334.2071072,383240.056454,-466314.391271,55621.5024015,398043.468175,189723.308401,572892.280815,398043.468175,0.0907318113655,491929.787307,307430.534325,9.07318113655
0.0249084,-22183.3298767,-18851.7541886,12602.8276615,9989.88042724,9580.5022152,8861.87376136,0.430334393817,-472024.524113,-335701.363962,57101.676,13129.4006508,413805.822994,322571.963311,-454378.487543,47368.1365729,399339.812122,177209.026534,0.430334393817,567862.195344,488783.21265,399339.812122,314770.791045,-429930.240687,41323.6022364,384812.266742,-454378.487543,47368.1365729,399339.812122,177209.026534,567862.195344,399339.812122,0.430334393817,488783.21265,314770.791045,43.0334393817
0.024975,-21995.8990277,-18862.1622396,12078.7978787,9585.04047885,9917.10114902,9277.12176078,0.800206313212,-466489.833323,-331110.38541,46537.9940906,3584.01092802,417496.290041,327526.374482,-441060.926022,39570.8143368,401488.901476,164792.550106,0.800206313212,563319.663255,486155.095034,401488.901476,319277.963151,-419127.751443,32408.5146382,386756.168735,-441060.926022,39570.8143368,401488.901476,164792.550106,563319.663255,401488.901476,0.800206313212,486155.095034,319277.963151,80.0206313212
0.0250416,-21791.5150427,-18860.6803591,11531.8849121,9174.158515,10259.6301306,9686.52184405,1.17468778985,-455412.366937,-326310.688483,36377.4830782,-5963.63800788,421202.722897,332274.326491,-427241.228341,31082.8526278,403426.121466,151950.312804,1.17468778985,559540.109963,483930.677639,403426.121466,322771.343254,-407841.438503,22980.8158777,388531.953092,-427241.228341,31082.8526278,403426.121466,151950.312804,559540.109963,403426.121466,1.17468778985,483930.677639,322771.343254,117.468778985
0.0251082,-21566.7791688,-18847.309481,10962.3199804,8757.49353879,10604.4591884,10089.8159422,1.60955011827,-442286.556756,-321305.298713,24138.101082,-15507.5277115,426255.713395,336812.826425,-413397.776868,21434.1380595,404481.538917,138109.788012,1.60955011827,556265.190548,483641.666626,404481.538917,326578.431853,-396291.763495,12827.8090284,389760.707571,-413397.776868,21434.1380595,404481.538917,138109.788012,556265.190548,404481.538917,1.60955011827,483641.666626,326578.431853,160.955011827
0.0251748,-21398.3460659,-18822.0580338,10454.3048989,8335.30819869,10944.041167,10486.7498351,2.22348623031,-425058.988456,-316097.371293,12775.2385311,-25041.6421073,426621.40083,341139.0134,-403204.855516,11890.8332982,405474.069167,123886.69056,2.22348623031,553254.380326,488117.873848,405474.069167,332655.203172,-387241.229251,3109.17290262,391253.243419,-403204.855516,11890.8332982,405474.069167,123886.69056,553254.380326,405474.069167,2.22348623031,488117.873848,332655.203172,222.348623031
0.0252414,-21468.025406,-18784.9419351,10269.4901838,7907.86862297,11198.5352222,10877.0733121,2.82625514885,-408716.58067,-310690.189085,-2192.85337061,-34559.9712813,421722.46712,345250.160366,-405764.511705,8531.7268764,407846.844659,109699.288445,2.82625514885,551138.179703,493645.737345,407846.844659,329569.117671,-387844.639051,-1135.62414879,394329.998089,-405764.511705,8531.7268764,407846.844659,109699.288445,551138.179703,407846.844659,2.82625514885,493645.737345,329569.117671,282.625514885
0.025308,-21297.5435064,-18735.9845812,9812.35799237,7475.44425198,11485.185514,11260.5403293,3.4096117237,-386398.043678,-305087.160555,-13800.2660782,-44056.5152703,411766.917499,349143.675825,-397250.246677,448.438602541,407541.288998,94038.5215862,3.4096117237,549057.444233,496979.015921,407541.288998,326689.087357,-379939.91437,-9508.90904066,394857.081787,-397250.246677,448.438602541,407541.288998,94038.5215862,549057.444233,407541.288998,3.4096117237,496979.015921,326689.087357,340.96117237
0.0253746,-21019.1263757,-18675.216833,9222.76738298,7038.30766826,11796.3589927,11636.9091647,3.94395150845,-359673.267903,-299291.817621,-20944.8118805,-53525.2878432,405201.692088,352817.105464,-383713.781254,-10214.1945627,406251.778761,77409.4204671,3.94395150845,547260.110934,497414.162523,406251.778761,326597.063969,-368119.619957,-20086.6053952,394405.553745,-383713.781254,-10214.1945627,406251.778761,77409.4204671,547260.110934,406251.778761,3.94395150845,497414.162523,326597.063969,394.395150845
0.0254412,-20657.4565488,-18602.6769958,8529.56344582,6596.73442474,12127.893103,12005.9425711,4.37060139816,-335813.451428,-293307.81343,-30316.3561902,-62960.3202752,398779.986936,356268.133705,-366919.076672,-23548.1546243,403645.032072,61197.9467267,4.37060139816,544888.763651,498485.656747,403645.032072,331166.735694,-353579.914286,-32723.406026,392929.436061,-366919.076672,-23548.1546243,403645.032072,61197.9467267,544888.763651,403645.032072,4.37060139816,498485.656747,331166.735694,437.060139816
0.0255078,-20225.7225745,-18518.4107958,7756.99051944,6151.00287104,12468.7320551,12367.4079248,4.26293278416,-320286.07343,-287138.920051,-47785.8459615,-72355.6651097,386404.077147,359494.585161,-347646.9791,-38927.5050329,399713.121759,45554.75886,4.26293278416,540494.624774,506963.336184,399713.121759,352928.707633,-336929.015176,-46900.5689849,390434.789701,-347646.9791,-38927.5050329,399713.121759,45554.75886,540494.624774,399713.121759,4.26293278416,506963.336184,352928.707633,426.293278416
0.0255744,-19821.9534925,-18422.471351,6930.75685051,5701.393978,12891.196642,12721.077373,4.2995741092,-302641.768512,-280789.026102,-62967.6344243,-81705.3999076,377462.442363,362494.42601,-329586.94904,-58550.883197,396492.436128,28765.654976,4.2995741092,530283.379938,515525.744618,396492.436128,372067.948896,-320726.278804,-63982.2781458,388931.462514,-329586.94904,-58550.883197,396492.436128,28765.654976,530283.379938,396492.436128,4.2995741092,515525.744618,372067.948896,429.95741092
0.025641,-19331.45566,-18314.9191376,6072.92301464,5248.1911606,13258.5326454,13066.727977,4.36253056945,-285139.535327,-274262.134295,-76488.2934732,-91003.6309804,371429.719205,365265.765275,-307594.197566,-75995.4130224,392379.160317,12283.6919415,4.36253056945,521818.513911,525289.995051,392379.160317,391925.742664,-301882.363832,-79854.0918808,386161.415705,-307594.197566,-75995.4130224,392379.160317,12283.6919415,521818.513911,392379.160317,4.36253056945,525289.995051,391925.742664,436.253056945
0.0257076,-18758.3363204,-18195.8219521,5200.78564095,4791.68009925,13557.5506794,13404.1418529,4.21681863825,-276597.756263,-267562.358913,-83501.8426701,-100244.497106,368055.84184,367806.856019,-281982.68982,-90575.3269987,387362.451835,-4623.5109063,4.21681863825,513541.277127,530314.590682,387362.451835,405341.410051,-280655.044801,-93970.7918154,382057.553243,-281982.68982,-90575.3269987,387362.451835,-4623.5109063,513541.277127,387362.451835,4.21681863825,530314.590682,405341.410051,421.681863825
0.0257742,-18135.3025104,-18065.2548686,4317.1496918,4332.14855976,13818.1528186,13733.1063088,3.87471540543,-267581.72231,-260693.92322,-91883.2107089,-109422.173221,363625.502194,370116.096441,-254760.980756,-104144.54257,381304.651519,-24012.142456,3.87471540543,507485.897739,531076.061081,381304.651519,412842.28465,-258268.746556,-107429.392533,376919.281389,-254760.980756,-104144.54257,381304.651519,-24012.142456,507485.897739,381304.651519,3.87471540543,531076.061081,412842.28465,387.471540543
0.0258408,-17466.3023014,-17923.300191,3452.38883191,3869.88621191,14013.9134695,14053.4139791,3.5697165818,-252749.218841,-253661.156796,-106437.69674,-118530.874097,357010.230651,372192.030893,-226351.021107,-115352.638522,374051.390367,-47214.0454376,3.5697165818,506149.207725,533601.314173,374051.390367,422016.662293,-235118.452927,-119212.318881,370534.70588,-226351.021107,-115352.638522,374051.390367,-47214.0454376,506149.207725,374051.390367,3.5697165818,533601.314173,422016.662293,356.97165818
0.0259074,-16865.0651901,-17770.0474019,2636.03163526,3405.1844469,14229.0335549,14364.862955,3.2368232393,-237069.019918,-246468.492807,-125246.11957,-127564.857983,348789.127245,374033.35079,-205592.136156,-131335.150608,363354.342029,-67863.8705235,3.2368232393,508344.379544,536205.465275,363354.342029,432617.778268,-216467.462118,-133209.72573,362941.217944,-205592.136156,-131335.150608,363354.342029,-67863.8705235,508344.379544,363354.342029,3.2368232393,536205.465275,432617.778268,323.68232393
0.025974,-16331.0313702,-17605.5931055,1858.83058632,2938.33619361,14472.2007839,14667.2569119,2.89893565109,-217115.449,-239120.465213,-142957.703502,-136518.430226,343303.238288,375638.895439,-186632.901994,-146787.274051,355031.467037,-87308.7285267,2.89893565109,508495.235765,540227.857419,355031.467037,440234.317426,-199349.421896,-146889.761328,357077.949126,-186632.901994,-146787.274051,355031.467037,-87308.7285267,508495.235765,355031.467037,2.89893565109,540227.857419,440234.317426,289.893565109
0.0260406,-15835.01771,-17430.0409669,1115.55501508,2469.63573397,14719.4626949,14960.4052329,2.54490934543,-196453.953571,-231621.705908,-161305.786523,-145385.946864,341948.024927,377007.652772,-166466.815905,-159013.142325,350389.625915,-105970.715349,2.54490934543,505346.291624,544808.184629,350389.625915,446440.660139,-182041.113554,-158776.469804,353306.481016,-166466.815905,-159013.142325,350389.625915,-105970.715349,505346.291624,350389.625915,2.54490934543,544808.184629,446440.660139,254.490934543
0.0261072,-15412.1857338,-17243.5016471,412.635429359,1999.3785175,14999.5503044,15244.1231296,2.24086198658,-176668.247287,-223976.941801,-180340.720868,-154161.818178,342385.863943,378138.759979,-150452.677895,-172999.06565,346127.342385,-125775.358711,2.24086198658,498172.926194,549682.321369,346127.342385,451467.774794,-167466.167234,-171497.148315,350341.021344,-150452.677895,-172999.06565,346127.342385,-125775.358711,498172.926194,346127.342385,2.24086198658,549682.321369,451467.774794,224.086198658
0.0261738,-15162.4423411,-17046.0927328,-119.083442802,1527.86097501,15281.5257839,15518.2317577,1.98544280276,-155505.735345,-216190.991839,-196629.826303,-162840.51222,338695.286981,379031.504059,-146106.928236,-188604.630321,340549.684594,-146874.594576,1.98544280276,482681.067291,553164.306658,340549.684594,455236.240842,-160721.153676,-184052.22526,347740.993413,-146106.928236,-188604.630321,340549.684594,-146874.594576,482681.067291,340549.684594,1.98544280276,553164.306658,455236.240842,198.544280276
0.0262404,-15025.3512719,-16837.9386624,-456.120503438,1055.38033178,15481.4717753,15782.5583306,1.72024333717,-134612.913905,-208268.763964,-211369.62888,-171416.558297,335196.621159,379685.322261,-145335.085713,-196495.581289,338160.905058,-168340.606201,1.72024333717,471087.732642,552141.37368,338160.905058,457668.116021,-157582.454307,-191126.921966,346911.209074,-145335.085713,-196495.581289,338160.905058,-168340.606201,471087.732642,338160.905058,1.72024333717,552141.37368,457668.116021,172.024333717
0.026307,-14714.0795169,-16619.1706476,-1043.8070948,582.234420169,15757.8866117,16036.9362275,1.42048911316,-114461.660703,-200215.252022,-224448.315673,-179884.550423,333145.729872,380099.802445,-133846.998472,-208255.413676,336590.495243,-190033.609221,1.42048911316,460721.320367,551572.156116,336590.495243,458759.818036,-146605.697382,-202040.354718,345923.211709,-133846.998472,-208255.413676,336590.495243,-190033.609221,460721.320367,336590.495243,1.42048911316,551572.156116,458759.818036,142.048911316
0.0263736,-14399.1590751,-16389.926591,-1713.93264083,108.721491918,16113.0917159,16281.2050991,1.09710605094,-96002.6487857,-192035.532616,-234699.438667,-188239.150724,332827.132998,380274.68334,-118862.22453,-221303.788921,338574.796039,-192109.141994,1.09710605094,457795.501705,551045.570255,338574.796039,458995.148561,-133375.186093,-214538.820905,347140.787737,-118862.22453,-221303.788921,338574.796039,-192109.141994,457795.501705,338574.796039,1.09710605094,551045.570255,458995.148561,109.710605094
0.0264402,-14104.3664563,-16150.3509985,-2421.62318819,-364.85996989,16525.9896445,16515.2109683,0.671546260427,-80471.3567126,-183734.761905,-243710.48256,-196475.092803,333987.640166,380209.854708,-103065.872221,-235721.229345,342765.424485,-180693.7891,0.671546260427,460652.391775,553110.913856,342765.424485,456121.948652,-119634.804474,-228277.787827,349926.761658,-103065.872221,-235721.229345,342765.424485,-180693.7891,460652.391775,342765.424485,0.671546260427,553110.913856,456121.948652,67.1546260427
0.0265068,-13746.260272,-15900.5948886,-3131.37506536,-838.211438974,16877.6353373,16738.8063276,0.123396396141,-65702.7032185,-175318.172354,-250112.885494,-204587.185061,337098.405178,379905.357415,-90167.385669,-253156.150289,340628.880426,-170671.791711,0.123396396141,464437.386305,559009.341308,353597.477335,449147.517682,-106958.947392,-243180.04878,348815.191926,-90167.385669,-253156.150289,340628.880426,-170671.791711,464437.386305,353597.477335,0.123396396141,559009.341308,449147.517682,12.3396396141
0.0265734,-13499.8619948,-15640.8156974,-3813.92104834,-1311.03453403,17313.7830432,16951.8502315,-0.386261217092,-59979.0251135,-166791.069435,-262495.214765,-212570.313968,335078.261117,379361.383403,-80166.5532348,-271911.647817,342326.675364,-160523.011517,-0.386261217092,467840.558362,567047.939229,364560.743734,440405.990563,-96542.4499467,-259079.560232,350768.391662,-80166.5532348,-271911.647817,342326.675364,-160523.011517,467840.558362,364560.743734,-0.386261217092,567047.939229,440405.990563,-38.6261217092
0.02664,-13184.9935384,-15371.1771791,-4448.71792988,-1783.03120681,17633.7114683,17154.2083859,-0.900145504293,-59554.1892373,-158158.828283,-273930.943499,-220419.447289,337533.281422,378578.275571,-66773.4635228,-284509.167801,343635.750838,-149075.680424,-0.900145504293,473701.649902,571349.392874,373788.263234,434326.272052,-84315.1023072,-270951.917548,351455.298794,-66773.4635228,-284509.167801,343635.750838,-149075.680424,473701.649902,373788.263234,-0.900145504293,571349.392874,434326.272052,-90.0145504293
0.0267066,-12861.6344728,-15091.8493025,-5025.38233195,-2253.90393002,17887.0168048,17345.7532325,-1.47734925587,-64323.2281082,-149426.890307,-276284.484646,-228129.637252,343314.177871,377556.527559,-52950.4776324,-293315.633522,345123.711877,-136880.333086,-1.47734925587,480450.612945,569944.262468,382016.375937,430530.17406,-72155.8205175,-280195.456915,351791.088437,-52950.4776324,-293315.633522,345123.711877,-136880.333086,480450.612945,382016.375937,-1.47734925587,569944.262468,430530.17406,-147.734925587
0.0267732,-12578.4717051,-14803.0081446,-5546.04639824,-2723.35588486,18124.5181033,17526.3640295,-2.02883381818,-65122.8549913,-140600.759763,-282958.487325,-235696.02367,346204.215939,376296.783433,-41548.7648928,-301312.831983,346757.15212,-124637.02015,-2.02883381818,489107.127552,565962.78695,390769.152437,428394.184272,-61766.6047362,-288615.026775,352341.350169,-41548.7648928,-301312.831983,346757.15212,-124637.02015,489107.127552,390769.152437,-2.02883381818,565962.78695,428394.184272,-202.883381818
0.0268398,-12357.2046904,-14504.835779,-5985.42676219,-3191.0911481,18342.6314526,17695.9269271,-2.46941008285,-63597.7244043,-131686.00028,-296048.012974,-243113.837005,346989.239449,374799.837285,-33556.733496,-308018.119181,348807.304259,-111656.116912,-2.46941008285,497776.740711,559105.595122,400033.425715,428515.73771,-53915.8404667,-295803.820975,353347.143727,-33556.733496,-308018.119181,348807.304259,-111656.116912,497776.740711,400033.425715,-2.46941008285,559105.595122,428515.73771,-246.941008285
0.0269064,-12199.4824874,-14197.5201612,-6339.11527444,-3656.81487868,18538.5977619,17854.3350399,-2.94368355642,-60629.5837931,-122688.231357,-310197.849675,-250378.401371,354458.392799,373066.632728,-28499.8003785,-312716.258713,351839.857421,-96729.9146891,-2.94368355642,504052.13082,555494.986862,409664.534108,432758.055975,-48401.7989926,-301358.047065,355084.884796,-28499.8003785,-312716.258713,351839.857421,-96729.9146891,504052.13082,409664.534108,-2.94368355642,555494.986862,432758.055975,-294.368355642
0.026973,-12103.1687939,-13881.2550104,-6629.62606433,-4120.2335035,18732.7948582,18001.4885138,-3.41920826703,-52328.2004428,-113613.124816,-319154.328682,-257485.137487,360419.448527,371098.262303,-25861.6345591,-316209.044827,356229.402626,-81310.1991996,-3.41920826703,510283.231809,552586.474478,417506.578384,437268.914254,-44828.106371,-305934.289139,357849.104944,-25861.6345591,-316209.044827,356229.402626,-81310.1991996,510283.231809,417506.578384,-3.41920826703,552586.474478,437268.914254,-341.920826703
0.0270396,-12038.8601903,-13556.239687,-6871.54030539,-4581.0549025,18910.4004957,18137.2945895,-3.71524084021,-43161.7631475,-104466.401232,-325563.435521,-264429.565558,369181.775862,368895.96679,-24615.3112122,-318324.37757,361302.536808,-66780.2433066,-3.71524084021,515014.858448,541766.609701,422730.156292,427260.207679,-42415.9322185,-309436.84715,361045.614662,-24615.3112122,-318324.37757,361302.536808,-66780.2433066,515014.858448,422730.156292,-3.71524084021,541766.609701,427260.207679,-371.524084021
0.0271062,-12076.208693,-13222.6790675,-7051.92446839,-5038.98859283,19128.1331614,18261.6676604,-3.91136742834,-34247.1288839,-95253.8263242,-329374.252721,-271207.308101,377748.343238,366461.134426,-27643.8451164,-321187.777219,368238.931317,-51722.678566,-3.91136742834,519930.216202,527916.735757,421741.170674,410470.464305,-43090.3799383,-313191.282206,365993.896156,-27643.8451164,-321187.777219,368238.931317,-51722.678566,519930.216202,421741.170674,-3.91136742834,527916.735757,410470.464305,-391.136742834
0.0271728,-12255.3535793,-12880.7834148,-7050.95823005,-5493.74591191,19306.3118094,18374.5293267,-4.16527938307,-32473.3495097,-85981.2073199,-336905.556222,-277814.092708,375859.741062,363795.300028,-36868.2994519,-319730.282022,377423.463424,-35639.0025433,-4.16527938307,526438.849378,514272.072778,415281.399677,404151.296128,-48739.8987149,-313503.735703,372674.227089,-36868.2994519,-319730.282022,377423.463424,-35639.0025433,526438.849378,415281.399677,-4.16527938307,514272.072778,404151.296128,-416.527938307
0.0272394,-12387.2293321,-12530.7682457,-7030.74394561,-5945.04019942,19417.9732777,18475.8084451,-4.36130086495,-31892.2801238,-76654.3892972,-342531.713643,-284245.754732,374317.370459,360900.144029,-51002.5689356,-322229.143575,379082.317975,-19839.0007286,-4.36130086495,535579.312714,501991.202597,407814.881695,398992.434001,-56702.2891333,-315272.073587,374932.627032,-51002.5689356,-322229.143575,379082.317975,-19839.0007286,535579.312714,407814.881695,-4.36130086495,501991.202597,398992.434001,-436.130086495
0.027306,-12334.119286,-12172.8541955,-7257.70145586,-6392.586978,19591.8207419,18565.4411735,-4.2743937899,-30279.7697692,-67279.251499,-343715.658641,-290498.239917,376424.206893,357777.491416,-55709.4896852,-329761.097645,379599.501708,-2691.20543459,-4.2743937899,541646.270682,498905.601348,404428.81965,399058.239742,-57433.5993095,-321375.354723,375890.539148,-55709.4896852,-329761.097645,379599.501708,-2691.20543459,541646.270682,404428.81965,-4.2743937899,498905.601348,399058.239742,-427.43937899
0.0273726,-12307.3444571,-11807.2668784,-7557.5283674,-6836.10413256,19864.8728245,18643.3710109,-4.08496372946,-29919.7876637,-57861.7036265,-341975.361036,-296567.606955,380093.359245,354429.310582,-55931.7394725,-337136.694247,386340.317859,19641.7634958,-4.08496372946,545703.977407,498981.038251,406418.365788,400471.129396,-55640.4629299,-328398.036812,380689.861279,-55931.7394725,-337136.694247,386340.317859,19641.7634958,545703.977407,406418.365788,-4.08496372946,498981.038251,400471.129396,-408.496372946
0.0274392,-12233.6865248,-11434.2367457,-7878.58402799,-7275.31208812,20112.2705528,18709.5488338,-3.82397965148,-32642.0714757,-48407.6821149,-340593.424389,-302450.029967,383455.299949,350857.712081,-55262.3325432,-344950.758336,391370.209856,42256.2602391,-3.82397965148,548624.068277,503010.915911,411758.924765,404569.253094,-53009.8599631,-335623.019686,384227.711444,-55262.3325432,-344950.758336,391370.209856,42256.2602391,548624.068277,411758.924765,-3.82397965148,503010.915911,404569.253094,-382.397965148
0.0275058,-12048.1146848,-11053.9989402,-8185.66509064,-7709.93398603,20233.7797754,18763.9329262,-3.5435112806,-36960.5180136,-38923.1463906,-339430.185125,-308141.800913,385584.995945,347064.947303,-53652.3503573,-351111.796946,391035.759544,62559.1527454,-3.5435112806,549619.853438,506276.747183,419788.989959,408731.649203,-49328.8238637,-341199.483316,383682.777215,-53652.3503573,-351111.796946,391035.759544,62559.1527454,549619.853438,419788.989959,-3.5435112806,506276.747183,408731.649203,-354.35112806
0.0275724,-11910.8213336,-10666.7931483,-8456.91189981,-8139.69585853,20367.7332334,18806.4890068,-3.2030326689,-42498.4199209,-29414.075115,-338485.039411,-313639.331936,388727.060924,343053.407051,-51202.0170673,-354455.199334,394489.931976,81163.9309427,-3.2030326689,551195.439502,507352.61331,429200.306226,413048.637974,-45727.1632089,-345241.39235,385390.153674,-51202.0170673,-354455.199334,394489.931976,81163.9309427,551195.439502,429200.306226,-3.2030326689,507352.61331,413048.637974,-320.30326689
0.027639,-11680.1294938,-10272.8634484,-8682.76476273,-8564.32680139,20362.8942565,18837.1902498,-2.83374435641,-51734.9406033,-19886.4624157,-336230.529655,-318939.157619,394017.305789,338825.620034,-45289.6603395,-351810.457175,396118.698706,99572.0631421,-2.83374435641,552919.617807,508715.241336,437998.069631,415966.097696,-40110.9428061,-345212.31968,384836.376517,-45289.6603395,-351810.457175,396118.698706,99572.0631421,552919.617807,437998.069631,-2.83374435641,508715.241336,415966.097696,-283.374435641
0.0277056,-11434.0978928,-9872.45815784,-8867.27999834,-8983.55914473,20301.3778911,18856.0173026,-2.41992414146,-62566.482567,-10346.314108,-330165.3478,-324037.937168,397573.921975,334384.251276,-39612.0780926,-347119.927894,396782.574327,120588.878894,-2.41992414146,554451.472578,510790.932861,439639.175157,418182.367483,-34763.3236651,-343587.634717,383374.260684,-39612.0780926,-347119.927894,396782.574327,120588.878894,554451.472578,439639.175157,-2.41992414146,510790.932861,418182.367483,-241.992414146
0.0277722,-11204.8913346,-9465.82967548,-9019.83921681,-9397.12862171,20224.7305514,18862.9582972,-1.94528559189,-65212.0175061,-799.643909307,-330835.74117,-328932.456524,396723.668918,329732.100433,-35891.6649073,-342655.868299,396616.463622,141831.346695,-1.94528559189,556188.12707,514305.191203,439424.744663,414934.090168,-30672.7932604,-341796.242967,381511.808985,-35891.6649073,-342655.868299,396616.463622,141831.346695,556188.12707,439424.744663,-1.94528559189,514305.191203,414934.090168,-194.528559189
0.0278388,-11000.1500542,-9053.23432325,-9127.81164388,-9804.77453514,20127.9616981,18858.0088584,-1.428367229,-63039.238137,8747.53035207,-335676.952652,-333619.630382,395915.842059,324872.10003,-40031.6377714,-343591.011212,390153.811295,163543.516616,-1.428367229,557067.964293,519846.626474,447634.353792,407345.243717,-30915.1751459,-342328.192609,376526.380067,-40031.6377714,-343591.011212,390153.811295,163543.516616,557067.964293,447634.353792,-1.428367229,519846.626474,407345.243717,-142.8367229
0.0279054,-10813.033774,-8634.93218429,-9207.72547191,-10206.2399218,20020.759246,18841.1721061,-0.950749298873,-63210.6481671,18289.1905299,-345951.135179,-338096.504141,392550.908211,319807.313611,-44150.3454782,-343019.678759,384872.299931,180049.951298,-0.950749298873,557152.167551,526752.494478,454409.416185,397970.404211,-31419.3414773,-341885.841238,372167.201786,-44150.3454782,-343019.678759,384872.299931,180049.951298,557152.167551,454409.416185,-0.950749298873,526752.494478,397970.404211,-95.0749298873
0.027972,-10618.036041,-8211.18693908,-9288.86117186,-10601.2717144,19906.8972129,18812.4586535,-0.508629440267,-57785.2509518,27819.321954,-351199.055366,-342360.255763,385623.136484,314540.933809,-44714.2847299,-339118.359507,382803.124762,174308.592646,-0.508629440267,551294.213171,527782.972621,451499.190026,390401.869915,-30096.3161485,-339748.126131,369331.146847,-44714.2847299,-339118.359507,382803.124762,174308.592646,551294.213171,451499.190026,-0.508629440267,527782.972621,390401.869915,-50.8629440267
0.0280386,-10406.0080706,-7782.26569921,-9386.04769134,-10989.6209011,19792.055762,18771.8866003,-0.0519768587785,-48739.3931976,37331.9172211,-351857.188543,-346408.197555,383370.37439,309076.280334,-43724.9609121,-334755.318483,381423.990472,165928.965422,-0.0519768587785,549177.805388,522445.61976,450585.142696,383336.463334,-27798.4383378,-337461.565642,366736.278573,-43724.9609121,-334755.318483,381423.990472,165928.965422,549177.805388,450585.142696,-0.0519768587785,522445.61976,383336.463334,-5.19768587785
0.0281052,-10237.4538233,-7348.43883897,-9469.7673181,-11371.0426827,19707.2211414,18719.4815216,0.380316466228,-39514.6043198,46820.9799824,-350711.031419,-350237.77786,377595.885944,303416.797878,-45434.2787986,-332454.428581,380003.352627,156800.64658,0.380316466228,551477.770692,515335.351029,452955.302696,379172.577584,-27177.5687313,-336304.841271,364548.104539,-45434.2787986,-332454.428581,380003.352627,156800.64658,551477.770692,452955.302696,0.380316466228,515335.351029,379172.577584,38.0316466228
0.0281718,-10087.0905845,-6909.97982499,-9468.6639491,-11745.2966264,19555.7545336,18655.2764514,0.780275723531,-30605.724581,56280.5287229,-348335.928872,-353846.582669,368113.861849,297566.053947,-50046.6949193,-328282.795159,376824.410781,147000.99074,0.780275723531,552842.200534,507794.603443,455501.544214,378724.442763,-28613.7593688,-333334.393768,361204.785438,-50046.6949193,-328282.795159,376824.410781,147000.99074,552842.200534,455501.544214,0.780275723531,507794.603443,378724.442763,78.0275723531
0.0282384,-9755.95341107,-6467.16504381,-9627.78829801,-12112.1468179,19383.7417091,18579.3118618,1.17132756717,-20423.0612002,65704.6005318,-343957.807589,-357232.33714,360330.388052,291527.736608,-47746.0970738,-326774.248508,370090.982928,135999.08318,1.17132756717,552683.514935,502228.93944,458460.875702,380965.314718,-24623.7433864,-332493.236763,354911.218167,-47746.0970738,-326774.248508,370090.982928,135999.08318,552683.514935,458460.875702,1.17132756717,502228.93944,380965.314718,117.132756717
0.028305,-9237.87903977,-6020.27362767,-10038.7252832,-12471.3620101,19276.604323,18491.6356378,1.63705782944,-9553.41446208,75087.2548617,-337985.92966,-360392.907032,354251.358232,285305.65217,-36610.1082973,-331239.766919,361434.363792,124616.276561,1.63705782944,553325.382339,498852.331544,460590.096579,384232.182323,-13646.7077223,-336492.66462,346937.654521,-36610.1082973,-331239.766919,361434.363792,124616.276561,553325.382339,460590.096579,1.63705782944,498852.331544,384232.182323,163.705782944
0.0283716,-8713.93651053,-5569.58727853,-10525.3966481,-12822.7157684,19239.3331587,18392.3030469,2.20594758584,-531.607353804,84422.5772731,-333127.635222,-363326.300051,347041.064475,278903.722778,-23413.2283847,-338227.097028,354593.301252,113291.600297,2.20594758584,556066.064551,495712.934129,463046.521136,380631.698641,-1158.53733895,-342602.952904,340245.831259,-23413.2283847,-338227.097028,354593.301252,113291.600297,556066.064551,463046.521136,2.20594758584,495712.934129,380631.698641,220.594758584
0.0284382,-8079.38678811,-5115.39009054,-11029.861271,-13165.9866138,19109.2480592,18281.3767044,2.76867488473,6904.79212268,93704.6831626,-330856.966649,-366030.667108,338148.50416,272325.983945,-8259.92881072,-344475.391442,343316.621518,100532.29327,2.76867488473,560723.12713,492439.28364,460180.403526,376350.400976,13051.5935622,-347914.810471,330160.645985,-8259.92881072,-344475.391442,343316.621518,100532.29327,560723.12713,460180.403526,2.76867488473,492439.28364,376350.400976,276.867488473
0.0285048,-7381.41308891,-4657.96837094,-11518.2761902,-13500.9581625,18899.6892791,18158.9265335,3.28342012371,10504.1969052,102927.721472,-334519.230393,-368504.30348,323537.511412,265576.582008,8366.07639451,-348504.932812,329937.588711,86423.4803971,3.28342012371,566925.288612,486681.142331,453055.675489,377898.693481,28283.5143402,-351553.267844,318178.137453,8366.07639451,-348504.932812,329937.588711,86423.4803971,566925.288612,453055.675489,3.28342012371,486681.142331,377898.693481,328.342012371
0.0285714,-6690.97112537,-4197.61045958,-11975.2662967,-13827.4192623,18666.2374221,18025.0297219,3.69856197797,16349.3747367,112085.878378,-337503.200497,-370745.649889,311843.147248,258659.771511,22385.8454551,-353506.605489,314431.403533,72427.5379991,3.69856197797,572983.312233,483783.850794,443280.655095,381273.71645,41981.4280415,-355359.837336,305046.897488,22385.8454551,-353506.605489,314431.403533,72427.5379991,572983.312233,443280.655095,3.69856197797,483783.850794,381273.71645,369.856197797
0.028638,-5926.86975718,-3734.60654716,-12399.3991079,-14145.1641254,18326.2688651,17879.7706726,3.84003293491,24584.1062433,121173.380953,-335581.17777,-372753.293482,304577.527798,251579.912529,40018.9841922,-353184.239389,298317.747443,59149.5704797,3.84003293491,572756.452459,488291.121184,435241.49217,388535.229162,57718.081,-355697.389285,290551.406078,40018.9841922,-353184.239389,298317.747443,59149.5704797,572756.452459,435241.49217,3.84003293491,488291.121184,388535.229162,384.003293491
0.0287046,-5171.2125716,-3269.2484923,-12802.8897808,-14453.9924586,17974.1023524,17723.2409509,3.9210430741,36599.7744402,130184.500811,-332851.08382,-374525.968724,294964.641239,244341.467912,60924.6718691,-348597.276478,286032.446499,44607.3941324,3.9210430741,565717.029147,497606.096999,426832.587031,398925.738088,74927.5971326,-353703.56487,277949.815724,60924.6718691,-348597.276478,286032.446499,44607.3941324,565717.029147,426832.587031,3.9210430741,497606.096999,398925.738088,392.10430741
0.0287712,-4445.0768076,-2801.8296376,-13193.9444706,-14753.7095891,17639.0212782,17555.5392267,3.97193553705,56510.6473758,139113.557712,-338674.625343,-376062.558192,280557.32345,236949.00048,79480.6758318,-345846.390075,273166.509323,29863.1396139,3.97193553705,556091.68386,510477.001469,420631.670632,411898.437976,90720.420319,-352652.732162,265331.71484,79480.6758318,-345846.390075,273166.509323,29863.1396139,556091.68386,420631.670632,3.97193553705,510477.001469,411898.437976,397.193553705
0.0288378,-3747.84326254,-2332.64462468,-13566.9309985,-15044.1265877,17314.7742611,17376.7712124,3.84864358669,78513.2385191,147954.923145,-348821.616173,-377362.093284,266193.790267,229407.170139,95396.0672037,-344901.010615,259383.299207,14601.7977884,3.84864358669,544855.57491,518014.697749,416546.191449,420879.538813,104918.06372,-352463.021152,252486.32245,95396.0672037,-344901.010615,259383.299207,14601.7977884,544855.57491,416546.191449,3.84864358669,518014.697749,420879.538813,384.864358669
0.0289044,-3067.39466468,-1861.98920848,-13944.4598148,-15325.0603874,17011.8544795,17187.0495959,3.49765960852,101755.023983,156703.023877,-358388.900836,-378423.754826,251761.488235,221720.730949,111690.390126,-344067.293544,246988.954232,-3658.30675532,3.49765960852,532647.908346,518815.543641,412098.005758,424671.563201,119229.526302,-352481.595152,240554.324656,111690.390126,-344067.293544,246988.954232,-3658.30675532,532647.908346,412098.005758,3.49765960852,518815.543641,424671.563201,349.765960852
0.028971,-2374.4604662,-1390.16007085,-14348.6986888,-15596.333899,16723.159155,16986.4939699,3.21881462406,126660.866028,165352.345466,-364467.189747,-379246.873591,233763.659017,213894.528125,129078.360701,-343923.19856,234982.293539,-25709.404548,3.21881462406,520842.364306,522957.030645,406440.692963,430215.918156,134318.44499,-353080.273475,228831.400042,129078.360701,-343923.19856,234982.293539,-25709.404548,520842.364306,406440.692963,3.21881462406,522957.030645,430215.918156,321.881462406
0.0290376,-1683.13418012,-917.454633447,-14780.2113571,-15857.7761229,16463.3455373,16775.2307564,2.94327301067,149832.774042,173897.435733,-369312.190224,-379830.930718,217478.8162,205933.494985,144841.342128,-347219.316063,221474.419862,-45688.2033662,2.94327301067,514172.521689,529314.721953,398875.768066,435802.155227,148746.308938,-355725.836614,216532.574302,144841.342128,-347219.316063,221474.419862,-45688.2033662,514172.521689,398875.768066,2.94327301067,529314.721953,435802.155227,294.327301067
0.0291042,-1038.65900736,-444.170870369,-15190.399867,-16109.2222567,16229.0588744,16553.3931271,2.65664006221,171929.288751,182332.908207,-372111.604539,-380175.558042,198562.045325,197842.649835,157492.500658,-352603.806297,207600.625696,-63874.9270356,2.65664006221,508441.084438,538809.428728,393019.718118,437098.576873,161225.091271,-359442.737296,204475.456442,157492.500658,-352603.806297,207600.625696,-63874.9270356,508441.084438,393019.718118,2.65664006221,538809.428728,437098.576873,265.664006221
0.0291708,-370.055841913,29.3928797671,-15569.5791955,-16350.5137991,15939.6350374,16321.1209193,2.35759351883,193252.498363,190653.445511,-373170.87682,-380280.538324,179827.317985,189627.092813,166903.751426,-359679.056773,189060.228736,-80930.573376,2.35759351883,500383.205639,550517.772183,392213.628476,435275.797829,172034.213847,-363501.911193,189627.16181,166903.751426,-359679.056773,189060.228736,-80930.573376,500383.205639,392213.628476,2.35759351883,550517.772183,435275.797829,235.759351883
0.0292374,476.313025973,502.938101841,-16152.2263881,-16581.4986498,15675.9133622,16078.5605479,2.09374846577,211609.124245,198853.80272,-375631.13643,-380145.805388,161738.376357,181292.002667,186979.415033,-368222.233221,170812.106564,-99356.0606876,2.09374846577,490995.565618,562440.471889,388696.119449,431906.980682,190382.885009,-369626.542167,174031.292024,186979.415033,-368222.233221,170812.106564,-99356.0606876,490995.565618,388696.119449,2.09374846577,562440.471889,431906.980682,209.374846577
0.029304,1403.48492316,976.166292411,-16888.0116282,-16802.0312054,15484.5267051,15825.864913,1.87873541249,230466.49453,206928.810668,-375878.456353,-379771.444165,147752.394444,172842.633496,215911.503267,-377031.179862,156746.050794,-120231.403754,1.87873541249,478816.685597,568702.467599,379087.267531,431083.360949,214539.206871,-377203.996184,160472.586827,215911.503267,-377031.179862,156746.050794,-120231.403754,478816.685597,379087.267531,1.87873541249,568702.467599,431083.360949,187.873541249
0.0293706,2282.83651918,1448.77914788,-17609.4256623,-17011.9724513,15326.5891431,15563.1933034,1.65634578918,250525.891168,214873.379201,-373884.362183,-379157.690636,137794.629487,164284.311435,243995.023047,-386085.109467,144598.154105,-141161.278922,1.65634578918,469886.143519,569572.838229,371115.48352,430960.021975,237914.486912,-385015.80049,148354.919298,243995.023047,-386085.109467,144598.154105,-141161.278922,469886.143519,371115.48352,1.65634578918,569572.838229,430960.021975,165.634578918
0.0294372,3206.46613014,1920.47875254,-18262.6510253,-17211.1900491,15056.1848951,15290.7112966,1.40630329119,267423.586474,222682.50039,-375487.39044,-378304.931687,126105.503015,155622.431298,269463.802769,-394024.403313,127224.288201,-161441.012174,1.40630329119,463468.393254,567350.742797,364859.102478,432594.947862,259842.27183,-391221.138312,132715.01981,269463.802769,-394024.403313,127224.288201,-161441.012174,463468.393254,364859.102478,1.40630329119,567350.742797,432594.947862,140.630329119
0.0295038,4074.91825987,2390.96776635,-18824.7372991,-17399.5584203,14749.8190392,15008.590654,1.12512284281,282032.682701,230351.251684,-380229.467052,-377213.704862,112747.257499,146862.453177,291453.295509,-400383.593855,109589.087115,-168242.427283,1.12512284281,459039.244717,563373.276375,362107.02782,435823.304397,279181.372162,-395892.780277,117044.558062,291453.295509,-400383.593855,109589.087115,-168242.427283,459039.244717,362107.02782,1.12512284281,563373.276375,435823.304397,112.512284281
0.0295704,4884.49014886,2859.94961237,-19293.6844057,-17576.9588252,14409.1942568,14717.0092129,0.759919084686,295578.468066,237874.79902,-385260.098182,-375884.698025,101481.373582,138009.899005,311298.980946,-403716.272916,93181.9755965,-161240.511325,0.759919084686,457194.576032,559249.344232,363125.925208,439387.9733,296557.882449,-398312.775925,102138.788953,311298.980946,-403716.272916,93181.9755965,-161240.511325,457194.576032,363125.925208,0.759919084686,559249.344232,439387.9733,75.9919084686
0.029637,5669.46601893,3327.12866373,-19681.0912079,-17743.2794379,14011.625189,14416.1507742,0.294552837665,307460.926899,245248.399862,-388363.152324,-374318.748928,90697.8223809,129070.349065,329657.366284,-404046.369138,76691.5376733,-153232.756465,0.294552837665,461652.002013,556316.925959,368879.243475,442062.402841,312574.020856,-398420.912894,86998.2620188,329657.366284,-404046.369138,76691.5376733,-153232.756465,461652.002013,368879.243475,0.294552837665,556316.925959,442062.402841,29.4552837665
0.0297036,6364.60851379,3792.21042997,-20008.4264106,-17898.4154167,13643.8178968,14106.2049867,-0.154010289926,321331.774703,252467.406196,-394535.489374,-372516.84468,75803.6060445,120049.438484,345311.223956,-403845.077861,62685.9695045,-144724.488964,-0.154010289926,468863.16344,556740.446874,374781.947257,441290.774267,326365.1988,-398083.806951,73796.1331265,345311.223956,-403845.077861,62685.9695045,-144724.488964,468863.16344,374781.947257,-0.154010289926,556740.446874,441290.774267,-15.4010289926
0.0297702,6967.81394461,4254.90174266,-20284.9041823,-18042.2689702,13317.0902377,13787.3672275,-0.608904376621,340259.631678,259527.267455,-406350.231073,-370480.121128,59304.9864668,110952.853672,357597.335452,-404310.449186,50612.0245652,-135027.641927,-0.608904376621,480094.964415,555671.269313,377213.924315,440910.486305,337639.809608,-398023.73989,62335.4517112,357597.335452,-404310.449186,50612.0245652,-135027.641927,480094.964415,377213.924315,-0.608904376621,555671.269313,440910.486305,-60.8904376621
0.0298368,7494.39815515,4714.91094021,-20514.3605022,-18174.7494191,13019.9623471,13459.8384789,-1.11097227559,356655.977828,266423.533395,-419881.928512,-368209.862138,44000.8722654,101786.328743,367747.224917,-404440.214343,40799.9094785,-124530.321057,-1.11097227559,493854.953988,550165.551558,377253.188555,442569.579598,347124.490243,-397693.951925,52625.4815948,367747.224917,-404440.214343,40799.9094785,-124530.321057,493854.953988,377253.188555,-1.11097227559,550165.551558,442569.579598,-111.097227559
0.0299034,7968.86280101,5171.94805174,-20722.3006333,-18295.7732532,12753.4378323,13123.8252014,-1.60553999527,374614.312315,273151.856893,-426333.653139,-365707.498789,31986.9717871,92555.6418964,375731.026012,-405753.522877,31784.2226932,-113840.482253,-1.60553999527,508702.862817,544927.069482,377421.366494,442817.711554,355095.829907,-398007.805137,43797.2433013,375731.026012,-405753.522877,31784.2226932,-113840.482253,508702.862817,377421.366494,-1.60553999527,544927.069482,442817.711554,-160.553999527
0.02997,8419.94238063,5625.72497985,-20923.4584038,-18405.264184,12503.5160231,12779.5392041,-2.02810281309,393583.669156,279707.996689,-424824.979387,-362974.608468,22632.5058597,83266.6117785,384972.379346,-405683.168304,25310.3867011,-102438.827455,-2.02810281309,519669.802251,541593.871932,381976.732674,441878.919507,363515.566898,-397691.296226,36469.6057074,384972.379346,-405683.168304,25310.3867011,-102438.827455,519669.802251,381976.732674,-2.02810281309,541593.871932,441878.919507,-202.810281309
0.0300366,8824.31290764,6075.95568221,-21105.6106755,-18503.1531929,12281.2977678,12427.1975107,-2.45701168646,407221.08635,286087.820064,-421766.942308,-360012.913876,14756.7332443,73925.0938118,394516.925934,-404466.924327,21786.5745388,-89471.6735965,-2.45701168646,526840.203986,541509.395368,388543.564645,442648.276764,371710.891467,-396848.231786,31053.725232,394516.925934,-404466.924327,21786.5745388,-89471.6735965,526840.203986,388543.564645,-2.45701168646,541509.395368,442648.276764,-245.701168646
0.0301032,9166.52929496,6522.35635191,-21220.4895896,-18589.3785747,12053.9602946,12067.0222228,-2.88706893875,415241.529806,292287.305439,-418414.150258,-356824.281944,3504.55321685,64536.976505,398340.982491,-405314.790881,16068.9458427,-75898.6848297,-2.88706893875,530792.034149,542314.093845,396742.617293,443699.132237,376294.057277,-396616.972252,24878.5568737,398340.982491,-405314.790881,16068.9458427,-75898.6848297,530792.034149,396742.617293,-2.88706893875,542314.093845,443699.132237,-288.706893875
0.0301698,9547.38142303,6964.6455963,-21321.555357,-18663.8859765,11774.173934,11699.2403802,-3.20326697681,419359.344149,298302.544912,-414602.493262,-353410.722654,-6678.60880139,55108.1777416,400759.508766,-407067.436069,6572.82512481,-63260.2388525,-3.20326697681,531257.354084,534074.669593,404463.939102,437340.383144,380306.952441,-396448.417988,16284.1898335,400759.508766,-407067.436069,6572.82512481,-63260.2388525,531257.354084,404463.939102,-3.20326697681,534074.669593,437340.383144,-320.326697681
0.0302364,10053.3420358,7402.54461443,-21581.8090423,-18726.6284319,11528.4670065,11324.0838175,-3.41994452659,421298.88812,304129.746725,-409940.50736,-349774.387773,-13199.6717663,45644.6410484,409761.739695,-411794.29793,-3726.04943737,-50848.1719579,-3.41994452659,528822.360665,519375.677518,409617.575247,425378.03278,389265.503247,-398891.984139,6752.203953,409761.739695,-411794.29793,-3726.04943737,-50848.1719579,528822.360665,409617.575247,-3.41994452659,519375.677518,425378.03278,-341.994452659
0.030303,10537.4892066,7835.77737277,-21865.8762249,-18777.5663906,11328.3870183,10941.7890178,-3.66148112033,421174.138365,309765.237649,-404634.67169,-345917.569499,-17097.4250014,36152.33185,419920.030438,-416987.661632,-11672.7531239,-37680.563087,-3.66148112033,526052.523015,509074.694668,411885.475042,416238.624409,398828.255443,-401978.832512,-1213.00415854,419920.030438,-416987.661632,-11672.7531239,-37680.563087,526052.523015,411885.475042,-3.66148112033,509074.694668,416238.624409,-366.148112033
0.0303696,10938.3491161,8264.0707792,-22038.450918,-18816.6677434,11100.1018019,10552.5969642,-3.85351829244,419425.467926,315205.465301,-399489.436347,-341842.699009,-19597.1313939,26637.2337079,425651.805792,-420378.366613,-19322.107987,-24349.7369192,-3.85351829244,527040.220201,502433.434426,411504.237326,407714.845234,405041.447758,-403355.535511,-8702.64719994,425651.805792,-420378.366613,-19322.107987,-24349.7369192,527040.220201,411504.237326,-3.85351829244,502433.434426,407714.845234,-385.351829244
0.0304362,11322.8295454,8687.15485515,-22071.5422553,-18843.9078425,10748.7127099,10156.7529873,-3.83843221987,416581.338381,320447.000388,-395287.764121,-337552.344936,-22131.0296403,17105.3445488,428841.46546,-418459.138611,-28677.3684395,-9400.47723862,-3.83843221987,527347.04707,504565.194752,413238.97933,400508.071973,409075.303595,-400547.305655,-17668.6851911,428841.46546,-418459.138611,-28677.3684395,-9400.47723862,527347.04707,413238.97933,-3.83843221987,504565.194752,400508.071973,-383.843221987
0.0305028,11597.3397341,9104.76290583,-21970.0292075,-18859.2695168,10372.6894734,9754.50661093,-3.69056204914,413527.622119,325486.538859,-391093.952892,-333049.211742,-23988.4511775,7562.67288365,427779.765163,-413228.061788,-35990.3578992,9548.15457381,-3.69056204914,526337.668366,512138.648741,419276.019837,394203.273142,409558.826549,-395152.782271,-25122.2952957,427779.765163,-413228.061788,-35990.3578992,9548.15457381,526337.668366,419276.019837,-3.69056204914,512138.648741,394203.273142,-369.056204914
0.0305694,11807.3181985,9516.63168828,-21757.0925641,-18862.7430829,9949.77436555,9346.11139458,-3.46944683669,408489.532583,330320.903997,-386674.746047,-328336.138017,-25317.4258028,-1984.76597952,427190.753377,-401314.004319,-39222.5215195,29661.3122492,-3.46944683669,527477.083878,522340.982562,425538.418132,390387.929289,409245.92901,-385498.785083,-30430.8369139,427190.753377,-401314.004319,-39222.5215195,29661.3122492,527477.083878,425538.418132,-3.46944683669,522340.982562,390387.929289,-346.944683669
0.030636,11964.1426226,9922.50157736,-21465.0684564,-18854.3263512,9500.9258338,8931.82477383,-3.22154153336,404222.295416,334947.048417,-378945.29197,-323416.094689,-26542.7729142,-11530.9537278,426718.47622,-384958.191255,-39369.9298897,47717.4616052,-3.22154153336,530381.7242,528482.088465,430669.997658,390746.033026,408225.545853,-373003.818934,-34038.790215,426718.47622,-384958.191255,-39369.9298897,47717.4616052,530381.7242,430669.997658,-3.22154153336,528482.088465,390746.033026,-322.154153336
0.0307026,12034.0025577,10322.1167294,-21127.5302784,-18834.0246273,9093.52772069,8511.90789794,-2.92069887924,405492.633386,339362.055989,-372344.701898,-318292.183152,-29565.6465464,-21069.8728369,421521.373556,-370956.698406,-39322.0737043,64305.4029752,-2.92069887924,534793.992796,531001.978558,435844.717967,393063.129363,404073.600678,-361656.99021,-36797.0663373,421521.373556,-370956.698406,-39322.0737043,64305.4029752,534793.992796,435844.717967,-2.92069887924,531001.978558,393063.129363,-292.069887924
0.0307692,12038.0283604,10715.2252434,-20759.1373136,-18801.8507086,8721.10895314,8086.62546526,-2.59190638694,406661.76987,343563.143671,-371649.88636,-312967.633307,-36031.5553765,-30595.5103644,410986.656362,-360772.427537,-40932.3524369,80787.981192,-2.59190638694,539400.14076,530580.014025,440803.494737,397239.518656,396687.066335,-352244.549324,-39796.6581673,410986.656362,-360772.427537,-40932.3524369,80787.981192,539400.14076,440803.494737,-2.59190638694,530580.014025,397239.518656,-259.190638694
0.0308358,12007.6066911,11101.5793199,-20374.6676523,-18757.8248762,8367.06096119,7656.24555633,-2.23014300771,403533.283008,347547.663273,-370449.546564,-307445.801533,-42218.3308735,-40101.86174,398895.40051,-351488.408015,-42255.2196386,99807.9618058,-2.23014300771,540560.991815,528627.393527,444018.004841,402585.982965,388223.335468,-343297.778217,-42346.2094208,398895.40051,-351488.408015,-42255.2196386,99807.9618058,540560.991815,444018.004841,-2.23014300771,528627.393527,402585.982965,-223.014300771
0.0309024,11977.7090732,11480.9354172,-20000.3837169,-18701.9748821,8022.67464369,7221.03946497,-1.82242050243,399391.077949,351313.103116,-362827.373563,-301730.168565,-48336.4770462,-49582.9345506,388183.537073,-341697.148103,-42398.262172,120127.980445,-1.82242050243,540308.828872,525290.781567,446376.483934,406704.8803,380509.678796,-334213.359214,-44251.5518578,388183.537073,-341697.148103,-42398.262172,120127.980445,540308.828872,446376.483934,-1.82242050243,525290.781567,406704.8803,-182.242050243
0.030969,11969.7381943,11853.0544048,-19643.9260112,-18634.335932,7674.18781686,6781.28152719,-1.3807860129,393470.252428,354857.089621,-349964.160002,-295824.337303,-53301.0075183,-59032.7523177,378864.430521,-331825.290917,-42593.8422175,140524.211179,-1.3807860129,543772.169806,522391.582926,450835.860059,408263.949265,373725.200219,-325167.956269,-46334.0939502,378864.430521,-331825.290917,-42593.8422175,140524.211179,543772.169806,450835.860059,-1.3807860129,522391.582926,408263.949265,-138.07860129
0.0310356,11958.9724441,12217.7017142,-19284.1047851,-18554.9506625,7325.132341,6337.24894833,-0.964835766808,383904.437178,358177.388806,-335410.858001,-289732.030541,-57563.4069457,-68445.3582647,369378.850817,-322190.804803,-42962.071223,156030.29846,-0.964835766808,548304.19172,522029.935891,452886.335625,406474.641373,366824.031688,-316219.13818,-48489.9855196,369378.850817,-322190.804803,-42962.071223,156030.29846,548304.19172,452886.335625,-0.964835766808,522029.935891,406474.641373,-96.4835766808
0.0311022,11959.1908253,12574.6474868,-18890.4263443,-18463.869115,6931.23551903,5889.22162827,-0.583164478745,373558.915718,361271.90769,-318501.513099,-283457.088619,-62002.0349445,-77814.8190717,359072.578904,-311676.815494,-44981.5509455,155321.186441,-0.583164478745,551084.142974,517886.525251,445842.997309,404421.707689,359377.020277,-306373.950229,-51793.3904615,359072.578904,-311676.815494,-44981.5509455,155321.186441,551084.142974,445842.997309,-0.583164478745,517886.525251,404421.707689,-58.3164478745
0.0311688,12072.5528101,12923.6667185,-18558.2495669,-18361.1487035,6485.69675682,5437.481985,-0.201731746707,362474.092418,364138.695616,-301498.121254,-277003.467001,-64534.4217086,-87135.2286158,352608.266523,-301205.757203,-49954.4772993,148423.058797,-0.201731746707,556500.017406,508942.510362,437268.097328,402376.578509,354860.119731,-296601.117721,-57533.3440495,352608.266523,-301205.757203,-49954.4772993,148423.058797,556500.017406,437268.097328,-0.201731746707,508942.510362,402376.578509,-20.1731746707
0.0312354,12309.4184663,13264.539402,-18375.1652938,-18246.8541787,6065.74682756,4982.31477664,0.168256174165,353326.944608,366775.945479,-283166.700487,-270375.233785,-63103.8770901,-96400.7116941,351541.6872,-294280.894574,-56895.9412123,140936.736038,0.168256174165,565237.968037,501091.1028,432683.994344,399304.831444,354636.466938,-289619.974647,-64832.2251566,351541.6872,-294280.894574,-56895.9412123,140936.736038,565237.968037,432683.994344,0.168256174165,501091.1028,399304.831444,16.8256174165
0.031302,12514.1891657,13597.0506653,-18169.8822518,-18121.0575871,5655.69308606,4524.00692187,0.513858057178,345207.957817,369181.994864,-264985.903932,-263576.567138,-60491.0048818,-105605.427727,350663.804037,-286109.998538,-61950.9282924,132739.109817,0.513858057178,569994.44347,496232.069765,432247.295313,396513.2307,354197.714029,-281952.940964,-70947.3370466,350663.804037,-286109.998538,-61950.9282924,132739.109817,569994.44347,432247.295313,0.513858057178,496232.069765,396513.2307,51.3858057178
0.0313686,12680.9055531,13920.9909068,-17851.5525636,-17983.8382259,5170.64701046,4062.84731912,0.859028261244,334948.712596,371355.327098,-251406.628435,-256611.752658,-61850.9391885,-114743.57444,347434.179151,-273967.332818,-67355.9016715,123372.481774,0.859028261244,571532.44024,494211.444003,433989.780818,395178.693009,351703.798504,-271204.098661,-77443.3739414,347434.179151,-273967.332818,-67355.9016715,123372.481774,571532.44024,433989.780818,0.859028261244,494211.444003,395178.693009,85.9028261244
0.0314352,12844.9402834,14236.1559279,-17424.9542942,-17835.2825924,4580.01401074,3599.12666446,1.2651458854,323293.194639,373294.5722,-242405.29484,-249485.18068,-68038.5283187,-123809.39152,339384.342359,-260604.536195,-77619.2058841,113580.268286,1.2651458854,570586.415632,493685.26452,437957.492154,395129.294609,346154.92014,-258594.980558,-86971.4802535,339384.342359,-260604.536195,-77619.2058841,113580.268286,570586.415632,437957.492154,1.2651458854,493685.26452,395129.294609,126.51458854
0.0315018,12943.0964941,14542.3470616,-16922.2616404,-17675.4843299,3979.1651463,3133.13726831,1.76493918377,313382.848656,374998.507751,-234046.124365,-242201.3435,-75156.1601937,-132797.164251,328322.733098,-246088.45331,-87264.6045779,103564.465127,1.76493918377,568918.24392,489819.581322,443622.294631,393460.22771,338267.948537,-244907.492656,-95871.0485837,328322.733098,-246088.45331,-87264.6045779,103564.465127,568918.24392,443622.294631,1.76493918377,489819.581322,393460.22771,176.493918377
0.0315684,13040.0892325,14839.3712976,-16385.3103915,-17504.5441688,3345.22115902,2665.17287124,2.28451810466,305934.938189,376466.059659,-223530.780848,-234764.832551,-81594.1786632,-141701.227108,319067.766347,-228036.380272,-95260.4290921,92438.7241885,2.28451810466,566136.39586,484617.986035,448127.131273,390743.455303,331073.383903,-229060.222559,-104130.647742,319067.766347,-228036.380272,-95260.4290921,92438.7241885,566136.39586,448127.131273,2.28451810466,484617.986035,390743.455303,228.451810466
0.031635,13131.5201937,15127.041404,-15856.1668639,-17322.5698627,2724.64667021,2195.52845875,2.75952243901,301951.979402,377696.30284,-211718.278284,-227180.335502,-90264.7109873,-150515.967338,311459.650393,-209056.089903,-101495.37267,80066.8641164,2.75952243901,563687.30608,481786.620613,449562.365393,388708.661359,324717.939762,-212866.209322,-111400.707139,311459.650393,-209056.089903,-101495.37267,80066.8641164,563687.30608,449562.365393,2.75952243901,481786.620613,388708.661359,275.952243901
0.0317016,13205.9824254,15405.1760454,-15366.3862863,-17129.6761207,2160.40386092,1724.50007539,3.14651324466,304025.61364,378688.461799,-203114.021156,-219452.63331,-101948.288018,-159235.828489,303701.550268,-192776.698321,-107117.450671,67775.1212486,3.14651324466,562635.872459,483231.280861,447126.166747,387058.700993,318417.36362,-198579.381442,-117935.831299,303701.550268,-192776.698321,-107117.450671,67775.1212486,562635.872459,447126.166747,3.14651324466,483231.280861,387058.700993,314.651324466
0.0317682,13292.7023381,15673.5998971,-14924.7317255,-16925.9845352,1632.02938733,1252.38463808,3.33334615962,307672.14794,379441.911121,-196513.663098,-211586.5972,-114027.793357,-167855.313921,297221.065729,-178275.598942,-112407.465221,56429.6405084,3.33334615962,557526.622805,493021.633791,444693.60136,386588.165284,313105.779569,-185672.70795,-124166.384683,297221.065729,-178275.598942,-112407.465221,56429.6405084,557526.622805,444693.60136,3.33334615962,493021.633791,386588.165284,333.334615962
0.0318348,13422.6782038,15932.1437558,-14542.5228919,-16711.6235048,1119.84468816,779.479748981,3.43059090467,309057.825344,379956.175861,-187146.122355,-203587.185598,-125332.063962,-176368.990263,292851.182302,-165378.90826,-118342.24591,44627.9147475,3.43059090467,547730.041225,508634.046011,441622.374976,388151.153541,309446.715726,-174008.857775,-130875.855402,292851.182302,-165378.90826,-118342.24591,44627.9147475,547730.041225,441622.374976,3.43059090467,508634.046011,388151.153541,343.059090467
0.0319014,13622.0799743,16180.6446461,-14232.2998423,-16486.728154,610.219868041,306.083507892,3.49238145909,308866.86922,380230.931849,-173758.051948,-195459.441004,-138563.8986,-184771.490845,292504.386764,-152898.936245,-124536.121498,32380.1561079,3.49238145909,538480.606212,526359.142519,436829.444877,393269.665613,308621.490313,-162989.520379,-138104.787081,292504.386764,-152898.936245,-124536.121498,32380.1561079,538480.606212,436829.444877,3.49238145909,526359.142519,393269.665613,349.238145909
0.031968,13889.2828478,16418.9459232,-13983.8885971,-16251.4402475,94.6057493653,-167.505675657,3.4182617135,307468.938941,380266.005889,-157877.892436,-187208.486813,-150772.700278,-193057.519076,294299.922286,-142115.990474,-132770.735499,19363.4325179,3.4182617135,530742.757797,536950.758441,431007.506339,399225.293225,309628.092729,-153140.775992,-146781.26977,294299.922286,-142115.990474,-132770.735499,19363.4325179,530742.757797,431007.506339,3.4182617135,536950.758441,399225.293225,341.82617135
0.0320346,14193.5845896,16646.8973718,-13762.9676464,-16005.9081013,-430.616943255,-640.989270514,3.15083877588,305344.84173,380061.375872,-141602.036573,-178839.524089,-162509.883484,-201221.851783,293763.634522,-135497.771589,-145736.529906,3565.87709373,3.15083877588,523155.181458,539960.242118,424045.845955,402848.885378,309848.615953,-145478.838998,-158093.71172,293763.634522,-135497.771589,-145736.529906,3565.87709373,523155.181458,424045.845955,3.15083877588,539960.242118,402848.885378,315.083877588
0.0321012,14560.9970479,16864.3553007,-13557.6912362,-15750.2864886,-1003.30581174,-1114.06881209,2.8998951723,301623.121676,379617.170789,-128296.172049,-170357.828282,-176940.154288,-209259.342507,292426.429985,-130833.626559,-163436.655815,-15345.1612095,2.8998951723,515377.441538,541495.18334,416882.506401,409580.343326,310121.301841,-138611.452642,-172418.138173,292426.429985,-130833.626559,-163436.655815,-15345.1612095,515377.441538,416882.506401,2.8998951723,541495.18334,409580.343326,289.98951723
0.0321678,15061.8488843,17071.1826333,-13466.5509285,-15484.7365428,-1595.29795589,-1586.44609048,2.66939698041,299033.895387,378933.670648,-117195.051241,-161768.745903,-189780.177821,-217164.924745,297631.477888,-126529.136022,-182623.171156,-33243.220787,2.66939698041,507807.599194,543201.511368,411623.560345,418642.179917,315100.331441,-132473.944332,-188380.476205,297631.477888,-126529.136022,-182623.171156,-33243.220787,507807.599194,411623.560345,2.66939698041,543201.511368,418642.179917,266.939698041
0.0322344,15633.9489497,17267.2489942,-13485.6024461,-15209.4256558,-2148.3465036,-2057.82333848,2.42806418877,300422.098208,378011.3063,-106067.562961,-153077.691157,-199281.495363,-224933.615142,309288.58015,-122394.111112,-199732.203277,-49332.6456405,2.42806418877,501496.857914,544680.974604,407670.506258,427202.86412,324372.15401,-127294.046403,-203496.6274,309288.58015,-122394.111112,-199732.203277,-49332.6456405,501496.857914,407670.506258,2.42806418877,544680.974604,427202.86412,242.806418877
0.032301,16139.241917,17452.4307913,-13440.4629815,-14924.527372,-2698.77893544,-2527.90341925,2.17577563009,304821.055831,376850.659164,-95854.745392,-144290.142528,-208031.058989,-232560.516636,319717.990145,-115947.336545,-214418.714531,-64511.3305808,2.17577563009,497221.521528,547540.532967,403956.904577,433392.375678,332273.923687,-120603.377542,-216995.147294,319717.990145,-115947.336545,-214418.714531,-64511.3305808,497221.521528,403956.904577,2.17577563009,547540.532967,433392.375678,217.577563009
0.0323676,16604.3986016,17626.6112934,-13283.5628814,-14630.2212798,-3320.83572026,-2996.39001363,1.94815341395,310568.304904,375452.460866,-88617.1457897,-135411.639325,-219023.499123,-240040.821541,327263.816401,-106093.957793,-229919.388709,-81031.3258339,1.94815341395,493468.906831,551910.163407,396492.042848,436507.183837,337846.571436,-111141.361203,-231079.777376,327263.816401,-106093.957793,-229919.388709,-81031.3258339,493468.906831,396492.042848,1.94815341395,551910.163407,436507.183837,194.815341395
0.0324342,17035.9440709,17789.6807045,-13045.6697482,-14326.6928976,-3990.2743227,-3462.98780693,1.76398053342,318342.802347,373817.592773,-83162.0558347,-126447.778192,-231857.298056,-247369.81458,332462.050362,-94091.2950946,-246056.775606,-100294.732183,1.76398053342,489569.382007,552358.098778,381936.412489,440143.255203,341577.821048,-99852.4088018,-245568.250781,332462.050362,-94091.2950946,-246056.775606,-100294.732183,489569.382007,381936.412489,1.76398053342,552358.098778,440143.255203,176.398053342
0.0325008,17404.8416828,17941.5362322,-12773.4872249,-14014.1335571,-4631.35445791,-3927.40267509,1.57946374852,327192.614217,371947.085436,-78575.5794889,-117404.209578,-245623.957885,-254542.875858,336252.414292,-81717.0787836,-260220.415786,-120200.73123,1.57946374852,488299.654238,549104.501599,366617.816365,443419.125475,344037.084329,-88342.0668702,-258538.750043,336252.414292,-81717.0787836,-260220.415786,-120200.73123,488299.654238,366617.816365,1.57946374852,549104.501599,443419.125475,157.946374852
0.0325674,17771.0877639,18082.0821531,-12511.682325,-13692.740283,-5259.40543896,-4389.34187006,1.37001012363,337101.012652,369842.117949,-72927.5194748,-108286.634177,-259862.57438,-261555.483772,340428.184435,-69774.6444057,-274112.43542,-138986.773277,1.37001012363,488281.002361,546312.102863,354716.813331,444779.717065,346732.592143,-77182.0550364,-271281.008473,340428.184435,-69774.6444057,-274112.43542,-138986.773277,488281.002361,354716.813331,1.37001012363,546312.102863,444779.717065,137.001012363
0.032634,18118.9193363,18211.2298727,-12294.9334785,-13362.7156684,-5823.98585783,-4848.51420436,1.12709834067,348931.078364,367504.017195,-68376.1173206,-99100.7993332,-277035.549916,-268403.217862,345582.007857,-59684.864673,-286213.636904,-147646.735314,1.12709834067,486711.454465,544817.032729,349041.183898,445057.240285,350071.700991,-67579.2644409,-282653.877406,345582.007857,-59684.864673,-286213.636904,-147646.735314,486711.454465,349041.183898,1.12709834067,544817.032729,445057.240285,112.709834067
0.0327006,18448.6182213,18328.8979818,-12137.4728264,-13024.2677471,-6311.14539493,-5304.63023465,0.814373756918,361557.987838,364934.257017,-69480.5091051,-89852.4954199,-297880.141097,-275081.761597,351365.263389,-52616.0003531,-296900.435575,-143788.071001,0.814373756918,485680.596546,544291.232698,349032.426233,445114.181967,353966.934234,-60282.2108981,-292758.918524,351365.263389,-52616.0003531,-296900.435575,-143788.071001,485680.596546,349032.426233,0.814373756918,544291.232698,445114.181967,81.4373756918
0.0327672,18786.0631538,18435.012307,-12032.1464355,-12677.6098629,-6753.9167183,-5757.40244411,0.420393349407,371487.762461,362134.457287,-71350.4230893,-80547.5521874,-317708.111721,-281586.9051,356406.898067,-49515.9315715,-309053.20663,-137314.423156,0.420393349407,486649.578154,544021.900307,355450.968638,445606.132023,357839.799061,-55533.4094516,-303381.877411,356406.898067,-49515.9315715,-309053.20663,-137314.423156,486649.578154,355450.968638,0.420393349407,544021.900307,445606.132023,42.0393349407
0.0328338,19152.0687036,18529.5059584,-11976.4455554,-12322.9605347,-7175.62314822,-6206.54542377,0.0262618277215,379811.48704,359106.382883,-66989.6070487,-71191.8350895,-333401.575102,-287914.547793,363689.625345,-47252.2622443,-320902.325334,-130256.858509,0.0262618277215,488799.018137,542845.127973,364964.885403,446827.654753,363284.978873,-51618.6833073,-313899.16238,363689.625345,-47252.2622443,-320902.325334,-130256.858509,488799.018137,364964.885403,0.0262618277215,542845.127973,446827.654753,2.62618277215
0.0329004,19554.8400914,18612.3193711,-11962.8284974,-11960.5433187,-7592.01159406,-6651.77605236,-0.372646219782,388083.707946,355851.942578,-56205.8426753,-61791.2415856,-346151.137312,-294060.700993,374970.833578,-43619.800011,-331166.303115,-122125.979862,-0.372646219782,491562.498836,541178.99628,374568.155339,447388.723263,371189.753698,-47296.5798207,-323806.689538,374970.833578,-43619.800011,-331166.303115,-122125.979862,491562.498836,374568.155339,-0.372646219782,541178.99628,447388.723263,-37.2646219782
0.032967,19970.366217,18683.4003427,-11962.7815023,-11590.586668,-8007.58471475,-7092.81367478,-0.809847111485,394131.469685,352373.187838,-44122.7307704,-52351.6974232,-356107.796031,-300021.490415,387234.900988,-39964.0835213,-341456.513972,-113130.802591,-0.809847111485,496458.173291,539574.507252,382270.94298,446075.539589,379744.47591,-43044.8614929,-333795.387938,387234.900988,-39964.0835213,-341456.513972,-113130.802591,496458.173291,382270.94298,-0.809847111485,539574.507252,446075.539589,-80.9847111485
0.0330336,20369.1586257,18742.704067,-11936.5591457,-11213.3237879,-8432.59947998,-7529.38027907,-1.25043179285,398231.597371,348672.311528,-33325.0493377,-42879.1529031,-365491.353923,-305793.158625,397061.171145,-37385.3950169,-353482.951541,-103821.382182,-1.25043179285,503547.819547,539834.878383,388307.872523,442009.495638,386831.750431,-39125.3961582,-344608.510056,397061.171145,-37385.3950169,-353482.951541,-103821.382182,503547.819547,388307.872523,-1.25043179285,539834.878383,442009.495638,-125.043179285
0.0331002,20783.2427966,18790.1931611,-11893.9877759,-10828.9924895,-8889.25502069,-7961.20067156,-1.64597139024,401518.39834,344751.646526,-24840.2426397,-33379.5791278,-374290.954872,-311372.067399,406301.107556,-34616.0186236,-367272.04482,-93777.0555184,-1.64597139024,508405.857669,544000.709176,396793.401246,435163.407253,393614.783208,-34830.2855719,-356576.217515,406301.107556,-34616.0186236,-367272.04482,-93777.0555184,508405.857669,396793.401246,-1.64597139024,544000.709176,435163.407253,-164.597139024
0.0331668,21242.6366029,18825.8376899,-11912.5847936,-10437.8350394,-9330.05180927,-8388.00265046,-2.03590837231,404737.785497,340613.66426,-19004.3729468,-23858.9642381,-380872.860581,-316754.700022,417682.221175,-33436.4089273,-381831.038241,-82428.8305001,-2.03590837231,511215.775064,551542.602275,405918.387281,428718.552763,402088.313662,-31775.601631,-369103.463184,417682.221175,-33436.4089273,-381831.038241,-82428.8305001,511215.775064,405918.387281,-2.03590837231,551542.602275,428718.552763,-203.590837231
0.0332334,21644.4932508,18849.6151846,-11921.1227357,-10040.0980073,-9723.37051506,-8809.51717732,-2.426832341,408100.646557,336260.973143,-15200.2374646,-14323.3096383,-386338.743689,-321937.663505,428382.15273,-32474.8667763,-393968.619978,-70473.2831493,-2.426832341,514488.516754,558191.918117,413059.479401,424209.75618,409836.02931,-29054.3750798,-379812.409497,428382.15273,-32474.8667763,-393968.619978,-70473.2831493,514488.516754,413059.479401,-2.426832341,558191.918117,424209.75618,-242.6832341
0.0333,21897.0158338,18861.5106568,-11776.363634,-9636.03211009,-10120.6521998,-9225.47854673,-2.74320394812,411926.953897,331696.316933,-12437.2136247,-4778.62621287,-391643.636954,-326917.69072,432927.359262,-28871.9205111,-403836.888129,-59429.5771632,-2.74320394812,517064.991712,554837.890618,417273.820951,417256.841936,412746.682183,-24097.6083972,-388535.180196,432927.359262,-28871.9205111,-403836.888129,-59429.5771632,517064.991712,417273.820951,-2.74320394812,554837.890618,417256.841936,-274.320394812
0.0333666,22051.6694925,18861.5166082,-11478.9211109,-9225.89205442,-10572.7483816,-9635.62455374,-2.97658624507,415910.672205,326922.573001,-10593.9748761,4769.06946201,-397758.326687,-331691.642463,430939.976439,-23055.2400829,-414822.282387,-49131.3719398,-2.97658624507,517689.921374,543007.089743,418455.718718,406850.896727,410927.55941,-16823.6556731,-397563.72713,430939.976439,-23055.2400829,-414822.282387,-49131.3719398,517689.921374,418455.718718,-2.97658624507,543007.089743,406850.896727,-297.658624507
0.0334332,22108.1465716,18849.6330348,-11085.3143103,-8809.93637569,-11022.8322613,-10039.6966592,-3.20975804727,418293.914015,321942.75052,-10082.4772259,14313.7589116,-405677.493336,-336256.509431,425741.213797,-14992.8696391,-423568.760239,-38436.5720166,-3.20975804727,516737.604535,530861.26087,418416.804865,400380.450334,406366.037988,-7876.88565678,-404896.331375,425741.213797,-14992.8696391,-423568.760239,-38436.5720166,516737.604535,418416.804865,-3.20975804727,530861.26087,400380.450334,-320.975804727
0.0334998,22076.2028795,18825.8674278,-10652.7475802,-8388.42727526,-11423.4552994,-10437.4401526,-3.40140966289,420166.214442,316759.988564,-7637.53526022,23849.425556,-412258.24241,-340609.41412,421562.111328,-3778.95687844,-426432.214058,-27288.8620664,-3.40140966289,515378.390157,520363.631516,419518.397909,397240.498577,401566.950354,2583.88883847,-408482.860082,421562.111328,-3778.95687844,-426432.214058,-27288.8620664,515378.390157,419518.397909,-3.40140966289,520363.631516,397240.498577,-340.140966289
0.0335664,22008.2771166,18790.2347679,-10224.3058576,-7961.63045513,-11783.971259,-10828.6043128,-3.43207344146,422546.349691,311377.554134,-1370.05590185,33370.0585031,-416881.214675,-344747.612637,419282.021252,8964.69906538,-425577.990852,-14446.0188659,-3.43207344146,515050.951452,514145.393535,421281.950227,397586.811554,397532.906196,13555.8779052,-409765.065419,419282.021252,8964.69906538,-425577.990852,-14446.0188659,515050.951452,421281.950227,-3.43207344146,514145.393535,397586.811554,-343.207344146
0.033633,21891.3913292,18742.7575165,-9824.12210343,-7529.81495048,-12067.2692258,-11212.942566,-3.32520938921,425205.465983,305798.840095,4793.96802992,42869.6563371,-422318.485525,-348668.496432,416023.534618,18964.5767852,-423123.512808,1739.19867323,-3.32520938921,517159.886315,513318.747769,423377.076564,399085.700034,392891.441282,22544.7412554,-409510.156644,416023.534618,18964.5767852,-423123.512808,1739.19867323,517159.886315,423377.076564,-3.32520938921,513318.747769,399085.700034,-332.520938921
0.0336996,21738.6746964,18683.4656013,-9450.7734201,-7093.25296005,-12287.9012763,-11590.2126413,-3.14332668856,425530.849053,300027.363038,8069.99644504,52342.2309023,-428302.90747,-352369.593941,410697.877341,25225.7921996,-420928.474584,19352.5669196,-3.14332668856,522881.195547,516167.567354,424167.857894,401141.492824,387163.73705,29141.1591541,-408808.64732,410697.877341,25225.7921996,-420928.474584,19352.5669196,522881.195547,424167.857894,-3.14332668856,516167.567354,401141.492824,-314.332668856
0.0337662,21575.2568126,18612.3963975,-9087.81252802,-6652.21967457,-12487.4442846,-11960.1767229,-2.92383796021,419895.721621,294066.761067,13156.4827708,61781.8110769,-431713.830387,-355848.572144,404099.970803,29507.8089245,-419659.826119,35401.7099521,-2.92383796021,532118.47794,516925.957404,422075.310067,405898.039405,380797.027311,34562.2910546,-408384.335621,404099.970803,29507.8089245,-419659.826119,35401.7099521,532118.47794,422075.310067,-2.92383796021,516925.957404,405898.039405,-292.383796021
0.0338328,21416.0835089,18529.5947042,-8725.83328018,-6206.99310329,-12690.2502287,-12322.6016009,-2.65839841461,408811.275362,287920.791499,22895.8764253,71182.4465378,-433177.297303,-359103.238037,397372.281272,33506.6938248,-419042.835867,50092.1526994,-2.65839841461,543244.809044,516000.030846,419338.518305,411058.110615,374395.197393,39853.7440739,-408329.545064,397372.281272,33506.6938248,-419042.835867,50092.1526994,543244.809044,419338.518305,-2.65839841461,516000.030846,411058.110615,-265.839841461
0.0338994,21257.8158576,18435.1127161,-8348.49515288,-5757.85389873,-12909.3207047,-12677.2588174,-2.36519201407,394630.358184,281593.328501,36157.6531836,80538.2115108,-432953.136158,-362131.540012,390289.280545,37958.3140592,-419102.776493,64787.4055119,-2.36519201407,552772.243802,515813.249852,418425.33533,414473.01872,367732.930964,45555.214433,-408713.333717,390289.280545,37958.3140592,-419102.776493,64787.4055119,552772.243802,418425.33533,-2.36519201407,515813.249852,414473.01872,-236.519201407
0.033966,21070.0461803,18329.009991,-7924.85048328,-5305.08517979,-13145.195697,-13023.9248112,-2.04761328965,377762.634597,275088.360646,49420.0763778,89843.2085063,-430300.364907,-364931.569152,381783.737229,43606.8695417,-419130.663747,81911.9840281,-2.04761328965,556805.263931,516422.268431,419347.717892,416594.273352,359919.113798,52221.5705296,-409008.607239,381783.737229,43606.8695417,-419130.663747,81911.9840281,556805.263931,419347.717892,-2.04761328965,516422.268431,416594.273352,-204.761328965
0.0340326,20839.4338227,18211.3534114,-7430.04572214,-4848.97235325,-13409.3881006,-13362.3810581,-1.69628054758,359345.88911,268409.988397,60821.8550474,99091.5720368,-427499.48763,-367501.560434,370953.910829,51000.276751,-419258.539971,100996.894042,-1.69628054758,557292.329401,516661.679894,421653.98974,417382.26783,350279.363431,60340.3497029,-409267.068165,370953.910829,51000.276751,-419258.539971,100996.894042,557292.329401,421653.98974,-1.69628054758,516661.679894,417382.26783,-169.628054758
0.0340992,20604.9414922,18082.2171433,-6901.54483218,-4389.80293389,-13703.39666,-13692.4142094,-1.31894377845,342191.313812,261562.421527,71431.2428137,108277.472314,-422368.808095,-369839.893841,358703.550714,58851.8615271,-420856.106724,120150.334147,-1.31894377845,557776.778914,515778.848217,428014.549916,417566.476655,339706.134761,69060.894196,-410411.72402,358703.550714,58851.8615271,-420856.106724,120150.334147,557776.778914,428014.549916,-1.31894377845,515778.848217,417566.476655,-131.894377845
0.0341658,20364.8838254,17941.682589,-6390.39431185,-3927.86636323,-13974.4895135,-14013.8162257,-0.957772198091,328352.186412,254549.976459,83004.7485046,117395.118924,-412842.348934,-371945.095383,348156.365153,67333.4187184,-420680.463171,135041.520061,-0.957772198091,557353.186655,513621.088271,434923.965395,417909.153572,330052.856974,77860.3655542,-410509.63171,348156.365153,67333.4187184,-420680.463171,135041.520061,557353.186655,434923.965395,-0.957772198091,513621.088271,417909.153572,-95.7772198091
0.0342324,20015.0501111,17789.8383355,-5797.75150768,-3463.4538271,-14217.2986034,-14326.3845084,-0.629100464652,316172.772527,247377.07355,94881.3241318,126438.764478,-402074.406565,-373815.838028,335922.723473,78844.8920267,-416039.717874,137510.278559,-0.629100464652,553573.083822,509852.072232,437402.832497,416086.675042,318450.332634,88480.7052915,-407570.964493,335922.723473,78844.8920267,-416039.717874,137510.278559,553573.083822,437402.832497,-0.629100464652,509852.072232,416086.675042,-62.9100464652
0.034299,19525.7305301,17626.7800994,-5038.17509131,-2996.85807206,-14487.5554388,-14629.9220273,-0.309839619161,302628.793887,240048.234305,104885.044849,135402.708232,-394117.874276,-375450.942537,317265.32493,93608.0517941,-409966.5578,132544.224337,-0.309839619161,551447.86606,505097.739782,437170.301238,410980.61979,301850.955609,101860.734483,-403257.231269,317265.32493,93608.0517941,-409966.5578,132544.224337,551447.86606,437170.301238,-0.309839619161,505097.739782,410980.61979,-30.9839619161
0.0343656,18966.6225647,17452.6106657,-4161.61917166,-2528.3732209,-14805.0033931,-14924.2374448,0.00299461331776,286988.748145,232568.078521,112977.512655,144281.299686,-389857.989632,-376849.378207,293232.70388,109753.99608,-405469.255429,126452.7849,0.00299461331776,553373.495841,502723.993297,438606.344183,403087.62029,281471.414231,116891.852249,-399599.636844,293232.70388,109753.99608,-405469.255429,126452.7849,553373.495841,438606.344183,0.00299461331776,502723.993297,403087.62029,0.299461331776
0.0344322,18346.605591,17267.4398237,-3246.33005549,-2058.29458721,-15100.2755355,-15209.1452365,0.300214858816,269827.38015,224941.321383,121141.455769,153068.94214,-387416.859347,-378010.263522,267236.461533,126143.53194,-399642.244788,119658.836083,0.300214858816,553484.565366,504851.946146,443021.478584,393605.359764,259525.41123,132143.587882,-394797.130959,267236.461533,126143.53194,-399642.244788,119658.836083,553484.565366,443021.478584,0.300214858816,504851.946146,393605.359764,30.0214858816
0.0344988,17705.3350572,17071.3842976,-2353.57085589,-1586.91848923,-15351.7642013,-15484.4658084,0.601409833657,251523.469175,217172.770482,131291.359961,161760.096226,-384914.925247,-378932.866708,242233.811125,142175.487988,-391849.306826,111771.806248,0.601409833657,552380.296636,510022.3206,447763.145261,385095.777151,238080.086513,146830.6255,-388629.83439,242233.811125,142175.487988,-391849.306826,111771.806248,552380.296636,447763.145261,0.601409833657,510022.3206,385095.777151,60.1409833657
0.0345654,17083.4270281,16864.5676727,-1519.19834521,-1114.54206307,-15564.2286829,-15750.0256096,0.955111588682,233005.572596,209267.322796,143551.860658,170349.283397,-382735.496968,-379616.606193,219662.145869,157209.393746,-383003.585552,103353.498722,0.955111588682,552285.611822,514455.004511,451020.525164,379793.554671,218302.783694,160452.230457,-381822.365457,219662.145869,157209.393746,-383003.585552,103353.498722,552285.611822,451020.525164,0.955111588682,514455.004511,379793.554671,95.5111588682
0.034632,16472.9223293,16647.1203176,-753.432232196,-641.463075417,-15719.4900971,-16005.6572422,1.39383392444,215987.692548,201229.961592,155897.830399,178831.089384,-380687.725092,-380061.050976,198736.248131,169876.066019,-373424.472951,94549.3333928,1.39383392444,553210.339646,513441.177791,453341.540058,376141.390876,199816.150985,172158.103667,-374379.525815,198736.248131,169876.066019,-373424.472951,94549.3333928,553210.339646,453341.540058,1.39383392444,513441.177791,376141.390876,139.383392444
0.0346986,15891.8924946,16419.1793023,-41.0165638844,-167.979735811,-15850.8759307,-16251.1995664,1.86604003643,198204.164159,193065.753294,168203.384223,187200.167603,-376943.170173,-380265.920897,178708.224311,180326.986577,-364913.320455,84760.3688133,1.86604003643,553645.562606,508453.019701,454333.933866,373355.688552,182260.777883,182303.492037,-367501.572011,178708.224311,180326.986577,-364913.320455,84760.3688133,553645.562606,454333.933866,1.86604003643,508453.019701,373355.688552,186.604003643
0.0347652,15358.9483589,16180.8883113,639.497153228,305.609491313,-15998.4455121,-16486.4978026,2.304787131,175705.674548,184779.844282,182950.50712,195451.242534,-371381.177061,-380231.086815,161216.3055,191455.527375,-356910.641475,73870.3887341,2.304787131,552498.424676,502681.268878,454405.651771,373637.4158,166437.533028,192692.602393,-361253.545096,161216.3055,191455.527375,-356910.641475,73870.3887341,552498.424676,454405.651771,2.304787131,502681.268878,373637.4158,230.4787131
0.0348318,14878.6415507,15932.3975536,1300.70731541,779.006074778,-16179.3488661,-16711.4036284,2.66709736119,151629.391191,176377.457652,202187.354878,203579.113036,-364282.329802,-379956.570688,147272.6937,205014.376148,-348663.251636,63037.9073495,2.66709736119,549577.838052,498572.29275,454004.122138,376817.002781,152808.504493,204378.296574,-355383.792391,147272.6937,205014.376148,-348663.251636,63037.9073495,549577.838052,454004.122138,2.66709736119,498572.29275,376817.002781,266.709736119
0.0348984,14434.7377641,15673.8636674,1961.45548123,1251.91160484,-16396.1932453,-16925.7752723,2.87708171589,128368.055637,167863.889925,223391.499599,211578.655635,-355632.510487,-379442.545559,133969.642447,219202.492493,-342125.059896,53285.635198,2.87708171589,545285.486381,499249.92787,451503.10095,383422.215124,139719.257197,216587.949496,-350788.131133,133969.642447,219202.492493,-342125.059896,53285.635198,545285.486381,451503.10095,2.87708171589,499249.92787,383422.215124,287.708171589
0.034965,13995.6475678,15405.449622,2646.82523762,1724.02798129,-16642.4728054,-17129.4776033,2.99087302657,105069.694302,159244.507702,241644.261143,219444.827747,-347287.132397,-378689.335449,117610.032797,231790.819279,-339149.462475,43677.1599032,2.99087302657,540182.047914,505971.117917,445679.907263,391657.242787,124989.066474,228313.627686,-348172.784218,117610.032797,231790.819279,-339149.462475,43677.1599032,540182.047914,445679.907263,2.99087302657,505971.117917,391657.242787,299.087302657
0.0350316,13562.423864,15127.3246145,3360.04590608,2195.05760138,-16922.4697701,-17322.3822159,3.0640703372,82797.8910382,150524.744289,255666.794612,227172.670862,-341280.83753,-377697.415151,98597.4688264,243370.139761,-339399.660422,33625.5966714,3.0640703372,537088.176052,516068.466203,436497.700975,401599.400432,108801.197195,239892.600586,-347401.600989,98597.4688264,243370.139761,-339399.660422,33625.5966714,537088.176052,436497.700975,3.0640703372,516068.466203,401599.400432,306.40703372
0.0350982,13168.3696059,14839.6639635,4047.78734631,2664.70354741,-17216.1569522,-17504.3675109,3.02719663844,63730.3104481,141710.096265,266954.112284,234757.313664,-335315.148898,-376467.40993,80813.7347544,254714.007749,-340928.753504,22624.1728457,3.02719663844,537022.239972,521839.407815,424579.0995,411919.840056,93600.0200681,251286.601676,-347580.655144,80813.7347544,254714.007749,-340928.753504,22624.1728457,537022.239972,424579.0995,3.02719663844,521839.407815,411919.840056,302.719663844
0.0351648,12782.3791544,14542.6489983,4693.32778921,3132.66977386,-17475.7069437,-17675.3187722,2.82900837253,48526.4959507,132806.120022,277024.714819,242193.975108,-328816.338266,-375000.09513,65373.9383294,265991.985935,-340786.893107,9081.07675795,2.82900837253,537427.444942,523057.415955,411543.661637,418736.151164,79867.1555023,262201.177333,-346776.16379,65373.9383294,265991.985935,-340786.893107,9081.07675795,537427.444942,411543.661637,2.82900837253,523057.415955,418736.151164,282.900837253
0.0352314,12317.7223695,14236.4669452,5398.3918365,3598.66129408,-17716.114206,-17835.1282392,2.61119249892,36482.9853954,123818.428261,286859.255248,249477.967426,-323380.286885,-373296.395688,48505.7267401,279373.840079,-337693.78456,-7148.8584539,2.61119249892,535533.092548,525254.886035,400604.721557,424052.173816,64619.797134,274399.052225,-343925.653464,48505.7267401,279373.840079,-337693.78456,-7148.8584539,535533.092548,400604.721557,2.61119249892,525254.886035,424052.173816,261.119249892
0.035298,11793.7635965,13921.3108085,6191.69377617,4062.38436617,-17985.4573726,-17983.6951747,2.41589476256,26386.3749626,114752.686454,296401.241427,256604.69909,-320377.474418,-371357.385544,29566.2496842,295869.743355,-333439.952359,-22999.8427866,2.41589476256,530952.610325,529425.875487,393844.540286,429513.802019,47473.2056526,288837.479993,-340314.325643,29566.2496842,295869.743355,-333439.952359,-22999.8427866,530952.610325,393844.540286,2.41589476256,529425.875487,429513.802019,241.589476256
0.0353646,11278.3483471,13597.3792498,6994.05307351,4523.54667816,-18272.4014206,-18120.925928,2.21377505275,17015.2277541,105614.60927,305440.777281,263569.677701,-320191.633986,-369184.286971,10990.3129371,313301.039163,-329529.913499,-37206.7275,2.21377505275,525117.572725,533801.150219,390581.876291,434471.019261,30502.6259421,303903.946226,-337027.379504,10990.3129371,313301.039163,-329529.913499,-37206.7275,525117.572725,390581.876291,2.21377505275,533801.150219,434471.019261,221.377505275
0.0354312,10783.4007378,13264.8764623,7727.65728911,4981.8575323,-18511.0580269,-18246.7339946,2.00127416739,8705.19927492,96409.9569789,315717.585265,270368.512823,-320543.856782,-366778.469802,-5961.46700796,328406.332533,-325390.581594,-50641.1045432,2.00127416739,518430.170931,537283.440809,390103.304469,439319.243762,14861.611154,317128.002528,-333464.752529,-5961.46700796,328406.332533,-325390.581594,-50641.1045432,518430.170931,390103.304469,2.00127416739,537283.440809,439319.243762,200.127416739
0.0354978,10351.5457506,12924.0120419,8347.95395394,5437.02802825,-18699.4997045,-18361.0400702,1.80577857672,1511.45142161,87144.5318143,328101.426373,276996.91875,-320294.368699,-364141.450565,-18468.7635152,341422.956986,-320686.204321,-65369.9620892,1.80577857672,509986.168472,539335.761241,388882.042104,443889.882028,2467.51726849,328353.463272,-329693.699492,-18468.7635152,341422.956986,-320686.204321,-65369.9620892,509986.168472,388882.042104,1.80577857672,539335.761241,443889.882028,180.577857672
0.0355644,9997.50963207,12575.0008558,8843.26525835,5888.77124527,-18840.7748904,-18463.772101,1.6468672367,-5630.61238758,77824.1743195,339634.138418,283450.717207,-321926.759784,-361274.891527,-26446.5584637,351767.280568,-316172.535316,-82939.6891385,1.6468672367,499321.642934,540077.037209,383793.226992,446254.171864,-6477.2657361,337241.672602,-326195.823811,-26446.5584637,351767.280568,-316172.535316,-82939.6891385,499321.642934,383793.226992,1.6468672367,540077.037209,446254.171864,164.68672367
0.035631,9706.04746031,12218.062906,9229.30008278,6336.80242299,-18935.3475431,-18554.865329,1.49322060367,-13682.8692873,68454.7596646,346775.122635,289725.839985,-326340.740127,-358180.59965,-32793.5570099,357466.827004,-313858.123043,-101697.514161,1.49322060367,490875.733897,540308.456953,376539.501306,445370.980842,-13602.3916186,342898.591788,-323887.546167,-32793.5570099,357466.827004,-313858.123043,-101697.514161,490875.733897,376539.501306,1.49322060367,540308.456953,445370.980842,149.322060367
0.0356976,9483.50182786,11853.4231917,9540.94610528,6780.83914097,-19024.4479331,-18634.2623327,1.31757916475,-24112.5467934,59042.1939436,351916.47393,295818.331505,-330438.504049,-354860.525448,-38172.6305003,359899.592249,-314771.614122,-119258.202031,1.31757916475,485056.945279,542573.200024,370919.305229,441001.328462,-19408.7657083,346452.961781,-323562.826364,-38172.6305003,359899.592249,-314771.614122,-119258.202031,485056.945279,370919.305229,1.31757916475,542573.200024,441001.328462,131.757916475
0.0357642,9329.88716301,11481.3115667,9808.784632,7220.60149674,-19138.671795,-18701.9130635,1.10888307395,-36341.2138915,49592.4104508,359785.896152,301724.35131,-332122.943096,-351316.761761,-40940.2480579,362494.776597,-317262.506681,-128956.89661,1.10888307395,479131.061438,547763.976762,369732.378143,434135.781871,-23253.4927363,349976.544585,-324576.766921,-40940.2480579,362494.776597,-317262.506681,-128956.89661,479131.061438,369732.378143,1.10888307395,547763.976762,434135.781871,110.888307395
0.0358308,9230.48451841,11101.9625949,10052.4883453,7655.81228217,-19282.9728637,-18757.7748771,0.841388849562,-46981.5437115,40111.3659412,370539.791303,307440.176488,-332169.583749,-347551.542429,-41005.4850842,366495.507554,-320374.090841,-127821.754483,0.841388849562,475709.356121,554083.363754,371656.874876,427305.582187,-25288.7570255,354237.46367,-326392.669007,-41005.4850842,366495.507554,-320374.090841,-127821.754483,475709.356121,371656.874876,0.841388849562,554083.363754,427305.582187,84.1388849562
0.0358974,9152.91678323,10715.6154024,10294.8624966,8086.19715827,-19447.7792798,-18801.8125607,0.5076048152,-54650.3819054,30605.0368756,380679.501552,312962.204018,-330810.75573,-343567.240894,-40241.8916271,371364.172488,-324085.130133,-122816.01298,0.5076048152,476998.72045,558517.970648,375846.52817,423368.09047,-26772.0790719,359044.504002,-328755.945828,-40241.8916271,371364.172488,-324085.130133,-122816.01298,476998.72045,375846.52817,0.5076048152,558517.970648,423368.09047,50.76048152
0.035964,9065.39584084,10322.5135264,10555.4460411,8511.48482813,-19620.841882,-18833.9983545,0.163991120124,-58941.3937293,21079.415653,387730.286476,318286.953041,-328896.596208,-339366.368694,-40523.6318189,376368.900375,-328416.005712,-117038.897523,0.163991120124,481425.620345,559574.448239,381469.327903,422691.496277,-28940.4732881,364074.65621,-331418.91033,-40523.6318189,376368.900375,-328416.005712,-117038.897523,481425.620345,381469.327903,0.163991120124,559574.448239,422691.496277,16.3991120124
0.0360306,8975.94219372,9922.90476225,10821.3392238,8931.40720787,-19797.2814176,-18854.3119701,-0.183891968566,-59635.6344448,11540.5068334,391237.633493,323411.067055,-327852.857799,-334951.573888,-41794.8327142,380811.631041,-333780.055974,-110286.738681,-0.183891968566,486690.017893,557724.204624,387355.504768,423768.418384,-31648.2444639,368875.387006,-334606.875666,-41794.8327142,380811.631041,-333780.055974,-110286.738681,486690.017893,387355.504768,-0.183891968566,557724.204624,423768.418384,-18.3891968566
0.0360972,8901.12448619,9517.04100689,11043.3313644,9345.69959569,-19944.4558506,-18862.7406026,-0.563600176218,-57836.3113943,1994.32335271,391137.727182,328331.316027,-327577.614941,-330325.63938,-41457.8819323,384428.821254,-338532.663338,-102639.734138,-0.563600176218,491648.790636,553444.185238,393820.072101,425831.547707,-33213.1123942,372838.001437,-337407.011199,-41457.8819323,384428.821254,-338532.663338,-102639.734138,491648.790636,393820.072101,-0.563600176218,553444.185238,425831.547707,-56.3600176218
0.0361638,8788.40341766,9105.17810015,11242.2259831,9754.1008387,-20030.6294007,-18859.2789388,-0.953689355274,-53539.9636661,-7553.11726743,389700.527396,333044.598436,-327597.17977,-325491.481169,-40526.7640318,387446.28314,-340607.577188,-94553.1715806,-0.953689355274,496186.968771,548475.85908,400857.840762,427997.548259,-34561.4636967,376008.950149,-338293.500464,-40526.7640318,387446.28314,-340607.577188,-94553.1715806,496186.968771,400857.840762,-0.953689355274,548475.85908,427997.548259,-95.3689355274
0.0362304,8579.9069105,8687.57566345,11507.462091,10156.3534975,-20087.3690015,-18843.929161,-1.3176101098,-48006.6761464,-17095.796713,388036.331524,337547.943222,-329036.741543,-320452.146509,-43787.2979959,390290.50401,-341426.465537,-85700.5617092,-1.3176101098,501208.840032,545101.871609,407319.210441,429832.806399,-38946.4614178,379307.446507,-337818.661217,-43787.2979959,390290.50401,-341426.465537,-85700.5617092,501208.840032,407319.210441,-1.3176101098,545101.871609,429832.806399,-131.76101098
0.036297,8326.08365471,8264.49693622,11824.1116767,10552.2040087,-20150.1953314,-18816.7009449,-1.67286116311,-43757.1656672,-26627.6996711,385085.841325,341838.511662,-333545.699307,-315210.811991,-51015.887157,392298.044956,-343714.598583,-75698.9720027,-1.67286116311,507150.222677,545428.075837,411728.032997,431088.042826,-45884.2740012,382524.373308,-337847.366403,-51015.887157,392298.044956,-343714.598583,-75698.9720027,507150.222677,411728.032997,-1.67286116311,545428.075837,431088.042826,-167.286116311
0.0363636,8080.90296878,7836.20860988,12106.6945052,10941.4028442,-20187.597474,-18777.6114541,-2.02844585047,-41194.4964167,-36142.8176221,381654.796766,345913.599158,-339814.112701,-309770.781536,-57619.1340892,393087.29302,-346004.730465,-65135.2527004,-2.02844585047,515179.920953,546372.283117,412602.97895,432593.765252,-52265.7271435,384786.974409,-337783.227273,-57619.1340892,393087.29302,-346004.730465,-65135.2527004,515179.920953,412602.97895,-2.02844585047,546372.283117,432593.765252,-202.844585047
0.0364302,7854.47509662,7402.9806598,12297.0947923,11323.7046693,-20151.5698889,-18726.6853291,-2.3356401484,-39086.1346002,-45635.1526267,380157.219793,349770.636942,-344492.298552,-304135.484315,-60015.6705419,392866.887862,-345299.472594,-55440.9842879,-2.3356401484,524119.507086,540380.404544,409322.426752,431478.941351,-55900.2855593,385579.455112,-335903.876321,-60015.6705419,392866.887862,-345299.472594,-55440.9842879,524119.507086,409322.426752,-2.3356401484,540380.404544,431478.941351,-233.56401484
0.0364968,7676.38435163,6965.08617505,12380.3341277,11698.8684964,-20056.7184794,-18663.9546715,-2.57827116216,-37132.968364,-55098.7211072,380867.795762,353407.193696,-346851.442539,-298308.472588,-57230.9725137,391751.026391,-342341.357335,-46827.288674,-2.57827116216,531093.190081,528759.81518,403484.257266,424950.736822,-56037.6494159,384956.670709,-332834.968436,-57230.9725137,391751.026391,-342341.357335,-46827.288674,531093.190081,403484.257266,-2.57827116216,528759.81518,424950.736822,-257.827116216
0.0365634,7535.857855,6522.80118633,12374.5635122,12066.6578378,-19910.4213672,-18589.4590241,-2.80604393,-35263.8825513,-64527.5576191,381451.055258,356820.977084,-348126.956964,-292293.419465,-51335.0088783,388737.350921,-338557.142196,-38188.629442,-2.80604393,534244.06177,518737.228365,398916.19239,417624.650065,-53878.3038097,382567.033763,-329271.576983,-51335.0088783,388737.350921,-338557.142196,-38188.629442,534244.06177,398916.19239,-2.80604393,518737.228365,417624.650065,-280.604393
0.03663,7410.6007026,6076.4044919,12319.7957862,12426.8408542,-19730.3964888,-18503.2453461,-2.99662379295,-34411.9122865,-73915.7186116,380016.67055,360009.835197,-348018.848172,-286094.116586,-44789.4962414,383703.683003,-335107.346294,-28971.8299603,-2.99662379295,534437.664579,511903.473191,397812.442563,411903.522536,-51017.3562551,378683.414252,-325766.242998,-44789.4962414,383703.683003,-335107.346294,-28971.8299603,534437.664579,397812.442563,-2.99662379295,511903.473191,411903.522536,-299.662379295
0.0366966,7295.73477044,5626.17748189,12262.7868446,12779.1905009,-19558.521615,-18405.3679828,-3.05881741269,-37424.6212605,-83257.2861738,378184.091134,362971.757911,-345588.564813,-279714.471737,-38989.9900839,377982.966412,-333097.019115,-18062.0085797,-3.05881741269,533242.709995,508498.165223,399882.915915,409173.500696,-48454.0637677,374488.817987,-323087.545327,-38989.9900839,377982.966412,-333097.019115,-18062.0085797,533242.709995,399882.915915,-3.05881741269,508498.165223,409173.500696,-305.881741269
0.0367632,7178.62709563,5172.40396089,12234.7842405,13123.4846714,-19413.4113361,-18295.8886323,-2.9898318741,-43303.9961074,-92546.3717656,378588.527612,365704.878151,-340820.742969,-273158.506386,-34772.6364346,372561.218102,-332617.651882,-4247.96313035,-2.9898318741,531759.655285,507669.646693,404856.952374,409981.361578,-46863.2669712,370767.656958,-321318.110809,-34772.6364346,372561.218102,-332617.651882,-4247.96313035,531759.655285,404856.952374,-2.9898318741,507669.646693,409981.361578,-298.98318741
0.0368298,7035.02432154,4715.36996908,12253.60369,13459.5063366,-19288.6280115,-18174.8763057,-2.8426291287,-48928.9021185,-101777.119929,379910.905885,368207.473071,-334826.60432,-266430.353141,-31993.6782211,368624.518627,-332103.666109,11054.2432813,-2.8426291287,531087.926464,508308.977089,411207.79979,413084.635972,-46418.508513,368179.429762,-319497.534114,-31993.6782211,368624.518627,-332103.666109,11054.2432813,531087.926464,411207.79979,-2.8426291287,508308.977089,413084.635972,-284.26291287
0.0368964,6831.41162457,4255.3636019,12335.5377447,13787.0436824,-19166.9493693,-18042.4072843,-2.65011016389,-54246.5961963,-110943.711981,378117.992232,370477.965137,-328651.301824,-259534.253156,-31866.447833,365913.291682,-330808.578686,25248.0875567,-2.65011016389,531844.425953,509962.053909,416798.635816,415976.760965,-48014.5931521,366591.306808,-316954.906069,-31866.447833,365913.291682,-330808.578686,25248.0875567,531844.425953,416798.635816,-2.65011016389,509962.053909,415976.760965,-265.011016389
0.036963,6550.65388084,3792.67482845,12484.7143944,14105.8902427,-19035.3682752,-17898.5650712,-2.4155202512,-58936.5709048,-120040.369678,372196.268064,372514.923125,-323166.348764,-252474.553447,-35995.0181292,363064.706899,-329337.570116,38192.1342559,-2.4155202512,535145.918569,512739.653224,420824.154802,416784.758966,-52579.9982752,365269.647962,-313816.54119,-35995.0181292,363064.706899,-329337.570116,38192.1342559,535145.918569,420824.154802,-2.4155202512,512739.653224,416784.758966,-241.55202512
0.0370296,6213.42845517,3327.59530872,12670.2244075,14415.8450297,-18883.6528627,-17743.4403384,-2.15397312715,-61169.1455851,-129061.35886,364875.276384,374317.06302,-316871.599139,-245255.70416,-42364.9169957,360290.059845,-326878.676265,51221.3355342,-2.15397312715,538537.028254,517913.110173,425139.947019,414310.96506,-58811.2578739,364079.361725,-309739.49664,-42364.9169957,360290.059845,-326878.676265,51221.3355342,538537.028254,425139.947019,-2.15397312715,517913.110173,414310.96506,-215.397312715
0.0370962,5827.0781931,2860.4182097,12852.5964606,14716.7126606,-18679.6746537,-17577.1308703,-1.87405163228,-60572.7068895,-138000.993068,358780.604797,375883.248827,-307743.294833,-237882.255759,-47952.763294,358324.280695,-320820.173817,66550.5476534,-1.87405163228,538637.023086,525186.726094,430208.374074,409241.482855,-64920.5920168,362970.466041,-303274.882509,-47952.763294,358324.280695,-320820.173817,66550.5476534,538637.023086,430208.374074,-1.87405163228,525186.726094,409241.482855,-187.405163228
0.0371628,5341.45017043,2391.43802064,13073.9593201,15008.3034809,-18415.4094905,-17399.7415015,-1.57022983532,-59034.0515127,-146853.637124,354826.751696,377212.493287,-297068.22724,-230358.856164,-54673.4977806,357727.895095,-310141.997431,84222.3697008,-1.57022983532,537869.751656,531960.434181,434280.350413,403582.326813,-72396.8981699,362420.188205,-293570.189179,-54673.4977806,357727.895095,-310141.997431,84222.3697008,537869.751656,434280.350413,-1.57022983532,531960.434181,403582.326813,-157.022983532
0.0372294,4742.11910253,1920.95036736,13391.8643975,15290.4336837,-18133.9835,-17211.384051,-1.24718920612,-59347.188535,-155613.710683,352312.393262,378303.9585,-287154.090415,-222690.247816,-65490.1964912,358881.643608,-296977.37689,102182.7068,-1.24718920612,539631.989429,535411.618452,438549.106276,399947.645533,-83146.4542719,363207.264806,-281855.790537,-65490.1964912,358881.643608,-296977.37689,102182.7068,539631.989429,438549.106276,-1.24718920612,535411.618452,399947.645533,-124.718920612
0.037296,4102.24784115,1449.25182595,13754.3624346,15562.9254257,-17856.6102757,-17012.1772516,-0.934783178158,-63228.1304125,-164275.691758,350414.733672,379156.956449,-278669.515072,-214881.264691,-78760.3275351,360388.698923,-283946.061339,116537.135992,-0.934783178158,542265.653175,535131.387454,442224.061803,398795.514625,-95623.3959823,364457.909905,-269993.00544,-78760.3275351,360388.698923,-283946.061339,116537.135992,542265.653175,442224.061803,-0.934783178158,535131.387454,398795.514625,-93.4783178158
0.0373626,3465.26498358,976.639735762,14078.9349674,15825.6069393,-17544.199951,-16802.2466751,-0.652123176762,-71223.4280683,-172834.120189,349109.768669,379770.949441,-270611.910061,-206936.829252,-91894.480904,360039.664844,-270969.925797,121097.28367,-0.652123176762,542241.50213,530890.455344,442940.760049,398140.674191,-107797.217351,364357.863049,-257972.379782,-91894.480904,360039.664844,-270969.925797,121097.28367,542241.50213,442940.760049,-0.652123176762,530890.455344,398140.674191,-65.2123176762
0.0374292,2843.31666124,503.412012041,14329.4497165,16078.3126409,-17172.7663777,-16581.724653,-0.384763304077,-83212.8228327,-181283.601097,348646.373822,380145.550439,-261689.221509,-198861.949342,-102840.944901,357793.931475,-256700.333002,118104.498645,-0.384763304077,540717.655559,523205.604132,443172.934381,397006.859473,-118359.882071,362532.708084,-245048.626917,-102840.944901,357793.931475,-256700.333002,118104.498645,540717.655559,443172.934381,-0.384763304077,523205.604132,397006.859473,-38.4763304077
0.0374958,2253.14789088,29.8669580816,14514.908877,16320.8832353,-16768.0567679,-16350.7501934,-0.122656782716,-97389.5327866,-189618.808276,349456.663212,380280.523311,-250958.678927,-190661.715035,-111386.737413,354398.837866,-241888.685313,113252.585314,-0.122656782716,540892.366276,515005.148129,445759.792555,395693.662083,-127156.134123,359559.210307,-231843.622322,-111386.737413,354398.837866,-241888.685313,113252.585314,540892.366276,445759.792555,-0.122656782716,515005.148129,395693.662083,-12.2656782716
0.0375624,1672.10591508,-443.696922779,14670.9518912,16553.1658158,-16343.0578063,-16109.468893,0.130836148939,-112446.84963,-197834.487553,350045.127728,380175.782974,-238632.62204,-182341.295421,-120131.241855,349338.100302,-227802.410697,107689.011936,0.130836148939,542632.872976,509270.172525,448520.639397,394415.859035,-135823.547395,355462.979959,-218935.462042,-120131.241855,349338.100302,-227802.410697,107689.011936,542632.872976,448520.639397,0.130836148939,509270.172525,394415.859035,13.0836148939
0.037629,1081.25247617,-916.981115339,14844.1410964,16775.0139611,-15925.3935726,-15858.0328458,0.391399928796,-129790.19105,-205925.460103,349206.620568,379831.395454,-224719.707591,-173905.935352,-130511.960397,343891.073086,-214773.159792,101120.819233,0.391399928796,545783.696575,507335.92272,449249.863481,393056.992656,-145465.70293,351312.737539,-206541.408068,-130511.960397,343891.073086,-214773.159792,101120.819233,545783.696575,449249.863481,0.391399928796,507335.92272,393056.992656,39.1399928796
0.0376956,475.459058252,-1389.6872807,15073.2735872,16986.2878273,-15548.7326454,-15596.6005466,0.698487908086,-150194.555907,-213886.625708,349829.842101,379247.577837,-208132.998004,-165360.952129,-141454.226449,341392.817947,-201420.264928,93919.6702842,0.698487908086,551459.377228,506174.625165,446815.411715,393176.230464,-155802.792745,349198.523504,-194139.104489,-141454.226449,341392.817947,-201420.264928,93919.6702842,551459.377228,446815.411715,0.698487908086,506174.625165,393176.230464,69.8487908086
0.0377622,-156.96255249,-1861.51744434,15373.419143,17186.854236,-15216.4565905,-15325.3367916,1.08226446714,-170684.241535,-221712.965978,353904.92294,378424.698139,-189074.091522,-156711.732161,-152444.933002,343233.592044,-186541.310508,86209.7362705,1.08226446714,559050.413123,501667.09135,441982.050745,393686.382887,-166732.530878,349926.681903,-181077.928053,-152444.933002,343233.592044,-186541.310508,86209.7362705,559050.413123,441982.050745,1.08226446714,501667.09135,393686.382887,108.226446714
0.0378288,-835.027930821,-2332.17418391,15745.8577902,17376.5867583,-14910.8298594,-15044.4125744,1.50720624496,-189023.851805,-229399.547509,358636.301388,377363.275069,-169241.778214,-147963.72756,-165264.38806,347709.784196,-170800.653844,77554.4397215,1.50720624496,565601.225518,495683.884386,436514.698626,392292.018017,-179261.472277,352551.800056,-167474.52308,-165264.38806,347709.784196,-170800.653844,77554.4397215,565601.225518,436514.698626,1.50720624496,495683.884386,392292.018017,150.720624496
0.0378954,-1577.45961092,-2801.36081675,16187.423446,17555.3657947,-14609.9638351,-14754.0049779,1.91103369473,-205759.421611,-236941.524996,360450.44027,376063.977704,-149991.41191,-139122.452708,-182168.485327,352382.554516,-155358.289112,67917.6795087,1.91103369473,568261.765825,491538.301436,432702.143558,390476.222275,-194609.23434,355708.058997,-153672.265628,-182168.485327,352382.554516,-155358.289112,67917.6795087,568261.765825,432702.143558,1.91103369473,491538.301436,390476.222275,191.103369473
0.037962,-2376.84514847,-3268.7815869,16678.3210805,17723.0786502,-14301.475932,-14454.2970633,2.249993607,-221155.363159,-244334.144287,359106.310448,374527.625068,-132471.277405,-130193.480781,-203134.658297,356119.247711,-140623.203073,58330.9996727,2.249993607,566894.709353,490222.446273,430878.639964,390142.611044,-212609.469054,358640.33277,-139846.912063,-203134.658297,356119.247711,-140623.203073,58330.9996727,566894.709353,430878.639964,2.249993607,490222.446273,390142.611044,224.9993607
0.0380286,-3199.49658226,-3734.14185153,17171.4032263,17879.6196056,-13971.906644,-14145.4777541,2.47007927095,-235547.522001,-251572.745378,356167.240307,372755.185615,-116376.394844,-121182.440236,-225759.121972,358575.78254,-126148.129804,49890.233871,2.47007927095,561898.964642,492597.684159,429771.262075,393334.544513,-231590.430908,360823.722497,-125893.720628,-225759.121972,358575.78254,-126148.129804,49890.233871,561898.964642,429771.262075,2.47007927095,492597.684159,393334.544513,247.007927095
0.0380952,-4042.38451768,-4197.14826664,17639.7182179,18024.8899839,-13597.3337002,-13827.7417172,2.59825884954,-249254.485119,-258652.765353,353946.404936,370747.776617,-100406.5197,-112095.011263,-248475.514676,359761.789335,-110526.45037,42032.8439057,2.59825884954,553896.824669,498104.433755,428394.263496,400704.694473,-250590.755168,361964.334765,-110989.134298,-248475.514676,359761.789335,-110526.45037,42032.8439057,553896.824669,428394.263496,2.59825884954,498104.433755,400704.694473,259.825884954
0.0381618,-4939.35509281,-4657.50897204,18130.4509023,18158.7982125,-13191.0958094,-13501.2892404,2.68142231643,-263241.014775,-265569.741259,353858.57541,368506.663463,-85066.4586016,-102936.922204,-271891.024381,361830.296524,-92387.3127578,33866.3442815,2.68142231643,545196.180776,505727.52336,426422.306944,410672.476905,-270384.701492,363488.592722,-94326.2100955,-271891.024381,361830.296524,-92387.3127578,33866.3442815,545196.180776,426422.306944,2.68142231643,505727.52336,410672.476905,268.142231643
0.0382284,-5865.2931509,-5114.93377526,18662.4820275,18281.2598812,-12797.1888766,-13166.326106,2.67389540831,-279240.230645,-272319.312918,355216.009356,366033.258858,-71640.6891784,-93713.9459401,-296141.680065,365729.777632,-73339.6842157,24666.8482259,2.67389540831,537882.898954,512992.114072,423192.788551,418719.566599,-291007.94566,366241.967166,-77108.0407055,-296141.680065,365729.777632,-73339.6842157,24666.8482259,537882.898954,423192.788551,2.67389540831,512992.114072,418719.566599,267.389540831
0.038295,-6742.44292978,-5569.13433452,19161.6317296,18392.1977954,-12419.1887998,-12823.0634608,2.53168690622,-297367.456956,-278897.225677,357719.378257,363329.121934,-59424.4970565,-84431.8962578,-319118.082581,369240.431297,-55795.9624292,13146.7879423,2.53168690622,532181.313538,518871.590645,417971.348354,421714.641692,-310522.278822,368705.520723,-61017.8041161,-319118.082581,369240.431297,-55795.9624292,13146.7879423,532181.313538,417971.348354,2.53168690622,518871.590645,421714.641692,253.168690622
0.0383616,-7543.229572,-6019.82434044,19560.6166938,18491.5420241,-12017.3871218,-12471.7176837,2.34899617367,-316034.026216,-285299.333091,362440.444331,360395.95727,-45866.7872181,-75096.6241791,-338123.70046,371149.298369,-38649.1660564,-759.217709664,2.34899617367,525861.623978,526719.97437,413274.455645,421021.094502,-327024.939926,369646.280284,-45434.8652952,-338123.70046,371149.298369,-38649.1660564,-759.217709664,525861.623978,413274.455645,2.34899617367,526719.97437,421021.094502,234.899617367
0.0384282,-8261.87161021,-6466.71969658,19849.3340542,18579.229945,-11587.462444,-12112.5102484,2.18272941149,-334408.121712,-291521.599534,369163.040062,357235.61381,-30123.4601976,-65714.0142759,-351868.433797,372168.392094,-20941.1472595,-14668.5973582,2.18272941149,518394.357159,537264.803447,410836.500699,419102.368565,-339775.741225,369334.196792,-29885.2452651,-351868.433797,372168.392094,-20941.1472595,-14668.5973582,518394.357159,410836.500699,2.18272941149,537264.803447,419102.368565,218.272941149
0.0384948,-8900.77907502,-6909.53869849,20057.7862536,18655.2062831,-11157.0071786,-11745.6675846,2.01392569131,-352781.231045,-297560.102746,375225.101169,353850.083706,-14268.9638887,-56289.9809597,-362220.1631,372183.721224,-4386.9270533,-27170.2741322,2.01392569131,512210.879767,547376.135722,408995.919206,417640.474371,-349893.67853,368049.542284,-15372.313179,-362220.1631,372183.721224,-4386.9270533,-27170.2741322,512210.879767,408995.919206,2.01392569131,547376.135722,417640.474371,201.392569131
0.0385614,-9492.02462301,-7348.00221126,20231.7233279,18719.4231462,-10739.6987049,-11371.4209349,1.83541446611,-371507.069056,-303411.036303,377830.133972,350241.501056,85.0850304587,-46830.4647537,-372471.449102,370570.413348,9597.53753649,-38989.1669007,1.83541446611,507935.500273,554173.920962,406886.400665,418557.825279,-359479.139131,365825.217342,-2498.07620447,-372471.449102,370570.413348,9597.53753649,-38989.1669007,507935.500273,406886.400665,1.83541446611,554173.920962,418557.825279,183.541446611
0.038628,-10053.3351004,-7781.83384552,20414.857646,18771.8400544,-10361.5225457,-10990.0062089,1.66807448191,-391267.426094,-309070.712015,377591.612245,346412.140563,13690.5169635,-37341.428548,-383890.357911,368606.371228,20779.2630994,-52044.2388402,1.66807448191,503316.486959,557164.301083,403203.081886,421497.182217,-369526.741838,363704.814801,8572.43602308,-383890.357911,368606.371228,20779.2630994,-52044.2388402,503316.486959,403203.081886,1.66807448191,557164.301083,421497.182217,166.807448191
0.0386946,-10591.7742534,-8210.76013165,20630.9724826,18812.4239665,-10039.1982292,-10601.6638348,1.53048663976,-411595.111178,-314535.562258,377493.019206,342364.416099,27218.5415344,-27828.8538409,-396115.614459,368034.539769,29937.8415044,-67925.1763478,1.53048663976,496126.475587,556283.887611,396914.019498,424788.454718,-380036.984274,362796.927042,18171.199091,-396115.614459,368034.539769,29937.8415044,-67925.1763478,496126.475587,396914.019498,1.53048663976,556283.887611,424788.454718,153.048663976
0.0387612,-11119.0796938,-8634.51069215,20877.5727775,18841.1492998,-9758.49308366,-10206.6386077,1.40144916233,-429256.658159,-319802.142213,378156.787858,338100.879181,39984.1546856,-18298.7369684,-408227.307691,369626.582355,38684.1732645,-85421.5336173,1.40144916233,487886.060743,552341.697721,390631.103985,427525.665187,-390603.878608,363391.527317,27254.5197514,-408227.307691,369626.582355,38684.1732645,-85421.5336173,487886.060743,390631.103985,1.40144916233,552341.697721,427525.665187,140.144916233
0.0388278,-11650.1723635,-9052.81841208,21141.6620963,18857.9979473,-9491.48973279,-9805.17953521,1.25399381408,-441401.394327,-324867.132045,378068.227359,333624.217369,52233.6138957,-8757.08532437,-420380.651932,372470.039705,47738.7229081,-101909.967316,1.25399381408,481241.779013,547741.91821,386248.653965,429473.607377,-401314.740893,364795.655185,36433.760289,-420380.651932,372470.039705,47738.7229081,-101909.967316,481241.779013,386248.653965,1.25399381408,547741.91821,429473.607377,125.399381408
0.0388944,-12191.6300808,-9465.41960747,21406.1351686,18862.9592881,-9214.50508778,-9397.53968065,1.07531218294,-448311.070311,-329727.338992,375702.403259,328937.252566,63812.9056383,790.086426189,-433454.43736,374688.348602,56608.7180393,-112160.429863,1.07531218294,477511.433242,544832.68175,383043.417598,430284.127254,-412548.430538,365833.17802,45639.7681154,-433454.43736,374688.348602,56608.7180393,-112160.429863,477511.433242,383043.417598,1.07531218294,544832.68175,430284.127254,107.531218294
0.038961,-12722.1278719,-9872.05419147,21638.5975915,18856.0301949,-8916.46971964,-8983.97600342,0.84671326491,-451582.943933,-334379.699381,371086.900551,324042.939243,73380.7337663,10336.7601387,-446173.890026,375665.355088,65327.3524893,-113180.854426,0.84671326491,478225.726101,544293.279452,380403.784596,430179.148495,-423357.863184,365941.085896,54828.5473904,-446173.890026,375665.355088,65327.3524893,-113180.854426,478225.726101,380403.784596,0.84671326491,544293.279452,430179.148495,84.671326491
0.0390276,-13211.2748189,-10272.4658384,21794.9715991,18837.2150354,-8583.69678016,-8564.74919706,0.563691128861,-452154.701426,-338821.280555,366116.328552,318944.362572,81813.9131739,19876.9179827,-455619.261607,375753.728359,75052.8333382,-109630.427524,0.563691128861,484722.3387,543631.244682,377958.997875,431463.509318,-431848.481494,364959.111025,64480.9041636,-455619.261607,375753.728359,75052.8333382,-109630.427524,484722.3387,377958.997875,0.563691128861,543631.244682,431463.509318,56.3691128861
0.0390942,-13668.5949789,-10666.4021451,21873.5959421,18806.52567,-8205.0009632,-8140.12352492,0.266299145618,-451020.631393,-343049.282722,362597.992195,313644.736487,89940.7053663,29404.5462347,-461920.416481,374739.187335,86224.4929904,-104982.669651,0.266299145618,495198.63806,541443.38641,375974.802957,434283.306343,-438125.327547,362704.630808,74938.7167681,-461920.416481,374739.187335,86224.4929904,-104982.669651,495198.63806,375974.802957,0.266299145618,541443.38641,434283.306343,26.6299145618
0.0391608,-14116.5133622,-11053.6147905,21925.2301719,18763.981444,-7808.71680974,-7710.36665356,-0.0356084557627,-450367.334953,-347061.040725,360151.503046,308147.401655,96238.5605094,38913.6390696,-468264.7984,372392.352622,96961.3010684,-99439.9511299,-0.0356084557627,505735.995473,539156.871553,375408.850163,436099.634881,-444208.654847,359523.425876,85230.0086812,-468264.7984,372392.352622,96961.3010684,-99439.9511299,505735.995473,375408.850163,-0.0356084557627,539156.871553,436099.634881,-3.56084557627
0.0392274,-14513.3249414,-11433.8596915,21943.8524752,18709.6091755,-7430.52753385,-7275.74948405,-0.364028866808,-451833.59615,-350854.025716,357292.818972,302455.82337,99724.6712387,48398.2023463,-474823.54664,368173.445385,104655.920662,-93002.6518633,-0.364028866808,513540.853665,537313.302327,377906.291806,436270.458912,-449912.295128,355320.633394,93599.6242823,-474823.54664,368173.445385,104655.920662,-93002.6518633,513540.853665,377906.291806,-0.364028866808,537313.302327,436270.458912,-36.4028866808
0.039294,-14802.1327951,-11806.8971574,21859.5000187,18643.4431386,-7057.36722368,-6836.54598119,-0.707295930169,-454858.254768,-354425.846753,353737.084542,296573.589367,101790.135264,57852.2573859,-478290.661966,361309.777292,109312.524098,-86007.2242402,-0.707295930169,518497.491189,535860.436494,383207.048492,435719.289712,-452844.493058,349226.150725,99789.7430031,-478290.661966,361309.777292,109312.524098,-86007.2242402,518497.491189,383207.048492,-0.707295930169,535860.436494,435719.289712,-70.7295930169
0.0393606,-14982.9493428,-12172.4920408,21638.0745268,18565.5250416,-6655.12518406,-6393.03300079,-1.03773634049,-457987.709716,-357774.252308,349938.069779,290504.407567,104509.567961,67269.8447408,-476430.929074,352060.017035,113180.22169,-78208.5483113,-1.03773634049,521240.363388,535020.254675,390385.573824,435870.790789,-451685.706713,340969.474274,105123.222144,-476430.929074,352060.017035,113180.22169,-78208.5483113,521240.363388,390385.573824,-1.03773634049,535020.254675,435870.790789,-103.773634049
0.0394272,-15069.6272196,-12530.4138856,21303.1849854,18475.9040008,-6233.55776587,-5945.49011522,-1.36081220405,-459587.934853,-360897.131682,346068.711941,284252.103731,108893.482779,76645.0279512,-469234.173209,341816.376408,117080.93035,-69344.4723993,-1.36081220405,522358.652256,535010.240242,398217.570766,437898.325412,-446647.124544,331439.424702,110037.323707,-469234.173209,341816.376408,117080.93035,-69344.4723993,522358.652256,398217.570766,-1.36081220405,535010.240242,437898.325412,-136.081220405
0.0394938,-15089.5840264,-12880.4370726,20906.5386933,18374.6365097,-5816.95466687,-5494.19943711,-1.6840753781,-458681.163317,-363792.516342,340866.57912,277820.619055,114144.886345,85971.897287,-458364.932545,331927.759392,120957.939214,-59967.4468041,-1.6840753781,522989.985687,535311.948916,405194.649909,440363.65604,-439020.266387,321754.265176,114521.28037,-458364.932545,331927.759392,120957.939214,-59967.4468041,522989.985687,405194.649909,-1.6840753781,535311.948916,440363.65604,-168.40753781
0.0395604,-15084.2670257,-13222.3409616,20501.3571437,18261.7864032,-5417.09011796,-5039.44544154,-1.9769028535,-455892.860181,-366458.581155,332695.553065,271214.007682,119317.34077,95244.5734732,-446727.007072,322588.398716,124325.658912,-51412.8297247,-1.9769028535,523669.019058,532861.983914,409243.971214,438161.900622,-430808.370337,312391.042419,118506.569691,-446727.007072,322588.398716,124325.658912,-51412.8297247,523669.019058,409243.971214,-1.9769028535,532861.983914,438161.900622,-197.69028535
0.039627,-15073.3264049,-13555.9100305,20125.5674252,18137.4248173,-5052.24102032,-4581.51478675,-2.221807977,-452369.646678,-368893.645545,322923.163843,264436.434149,124876.017339,104457.211396,-436439.614306,313883.286922,126211.006029,-44142.2956492,-2.221807977,523777.813767,527489.330439,409786.400125,428963.016647,-423408.964498,303719.448535,121514.20487,-436439.614306,313883.286922,126211.006029,-44142.2956492,523777.813767,409786.400125,-2.221807977,527489.330439,428963.016647,-222.1807977
0.0396936,-15067.2569052,-13880.934011,19788.9648701,18001.6301444,-4721.70796495,-4120.6961334,-2.44540447305,-447250.590786,-371096.174546,314055.903126,257492.170759,130959.29389,113604.003787,-427338.589711,306540.184657,127394.682445,-37186.5107707,-2.44540447305,521779.564738,524265.743201,410035.523608,416431.967036,-416860.273442,296156.975941,123997.64184,-427338.589711,306540.184657,127394.682445,-37186.5107707,521779.564738,410035.523608,-2.44540447305,524265.743201,416431.967036,-244.540447305
0.0397602,-15078.4500203,-14197.2080214,19477.522365,17854.487984,-4399.07234472,-3657.27996261,-2.63404257566,-438755.52756,-373064.779775,304922.539379,250385.594891,136032.838543,122679.184884,-418976.97378,300184.408709,129050.617569,-29657.135682,-2.63404257566,518601.028363,524630.729619,411813.863143,404381.379464,-410928.331502,289282.691894,126770.885054,-418976.97378,300184.408709,129050.617569,-29657.135682,518601.028363,411813.863143,-2.63404257566,524630.729619,404381.379464,-263.404257566
0.0398268,-15117.9666705,-14504.5326955,19172.1245695,17696.0910884,-4054.15789896,-3191.55839288,-2.71840262745,-427421.676012,-374798.220304,292316.166861,243121.186237,138833.822047,131677.034067,-412377.37661,292677.615294,130804.370082,-20485.7152768,-2.71840262745,516854.451697,526861.750645,413937.144489,395999.039189,-406076.494046,281741.06137,129888.526366,-412377.37661,292677.615294,130804.370082,-20485.7152768,516854.451697,413937.144489,-2.71840262745,526861.750645,395999.039189,-271.840262745
0.0398934,-15182.5610123,-14802.7143085,18851.6769119,17526.5393045,-3669.11589968,-2723.82499596,-2.68239828783,-414549.623771,-376295.403444,275793.956088,235703.523983,139367.5896,140591.879461,-407853.454437,282473.65408,132153.647711,-8738.88738286,-2.68239828783,517348.030816,528915.268697,416305.848217,393299.151444,-402322.183167,272530.134189,133184.086489,-407853.454437,282473.65408,132153.647711,-8738.88738286,517348.030816,416305.848217,-2.68239828783,528915.268697,393299.151444,-268.239828783
0.03996,-15245.6698006,-15091.564899,18484.9546837,17345.9395107,-3239.28488312,-2254.37461173,-2.56588705591,-400384.333793,-377555.385431,258144.313816,228137.283917,138886.781421,149418.101514,-403167.095007,269987.079342,133790.496543,4480.73232838,-2.56588705591,519370.614681,529950.866667,419208.568952,395063.314826,-398211.681388,261646.781072,136875.170774,-403167.095007,269987.079342,133790.496543,4480.73232838,519370.614681,419208.568952,-2.56588705591,529950.866667,395063.314826,-256.588705591
0.0400266,-15288.6237572,-15370.9023874,18046.6163208,17154.4055498,-2757.99256351,-1783.50316244,-2.39897277518,-385410.84141,-378577.372026,242200.54425,220427.235487,139430.265868,158150.136539,-396016.894124,256045.130259,136938.52726,16952.6523437,-2.39897277518,521638.94935,529433.675633,422563.869777,399226.122628,-392335.611984,249317.705633,141502.968599,-396016.894124,256045.130259,136938.52726,16952.6523437,521638.94935,422563.869777,-2.39897277518,529433.675633,399226.122628,-239.897277518
0.0400932,-15331.6404807,-15640.5506908,17563.0509556,16952.0581569,-2231.41047492,-1311.50746607,-2.19151549266,-370806.784124,-379360.719009,229254.082383,212578.238789,141492.077932,166782.48022,-386763.92071,241832.207794,142423.959617,28302.9176373,-2.19151549266,523780.396771,527530.598723,426808.298575,404050.96711,-385142.44681,236323.213867,147563.541483,-386763.92071,241832.207794,142423.959617,28302.9176373,523780.396771,426808.298575,-2.19151549266,527530.598723,404050.96711,-219.151549266
0.0401598,-15384.9512839,-15900.3398341,17082.707122,16739.0248834,-1697.75583814,-838.685049313,-1.95818051206,-357766.9395,-379904.93259,219001.56174,204595.241509,144415.531817,175309.691081,-377285.227521,228285.445992,148960.906366,39780.5269643,-1.95818051206,526178.66424,525553.714351,431256.545576,408198.709229,-377913.973706,223638.560099,154254.032952,-377285.227521,228285.445992,148960.906366,39780.5269643,526178.66424,431256.545576,-1.95818051206,525553.714351,408198.709229,-195.818051206
0.0402264,-15403.1834888,-16150.1060569,16584.3114632,16515.4400168,-1181.12797447,-365.333959981,-1.71052945466,-347399.858752,-380209.669721,209568.691357,196483.2758,147550.982,183726.393921,-367405.440408,214323.669487,154078.699651,53420.0271833,-1.71052945466,528772.49758,524911.796388,433802.648183,410596.663434,-370177.904761,210742.768942,159933.497355,-367405.440408,214323.669487,154078.699651,53420.0271833,528772.49758,433802.648183,-1.71052945466,524911.796388,410596.663434,-171.052945466
0.040293,-15356.3289016,-16389.6919167,16015.0086029,16281.4444958,-658.679701345,108.247420858,-1.44674436779,-340110.534382,-380274.738307,199179.064162,188247.455112,150926.552433,192027.283195,-355304.005929,198688.792292,157863.471236,69600.2518335,-1.44674436779,532730.2994,525228.236158,433462.890143,411385.816918,-360540.145666,196564.334216,164598.968452,-355304.005929,198688.792292,157863.471236,69600.2518335,532730.2994,433462.890143,-1.44674436779,525228.236158,411385.816918,-144.674436779
0.0403596,-15265.8530023,-16618.9463886,15374.2272657,16037.1858216,-108.374263393,581.760566976,-1.16949134874,-334656.125812,-380100.097331,187786.054156,179892.970967,155712.865769,200207.126364,-340442.425833,181893.574033,162112.451914,86378.5232187,-1.16949134874,540266.741082,524069.445509,431360.140977,412749.804659,-348850.267571,181225.337138,169403.289385,-340442.425833,181893.574033,162112.451914,86378.5232187,540266.741082,431360.140977,-1.16949134874,524069.445509,412749.804659,-116.949134874
0.0404262,-15158.9885715,-16837.7249599,14709.285541,15782.8179647,449.703030513,1054.90699515,-0.899988754954,-329546.133381,-379685.856881,175321.014303,171425.089689,162089.420396,208260.767192,-324738.541876,164778.377973,166497.591508,100192.480277,-0.899988754954,549452.080964,521112.863303,428215.884962,414674.139716,-336499.16845,165538.916517,174226.755081,-324738.541876,164778.377973,166497.591508,100192.480277,549452.080964,428215.884962,-0.899988754954,521112.863303,414674.139716,-89.9988754954
0.0404928,-15073.5800633,-17045.8897216,14078.4142342,15518.5012683,995.165829097,1527.38845332,-0.657173292225,-324536.376046,-379032.278076,160386.768077,162849.149082,168666.062574,216183.128994,-311479.02618,147444.731431,169943.16087,106140.703954,-0.657173292225,555524.913515,517199.818869,424180.774348,414405.981952,-325689.949905,150014.651722,178632.064637,-311479.02618,147444.731431,169943.16087,106140.703954,555524.913515,424180.774348,-0.657173292225,517199.818869,414405.981952,-65.7173292225
0.0405594,-15044.2772496,-17243.3094552,13526.1661099,15244.4023466,1518.11113972,1998.9071086,-0.43327445157,-320154.521169,-378139.772905,142908.617677,154170.555066,175215.537955,223969.217839,-302263.776437,130881.047135,172866.9732,104936.244188,-0.43327445157,557513.873029,512417.653244,421952.055896,411371.68125,-317687.372726,135462.76039,182971.253526,-302263.776437,130881.047135,172866.9732,104936.244188,557513.873029,421952.055896,-0.43327445157,512417.653244,411371.68125,-43.327445157
0.040626,-15079.9134371,-17429.8597154,13070.9097223,14960.6939804,2009.00371477,2469.16573503,-0.215346883313,-316409.473881,-377008.903968,125828.463214,145394.778271,182900.77243,231614.125697,-296102.796628,117138.263114,176773.302375,101242.609572,-0.215346883313,558169.84834,507618.183041,423709.822664,407442.944235,-312157.240106,123071.716023,187991.749202,-296102.796628,117138.263114,176773.302375,101242.609572,558169.84834,423709.822664,-0.215346883313,507618.183041,407442.944235,-21.5346883313
0.0406926,-15181.3048283,-17605.4229086,12700.307555,14667.5550077,2480.99727331,2937.86790088,-0.00123654755498,-311742.447435,-375640.384116,111187.646312,136527.350584,191694.872326,239113.033532,-291599.760446,106884.993133,183108.733555,96755.5204179,-0.00123654755498,557877.546929,503716.251942,428322.064213,404725.915003,-308333.915809,113029.935401,194498.605276,-291599.760446,106884.993133,183108.733555,96755.5204179,557877.546929,428322.064213,-0.00123654755498,503716.251942,404725.915003,-0.123654755498
0.0407592,-15349.1056215,-17769.888367,12385.1650061,14365.1702115,2963.94061543,3404.71815559,0.222306470783,-304402.094613,-374035.07601,97792.0909048,127573.861669,200839.499556,246461.214341,-288545.019917,98624.7398657,192123.421438,91352.9388571,0.222306470783,556521.728995,501031.855281,433688.164685,404194.901869,-305945.117791,104246.584778,202795.888415,-288545.019917,98624.7398657,192123.421438,91352.9388571,556521.728995,433688.164685,0.222306470783,501031.855281,404194.901869,22.2306470783
0.0408258,-15579.3636145,-17923.1524184,12097.9633122,14053.7302024,3481.40030232,3869.42221594,0.487718200829,-295320.648056,-372193.991569,83542.3126231,118539.955436,209932.783804,253654.036133,-287421.428557,90267.7579916,203105.03601,85242.5063799,0.487718200829,555218.243136,499506.369412,438271.334371,404590.148048,-305048.700939,95378.7482495,212642.710259,-287421.428557,90267.7579916,203105.03601,85242.5063799,555218.243136,438271.334371,0.487718200829,499506.369412,404590.148048,48.7718200829
0.0408924,-15852.0030981,-18065.1184513,11812.6328261,13733.4312997,4039.37027194,4331.68715161,0.822091544429,-286864.881933,-370118.291337,68171.0308351,109431.326489,218339.610521,260686.964848,-288392.194971,80126.8606871,214719.323275,78515.9680456,0.822091544429,555068.324661,497960.588928,440853.738757,402682.523763,-305458.142518,85395.3745936,223290.847977,-288392.194971,80126.8606871,214719.323275,78515.9680456,555068.324661,440853.738757,0.822091544429,497960.588928,402682.523763,82.2091544429
0.040959,-16133.6259847,-18195.6969762,11500.6548855,13404.4754064,4632.97109925,4791.22156978,1.20156346752,-280388.333376,-367809.283751,53580.6349176,100253.716532,226498.286977,267555.567219,-290476.596408,67516.8399153,226003.277302,70844.2344956,1.20156346752,555180.017223,496912.367828,441511.745834,396869.926722,-306323.451943,73814.649656,234034.414084,-290476.596408,67516.8399153,226003.277302,70844.2344956,555180.017223,441511.745834,1.20156346752,496912.367828,396869.926722,120.156346752
0.0410256,-16412.4196475,-18314.8056818,11154.3593181,13067.0698829,5258.06032944,5247.73579885,1.57120825049,-276540.22566,-365268.424313,41712.3078906,91012.9107541,235789.317007,274255.513559,-292193.1892,53474.6399974,237758.744249,62268.9892942,1.57120825049,553170.129931,498757.065442,442272.42562,388778.831841,-306788.802758,61132.4262349,245179.523375,-292193.1892,53474.6399974,237758.744249,62268.9892942,553170.129931,442272.42562,1.57120825049,498757.065442,388778.831841,157.120825049
0.0410922,-16706.669568,-18422.3694868,10813.6812554,12721.4274158,5892.98831263,5700.94207101,1.88747995032,-276336.553006,-362497.314677,32642.5082858,81714.7341788,245812.31441,280782.580498,-294040.254043,39830.3737665,250556.082791,53741.3889607,1.88747995032,549237.389395,503693.080304,443123.170956,381511.062423,-307439.995273,48622.0859833,256993.664003,-294040.254043,39830.3737665,250556.082791,53741.3889607,549237.389395,443123.170956,1.88747995032,503693.080304,381511.062423,188.747995032
0.0411588,-17008.2890812,-18518.3205875,10509.7997671,12367.7658838,6498.48931416,6150.55470366,2.10937197477,-280494.776163,-359497.701637,24937.8917463,72365.0479944,255485.330406,287132.653643,-297124.172408,27279.1590457,262809.959628,46378.778386,2.10937197477,544774.766128,510539.67618,442089.230984,378766.460139,-308967.420099,37044.1782902,268410.258132,-297124.172408,27279.1590457,262809.959628,46378.778386,544774.766128,442089.230984,2.10937197477,510539.67618,378766.460139,210.937197477
0.0412254,-17271.688669,-18602.5985002,10206.1456884,12006.3082207,7065.54298057,6596.29027949,2.24821609949,-287853.511435,-356271.476025,17753.4151584,62969.7458589,265544.923716,293301.730166,-299902.439059,15218.572459,273407.460517,39912.4664891,2.24821609949,539903.064869,517863.639904,438850.004157,382390.939235,-310124.074484,25938.3659684,278551.764669,-299902.439059,15218.572459,273407.460517,39912.4664891,539903.064869,438850.004157,2.24821609949,517863.639904,382390.939235,224.821609949
0.041292,-17486.9849535,-18675.1500996,9864.7621748,11637.2822744,7622.22277873,7037.86782511,2.33983476585,-296020.473821,-352820.671522,11426.3396609,53534.7501843,277864.495848,299285.921338,-300192.028728,3622.82177259,283967.409477,33334.0282802,2.33983476585,534835.871531,524852.406717,434655.849361,390842.912108,-309537.144396,14905.3764202,288330.882208,-300192.028728,3622.82177259,283967.409477,33334.0282802,534835.871531,434655.849361,2.33983476585,524852.406717,390842.912108,233.983476585
0.0413586,-17683.3695637,-18735.9296521,9504.766036,11260.9206639,8178.6035277,7475.00898819,2.35555262423,-303351.251202,-349147.463372,5935.07935241,44066.0084042,292979.842351,305081.454968,-298260.467437,-6658.02197342,295925.870036,25729.0659078,2.35555262423,529580.87378,529465.696316,430684.510246,400565.367485,-307618.879714,4421.42156489,298696.71995,-298260.467437,-6658.02197342,295925.870036,25729.0659078,529580.87378,430684.510246,2.35555262423,529465.696316,400565.367485,235.555262423
0.0414252,-17888.6468716,-18784.8988448,9177.13356249,10877.4606319,8711.51330907,7907.43821291,2.25842248645,-309480.394835,-345254.167016,27.6579757445,34569.4892239,309274.347562,310684.677792,-296342.729532,-14892.7779023,308668.43391,16004.6056807,2.25842248645,523777.460805,530757.269187,427069.555929,408552.592769,-305944.616022,-4715.23199314,309370.545257,-296342.729532,-14892.7779023,308668.43391,16004.6056807,523777.460805,427069.555929,2.25842248645,530757.269187,408552.592769,225.842248645
0.0414918,-18133.8672836,-18822.0268096,8926.42310378,10487.1438959,9207.44417982,8334.88291368,2.11016879529,-314827.538612,-341143.236626,-7693.7008951,25051.1788589,324903.909639,316092.057767,-297286.774106,-21342.2239769,321157.07458,4129.39553958,2.11016879529,518174.005466,531433.099156,423241.77149,414862.899695,-306379.275527,-12295.1416567,319935.272699,-297286.774106,-21342.2239769,321157.07458,4129.39553958,518174.005466,423241.77149,2.11016879529,531433.099156,414862.899695,211.016879529
0.0415584,-18433.7433161,-18847.2901425,8772.07745399,10090.2164956,9661.66586211,8757.07364691,1.96922511841,-320741.393751,-336817.263565,-17154.883635,15517.0772606,339090.716919,321300.186305,-302594.534055,-26386.213202,332742.42303,-7985.10307164,1.96922511841,514233.895408,534101.838504,418608.755784,419982.347825,-309875.658566,-18367.6057189,330124.228027,-302594.534055,-26386.213202,332742.42303,-7985.10307164,514233.895408,418608.755784,1.96922511841,534101.838504,419982.347825,196.922511841
0.041625,-18778.5603095,-18860.6729185,8702.90467637,9686.92863757,10075.6556331,9173.74428093,1.82845227369,-327880.857483,-332278.974748,-26531.3384941,5973.19433468,351598.260126,326305.780413,-311239.715482,-29661.6408541,343882.798766,-18933.3680898,1.82845227369,513333.407548,537773.573973,412484.891709,424303.05986,-315801.321717,-22824.8272109,340117.171456,-311239.715482,-29661.6408541,343882.798766,-18933.3680898,513333.407548,412484.891709,1.82845227369,537773.573973,424303.05986,182.845227369
0.0416916,-19154.0690521,-18862.1667017,8682.15531535,9277.534538,10471.9137367,9584.6321637,1.67899807834,-333999.2704,-327531.230926,-34398.2917082,-3574.45384737,362601.189096,331105.684773,-321263.500239,-31359.7344646,355707.226832,-29266.1701011,1.67899807834,515608.780825,539868.235043,404563.650205,429387.209072,-322879.45876,-26106.1085074,350526.751524,-321263.500239,-31359.7344646,355707.226832,-29266.1701011,515608.780825,404563.650205,1.67899807834,539868.235043,429387.209072,167.899807834
0.0417582,-19546.7685594,-18851.7705505,8667.78428623,8862.29226207,10878.9842731,9989.4782884,1.53618829413,-337175.631521,-322577.024881,-41557.0261916,-13119.8488406,372521.285635,335696.873722,-331938.284154,-33207.5402003,368156.616276,-40763.042504,1.53618829413,518069.986302,540222.533497,394985.107759,434409.544741,-330421.020945,-29485.4207183,361412.652209,-331938.284154,-33207.5402003,368156.616276,-40763.042504,518069.986302,394985.107759,1.53618829413,540222.533497,434409.544741,153.618829413
0.0418248,-19938.5840444,-18829.4910181,8627.61332543,8441.46356144,11310.9707189,10388.0274567,1.41684612222,-338592.334652,-317419.479542,-49216.9538798,-22656.9736206,381541.102411,340076.453162,-343071.243657,-36891.3513507,380368.932272,-55004.9547823,1.41684612222,516836.970401,539575.876743,384685.260076,436984.728124,-338037.254502,-34077.11099,372320.958234,-343071.243657,-36891.3513507,380368.932272,-55004.9547823,516836.970401,384685.260076,1.41684612222,539575.876743,436984.728124,141.684612222
0.0418914,-20299.0444711,-18795.3421487,8535.86384527,8015.31370922,11763.1806258,10780.0284395,1.30737991016,-339809.133832,-312061.846012,-56392.76352,-32179.8163758,389898.485964,344241.662387,-352981.085791,-42237.5221488,392247.676212,-71169.8697001,1.30737991016,511821.118767,538005.271684,376471.308201,436942.966895,-344561.471072,-39919.2990095,382997.725489,-352981.085791,-42237.5221488,392247.676212,-71169.8697001,511821.118767,376471.308201,1.30737991016,538005.271684,436942.966895,130.737991016
0.041958,-20597.8999133,-18749.3454683,8373.45414722,7584.11133276,12224.4457661,11165.2341356,1.18320552825,-341310.31346,-306507.501523,-60916.0043355,-41682.3742977,398729.031745,348189.875821,-359351.847564,-48045.5983863,404348.67475,-86656.3194768,1.18320552825,505625.090328,536018.300095,372087.464096,435842.445035,-348547.145097,-46458.1172538,393479.067477,-359351.847564,-48045.5983863,404348.67475,-86656.3194768,505625.090328,372087.464096,1.18320552825,536018.300095,435842.445035,118.320552825
0.0420246,-20835.0446856,-18691.5299714,8151.73576964,7148.12824431,12683.3089159,11543.4017271,1.03047686026,-343755.87318,-300759.947307,-62168.9007699,-51158.6573646,408512.816827,351918.604672,-362194.150553,-53663.5520033,416660.816791,-97140.2172922,1.03047686026,499596.950449,534088.036993,371353.111503,435293.676321,-350061.225091,-53234.5023772,403692.771536,-362194.150553,-53663.5520033,416660.816791,-97140.2172922,499596.950449,371353.111503,1.03047686026,534088.036993,435293.676321,103.047686026
0.0420912,-21027.5707947,-18621.9321024,7915.44908214,6707.63926968,13112.1217125,11914.2928327,0.835222933307,-347930.267913,-294822.806385,-61422.6912132,-60602.692117,418046.245723,355425.498502,-363905.615317,-58887.1117117,427779.69424,-99802.4723602,0.835222933307,495136.798389,532566.150658,373542.158417,435979.783072,-350662.112853,-59724.3914231,412876.79026,-363905.615317,-58887.1117117,427779.69424,-99802.4723602,495136.798389,373542.158417,0.835222933307,532566.150658,435979.783072,83.5222933307
0.0421578,-21158.8964601,-18540.5957329,7676.48864732,6262.92207502,13482.4078128,12277.6736579,0.59510452377,-354034.591453,-288699.821286,-60938.8263852,-70008.5254238,426074.342693,358708.34671,-365522.525967,-64077.620769,435694.172492,-97634.3175519,0.59510452377,493916.596953,532076.770423,377692.9636,437105.002581,-350844.472001,-65871.1900987,419762.956227,-365522.525967,-64077.620769,435694.172492,-97634.3175519,493916.596953,377692.9636,0.59510452377,532076.770423,437105.002581,59.510452377
0.0422244,-21197.0344302,-18447.5721342,7393.15201099,5814.25699177,13803.8824192,12633.3151424,0.339238566614,-361176.584697,-282394.851688,-62468.4814906,-79370.2282343,432551.21526,361765.079923,-365815.199083,-70445.2897498,439772.945235,-94002.7079006,0.339238566614,496360.240147,532997.143062,382333.944803,436985.992315,-349564.778302,-72578.6807292,423903.046528,-365815.199083,-70445.2897498,439772.945235,-94002.7079006,496360.240147,382333.944803,0.339238566614,532997.143062,436985.992315,33.9238566614
0.042291,-21154.7957959,-18342.9199444,7046.83150839,5361.92683993,14107.9642875,12980.9931044,0.0785619285945,-367331.40818,-275911.871986,-66031.1526688,-88681.899316,438558.50414,364593.771302,-363920.722514,-78208.1259513,441632.637424,-89518.4496602,0.0785619285945,500384.600295,535728.846187,387133.579227,434046.193541,-346355.6606,-80250.2173093,426360.964884,-363920.722514,-78208.1259513,441632.637424,-89518.4496602,500384.600295,387133.579227,0.0785619285945,535728.846187,434046.193541,7.85619285945
0.0423576,-21068.6819611,-18226.7051319,6671.50847144,4906.21674986,14397.1734896,13320.4883821,-0.204150501526,-370549.098349,-269254.968783,-71005.0231991,-97937.6689742,444654.3838,367192.637757,-359939.53775,-85486.9053281,443297.407994,-84162.5541729,-0.204150501526,503416.893501,540315.87078,393344.854268,428212.063086,-341677.105024,-87764.9954486,428377.544334,-359939.53775,-85486.9053281,443297.407994,-84162.5541729,503416.893501,393344.854268,-0.204150501526,540315.87078,428212.063086,-20.4150501526
0.0424242,-20967.599118,-18099.0009539,6314.96047989,4447.41398245,14652.6386381,13651.5869715,-0.504265005886,-370299.186147,-262428.338317,-77774.6820164,-107131.702752,449701.98249,369560.041069,-355138.970113,-90773.343818,445181.584397,-78148.4659877,-0.504265005886,505701.865794,545541.333701,400167.594726,421598.096243,-336608.581748,-93978.5795724,430219.982891,-355138.970113,-90773.343818,445181.584397,-78148.4659877,505701.865794,400167.594726,-0.504265005886,545541.333701,421598.096243,-50.4265005886
0.0424908,-20875.0906776,-17959.8879098,6004.81642667,3985.8077481,14870.2742509,13974.0801617,-0.801070278083,-367188.223136,-255436.283815,-86667.2940005,-116258.205109,452689.108969,371694.488925,-351436.865984,-94387.1827458,446735.065357,-71287.3783275,-0.801070278083,508495.276081,549782.440219,405985.82099,417301.087865,-332408.094424,-98864.3620974,431726.86389,-351436.865984,-94387.1827458,446735.065357,-71287.3783275,508495.276081,405985.82099,-0.801070278083,549782.440219,417301.087865,-80.1070278083
0.0425574,-20791.4370981,-17809.4536906,5738.36177669,3521.68902441,15053.0753214,14287.7646662,-1.09365581402,-361826.956979,-248283.212782,-95897.6757786,-125311.423073,454242.641597,373594.635855,-348999.060152,-96664.3951587,447801.367125,-63399.9377811,-1.09365581402,511639.210722,552322.27656,410566.630282,417128.068675,-329147.347325,-102623.97696,432838.536729,-348999.060152,-96664.3951587,447801.367125,-63399.9377811,511639.210722,410566.630282,-1.09365581402,552322.27656,417128.068675,-109.365581402
0.042624,-20698.3993931,-17647.7931241,5485.15868057,3055.35037274,15213.2407125,14592.4427513,-1.38710498387,-353941.090215,-240973.634218,-103222.65961,-134285.649868,454908.439139,375259.284086,-346185.555441,-97749.2357958,448954.56289,-55032.1828133,-1.38710498387,514432.577179,552781.562499,414270.217107,419735.44785,-325723.58709,-105576.997318,433806.40397,-346185.555441,-97749.2357958,448954.56289,-55032.1828133,514432.577179,414270.217107,-1.38710498387,552781.562499,419735.44785,-138.710498387
0.0426906,-20578.4919021,-17475.0081142,5200.54905125,2587.08575381,15377.9428509,14887.9223604,-1.6626026102,-342815.231284,-233512.155782,-109336.732775,-143175.228509,453876.691357,376687.384292,-341935.69389,-99190.345655,450234.958899,-47436.8660304,-1.6626026102,515673.28992,548680.329005,416987.702998,421092.568777,-321242.93662,-108914.794044,434708.027396,-341935.69389,-99190.345655,450234.958899,-47436.8660304,515673.28992,416987.702998,-1.6626026102,548680.329005,421092.568777,-166.26026102
0.0427572,-20417.5957591,-17291.2075777,4847.77286398,2117.19034238,15569.8228952,15174.0172353,-1.90421750908,-329232.967135,-225903.480884,-116793.183699,-151974.555373,450431.585725,377878.036257,-336375.760934,-103259.781691,450691.341437,-41237.0513854,-1.90421750908,514721.770358,539635.214342,418248.014161,418630.248711,-315471.079083,-114120.128242,435118.276843,-336375.760934,-103259.781691,450691.341437,-41237.0513854,514721.770358,418248.014161,-1.90421750908,539635.214342,418630.248711,-190.421750908
0.0428238,-20198.9273812,-17096.5073748,4406.99258175,1645.9603412,15791.9347995,15450.5470336,-2.12344837623,-315190.624196,-218152.405718,-126355.738371,-160678.083725,444846.08051,378830.489443,-329591.848755,-111203.849613,449255.909911,-35639.5369016,-2.12344837623,513015.119403,530089.627856,417978.740785,414184.008821,-308238.112943,-121951.312244,434423.304881,-329591.848755,-111203.849613,449255.909911,-35639.5369016,513015.119403,417978.740785,-2.12344837623,530089.627856,414184.008821,-212.344837623
0.0428904,-19899.881333,-16891.0302365,3868.83373498,1173.69279428,16031.047598,15717.3374422,-2.30947926401,-301987.987854,-210263.816244,-136487.45117,-169280.327219,437828.8972,379544.143463,-320623.036934,-122613.389934,445569.407877,-29562.6307859,-2.30947926401,512833.491514,523661.046104,416397.630851,409729.194852,-298878.230461,-132183.004902,432233.692886,-320623.036934,-122613.389934,445569.407877,-29562.6307859,512833.491514,416397.630851,-2.30947926401,523661.046104,409729.194852,-230.947926401
0.042957,-19510.101334,-16674.9056872,3237.59173988,700.685399683,16272.5095941,15974.2202875,-2.40934587869,-289767.807157,-202242.685104,-145311.274587,-177775.863354,430736.435519,380018.548458,-308005.14238,-135777.035246,440494.199579,-21933.8381609,-2.40934587869,515860.324814,520177.064523,413318.524651,407165.152191,-286623.184106,-143850.183479,428833.402132,-308005.14238,-135777.035246,440494.199579,-21933.8381609,515860.324814,413318.524651,-2.40934587869,520177.064523,407165.152191,-240.934587869
0.0430236,-19049.8423101,-16448.2699628,2548.8951047,227.236321812,16500.9472054,16221.033641,-2.40101812954,-277738.337025,-194094.068491,-151785.405987,-186159.336893,424849.82872,380253.405384,-291888.082824,-148769.826725,435061.840697,-11995.8582958,-2.40101812954,522318.299874,517931.663823,409167.425453,408258.82996,-271870.798319,-155693.247117,424767.247172,-291888.082824,-148769.826725,435061.840697,-11995.8582958,522318.299874,409167.425453,-2.40101812954,517931.663823,408258.82996,-240.101812954
0.0430902,-18541.1425312,-16211.2659253,1850.66872606,-246.355996492,16690.4738051,16457.6219218,-2.31180127084,-265315.402932,-185823.102956,-156739.278562,-194425.463239,419854.906028,380248.566195,-274136.095112,-160673.961028,428684.4759,-633.562287654,-2.31180127084,530246.693777,516741.425562,405490.770064,411464.206731,-255961.073779,-166821.553394,419720.923411,-274136.095112,-160673.961028,428684.4759,-633.562287654,530246.693777,405490.770064,-2.31180127084,516741.425562,411464.206731,-231.180127084
0.0431568,-17972.1153502,-15964.0429722,1143.18059768,-719.793022105,16828.9347526,16683.8359943,-2.16885261152,-252424.697109,-177435.002176,-162520.385722,-202569.031767,414711.581726,380004.033943,-255227.908335,-171970.33249,420182.305932,10252.4330559,-2.16885261152,536732.889812,516744.251438,403969.066529,414304.993266,-239069.003026,-177401.075819,412963.579648,-255227.908335,-171970.33249,420182.305932,10252.4330559,536732.889812,403969.066529,-2.16885261152,516744.251438,414304.993266,-216.885261152
0.0432234,-17334.5477723,-15706.7569428,393.375826232,-1192.77631979,16941.1719461,16899.5332625,-1.98564837587,-238297.363102,-168935.053666,-170559.666527,-210584.909105,409396.92489,379519.962771,-233901.308969,-183328.386676,410341.774304,20152.5993276,-1.98564837587,540631.864706,517202.333594,405624.881981,416119.536138,-220322.752137,-188104.374144,404982.370915,-233901.308969,-183328.386676,410341.774304,20152.5993276,540631.864706,405624.881981,-1.98564837587,517202.333594,416119.536138,-198.564837587
0.04329,-16662.4421206,-15439.5700194,-393.588522444,-1665.00774032,17056.030643,17104.5777598,-1.77746113643,-221726.347776,-160328.615443,-180741.863917,-218468.042373,404425.256937,378796.657817,-210258.128453,-194546.78789,401043.990496,30192.2089692,-1.77746113643,542415.202447,517554.237629,409878.529976,417414.917144,-199998.278243,-198970.468004,397084.539895,-210258.128453,-194546.78789,401043.990496,30192.2089692,542415.202447,409878.529976,-1.77746113643,517554.237629,417414.917144,-177.746113643
0.0433566,-15996.7540212,-15162.6506259,-1172.29446023,-2136.18960842,17169.0484814,17298.8402343,-1.55765089748,-202524.373353,-151621.112653,-193093.100931,-226213.46237,399049.43268,377834.575022,-186569.415159,-205254.23385,392397.765287,42250.8060736,-1.55765089748,542087.543257,517445.53032,415153.706213,418874.1855,-179733.085037,-209523.073675,389539.852379,-186569.415159,-205254.23385,392397.765287,42250.8060736,542087.543257,415153.706213,-1.55765089748,517445.53032,418874.1855,-155.765089748
0.0434232,-15364.5239997,-14876.1733208,-1901.53183024,-2606.02491041,17266.0558299,17482.1982312,-1.32763251178,-181505.722752,-142818.034146,-208021.275194,-233816.286699,391801.217849,376634.320845,-165448.271531,-215673.577305,383359.668686,56926.5838619,-1.32763251178,540720.029522,516862.38875,420283.058614,420490.89855,-161232.495935,-219549.876031,381901.502451,-165448.271531,-215673.577305,383359.668686,56926.5838619,540720.029522,420283.058614,-1.32763251178,516862.38875,420490.89855,-132.763251178
0.0434898,-14779.1870261,-14580.3186876,-2569.50328688,-3074.21748143,17348.690313,17654.5361691,-1.08898714668,-159831.317499,-133924.929022,-224934.239213,-241271.722854,382404.525574,375196.651876,-147774.214591,-226009.471796,373825.170779,72516.9840648,-1.08898714668,540797.525157,516481.623199,425183.252633,421354.088324,-145086.10634,-229093.959801,374204.091588,-147774.214591,-226009.471796,373825.170779,72516.9840648,540797.525157,425183.252633,-1.08898714668,516481.623199,421354.088324,-108.898714668
0.0435564,-14229.4686173,-14275.2732209,-3194.47034737,-3540.47219215,17423.9389646,17815.7454131,-0.856809965659,-138310.380286,-124947.403128,-241616.748252,-248575.071234,371838.988001,373522.474363,-132196.719094,-235986.719528,364479.652539,85758.8751465,-0.856809965659,542766.805262,517044.584823,428933.368481,420145.851134,-130448.683011,-238164.823772,366765.09992,-132196.719094,-235986.719528,364479.652539,85758.8751465,542766.805262,428933.368481,-0.856809965659,517044.584823,420145.851134,-85.6809965659
0.043623,-13693.4663995,-13961.2292089,-3814.48348165,-4004.49513474,17507.9498812,17965.7243437,-0.648426125895,-116135.790137,-115891.115529,-255961.028149,-255721.728109,361153.683315,371612.843637,-116434.124001,-245549.511431,356324.416266,92610.7878545,-0.648426125895,543689.424441,518564.812082,430933.945089,415141.960323,-115830.334641,-247049.796542,360051.157607,-116434.124001,-245549.511431,356324.416266,92610.7878545,543689.424441,430933.945089,-0.648426125895,518564.812082,415141.960323,-64.8426125895
0.0436896,-13155.0757826,-13638.3846119,-4468.51499808,-4465.99380824,17623.5907807,18104.3784202,-0.460934738932,-92023.8532225,-106761.774934,-268268.526738,-262707.188519,350888.625968,369468.963453,-98754.7736786,-255241.832426,350149.517162,92926.4783977,-0.460934738932,542297.680776,520519.313359,433012.505098,406336.250294,-100042.898327,-256380.892108,354497.3758,-98754.7736786,-255241.832426,350149.517162,92926.4783977,542297.680776,433012.505098,-0.460934738932,520519.313359,406336.250294,-46.0934738932
0.0437562,-12603.6180276,-13306.942938,-5177.19811428,-4924.67730284,17780.8161418,18231.6202409,-0.280968620344,-67042.9440521,-97565.1361063,-280314.168141,-269527.049117,341214.518894,367092.185224,-79149.4702494,-266259.478869,345337.660374,90323.7739604,-0.280968620344,541310.363463,522222.364959,436269.444187,396700.260025,-82897.2627581,-266934.243698,349792.68654,-79149.4702494,-266259.478869,345337.660374,90323.7739604,541310.363463,436269.444187,-0.280968620344,522222.364959,396700.260025,-28.0968620344
0.0438228,-12027.4841568,-12967.1131143,-5941.49563495,-5380.25648333,17968.9797917,18347.3695977,-0.101992872205,-43553.1926445,-88306.9962274,-292437.707454,-276177.010945,332242.258727,364484.007172,-58557.1160036,-279601.674914,340268.096649,86784.5672618,-0.101992872205,542013.538794,522868.824219,439634.155224,389868.074661,-64789.5180185,-279154.18916,344997.392462,-58557.1160036,-279601.674914,340268.096649,86784.5672618,542013.538794,439634.155224,-0.101992872205,522868.824219,389868.074661,-10.1992872205
0.0438894,-11415.5296645,-12619.1093556,-6751.37781745,-5832.44417132,18166.907482,18451.553527,0.0880965671856,-22603.9823194,-78993.1912485,-303157.262646,-282652.882139,324533.767646,361646.073387,-37061.0403304,-294772.451144,334204.487534,82406.6522225,0.0880965671856,543388.236113,522211.11168,442296.323865,387421.850231,-45755.6734899,-292612.523018,339553.467665,-37061.0403304,-294772.451144,334204.487534,82406.6522225,543388.236113,442296.323865,0.0880965671856,522211.11168,387421.850231,8.80965671856
0.043956,-10775.5684622,-12263.1510292,-7581.45777555,-6280.95532629,18357.0262378,18544.1063555,0.316210751815,-4345.01342482,-69629.5922094,-311613.886334,-288950.580576,318697.935976,358580.172786,-14631.5904974,-310265.803611,327631.527942,77276.8937096,0.316210751815,544538.969283,520243.117328,444432.294169,388232.092402,-25972.904183,-306306.276206,333645.445654,-14631.5904974,-310265.803611,327631.527942,77276.8937096,544538.969283,444432.294169,0.316210751815,520243.117328,388232.092402,31.6210751815
0.0440226,-10138.3075625,-11899.4625165,-8383.499685,-6725.50722524,18521.8072475,18624.9697418,0.60629355208,10997.3725974,-60222.101538,-318874.682415,-295066.136447,313998.132112,355288.237985,7078.41728996,-324927.956704,320681.990398,71436.8397133,0.60629355208,544818.168094,515883.562348,446365.197637,389599.757819,-6725.93719548,-319274.855268,327417.457764,7078.41728996,-324927.956704,320681.990398,71436.8397133,544818.168094,446365.197637,0.60629355208,515883.562348,389599.757819,60.629355208
0.0440892,-9521.15637558,-11528.2730719,-9120.19424739,-7165.81964093,18641.350623,18694.0927128,0.942884177088,23632.1213229,-50776.6493295,-326850.005981,-300995.694755,309143.735882,351772.344085,26370.5596163,-338297.126405,312660.63363,64631.7696201,0.942884177088,543989.857118,509540.912542,447708.861857,389649.158385,10814.8003853,-330952.699821,320507.983972,26370.5596163,-338297.126405,312660.63363,64631.7696201,543989.857118,447708.861857,0.942884177088,509540.912542,389649.158385,94.2884177088
0.0441558,-8912.5606703,-11149.8166778,-9806.50509506,-7601.61501852,18719.0657654,18751.4316963,1.27912970903,34897.2739625,-41299.1896089,-336612.391956,-306735.517753,304179.710216,348034.707361,43866.0886036,-350638.697115,303507.916709,56963.2927359,1.27912970903,542795.905983,504091.07388,447549.316,388743.598184,27111.7697871,-341578.138567,312838.13877,43866.0886036,-350638.697115,303507.916709,56963.2927359,542795.905983,447549.316,1.27912970903,504091.07388,388743.598184,127.912970903
0.0442224,-8317.46096212,-10764.3318977,-10469.2419077,-8032.61865052,18786.7028698,18796.9505482,1.57304973789,46635.805533,-31795.6965769,-347819.332078,-312281.98729,300153.738654,344077.683867,60953.3692503,-362128.023894,294901.345551,49333.6114979,1.57304973789,542375.624433,501809.933131,444976.668249,388081.165774,42987.9357505,-351581.19104,305458.42286,60953.3692503,-362128.023894,294901.345551,49333.6114979,542375.624433,444976.668249,1.57304973789,501809.933131,388081.165774,157.304973789
0.044289,-7772.26645226,-10372.0617253,-11091.6501999,-8458.55884995,18863.9166521,18830.6205752,1.79130362522,60079.0113891,-22272.1608451,-359400.746886,-317631.6071,297673.640553,339903.767946,77606.3754102,-371813.358286,288932.773109,42855.8294974,1.79130362522,543349.284728,502605.475152,439026.624451,390121.356828,58122.5154039,-360504.757481,299742.514277,77606.3754102,-371813.358286,288932.773109,42855.8294974,543349.284728,439026.624451,1.79130362522,502605.475152,390121.356828,179.130362522
0.0443556,-7305.51463452,-9973.2534316,-11633.3822909,-8879.16712162,18938.8969254,18852.4205532,1.93678206411,75407.7336507,-12734.5856586,-370530.691122,-322781.005004,296266.132756,335515.590663,92429.3158731,-378746.187524,285859.636626,37488.3389782,1.93678206411,545257.758634,505413.250674,430060.502821,396502.722907,71416.8146399,-367569.767658,295919.174466,92429.3158731,-378746.187524,285859.636626,37488.3389782,545257.758634,430060.502821,1.93678206411,505413.250674,396502.722907,193.678206411
0.0444222,-6927.16179169,-9568.15840895,-12073.1124797,-9294.17833138,19000.2742714,18862.3367403,2.03525279538,91270.8447146,-3188.98311293,-381315.162569,-327726.935033,294597.483648,330915.918146,103583.287319,-383534.527115,284414.74057,32225.3207486,2.03525279538,546762.2706,510131.953325,420521.016459,405307.545513,81768.3819723,-372887.617697,293347.158761,103583.287319,-383534.527115,284414.74057,32225.3207486,546762.2706,420521.016459,2.03525279538,510131.953325,405307.545513,203.525279538
0.0444888,-6628.95397012,-9157.03201261,-12422.2741408,-9703.33087322,19051.2281109,18860.3628858,2.06927434015,105330.057916,6358.62963663,-391767.489239,-332466.279475,291738.104355,326107.649838,110589.341263,-387334.813014,283628.359953,26013.2569052,2.06927434015,546219.551135,515513.530874,413025.84936,413184.854059,89049.9021443,-377121.657073,291511.405571,110589.341263,-387334.813014,283628.359953,26013.2569052,546219.551135,413025.84936,2.06927434015,515513.530874,413184.854059,206.927434015
0.0445554,-6382.38322297,-8740.13339974,-12716.6333873,-10106.3668342,19099.0166103,18846.5002339,2.00843106139,116441.835701,15902.2341674,-400567.836457,-336996.050842,287971.588597,321093.816675,115109.613353,-390577.704962,283493.415451,17869.9703905,2.00843106139,542845.18703,519575.842039,408302.975913,418476.901877,94465.2892152,-380738.282843,290283.857475,115109.613353,-390577.704962,283493.415451,17869.9703905,542845.18703,408302.975913,2.00843106139,519575.842039,418476.901877,200.843106139
0.044622,-6157.80895538,-8317.7253661,-13000.2683182,-10503.032157,19158.0772736,18820.7575231,1.89228186788,125556.897812,25435.8145836,-406848.815712,-341313.393754,283904.688571,315877.57917,119040.733716,-393940.386158,284174.967166,7773.67213439,1.89228186788,537287.710247,522499.157593,405816.80475,422434.646298,99393.5158409,-384416.268645,289658.672629,119040.733716,-393940.386158,284174.967166,7773.67213439,537287.710247,405816.80475,1.89228186788,522499.157593,422434.646298,189.228186788
0.0446886,-5936.32947543,-7890.07418035,-13305.3772048,-10893.0768001,19241.7066803,18783.1509805,1.77424578456,133496.734733,34953.361308,-411834.336548,-345415.586734,279827.55443,310462.225426,122845.582561,-398838.102857,285030.219151,-2708.27380647,1.77424578456,530691.518612,525188.768244,405052.139985,426856.94279,104365.591475,-389128.502377,289282.621273,122845.582561,-398838.102857,285030.219151,-2708.27380647,530691.518612,405052.139985,1.77424578456,525188.768244,426856.94279,177.424578456
0.0447552,-5706.24407914,-7457.4494162,-13639.6337578,-11276.2548955,19345.877837,18733.7043117,1.6570944882,139439.438618,44448.8748704,-416649.512922,-349300.043928,276281.05604,304851.169058,126303.718528,-405939.940637,285151.33279,-12241.5930936,1.6570944882,524508.678154,527811.250756,405138.503239,431607.549773,109384.383876,-395232.703006,288609.982124,126303.718528,-405939.940637,285151.33279,-12241.5930936,524508.678154,405138.503239,1.6570944882,527811.250756,431607.549773,165.70944882
0.0448218,-5456.96121901,-7020.12378253,-13992.4911643,-11652.3249033,19449.4523833,18672.4486858,1.53243790904,142510.619871,53916.3696894,-420371.097323,-352964.316735,274035.782226,299047.947046,129941.995839,-414108.211448,284441.750204,-21215.6820357,1.53243790904,519900.061965,530757.279055,404797.125996,435362.521338,114712.748883,-401977.164462,287406.691071,129941.995839,-414108.211448,284441.750204,-21215.6820357,519900.061965,404797.125996,1.53243790904,530757.279055,435362.521338,153.243790904
0.0448884,-5183.90079416,-6578.37295143,-14344.7771455,-12021.0497646,19528.6779397,18599.422716,1.41094130564,142978.202381,63349.8778456,-421375.887534,-356406.095348,273796.437615,293056.217503,134652.168808,-421338.248929,283522.323355,-31268.2817994,1.41094130564,516113.167961,534496.613207,402497.174341,436561.15579,120712.057433,-408109.519883,285817.400372,134652.168808,-421338.248929,283522.323355,-31268.2817994,516113.167961,402497.174341,1.41094130564,534496.613207,436561.15579,141.094130564
0.044955,-4903.01647204,-6132.47538447,-14664.7904374,-12382.1970503,19567.8069094,18514.6724348,1.30732541735,141728.372095,72743.4528432,-419267.675171,-359623.210211,275889.757412,286879.757368,140149.912628,-426069.957621,283035.789606,-43946.0817791,1.30732541735,510477.656929,538951.189169,398277.384963,433713.136371,126964.295393,-412572.669573,284164.567939,140149.912628,-426069.957621,283035.789606,-43946.0817791,510477.656929,398277.384963,1.30732541735,538951.189169,433713.136371,130.732541735
0.0450216,-4641.27798605,-5682.71215715,-14911.7743647,-12735.539108,19553.0523507,18418.2512652,1.21351077091,139450.162085,82091.1733587,-415403.293918,-362613.633387,279310.29919,280522.460028,144800.547045,-427569.504389,282911.176208,-58751.7657634,1.21351077091,502694.689683,543489.468163,394144.617092,427298.959497,132258.001126,-414680.769434,282490.709978,144800.547045,-427569.504389,282911.176208,-58751.7657634,502694.689683,394144.617092,1.21351077091,543489.468163,427298.959497,121.351077091
0.0450882,-4402.14433535,-5229.3667817,-15074.3301244,-13080.8532055,19476.4744598,18310.2199872,1.10836012999,136396.746049,91387.1469734,-412207.216051,-365375.479835,282243.683697,273988.332862,147191.254324,-426599.549636,281924.71883,-73259.464144,1.10836012999,495700.613371,547143.226323,391073.933171,420230.110233,135798.25891,-414699.948849,280158.859778,147191.254324,-426599.549636,281924.71883,-73259.464144,495700.613371,391073.933171,1.10836012999,547143.226323,420230.110233,110.836012999
0.0451548,-4169.88672237,-4772.72502843,-15186.7133906,-13417.9216709,19356.600113,18190.6466993,0.977802199625,133186.446004,100625.513888,-411252.489875,-367907.008603,283892.226193,267281.494715,147436.876858,-425050.788616,279268.778602,-83754.6996339,0.977802199625,491232.886911,548953.674048,388946.884446,415609.47728,137932.261473,-413882.445738,276779.654806,147436.876858,-425050.788616,279268.778602,-83754.6996339,491232.886911,388946.884446,0.977802199625,548953.674048,415609.47728,97.7802199625
0.0452214,-3952.557044,-4313.07474551,-15274.366638,-13746.53203,19226.923682,18059.6067755,0.811014899362,131036.735019,109800.450615,-412102.474609,-370206.623917,284724.535273,260406.173302,146348.901339,-423592.107513,276223.283406,-87633.6292077,0.811014899362,489372.563874,548885.70164,388269.597111,414618.65993,139168.046275,-412908.747685,273233.138302,146348.901339,-423592.107513,276223.283406,-87633.6292077,489372.563874,388269.597111,0.811014899362,548885.70164,414618.65993,81.1014899362
0.045288,-3776.54539531,-3850.70567758,-15320.5920663,-14066.4771406,19097.1374617,17917.1828181,0.607198296346,130556.697755,118906.173652,-413608.142826,-372272.876196,284855.405247,253366.702544,144014.128027,-421163.11602,274405.273513,-86717.5951396,0.607198296346,489843.365936,547494.901951,389830.309453,416576.849436,139299.068898,-411209.407864,270539.621794,144014.128027,-421163.11602,274405.273513,-86717.5951396,489843.365936,389830.309453,0.607198296346,547494.901951,416576.849436,60.7198296346
0.0453546,-3651.06357946,-3385.90928311,-15301.0459124,-14377.5553222,18952.1094919,17763.4646053,0.388096838823,131127.816801,127936.943126,-415264.168486,-374104.462958,283365.796398,246167.519832,139753.329897,-417032.112132,273661.396392,-84014.3645893,0.388096838823,491866.272663,544985.167013,393656.981831,419982.92374,137789.996155,-408187.272606,268589.807242,139753.329897,-417032.112132,273661.396392,-84014.3645893,491866.272663,393656.981831,0.388096838823,544985.167013,419982.92374,38.8096838823
0.0454212,-3566.27674682,-2918.97855062,-15218.5837199,-14679.570484,18784.8604667,17598.5490347,0.164207835043,131726.034962,136887.06641,-416537.198353,-375700.229646,279815.650342,238813.163236,133393.956247,-411548.286587,273236.657261,-80456.6741816,0.164207835043,494694.826996,541923.566476,398553.791512,423050.725553,134626.839047,-403991.729776,266907.824703,133393.956247,-411548.286587,273236.657261,-80456.6741816,494694.826996,398553.791512,0.164207835043,541923.566476,423050.725553,16.4207835043
0.0454878,-3495.6125935,-2450.20781406,-15104.9776936,-14972.3322481,18600.5902871,17422.5400622,-0.077897395003,131804.614641,145750.901716,-415850.708004,-377059.170356,275208.184638,231308.26864,126354.150345,-405152.904347,272991.136058,-76063.4305215,-0.077897395003,498534.068616,539468.738851,402960.976808,424590.493619,130856.835124,-399058.882914,265298.764812,126354.150345,-405152.904347,272991.136058,-76063.4305215,498534.068616,402960.976808,-0.077897395003,539468.738851,424590.493619,-7.7897395003
0.0455544,-3402.08123354,-1979.89256723,-15005.4760091,-15255.6560695,18407.5572426,17235.5486368,-0.338485121902,131646.496939,154522.861645,-411700.575293,-378180.428466,270637.978953,223657.566821,120879.163468,-398242.064761,273007.995533,-70936.5568246,-0.338485121902,504044.929746,538313.394871,405537.998883,424819.705285,128081.851457,-393898.347816,263636.697545,120879.163468,-398242.064761,273007.995533,-70936.5568246,504044.929746,405537.998883,-0.338485121902,538313.394871,424819.705285,-33.8485121902
0.045621,-3257.85833623,-1508.32927752,-14960.1566209,-15529.3633525,18218.0149571,17037.69263,-0.60254370314,132139.231795,163197.416715,-404673.968708,-379063.297181,266217.956021,215865.880466,118391.0729,-391730.394907,273083.998958,-64915.45311,-0.60254370314,511627.392965,537721.954849,405461.547164,425815.575373,127410.373877,-389272.031965,261729.571226,118391.0729,-391730.394907,273083.998958,-64915.45311,511627.392965,405461.547164,-0.60254370314,537721.954849,425815.575373,-60.254370314
0.0456876,-3050.25734735,-1035.81519904,-14986.6938316,-15793.2815633,18036.951179,16829.0967623,-0.866051755761,133342.832819,171769.098842,-396937.552629,-379707.219978,261751.883594,207938.121135,118635.385945,-386901.367085,272220.740468,-57879.1775427,-0.866051755761,520455.865183,537182.325011,403295.793857,428977.590565,128894.138067,-385954.130864,259034.252974,118635.385945,-386901.367085,272220.740468,-57879.1775427,520455.865183,403295.793857,-0.866051755761,537182.325011,428977.590565,-86.6051755761
0.0457542,-2775.02397709,-562.64818524,-15076.623781,-16047.2443387,17851.6477581,16609.8925239,-1.13177980075,133681.096823,180232.504792,-390040.831624,-380111.790953,256936.438376,199879.286162,120373.685787,-384500.464299,268925.731764,-50372.6106579,-1.13177980075,528416.764926,536966.470169,400879.090656,432519.767457,131889.898716,-384195.265805,254705.709017,120373.685787,-384500.464299,268925.731764,-50372.6106579,528416.764926,400879.090656,-1.13177980075,536966.470169,432519.767457,-113.177980075
0.0458208,-2430.97939481,-89.1265011577,-15207.8683854,-16291.0915909,17638.8477803,16380.2180921,-1.38837230789,131926.402674,188582.29958,-383825.191495,-380276.755083,251384.856645,191694.455503,123076.714295,-383773.247309,262594.725258,-43582.6601147,-1.38837230789,533034.108988,535242.387697,399580.407004,432992.14295,136010.128723,-383355.612277,248297.987758,123076.714295,-383773.247309,262594.725258,-43582.6601147,533034.108988,399580.407004,-1.38837230789,535242.387697,432992.14295,-138.837230789
0.0458874,-2026.63167067,384.451364606,-15353.8532815,-16524.6696088,17380.4849522,16140.2182442,-1.62253520234,128908.933902,196813.219839,-377152.904927,-380202.008379,245511.984181,183388.788541,127108.359081,-382810.276744,254083.150361,-38235.0600335,-1.62253520234,533326.208685,530212.863207,399361.202029,429109.705379,141232.299196,-382220.670154,240181.707703,127108.359081,-382810.276744,254083.150361,-38235.0600335,533326.208685,399361.202029,-1.62253520234,530212.863207,429109.705379,-162.253520234
0.045954,-1587.76510196,857.786888036,-15481.2975223,-16747.8311543,17069.0626243,15890.0442662,-1.83639644533,126475.658743,204920.077136,-369618.018332,-379887.597961,239873.912112,174967.520825,132034.931379,-380108.474633,244455.019867,-33719.6008577,-1.83639644533,530469.382736,523543.876008,400115.17653,423591.207077,146996.81458,-379800.289679,230995.78659,132034.931379,-380108.474633,244455.019867,-33719.6008577,530469.382736,400115.17653,-1.83639644533,523543.876008,423591.207077,-183.639644533
0.0460206,-1138.34986138,1330.58169788,-15562.5066734,-16960.4355555,16700.8565348,15629.8538577,-2.01920526769,125938.338091,212897.76124,-362311.342237,-379333.722018,233809.103353,166435.960778,136539.499613,-375378.282622,233779.738534,-28872.6641791,-2.01920526769,526469.911651,517573.768721,402095.876201,419487.006455,152343.559867,-375765.190736,220894.055385,136539.499613,-375378.282622,233779.738534,-28872.6641791,526469.911651,402095.876201,-2.01920526769,517573.768721,419487.006455,-201.920526769
0.0460872,-674.944641687,1802.53776371,-15608.5838999,-17162.3487955,16283.5285416,15359.8110318,-2.12970164477,128121.186367,220741.243349,-356676.821839,-378540.729692,226473.440435,157799.486344,140652.907209,-369247.228209,221875.968447,-22597.0215123,-2.12970164477,523277.440688,513638.301852,404877.338814,417543.884604,157369.886999,-370537.177457,209809.974339,140652.907209,-369247.228209,221875.968447,-22597.0215123,523277.440688,404877.338814,-2.12970164477,513638.301852,417543.884604,-212.970164477
0.0461538,-186.787478032,2273.35758385,-15660.7174021,-17353.4435963,15847.5048802,15080.0860125,-2.1440221121,133820.630122,228445.579252,-353036.154176,-377509.120853,217994.411153,149063.5416,145963.542431,-362530.09413,209700.845784,-14239.9986915,-2.1440221121,522322.200879,512715.061451,407651.264479,416932.591982,163172.49742,-364941.100892,198335.092081,145963.542431,-362530.09413,209700.845784,-14239.9986915,522322.200879,407651.264479,-2.1440221121,512715.061451,416932.591982,-214.40221121
0.0462204,311.366166051,2742.74437283,-15734.2536223,-17533.5994998,15422.8874562,14790.855127,-2.0789957891,143275.035494,236005.912455,-350656.947269,-376239.545783,208668.717913,140233.633329,153066.617631,-355520.746213,198706.738049,-4524.22334787,-2.0789957891,523493.814136,515059.831932,410132.981445,415947.976409,170055.02371,-359390.135703,187457.443299,153066.617631,-355520.746213,198706.738049,-4524.22334787,523493.814136,410132.981445,-2.0789957891,515059.831932,415947.976409,-207.89957891
0.046287,799.103776615,3210.40224852,-15808.868598,-17702.7029429,15009.7648213,14492.3006944,-1.95823184945,155688.14328,243417.477232,-348801.417677,-374732.804772,198016.753093,131315.32754,160834.643864,-348162.203322,188946.062988,4915.40221123,-1.95823184945,524798.88426,520128.009657,413194.04998,413025.148839,177217.30657,-353738.320068,177324.996173,160834.643864,-348162.203322,188946.062988,4915.40221123,524798.88426,413194.04998,-1.95823184945,520128.009657,413025.148839,-195.823184945
0.0463536,1277.18766034,3676.03641861,-15869.7367194,-17860.6473299,14592.5490591,14184.6109113,-1.79698386581,169396.697486,250675.60164,-347369.951209,-372989.847607,185003.2208,122314.245967,167992.356393,-340872.638325,179088.58242,13499.5440694,-1.79698386581,525344.834162,526459.400289,417469.632354,408355.997554,183938.793023,-348016.321611,167178.230749,167992.356393,-340872.638325,179088.58242,13499.5440694,525344.834162,417469.632354,-1.79698386581,526459.400289,408355.997554,-179.698386581
0.0464202,1762.58153827,4139.35336647,-15931.0555468,-18007.3330991,14168.4740085,13867.9797326,-1.61127504995,182514.277059,257775.710453,-346354.142676,-371011.772975,169195.290922,113236.062522,174231.681876,-334794.542551,167828.924637,22214.856891,-1.61127504995,526190.502227,532034.086379,421907.081657,403918.966926,190245.523121,-342861.10689,156248.973218,174231.681876,-334794.542551,167828.924637,22214.856891,526190.502227,421907.081657,-1.61127504995,532034.086379,403918.966926,-161.127504995
0.0464868,2283.3586773,4600.06103614,-16027.3061781,-18142.6677858,13743.9475008,13542.6067497,-1.41564833085,194205.675024,264713.328057,-344772.593149,-368799.827775,151542.011099,104086.499719,180774.434338,-330719.07874,154745.020788,32802.3084707,-1.41564833085,527481.520697,535222.408601,425261.211206,401698.767293,197111.28891,-338907.366069,144198.92479,180774.434338,-330719.07874,154745.020788,32802.3084707,527481.520697,425261.211206,-1.41564833085,535222.408601,401698.767293,-141.564833085
0.0465534,2866.88311017,5057.86901645,-16194.0277659,-18266.5660806,13327.1446558,13208.6970642,-1.21417155054,205476.772535,271484.081261,-341446.232721,-366355.406326,133552.873326,94871.325065,189926.152766,-328411.900754,140543.18278,46003.014953,-1.21417155054,528805.949156,535737.522311,427707.181254,402100.120217,206055.352907,-336293.55893,131268.338669,189926.152766,-328411.900754,140543.18278,46003.014953,528805.949156,427707.181254,-1.21417155054,535737.522311,402100.120217,-121.417155054
0.04662,3523.82923591,5512.48872408,-16450.2278846,-18378.9498832,12926.3986487,12866.4611591,-1.0080746934,217814.247512,278083.702061,-336969.900075,-363680.049489,116066.828109,85596.3474282,203124.392913,-327540.607083,126035.669776,60400.3823181,-1.0080746934,530500.780687,534142.186565,430616.952818,404361.080844,217971.611219,-335012.774783,117850.143993,203124.392913,-327540.607083,126035.669776,60400.3823181,530500.780687,430616.952818,-1.0080746934,534142.186565,404361.080844,-100.80746934
0.0466866,4248.75748708,5963.63358543,-16787.6564127,-18479.7483513,12538.8989256,12516.1147659,-0.808086301563,231148.271042,284508.030328,-333044.352569,-360775.443701,99335.9192882,76267.4133731,219771.317491,-328219.219233,110936.876922,73028.1686655,-0.808086301563,532228.636045,530983.242697,434262.98981,407226.913827,232483.445548,-335057.8602,103817.964045,219771.317491,-328219.219233,110936.876922,73028.1686655,532228.636045,434262.98981,-0.808086301563,530983.242697,407226.913827,-80.8086301563
0.0467532,5029.44844848,6411.01921735,-17176.3729145,-18568.8979458,12146.924466,12157.8787284,-0.629358762753,244424.396678,290753.016429,-330004.989725,-357643.419905,83596.6932418,66890.403476,238470.382163,-330099.006416,94556.0354364,80436.2510923,-0.629358762753,533016.051611,526668.839236,436950.806798,408716.789537,248646.898272,-335977.77819,88794.1646102,238470.382163,-330099.006416,94556.0354364,80436.2510923,533016.051611,436950.806798,-0.629358762753,526668.839236,408716.789537,-62.9358762753
0.0468198,5851.05817494,6854.36360632,-17580.9524729,-18646.3424704,11729.894298,11791.9788641,-0.472340364095,257461.777234,296814.723782,-326743.04402,-354285.952401,69047.3877437,57471.2286185,258390.028432,-331949.053033,76920.6330587,81992.0319302,-0.472340364095,533720.604677,521966.267277,437697.025858,407487.731073,265752.67525,-336831.07261,72758.1503075,258390.028432,-331949.053033,76920.6330587,81992.0319302,533720.604677,437697.025858,-0.472340364095,521966.267277,407487.731073,-47.2340364095
0.0468864,6689.61738483,7293.38728626,-17967.781803,-18712.0331073,11278.1644182,11418.645821,-0.324635876447,270814.882673,302689.331336,-322850.916274,-350705.157597,55497.6460563,48015.8262613,278708.419966,-332634.080984,58601.0991353,80399.6772962,-0.324635876447,536714.195349,517765.007672,436965.678357,404548.230253,283054.884783,-336797.251928,56078.153876,278708.419966,-332634.080984,58601.0991353,80399.6772962,536714.195349,436965.678357,-0.324635876447,517765.007672,404548.230253,-32.4635876447
0.046953,7512.17978121,7727.81351471,-18304.9636931,-18765.9284478,10792.7839119,11038.1149331,-0.176650935789,284868.835693,308373.135979,-319491.503293,-346903.29268,41975.5451694,38530.1567012,297882.613989,-331840.447915,39967.7481351,77703.5570498,-0.176650935789,542765.738789,513942.335723,434719.79824,402644.386632,299404.631187,-335538.740593,39137.9175076,297882.613989,-331840.447915,39967.7481351,77703.5570498,542765.738789,434719.79824,-0.176650935789,513942.335723,402644.386632,-17.6650935789
0.0470196,8299.80119836,8157.36844721,-18579.1480368,-18807.9945185,10279.3468385,10650.6260713,-0.0165715716428,299827.100687,313862.554875,-318313.254107,-342882.754189,27179.3289376,29020.1993143,314577.552727,-330131.9171,20778.1798796,74223.472123,-0.0165715716428,550241.225336,510594.204894,431223.043137,403032.255674,313944.572403,-333290.933782,21960.0330513,314577.552727,-330131.9171,20778.1798796,74223.472123,550241.225336,431223.043137,-0.0165715716428,510594.204894,403032.255674,-1.65715716428
0.0470862,9059.8360187,8581.78131001,-18816.1965074,-18838.2048027,9756.36048871,10256.4234926,0.178214927015,315837.145582,319154.12772,-320259.431829,-338646.076507,10556.0245983,19491.9487868,329108.353415,-328707.032592,909.703784132,69974.8227739,0.178214927015,556687.496135,508311.113303,428041.675723,404175.348338,327023.564996,-330910.877759,4547.36664226,329108.353415,-328707.032592,909.703784132,69974.8227739,556687.496135,428041.675723,0.178214927015,508311.113303,404175.348338,17.8214927015
0.0471528,9796.62820655,9000.78457068,-19052.7879396,-18856.540257,9256.15973303,9855.75568632,0.428700206015,333162.321137,324244.518923,-324683.622456,-334195.93026,-7250.65101182,9951.41133617,343000.417431,-328174.686952,-18367.8261394,64937.9014014,0.428700206015,560172.610338,506046.687697,426617.208596,403851.560503,339643.518456,-329106.742787,-12303.7882022,343000.417431,-328174.686952,-18367.8261394,64937.9014014,560172.610338,426617.208596,0.428700206015,506046.687697,403851.560503,42.8700206015
0.0472194,10492.7407282,9414.11410679,-19289.7036417,-18862.9893236,8796.96291347,9448.8752168,0.72539862193,352117.989018,329130.519712,-329486.446171,-329535.120637,-24987.1049421,404.600924973,357127.301833,-327699.749932,-35168.8140628,58905.8577162,0.72539862193,560200.575509,502637.358577,426915.010296,401548.211255,352145.891069,-327573.627347,-27442.184164,357127.301833,-327699.749932,-35168.8140628,58905.8577162,560200.575509,426915.010296,0.72539862193,502637.358577,401548.211255,72.539862193
0.047286,11136.1374927,9821.5093724,-19502.9863973,-18857.5479372,8366.84890452,9036.0385648,1.02928226106,372222.641989,333809.050153,-332881.81232,-324666.585623,-42103.421507,-9142.46453003,371040.724356,-326334.386856,-49249.9546133,52021.3525529,1.02928226106,557433.75892,498838.578038,428233.273131,399031.454568,364097.479767,-325627.967666,-40742.9695454,371040.724356,-326334.386856,-49249.9546133,52021.3525529,557433.75892,428233.273131,1.02928226106,498838.578038,399031.454568,102.928226106
0.0473526,11736.2149055,10222.7135623,-19684.5554074,-18840.2195278,7948.34050187,8617.50596557,1.30106189358,391783.085832,338277.161091,-334548.260059,-319593.39414,-59031.2270171,-18683.7669513,383972.154117,-324381.150238,-61936.205812,45153.4953157,1.30106189358,552948.888889,496128.291813,429798.27184,398280.93518,375120.862076,-323270.443502,-53024.5877292,383972.154117,-324381.150238,-61936.205812,45153.4953157,552948.888889,429798.27184,1.30106189358,496128.291813,398280.93518,130.106189358
0.0474192,12314.0830716,10617.4737738,-19853.0852143,-18811.0150186,7539.00214273,8193.54124486,1.51204207446,408970.766331,342532.036015,-334586.361208,-314318.744121,-75854.1557589,-28213.2918939,396176.414387,-322676.594136,-74209.8592914,39400.6567626,1.51204207446,547869.587956,496099.338253,430341.063012,400044.45342,385573.768229,-321013.749101,-64916.3418011,396176.414387,-322676.594136,-74209.8592914,39400.6567626,547869.587956,430341.063012,1.51204207446,496099.338253,400044.45342,151.204207446
0.0474858,12894.881007,11005.5411663,-20037.6743362,-18769.9528189,7142.79332921,7764.41165259,1.66045272944,423128.93719,346570.992825,-332653.466467,-308845.960487,-91869.0257206,-37725.0323373,408968.397611,-321600.73105,-86226.3180259,34895.5518377,1.66045272944,543165.821984,500021.980441,428867.208794,403725.070423,396429.357948,-319240.996852,-76619.873936,408968.397611,-321600.73105,-86226.3180259,34895.5518377,543165.821984,428867.208794,1.66045272944,500021.980441,403725.070423,166.045272944
0.0475524,13494.1012703,11386.6711182,-20258.2785956,-18717.0588126,6764.17732532,7330.38769443,1.76403091637,434899.039952,350391.485529,-329089.022811,-303178.493057,-106619.907517,-47212.9924712,423155.081897,-321505.736622,-98083.9272002,30704.5434215,1.76403091637,539059.189075,507978.761547,425997.964899,407563.733409,408299.32499,-318270.472862,-88248.5540334,423155.081897,-321505.736622,-98083.9272002,30704.5434215,539059.189075,425997.964899,1.76403091637,507978.761547,407563.733409,176.403091637
0.047619,14107.8676006,11760.6233807,-20512.3311208,-18652.3663419,6404.46352023,6891.74296123,1.81230412252,445064.151295,353991.105845,-325508.51125,-297319.91437,-120110.569992,-56671.1914756,438035.254013,-322937.962691,-110260.510049,25692.1555143,1.81230412252,534533.657044,518338.992013,423545.729342,409347.026757,420797.311946,-318368.486603,-100010.835522,438035.254013,-322937.962691,-110260.510049,25692.1555143,534533.657044,423545.729342,1.81230412252,518338.992013,409347.026757,181.230412252
0.0476856,14719.5123388,12127.1622297,-20772.3173856,-18575.9161863,6052.80504684,6448.75395659,1.78062238883,453339.037727,357367.584722,-323192.746876,-291273.917431,-132274.921901,-66093.6672908,452134.262018,-325764.445849,-123263.932246,18931.066862,1.78062238883,529202.031945,528388.094441,421936.773526,408485.7782,432928.940127,-319246.296875,-112126.843552,452134.262018,-325764.445849,-123263.932246,18931.066862,529202.031945,421936.773526,1.78062238883,528388.094441,408485.7782,178.062238883
0.0477522,15310.1464067,12486.0566142,-20998.8936658,-18487.7565368,5688.74725911,6001.69992259,1.69342632074,459141.16091,360518.793765,-321668.103924,-285044.31339,-142980.55957,-75474.4803753,464374.438289,-328769.072655,-137076.902728,10391.4298578,1.69342632074,524155.398978,536386.8973,420152.740046,407256.600096,443815.222663,-319948.242386,-124597.701115,464374.438289,-328769.072655,-137076.902728,10391.4298578,524155.398978,420152.740046,1.69342632074,536386.8973,407256.600096,169.342632074
0.0478188,15860.9680846,12837.080302,-21157.4008486,-18387.9429657,5296.43276401,5550.86266368,1.59644084861,463173.751522,363442.746582,-319358.416316,-278635.029132,-151942.717573,-84807.7174503,474584.669628,-330103.914192,-150779.937562,1378.0616189,1.59644084861,520105.38448,541880.744676,417931.727445,408330.40425,453058.089538,-319256.041742,-136947.630666,474584.669628,-330103.914192,-150779.937562,1378.0616189,520105.38448,417931.727445,1.59644084861,541880.744676,408330.40425,159.644084861
0.0478854,16348.0390074,13180.0120221,-21222.0525463,-18276.5383912,4874.01353894,5096.52636916,1.49939544079,467002.051211,366137.600033,-315374.834429,-272050.104807,-158867.290511,-94087.4952267,482915.830365,-328115.540728,-162831.535906,-6871.4110161,1.49939544079,516934.384511,544962.065724,415860.63684,412051.1938,460443.311687,-316181.107155,-148277.500848,482915.830365,-328115.540728,-162831.535906,-6871.4110161,516934.384511,415860.63684,1.49939544079,544962.065724,412051.1938,149.939544079
0.047952,16748.7379483,13514.6356044,-21177.3348283,-18153.6130384,4428.59687999,4638.97743394,1.3958623767,471470.668383,368601.655394,-310476.422901,-265293.69128,-164435.313961,-103307.964114,488826.894312,-322442.122143,-172461.742977,-14610.0153031,1.3958623767,514109.74775,545947.420568,414386.500856,417333.347846,465478.572698,-310491.72454,-158027.609366,488826.894312,-322442.122143,-172461.742977,-14610.0153031,514109.74775,414386.500856,1.3958623767,545947.420568,417333.347846,139.58623767
0.0480186,17062.5746847,13840.7401161,-21034.1802132,-18019.2443942,3971.6055285,4178.50427807,1.29285652432,476366.936715,370833.359425,-306202.234633,-258370.047517,-170032.337316,-112463.311908,491600.778125,-314442.081966,-180368.983537,-23331.0196138,1.29285652432,510520.85998,545214.39252,412787.548493,422656.096011,467864.973679,-302995.532566,-166476.457024,491600.778125,-314442.081966,-180368.983537,-23331.0196138,510520.85998,412787.548493,1.29285652432,545214.39252,422656.096011,129.285652432
0.0480852,17309.1320744,14158.1199942,-20834.5083436,-17873.5171591,3525.37626921,3715.39716488,1.20286558354,481273.341325,372831.305352,-303156.790041,-251283.537897,-176179.011101,-121547.767454,491703.324852,-306093.064098,-187234.104617,-34533.7156533,1.20286558354,505484.270391,543203.015406,409419.611317,426073.886701,468192.474118,-295055.755085,-173949.371031,491703.324852,-306093.064098,-187234.104617,-34533.7156533,505484.270391,409419.611317,1.20286558354,543203.015406,426073.886701,120.286558354
0.0481518,17496.6218301,14466.5751756,-20611.6994899,-17716.5231936,3115.07765978,3249.94801806,1.12168512631,485829.111019,374594.233751,-300454.733078,-244038.629467,-182412.316872,-130555.604284,490121.320829,-298345.198827,-192549.381787,-47986.1361253,1.12168512631,500435.20843,540697.565675,403832.458592,426568.745498,467197.890257,-287490.595771,-180094.668913,490121.320829,-298345.198827,-192549.381787,-47986.1361253,500435.20843,403832.458592,1.12168512631,540697.565675,426568.745498,112.168512631
0.0482184,17617.5533635,14765.9112226,-20360.2449848,-17548.3614603,2742.69162131,2782.45023762,1.03194288306,489148.656799,376121.033346,-296854.34682,-236639.889117,-188547.846648,-139481.144229,486882.870602,-290841.282637,-195854.448442,-61517.1898217,1.03194288306,497947.410168,538261.913692,396838.060876,425367.728839,464820.895073,-280102.43233,-184625.751414,486882.870602,-290841.282637,-195854.448442,-61517.1898217,497947.410168,396838.060876,1.03194288306,538261.913692,425367.728839,103.194288306
0.048285,17676.6476123,15055.9394463,-20062.5220911,-17369.1379613,2385.87447882,2313.19851495,0.920111765414,489866.852058,377410.741704,-291764.363128,-229091.980709,-195013.060544,-148318.760995,481521.271775,-283020.575907,-197899.195131,-71860.5320899,0.920111765414,499152.181133,535609.398016,389214.311956,424932.555109,460752.432137,-272377.568068,-188073.946817,481521.271775,-283020.575907,-197899.195131,-71860.5320899,499152.181133,389214.311956,0.920111765414,535609.398016,424932.555109,92.0111765414
0.0483516,17696.2281773,15336.4770248,-19723.000913,-17178.9656718,2026.77273566,1842.48864703,0.77750629269,486950.751957,378462.545846,-284952.181097,-221399.662135,-201837.601534,-157062.883711,474250.893651,-274931.305329,-199776.018371,-76614.01774,0.77750629269,503190.836772,533116.793806,382436.895321,426131.555323,455254.527935,-264261.044765,-191220.015993,474250.893651,-274931.305329,-199776.018371,-76614.01774,503190.836772,382436.895321,0.77750629269,533116.793806,426131.555323,77.750629269
0.0484182,17703.8188283,15607.3471186,-19367.0661826,-16977.9644686,1663.24735433,1370.61735001,0.604391254046,480231.793215,379275.782759,-275961.24051,-213567.782316,-208125.973848,-165708.000442,466320.577194,-266802.785988,-201843.949552,-76788.1911488,0.604391254046,508250.938115,531786.340281,378681.740889,427903.31794,449258.955653,-256003.054906,-194417.319884,466320.577194,-266802.785988,-201843.949552,-76788.1911488,508250.938115,378681.740889,0.604391254046,531786.340281,427903.31794,60.4391254046
0.0484848,17722.9975591,15868.3789825,-19020.5455335,-16766.2610546,1297.54797444,897.882072163,0.417469903454,470737.611246,379849.939811,-264279.953554,-205601.278148,-212695.760992,-174248.661663,459494.245154,-258371.291545,-203715.099224,-74934.9478693,0.417469903454,512611.873685,531386.029106,379102.082062,429231.137506,443935.831411,-247636.015357,-197596.865262,459494.245154,-258371.291545,-203715.099224,-74934.9478693,512611.873685,379102.082062,0.417469903454,531386.029106,429231.137506,41.7469903454
0.0485514,17761.3419802,16119.4080726,-18692.8160129,-16543.988879,931.474032722,424.580806373,0.226195314149,460385.178023,380184.655077,-250298.123571,-197505.171386,-214881.486153,-182679.483691,454640.195874,-249308.00619,-204962.9784,-72190.926053,0.226195314149,515461.786722,530920.24055,382947.052674,429868.114845,439820.075857,-239060.58256,-200578.891936,454640.195874,-249308.00619,-204962.9784,-72190.926053,515461.786722,382947.052674,0.226195314149,530920.24055,429868.114845,22.6195314149
0.048618,17808.0275571,16360.2761506,-18369.66468,-16311.2880529,561.63712288,-48.9880977038,0.0200248197424,450132.638572,380279.717566,-235685.274018,-189284.565484,-214927.670856,-190995.152082,450687.787084,-239848.197036,-206028.828135,-68651.2577789,0.0200248197424,516870.935054,529881.231401,388847.355487,430248.250833,436232.617025,-230291.63299,-203539.7057,450687.787084,-239848.197036,-206028.828135,-68651.2577789,516870.935054,388847.355487,0.0200248197424,529881.231401,430248.250833,2.00248197424
0.0486846,17844.8350131,16590.831383,-18018.9976417,-16068.3052613,174.162628603,-522.526121696,-0.204600924529,439032.16107,380135.067355,-221970.979415,-180944.642373,-213827.424531,-199190.424982,445542.894336,-230210.911349,-207948.631703,-64328.3465261,-0.204600924529,517435.48462,528582.751163,395454.833844,430957.821725,431833.370954,-221171.421829,-206971.828934,445542.894336,-230210.911349,-207948.631703,-64328.3465261,517435.48462,395454.833844,-0.204600924529,528582.751163,430957.821725,-20.4600924529
0.0487512,17856.1266542,16810.9284375,-17608.230169,-15815.1936708,-247.896485167,-995.734766705,-0.437431123485,426183.982006,379750.795626,-209106.820364,-172490.659199,-212604.452888,-207260.136427,437960.025334,-219741.078357,-211060.948566,-59065.5069771,-0.437431123485,518103.285266,528180.576917,401350.045913,432084.746062,425717.08586,-211084.415347,-211053.221896,437960.025334,-219741.078357,-211060.948566,-59065.5069771,518103.285266,401350.045913,-0.437431123485,528180.576917,432084.746062,-43.7431123485
0.0488178,17828.8417187,17020.4285738,-17117.7692265,-15552.1128323,-711.07249222,-1468.31574145,-0.673255393611,412283.315364,379127.144608,-196194.41197,-163927.945005,-211728.563819,-215199.199603,427861.108946,-207374.061446,-214686.080452,-52781.2070625,-0.673255393611,519584.711163,529997.643614,405617.780467,433056.464236,417653.606949,-199345.542615,-215406.80005,427861.108946,-207374.061446,-214686.080452,-52781.2070625,519584.711163,405617.780467,-0.673255393611,529997.643614,433056.464236,-67.3255393611
0.0488844,17749.1090974,17219.1997316,-16541.3065352,-15279.2285813,-1207.80256221,-1939.97115032,-0.913054295169,398658.765721,378264.507424,-183090.123832,-155261.897374,-211465.259237,-223002.61005,415187.394471,-192799.215392,-218077.808972,-46015.2127712,-0.913054295169,521323.50298,534207.330871,408607.556593,432378.022912,407496.172833,-185805.562001,-219534.231734,415187.394471,-192799.215392,-218077.808972,-46015.2127712,521323.50298,408607.556593,-0.913054295169,534207.330871,432378.022912,-91.3054295169
0.048951,17612.2673025,17407.1166138,-15887.5659778,-14996.7129327,-1724.70132475,-2410.40368113,-1.15006923937,386176.165349,377163.427845,-170475.150813,-146497.979025,-212356.685441,-230665.44882,399793.478209,-176669.70793,-221116.062954,-39901.0930728,-1.15006923937,521541.950297,538692.11514,411175.330374,427811.458491,395194.916513,-170919.020218,-223269.537347,399793.478209,-176669.70793,-221116.062954,-39901.0930728,521541.950297,411175.330374,-1.15006923937,538692.11514,427811.458491,-115.006923937
0.0490176,17436.843511,17584.0607654,-15191.4213591,-14704.7439728,-2245.42215189,-2879.31679255,-1.37380322466,375152.815708,375824.599947,-158821.406229,-137641.714373,-214717.184105,-238182.885574,382661.266536,-160036.261873,-223905.082484,-35230.0697295,-1.37380322466,519677.81575,540672.646791,412955.970903,419101.22303,381550.073287,-155509.322587,-226677.541914,382661.266536,-160036.261873,-223905.082484,-35230.0697295,519677.81575,412955.970903,-1.37380322466,540672.646791,419101.22303,-137.380322466
0.0490842,17250.4536383,17749.920648,-14503.0773664,-14403.5057469,-2747.37627185,-3346.41490105,-1.58095696763,365567.679767,374248.867672,-147645.025461,-128698.686044,-218067.812736,-245550.181629,365807.602923,-143802.20773,-226038.338069,-31565.4115082,-1.58095696763,517132.967592,539654.0449,413357.191321,409690.770773,368023.476095,-140452.88757,-229585.082277,365807.602923,-143802.20773,-226038.338069,-31565.4115082,517132.967592,413357.191321,-1.58095696763,539654.0449,409690.770773,-158.095696763
0.0491508,17062.6786557,17904.5917103,-13847.1848149,-14093.1881431,-3215.49384074,-3811.40356716,-1.75986583353,357134.721505,372437.224297,-135583.185086,-119674.531353,-221557.136145,-252762.692944,350603.881259,-128020.710004,-226701.250602,-27742.4833047,-1.75986583353,515222.673447,536773.492151,413084.811296,403338.418741,355502.217495,-126009.560541,-231552.918926,350603.881259,-128020.710004,-226701.250602,-27742.4833047,515222.673447,413084.811296,-1.75986583353,536773.492151,403338.418741,-175.986583353
0.0492174,16873.0854795,18047.976454,-13212.1049547,-13773.9867729,-3660.98052475,-4273.98968116,-1.87735307957,349044.887638,370390.811808,-121534.523996,-110574.938758,-224938.362285,-259815.87305,337060.301784,-111995.073474,-225861.514788,-22640.1606551,-1.87735307957,514314.458984,533274.61401,413290.513187,401176.017865,343922.270152,-111698.528606,-232626.02471,337060.301784,-111995.073474,-225861.514788,-22640.1606551,514314.458984,413290.513187,-1.87735307957,533274.61401,401176.017865,-187.735307957
0.049284,16695.1086636,18179.9844954,-12585.6117365,-13446.1028477,-4109.49692712,-4733.88164777,-1.90984299163,339850.983286,368110.920177,-105740.752428,-101405.644267,-228909.425978,-266705.27591,324465.030931,-95723.3195124,-225018.811379,-15660.1303156,-1.90984299163,514267.657175,530035.667477,414730.468346,402604.967148,332934.685928,-97296.4563579,-233780.678495,324465.030931,-95723.3195124,-225018.811379,-15660.1303156,514267.657175,414730.468346,-1.90984299163,530035.667477,402604.967148,-190.984299163
0.0493506,16552.8024278,18300.532622,-11978.9238115,-13109.743052,-4573.87861626,-5190.78957001,-1.86606649436,328274.33267,365598.986557,-89193.8462195,-92172.4278276,-234076.583621,-273426.558729,312329.597623,-80346.6349646,-226065.514942,-7396.66308896,-1.86606649436,514822.729778,527439.309876,417299.103956,406020.474091,322499.972622,-83363.4109513,-236178.676985,312329.597623,-80346.6349646,-226065.514942,-7396.66308896,514822.729778,417299.103956,-1.86606649436,527439.309876,406020.474091,-186.606649436
0.0494172,16467.9090389,18409.5448452,-11415.7326312,-12765.1194133,-5052.17640768,-5644.42543191,-1.76567557171,314395.350978,362856.594365,-72303.4728445,-82881.1096787,-239967.583524,-279975.484687,301216.817591,-66677.8065758,-229706.240019,736.068754312,-1.76567557171,516048.71094,525703.621741,419899.119524,409303.588447,313163.348055,-70456.1321658,-240289.246424,301216.817591,-66677.8065758,-229706.240019,736.068754312,516048.71094,419899.119524,-1.76567557171,525703.621741,409303.588447,-176.567557171
0.0494838,16451.1180974,18506.9524482,-10911.2101612,-12412.4491681,-5539.90793625,-6094.50328006,-1.62445998515,299812.966999,359885.472294,-55134.4175041,-73537.5466856,-245695.383058,-286347.925609,292305.336995,-54414.2486813,-235384.019548,8130.20679667,-1.62445998515,518717.380415,524962.556491,421405.30583,411151.687318,305665.283955,-58538.8921828,-245871.032117,292305.336995,-54414.2486813,-235384.019548,8130.20679667,518717.380415,421405.30583,-1.62445998515,524962.556491,411151.687318,-162.445998515
0.0495504,16494.3850926,18592.6940291,-10460.135487,-12051.9546252,-6034.24960563,-6540.73940391,-1.45894537578,286408.04964,356687.493217,-38596.7928102,-64147.6286463,-251005.319516,-292539.864571,285878.373426,-42959.5196614,-242345.052254,15634.0409949,-1.45894537578,523641.914462,524646.619928,421069.296448,412119.586464,300071.807652,-47299.6931639,-252483.710111,285878.373426,-42959.5196614,-242345.052254,15634.0409949,523641.914462,421069.296448,-1.45894537578,524646.619928,412119.586464,-145.894537578
0.049617,16575.5287518,18666.7155402,-10036.8162993,-11683.8630257,-6538.71245252,-6982.85251453,-1.28446925395,274958.151556,353264.673008,-23898.6146419,-54717.2745791,-256070.247278,-298547.398429,280939.184779,-31805.3119512,-250293.687615,24859.8425569,-1.28446925395,530400.706144,523712.45899,418583.288507,413653.434309,295606.59335,-36314.5174759,-259870.210224,280939.184779,-31805.3119512,-250293.687615,24859.8425569,530400.706144,418583.288507,-1.28446925395,523712.45899,413653.434309,-128.446925395
0.0496836,16671.5157627,18728.9703212,-9607.23260131,-11308.4063992,-7064.28316143,-7420.563922,-1.1072068413,265275.151258,349619.169272,-10906.4528738,-45252.4289915,-260976.198911,-304366.740281,276275.964336,-20176.0808721,-259101.674312,36641.4847663,-1.1072068413,537505.857065,522302.816055,415152.502483,415827.918957,291330.771693,-24933.6233148,-267896.200315,276275.964336,-20176.0808721,-259101.674312,36641.4847663,537505.857065,415152.502483,-1.1072068413,522302.816055,415827.918957,-110.72068413
0.0497502,16766.1474674,18779.4191292,-9146.92904623,-10925.8214182,-7619.21842116,-7853.59771104,-0.928549719231,257433.569972,345753.279986,1653.51622435,-35759.0581331,-265891.089504,-309994.221853,271387.234162,-7145.78172587,-268328.83344,49850.1802935,-0.928549719231,543624.066087,521290.666531,413310.696578,417610.819595,286755.599928,-12502.9637612,-276295.746564,271387.234162,-7145.78172587,-268328.83344,49850.1802935,543624.066087,413310.696578,-0.928549719231,521290.666531,417610.819595,-92.8549719231
0.0498168,16847.742906,18818.0301635,-8649.07722598,-10536.3492486,-8198.66567998,-8281.68091497,-0.756134384739,252114.639914,341669.442046,14563.398986,-26243.1462346,-271141.047775,-315426.295811,266332.444765,7745.639955,-277236.207023,61820.3970622,-0.756134384739,547642.396154,520517.255317,414314.902283,418395.611142,281802.52492,1220.03456585,-284603.240585,266332.444765,7745.639955,-277236.207023,61820.3970622,547642.396154,414314.902283,-0.756134384739,520517.255317,418395.611142,-75.6134384739
0.0498834,16907.6950464,18844.7790852,-8120.95734058,-10140.2353975,-8786.73770585,-8704.54368771,-0.602842685991,249795.509313,337370.229736,27343.4620841,-16710.6917355,-277255.253554,-320659.538001,260963.157207,23929.1831795,-285472.415389,69527.5755864,-0.602842685991,548703.014399,518842.182393,417039.082365,417853.201386,276389.839213,15817.1399237,-292499.43884,260963.157207,23929.1831795,-285472.415389,69527.5755864,548703.014399,417039.082365,-0.602842685991,518842.182393,417853.201386,-60.2842685991
0.04995,16951.0210927,18859.649033,-7585.00600447,-9737.72955899,-9366.01508826,-9121.91947397,-0.471286202579,249986.393491,332858.353104,38704.3210204,-7167.70350345,-285184.336784,-325690.6496,254948.225951,39769.0398127,-293664.786288,72062.4532466,-0.471286202579,547313.745752,515532.335594,420476.642503,416095.526618,270511.366571,30239.1535619,-300224.600901,254948.225951,39769.0398127,-293664.786288,72062.4532466,547313.745752,420476.642503,-0.471286202579,515532.335594,416095.526618,-47.1286202579
0.0500166,17001.2386314,18862.6306333,-7082.50611993,-9329.08545606,-9918.73251147,-9533.54517721,-0.35073130689,251525.615273,328136.65625,47719.0886725,2379.80295429,-295579.987646,-330516.459204,248857.884827,53433.5770775,-302615.59514,71382.5666973,-0.35073130689,545498.73932,511347.869473,424624.872133,413917.061346,264828.452461,43225.8874553,-308213.810292,248857.884827,53433.5770775,-302615.59514,71382.5666973,545498.73932,424624.872133,-0.35073130689,511347.869473,413917.061346,-35.073130689
0.0500832,17078.9946938,18853.7220067,-6651.88477739,-8914.5606812,-10427.1099164,-9939.16132551,-0.229756869756,253600.57315,323208.115538,54993.8664248,11925.8092821,-307817.664471,-335133.92482,244236.468442,64238.1452944,-311980.495728,69441.6829008,-0.229756869756,544879.141012,508119.962153,428810.632129,411892.91553,260457.674168,54105.5598781,-316313.014768,244236.468442,64238.1452944,-311980.495728,69441.6829008,544879.141012,428810.632129,-0.229756869756,508119.962153,411892.91553,-22.9756869756
0.0501498,17184.0129013,18832.9287689,-6295.38316169,-8494.41653378,-10888.6297396,-10338.5122351,-0.0963913805151,255939.182351,318075.837717,62324.0961128,21464.29807,-320529.449503,-339540.135787,242060.119453,73041.6613588,-320764.023975,66747.3454153,-0.0963913805151,545604.192566,507469.640195,431945.457733,409754.530924,257900.315414,63278.0179321,-324007.981307,242060.119453,73041.6613588,-320764.023975,66747.3454153,545604.192566,431945.457733,-0.0963913805151,507469.640195,409754.530924,-9.63913805151
0.0502164,17311.8782618,18800.2640271,-5987.38333766,-8068.91785539,-11324.4949241,-10731.3461717,0.068705296191,258131.496492,312743.057965,71001.8583946,30989.2566468,-332914.309145,-343732.314612,242061.0477,81076.5315251,-328978.069013,63288.2763778,0.068705296191,546546.787864,509736.641305,434218.616562,406399.742872,256848.231878,71632.4311789,-331400.88791,242061.0477,81076.5315251,-328978.069013,63288.2763778,546546.787864,434218.616562,0.068705296191,509736.641305,406399.742872,6.8705296191
0.050283,17471.2050559,18755.7483717,-5712.20090416,-7638.33286291,-11759.0041518,-11117.4155088,0.283882702956,259552.617086,307213.137847,81039.0354661,40494.6808702,-344846.370205,-347707.818717,243758.340582,88777.8450384,-337606.987748,58982.0666193,0.283882702956,546237.810573,513327.222945,436482.154209,400581.880586,257019.005749,79620.663167,-339175.484904,243758.340582,88777.8450384,-337606.987748,58982.0666193,546237.810573,436482.154209,0.283882702956,513327.222945,400581.880586,28.3882702956
0.0503496,17674.6414672,18699.4098636,-5476.29490938,-7202.93297942,-12198.3465578,-11496.4768842,0.543853896269,259938.127761,301489.563196,91855.0681409,49974.5789116,-356065.78637,-351464.142108,247348.790342,95969.6277364,-347189.674724,53646.8506065,0.543853896269,544580.009459,515933.823411,438335.91397,392835.279092,258621.612173,87153.745992,-347712.091281,247348.790342,95969.6277364,-347189.674724,53646.8506065,544580.009459,438335.91397,0.543853896269,515933.823411,392835.279092,54.3853896269
0.0504162,17927.2921858,18631.2840163,-5290.72836887,-6762.9926631,-12636.5638169,-11868.2913532,0.816698673872,259794.65132,295575.94192,102909.764306,59422.975033,-366076.022689,-354998.916953,253355.417889,102537.857357,-357497.829986,47449.4589784,0.816698673872,542494.096052,516616.05755,438899.926674,385995.660229,262012.107117,94075.2046284,-356892.20327,253355.417889,102537.857357,-357497.829986,47449.4589784,542494.096052,438899.926674,0.816698673872,516616.05755,385995.660229,81.6698673872
0.0504828,18220.1903616,18551.4137735,-5152.77342005,-6318.78923425,-13067.4169416,-12232.6245392,1.06656990189,260308.019251,289476.001721,113427.769331,68833.9133539,-374737.352359,-358309.915075,261650.70726,108523.660288,-368132.642694,41231.1087646,1.06656990189,540320.933895,515964.773601,438215.570822,382776.416929,267059.925713,100384.866229,-366427.878136,261650.70726,108523.660288,-368132.642694,41231.1087646,540320.933895,438215.570822,1.06656990189,515964.773601,382776.416929,106.656990189
0.0505494,18528.3211883,18459.8494821,-5040.31888714,-5870.60270043,-13488.0023012,-12589.2467817,1.26782821789,262353.463071,283193.587752,122055.319747,78201.4616057,-382518.766308,-361395.049358,270914.850691,113905.128824,-378953.052725,36071.7636028,1.26782821789,537658.018303,515365.610094,436710.905393,384153.369044,272831.951955,106183.630468,-376085.530143,270914.850691,113905.128824,-378953.052725,36071.7636028,537658.018303,436710.905393,1.26782821789,515365.610094,384153.369044,126.782821789
0.050616,18820.5150142,18356.6488606,-4918.28345456,-5418.71558002,-13902.2315596,-12937.9332806,1.41603121163,265439.55998,276732.660188,127706.092678,87519.7148711,-390179.898703,-364252.375059,279034.963629,118620.994141,-390254.770361,32238.4808869,1.41603121163,534130.460099,515974.097515,434797.617328,389729.674322,277885.968109,111667.953838,-385853.668941,279034.963629,118620.994141,-390254.770361,32238.4808869,534130.460099,434797.617328,1.41603121163,515974.097515,389729.674322,141.603121163
0.0506826,19072.4297404,18241.8769623,-4754.32246391,-4963.41272408,-14318.1072765,-13278.4642382,1.52289855945,268558.936876,270097.291731,130857.858006,96782.7993063,-398228.7133,-366880.091037,284426.770196,122976.099587,-402204.187195,28906.9623319,1.52289855945,530105.525558,518140.111354,432757.654745,397793.50138,281098.048107,117225.036828,-395720.707347,284426.770196,122976.099587,-402204.187195,28906.9623319,530105.525558,432757.654745,1.52289855945,518140.111354,397793.50138,152.289855945
0.0507492,19270.5277577,18115.6061346,-4533.6440748,-4504.98113682,-14736.8836829,-13610.6249978,1.58206193574,271872.978342,263291.665046,133257.947225,105984.875844,-406540.808967,-369276.540889,287130.372674,127875.432198,-413972.352288,24912.4590867,1.58206193574,526575.315675,521359.925688,430246.111295,405602.413028,282321.216886,123400.795834,-405201.695453,287130.372674,127875.432198,-413972.352288,24912.4590867,526575.315675,430246.111295,1.58206193574,521359.925688,405602.413028,158.206193574
0.0508158,19407.7042409,17977.9159737,-4260.47968428,-4043.70979465,-15147.2245566,-13934.206179,1.57371559653,276387.668919,256320.070119,136166.472363,115120.143873,-414641.251757,-371440.213992,288190.791575,134121.547561,-424099.166791,19350.3072358,1.57371559653,524519.891022,524659.60025,426370.130746,411150.780764,282060.7334,130506.597499,-413459.24223,288190.791575,134121.547561,-424099.166791,19350.3072358,524519.891022,426370.130746,1.57371559653,524659.60025,411150.780764,157.371559653
0.0508824,19483.3261831,17828.8932736,-3951.49106939,-3579.88946407,-15531.8351137,-14249.0038095,1.51202708119,282424.78608,249186.901558,139434.836845,124182.844896,-422461.837022,-373369.746454,288312.730122,141453.346204,-431842.785842,12168.6929443,1.51202708119,524618.000955,527274.106152,420498.309402,415153.856821,280762.707242,138215.212601,-420016.719161,288312.730122,141453.346204,-431842.785842,12168.6929443,524618.000955,420498.309402,1.51202708119,527274.106152,415153.856821,151.202708119
0.050949,19511.5572611,17668.6319722,-3635.34204023,-3113.81251835,-15876.2152209,-14554.8194538,1.4344193708,289285.911705,241896.655819,142377.396268,133167.266158,-430272.646811,-375063.921977,287926.855119,148635.970918,-437598.561889,4465.10578124,1.4344193708,526738.811235,529003.10354,413077.076509,419545.159918,278891.612862,145658.296403,-425068.82711,287926.855119,148635.970918,-437598.561889,4465.10578124,526738.811235,413077.076509,1.4344193708,529003.10354,419545.159918,143.44193708
0.0510156,19517.2272694,17497.2330915,-3348.78722041,-2645.77275323,-16168.440049,-14851.4603383,1.35472775286,295914.454784,234453.928373,144977.311707,142067.744251,-437842.305203,-376521.672624,287868.487141,154370.321896,-441975.562485,-2626.10273748,1.35472775286,529579.719884,530430.879393,405773.706128,424401.843208,277223.74689,151902.173249,-428995.584996,287868.487141,154370.321896,-441975.562485,-2626.10273748,529579.719884,405773.706128,1.35472775286,530430.879393,424401.843208,135.472775286
0.0510822,19512.7900604,17314.8046745,-3110.50525218,-2176.06520174,-16402.2848082,-15138.7394727,1.26918624461,301233.816082,226863.410808,148006.721877,150878.668679,-444480.357085,-377742.079487,288763.698889,158206.958077,-445066.933652,-9247.32588261,1.26918624461,531272.486451,532110.011039,400387.155716,428592.320019,276254.970216,156575.394612,-431880.436169,288763.698889,158206.958077,-445066.933652,-9247.32588261,531272.486451,400387.155716,1.26918624461,532110.011039,428592.320019,126.918624461
0.0511488,19491.5176479,17121.4617164,-2901.4199032,-1704.9859482,-16590.0977447,-15416.4757682,1.18220705255,304149.96857,219129.887877,152245.960204,159594.485397,-449823.707888,-378724.373274,290148.68764,160806.183418,-446939.95269,-16747.9237918,1.18220705255,530138.97361,533550.54237,397120.007675,431462.342615,275604.478475,160189.878858,-433789.208099,290148.68764,160806.183418,-446939.95269,-16747.9237918,530138.97361,397120.007675,1.18220705255,533550.54237,431462.342615,118.220705255
0.0512154,19448.6328813,16917.3260927,-2688.10215703,-1232.83194162,-16760.5307243,-15684.4941511,1.10407443793,303726.797611,211258.234473,157727.855711,168209.700312,-454085.390549,-379467.934785,290925.581646,163023.609711,-448413.44548,-26572.0710682,1.10407443793,525428.117829,533604.798548,394683.073822,432706.468263,274500.565772,163535.736978,-435269.491864,290925.581646,163023.609711,-448413.44548,-26572.0710682,525428.117829,394683.073822,1.10407443793,533604.798548,432706.468263,110.407443793
0.051282,19390.7161231,16702.5264822,-2456.34728706,-759.900808465,-16934.368836,-15942.6256737,1.03321182651,299461.086667,203253.412563,163699.80232,176718.882748,-457601.374301,-379972.29531,290377.715671,164972.598884,-450585.637032,-38702.3226253,1.03321182651,518171.49882,531750.594326,392517.245512,432524.245981,272539.442025,166874.824468,-437030.337023,290377.715671,164972.598884,-450585.637032,-38702.3226253,518171.49882,392517.245512,1.03321182651,531750.594326,432524.245981,103.321182651
0.0513486,19323.742558,16477.1982856,-2211.55617547,-286.490665082,-17112.1863825,-16190.7076206,0.955878949447,291742.95182,195120.468058,169485.542858,185116.668865,-460146.003014,-380237.136922,288729.360038,166567.996893,-453576.061852,-51253.6912489,0.955878949447,510839.683417,528896.994037,391001.912698,431620.804623,269898.600835,170136.331057,-439171.219652,288729.360038,166567.996893,-453576.061852,-51253.6912489,510839.683417,391001.912698,0.955878949447,528896.994037,431620.804623,95.5878949447
0.0514152,19244.0347239,16241.4835407,-1957.92830366,187.100070239,-17286.1064202,-16428.5836109,0.859698399531,282242.753521,186864.527631,175154.722147,193397.765044,-460847.347831,-380262.292675,286838.662787,168432.091418,-456306.987201,-61320.6899948,0.859698399531,505542.770061,526833.598761,390077.003037,430376.635745,267010.223968,173560.143886,-441086.872747,286838.662787,168432.091418,-456306.987201,-61320.6899948,505542.770061,390077.003037,0.859698399531,526833.598761,430376.635745,85.9698399531
0.0514818,19134.9792137,15995.5308322,-1684.67384686,660.572865366,-17450.3053669,-16656.1036976,0.737521730666,273138.583964,178490.795489,180821.945347,201556.951223,-459061.503019,-380047.746712,284930.586146,171428.354914,-457579.77272,-66675.7221574,0.737521730666,503046.472398,527150.146107,389686.852901,428534.831609,263828.5367,177606.951782,-442046.874338,284930.586146,171428.354914,-457579.77272,-66675.7221574,503046.472398,389686.852901,0.737521730666,527150.146107,428534.831609,73.7521730666
0.0515484,18970.4048305,15739.4951987,-1366.61075494,1133.62926252,-17603.7940755,-16873.1244612,0.590324943813,265368.704437,170004.550087,185920.055696,209589.084187,-455070.145242,-379593.634274,281794.397462,175821.974513,-457075.986679,-67768.0978856,0.590324943813,502676.900599,530440.424056,390772.614212,425521.9432,259450.213527,182550.814654,-441732.722406,281794.397462,175821.974513,-457075.986679,-67768.0978856,502676.900599,390772.614212,0.590324943813,530440.424056,425521.9432,59.0324943813
0.051615,18727.0183004,15473.5380345,-975.184762343,1605.97106639,-17751.8335381,-17079.5091009,0.431310447082,258062.355241,161411.140805,190085.555138,217489.100808,-449741.829461,-378900.241614,275700.0782,181552.777008,-455166.39283,-66686.3454348,0.431310447082,503240.759644,535716.29451,394073.61577,421152.27012,252707.674614,188558.737673,-440224.255525,275700.0782,181552.777008,-455166.39283,-66686.3454348,503240.759644,394073.61577,0.431310447082,535716.29451,421152.27012,43.1310447082
0.0516816,18394.490195,15197.8269881,-494.26074004,2077.30053212,-17900.229455,-17275.1275202,0.268742712612,249963.598741,152715.984577,194019.537467,225252.021242,-443935.370265,-377968.005819,265846.091405,188762.922675,-452049.305778,-64659.6603608,0.268742712612,504444.934615,540816.278679,398615.709365,416341.294868,243044.347431,195829.784882,-437594.568064,265846.091405,188762.922675,-452049.305778,-64659.6603608,504444.934615,398615.709365,0.268742712612,540816.278679,416341.294868,26.8742712612
0.0517482,17974.8581223,14912.5358563,70.9145417209,2547.320553,-18045.7726641,-17459.8564093,0.0942291584264,240736.164943,143924.56247,198678.099153,232872.952062,-438218.296047,-376797.514532,252550.771189,197468.360499,-447522.630537,-61874.3620659,0.0942291584264,506471.510618,543900.829934,403022.13541,412791.638636,230660.816771,204323.409692,-433736.039984,252550.771189,197468.360499,-447522.630537,-61874.3620659,506471.510618,403022.13541,0.0942291584264,543900.829934,412791.638636,9.42291584264
0.0518148,17476.5900612,14617.844475,698.72777444,3015.73484772,-18175.3178357,-17633.5793228,-0.0979116554192,230635.480586,135042.416236,204200.148155,240347.089346,-432808.57103,-375389.505582,236467.211815,207067.923292,-441423.275866,-58279.961458,-0.0979116554192,508952.594698,544580.364314,406883.198671,411759.733925,216058.791807,213537.220976,-428539.621335,236467.211815,207067.923292,-441423.275866,-58279.961458,508952.594698,406883.198671,-0.0979116554192,544580.364314,411759.733925,-9.79116554192
0.0518814,16915.3470116,14313.9386055,1359.70010215,3482.24814718,-18275.0471137,-17796.1867527,-0.301407999375,219603.716097,126075.144815,210018.512662,247669.721707,-427803.850346,-373744.866521,218234.885896,216489.404933,-434021.690201,-53706.3941241,-0.301407999375,511213.824923,543767.43491,410371.098081,413503.556038,199820.867493,222683.033187,-422150.624666,218234.885896,216489.404933,-434021.690201,-53706.3941241,511213.824923,410371.098081,-0.301407999375,543767.43491,413503.556038,-30.1407999375
0.051948,16318.2795415,14001.0098176,2018.69044893,3946.56638057,-18336.9699904,-17947.5761982,-0.511014512675,207091.077031,117028.400805,215732.213135,254836.233257,-423131.344216,-371864.634062,198821.80108,224659.474046,-425929.008082,-48094.7789436,-0.511014512675,512834.762969,542606.892511,413716.330505,417538.756422,182793.489177,230972.54138,-414986.054035,198821.80108,224659.474046,-425929.008082,-48094.7789436,512834.762969,413716.330505,-0.511014512675,542606.892511,417538.756422,-51.1014512675
0.0520146,15713.0479673,13679.2553687,2644.64290178,4408.39686076,-18357.6908691,-18087.6522295,-0.72648498669,192641.2753,107907.886903,221884.083698,261842.106522,-418040.160466,-369749.993425,179645.242121,231195.434646,-417333.087597,-41972.6955266,-0.72648498669,513900.083858,541583.940072,416682.969855,422236.047466,166027.573502,238012.333943,-407282.138959,179645.242121,231195.434646,-417333.087597,-41972.6955266,513900.083858,416682.969855,-0.72648498669,541583.940072,422236.047466,-72.648498669
0.0520812,15108.2811012,13348.8780796,3234.63204917,4867.4484688,-18342.9131504,-18216.3265484,-0.94384274263,176258.752653,98719.3523051,229828.47748,268682.925288,-411320.993809,-367402.277593,161812.420269,237047.30184,-407620.751661,-36427.3377955,-0.94384274263,514768.117339,539922.041728,418157.016432,424730.143144,150145.43609,244291.740277,-398816.453129,161812.420269,237047.30184,-407620.751661,-36427.3377955,514768.117339,418157.016432,-0.94384274263,539922.041728,424730.143144,-94.384274263
0.0521478,14497.7057503,13010.0862066,3817.4873696,5323.43183744,-18315.1931199,-18333.518044,-1.15512052926,157964.15031,89468.5890861,240431.144191,275354.377384,-402436.563551,-364822.96647,145268.485614,243850.012807,-396475.903757,-32291.9320303,-1.15512052926,515927.480626,536478.068318,416816.603124,423268.225981,134916.42955,250927.424874,-389524.782868,145268.485614,243850.012807,-396475.903757,-32291.9320303,515927.480626,416816.603124,-1.15512052926,536478.068318,423268.225981,-115.512052926
0.0522144,13881.3434689,12663.09331,4421.585052,5776.05953351,-18302.9285209,-18439.1528435,-1.35420281041,137457.303686,80161.4285467,253065.337395,281852.257401,-391995.770754,-362013.685947,129044.344576,252291.201313,-384866.073478,-29286.9589992,-1.35420281041,518179.930893,531328.198844,412449.222623,419646.800898,119690.832383,258595.824599,-380055.369264,129044.344576,252291.201313,-384866.073478,-29286.9589992,518179.930893,412449.222623,-1.35420281041,531328.198844,419646.800898,-135.420281041
0.052281,13267.4940378,12308.1181201,5050.42240273,6225.0462391,-18317.9164405,-18533.1643592,-1.52845159759,114661.062077,70803.7375382,266262.692368,288172.469341,-380848.52546,-358976.20688,112294.751171,261731.715066,-374115.303923,-26301.6310741,-1.52845159759,521906.131268,525749.150386,406456.354054,416864.805167,104073.257168,267067.9063,-371187.96546,112294.751171,261731.715066,-374115.303923,-26301.6310741,521906.131268,406456.354054,-1.52845159759,525749.150386,416864.805167,-152.845159759
0.0523476,12660.1773322,11945.3843984,5692.63573197,6670.10893147,-18352.8130641,-18615.4933299,-1.65015490873,90366.3558923,61401.4147645,278957.684304,294311.029205,-369241.598062,-355712.443969,94872.356452,271368.160708,-364598.422105,-22204.3551246,-1.65015490873,526268.215037,521428.503785,401163.350932,415784.412325,88079.1961948,275832.714401,-363091.86986,94872.356452,271368.160708,-364598.422105,-22204.3551246,526268.215037,401163.350932,-1.65015490873,521428.503785,415784.412325,-165.015490873
0.0524142,12053.2250581,11575.1207976,6343.01513908,7110.96706139,-18396.2401972,-18686.087859,-1.69695581685,66067.3772213,51960.3870633,290628.757578,300264.067495,-357199.338465,-352224.454558,76910.7708194,281039.424771,-355815.25026,-16417.7343415,-1.69695581685,529875.331235,519302.646239,398582.291111,415914.441442,71770.2326052,284712.226735,-355415.290983,76910.7708194,281039.424771,-355815.25026,-16417.7343415,529875.331235,398582.291111,-1.69695581685,519302.646239,415914.441442,-169.695581685
0.0524808,11430.5200135,11197.5607165,7010.69509082,7547.34273001,-18441.2151043,-18744.9034465,-1.67163541504,43139.2321935,42486.6056702,300764.580559,306027.831662,-345084.096782,-348514.437332,58107.7820816,290984.259476,-347122.156713,-9428.77240796,-1.67163541504,531854.483792,518822.653445,399259.817024,416774.39384,54848.8808963,293838.013378,-347701.662255,58107.7820816,290984.259476,-347122.156713,-9428.77240796,531854.483792,399259.817024,-1.67163541504,518822.653445,416774.39384,-167.163541504
0.0525474,10773.2775903,10812.9421534,7713.39343801,7978.96086406,-18486.6710283,-18791.9030174,-1.58982411753,21970.2694516,32986.0424676,309098.219594,311598.688464,-333383.291478,-344584.730932,37673.8040877,301452.263431,-338209.337801,-2466.97240175,-1.58982411753,532112.931648,518710.371962,402342.635543,417929.873875,36707.7950227,303431.882806,-339679.877589,37673.8040877,301452.263431,-338209.337801,-2466.97240175,532112.931648,402342.635543,-1.58982411753,518710.371962,417929.873875,-158.982411753
0.052614,10072.159122,10421.5075561,8464.24830179,8405.5493892,-18536.4074238,-18827.0569453,-1.46695918003,1946.25842699,23464.6862199,316330.337727,316973.126264,-322410.812543,-340437.812484,15097.7075114,312702.055738,-329040.618879,3856.32531117,-1.46695918003,531274.13253,518133.400003,406786.578409,419123.156901,16959.4089039,313721.895192,-331299.340852,15097.7075114,312702.055738,-329040.618879,3856.32531117,531274.13253,406786.578409,-1.46695918003,518133.400003,419123.156901,-146.695918003
0.0526806,9332.6910984,10023.503669,9259.00149602,8826.83940158,-18591.6925944,-18850.3430705,-1.31969576129,-17345.6160279,13928.5387986,323995.62071,322147.757236,-312226.150948,-336076.296035,-9029.20495705,325079.487612,-319343.313675,10259.3052361,-1.31969576129,530446.49488,517314.13381,411569.141524,420142.171753,-4045.1571047,324863.796163,-322463.688828,-9029.20495705,325079.487612,-319343.313675,10259.3052361,530446.49488,411569.141524,-1.31969576129,517314.13381,420142.171753,-131.969576129
0.0527472,8570.31645478,9619.18137715,10074.1069821,9242.56533728,-18644.4234369,-18861.7467144,-1.16384978949,-35389.311072,4383.61139919,333323.889885,327119.319506,-302550.712065,-331502.930905,-33249.4873305,338673.662362,-308554.863614,18231.888402,-1.16384978949,530405.413627,517245.822203,415470.947208,420453.55472,-25350.5115376,336718.4213,-312934.51419,-33249.4873305,338673.662362,-308554.863614,18231.888402,530405.413627,415470.947208,-1.16384978949,517245.822203,420453.55472,-116.384978949
0.0528138,7803.88152708,9208.79554886,10876.7072943,9652.46513977,-18680.5888213,-18861.2606886,-1.00723490212,-51735.1285545,-5164.07924869,344217.151848,331884.679205,-293171.798148,-326720.599956,-56438.4706971,352700.388956,-296643.130277,28666.8496332,-1.00723490212,531217.159308,518960.376063,418158.751072,419324.992622,-46092.2514493,348621.505809,-302723.008192,-56438.4706971,352700.388956,-296643.130277,28666.8496332,531217.159308,418158.751072,-1.00723490212,518960.376063,419324.992622,-100.723490212
0.0528804,7056.6472797,8792.60487445,11633.4116825,10056.2804251,-18690.0589622,-18848.8852995,-0.851722711459,-67043.9396236,-14708.5146733,355443.077558,336440.832447,-284473.467669,-321732.317774,-78256.6485109,365559.932375,-284618.947347,40703.7693947,-0.851722711459,532399.477904,522825.229437,420946.712174,416271.438502,-65769.9671446,359519.888799,-292410.107701,-78256.6485109,365559.932375,-284618.947347,40703.7693947,532399.477904,420946.712174,-0.851722711459,522825.229437,416271.438502,-85.1722711459
0.052947,6356.28811421,8370.8717034,12313.7614878,10453.7566446,-18670.049602,-18824.628348,-0.702805344547,-82595.0576482,-24243.678455,365913.450688,340784.90722,-276902.86756,-316541.228765,-98338.9631738,375849.703659,-273723.541815,51977.4050837,-0.702805344547,533315.526979,527837.730804,424705.056521,411521.026766,-83862.5876915,368517.711326,-282761.787079,-98338.9631738,375849.703659,-273723.541815,51977.4050837,533315.526979,424705.056521,-0.702805344547,527837.730804,411521.026766,-70.2805344547
0.0530136,5720.74427573,7943.86187896,12902.5670153,10844.6432457,-18623.311291,-18788.5051247,-0.571229161131,-99210.03067,-33763.5600184,375627.826903,344914.165197,-270184.803151,-311150.605178,-116014.692337,383365.630271,-264321.951133,59788.9147783,-0.571229161131,533706.360995,531691.490727,428233.363012,405996.249955,-99841.1332852,375438.770503,-274082.293745,-116014.692337,383365.630271,-264321.951133,59788.9147783,533706.360995,428233.363012,-0.571229161131,531691.490727,405996.249955,-57.1229161131
0.0530802,5146.10676272,7511.84457059,13416.3977028,11228.6938296,-18562.5044656,-18740.5384002,-0.460893471097,-116948.497446,-43262.1584216,385308.915929,348826.003464,-263664.378119,-305563.845043,-131201.318201,389167.077645,-256094.207878,63072.1729007,-0.460893471097,533881.967777,532429.449883,430548.781961,400991.47903,-113782.250702,380981.7048,-266262.916122,-131201.318201,389167.077645,-256094.207878,63072.1729007,533881.967777,430548.781961,-0.460893471097,532429.449883,400991.47903,-46.0893471097
0.0531468,4619.53143901,7075.09210421,13892.2363147,11605.6663065,-18511.7677537,-18680.7584107,-0.362975156233,-135390.688679,-52733.4861388,395352.149123,352517.95616,-257050.830678,-299784.470021,-144633.359346,394680.496405,-249020.671157,63194.7104934,-0.362975156233,534446.754202,530076.640962,432422.585539,397734.238492,-126343.230879,386216.066912,-259359.020673,-144633.359346,394680.496405,-249020.671157,63194.7104934,534446.754202,432422.585539,-0.362975156233,530076.640962,397734.238492,-36.2975156233
0.0532134,4137.14844514,6633.87979065,14353.4324257,11975.3230485,-18490.5808708,-18609.2028391,-0.265255341036,-153849.269445,-62171.5728343,405308.704224,355987.696029,-250472.849202,-293816.123194,-156926.888959,400651.135959,-243487.424323,61931.0967962,-0.265255341036,535471.786088,526152.832428,434759.848611,396886.978784,-137991.688309,391765.495338,-253654.616757,-156926.888959,400651.135959,-243487.424323,61931.0967962,535471.786088,434759.848611,-0.265255341036,526152.832428,396886.978784,-26.5255341036
0.05328,3700.0357918,6188.48575199,14797.2548177,12337.4310391,-18497.2906095,-18525.9167911,-0.155467462187,-171369.616251,-71570.4691262,414345.699566,359233.035889,-244010.693684,-287662.566763,-168046.957208,406956.748738,-239515.517822,59924.5576472,-0.155467462187,536419.101561,522179.504677,437516.139324,398265.58397,-148688.694005,397544.309417,-249157.792524,-168046.957208,406956.748738,-239515.517822,59924.5576472,536419.101561,437516.139324,-0.155467462187,522179.504677,398265.58397,-15.5467462187
0.0533466,3302.94699763,5739.19074633,15212.6023988,12691.7620205,-18515.5493965,-18430.9527668,-0.0167107623682,-186636.207803,-80924.2503368,422002.105068,362251.930012,-237457.932768,-281327.679675,-177591.588865,413358.426171,-236389.204769,57170.6346969,-0.0167107623682,537109.583722,518931.038084,439967.57287,400504.672065,-158199.120275,403272.793208,-245385.577743,-177591.588865,413358.426171,-236389.204769,57170.6346969,537109.583722,439967.57287,-0.0167107623682,518931.038084,400504.672065,-1.67107623682
0.0534132,2931.74577872,5286.27799077,15598.4934749,13038.0926368,-18530.2392536,-18324.3706276,0.167072922515,-198286.752135,-90227.0202269,428144.699076,365042.475411,-230738.417962,-274815.455184,-185416.046435,419951.357327,-233132.143442,53530.9142448,0.167072922515,537977.885201,516114.091834,440976.909455,401422.102232,-166526.482941,408904.266427,-241679.200935,-185416.046435,419951.357327,-233132.143442,53530.9142448,537977.885201,440976.909455,0.167072922515,516114.091834,401422.102232,16.7072922515
0.0534798,2566.83128361,4830.0329829,15966.3974558,13376.2045756,-18533.2287394,-18206.2375585,0.393514003459,-205925.64142,-99472.9147128,432352.096129,367602.913041,-224425.844679,-268129.998328,-192286.401915,426644.343935,-229361.423655,48829.6612468,0.393514003459,539629.720275,512926.919283,439442.114209,400022.471815,-174233.802129,414412.919221,-237684.626511,-192286.401915,426644.343935,-229361.423655,48829.6612468,539629.720275,439442.114209,0.393514003459,512926.919283,400022.471815,39.3514003459
0.0535464,2192.37646933,4370.7433208,16330.7641917,13705.8847049,-18523.1406611,-18076.6280257,0.636893374783,-210724.563808,-108656.105563,434209.217586,369931.628908,-219494.038992,-261275.523345,-199671.579193,432814.715651,-225618.774049,43243.0134552,0.636893374783,542445.319545,509129.82544,435060.182136,397910.215473,-182231.925604,419563.993064,-233571.545796,-199671.579193,432814.715651,-225618.774049,43243.0134552,542445.319545,435060.182136,0.636893374783,509129.82544,397910.215473,63.6893374783
0.053613,1805.81407546,3908.6985218,16696.0688918,14026.925208,-18501.8829673,-17935.6237298,0.86520135174,-214361.512467,-117770.804071,434305.350276,372027.155084,-216532.629345,-254256.351013,-208414.149353,437882.782211,-222593.097805,37583.4039331,0.86520135174,545934.328246,505608.319213,428771.66055,397262.036383,-190984.687751,424104.692877,-229680.746013,-208414.149353,437882.782211,-222593.097805,37583.4039331,545934.328246,428771.66055,0.86520135174,505608.319213,397262.036383,86.520135174
0.0536796,1418.01545589,3444.18983995,17048.9148132,14339.123714,-18466.9302691,-17783.313554,1.05509849181,-217455.660198,-126811.264706,434036.662532,373888.170636,-215367.43583,-247076.90593,-217830.780361,441752.9602,-220229.412821,32910.6138499,1.05509849181,548546.396865,504069.178849,422300.533001,398753.925799,-200010.634605,427894.311325,-226034.174039,-217830.780361,441752.9602,-220229.412821,32910.6138499,548546.396865,422300.533001,1.05509849181,504069.178849,398753.925799,105.509849181
0.0537462,1045.24557282,2977.51008241,17362.6998004,14642.283426,-18407.9453732,-17619.7935085,1.20055244913,-219604.702147,-135771.788733,434242.481531,375513.502456,-215341.498181,-239741.713724,-226369.28944,444430.866626,-217916.542311,29596.3232675,1.20055244913,548783.999161,505514.731771,417238.895003,402231.380529,-208284.17159,430720.619779,-222361.052037,-226369.28944,444430.866626,-217916.542311,29596.3232675,548783.999161,417238.895003,1.20055244913,505514.731771,402231.380529,120.055244913
0.0538128,703.34000397,2508.95342493,17610.0105693,14936.2132445,-18313.3505732,-17445.1666695,1.30892225633,-220532.514635,-144646.727806,434665.660845,376902.126002,-215796.171625,-232255.398197,-232748.288274,445605.929287,-215288.776299,26942.184299,1.30892225633,546402.040496,509276.219374,414336.863012,407279.643552,-214911.954587,432201.26045,-218502.820073,-232748.288274,445605.929287,-215288.776299,26942.184299,546402.040496,414336.863012,1.30892225633,509276.219374,407279.643552,130.892225633
0.0538794,408.820878133,2038.81522636,17769.9252771,15220.7278882,-18178.7461553,-17259.5431146,1.37615000581,-220582.393078,-153430.487528,434725.173859,378053.165944,-216242.230235,-224622.678415,-236245.152221,444787.41504,-212579.484248,23797.7602972,1.37615000581,542134.39399,513566.196686,413382.282467,412928.7647,-219313.972007,431943.08699,-214646.241946,-236245.152221,444787.41504,-212579.484248,23797.7602972,542134.39399,413382.282467,1.37615000581,513566.196686,412928.7647,137.615000581
0.053946,175.585638462,1567.39184248,17831.6471281,15495.6480108,-18007.2327666,-17063.0398533,1.38633789537,-220399.686559,-162117.530979,434290.897833,378965.896711,-216170.126319,-216848.365732,-236448.133465,441764.593178,-210178.279035,19266.6536372,1.38633789537,536905.3551,516840.670537,413556.784444,418042.871736,-221139.927877,429795.167929,-211085.430434,-236448.133465,441764.593178,-210178.279035,19266.6536372,536905.3551,413556.784444,1.38633789537,516840.670537,418042.871736,138.633789537
0.0540126,1.56986078856,1094.98043923,17805.7855347,15760.800314,-17807.3553955,-16855.7807532,1.34671940974,-220449.318835,-170702.382204,433768.415616,379639.742957,-214989.896087,-208937.360754,-233426.280056,437095.429251,-208023.268656,13264.5931031,1.34671940974,531800.255874,519212.103081,413805.273333,422083.61356,-220497.014635,426146.906752,-207827.882533,-233426.280056,437095.429251,-208023.268656,13264.5931031,531800.255874,413805.273333,1.34671940974,519212.103081,422083.61356,134.671940974
0.0540792,-134.123683357,621.878805327,17730.2134712,16016.0176566,-17596.0897878,-16637.8964619,1.28684409671,-220846.688634,-179179.629664,433548.009859,380074.279917,-212431.7764,-200894.650253,-228173.847548,431999.84618,-205882.159937,6720.43046362,1.28684409671,527812.662404,522135.639421,413349.689,424898.043061,-218223.637879,421927.36826,-204734.371854,-228173.847548,431999.84618,-205882.159937,6720.43046362,527812.662404,413349.689,1.28684409671,522135.639421,424898.043061,128.684409671
0.0541458,-253.069867305,148.385164591,17647.7900584,16261.13916,-17394.7201911,-16409.5243246,1.22234078396,-221630.09783,-187543.929652,433171.062213,380269.233676,-208991.464723,-192725.304024,-222362.686735,427304.654671,-204164.504408,667.351042812,1.22234078396,525076.052833,526809.416573,412328.758976,426043.245954,-215531.256003,417924.9309,-202007.12995,-222362.686735,427304.654671,-204164.504408,667.351042812,525076.052833,412328.758976,1.22234078396,526809.416573,426043.245954,122.234078396
0.0542124,-365.248134307,-325.202012053,17576.9858337,16496.0103099,-17211.7376994,-16170.8082979,1.15216071707,-222841.450498,-195790.009658,431316.746917,380224.481344,-205614.044771,-184434.471687,-217341.902349,422735.190638,-203632.730647,-4949.0670518,1.15216071707,522625.854083,533288.427098,411642.689644,425066.263881,-213261.384164,414160.919094,-200018.986715,-217341.902349,422735.190638,-203632.730647,-4949.0670518,522625.854083,411642.689644,1.15216071707,533288.427098,425066.263881,115.216071707
0.054279,-477.329604297,-798.584194719,17512.1105845,16720.4830531,-17034.7809802,-15921.8988584,1.07906616937,-224032.851381,-203912.67169,426976.107014,379940.051131,-202721.999305,-176027.37944,-213394.302389,417678.16174,-204173.489558,-11338.2797817,1.07906616937,519325.807228,540211.479877,411233.414175,422225.791612,-211562.280335,410223.536992,-198603.738358,-213394.302389,417678.16174,-204173.489558,-11338.2797817,519325.807228,411233.414175,1.07906616937,540211.479877,422225.791612,107.906616937
0.0543456,-601.607997956,-1271.46298274,17445.3624521,16934.4158911,-16843.7544542,-15662.9529084,1.01129986592,-224021.941184,-211906.795557,420284.875738,379416.122328,-199904.114339,-167509.326771,-210021.375522,412182.230749,-204563.904121,-19883.9741088,1.01129986592,514835.637881,545226.31192,409665.5182,418469.677237,-210211.046841,405973.62945,-196961.918029,-210021.375522,412182.230749,-204563.904121,-19883.9741088,514835.637881,409665.5182,1.01129986592,545226.31192,418469.677237,101.129986592
0.0544122,-755.615214964,-1743.54029277,17380.7709634,17137.6739696,-16625.1557485,-15394.1336768,0.948977448954,-221606.82709,-219767.342093,411987.700246,378653.025201,-196630.347794,-158885.683109,-206958.621276,406752.014233,-203510.509497,-30741.0979293,0.948977448954,509723.818341,546668.687411,406486.053501,415053.103874,-209200.346208,401607.947798,-194265.434453,-206958.621276,406752.014233,-203510.509497,-30741.0979293,509723.818341,406486.053501,0.948977448954,546668.687411,415053.103874,94.8977448954
0.0544788,-956.548528322,-2214.51854668,17331.1787455,17330.1291629,-16374.6302171,-15115.6106163,0.881618306596,-216657.811636,-227489.35633,402725.409962,377651.240774,-192782.439601,-150161.884444,-204685.720126,401659.701143,-200484.867418,-42313.3311626,0.881618306596,504998.098205,544850.89055,403033.086692,413086.544925,-208944.559875,397312.286659,-190123.520443,-204685.720126,401659.701143,-200484.867418,-42313.3311626,504998.098205,403033.086692,0.881618306596,544850.89055,413086.544925,88.1618306596
0.0545454,-1212.25372446,-2684.10085913,17306.8395333,17511.6601553,-16094.5858089,-14827.5592962,0.798392920251,-210424.142259,-235067.97063,393217.684602,376411.40053,-188507.321791,-141343.4299,-203840.619236,396866.083786,-195663.220052,-52007.446696,0.798392920251,501296.788365,541350.530642,400739.331201,413119.904529,-209868.660385,393141.083868,-184591.946462,-203840.619236,396866.083786,-195663.220052,-52007.446696,501296.788365,400739.331201,0.798392920251,541350.530642,413119.904529,79.8392920251
0.054612,-1515.96273258,-3151.99122476,17304.7144527,17682.1525171,-15788.7517201,-14530.1612923,0.69337158316,-204541.873476,-242498.407745,384496.491113,374934.286015,-183960.916297,-132435.878269,-204413.939436,392203.306861,-189426.033393,-57746.273756,0.69337158316,498871.870988,537760.442271,400175.889259,414967.690787,-211911.905658,389014.749846,-177922.033132,-204413.939436,392203.306861,-189426.033393,-57746.273756,498871.870988,400175.889259,0.69337158316,537760.442271,414967.690787,69.337158316
0.0546786,-1850.94833249,-3617.89470469,17306.3129917,17841.4987768,-15455.3646592,-14223.6040722,0.567991688984,-199817.597094,-249775.983834,377334.333713,373220.828339,-179117.835997,-123444.844506,-205644.808246,387355.29391,-181981.024543,-59588.8264178,0.567991688984,498209.614479,535201.390218,401077.043567,417618.290292,-214489.272519,384657.585767,-170305.098303,-205644.808246,387355.29391,-181981.024543,-59588.8264178,498209.614479,401077.043567,0.567991688984,535201.390218,417618.290292,56.7991688984
0.0547452,-2199.94610891,-4081.51761255,17287.2341132,17989.5984893,-15087.2880043,-13908.0808767,0.432983629978,-196346.882738,-256896.111411,371517.128115,371272.107597,-173758.606735,-114375.996187,-206675.276509,381760.82723,-173468.745796,-59196.7721769,0.432983629978,499936.148868,533954.586661,402433.795516,419708.652947,-216928.585373,379605.432364,-161870.364415,-206675.276509,381760.82723,-173468.745796,-59196.7721769,499936.148868,402433.795516,0.432983629978,533954.586661,419708.652947,43.2983629978
0.0548118,-2549.27461434,-4542.5676995,17229.3129581,18126.3582984,-14680.0383438,-13583.7905989,0.295491282493,-194488.864249,-263854.30224,365959.19232,369089.352182,-167793.237875,-105235.049942,-207247.864391,374622.938286,-164421.523683,-57803.9477107,0.295491282493,504313.013035,533306.879415,402943.446619,420720.404309,-218914.656211,373327.772343,-152937.03093,-207247.864391,374622.938286,-164421.523683,-57803.9477107,504313.013035,402943.446619,0.295491282493,533306.879415,420720.404309,29.5491282493
0.0548784,-2887.70760612,-5000.75433852,17125.2080485,18251.6919964,-14237.5004424,-13250.9376579,0.148723081098,-194985.928551,-270646.170165,359711.305935,366673.938014,-161235.204962,-96027.7678482,-207557.19589,365323.185594,-155680.797989,-55683.6046447,0.148723081098,510968.739137,532224.485317,401906.433453,421479.830938,-220436.286706,365494.569384,-144013.851514,-207557.19589,365323.185594,-155680.797989,-55683.6046447,510968.739137,401906.433453,0.148723081098,532224.485317,421479.830938,14.8723081098
0.054945,-3211.56312687,-5455.7887076,16981.1520699,18365.5205782,-13769.5889431,-12909.7318706,-0.0142895816541,-198150.778753,-277267.433871,352891.539721,364027.387669,-153632.234764,-86759.9537973,-207627.962921,354204.765249,-147476.812034,-52748.2509798,-0.0142895816541,518622.366863,530678.899919,399838.420285,422829.632537,-221520.64748,356370.121498,-135296.277662,-207627.962921,354204.765249,-147476.812034,-52748.2509798,518622.366863,399838.420285,-0.0142895816541,530678.899919,422829.632537,-1.42895816541
0.0550116,-3534.18371962,-5907.38397177,16824.3716709,18467.7722908,-13290.1879512,-12560.388319,-0.190563552374,-203491.045777,-283713.919586,346487.159203,361151.369424,-144138.581836,-77437.4498385,-207470.24838,342849.554607,-139032.435938,-48804.6906641,-0.190563552374,525363.284385,529794.885526,398135.691113,424758.060927,-222408.533256,346983.694299,-126399.776531,-207470.24838,342849.554607,-139032.435938,-48804.6906641,525363.284385,398135.691113,-0.190563552374,529794.885526,424758.060927,-19.0563552374
0.0550782,-3880.19142172,-6355.25546394,16698.2407846,18558.382679,-12818.0493628,-12203.1272151,-0.375507190407,-210228.238608,-289981.56371,341179.27552,358047.696204,-132416.756836,-68066.1324948,-207689.191337,333181.914329,-129511.323043,-43801.6945594,-0.375507190407,529722.314443,530319.192251,398071.742253,427123.667168,-223798.183353,338659.762248,-116871.468643,-207689.191337,333181.914329,-129511.323043,-43801.6945594,529722.314443,398071.742253,-0.375507190407,530319.192251,427123.667168,-37.5507190407
0.0551448,-4266.38525336,-6799.12086435,16635.0970164,18637.2946257,-12368.711763,-11838.1737614,-0.568141940113,-217782.013254,-296066.415377,336576.918129,354718.324436,-118998.827914,-58651.9090595,-209250.348982,326117.245246,-118896.258449,-38246.8706872,-0.568141940113,531336.918017,531563.142304,399895.642945,429634.055629,-226459.23877,332136.831968,-106694.589295,-209250.348982,326117.245246,-118896.258449,-38246.8706872,531336.918017,399895.642945,-0.568141940113,531563.142304,429634.055629,-56.8141940113
0.0552114,-4696.46341099,-7238.70037848,16636.6745023,18704.4583882,-11940.2110913,-11465.7580097,-0.766155376492,-225699.608141,-301964.638948,331671.502656,351165.35282,-104670.656416,-49200.7138721,-212762.435808,321143.892012,-107575.443701,-33183.4871971,-0.766155376492,530453.327002,531604.437893,402750.383003,431131.866081,-230728.616074,327159.406007,-96030.4001654,-212762.435808,321143.892012,-107575.443701,-33183.4871971,530453.327002,402750.383003,-0.766155376492,531604.437893,431131.866081,-76.6155376492
0.055278,-5171.92305275,-7673.71691349,16685.8253268,18759.831629,-11513.902274,-11086.1147155,-0.963691930208,-233488.841733,-307672.516425,325750.604344,347391.021002,-89904.7423002,-39718.5045773,-218317.39549,317170.740551,-95546.6072251,-29471.246305,-0.963691930208,527607.847579,528972.308195,405360.232303,430373.555174,-236561.426594,322973.480914,-84760.994987,-218317.39549,317170.740551,-95546.6072251,-29471.246305,527607.847579,405360.232303,-0.963691930208,528972.308195,430373.555174,-96.3691930208
0.0553446,-5698.37145244,-8103.89625284,16769.4692187,18803.3794432,-11071.0977662,-10699.4831903,-1.15348516884,-240669.2541,-313186.449796,318759.712208,343397.708166,-74930.9411467,-30211.2583701,-225831.036586,313522.737038,-82391.8161683,-26969.8350457,-1.15348516884,524062.605916,524627.954438,406872.137173,427472.591025,-243871.799708,319055.570182,-72535.9176534,-225831.036586,313522.737038,-82391.8161683,-26969.8350457,524062.605916,406872.137173,-1.15348516884,524627.954438,427472.591025,-115.348516884
0.0554112,-6283.03069638,-8528.96722915,16886.8537137,18835.07438,-10603.8230173,-10306.1071508,-1.32226706485,-247133.829874,-318502.963305,310998.682829,339187.931532,-60026.9628064,-20684.9682276,-235460.376022,310001.465071,-67841.1653195,-24656.8865076,-1.32226706485,521345.791603,521211.271722,407306.372318,423415.950327,-252775.490345,315255.160682,-59131.0953359,-235460.376022,310001.465071,-67841.1653195,-24656.8865076,521345.791603,407306.372318,-1.32226706485,521211.271722,423415.950327,-132.226706485
0.0554778,-6928.42317519,-8948.66189516,17042.3174341,18854.8964603,-10113.8942589,-9906.2345651,-1.44601518885,-253680.586048,-323618.70564,302847.845765,334764.344771,-45570.4692169,-11145.6391316,-247649.796755,306415.647718,-52187.306192,-21409.2416976,-1.44601518885,519986.531363,520761.675414,407564.830841,418765.515456,-263534.686963,311512.550111,-44688.0120385,-247649.796755,306415.647718,-52187.306192,-21409.2416976,519986.531363,407564.830841,-1.44601518885,520761.675414,418765.515456,-144.601518885
0.0555444,-7625.44891122,-9362.7156926,17233.8009322,18862.833189,-9608.35202095,-9500.11749636,-1.50386317764,-261746.008484,-328530.452047,295050.131724,330129.73633,-31762.2106895,-1599.28428287,-262441.089854,302601.852253,-35998.4049641,-16650.5378098,-1.50386317764,519384.957552,523661.528932,408879.680311,413758.490951,-276106.304208,307774.963903,-29584.717618,-262441.089854,302601.852253,-35998.4049641,-16650.5378098,519384.957552,408879.680311,-1.50386317764,523661.528932,413758.490951,-150.386317764
0.055611,-8352.93452801,-9770.86761899,17445.8539898,18858.8795631,-9092.91946177,-9088.01194412,-1.49437705757,-272064.956868,-333235.106364,288851.180674,325287.027675,-18264.3415923,7948.07868893,-278740.707241,298751.175377,-19410.0298324,-10773.984349,-1.49437705757,519064.21452,528503.413485,411446.978158,408947.627412,-289731.487416,304081.071746,-14046.3599303,-278740.707241,298751.175377,-19410.0298324,-10773.984349,519064.21452,411446.978158,-1.49437705757,528503.413485,408947.627412,-149.437705757
0.0556776,-9085.79932325,-10172.8603921,17652.9219854,18843.0380749,-8567.12266218,-8670.17768276,-1.42939005138,-284031.81856,-337729.702969,285192.065355,320239.271451,-4255.74388766,17490.4315187,-294743.28618,295179.1902,-2071.86811794,-4853.05769222,-1.42939005138,519167.231009,532867.523784,414252.664619,405208.617469,-303212.618451,300437.182353,1958.48544267,-294743.28618,295179.1902,-2071.86811794,-4853.05769222,519167.231009,414252.664619,-1.42939005138,532867.523784,405208.617469,-142.939005138
0.0557442,-9803.94863409,-10568.4406123,17831.3985875,18815.3187101,-8027.44995341,-8246.87809784,-1.3233584134,-296754.249442,-342011.408654,283807.380134,314989.649555,10956.3700854,27021.7590994,-309218.204711,291742.334839,16083.0791603,512.21861449,-1.3233584134,519839.95509,534960.629155,416684.186006,403309.378405,-315678.523155,296613.896734,18367.1880851,-309218.204711,291742.334839,16083.0791603,512.21861449,519839.95509,416684.186006,-1.3233584134,534960.629155,403309.378405,-132.33584134
0.0558108,-10494.004366,-10957.358922,17969.2754974,18775.738942,-7475.27113136,-7818.38002001,-1.19268564804,-310146.184662,-346077.524408,283496.846722,309541.471134,27417.594546,36536.0532741,-322055.578683,287852.731326,34391.9908185,5921.6550955,-1.19268564804,520897.466073,534578.136022,419008.971302,403480.787747,-326925.191349,292255.23058,34763.0129932,-322055.578683,287852.731326,34391.9908185,5921.6550955,520897.466073,419008.971302,-1.19268564804,534578.136022,403480.787747,-119.268564804
0.0558774,-11148.1113268,-11339.3701631,18067.4422465,18724.3237199,-6919.33091975,-7384.95355684,-1.05337320875,-324738.550664,-349925.487119,283172.231615,303898.170496,44718.0172231,46027.3166229,-333694.306965,283124.852986,51965.144155,12747.6625069,-1.05337320875,521860.907872,532564.876268,421477.495549,405394.280731,-337131.050117,287223.933781,50604.2003043,-333694.306965,283124.852986,51965.144155,12747.6625069,521860.907872,421477.495549,-1.05337320875,532564.876268,405394.280731,-105.337320875
0.055944,-11769.0767098,-11714.2335314,18140.7712748,18661.105454,-6371.69456494,-6946.87192255,-0.914475765855,-340871.201094,-353552.871188,282470.403953,298063.304944,62500.8274393,55489.5662436,-344682.360664,277879.235786,68426.2396015,21917.9899792,-0.914475765855,522556.637682,530029.722916,424049.276869,408315.511496,-346672.660043,281836.37749,65647.8546858,-344682.360664,277879.235786,68426.2396015,21917.9899792,522556.637682,424049.276869,-0.914475765855,530029.722916,408315.511496,-91.4475765855
0.0560106,-12374.299198,-12081.7127285,18220.2146084,18586.1239943,-5845.9154104,-6504.4112658,-0.778513874066,-358239.280333,-356957.390062,281551.930065,292040.552539,80533.8905955,64916.8375229,-355822.133602,273118.276179,83994.113892,32812.4107842,-0.778513874066,523738.6657,527980.208066,426540.762808,411163.504359,-356232.471141,276852.539324,80025.3507569,-355822.133602,273118.276179,83994.113892,32812.4107842,523738.6657,426540.762808,-0.778513874066,527980.208066,411163.504359,-77.8513874066
0.0560772,-12983.8232745,-12441.5761106,18339.6825187,18499.4266062,-5355.85924413,-6057.8504956,-0.649545009154,-376056.800433,-360136.897673,280430.812819,285833.709776,98400.4540344,74303.1878968,-368053.370424,269875.121248,98901.012156,43358.6082224,-0.649545009154,526364.685759,526721.671058,428248.2611,412879.639531,-366595.137569,273068.011052,93889.1441759,-368053.370424,269875.121248,98901.012156,43358.6082224,526364.685759,428248.2611,-0.649545009154,526721.671058,412879.639531,-64.9545009154
0.0561438,-13604.2038279,-12793.5968346,18510.3084558,18401.0679401,-4906.1046279,-5607.47110548,-0.536422848391,-393452.232666,-363089.389789,278587.271872,279446.689193,115462.501222,83642.7005956,-381863.49511,268304.200195,113043.866529,51124.3848166,-0.536422848391,530592.632796,525332.249014,427948.424382,413079.402307,-378108.657001,270653.167353,107199.446444,-381863.49511,268304.200195,113043.866529,51124.3848166,530592.632796,427948.424382,-0.536422848391,525332.249014,413079.402307,-53.6422848391
0.0562104,-14230.2827356,-13137.5530011,18713.4447115,18291.1099972,-4483.16197596,-5153.55699612,-0.443715001852,-409541.197665,-365813.005281,275483.179677,272883.516906,131358.428809,92929.4883747,-396895.67731,267670.523019,126483.227162,54957.6434363,-0.443715001852,536040.156598,522571.451605,425298.274313,412305.265369,-390456.952762,269054.062719,120034.460162,-396895.67731,267670.523019,126483.227162,54957.6434363,536040.156598,425298.274313,-0.443715001852,522571.451605,412305.265369,-44.3715001852
0.056277,-14857.0064679,-13473.2277943,18920.8900506,18169.6220906,-4063.88358277,-4696.3942963,-0.364498166056,-423313.033219,-368306.027294,271337.066495,266148.330069,146360.615676,102157.697225,-412114.89235,267365.004793,139965.423872,55767.4242946,-0.364498166056,542093.025359,518690.826806,421793.312258,411294.322738,-402929.017875,267666.239851,132872.134878,-412114.89235,267365.004793,139965.423872,55767.4242946,542093.025359,421793.312258,-0.364498166056,518690.826806,411294.322738,-36.4498166056
0.0563436,-15483.0796933,-13800.4096186,19115.3510278,18036.6808012,-3632.27133451,-4236.27118258,-0.286549537357,-433996.948277,-370566.884328,266935.830182,259245.374266,160899.988849,111321.510062,-426518.576471,267383.493729,154422.90492,55108.0879059,-0.286549537357,547566.055473,515248.230877,419515.199897,410445.707841,-414914.639243,266292.851703,146264.761531,-426518.576471,267383.493729,154422.90492,55108.0879059,547566.055473,419515.199897,-0.286549537357,515248.230877,410445.707841,-28.6549537357
0.0564102,-16107.104888,-14118.8922321,19292.4809193,17892.3699298,-3185.37603126,-3773.47769768,-0.197375270184,-441845.241983,-372594.151233,262777.73623,252179.000837,174872.843144,120415.150397,-439893.402295,267685.617502,169991.87328,53703.8543403,-0.197375270184,551114.582396,513213.85105,419495.766696,410096.174541,-426272.747723,264871.360905,160290.660909,-439893.402295,267685.617502,169991.87328,53703.8543403,551114.582396,419495.766696,-0.197375270184,513213.85105,410096.174541,-19.7375270184
0.0564768,-16721.6452277,-14428.4748763,19450.6850933,17736.7804439,-2729.0398656,-3308.30556756,-0.0818684586974,-448318.977194,-374386.550104,258957.596802,244953.664133,187741.103216,129432.885971,-452690.556515,267724.61578,185790.991429,51577.3748327,-0.0818684586974,552195.980857,512120.779962,421462.019647,410277.766856,-437176.141324,263153.573861,174432.688603,-452690.556515,267724.61578,185790.991429,51577.3748327,552195.980857,421462.019647,-0.0818684586974,512120.779962,410277.766856,-8.18684586974
0.0565434,-17309.3340905,-14728.9624032,19580.9518475,17570.0104208,-2271.61775699,-2841.04801763,0.0740913022879,-455104.910031,-375942.951084,255740.45282,237573.91871,199137.482172,138369.032374,-465088.160162,266793.214556,200633.175856,48545.9529209,0.0740913022879,551055.823147,510545.233287,424420.735013,410254.546516,-447560.968176,260782.102364,187947.387193,-465088.160162,266793.214556,200633.175856,48545.9529209,551055.823147,424420.735013,0.0740913022879,510545.233287,410254.546516,7.40913022879
0.05661,-17846.5589284,-15020.1653977,19664.060215,17392.1649855,-1817.50128662,-2371.99958782,0.270138117449,-462852.884842,-377262.373084,253497.574013,230044.416456,209139.765958,147217.956629,-476411.754792,264442.125335,213821.236664,44425.9008752,0.270138117449,548374.62013,507581.72195,427181.139703,409158.669561,-456841.19331,257445.733754,200322.249137,-476411.754792,264442.125335,213821.236664,44425.9008752,548374.62013,427181.139703,0.270138117449,507581.72195,409158.669561,27.0138117449
0.0566766,-18313.0130173,-15301.9002974,19677.9074215,17203.3562444,-1364.89440424,-1901.45594699,0.485817627365,-470985.665873,-378343.984394,252044.247265,222369.903658,218184.039828,155974.080736,-485533.777736,260509.080338,225305.233287,39389.5771296,0.485817627365,545218.911888,504202.854216,428757.615898,406941.709302,-464205.782707,252923.831894,211423.805523,-485533.777736,260509.080338,225305.233287,39389.5771296,545218.911888,428757.615898,0.485817627365,504202.854216,406941.709302,48.5817627365
0.0567432,-18698.1764509,-15573.9895082,19609.3920772,17003.7032147,-911.21562629,-1429.71370651,0.693067020547,-478617.556877,-379187.10321,250530.171371,214555.218016,226794.531926,164631.885194,-491706.551238,254977.996301,235225.82599,34216.6870701,0.693067020547,542444.643098,502623.782089,428792.201451,404158.344952,-469142.344104,247116.65623,221276.108553,-491706.551238,254977.996301,235225.82599,34216.6870701,542444.643098,428792.201451,0.693067020547,502623.782089,404158.344952,69.3067020547
0.0568098,-19000.254037,-15836.2615164,19459.9443725,16793.3317496,-459.69033554,-957.07023328,0.870539791623,-485335.093436,-379791.198066,248055.710972,206605.285585,235249.11849,173185.912481,-494891.946497,247969.812622,243521.734176,29944.7332397,0.870539791623,539858.295285,504672.420759,427778.353529,401360.547415,-471628.911835,240111.379089,229819.433272,-494891.946497,247969.812622,243521.734176,29944.7332397,539858.295285,427778.353529,0.870539791623,504672.420759,401360.547415,87.0539791623
0.0568764,-19224.6630485,-16088.5509963,19243.5003732,16572.3744586,-18.8373246336,-483.823462323,1.01125406814,-491019.489295,-380155.888163,244335.495017,198525.117676,243642.500469,181630.770488,-495389.039115,239996.244722,250214.800489,27027.7495866,1.01125406814,536678.503627,510707.699174,426650.027069,399131.277181,-471927.532418,232294.068694,237046.194216,-495389.039115,239996.244722,250214.800489,27027.7495866,536678.503627,426650.027069,1.01125406814,510707.699174,399131.277181,101.125406814
0.056943,-19387.653984,-16330.6989151,18985.445016,16340.9706241,402.208968041,-10.2717089467,1.11946155876,-495256.595872,-380280.943618,239823.973018,190319.807694,252164.942556,189961.135925,-493587.176991,232145.699486,255868.31884,24897.4879147,1.11946155876,532949.41118,519188.223117,425762.253568,398173.827311,-470475.163124,224409.517167,243278.834667,-493587.176991,232145.699486,255868.31884,24897.4879147,532949.41118,425762.253568,1.11946155876,519188.223117,398173.827311,111.946155876
0.0570096,-19514.4401422,-16562.5526327,18719.2995754,16099.2661134,795.140566784,463.286519294,1.19235235533,-497353.232983,-380166.2856,235040.053124,181994.527929,260819.158814,198171.757671,-490257.62806,225596.965246,261184.132453,22451.1143167,1.19235235533,529450.910211,527328.189001,424751.051328,398924.361994,-467999.254678,217291.238399,248967.04915,-490257.62806,225596.965246,261184.132453,22451.1143167,529450.910211,424751.051328,1.19235235533,527328.189001,398924.361994,119.235235533
0.0570762,-19624.3941418,-16783.965998,18469.218328,15847.4132873,1155.17581386,936.552710759,1.21709231364,-496906.937695,-379811.986385,229681.356311,173554.526297,268924.436782,206257.460088,-486535.747952,220614.76486,266156.564625,18798.0981854,1.21709231364,526493.16164,532828.88703,423412.688228,401274.408741,-465321.469227,211241.79772,254193.970124,-486535.747952,220614.76486,266156.564625,18798.0981854,526493.16164,423412.688228,1.21709231364,532828.88703,401274.408741,121.709231364
0.0571428,-19720.637531,-16994.7994412,18230.8767056,15585.5709033,1489.76082534,1409.2285379,1.19627722725,-493990.051676,-379218.269308,222688.340289,165005.123026,275416.323412,214213.146282,-483173.473265,216186.122304,270216.193776,13815.0459199,1.19627722725,523816.793755,535304.399855,422024.290296,404951.877799,-462811.928448,205687.627492,258736.617374,-483173.473265,216186.122304,270216.193776,13815.0459199,523816.793755,422024.290296,1.19627722725,535304.399855,404951.877799,119.627722725
0.0572094,-19797.7077078,-17194.9200615,17976.9904896,15313.9040162,1820.71721826,1881.0160453,1.15247208904,-488768.896663,-378385.508624,213274.569396,156351.707309,279695.785618,222033.801315,-480011.21912,210875.142044,273207.162179,8289.9333477,1.15247208904,521172.068831,535874.745334,420976.900048,409776.846004,-460200.886068,199624.644142,262611.633501,-480011.21912,210875.142044,273207.162179,8289.9333477,521172.068831,420976.900048,1.15247208904,535874.745334,409776.846004,115.247208904
0.057276,-19852.6227414,-17384.2017111,17681.736327,15032.5838735,2170.88641438,2351.61783752,1.10141244381,-481223.172695,-377314.229272,201662.466735,147599.733904,281949.220703,229714.495368,-476324.185939,203900.271629,275684.297231,3160.78276431,1.10141244381,518685.021837,535869.004525,420337.954683,415182.755541,-456958.065283,192377.323785,266211.754537,-476324.185939,203900.271629,275684.297231,3160.78276431,518685.021837,420337.954683,1.10141244381,535869.004525,415182.755541,110.141244381
0.0573426,-19885.9115983,-17562.5250746,17335.7243984,14741.7878081,2550.18719992,2820.73726654,1.04441303748,-471345.063234,-376005.106541,188814.169628,138754.719694,282757.503601,237250.386847,-471500.458592,195325.157563,278293.371326,-1557.65080688,1.04441303748,516871.031125,536168.264901,419525.073771,420044.637979,-452725.361722,183863.981726,269921.13219,-471500.458592,195325.157563,278293.371326,-1557.65080688,516871.031125,419525.073771,1.04441303748,536168.264901,420044.637979,104.441303748
0.0574092,-19896.946751,-17729.7777443,16941.8441309,14441.6991256,2955.10262005,3288.07861874,0.983351824748,-459638.428363,-374458.96565,175737.092421,129822.240214,282656.170556,244636.725436,-465346.879406,185508.129107,281192.939093,-6941.50914984,0.983351824748,516068.523888,536786.893551,417226.539485,423317.488523,-447419.013365,174300.943341,273795.583092,-465346.879406,185508.129107,281192.939093,-6941.50914984,516068.523888,417226.539485,0.983351824748,536786.893551,423317.488523,98.3351824748
0.0574758,-19879.0950595,-17885.8542911,16503.3804297,14132.5069897,3375.71462981,3753.34730137,0.924687100171,-447262.984062,-372676.781221,163209.542291,120807.92613,282036.173372,251868.85509,-457856.257192,174642.512229,284004.870013,-14309.8234896,0.924687100171,516089.867133,536637.804816,412092.632608,424734.656377,-441016.094333,163862.065713,277550.042764,-457856.257192,174642.512229,284004.870013,-14309.8234896,516089.867133,412092.632608,0.924687100171,536637.804816,424734.656377,92.4687100171
0.0575424,-19818.9271103,-18030.6563306,16016.0934974,13814.4063024,3802.83361288,4216.25002816,0.869539986219,-435258.923068,-370659.67667,151862.398644,111717.459697,281289.130898,258942.216973,-448712.654622,162791.170694,286264.119385,-23955.2372149,0.869539986219,516668.104704,534661.031456,404263.791787,424867.857315,-433256.258372,152607.780284,280819.963056,-448712.654622,162791.170694,286264.119385,-23955.2372149,516668.104704,404263.791787,0.869539986219,534661.031456,424867.857315,86.9539986219
0.057609,-19702.5552851,-18164.0925856,15469.3175709,13487.5975813,4233.23771417,4676.49500427,0.810213332101,-423659.699115,-368408.923498,141914.346373,102556.57117,280902.604323,265852.352328,-437187.704896,150055.904218,287892.77694,-34556.5517002,0.810213332101,517567.588455,531394.376374,395868.926709,424405.199623,-423632.397699,140545.655259,283466.114499,-437187.704896,150055.904218,287892.77694,-34556.5517002,517567.588455,395868.926709,0.810213332101,531394.376374,424405.199623,81.0213332101
0.0576756,-19524.360492,-18286.0789434,14855.3699547,13152.2868332,4668.99053727,5133.79211018,0.737627118105,-411860.507999,-365925.940486,132647.713204,93331.0351964,281234.354051,272594.90529,-422838.919996,136428.286193,289009.834003,-43803.1230468,0.737627118105,518209.445504,528420.141477,389491.144882,423814.410355,-411844.831738,127614.829512,285527.211153,-422838.919996,136428.286193,289009.834003,-43803.1230468,518209.445504,389491.144882,0.737627118105,528420.141477,423814.410355,73.7627118105
0.0577422,-19289.8360662,-18396.5385089,14178.9906313,12808.6854242,5110.84543495,5587.85308461,0.646922437785,-399704.604596,-363212.292805,122574.040899,84046.6671755,282161.172283,279165.62563,-406235.405415,121612.967224,289369.719386,-49751.6904768,0.646922437785,518055.524549,526671.005609,386596.060731,423627.569675,-398236.473045,113690.894683,286917.31823,-406235.405415,121612.967224,289369.719386,-49751.6904768,518055.524549,386596.060731,0.646922437785,526671.005609,423627.569675,64.6922437785
0.0578088,-19011.9621825,-18495.4016527,13458.1683428,12457.0099465,5553.79383967,6038.39170618,0.539838092986,-387629.003909,-360269.691027,110483.390225,74709.3195908,283218.671782,285560.371436,-388651.891345,105380.129569,288456.519141,-52188.2170615,0.539838092986,517229.345692,525965.98175,387274.896413,424229.069708,-383624.731088,98792.5024598,287424.933663,-388651.891345,105380.129569,288456.519141,-52188.2170615,517229.345692,387274.896413,0.539838092986,525965.98175,424229.069708,53.9838092986
0.0578754,-18709.3412881,-18582.6060557,12719.4275741,12097.4820819,5989.91371406,6485.12397386,0.425328224391,-375881.292151,-357099.990047,96291.4197785,65324.8783225,284180.787176,291775.111725,-371198.249549,88161.2750917,286246.762497,-52401.2692371,0.425328224391,516242.260256,525521.390481,390681.790494,425423.699226,-368827.826989,83335.344564,287099.752291,-371198.249549,88161.2750917,286246.762497,-52401.2692371,516242.260256,390681.790494,0.425328224391,525521.390481,425423.699226,42.5328224391
0.057942,-18407.5314708,-18658.0967479,11994.7785088,11730.3284619,6412.75296201,6927.768286,0.309567854564,-364079.924236,-353705.187914,80812.9640282,55899.2589364,285212.218878,297805.928978,-354554.311197,71136.974537,283552.056919,-51568.0471848,0.309567854564,515617.232188,524813.808463,395424.005818,426533.178918,-354521.435163,68133.3287853,286458.181386,-354554.311197,71136.974537,283552.056919,-51568.0471848,515617.232188,395424.005818,0.309567854564,524813.808463,426533.178918,30.9567854564
0.0580086,-18132.6853871,-18721.8261429,11314.3289109,11355.780525,6818.35647621,7366.04561783,0.186976006543,-351511.320495,-350087.424572,64872.180146,46438.4029557,286440.112671,303649.021617,-339186.579091,55587.897768,281429.6496,-50032.5044164,0.186976006543,515856.28015,524288.346475,400053.297438,426835.232912,-341267.090335,54025.761514,286158.399021,-339186.579091,55587.897768,281429.6496,-50032.5044164,515856.28015,400053.297438,0.186976006543,524288.346475,426835.232912,18.6976006543
0.0580752,-17897.5705381,-18773.7540683,10688.8823784,10974.074371,7208.68815976,7799.67969733,0.0498857955308,-337636.034554,-346248.980511,48684.1746611,36948.2741149,287686.7712,309300.706396,-325288.504169,41939.7579169,280427.718243,-47691.7083548,0.0498857955308,517047.525835,525133.650104,403755.753015,425888.103434,-329299.791394,41278.5279589,286561.056708,-325288.504169,41939.7579169,280427.718243,-47691.7083548,517047.525835,403755.753015,0.0498857955308,525133.650104,425888.103434,4.98857955308
0.0581418,-17698.3515064,-18813.8477911,10100.7160321,10585.4506117,7597.63547429,8228.39717941,-0.101389057838,-322362.852111,-342192.275326,31992.4636396,27434.854601,288688.176769,314757.420725,-312587.73292,29422.4383915,280593.839547,-44326.0753366,-0.101389057838,518468.083094,528401.874721,406745.33627,423703.570935,-318358.5285,29323.650059,287748.749451,-312587.73292,29422.4383915,280593.839547,-44326.0753366,518468.083094,406745.33627,-0.101389057838,528401.874721,423703.570935,-10.1389057838
0.0582084,-17526.3067208,-18842.0820376,9519.28479112,10190.1542194,8007.02192972,8651.92781818,-0.263299599486,-305964.186097,-337919.8662,14739.0305894,17904.1412827,289459.345003,320015.724917,-300479.301979,16855.6445586,282025.718189,-39879.2504676,-0.263299599486,519246.350235,534086.675067,409685.123464,420863.381657,-307912.059505,17265.5984271,289846.43982,-300479.301979,16855.6445586,282025.718189,-39879.2504676,519246.350235,409685.123464,-0.263299599486,534086.675067,420863.381657,-26.3299599486
0.058275,-17376.8550663,-18858.4390103,8925.22386534,9788.43437294,8451.63120099,9070.00463736,-0.434536643795,-288891.9343,-333434.446282,-2558.12132146,8362.14192983,290320.29197,325072.304352,-288451.792547,3620.00576423,284969.117582,-34831.2794831,-0.434536643795,519333.880338,540537.712024,412531.43685,418186.217628,-297564.535271,4594.5936006,293036.626101,-288451.792547,3620.00576423,284969.117582,-34831.2794831,519333.880338,412531.43685,-0.434536643795,540537.712024,418186.217628,-43.4536643795
0.0583416,-17248.2488158,-18862.9083983,8317.87775073,9380.54429982,8930.37106511,9482.36409849,-0.613782016115,-271941.497282,-328738.842997,-19240.7957893,-1185.12857353,291493.584233,329923.97157,-276543.370393,-10364.0224205,289284.351081,-30180.9210016,-0.613782016115,519022.913277,544897.346166,414503.617416,415902.505018,-287320.218813,-8727.13189786,297233.691434,-276543.370393,-10364.0224205,289284.351081,-30180.9210016,519022.913277,414503.617416,-0.613782016115,544897.346166,415902.505018,-61.3782016115
0.0584082,-17136.686602,-18855.4873843,7705.82557416,8966.74111722,9430.86102785,9888.74626712,-0.796863472794,-256504.327494,-323836.01626,-35035.3892218,-10731.6520205,292863.791345,334567.668281,-265338.551363,-25186.6837635,294164.753486,-26803.0920165,-0.796863472794,518136.522577,544997.82793,415130.628752,413662.816783,-277498.927862,-22622.4545096,301940.642437,-265338.551363,-25186.6837635,294164.753486,-26803.0920165,518136.522577,415130.628752,-0.796863472794,544997.82793,413662.816783,-79.6863472794
0.0584748,-17033.0498181,-18836.1806463,7094.79646653,8547.28566966,9938.2533516,10288.8949767,-0.976379236836,-244061.059737,-318729.056613,-49828.1798872,-20271.4106754,294321.384007,339000.467288,-255241.486923,-40925.6117864,298673.822013,-24679.1927002,-0.976379236836,516514.787464,541167.900271,414838.518645,411626.731077,-268283.66643,-37010.3386631,306549.338349,-255241.486923,-40925.6117864,298673.822013,-24679.1927002,516514.787464,414838.518645,-0.976379236836,541167.900271,411626.731077,-97.6379236836
0.0585414,-16924.8024661,-18805.0003544,6482.72946151,8122.4423646,10442.0730046,10682.5579898,-1.13889395065,-235054.245566,-313421.183271,-63316.0025743,-29798.3910663,296195.225065,343219.574337,-245813.550995,-57269.6508047,302519.448994,-22894.9691624,-1.13889395065,514555.141411,535615.207837,414556.00149,410591.011726,-259370.949211,-51686.4520872,310778.731916,-245813.550995,-57269.6508047,302519.448994,-22894.9691624,514555.141411,414556.00149,-1.13889395065,535615.207837,410591.011726,-113.889395065
0.058608,-16803.3594938,-18761.9661633,5864.12472613,7692.47900581,10939.2347677,11069.4871575,-1.26294287849,-228497.987715,-307915.742101,-75357.3402269,-39306.5877765,299198.952431,347222.329877,-236113.899289,-73604.4308121,306143.213154,-20355.3063334,-1.26294287849,513059.475621,530579.697774,414834.533695,410864.69546,-250208.246088,-66357.7669535,314780.91495,-236113.899289,-73604.4308121,306143.213154,-20355.3063334,513059.475621,414834.533695,-1.26294287849,530579.697774,410864.69546,-126.294287849
0.0586746,-16670.3905973,-18707.1052002,5239.73064395,7257.66662449,11430.6599534,11449.4385757,-1.32910134248,-222925.45734,-302216.203506,-86418.041932,-48790.0072298,303982.636484,351006.210735,-225660.07972,-89408.368356,310126.142433,-16475.4668685,-1.32910134248,512964.05038,527393.546515,415380.764212,411894.976663,-240567.446216,-80764.438999,318861.51888,-225660.07972,-89408.368356,310126.142433,-16475.4668685,512964.05038,415380.764212,-1.32910134248,527393.546515,411894.976663,-132.910134248
0.0587412,-16536.869432,-18640.4520469,4622.28978898,6818.27930852,11914.579643,11822.1727384,-1.33302774208,-217560.053324,-296326.16024,-97315.5618139,-58242.6714683,310671.270165,354568.831708,-214896.029996,-104387.33824,314663.990964,-11564.1290948,-1.33302774208,514954.226065,526084.054125,415278.762992,412965.553357,-230807.75625,-94674.8435585,323172.493779,-214896.029996,-104387.33824,314663.990964,-11564.1290948,514954.226065,415278.762992,-1.33302774208,526084.054125,412965.553357,-133.302774208
0.0588078,-16417.8371132,-18562.0487191,4033.28477316,6374.59402957,12384.55234,12187.4546895,-1.28315979954,-212492.554448,-290249.325146,-108582.959471,-67658.6219212,318802.212807,357907.947067,-204840.497862,-118313.984097,319613.737272,-6561.41737403,-1.28315979954,519085.386441,525437.002918,413672.347722,413897.886187,-221651.088976,-107812.661096,327692.609971,-204840.497862,-118313.984097,319613.737272,-6561.41737403,519085.386441,413672.347722,-1.28315979954,525437.002918,413897.886187,-128.315979954
0.0588744,-16330.5359065,-18471.9446388,3496.81971723,5926.89046862,12833.7161892,12545.0541702,-1.19256103687,-208008.690127,-283989.528809,-120138.192165,-77031.9231603,327736.505926,361021.45197,-196504.107676,-130800.972881,324968.643752,-2047.61747747,-1.19256103687,524727.024964,524254.021627,410695.831588,414920.524247,-213843.88553,-119803.925009,332478.634316,-196504.107676,-130800.972881,324968.643752,-2047.61747747,524727.024964,410695.831588,-1.19256103687,524254.021627,414920.524247,-119.256103687
0.058941,-16293.6448283,-18370.1966041,3035.40965291,5475.45083958,13258.2351754,12894.7457645,-1.07704263955,-204077.375999,-277550.717149,-131543.482492,-86356.666642,336937.289717,363907.383791,-190645.73804,-141302.703669,331056.633367,2471.40191425,-1.07704263955,530632.075751,522613.225883,407660.047026,415986.47436,-208005.977089,-130222.16682,337780.834845,-190645.73804,-141302.703669,331056.633367,2471.40191425,530632.075751,407660.047026,-1.07704263955,522613.225883,415986.47436,-107.704263955
0.0590076,-16318.7959175,-18256.8687526,2660.86175871,5020.55971143,13657.9341588,13236.3090412,-0.952516298399,-200523.892797,-270936.948928,-142636.804711,-95626.9744313,345798.380007,366563.923359,-187757.313975,-149632.867632,338059.708329,8254.96288677,-0.952516298399,535264.97285,521307.346221,406030.883337,416867.632403,-204520.561859,-138903.480736,343757.518018,-187757.313975,-149632.867632,338059.708329,8254.96288677,535264.97285,406030.883337,-0.952516298399,521307.346221,416867.632403,-95.2516298399
0.0590742,-16400.5833553,-18132.0325217,2361.02419891,4562.50382885,14039.5591564,13569.5286928,-0.828935268475,-197360.30783,-264152.393192,-153773.892912,-104837.002907,353646.574842,368989.396099,-187846.941127,-156518.991429,345650.004885,16247.9535187,-0.828935268475,537737.247929,520656.647981,406554.875615,417689.414256,-203290.431276,-146320.477475,350253.057896,-187846.941127,-156518.991429,345650.004885,16247.9535187,537737.247929,406554.875615,-0.828935268475,520656.647981,417689.414256,-82.8935268475
0.0591408,-16520.5263929,-17995.7666028,2101.38834304,4101.57193142,14419.1380498,13894.1946714,-0.709530574761,-194663.532721,-257201.326648,-165210.563057,-113980.946447,360270.054353,371182.273094,-190155.376038,-163221.483816,353507.110211,26039.9360969,-0.709530574761,538393.019676,520349.239562,409278.906671,418738.553342,-203628.03435,-153397.655794,357092.572213,-190155.376038,-163221.483816,353507.110211,26039.9360969,538393.019676,409278.906671,-0.709530574761,520349.239562,418738.553342,-70.9530574761
0.0592074,-16660.5621997,-17848.1568926,1847.00703886,3638.05457167,14813.5551608,14210.1023209,-0.597453028227,-192318.896542,-250088.130961,-176408.038176,-123053.041083,366237.146312,373141.172044,-193358.383274,-170456.893752,361901.851982,35837.9283328,-0.597453028227,538081.92598,519793.889241,413591.501825,419893.442434,-204562.358659,-160796.516694,364404.038394,-193358.383274,-170456.893752,361901.851982,35837.9283328,538081.92598,413591.501825,-0.597453028227,519793.889241,419893.442434,-59.7453028227
0.059274,-16809.0832473,-17689.296438,1581.9505805,3172.24393188,15227.1326668,14517.0525061,-0.49994573799,-190206.184632,-242817.289997,-186274.826913,-132047.568142,372408.475504,374864.858139,-196270.001568,-177970.325759,371342.715436,43441.3661572,-0.49994573799,537386.999963,518546.833279,418134.953618,420365.655815,-205339.204338,-168508.855932,372399.465074,-196270.001568,-177970.325759,371342.715436,43441.3661572,537386.999963,418134.953618,-0.49994573799,518546.833279,420365.655815,-49.994573799
0.0593406,-16957.6522531,-17519.2853782,1308.71067214,2704.43363994,15648.941581,14814.8517382,-0.421823655735,-188650.530915,-235393.386997,-194004.957906,-140958.857842,379252.129173,376352.244839,-198421.616305,-185152.681132,381804.489237,47656.7071189,-0.421823655735,536859.688722,516887.315316,421650.157892,419150.273691,-205688.746643,-176152.109885,380954.190663,-198421.616305,-185152.681132,381804.489237,47656.7071189,536859.688722,421650.157892,-0.421823655735,516887.315316,419150.273691,-42.1823655735
0.0594072,-17096.3447004,-17338.2308811,1034.9937722,2234.91858421,16061.3509282,15103.3122969,-0.35791252263,-188520.206787,-227821.101683,-199462.27717,-149781.292873,386719.52287,377602.394556,-200011.210509,-191760.085362,392507.929693,49039.4561579,-0.35791252263,537050.090355,515976.61276,424101.434961,415845.675716,-205696.679139,-183456.151579,389518.623038,-200011.210509,-191760.085362,392507.929693,49039.4561579,537050.090355,424101.434961,-0.35791252263,515976.61276,415845.675716,-35.791252263
0.0594738,-17212.1967188,-17146.247076,762.969181982,1763.99472768,16449.2275368,15382.2523483,-0.29655590319,-190654.629595,-220105.207313,-202955.408668,-158509.311935,394529.866826,378614.519248,-201344.035144,-197979.679097,402389.430974,48913.8235462,-0.29655590319,537781.463827,517071.088824,426428.743451,410931.732649,-205452.968392,-190413.265337,397397.130449,-201344.035144,-197979.679097,402389.430974,48913.8235462,537781.463827,426428.743451,-0.29655590319,517071.088824,410931.732649,-29.655590319
0.0595404,-17292.9450055,-16943.4549817,487.737856327,1291.9589214,16805.2071491,15651.4960603,-0.225216584972,-194998.250084,-212250.567668,-205036.529773,-167137.413243,402454.005139,379387.980912,-202368.260182,-204052.807076,410784.207718,48036.6837681,-0.225216584972,538335.601943,520333.557365,429224.842629,405507.61522,-204832.031108,-197129.701236,404142.209197,-202368.260182,-204052.807076,410784.207718,48036.6837681,538335.601943,429224.842629,-0.225216584972,520333.557365,405507.61522,-22.5216584972
0.059607,-17333.8446162,-16729.98243,204.030879238,819.108717334,17129.813737,15910.8737127,-0.1301095211,-200451.927492,-204262.133992,-206565.396675,-175660.157998,410425.058011,379922.29199,-202838.433775,-210047.175416,417660.04719,46466.4204395,-0.1301095211,538480.253031,524300.515625,432018.437514,400740.969635,-203652.539699,-203673.215495,409712.504111,-202838.433775,-210047.175416,417660.04719,46466.4204395,538480.253031,432018.437514,-0.1301095211,524300.515625,400740.969635,-13.01095211
0.0596736,-17340.6313026,-16505.9639851,-85.3062809309,345.742180805,17425.9375835,16160.2218043,0.00128137640057,-205793.259125,-196144.941864,-208639.32392,-184072.17381,418346.596912,380217.115674,-202891.748472,-215939.282623,423212.432601,43989.619222,0.00128137640057,538317.197871,526578.569914,433951.042171,397141.814795,-202032.341167,-210032.47644,414255.985928,-202891.748472,-215939.282623,423212.432601,43989.619222,538317.197871,433951.042171,0.00128137640057,526578.569914,397141.814795,0.128137640057
0.0597402,-17325.3953991,-16271.5408592,-367.579877005,-127.842297381,17692.9752761,16399.3831566,0.169949426111,-210482.721544,-187904.108029,-212077.598199,-192368.158091,425862.598418,380272.26612,-203155.322423,-221622.299313,427515.887319,40405.4906047,0.169949426111,537634.107601,525581.091287,434707.205443,394578.279113,-200429.079296,-216076.855512,417876.983003,-203155.322423,-221622.299313,427515.887319,40405.4906047,537634.107601,434707.205443,0.169949426111,525581.091287,394578.279113,16.9949426111
0.0598068,-17300.9125484,-16026.8608228,-626.26122022,-601.34618904,17927.1737686,16628.2070118,0.359824352794,-214375.692016,-179544.827169,-216813.133497,-200542.881394,432584.191157,380087.708563,-204142.160224,-226653.151219,430798.175492,35871.3280885,0.359824352794,536160.172338,521798.564668,434619.81507,393123.851286,-199270.485822,-221467.040137,420741.60643,-204142.160224,-226653.151219,430798.175492,35871.3280885,536160.172338,434619.81507,0.359824352794,521798.564668,393123.851286,35.9824352794
0.0598734,-17279.1474043,-15772.0781122,-847.15039748,-1074.47101678,18126.2978018,16846.549129,0.546691893342,-217071.28913,-171072.368631,-221919.067973,-208591.19071,438442.810645,379663.55934,-205844.92048,-230204.841501,433760.006172,31128.8936164,0.546691893342,533954.813944,517212.659414,434152.230347,393252.21739,-198705.915453,-225693.900711,423256.463221,-205844.92048,-230204.841501,433760.006172,31128.8936164,533954.813944,434152.230347,0.546691893342,517212.659414,393252.21739,54.6691893342
0.05994,-17269.0590106,-15507.353332,-1022.73852822,-1546.91854217,18291.7975389,17054.2718742,0.711107038767,-217944.501068,-162492.073105,-226412.802545,-216508.012714,443487.373214,379000.085818,-208028.431913,-231613.331496,437153.723956,27190.3320951,0.711107038767,531438.435564,513967.256874,433287.962508,395162.548254,-198713.987694,-228389.485678,425858.708872,-208028.431913,-231613.331496,437153.723956,27190.3320951,531438.435564,433287.962508,0.711107038767,513967.256874,395162.548254,71.1107038767
0.0600066,-17268.4104144,-15232.8533538,-1160.65658633,-2018.3909537,18429.0670008,17251.2443075,0.84556682762,-216685.018214,-153809.349256,-230070.172791,-224288.356968,447447.753179,378097.706224,-210480.935777,-231121.88893,441054.201892,24574.7776039,0.84556682762,529382.170007,513443.606003,431467.334423,398508.646165,-199131.72526,-229750.01669,428605.098688,-210480.935777,-231121.88893,441054.201892,24574.7776039,529382.170007,431467.334423,0.84556682762,513443.606003,398508.646165,84.556682762
0.0600732,-17259.4877344,-14948.7512111,-1290.28359914,-2488.59105456,18549.7713335,17437.3422657,0.952128183892,-213582.849363,-145029.670317,-233450.622457,-231927.319062,449792.57212,376956.989379,-212793.27917,-230043.477951,444832.261703,22840.9873992,0.952128183892,528705.788814,515546.881386,428094.746128,402765.463757,-199480.693894,-230670.080819,431146.284891,-212793.27917,-230043.477951,444832.261703,22840.9873992,528705.788814,428094.746128,0.952128183892,515546.881386,402765.463757,95.2128183892
0.0601398,-17218.6153359,-14655.2259902,-1451.90720171,-2957.22244992,18670.5225376,17612.4484402,1.02863010505,-209303.886355,-136158.570636,-237174.331494,-239420.08371,450203.54721,375578.654346,-214252.229258,-230018.963246,447817.821878,20957.3792189,1.02863010505,529890.852156,518684.856247,423015.706695,407520.770779,-199031.594443,-232301.917739,433105.794962,-214252.229258,-230018.963246,447817.821878,20957.3792189,529890.852156,423015.706695,1.02863010505,518684.856247,407520.770779,102.863010505
0.0602064,-17128.8198051,-14352.4627174,-1673.54341349,-3423.98973383,18802.3632186,17776.4524512,1.06460145579,-204453.985149,-127201.64219,-241242.116162,-246761.927779,448866.588309,373963.569969,-214123.227846,-231949.182518,449753.927393,18044.0439175,1.06460145579,532434.42882,521182.655945,416828.85362,412288.962576,-197154.421005,-235324.982665,434320.231591,-214123.227846,-231949.182518,449753.927393,18044.0439175,532434.42882,416828.85362,1.06460145579,521182.655945,412288.962576,106.460145579
0.060273,-16982.0882793,-14040.652242,-1959.23383329,-3888.59867538,18941.3221126,17929.2509174,1.05957425121,-199403.825907,-118164.531059,-245113.257283,-253948.223274,446273.447153,372112.754333,-211978.96186,-235645.258109,450597.764401,13935.7252401,1.05957425121,534995.987938,522812.534726,410882.520026,416505.254645,-193564.570543,-239646.503843,434698.441082,-211978.96186,-235645.258109,450597.764401,13935.7252401,534995.987938,410882.520026,1.05957425121,522812.534726,416505.254645,105.957425121
0.0603396,-16774.3359508,-13719.9911168,-2297.314858,-4350.75640419,19071.6508088,18070.747521,1.03016633841,-194497.388461,-109052.933864,-248328.502326,-260974.44025,442825.539563,370027.374114,-207832.086247,-240445.772742,450094.311614,9299.94416419,1.03016633841,536221.365786,524344.821071,406617.756875,420047.013784,-188312.086194,-244776.210076,433997.67143,-207832.086247,-240445.772742,450094.311614,9299.94416419,536221.365786,406617.756875,1.03016633841,524344.821071,420047.013784,103.016633841
0.0604062,-16501.1371287,-13390.6814732,-2675.42998959,-4810.17159502,19176.5671183,18200.8530682,0.991094419236,-190087.518754,-99872.5941838,-250794.586758,-267836.149667,438749.517732,367708.743851,-201899.109983,-245854.998513,447764.269265,4987.00631355,0.991094419236,535535.639837,526148.265562,404738.031867,423263.857354,-181551.555141,-250296.055534,431854.670698,-201899.109983,-245854.998513,447764.269265,4987.00631355,535535.639837,404738.031867,0.991094419236,526148.265562,423263.857354,99.1094419236
0.0604728,-16157.5748694,-13052.9308945,-3088.6978216,-5266.55465144,19246.272691,18319.4855459,0.945480729995,-185987.498684,-90629.2989259,-252561.928999,-274529.026186,434326.719581,365158.325112,-194096.454797,-251513.099306,443400.081427,1065.68278034,0.945480729995,533166.250924,527860.746018,404941.850318,426395.192836,-173241.515567,-255940.391796,428079.271768,-194096.454797,-251513.099306,443400.081427,1065.68278034,533166.250924,404941.850318,0.945480729995,527860.746018,426395.192836,94.5480729995
0.0605394,-15742.671937,-12706.9522848,-3537.89601208,-5719.61788832,19280.567949,18426.5701731,0.894864025114,-181071.416424,-81328.8746839,-253840.44622,-281048.850894,429939.741712,362377.725578,-183962.834614,-257011.176039,437402.328676,-3415.07087414,0.894864025114,529488.991778,528844.320116,406053.517993,429137.765189,-163141.218156,-261508.069448,422864.190562,-183962.834614,-257011.176039,437402.328676,-3415.07087414,529488.991778,406053.517993,0.894864025114,528844.320116,429137.765189,89.4864025114
0.060606,-15264.3374318,-12352.9637348,-4021.58734651,-6169.07571322,19285.9247783,18522.039448,0.844225426886,-173921.219226,-71977.1840628,-255352.014173,-287391.513961,425747.731684,359368.698024,-171315.122885,-262087.913714,430411.575878,-9706.3159131,0.844225426886,524811.90267,528713.333655,406438.680446,430579.411304,-151212.798449,-266897.548813,416613.452337,-171315.122885,-262087.913714,430411.575878,-9706.3159131,524811.90267,406438.680446,0.844225426886,528713.333655,430579.411304,84.4225426886
0.0606726,-14738.7754701,-11991.1883842,-4529.96508052,-6614.64480642,19268.7405506,18605.8331907,0.795204489189,-163914.332375,-62580.1219839,-258199.540244,-293553.017232,421387.404434,356133.139216,-156829.032349,-266852.695409,422692.001007,-18209.6206815,0.795204489189,519810.971894,527873.735972,405137.053718,429756.726836,-137944.725959,-272143.435159,409591.378577,-156829.032349,-266852.695409,422692.001007,-18209.6206815,519810.971894,405137.053718,0.795204489189,527873.735972,429756.726836,79.5204489189
0.0607392,-14184.306651,-11621.8542815,-5046.77668623,-7056.04429946,19231.0833373,18677.898581,0.742389506706,-151448.585067,-53143.611969,-263122.594794,-299529.47675,416097.641365,352673.088719,-141757.04569,-271617.102092,414053.010234,-27857.2027692,0.742389506706,515375.357213,527570.548695,402759.273073,426455.816682,-124164.508533,-277318.860313,401821.859459,-141757.04569,-271617.102092,414053.010234,-27857.2027692,515375.357213,402759.273073,0.742389506706,527570.548695,426455.816682,74.2389506706
0.0608058,-13616.3634859,-11245.1942397,-5556.59513149,-7492.99595227,19172.9586173,18738.190192,0.67849099886,-137231.388182,-43673.6024058,-269989.67917,-305317.125199,409195.8622,348990.727605,-127129.896187,-276520.231935,404356.961267,-36599.8358124,0.67849099886,511831.230708,529020.934636,400857.441666,421402.653498,-110567.950297,-282403.703951,393325.799359,-127129.896187,-276520.231935,404356.961267,-36599.8358124,511831.230708,400857.441666,0.67849099886,529020.934636,421402.653498,67.849099886
0.0608724,-13046.6402781,-10861.4456897,-6049.98183493,-7925.22432848,19096.6221131,18786.6700182,0.599660070794,-121582.840639,-34176.0627992,-278003.764351,-310912.314285,400454.950403,345088.377085,-113280.869807,-281353.133589,393945.69839,-42618.7817447,0.599660070794,509150.159823,532346.032406,400467.273403,415977.792642,-97445.6702883,-287251.791789,384354.969888,-113280.869807,-281353.133589,393945.69839,-42618.7817447,509150.159823,400467.273403,0.599660070794,532346.032406,415977.792642,59.9660070794
0.060939,-12480.3424112,-10470.8505309,-6527.14969627,-8352.45696908,19007.4921075,18823.3075,0.507850171979,-104393.74633,-24656.9800076,-286332.700855,-316311.51703,390033.553904,340968.497038,-99916.8306478,-285843.535347,383408.367449,-45508.5636999,0.507850171979,507660.933128,536329.708272,401498.20467,411696.357867,-84680.9250876,-291759.475771,375265.958963,-99916.8306478,-285843.535347,383408.367449,-45508.5636999,507660.933128,401498.20467,0.507850171979,536329.708272,411696.357867,50.7850171979
0.0610056,-11910.1866181,-10073.6549784,-7003.91811902,-8774.4245642,18914.1047371,18848.0795426,0.410717978386,-85587.0230487,-15122.3544696,-294637.824671,-321511.329999,378173.452128,336633.684469,-86343.4797995,-290228.173708,373006.758502,-46241.3767412,0.410717978386,507625.959617,539198.30038,403392.085362,409462.8232,-71792.5724066,-296186.201099,366197.519422,-86343.4797995,-290228.173708,373006.758502,-46241.3767412,507625.959617,403392.085362,0.410717978386,539198.30038,409462.8232,41.0717978386
0.0610722,-11317.9704793,-9670.10940791,-7511.11223529,-9190.8611228,18829.0827146,18860.9705307,0.313641275411,-65430.6604122,-5578.19642098,-303001.454071,-326508.475443,365170.849424,332086.671864,-71604.8759703,-295354.887594,362629.456507,-45899.9002673,0.313641275411,508646.707625,539818.933473,405807.381801,409250.884703,-58017.2219898,-301208.648803,357061.585252,-71604.8759703,-295354.887594,362629.456507,-45899.9002673,508646.707625,405807.381801,0.313641275411,539818.933473,409250.884703,31.3641275411
0.0611388,-10686.9881973,-9260.46819802,-8077.94041256,-9601.5041404,18764.9286098,18861.9723384,0.211980020174,-44371.6810535,3969.47789337,-311329.848711,-331299.803368,351608.586298,327330.325474,-54724.6925422,-301952.97984,352274.950154,-44877.3422959,0.211980020174,510011.81395,538337.904679,408625.193462,410573.306334,-42598.7124102,-307435.319414,347832.583097,-54724.6925422,-301952.97984,352274.950154,-44877.3422959,510011.81395,408625.193462,0.211980020174,538337.904679,410573.306334,21.1980020174
0.0612054,-10011.5387834,-8844.98956969,-8712.35937123,-10006.0947645,18723.8981547,18851.0843342,0.0977827289524,-22826.8591125,13514.650012,-319101.086818,-335882.293517,338268.007851,322367.643505,-35183.6406771,-309968.230119,342126.394965,-43071.0213905,0.0977827289524,511255.431765,535885.881699,411642.04016,412969.208229,-25196.7435846,-314899.843753,338582.044994,-35183.6406771,-309968.230119,342126.394965,-43071.0213905,511255.431765,411642.04016,0.0977827289524,535885.881699,412969.208229,9.77827289524
0.061272,-9295.11352335,-8423.93542356,-9398.76931186,-10404.3779579,18693.8828352,18828.3133814,-0.0307545225794,-1332.58297551,23051.3030509,-325887.794557,-340253.057276,325616.322609,317201.754225,-13331.1061145,-318843.975021,332032.732738,-40236.4397371,-0.0307545225794,512439.955384,533938.66273,414307.386472,415980.955893,-6096.17273691,-323162.830684,329184.819314,-13331.1061145,-318843.975021,332032.732738,-40236.4397371,512439.955384,414307.386472,-0.0307545225794,533938.66273,415980.955893,-3.07545225794
0.0613386,-8544.0453519,-7997.57117487,-10112.2836926,-10796.1026591,18656.3290445,18793.673834,-0.171312573739,19297.3868503,32573.425496,-331879.818563,-344409.339497,313541.84063,311835.914,9764.48903654,-328204.411233,321288.374145,-36302.0805814,-0.171312573739,514155.081521,533546.788244,415811.295556,419121.339171,13987.2624599,-331782.802951,319217.302328,9764.48903654,-328204.411233,321288.374145,-36302.0805814,514155.081521,415811.295556,-0.171312573739,533546.788244,419121.339171,-17.1312573739
0.0614052,-7763.85277199,-7566.1655861,-10833.3217772,-11181.021941,18597.1745491,18747.1875271,-0.32256434694,38331.4354383,42075.0149929,-337698.173569,-348348.520229,301668.303313,306273.505236,33030.4065758,-337988.844852,309135.642284,-31713.4500452,-0.32256434694,517056.037132,534429.054773,415415.194193,421976.988271,34370.4760445,-340532.924349,308250.53666,33030.4065758,-337988.844852,309135.642284,-31713.4500452,517056.037132,415415.194193,-0.32256434694,534429.054773,421976.988271,-32.256434694
0.0614718,-6960.18325461,-7129.9905976,-11552.1545379,-11558.8931664,18512.3377925,18688.883764,-0.483797148928,55836.264986,51550.08213,-343912.972621,-352068.116375,289809.400976,300518.034245,55995.121613,-348109.092143,295426.058885,-27422.4399612,-0.483797148928,521120.044774,534829.99735,412753.409429,424047.555167,54727.379695,-349288.568456,296218.537709,55995.121613,-348109.092143,295426.058885,-27422.4399612,521120.044774,412753.409429,-0.483797148928,534829.99735,424047.555167,-48.3797148928
0.0615384,-6143.04721059,-6689.32115615,-12264.0638536,-11929.4781408,18407.1110642,18618.7992969,-0.652144306047,72918.7722267,60992.6542147,-350905.974548,-355565.783254,278136.926133,294573.12904,78720.4267258,-358234.158625,280799.369434,-24310.0740271,-0.652144306047,525362.050593,533121.19448,408249.85133,424642.363061,75002.792364,-357887.743417,283529.580431,78720.4267258,-358234.158625,280799.369434,-24310.0740271,525362.050593,408249.85133,-0.652144306047,533121.19448,424642.363061,-65.2144306047
0.061605,-5329.32941353,-6244.43504165,-12961.3585478,-12292.5432625,18290.6879613,18536.9783042,-0.820651028959,90957.7874922,70396.7790376,-358964.895571,-358839.316082,266981.608088,288442.537044,101222.756727,-367903.883175,266250.38565,-22463.2532923,-0.820651028959,528480.749188,529576.860883,403361.872216,423549.170002,95062.1069794,-366109.234969,270832.943131,101222.756727,-367903.883175,266250.38565,-22463.2532923,528480.749188,403361.872216,-0.820651028959,529576.860883,423549.170002,-82.0651028959
0.0616716,-4539.35573827,-5795.61269202,-13630.0276547,-12647.8596704,18169.383393,18443.4723624,-0.976154854822,110527.128428,79756.5286252,-368189.818077,-361886.651357,256444.411956,282130.122732,123043.940404,-376764.534222,252498.670653,-21085.0806911,-0.976154854822,529759.493294,525787.600176,399926.257244,421614.013444,114476.601708,-373731.278679,258644.172319,123043.940404,-376764.534222,252498.670653,-21085.0806911,529759.493294,399926.257244,-0.976154854822,525787.600176,421614.013444,-97.6154854822
0.0617382,-3790.25372944,-5343.13702642,-14254.3066237,-12995.2033875,18044.5603531,18338.3404139,-1.099072949,131205.730697,89066.0029761,-378221.663461,-364705.868165,246283.564795,275639.865189,143463.812415,-384623.357275,239814.374245,-19126.055112,-1.099072949,529357.918775,522900.275362,399042.484069,420108.979624,132694.382422,-380573.478647,247206.516703,143463.812415,-384623.357275,239814.374245,-19126.055112,529357.918775,399042.484069,-1.099072949,522900.275362,420108.979624,-109.9072949
0.0618048,-3092.65568607,-4887.2932669,-14823.661324,-13334.3554626,17916.31701,18221.6487295,-1.17125350939,152272.248002,98319.3337803,-388205.590592,-367295.189387,236234.557062,268975.855607,162052.961502,-391302.417348,228379.808593,-15991.2064067,-1.17125350939,527965.934861,521080.990312,400669.21577,419777.012648,149376.779127,-386485.982976,236673.633295,162052.961502,-391302.417348,228379.808593,-15991.2064067,527965.934861,400669.21577,-1.17125350939,521080.990312,419777.012648,-117.125350939
0.0618714,-2450.83502482,-4428.36875862,-15336.1679096,-13665.1021082,17787.0029345,18093.4708668,-1.18638800085,173202.040715,107510.688119,-397266.896499,-369652.982822,226197.201609,262142.294704,178825.930199,-396681.661204,218450.671182,-11911.9797167,-1.18638800085,526308.561435,519970.864726,403903.441778,420446.720923,164494.455489,-391410.931881,227212.055889,178825.930199,-396681.661204,218450.671182,-11911.9797167,526308.561435,403903.441778,-1.18638800085,519970.864726,420446.720923,-118.638800085
0.061938,-1860.42675603,-3966.65278874,-15800.7426884,-13987.2348353,17661.1694445,17953.887624,-1.14999573652,193496.659139,116634.272139,-405154.363615,-371777.762214,216019.371494,255143.490075,193976.60447,-401093.69248,209957.949604,-7713.10029092,-1.14999573652,524977.933121,519290.391408,407419.759423,421142.991812,178221.46095,-395592.353847,218788.984656,193976.60447,-401093.69248,209957.949604,-7713.10029092,524977.933121,407419.759423,-1.14999573652,519290.391408,421142.991812,-114.999573652
0.0620046,-1305.8389014,-3502.43640402,-16239.4821788,-14300.5505845,17545.3210802,17802.9869886,-1.07351656231,212454.89532,125684.334709,-412314.969389,-373668.188188,205455.031318,247983.853479,207799.629054,-405538.145542,202279.326661,-3950.63140478,-1.07351656231,524433.916243,519289.884955,410245.32455,420694.614504,190924.421543,-399696.059792,211040.807072,207799.629054,-405538.145542,202279.326661,-3950.63140478,524433.916243,410245.32455,-1.07351656231,519289.884955,420694.614504,-107.351656231
0.0620712,-766.627074998,-3036.01222738,-16680.8471857,-14604.8518546,17447.4742607,17640.864082,-0.971889853762,229371.635595,134655.171042,-419230.610269,-375323.069099,194557.575942,240667.898057,220811.20322,-411161.353306,194733.298078,-223.749159699,-0.971889853762,524690.80961,520642.227976,412401.921121,418454.120059,203146.342466,-404508.100893,203554.066635,220811.20322,-411161.353306,194733.298078,-223.749159699,524690.80961,412401.921121,-0.971889853762,520642.227976,418454.120059,-97.1889853762
0.0621378,-229.995942478,-2567.67427344,-17141.3878235,-14899.9468265,17371.3837659,17467.6211,-0.86068657288,243878.573019,143541.126291,-425753.629722,-376741.361777,183930.520857,233200.235487,233616.45633,-418323.273594,187174.786348,4618.27920642,-0.86068657288,525136.021203,523743.742401,414545.345377,414625.652822,215361.258911,-410328.191243,196202.896663,233616.45633,-418323.273594,187174.786348,4618.27920642,525136.021203,414545.345377,-0.86068657288,523743.742401,414625.652822,-86.068657288
0.0622044,304.28689844,-2097.7177632,-17613.139206,-15185.6494845,17308.8523076,17283.3672477,-0.750457583531,256011.021302,152336.599115,-431162.686658,-377922.172189,174435.734077,225585.573075,246554.60946,-426220.728904,179924.489156,11523.5293203,-0.750457583531,525332.067875,528076.170711,417050.139273,410240.333993,227694.446159,-416661.920947,189098.303041,246554.60946,-426220.728904,179924.489156,11523.5293203,525332.067875,417050.139273,-0.750457583531,528076.170711,410240.333993,-75.0457583531
0.062271,829.27736931,-1626.43893793,-18070.3443971,-15461.7797334,17241.0670278,17088.2186713,-0.645131348177,265954.806353,161036.045209,-434816.511408,-378864.756001,166670.988543,217828.710792,259464.964166,-433516.33234,173219.943791,20261.8337539,-0.645131348177,525685.354275,532267.812471,419783.701699,406697.960554,239875.536483,-422581.041768,182290.182952,259464.964166,-433516.33234,173219.943791,20261.8337539,525685.354275,419783.701699,-0.645131348177,532267.812471,406697.960554,-64.5131348177
0.0623376,1337.67079927,-1154.13487241,-18486.8936768,-15728.1635119,17149.2228776,16882.2983843,-0.547337973459,273774.463864,169633.980801,-436679.890363,-379568.519046,160698.334203,209934.538245,271760.731813,-439280.998224,166892.72206,29301.5396837,-0.547337973459,526632.073527,534777.504421,422515.869901,404879.697835,251416.526789,-427358.424906,175627.598254,271760.731813,-439280.998224,166892.72206,29301.5396837,526632.073527,422515.869901,-0.547337973459,534777.504421,404879.697835,-54.7337973459
0.0624042,1824.37054759,-681.103287725,-18848.0961062,-15984.6329028,17023.7255587,16665.7361906,-0.46299346986,279565.597306,178124.986106,-437242.590684,-380033.017702,156186.502495,201908.031596,282820.242794,-443286.66585,160610.838835,36652.1311907,-0.46299346986,527797.723618,534636.329579,425057.696655,404595.253589,261890.918887,-430737.674737,168918.176399,282820.242794,-443286.66585,160610.838835,36652.1311907,527797.723618,425057.696655,-0.46299346986,534636.329579,404595.253589,-46.299346986
0.0624708,2284.55135223,-207.642363522,-19150.7883716,-16231.0262383,16866.2370194,16438.6686018,-0.396887127444,283923.684102,186503.708742,-437143.170672,-380257.959166,152742.195117,193754.250424,292343.769079,-445653.981544,154349.045879,41108.8209913,-0.396887127444,528578.172958,531883.076696,427360.061577,405060.917346,271101.898323,-432770.022776,162186.572368,292343.769079,-445653.981544,154349.045879,41108.8209913,528578.172958,427360.061577,-0.396887127444,531883.076696,405060.917346,-39.6887127444
0.0625374,2710.04322644,265.949449889,-19395.9363418,-16467.1882021,16685.8931153,16201.2387522,-0.34537834546,287881.571784,194764.867108,-437034.670243,-380243.201647,150037.412258,185478.334539,300194.861332,-446579.23542,148440.732322,42955.4891656,-0.34537834546,529043.387948,527629.306899,429603.513738,405727.496208,278939.376161,-433612.391312,155700.084623,300194.861332,-446579.23542,148440.732322,42955.4891656,529043.387948,429603.513738,-0.34537834546,527629.306899,405727.496208,-34.537834546
0.062604,3089.04568567,739.373619702,-19581.3374337,-16692.9699275,16492.291748,15953.5963078,-0.297755215496,292083.639172,202903.253709,-437543.591996,-379988.754445,147652.00038,177085.500736,305952.030491,-446358.180974,143145.323743,43294.5857218,-0.297755215496,529886.021093,523584.567183,431706.682883,406410.035453,285111.455758,-433455.731483,149713.445968,305952.030491,-446358.180974,143145.323743,43294.5857218,529886.021093,431706.682883,-0.297755215496,523584.567183,406410.035453,-29.7755215496
0.0626706,3411.06326838,1212.33171878,-19700.9370313,-16908.2290909,16289.873763,15695.8973721,-0.241669968933,296253.380584,210913.73844,-438908.434355,-379494.777955,145007.717619,168581.039515,308957.998228,-445298.368895,138409.306499,42877.4656938,-0.241669968933,531820.040059,521012.01321,432948.593347,407049.619083,289193.00646,-432444.581985,144287.320134,308957.998228,-445298.368895,138409.306499,42877.4656938,531820.040059,432948.593347,-0.241669968933,521012.01321,407049.619083,-24.1669968933
0.0627372,3672.40187404,1684.52561378,-19750.6731436,-17112.8300017,16078.2712695,15428.304388,-0.164337842939,299672.822019,218791.271821,-440583.960478,-378761.583558,141658.88797,159970.311736,308945.383175,-443434.611783,134172.184566,41798.3131809,-0.164337842939,535171.481385,519754.540206,432416.318289,407628.358506,291004.347895,-430570.84428,139410.765337,308945.383175,-443434.611783,134172.184566,41798.3131809,535171.481385,432416.318289,-0.164337842939,519754.540206,407628.358506,-16.4337842939
0.0628038,3877.09048921,2155.65765309,-19733.9051463,-17306.6436881,15856.8146571,15150.9860351,-0.0545490180062,301975.547602,226530.88818,-441407.019141,-377789.63343,137630.846067,151258.74525,306424.752436,-440456.545877,130701.683522,39825.9824315,-0.0545490180062,539591.939974,518358.990887,429721.394108,407959.863162,290842.945947,-427695.157446,135189.964321,306424.752436,-440456.545877,130701.683522,39825.9824315,539591.939974,429721.394108,-0.0545490180062,518358.990887,407959.863162,-5.45490180062
0.0628704,4035.60120748,2625.43085444,-19662.6293385,-17489.5479779,15627.028131,14864.1171234,0.0895997976025,303326.808982,234127.70878,-440287.880626,-376579.540249,133343.221026,142451.831469,302420.358219,-436043.177881,128403.891385,36737.8970427,0.0895997976025,543970.65358,515659.082021,425432.996488,407566.594296,289351.434239,-423735.541339,131775.91687,302420.358219,-436043.177881,128403.891385,36737.8970427,543970.65358,425432.996488,0.0895997976025,515659.082021,407566.594296,8.95997976025
0.062937,4165.92023079,3093.54909212,-19557.8636434,-17661.4275756,15391.9434126,14567.8784834,0.255637413774,303970.67112,241576.944897,-436855.910448,-375132.066807,129187.930656,133555.12191,297999.691316,-430355.872413,127290.053711,32666.9960854,0.255637413774,546937.170858,512080.375372,420950.977394,406296.313951,287290.79981,-418912.143669,129087.700783,297999.691316,-430355.872413,127290.053711,32666.9960854,546937.170858,420950.977394,0.255637413774,512080.375372,406296.313951,25.5637413774
0.0630036,4292.52984952,3559.71728362,-19448.1821224,-17822.1741354,15155.6522728,14262.4568518,0.422962314437,303779.139272,248873.90084,-431544.484078,-373448.125533,125275.679371,124574.224693,294008.663737,-424216.796209,126772.221032,28311.6171886,0.422962314437,547611.287475,508985.712146,417681.137016,404924.695455,285393.433705,-413825.87193,126712.98169,294008.663737,-424216.796209,126772.221032,28311.6171886,547611.287475,417681.137016,0.422962314437,508985.712146,404924.695455,42.2962314437
0.0630702,4437.24576689,4023.6415757,-19358.886486,-17971.6863293,14921.6407191,13948.0447537,0.574020675962,302312.879672,256013.976907,-425037.524538,-371528.777914,121598.344185,115514.801006,290956.361126,-418591.368033,126083.099731,24654.5529803,0.574020675962,545923.895876,507391.81886,416177.604224,404706.520996,284189.105597,-409127.626071,124161.126512,290956.361126,-418591.368033,126083.099731,24654.5529803,545923.895876,416177.604224,0.574020675962,507391.81886,404706.520996,57.4020675962
0.0631368,4609.20838015,4485.02952954,-19296.0373361,-18109.8699111,14686.828956,13624.8403815,0.701110794138,299236.155083,262992.672289,-417658.105763,-369375.233827,118253.005986,106382.561538,288927.813901,-413745.61745,124770.897991,22265.9880004,0.701110794138,542463.757868,507594.990765,416121.463245,406465.418394,283809.792935,-404969.052624,121134.611454,288927.813901,-413745.61745,124770.897991,22265.9880004,542463.757868,416121.463245,0.701110794138,507594.990765,406465.418394,70.1110794138
0.0632034,4805.11078267,4943.59030516,-19242.6056533,-18236.6377754,14437.4948706,13293.0474702,0.80475258502,294518.237471,269805.587902,-409402.21732,-366988.850778,115313.124739,97183.2628761,287535.77771,-409073.461477,122635.798072,20824.5554545,0.80475258502,538212.796313,509367.205356,416805.135669,410005.554162,283944.065914,-400868.752812,117472.780351,287535.77771,-409073.461477,122635.798072,20824.5554545,538212.796313,416805.135669,0.80475258502,509367.205356,410005.554162,80.475258502
0.06327,5017.14956387,5399.03484468,-19172.1855982,-18351.9100129,14155.0360343,12952.8751682,0.883112955355,288298.155733,276448.429164,-400427.187549,-364371.133045,112566.814674,87922.7038808,286034.488014,-403784.093589,119380.026868,19385.3899087,0.883112955355,534229.841572,512278.040119,417423.24689,414048.80062,284019.852478,-396168.766936,112963.969152,286034.488014,-403784.093589,119380.026868,19385.3899087,534229.841572,417423.24689,0.883112955355,512278.040119,414048.80062,88.3112955355
0.0633366,5239.35027359,5851.0760546,-19066.3172261,-18455.6139609,13826.9669526,12604.5379063,0.927534998249,280885.408677,282917.008702,-391169.583768,-361523.73073,109620.815962,78606.7220275,283743.284694,-397486.712708,114663.764745,17087.5006391,0.927534998249,531157.464727,516078.590025,417411.53951,416906.411436,283553.91764,-390492.62787,107400.113051,283743.284694,-397486.712708,114663.764745,17087.5006391,531157.464727,417411.53951,0.927534998249,516078.590025,416906.411436,92.7534998249
0.0634032,5468.65621998,6299.42898673,-18921.4879248,-18547.6842485,13452.8317048,12248.2552618,0.935563586724,273083.995806,289207.248989,-381990.838898,-358448.438717,106259.821047,69241.1897284,280552.369276,-390090.429038,108548.333895,13724.5892494,0.935563586724,528864.224337,520913.262674,416900.544545,417572.704778,282452.240542,-383771.369655,100826.369116,280552.369276,-390090.429038,108548.333895,13724.5892494,528864.224337,416900.544545,0.935563586724,520913.262674,417572.704778,93.5563586724
0.0634698,5702.18061991,6743.8110178,-18744.6576445,-18628.0628386,13042.4770246,11884.2518208,0.918893697934,266290.268941,295315.184916,-373023.826361,-355147.195545,102546.709774,59832.0106299,276956.041149,-381508.830007,101689.933207,9859.27166716,0.918893697934,526748.186708,526935.003505,416539.756049,416313.066242,280985.259031,-376059.682003,93644.4595427,276956.041149,-381508.830007,101689.933207,9859.27166716,526748.186708,416539.756049,0.918893697934,526935.003505,416313.066242,91.8893697934
0.0635364,5934.46916345,7183.94202765,-18544.207814,-18696.6990636,12609.7386506,11512.7570359,0.89054656781,261872.036956,301236.966291,-364376.996636,-351622.082182,98570.9217299,50385.1158916,273505.104352,-371680.156183,94951.1192278,6261.76341593,0.89054656781,524562.964663,533567.730149,416652.233507,414351.441481,279445.716629,-367456.128279,86398.1317877,273505.104352,-371680.156183,94951.1192278,6261.76341593,524562.964663,416652.233507,0.89054656781,533567.730149,414351.441481,89.054656781
0.063603,6158.94151106,7619.54457579,-18324.1283292,-18753.5496582,12165.1868181,11134.0050824,0.854841951034,260255.970103,306968.860266,-356196.963622,-347875.320714,94142.8112092,40906.4604477,270258.509325,-360778.077949,88767.5765443,3042.79197245,0.854841951034,522568.913543,539416.991507,416894.578308,413049.06459,277848.576509,-358132.245864,79405.8762914,270258.509325,-360778.077949,88767.5765443,3042.79197245,522568.913543,416894.578308,0.854841951034,539416.991507,413049.06459,85.4841951034
0.0636696,6373.04377978,8050.34407628,-18085.6822895,-18798.5787861,11712.6385098,10748.2347098,0.813315775888,260687.016351,312507.253693,-348444.356253,-343909.272945,88721.4287319,31402.0192529,266828.683532,-349264.622511,82893.0109695,-632.644208423,0.813315775888,520688.072304,542987.724282,416680.717948,413056.458192,275992.680213,-348348.492186,72582.3936598,266828.683532,-349264.622511,82893.0109695,-632.644208423,520688.072304,416680.717948,0.813315775888,542987.724282,413056.458192,81.3315775888
0.0637362,6581.632633,8476.06897083,-17833.4200494,-18831.7580627,11251.7874164,10355.6890919,0.76978656843,261950.558449,317848.655394,-340735.073121,-339726.43891,81726.3338016,21877.7835161,262952.638495,-337669.571801,76773.8754742,-5945.11627695,0.76978656843,518208.031002,543425.119378,415581.074225,413992.711384,273800.859296,-338394.489979,65620.9521181,262952.638495,-337669.571801,76773.8754742,-5945.11627695,518208.031002,415581.074225,0.76978656843,543425.119378,413992.711384,76.978656843
0.0638028,6795.62714108,8896.45089996,-17578.5159148,-18853.0665733,10782.8887737,9956.61567335,0.726083641335,263267.381945,322989.69837,-332511.029815,-335329.455294,72964.8715632,12339.756924,258928.025566,-326347.951821,70064.6102585,-13380.9746803,0.726083641335,514691.209972,540915.225632,413652.239027,415056.751369,271550.053075,-328514.456217,58286.3535069,258928.025566,-326347.951821,70064.6102585,-13380.9746803,514691.209972,413652.239027,0.726083641335,540915.225632,415056.751369,72.6083641335
0.0638694,7029.92496435,9311.22487219,-17338.0872987,-18862.4908858,10308.1623343,9551.26601361,0.678608324111,264486.071569,327927.141918,-323472.648687,-330721.093775,62655.5123613,2793.95185649,255491.383504,-315561.75395,62626.9518021,-22100.7494112,0.678608324111,510744.055522,536737.026506,411453.513554,415813.530434,269794.794303,-318951.977315,50435.5622672,255491.383504,-315561.75395,62626.9518021,-22100.7494112,510744.055522,411453.513554,0.678608324111,536737.026506,415813.530434,67.8608324111
0.063936,7303.2030205,9720.12943106,-17133.9258534,-18860.0250595,9830.72283294,9139.89562843,0.621784885374,265675.027871,332657.873679,-313869.716025,-325904.259275,51125.5118097,-6753.61440346,253469.779172,-305754.342967,54193.1440561,-30298.8455401,0.621784885374,507682.91336,532710.61191,409385.029822,416256.522789,269184.434973,-310073.632405,41844.2254857,253469.779172,-305754.342967,54193.1440561,-30298.8455401,507682.91336,409385.029822,0.621784885374,532710.61191,416256.522789,62.1784885374
0.0640026,7634.2122217,10122.90682,-16988.0867029,-18845.6706488,9353.87448121,8722.76382881,0.552745278287,266861.993288,337178.911591,-304235.248002,-320881.988129,38737.7784966,-16296.9234625,253621.978195,-297451.161646,44424.1626112,-36276.6949869,0.552745278287,506753.861423,530138.123096,407256.650875,416599.838009,270336.380798,-302290.141939,32252.63762,253621.978195,-297451.161646,44424.1626112,-36276.6949869,506753.861423,407256.650875,0.552745278287,530138.123096,416599.838009,55.2745278287
0.0640692,8032.40068828,10519.3031445,-16910.9952838,-18819.436702,8878.59459556,8300.13355747,0.473624597491,268171.789395,341487.40578,-294793.45906,-315657.446169,26043.9887757,-25829.959611,256509.196996,-290695.003178,33327.2159588,-39495.6291153,0.473624597491,508623.610136,529027.966385,404680.84524,417226.754841,273647.702985,-295690.332254,21614.4720467,256509.196996,-290695.003178,33327.2159588,-39495.6291153,508623.610136,404680.84524,0.473624597491,529027.966385,417226.754841,47.3624597491
0.0641358,8492.36173539,10909.0685329,-16890.9311464,-18781.3397561,8398.56941103,7872.27122317,0.39111992558,269946.327822,345580.640347,-285286.999894,-310233.926732,13668.3238752,-35346.7136149,262195.378517,-284734.703031,21277.8504681,-40664.4349983,0.39111992558,513030.672668,528390.398275,401660.435017,418371.196332,279051.509922,-289794.530027,10111.9729462,262195.378517,-284734.703031,21277.8504681,-40664.4349983,513030.672668,401660.435017,0.39111992558,528390.398275,418371.196332,39.111992558
0.0642024,8998.89837156,11291.9572929,-16898.8817981,-18731.4038257,7899.98342654,7439.44653274,0.309974024117,272566.190794,349456.035086,-275458.034648,-304614.848582,1886.37300949,-44841.1865037,270060.081638,-278498.164342,8536.17382985,-40751.4219529,0.309974024117,518700.002179,527444.498868,398829.518655,419707.701174,285980.641043,-283817.140284,-2116.44084701,270060.081638,-278498.164342,8536.17382985,-40751.4219529,518700.002179,398829.518655,0.309974024117,527444.498868,419707.701174,30.9974024117
0.064269,9536.22161292,11667.7280673,-16906.1691256,-18669.6603884,7369.94751266,7001.93232106,0.226304333,276187.116239,353111.147107,-265579.732742,-298803.753755,-9620.00887098,-54307.3933519,279019.500491,-271399.206164,-5067.84170307,-40177.2548571,0.226304333,523903.535397,526301.180346,397188.357504,420729.31161,293634.115694,-277221.889057,-15138.5232154,279019.500491,-271399.206164,-5067.84170307,-40177.2548571,523903.535397,397188.357504,0.226304333,526301.180346,420729.31161,22.6304333
0.0643356,10092.9021998,12036.1439856,-16898.638873,-18596.1483647,6805.73667311,6560.0043791,0.132164874079,280779.720173,356543.672377,-256416.307875,-292804.305325,-21553.2025707,-63739.3670521,288046.685565,-263642.204183,-19901.590737,-38849.375591,0.132164874079,527337.954371,525469.144702,397435.769158,421514.559415,301348.843216,-270011.584794,-29087.3232106,288046.685565,-263642.204183,-19901.590737,-38849.375591,527337.954371,397435.769158,0.132164874079,525469.144702,421514.559415,13.2164874079
0.0644022,10661.2835106,12396.9728136,-16877.8635941,-18510.9140937,6216.58008348,6113.94128007,0.0241191848962,286534.500004,359751.447175,-248714.959655,-286620.285099,-34529.6182851,-73131.1620757,296643.430713,-255818.049793,-36022.9723735,-36502.7228932,0.0241191848962,528610.315997,525274.57515,399509.559253,422709.652957,308839.528195,-262544.291442,-43893.9098382,296643.430713,-255818.049793,-36022.9723735,-36502.7228932,528610.315997,399509.559253,0.0241191848962,525274.57515,422709.652957,2.41191848962
0.0644688,11234.2119798,12749.9870995,-16852.797401,-18414.0113034,5618.58542118,5664.02420381,-0.0967920663994,294078.273228,362732.44945,-242820.803612,-280255.591229,-48752.4380936,-82476.8582213,304901.744311,-248355.539244,-52928.3020807,-33043.5575334,-0.0967920663994,528138.042916,525771.029388,402766.026638,424824.057171,316162.244084,-255180.724368,-59171.3785676,304901.744311,-248355.539244,-52928.3020807,-33043.5575334,528138.042916,402766.026638,-0.0967920663994,525771.029388,424824.057171,-9.67920663994
0.0645354,11803.3118744,13094.9643178,-16830.4183471,-18305.5010774,5027.10647272,5210.53675955,-0.22945785321,303975.04402,365484.800102,-238665.223172,-273714.235756,-64082.8939833,-91770.5643462,313091.040005,-241389.506297,-69865.219554,-28876.7707006,-0.22945785321,526746.868707,526737.699162,406296.815065,427510.093346,323443.671075,-248118.788645,-74405.1869945,313091.040005,-241389.506297,-69865.219554,-28876.7707006,526746.868707,406296.815065,-0.22945785321,526737.699162,427510.093346,-22.945785321
0.064602,12361.5256053,13431.6870089,-16812.187526,-18185.451816,4450.66192078,4753.76480713,-0.373556279213,316020.79862,368006.764161,-235822.576731,-267000.342081,-80332.8145269,-101006.42208,321271.742892,-234942.250692,-86367.7903609,-24904.1669602,-0.373556279213,525173.043823,527691.425055,409056.380702,429305.454475,330681.623063,-241427.986231,-89271.0479961,321271.742892,-234942.250692,-86367.7903609,-24904.1669602,525173.043823,409056.380702,-0.373556279213,527691.425055,429305.454475,-37.3556279213
0.0646686,12907.4730783,13759.9429167,-16797.6997627,-18053.9391935,3890.22668436,4293.99627681,-0.527217808617,329306.159767,370296.751886,-233463.696233,-260118.142368,-97344.285376,-110178.609518,329445.02037,-228987.452464,-102360.599736,-22004.8419618,-0.527217808617,523659.442036,528280.50059,410320.82774,428434.331116,337866.03748,-235098.611018,-103717.158292,329445.02037,-228987.452464,-102360.599736,-22004.8419618,523659.442036,410320.82774,-0.527217808617,528280.50059,428434.331116,-52.7217808617
0.0647352,13446.4276107,14079.5251222,-16790.1446592,-17911.04611,3343.71704854,3831.52098777,-0.68423676938,342944.75971,372353.319762,-230520.672668,-253071.974871,-114810.793842,-119281.34489,337939.222032,-223381.564685,-117828.299082,-20356.3477771,-0.68423676938,522004.393912,528858.946142,410365.700892,424298.756214,345209.899012,-229065.403376,-117778.767474,337939.222032,-223381.564685,-117828.299082,-20356.3477771,522004.393912,410365.700892,-0.68423676938,528858.946142,424298.756214,-68.423676938
0.0648018,13987.3427837,14390.2321739,-16797.6355694,-17756.8626393,2810.29278576,3366.63046542,-0.832080844073,356493.161911,374175.171412,-226238.793063,-245866.281206,-132263.765507,-128308.890207,347373.96652,-217976.287785,-132677.964259,-19281.2888481,-0.832080844073,520082.322433,530187.224853,410250.288216,418073.754079,353122.306968,-223296.436213,-131466.509848,347373.96652,-217976.287785,-132677.964259,-19281.2888481,520082.322433,410250.288216,-0.832080844073,530187.224853,418073.754079,-83.2080844073
0.0648684,14540.526805,14691.8682148,-16831.2713028,-17591.4859724,2290.74449779,2899.61775764,-0.952676445325,369722.089573,375761.158418,-220685.617847,-238505.603545,-149352.312959,-137255.554873,358239.009701,-212926.586467,-147025.160436,-17790.0210465,-0.952676445325,518296.027706,532380.311625,410725.280732,411881.194447,361973.174907,-217938.058432,-144893.289021,358239.009701,-212926.586467,-147025.160436,-17790.0210465,518296.027706,410725.280732,-0.952676445325,532380.311625,411881.194447,-95.2676445325
0.064935,15116.511793,14984.243106,-16902.7474793,-17415.020356,1786.23568627,2430.77725002,-1.02896329872,382271.542997,377110.281038,-214690.98465,-230994.581757,-166013.08549,-146115.699281,370623.069886,-208822.534063,-161399.030236,-15280.4577145,-1.02896329872,517279.303701,534594.273294,411803.263566,407566.107549,371936.858762,-213359.915979,-158377.937726,370623.069886,-208822.534063,-161399.030236,-15280.4577145,517279.303701,411803.263566,-1.02896329872,534594.273294,407566.107549,-102.896329872
0.0650016,15721.0793334,15267.1725464,-17018.4017593,-17227.5770267,1297.32242593,1960.40448036,-1.0533229579,393671.930387,378221.68884,-209219.121357,-223337.95048,-182283.94335,-154883.738359,384244.566731,-206310.617036,-176420.79541,-11913.5120263,-1.0533229579,517146.509055,535710.638993,413244.387367,405866.669219,382943.73491,-209925.780893,-172261.744634,384244.566731,-206310.617036,-176420.79541,-11913.5120263,517146.509055,413244.387367,-1.0533229579,535710.638993,405866.669219,-105.33229579
0.0650682,16347.8940848,15540.4781888,-17169.0124293,-17029.2741412,821.118344513,1488.79595231,-1.02883674913,403680.114469,379094.681238,-204683.144761,-215540.536142,-198017.241241,-163554.145096,398571.797056,-205379.100193,-192254.74073,-8412.81492487,-1.02883674913,517388.955692,535069.367265,414889.773221,406316.694368,394637.843843,-207560.348836,-186607.409912,398571.797056,-205379.100193,-192254.74073,-8412.81492487,517388.955692,414889.773221,-1.02883674913,535069.367265,406316.694368,-102.883674913
0.0651348,16978.1329065,15803.9877527,-17326.3022328,-16820.2367012,348.169326291,1016.2489485,-0.965232617877,412516.583784,379728.707935,-200801.281078,-207607.253911,-212869.222026,-172121.454024,412917.706955,-205061.88968,-208493.653804,-5308.10441878,-0.965232617877,517540.463809,532797.171274,416686.172738,407912.969116,406401.491568,-205561.657589,-201157.153574,412917.706955,-205061.88968,-208493.653804,-5308.10441878,517540.463809,416686.172738,-0.965232617877,532797.171274,407912.969116,-96.5232617877
0.0652014,17589.0342396,16057.5351325,-17454.629418,-16600.5964756,-134.404821564,543.061343131,-0.876367405715,420690.284282,380123.369265,-197100.2016,-199543.104602,-226596.867827,-180580.264663,426521.646863,-204040.31164,-224576.112105,-2280.41920708,-0.876367405715,517706.233204,529774.200618,418532.345826,409786.22199,417513.904981,-202987.434448,-215572.605551,426521.646863,-204040.31164,-224576.112105,-2280.41920708,517706.233204,418532.345826,-0.876367405715,529774.200618,409786.22199,-87.6367405715
0.065268,18162.6390128,16300.9605022,-17528.8408817,-16370.4919165,-633.798131095,69.5314142163,-0.777252310357,428641.724276,380278.416451,-193440.710619,-191353.171524,-239277.417634,-188925.244927,438703.283386,-201528.961462,-240141.072663,1717.13237039,-0.777252310357,518464.145954,527176.245577,419970.029544,411382.350121,427383.175044,-199255.414437,-229610.336305,438703.283386,-201528.961462,-240141.072663,1717.13237039,518464.145954,419970.029544,-0.777252310357,527176.245577,411382.350121,-77.7252310357
0.0653346,18688.4370712,16534.1104166,-17542.8943365,-16130.0680722,-1145.54273472,-404.042344441,-0.678768805095,436697.021021,380193.751757,-189976.844762,-183042.617273,-251160.944158,-197151.134484,449129.953281,-197508.292311,-254913.58216,7624.51338204,-0.678768805095,520523.197412,525712.501433,420304.63011,412566.399861,435745.790091,-194345.747837,-243045.691002,449129.953281,-197508.292311,-254913.58216,7624.51338204,520523.197412,420304.63011,-0.678768805095,525712.501433,412566.399861,-67.8768805095
0.0654012,19160.9248924,16756.8379076,-17505.1306573,-15879.4764962,-1655.79423511,-877.361411416,-0.585479211068,445261.404526,379869.428552,-186818.377895,-174616.680481,-262400.359342,-205252.748071,457923.741401,-192340.219216,-268454.836147,15364.5024224,-0.585479211068,524406.908905,525141.750479,419215.726625,413665.631441,442678.856193,-188568.391715,-255546.716002,457923.741401,-192340.219216,-268454.836147,15364.5024224,524406.908905,419215.726625,-0.585479211068,525141.750479,413665.631441,-58.5479211068
0.0654678,19575.9830691,16969.0025768,-17427.3405325,-15618.875151,-2148.64253658,-1350.12742583,-0.499767050687,454665.305878,379305.651277,-183950.913378,-166080.672513,-273033.493687,-213224.978764,465330.18584,-186462.174834,-280282.579715,23646.2008008,-0.499767050687,529919.122152,524596.380852,417069.403647,414948.89331,448349.993485,-182303.53453,-266755.390471,465330.18584,-186462.174834,-280282.579715,23646.2008008,529919.122152,417069.403647,-0.499767050687,524596.380852,414948.89331,-49.9767050687
0.0655344,19930.0042622,17170.4706844,-17316.4800192,-15348.428309,-2613.52424299,-1822.04237542,-0.42648525735,464598.208582,378502.775312,-181318.098817,-157439.974116,-283170.99687,-221062.801196,471267.903828,-180355.845407,-290271.377572,30674.5263828,-0.42648525735,535807.282922,523409.281477,414706.095447,415996.717144,452738.501197,-175894.236099,-276525.808106,471267.903828,-180355.845407,-290271.377572,30674.5263828,535807.282922,414706.095447,-0.42648525735,523409.281477,415996.717144,-42.648525735
0.065601,20222.7386084,17361.1152332,-17173.843524,-15068.3064488,-3048.89508436,-2292.8087844,-0.370231601189,473873.224658,377461.306759,-178718.448556,-148700.032032,-293077.227469,-228761.274727,475342.338097,-174486.602884,-298805.086644,35255.5119418,-0.370231601189,540460.664435,521510.057781,413153.467252,416123.840369,455653.313512,-169589.919761,-285038.864708,475342.338097,-174486.602884,-298805.086644,35255.5119418,540460.664435,413153.467252,-0.370231601189,521510.057781,416123.840369,-37.0231601189
0.0656676,20460.0957229,17540.8160487,-17000.1075717,-14778.6861478,-3459.98815119,-2762.12990098,-0.328664619359,481020.761669,376181.902116,-175646.148451,-139866.355562,-302966.313093,-236315.546554,477337.914228,-169105.727434,-306447.484119,37464.9815171,-0.328664619359,543057.708457,519236.013038,413299.99935,415386.590729,457024.54853,-163489.950153,-292641.329327,477337.914228,-169105.727434,-306447.484119,37464.9815171,543057.708457,413299.99935,-0.328664619359,519236.013038,415386.590729,-32.8664619359
0.0657342,20652.8605475,17709.4598549,-16799.6889003,-14479.7499705,-3853.17164718,-3229.70988443,-0.292240459901,485194.148859,374665.367868,-171397.041914,-130944.513091,-312667.391292,-243720.854777,477622.125211,-164099.559689,-313462.585847,38201.627637,-0.292240459901,543797.728389,517063.683111,415408.236125,414633.887976,457123.893624,-157526.410577,-299565.594684,477622.125211,-164099.559689,-313462.585847,38201.627637,543797.728389,415408.236125,-0.292240459901,517063.683111,414633.887976,-29.2240459901
0.0658008,20812.8858222,17866.9403457,-16580.3632199,-14171.6863542,-4232.52260234,-3695.25399155,-0.249036421846,486485.128878,372912.659975,-165449.766854,-121940.128582,-321575.095914,-250972.531392,477021.223629,-159090.849662,-319717.109143,38183.8009319,-0.249036421846,543306.610016,515378.343561,418910.338223,414616.656691,456478.609878,-151532.327566,-305838.176253,477021.223629,-159090.849662,-319717.109143,38183.8009319,543306.610016,418910.338223,-0.249036421846,515378.343561,414616.656691,-24.9036421846
0.0658674,20950.9846674,18013.1582518,-16350.6371356,-13854.6894894,-4600.34753187,-4158.46876247,-0.187068625146,485448.971752,370924.883271,-157832.74683,-112858.87803,-329031.250012,-258066.005242,476312.753899,-153793.067777,-325065.580224,37536.2904529,-0.187068625146,542225.067839,514286.386041,422687.243498,415155.975977,455590.343982,-145400.347256,-311462.658044,476312.753899,-153793.067777,-325065.580224,37536.2904529,542225.067839,422687.243498,-0.187068625146,514286.386041,415155.975977,-18.7068625146
0.065934,21075.2902095,18148.0214035,-16116.735302,-13528.9591979,-4958.55490746,-4619.06220564,-0.0961801691753,482497.940042,368703.290771,-149102.086736,-103706.48588,-334692.934153,-264996.804891,475820.579236,-148239.592631,-329659.378524,36021.1978989,-0.0961801691753,541040.529628,513619.566131,425555.224497,414996.717871,454705.302653,-139172.112473,-316573.048069,475820.579236,-148239.592631,-329659.378524,36021.1978989,541040.529628,425555.224497,-0.0961801691753,513619.566131,414996.717871,-9.61801691753
0.0660006,21186.3641713,18271.4447886,-15876.4588134,-13194.7008067,-5309.90535791,-5076.74398189,0.0261331526543,477787.705472,366249.282874,-139859.150402,-94488.7214257,-338505.294687,-271760.561449,475340.185176,-142499.900817,-333735.911304,33393.0650372,0.0261331526543,539839.798595,513286.861209,426879.808494,412673.056743,453712.39818,-132853.815091,-321307.609186,475340.185176,-142499.900817,-333735.911304,33393.0650372,539839.798595,426879.808494,0.0261331526543,513286.861209,412673.056743,2.61331526543
0.0660672,21273.146427,18383.3506061,-15612.5036748,-12852.1250186,-5660.6427522,-5531.22558745,0.170323193771,471452.705979,363564.406487,-130319.638979,-85211.3951656,-340549.267819,-278353.011321,474227.568207,-136202.134198,-337294.657115,29753.3674245,0.170323193771,538293.64779,513674.544259,426980.093612,407840.499328,452124.966538,-126123.006418,-325638.320623,474227.568207,-136202.134198,-337294.657115,29753.3674245,538293.64779,426980.093612,0.170323193771,513674.544259,407840.499328,17.0323193771
0.0661338,21317.1502868,18483.6683151,-15295.712516,-12501.4477793,-6021.43777075,-5982.2205358,0.319084625282,463695.781806,360650.354044,-120445.058353,-75880.3551452,-341123.824614,-284769.998899,471526.533356,-128597.693599,-340215.905507,25751.8622482,0.319084625282,536116.894741,515345.585584,426650.811992,401768.457277,449187.510048,-118373.441327,-329459.706477,471526.533356,-128597.693599,-340215.905507,25751.8622482,536116.894741,426650.811992,0.319084625282,515345.585584,401768.457277,31.9084625282
0.0662004,21302.3947531,18572.3346795,-14900.393842,-12142.8901412,-6402.00091108,-6429.44453826,0.456754142473,454676.652312,357508.962445,-110366.531776,-66501.4832685,-340852.671709,-291007.479176,466232.886879,-119190.876133,-342575.426249,22337.408632,0.456754142473,533503.573444,518301.040255,426241.407407,396625.227435,444154.721395,-109150.193683,-332772.823387,466232.886879,-119190.876133,-342575.426249,22337.408632,533503.573444,426241.407407,0.456754142473,518301.040255,396625.227435,45.6754142473
0.066267,21221.9416142,18649.2938077,-14418.8101241,-11776.6781244,-6803.13149012,-6872.61568321,0.575691349893,444514.918819,354142.211893,-100450.713796,-57080.6915906,-340469.272894,-297061.520303,457715.832725,-108160.083883,-344602.780326,20119.196537,0.575691349893,530916.424982,521847.299593,425614.660735,394294.63942,436624.817886,-98491.7154103,-335656.665668,457715.832725,-108160.083883,-344602.780326,20119.196537,530916.424982,425614.660735,0.575691349893,521847.299593,394294.63942,57.5691349893
0.0663336,21077.544418,18714.4971877,-13862.8139799,-11403.0425739,-7214.73043812,-7311.45461377,0.675357953021,433511.06847,350552.224651,-90937.5172915,-47623.9185915,-340419.5388,-302928.306059,446065.602857,-96103.0162554,-346312.204704,18886.4623202,0.675357953021,528583.470596,525079.321702,424787.475419,395434.804382,426721.258116,-86824.3953376,-338070.084449,446065.602857,-96103.0162554,-346312.204704,18886.4623202,528583.470596,424787.475419,0.675357953021,525079.321702,395434.804382,67.5357953021
0.0664002,20875.4122517,18767.9037181,-13254.0331775,-11022.2190142,-7621.37907412,-7745.68470393,0.754088173323,422278.040584,346741.263698,-81648.2779833,-38137.125432,-340661.418281,-308604.138266,432069.058879,-83488.0011378,-347279.91676,17789.9881209,0.754088173323,526407.659425,527301.78088,424050.773717,399289.232153,414999.153118,-74598.6038219,-339747.896159,432069.058879,-83488.0011378,-347279.91676,17789.9881209,526407.659425,424050.773717,0.754088173323,527301.78088,399289.232153,75.4088173323
0.0664668,20622.4836374,18809.4797336,-12612.078774,-10634.4475007,-8010.40486339,-8175.03223289,0.80462621293,411404.185777,342711.731307,-72071.2486407,-28626.2921965,-340821.2521,-314085.43911,416742.881858,-70434.260648,-346894.254942,15997.0793389,0.80462621293,524260.453791,528272.830824,423590.495802,404363.412242,402121.693632,-62062.565719,-340350.755087,416742.881858,-70434.260648,-346894.254942,15997.0793389,524260.453791,423590.495802,0.80462621293,528272.830824,404363.412242,80.462621293
0.0665334,20326.2377214,18839.1990263,-11948.6094571,-10239.9724687,-8377.62826428,-8599.22655762,0.823267068412,400814.241728,338466.16753,-61634.9421235,-19097.4141233,-340581.696721,-319368.753407,400769.462356,-56931.5771197,-344909.478834,13264.0820359,0.823267068412,522318.730979,528431.926542,423220.561395,409331.874089,388542.13575,-49303.673781,-339774.365668,400769.462356,-56931.5771197,-344909.478834,13264.0820359,522318.730979,423220.561395,0.823267068412,528431.926542,409331.874089,82.3267068412
0.0666,19997.2553681,18857.0428625,-11269.3288371,-9839.042579,-8727.92653099,-9018.00028345,0.817717319014,389604.563247,334007.248596,-49867.2529384,-9556.4978253,-339946.967312,-324450.750771,384368.312521,-43086.430644,-341723.726805,10061.115422,0.817717319014,521157.849024,528703.29557,422385.247712,413512.934499,374465.448656,-36379.9504791,-338307.225131,384368.312521,-43086.430644,-341723.726805,10061.115422,521157.849024,422385.247712,0.817717319014,528703.29557,413512.934499,81.7717319014
0.0666666,19650.2437817,18862.999994,-10579.7571856,-9431.91056139,-9070.48659611,-9431.08943265,0.798960497383,376709.918896,329337.785225,-36436.801042,-9.55750398087,-339103.623558,-329328.227721,367667.981067,-29086.4105132,-338066.168089,7085.49589402,0.798960497383,521465.088677,529670.422265,420433.914612,416890.83986,360073.6396,-23363.7861896,-336453.063231,367667.981067,-29086.4105132,-338066.168089,7085.49589402,521465.088677,420433.914612,0.798960497383,529670.422265,416890.83986,79.8960497383
0.0667332,19301.1747723,18857.0666659,-9888.20376122,-9018.83305513,-9412.97101107,-9838.2336108,0.771941808513,361683.342089,324460.720852,-21286.2873696,9537.38884201,-338116.520055,-333998.109694,351007.37488,-15071.202371,-334528.399886,4480.37254741,0.771941808513,523500.990857,530989.728349,417013.946153,419838.604821,345677.483343,-10328.7725446,-334645.707164,351007.37488,-15071.202371,-334528.399886,4480.37254741,523500.990857,417013.946153,0.771941808513,530989.728349,419838.604821,77.1941808513
0.0667998,18963.590046,18839.2466182,-9204.14841525,-8600.07044728,-9759.44163078,-10239.1761709,0.73835872201,344782.690546,319379.129781,-4849.79588678,19078.3232102,-336915.168985,-338457.452991,334784.382541,-1189.12699029,-331500.826503,1517.4752914,0.73835872201,526563.642763,531778.825559,412269.722876,422490.529567,331610.24758,2619.46582197,-333183.119762,334784.382541,-1189.12699029,-331500.826503,1517.4752914,526563.642763,412269.722876,0.73835872201,531778.825559,422490.529567,73.835872201
0.0668664,18647.1848406,18809.551084,-8535.43447666,-8175.88670859,-10111.7503639,-10633.6643754,0.701156086908,326530.041201,314096.215236,11971.3947103,28607.2313877,-335500.588468,-342703.446624,319187.041835,12297.5141811,-329359.314248,-2911.56250449,0.701156086908,529046.887293,531417.788918,406824.657475,424298.384143,318068.507642,15314.9434151,-332320.55811,319187.041835,12297.5141811,-329359.314248,-2911.56250449,529046.887293,406824.657475,0.701156086908,531417.788918,424298.384143,70.1156086908
0.066933,18356.2405752,18767.998782,-7885.15197238,-7746.54922704,-10471.0886028,-11021.4495549,0.662146191638,307416.531556,308615.307351,28256.1853794,38118.1067426,-333965.815659,-346733.414093,304179.958784,25180.7109438,-328387.062136,-9357.37139398,0.662146191638,529480.206887,529865.315225,401715.188783,424643.269584,305077.846738,27642.3071826,-332231.808189,304179.958784,25180.7109438,-328387.062136,-9357.37139398,529480.206887,401715.188783,0.662146191638,529865.315225,424643.269584,66.2146191638
0.0669996,18086.0098503,18714.6159052,-7246.51800903,-7312.32863933,-10839.4918413,-11402.2872658,0.619121950895,287979.388538,302939.861063,43625.4729343,47604.9540102,-332316.216188,-350544.815073,289605.665561,37706.6180481,-328462.531858,-17183.0042222,0.619121950895,527598.974824,527528.09761,398093.443994,423786.697611,292492.654445,39775.2944151,-332840.865974,289605.665561,37706.6180481,-328462.531858,-17183.0042222,527598.974824,398093.443994,0.619121950895,527528.09761,423786.697611,61.9121950895
0.0670662,17822.4428103,18649.4361039,-6600.56843809,-6873.49866026,-11221.8743722,-11775.9374436,0.568066726965,268943.501963,297073.453941,58388.7956781,57061.7930719,-330429.434471,-354135.247013,275207.57819,50731.6926056,-329021.757602,-24809.7972462,0.568066726965,524261.28076,525041.816588,396638.109519,422761.170446,279992.461398,52280.6731518,-333812.846779,275207.57819,50731.6926056,-329021.757602,-24809.7972462,524261.28076,396638.109519,0.568066726965,525041.816588,422761.170446,56.8066726965
0.0671328,17549.5320737,18572.5004647,-5924.57809639,-6430.33591022,-11624.9539773,-12142.1645545,0.507063182837,251093.287459,291019.783926,73092.3177185,66482.6627251,-328288.653949,-357502.446652,260648.100628,65248.1621369,-329469.288824,-30657.8538922,0.507063182837,520657.013664,523030.661182,397232.228899,422450.725021,267182.652741,65826.4270656,-334795.670835,260648.100628,65248.1621369,-329469.288824,-30657.8538922,520657.013664,397232.228899,0.507063182837,523030.661182,422450.725021,50.7063182837
0.0671994,17258.5269065,18483.8574849,-5207.50623579,-5983.11974079,-12051.0206707,-12500.7377441,0.438429058504,234928.910721,284782.667005,87904.8872895,75861.6244409,-326228.479725,-360644.291446,245605.104238,81580.5175497,-329618.04357,-34098.1775813,0.438429058504,517832.166457,521952.835508,399157.132245,422874.707825,253786.414168,80653.6795015,-335657.6549,245605.104238,81580.5175497,-329618.04357,-34098.1775813,517832.166457,399157.132245,0.438429058504,521952.835508,422874.707825,43.8429058504
0.067266,16951.1236182,18383.5630411,-4458.59604328,-5532.13205864,-12492.5275749,-12851.4309825,0.368148089516,220521.027356,278366.034798,102485.327661,85192.7661075,-324857.959792,-363558.800905,229956.04806,99070.8163184,-329689.739744,-35622.8048796,0.368148089516,516444.305964,522071.90553,401535.814148,423128.189701,239805.661726,96336.7371844,-336475.30959,229956.04806,99070.8163184,-329689.739744,-35622.8048796,516444.305964,401535.814148,0.368148089516,522071.90553,423128.189701,36.8148089516
0.0673326,16636.1449868,18271.6803551,-3702.14395922,-5077.65714788,-12934.0010276,-13194.0232072,0.300469663163,207762.973614,271773.932086,116394.197683,94470.2057567,-324691.746337,-366244.137843,213968.350844,116575.96923,-329930.274168,-36078.566673,0.300469663163,516451.28742,523511.745275,403847.043595,422041.878549,225566.632014,112072.517177,-337332.95426,213968.350844,116575.96923,-329930.274168,-36078.566673,516451.28742,403847.043595,0.300469663163,523511.745275,422041.878549,30.0469663163
0.0673992,16324.1526056,18148.2799528,-2964.55365282,-4619.9814908,-13359.5989527,-13528.298462,0.232144106469,196600.456379,265010.514261,129473.878078,103688.095272,-325884.84744,-368698.609533,198244.553875,133167.569698,-330350.718912,-35894.3009685,0.232144106469,517146.393792,526297.688422,406157.390455,419149.26613,211585.936349,127150.104098,-338205.506923,198244.553875,133167.569698,-330350.718912,-35894.3009685,517146.393792,406157.390455,0.232144106469,526297.688422,419149.26613,23.2144106469
0.0674658,16024.2197431,18013.439621,-2263.83213456,-4159.39358733,-13760.3876085,-13854.0460337,0.155433629933,186820.74929,258080.044703,141857.283796,112840.624075,-328307.888241,-370920.668777,183360.95964,148381.412251,-330901.283637,-34992.5959777,0.155433629933,517786.602196,530190.65477,408672.04773,415192.263722,198309.903857,141179.751105,-339068.702039,183360.95964,148381.412251,-330901.283637,-34992.5959777,517786.602196,408672.04773,0.155433629933,530190.65477,415192.263722,15.5433629933
0.0675324,15744.5365735,17867.2443575,-1607.17467646,-3696.18377314,-14137.361897,-14171.0605843,0.0656892028156,177767.317419,250986.892094,153870.315671,121922.022787,-331752.742344,-372908.914881,169610.528798,162099.590276,-331764.269918,-33093.49713,0.0656892028156,518166.747511,534513.025936,411182.672177,411773.235515,185975.035534,154065.915663,-340066.85104,169610.528798,162099.590276,-331764.269918,-33093.49713,518166.747511,411182.672177,0.0656892028156,534513.025936,411773.235515,6.56892028156
0.067599,15494.574058,17709.7863176,-995.714117776,-3230.64403665,-14498.8599403,-14479.142281,-0.0372817416077,168605.242933,243735.527667,166012.241625,130926.566869,-335971.954558,-374662.094536,157179.352926,174449.436199,-333303.567645,-30076.8543826,-0.0372817416077,518448.938825,538335.688153,413302.505608,410390.883889,174736.117047,165913.971721,-341485.603876,157179.352926,174449.436199,-333303.567645,-30076.8543826,518448.938825,413302.505608,-0.0372817416077,538335.688153,410390.883889,-3.72817416077
0.0676656,15284.7543569,17541.1647565,-430.493920569,-2763.06783498,-14854.2604363,-14778.0969216,-0.152749791355,158973.172327,236330.522384,178800.270084,139848.580226,-340573.003207,-376179.10261,146466.707976,185775.958146,-335724.746605,-26302.0071361,-0.152749791355,518632.078469,540796.759356,414946.828212,411454.853365,164859.317288,176944.860041,-343543.48672,146466.707976,185775.958146,-335724.746605,-26302.0071361,518632.078469,414946.828212,-0.152749791355,540796.759356,411454.853365,-15.2749791355
0.0677322,15123.1100955,17361.4859663,85.8800677662,-2293.74990893,-15208.9901633,-15067.7360574,-0.280675025423,149268.911186,228776.544055,192406.927703,148682.438787,-345030.506527,-377458.982842,138054.916399,196516.37933,-338910.298113,-22617.2091229,-0.280675025423,518392.398826,541201.051419,416191.065996,413978.370837,156697.788257,187393.685678,-346260.567744,138054.916399,196516.37933,-338910.298113,-22617.2091229,518392.398826,416191.065996,-0.280675025423,541201.051419,413978.370837,-28.0675025423
0.0677988,15012.6572896,17170.8632091,551.475557715,-1822.98609725,-15564.1328473,-15347.8771119,-0.419944794941,140258.316543,221078.354399,206381.444112,157422.574051,-348950.726908,-378500.928449,132307.443482,206928.824764,-342668.919433,-19892.1962481,-0.419944794941,517424.242636,539253.772158,416931.76193,416310.315057,150462.570159,197384.853931,-349565.086386,132307.443482,206928.824764,-342668.919433,-19892.1962481,517424.242636,416931.76193,-0.419944794941,539253.772158,416310.315057,-41.9944794941
0.0678654,14951.0856389,16969.4166457,967.538625299,-1351.07315007,-15918.6242642,-15618.3434956,-0.565229259325,132458.055415,213240.806036,219745.812534,166063.476596,-352356.271721,-379304.282632,129017.059851,216886.301783,-347069.521093,-18381.5213655,-0.565229259325,515991.160472,535604.627754,416919.954397,417341.57524,146030.017709,206856.261161,-353471.590302,129017.059851,216886.301783,-347069.521093,-18381.5213655,515991.160472,416919.954397,-0.565229259325,535604.627754,417341.57524,-56.5229259325
0.067932,14929.8481063,16757.2732597,1341.16368811,-878.308541931,-16271.0117944,-15878.9647177,-0.704884169942,125923.350082,205268.839437,231495.847233,174599.699553,-355637.309879,-379868.538989,127428.664679,226055.280469,-352365.021273,-17524.7364946,-0.704884169942,515076.871513,531734.031592,415940.436581,417094.936539,142931.995502,215673.95432,-358048.299735,127428.664679,226055.280469,-352365.021273,-17524.7364946,515076.871513,415940.436581,-0.704884169942,531734.031592,417094.936539,-70.4884169942
0.0679986,14932.6006549,16534.5667774,1688.46794006,-404.990284192,-16621.068595,-16129.5764933,-0.822160914783,120551.090686,197167.479799,241182.123567,183025.862037,-359208.874232,-380193.341836,126558.186652,234399.331137,-358582.824838,-16402.6129043,-0.822160914783,515822.570486,528835.164307,413893.59441,416401.759618,140487.523385,223911.756846,-363212.7283,126558.186652,234399.331137,-358582.824838,-16402.6129043,515822.570486,413893.59441,-0.822160914783,528835.164307,416401.759618,-82.2160914783
0.0680652,14938.3201937,16301.4375841,2032.60414436,68.5832627726,-16970.9243381,-16370.0208469,-0.900945436263,116413.109694,188941.833889,249040.616889,191336.652542,-363297.6102,-380278.486431,125526.74689,242395.97089,-365373.516006,-14411.941486,-0.900945436263,518729.522397,527025.900599,410913.120347,416198.488833,137999.51471,231955.367053,-368680.295021,125526.74689,242395.97089,-365373.516006,-14411.941486,518729.522397,410913.120347,-0.900945436263,527025.900599,416198.488833,-90.0945436263
0.0681318,14929.9339779,16058.0326347,2392.49724604,542.113577669,-17322.4312239,-16600.1462124,-0.93276241756,113718.538656,180597.086814,255560.125581,199526.832288,-368031.417904,-380123.919102,123774.706825,250593.161766,-372300.047638,-11649.9179514,-0.93276241756,523205.137494,525747.104428,407516.214763,416801.87123,134977.749089,240200.26308,-374143.629602,123774.706825,250593.161766,-372300.047638,-11649.9179514,523205.137494,407516.214763,-0.93276241756,525747.104428,416801.87123,-93.276241756
0.0681984,14901.0782216,15804.5053617,2770.29439795,1015.30216645,-17671.3726196,-16819.8075281,-0.918697056658,112588.98344,172138.49876,261044.763631,207591.238521,-373526.062514,-379729.737281,121210.429557,259027.84263,-379081.728407,-8750.65336818,-0.918697056658,527788.441718,524530.682447,404560.483083,417674.762061,131325.966667,248653.752532,-379400.545645,121210.429557,259027.84263,-379081.728407,-8750.65336818,527788.441718,404560.483083,-0.918697056658,524530.682447,417674.762061,-91.8697056658
0.068265,14855.5317815,15541.0155782,3149.69714579,1487.85075049,-18005.2289273,-17028.8663287,-0.866781617087,113017.576477,163571.401673,265642.084911,215524.787772,-379753.025903,-379096.189445,118285.267974,267206.184985,-385484.979472,-6216.84744656,-0.866781617087,531050.307682,523216.582473,402957.691069,418142.272259,127386.140069,256901.493663,-384283.369823,118285.267974,267206.184985,-385484.979472,-6216.84744656,531050.307682,402957.691069,-0.866781617087,523216.582473,418142.272259,-86.6781617087
0.0683316,14801.5814496,15267.7293775,3506.53009276,1959.46145458,-18308.1115424,-17227.1908321,-0.789648261996,114977.373035,154901.195899,269601.252879,223322.479058,-386399.176551,-378223.674957,115828.26063,274555.517283,-391159.930751,-3801.11267946,-0.789648261996,532411.980099,521813.020401,403257.163318,418185.805438,123761.779595,264423.478088,-388572.964594,115828.26063,274555.517283,-391159.930751,-3801.11267946,532411.980099,403257.163318,-0.789648261996,521813.020401,418185.805438,-78.9648261996
0.0683982,14746.4615888,14984.8190278,3822.21214261,2429.83699473,-18568.6737314,-17414.6560225,-0.701566596868,118334.824173,146133.34678,273308.573908,230979.397033,-392964.63551,-377112.743813,114594.407402,280757.022266,-395768.575231,-555.394939134,-0.701566596868,532156.070796,520436.302745,405343.684897,418317.038508,120981.286356,270885.370995,-392076.168632,114594.407402,280757.022266,-395768.575231,-555.394939134,532156.070796,405343.684897,-0.701566596868,520436.302745,418317.038508,-70.1566596868
0.0684648,14694.2862283,14692.4628643,4090.94689431,2898.68086554,-18785.2331227,-17591.1437298,-0.613512673423,122503.497653,137273.381206,277092.327285,238490.715093,-399049.59178,-375764.0963,114807.784551,285706.25341,-399321.900121,4442.82960151,-0.613512673423,531025.522169,519329.235567,408559.05926,418920.762931,119215.240703,276190.992208,-394812.110098,114807.784551,285706.25341,-399321.900121,4442.82960151,531025.522169,408559.05926,-0.613512673423,519329.235567,418920.762931,-61.3512673423
0.0685314,14647.563034,14390.8451762,4317.97427514,3365.69752709,-18965.5373091,-17756.5427032,-0.530586152782,126313.019561,128326.884137,281087.609762,245851.698411,-404570.955166,-374178.582548,116090.589507,289338.932765,-402339.46379,11244.5657515,-0.530586152782,529977.082298,518857.236376,412112.777513,419778.955733,118259.362099,280383.770215,-397099.824865,116090.589507,289338.932765,-402339.46379,11244.5657515,529977.082298,412112.777513,-0.530586152782,518857.236376,419778.955733,-53.0586152782
0.068598,14609.0011588,14080.1560909,4512.58429107,3830.59259129,-19121.5854498,-17910.7486822,-0.455110053542,128526.814012,119299.495076,285274.83317,253057.706925,-409660.497485,-372357.202001,117867.771122,291628.199323,-405549.786421,18778.0017285,-0.455110053542,529767.065834,519365.624413,415385.518978,420014.721366,117787.73004,283574.28275,-399389.313574,117867.771122,291628.199323,-405549.786421,18778.0017285,529767.065834,415385.518978,-0.455110053542,519365.624413,420014.721366,-45.5110053542
0.0686646,14580.4104868,13760.5914541,4682.56614724,4293.0730074,-19262.976634,-18053.6644615,-0.39110811753,128640.467043,110196.904517,289544.678012,260104.198265,-414315.105526,-370301.102782,119850.882605,292745.801078,-409341.800044,25432.1326867,-0.39110811753,530367.196219,520937.999889,418100.634977,418530.495135,117620.897079,285949.602172,-401942.116024,119850.882605,292745.801078,-409341.800044,25432.1326867,530367.196219,418100.634977,-0.39110811753,520937.999889,418530.495135,-39.110811753
0.0687312,14559.7996428,13432.3527061,4833.81796224,4752.84724678,-19393.6176051,-18185.1999529,-0.34289619935,127117.716515,101024.85036,293648.655361,266986.730611,-418232.533255,-368011.580971,122093.933042,293096.047824,-413539.942805,30040.7999979,-0.34289619935,531096.284187,523315.797116,420429.684358,414826.595597,117739.725628,287768.936157,-404682.19365,122093.933042,293096.047824,-413539.942805,30040.7999979,531096.284187,420429.684358,-0.34289619935,523315.797116,414826.595597,-34.289619935
0.0687978,14540.2683549,13095.6467552,4972.81872058,5209.62548666,-19513.0870755,-18305.2722419,-0.309204191828,124861.757613,91789.1142911,297141.881987,273700.965498,-421041.0916,-365490.079789,124637.352874,293103.905723,-417696.151936,32521.3382801,-0.309204191828,531525.911921,526008.233598,422745.259071,409644.250322,118086.687459,289280.160135,-407342.996734,124637.352874,293103.905723,-417696.151936,32521.3382801,531525.911921,422745.259071,-0.309204191828,526008.233598,409644.250322,-30.9204191828
0.0688644,14510.7657766,12750.685847,5108.6735013,5663.11979281,-19619.4392779,-18413.8056399,-0.281761580977,122576.809839,82495.5181379,299557.315118,280242.670549,-422564.975332,-362738.188687,127222.222235,293048.245012,-421419.8803,33590.8087355,-0.281761580977,531882.374315,528413.04491,425147.737982,404726.737999,118415.220627,290664.514552,-409653.459732,127222.222235,293048.245012,-421419.8803,33590.8087355,531882.374315,425147.737982,-0.281761580977,528413.04491,404726.737999,-28.1761580977
0.068931,14455.9819136,12397.6874307,5255.0759468,6113.04430105,-19711.0578604,-18510.7317317,-0.249280731344,120583.590971,73149.9202015,300771.558788,286607.722142,-422808.612018,-359757.642344,129313.040279,293199.023469,-424348.770164,33916.5737052,-0.249280731344,532446.208129,529937.061479,427441.131956,401727.948616,118288.820156,292127.177904,-411333.850778,129313.040279,293199.023469,-424348.770164,33916.5737052,532446.208129,427441.131956,-0.249280731344,529937.061479,401727.948616,-24.9280731344
0.0689976,14356.8178558,12036.8740219,5431.25939695,6559.11539749,-19788.0772528,-18595.9894193,-0.200472089988,118962.85564,63758.2115628,301164.231023,292792.10801,-421850.123771,-356550.319572,130251.107498,294025.515778,-426023.194029,33646.3065513,-0.200472089988,533012.603824,530092.809672,429445.583747,401147.357191,117154.828624,294015.394271,-412043.90351,130251.107498,294025.515778,-426023.194029,33646.3065513,533012.603824,429445.583747,-0.200472089988,530092.809672,401147.357191,-20.0472089988
0.0690642,14195.6170336,11668.4730625,5656.77888134,7001.05189723,-19852.3959149,-18669.5249597,-0.126027138198,117642.009496,54326.3123687,301319.972592,298791.929769,-419887.627373,-353118.242138,129399.775081,296036.125133,-426046.723539,32543.7661393,-0.126027138198,533067.318442,528513.733503,431032.500297,402120.152405,114477.829235,296708.616308,-411493.291235,129399.775081,296036.125133,-426046.723539,32543.7661393,533067.318442,431032.500297,-0.126027138198,528513.733503,402120.152405,-12.6027138198
0.0691308,13963.9770639,11292.7167774,5940.1098137,7438.57522168,-19904.0868776,-18731.2919991,-0.0230506923548,116328.174834,44860.1681007,301550.159919,304603.40538,-417318.672394,-349463.573481,126302.734086,299271.978473,-424382.798245,30342.0968572,-0.0230506923548,532298.263122,525189.079648,431969.454414,403194.313093,109930.756009,300278.118431,-409614.683435,126302.734086,299271.978473,-424382.798245,30342.0968572,532298.263122,431969.454414,-0.0230506923548,525189.079648,403194.313093,-2.30506923548
0.0691974,13665.7860351,10909.842028,6271.19763701,7871.40957413,-19936.9836721,-18781.2516021,0.101263599239,114492.237401,35365.745827,301745.212003,310222.871527,-414618.093538,-345588.617354,120847.325011,303037.866972,-421367.025741,27106.442255,0.101263599239,531005.422549,520913.732013,431905.246616,403434.825419,103537.878142,304282.665759,-406562.305658,120847.325011,303037.866972,-421367.025741,27106.442255,531005.422549,431905.246616,0.101263599239,520913.732013,403434.825419,10.1263599239
0.069264,13313.0855047,10520.0901626,6626.42701251,8299.28211358,-19939.5125173,-18819.3722762,0.232551835568,111589.069517,25849.030441,301710.792751,315646.78593,-412020.537241,-341495.816371,113373.364604,306302.787103,-417356.343645,23433.5170001,0.232551835568,530047.267166,517104.83677,430460.102153,402969.626277,95676.4022901,308001.763173,-402517.484256,113373.364604,306302.787103,-417356.343645,23433.5170001,530047.267166,430460.102153,0.232551835568,517104.83677,402969.626277,23.2551835568
0.0693306,12919.1007061,10123.7068649,6982.18642991,8721.92312679,-19901.287136,-18845.6299917,0.357017027435,107343.136941,16316.020889,301589.518387,320871.729575,-409277.831174,-337187.750464,104607.569417,308425.254704,-412388.529498,20233.4499237,0.357017027435,530271.314462,514853.619598,427366.943562,402750.344165,86924.2401481,310915.762674,-397515.969533,104607.569417,308425.254704,-412388.529498,20233.4499237,530271.314462,427366.943562,0.357017027435,514853.619598,402750.344165,35.7017027435
0.0693972,12493.4577385,9720.9419986,7326.35674335,9139.06619823,-19819.8144819,-18860.0081968,0.467293172696,101690.249476,6772.72638817,301898.064013,325894.408874,-405762.715883,-332667.135262,95320.2871809,309478.219308,-406247.473687,18143.680514,0.467293172696,531922.222704,514342.824201,422757.182108,403835.981487,77793.6573847,312975.071693,-391491.328263,95320.2871809,309478.219308,-406247.473687,18143.680514,531922.222704,422757.182108,0.467293172696,514342.824201,403835.981487,46.7293172696
0.0694638,12041.6767581,9312.0494501,7660.91865447,9550.44837805,-19702.5954126,-18862.4978282,0.562140051598,94396.4426035,-2774.83736092,303220.515973,330711.657735,-400860.838725,-327936.820374,85911.0737788,309984.876091,-398848.79414,17053.7163185,0.562140051598,534442.275868,515166.213885,417420.143944,406545.135439,68505.6546036,314496.085203,-384476.938611,85911.0737788,309984.876091,-398848.79414,17053.7163185,534442.275868,417420.143944,0.562140051598,515166.213885,406545.135439,56.2140051598
0.0695304,11567.4810303,8897.28696846,7996.31366781,9955.81034786,-19563.7946981,-18853.0973163,0.639988560144,84951.8584808,-12320.6519666,305942.034507,335320.439563,-394273.24526,-322999.787597,76339.8286024,310520.231743,-390443.422772,16213.9114301,0.639988560144,536724.565286,516797.478722,412610.053051,410177.599584,59001.3650726,315909.706044,-376702.235432,76339.8286024,310520.231743,-390443.422772,16213.9114301,536724.565286,412610.053051,0.639988560144,516797.478722,410177.599584,63.9988560144
0.069597,11074.210879,8476.91600289,8343.34843413,10354.8965841,-19417.5593131,-18831.812587,0.694680977283,73013.8561097,-21858.7001398,310148.838962,339717.849172,-385984.985405,-317859.149032,66425.5076024,311538.328053,-381400.827993,14828.7956443,0.694680977283,537713.146654,518676.944944,409418.140812,413738.793623,49146.7043918,317588.597251,-368453.9766,66425.5076024,311538.328053,-381400.827993,14828.7956443,537713.146654,409418.140812,0.694680977283,518676.944944,413738.793623,69.4680977283
0.0696636,10563.3891795,8051.20153798,8708.91579484,10747.4555193,-19272.3049743,-18798.6570573,0.721769474639,58848.7881012,-31382.9694871,315553.825105,343901.114615,-376082.224494,-312518.145128,56057.1343957,313334.93288,-371914.018987,12623.076238,0.721769474639,536974.941101,520328.052343,408259.92576,416823.602779,38854.8192198,319770.15674,-359886.923739,56057.1343957,313334.93288,-371914.018987,12623.076238,536974.941101,408259.92576,0.721769474639,520328.052343,416823.602779,72.1769474639
0.0697302,10032.7216238,7620.41192661,9096.99127431,11133.2397003,-19129.7128981,-18753.6516269,0.725787503453,43198.7039786,-40887.4563007,321462.634744,347867.598934,-364725.187236,-306980.142633,45070.0059328,315982.477872,-362007.066755,9984.82229238,0.725787503453,534806.533813,521620.898741,408838.992713,419672.470166,28007.0071399,322523.888828,-351009.702623,45070.0059328,315982.477872,-362007.066755,9984.82229238,534806.533813,408838.992713,0.725787503453,521620.898741,419672.470166,72.5787503453
0.0697968,9476.37522774,7184.81872085,9511.30778251,11512.0059448,-18987.6830103,-18696.8246656,0.715574155403,26749.2416388,-50366.1693427,326955.24707,351614.801819,-352265.214263,-301248.632476,33058.4238829,319298.553522,-351739.031488,7544.96352003,0.715574155403,531949.763264,522791.778034,410420.496833,422537.382615,16344.9666922,325768.339132,-341805.538287,33058.4238829,319298.553522,-351739.031488,7544.96352003,531949.763264,410420.496833,0.715574155403,522791.778034,422537.382615,71.5574155403
0.0698634,8886.3636497,6744.69650075,9957.09781663,11883.5154939,-18843.4614663,-18628.2119947,0.696214231269,9799.70024814,-59813.1336222,331312.379063,355140.361189,-339226.671977,-295327.227567,19434.9402975,323006.506664,-341225.354444,5471.52970711,0.696214231269,529208.093351,524233.97087,412101.197418,425096.310896,3498.05997528,329379.571642,-332269.573854,19434.9402975,323006.506664,-341225.354444,5471.52970711,529208.093351,412101.197418,0.696214231269,524233.97087,425096.310896,69.6214231269
0.06993,8253.00573555,6300.32270126,10442.3714507,12247.5341635,-18695.3771863,-18547.8568647,0.669604449965,-7585.86197145,-69222.3941613,334458.497769,358442.054676,-326054.23666,-289219.660514,3701.81041868,327081.272576,-330393.020694,3133.81102841,0.669604449965,526944.118767,526242.721185,413044.674048,426397.555308,-10885.8559555,333381.57444,-322299.417151,3701.81041868,327081.272576,-330393.020694,3133.81102841,526944.118767,413044.674048,0.669604449965,526242.721185,426397.555308,66.9604449965
0.0699966,7566.81368732,5851.97743735,10976.9353918,12603.832491,-18543.7490791,-18455.8099284,0.63805889789,-25246.2769191,-78588.019749,337047.460209,361517.801027,-312895.114204,-282929.781278,-14295.3823451,331945.075164,-318837.553687,-503.445297512,0.63805889789,524752.787361,528790.42611,412809.613685,425372.011063,-26996.8789594,338044.079431,-311639.61342,-14295.3823451,331945.075164,-318837.553687,-503.445297512,524752.787361,412809.613685,0.63805889789,528790.42611,425372.011063,63.805889789
0.0700632,6824.20388387,5399.94332745,11565.5704444,12952.1858807,-18389.7743283,-18352.1292081,0.603255628285,-42875.5339593,-87904.1066798,340010.293042,364365.661419,-299687.829489,-276461.554739,-34298.9849445,338137.624452,-306087.520793,-6037.58570547,0.603255628285,521960.93476,531522.965375,411612.503244,421680.81507,-44755.5252214,343672.05094,-300040.332255,-34298.9849445,338137.624452,-306087.520793,-6037.58570547,521960.93476,411612.503244,0.603255628285,531522.965375,421680.81507,60.3255628285
0.0701298,6032.79135673,4944.50531528,12198.8930216,13292.3747449,-18231.6843783,-18236.8800602,0.564019804311,-60290.0798856,-97164.7824757,343928.728138,366983.840678,-286415.574821,-269819.058202,-55743.8954465,345679.487711,-292016.930157,-13009.1667515,0.564019804311,518574.029914,533966.394266,410107.310968,416304.372687,-63780.7129406,350211.691209,-287472.166068,-55743.8954465,345679.487711,-292016.930157,-13009.1667515,518574.029914,410107.310968,0.564019804311,533966.394266,416304.372687,56.4019804311
0.0701964,5210.32729286,4485.95049024,12851.9444135,13624.1846425,-18062.2717064,-18110.1351327,0.517694705751,-77602.3513321,-106364.209587,348835.636995,369370.688411,-273168.664104,-263006.478824,-77894.1280796,353855.363547,-276918.61029,-20049.984906,0.517694705751,515374.839447,535694.546128,408863.569323,411182.194101,-83455.8245803,357118.612438,-274142.663979,-77894.1280796,353855.363547,-276918.61029,-20049.984906,515374.839447,408863.569323,0.517694705751,535694.546128,411182.194101,51.7694705751
0.070263,4377.94073365,4024.56790642,13494.2257831,13947.4064142,-17872.1665167,-17971.9743207,0.463266734876,-95084.5837422,-115496.589074,354512.3754,371524.700047,-259988.403396,-256028.110973,-99959.6093189,361683.528366,-261226.706599,-25698.458484,0.463266734876,513089.472546,536425.821204,408216.491889,408074.762067,-103084.851907,363669.491818,-260337.427065,-99959.6093189,361683.528366,-261226.706599,-25698.458484,513089.472546,408216.491889,0.463266734876,536425.821204,408074.762067,46.3266734876
0.0703296,3553.17786598,3560.64840046,14103.4751163,14261.8363144,-17656.6529823,-17822.4847148,0.403253819476,-112995.689321,-124556.164259,360790.48704,373444.517787,-246784.635487,-248888.353528,-121290.849438,368523.509801,-245306.230512,-29267.7721913,0.403253819476,511849.025981,536080.156023,408409.679873,407615.43785,-122110.558734,369386.14767,-246313.785693,-121290.849438,368523.509801,-245306.230512,-29267.7721913,511849.025981,408409.679873,0.403253819476,536080.156023,407615.43785,40.3253819476
0.0703962,2746.9564344,3094.48440813,14673.1043063,14567.2761392,-17420.0607407,-17661.7605473,0.343112046128,-131638.263766,-133537.224359,367569.013444,375128.931455,-233451.912196,-241591.707096,-141627.048394,374259.637474,-229524.547973,-31073.1497984,0.343112046128,511390.077788,534734.562186,409529.495425,409199.044165,-140299.825728,374196.887893,-232344.170213,-141627.048394,374259.637474,-229524.547973,-31073.1497984,511390.077788,409529.495425,0.343112046128,534734.562186,409199.044165,34.3112046128
0.0704628,1964.8876558,2626.36978004,15209.8072874,14863.5333521,-17174.6949432,-17489.9031321,0.286716374143,-151442.369825,-142434.108083,374733.002404,376576.879267,-220013.444944,-234142.771184,-161149.188815,379107.049791,-214382.088549,-31841.2090039,0.286716374143,511487.197502,532653.64436,411301.054489,411582.851898,-157748.97364,378319.683586,-218783.060068,-161149.188815,379107.049791,-214382.088549,-31841.2090039,511487.197502,411301.054489,0.286716374143,532653.64436,411582.851898,28.6716374143
0.0705294,1210.23902422,2156.59959642,15725.021933,15150.4212046,-16935.2609572,-17307.020801,0.231364288289,-172707.740564,-151241.2072,382152.37345,377787.448496,-206602.913751,-226546.241296,-180189.840229,383403.941977,-200394.719835,-31993.481076,0.231364288289,512244.780186,530438.276294,413053.340721,413690.038206,-174671.942608,382075.967436,-205993.282388,-180189.840229,383403.941977,-200394.719835,-31993.481076,512244.780186,413053.340721,0.231364288289,530438.276294,413690.038206,23.1364288289
0.070596,485.017000899,1685.46998108,16227.093991,15427.7588544,-16712.1109919,-17113.2288354,0.169666317711,-195106.111199,-159952.970078,389691.477218,378759.876049,-193281.965575,-218806.90597,-198827.699484,387561.150315,-187750.862412,-31469.183982,0.169666317711,514050.053392,528851.048632,413925.302064,415177.437199,-191145.433324,385780.197154,-194141.627118,-198827.699484,387561.150315,-187750.862412,-31469.183982,514050.053392,413925.302064,0.169666317711,528851.048632,415177.437199,16.9666317711
0.0706626,-211.380161227,1213.27791475,16718.991553,15695.3714793,-16507.6113918,-16908.649394,0.0961188872293,-217526.923009,-168563.90518,397138.931667,379493.548947,-179921.047031,-210929.643767,-216784.887506,392032.758397,-176130.074842,-29979.3463824,0.0961188872293,517200.769407,528298.678067,413252.362069,416512.733389,-207051.590708,389690.625826,-183078.731548,-216784.887506,392032.758397,-176130.074842,-29979.3463824,517200.769407,413252.362069,0.0961188872293,528298.678067,416512.733389,9.61188872293
0.0707292,-883.046135474,740.321047906,17200.6964131,15953.0903872,-16317.6502776,-16693.4114351,0.00940276980798,-238593.360729,-177068.584526,404111.78969,379988.004714,-166374.862948,-202919.420187,-233748.040042,397134.772542,-164973.012939,-27375.7341614,0.00940276980798,521517.571369,528623.967119,410998.790226,418432.301604,-222257.324634,393941.457949,-172477.206918,-233748.040042,397134.772542,-164973.012939,-27375.7341614,521517.571369,410998.790226,0.00940276980798,528623.967119,418432.301604,0.940276980798
0.0707958,-1536.25247592,266.897513107,17672.0350948,16200.7531229,-16135.7826188,-16467.650636,-0.0902410074543,-257414.715423,-185461.647116,410096.889094,380242.931664,-152793.753144,-194781.284548,-249745.633605,402832.523841,-153935.611911,-23968.5076104,-0.0902410074543,526178.910711,529367.913018,407896.509833,421050.185435,-236812.003212,398477.128948,-162090.59077,-249745.633605,402832.523841,-153935.611911,-23968.5076104,526178.910711,407896.509833,-0.0902410074543,529367.913018,421050.185435,-9.02410074543
0.0708624,-2177.86716376,-206.694262911,18134.1791915,16438.2035698,-15956.3120278,-16231.5093069,-0.203007950254,-273872.610766,-193737.802308,414719.886334,380258.169103,-139661.464592,-186520.366794,-265172.782066,408803.109548,-143005.851531,-20549.0814425,-0.203007950254,529903.782194,529925.151324,405024.082311,423516.749646,-250959.767936,403109.930267,-151839.386949,-265172.782066,408803.109548,-143005.851531,-20549.0814425,529903.782194,405024.082311,-0.203007950254,529925.151324,423516.749646,-20.3007950254
0.070929,-2814.56366759,-680.155747364,18590.1902297,16665.292049,-15775.6265621,-15985.1363016,-0.328361194668,-288313.183462,-201891.833154,418035.097599,380033.707424,-127516.818932,-178141.87427,-280503.112536,414755.025919,-132261.739429,-17970.8586819,-0.328361194668,531552.761626,529580.549351,403174.678639,424771.511631,-264994.223609,407690.718166,-141702.628977,-280503.112536,414755.025919,-132261.739429,-17970.8586819,531552.761626,403174.678639,-0.328361194668,529580.549351,424771.511631,-32.8361194668
0.0709956,-3450.21031761,-1153.18848959,19042.5350919,16881.8754132,-15592.3247743,-15728.6869236,-0.461867877197,-301124.600303,-209918.599689,420481.407702,379569.688121,-116720.856786,-169651.088431,-295994.146524,420577.223152,-121729.346311,-16552.7476117,-0.461867877197,530821.685671,527956.613721,402625.903794,424585.002273,-279081.428377,412170.099039,-131662.571877,-295994.146524,420577.223152,-121729.346311,-16552.7476117,530821.685671,402625.903794,-0.461867877197,527956.613721,424585.002273,-46.1867877197
0.0710622,-4080.99746832,-1625.49430921,19486.1644547,17087.8171372,-15405.1669864,-15462.322828,-0.592935977577,-312591.086971,-217813.042169,422497.051728,378866.40369,-107447.107847,-161053.361521,-311527.674904,426094.944914,-111507.158669,-15845.6578036,-0.592935977577,528405.932188,525459.529954,403307.194865,423687.714504,-293111.246694,416424.41274,-121783.204509,-311527.674904,426094.944914,-111507.158669,-15845.6578036,528405.932188,403307.194865,-0.592935977577,525459.529954,423687.714504,-59.2935977577
0.0711288,-4693.40834906,-2096.77548404,19903.0466147,17282.9874038,-15209.6382657,-15186.2119197,-0.706065134344,-322948.628803,-225570.184261,424215.460015,377924.297455,-99714.3348055,-152354.113194,-326568.791679,430793.292339,-101842.345968,-15007.816575,-0.706065134344,525536.062403,523046.542907,404915.958225,422921.583407,-306632.938312,420065.325843,-112240.433655,-326568.791679,430793.292339,-101842.345968,-15007.816575,525536.062403,404915.958225,-0.706065134344,523046.542907,422921.583407,-70.6065134344
0.0711954,-5268.6602211,-2566.73493781,20266.2196188,17467.2631856,-14997.5593977,-14900.5282478,-0.785992659022,-332377.644352,-233185.136183,425560.124474,376743.963279,-93313.7174159,-143558.827096,-340253.631943,433967.504286,-92958.7179663,-13442.1798536,-0.785992659022,523340.666532,521669.047555,406937.835538,422406.892184,-318948.218919,422535.668301,-103208.113313,-340253.631943,433967.504286,-92958.7179663,-13442.1798536,523340.666532,406937.835538,-0.785992659022,521669.047555,422406.892184,-78.5992659022
0.071262,-5790.43391378,-3035.07642739,20552.2885919,17640.5283229,-14761.8546782,-14605.4518955,-0.823700935924,-340887.355213,-240653.097782,426555.655685,375326.145198,-87739.3421432,-134673.047416,-351626.393851,435214.800374,-84843.3604488,-11189.4052199,-0.823700935924,522309.991297,521888.30495,408852.908659,421462.636149,-329347.493067,423455.787849,-94733.9518278,-351626.393851,435214.800374,-84843.3604488,-11189.4052199,522309.991297,408852.908659,-0.823700935924,521888.30495,421462.636149,-82.3700935924
0.0713286,-6250.28291541,-3501.50472958,20752.6087638,17802.6735963,-14502.3258484,-14301.1688667,-0.818663731308,-348332.273311,-247969.361561,427429.377763,373671.736945,-82315.1246417,-125702.375384,-359996.012346,434728.147119,-77288.9142047,-8803.68436352,-0.818663731308,522097.854516,523697.813572,410466.518025,419204.758572,-337384.937874,422869.784888,-86762.4420403,-359996.012346,434728.147119,-77288.9142047,-8803.68436352,522097.854516,410466.518025,-0.818663731308,523697.813572,419204.758572,-81.8663731308
0.0713952,-6648.11885829,-3965.72582713,20875.3111033,17953.5967961,-14227.192245,-13987.870969,-0.777303687496,-354691.554065,-255129.315649,428379.321734,371781.781391,-76532.012051,-116652.465742,-365274.72741,433073.901227,-70204.7029416,-6760.73378338,-0.777303687496,522005.778381,526564.615263,411968.933346,415371.404341,-343062.690784,421155.752966,-79296.4193493,-365274.72741,433073.901227,-70204.7029416,-6760.73378338,522005.778381,411968.933346,-0.777303687496,526564.615263,415371.404341,-77.7303687496
0.0714618,-6988.9935917,-4427.44709416,20938.3344794,18093.2027867,-13949.3408877,-13665.7556925,-0.710949213077,-360269.248636,-262128.446706,429307.558831,369657.469887,-70335.5062732,-107529.023181,-368026.661586,430736.130333,-63853.1705456,-4875.63170102,-0.710949213077,521753.126,529648.582801,413578.923125,410766.467205,-346796.232273,418735.575402,-72512.4567506,-368026.661586,430736.130333,-63853.1705456,-4875.63170102,521753.126,413578.923125,-0.710949213077,529648.582801,410766.467205,-71.0949213077
0.0715284,-7279.68444931,-4886.37748056,20959.4485665,18221.403566,-13679.7641172,-13335.0260855,-0.632986186373,-365411.55949,-268962.342766,429800.998767,367300.14151,-64067.5400398,-98337.7987444,-369094.033944,427909.218754,-58674.7653142,-2293.96998202,-0.632986186373,521570.134107,532088.221621,415259.291262,406871.70039,-349149.744258,415874.46371,-66655.410077,-369094.033944,427909.218754,-58674.7653142,-2293.96998202,521570.134107,415259.291262,-0.632986186373,532088.221621,406871.70039,-63.2986186373
0.071595,-7527.86907458,-5342.22769548,20949.9818433,18338.1183217,-13422.1127687,-12995.8906262,-0.554279556811,-369995.85353,-275626.696023,429288.487504,364711.282225,-58124.2075314,-89084.5862025,-369115.920416,424614.728568,-54854.2766041,1881.60435296,-0.554279556811,521678.849783,533309.292808,416933.021712,404932.362403,-350553.912731,412670.772277,-61794.6899405,-369115.920416,424614.728568,-54854.2766041,1881.60435296,521678.849783,416933.021712,-0.554279556811,533309.292808,404932.362403,-55.4279556811
0.0716616,-7743.11059928,-5794.71038969,20914.9283755,18443.2734815,-13171.8177762,-12648.5630918,-0.480350165827,-373351.267016,-282117.305542,427183.858821,361892.523941,-52712.7631693,-79775.2183999,-368390.571702,420846.287516,-52125.7041112,7808.20659528,-0.480350165827,522066.852599,533189.94034,418765.646228,405280.507468,-351242.982251,409123.921203,-57715.3922594,-368390.571702,420846.287516,-52125.7041112,7808.20659528,522066.852599,418765.646228,-0.480350165827,533189.94034,405280.507468,-48.0350165827
0.0717282,-7936.70832109,-6243.54033669,20856.5214004,18536.8027599,-12919.8130793,-12293.2624232,-0.413577691157,-374733.226407,-288430.079909,423023.950859,358845.643489,-47897.4580034,-70415.5635794,-367080.149811,416573.225948,-49986.0728914,14611.39771,-0.413577691157,522642.474113,531922.282709,420959.765214,407263.888724,-351376.925733,405178.815811,-54047.4311229,-367080.149811,416573.225948,-49986.0728914,14611.39771,522642.474113,420959.765214,-0.413577691157,531922.282709,407263.888724,-41.3577691157
0.0717948,-8119.8618588,-6688.43461256,20777.0498636,18618.6471999,-12657.1880048,-11930.2125873,-0.357355891976,-373812.511229,-294561.039813,416683.051385,355572.561495,-43719.7170187,-61011.5216824,-365384.401739,411730.676263,-47976.1962031,20854.1519659,-0.357355891976,523381.6783,529812.752438,423309.933551,409634.863072,-351134.194955,400764.394232,-50443.8730129,-365384.401739,411730.676263,-47976.1962031,20854.1519659,523381.6783,423309.933551,-0.357355891976,529812.752438,409634.863072,-35.7355891976
0.0718614,-8302.29571972,-7129.11277421,20680.0104788,18688.7552102,-12377.7147591,-11559.642436,-0.315679742352,-370737.639151,-300506.320546,408563.013118,352075.341177,-40169.6792883,-51569.0206305,-363493.113411,406334.029084,-45713.0524764,25411.5016838,-0.315679742352,524505.521089,527285.98324,425155.142154,411215.47225,-350686.826314,395872.226841,-46620.1632049,-363493.113411,406334.029084,-45713.0524764,25411.5016838,524505.521089,425155.142154,-0.315679742352,527285.98324,411215.47225,-31.5679742352
0.071928,-8491.40193453,-7565.29703626,20569.813451,18747.0825975,-12078.4115164,-11181.7855612,-0.288142876274,-365875.070003,-306262.174449,399533.152777,348356.187037,-37094.6432989,-42094.012588,-361448.510847,400599.030654,-42802.2607502,28081.3393478,-0.288142876274,526561.625141,524863.461327,425814.055942,411614.21467,-350124.954941,390618.283411,-42318.6097591,-361448.510847,400599.030654,-42802.2607502,28081.3393478,526561.625141,425814.055942,-0.288142876274,524863.461327,411614.21467,-28.8142876274
0.0719946,-8689.62209122,-7996.71244608,20448.3002394,18793.5925946,-11758.6781482,-10796.8801485,-0.26776705464,-359614.49627,-311824.973269,390523.859706,344417.443479,-34248.044994,-32592.4702105,-359092.63195,394790.848313,-38938.3738064,29422.1344227,-0.26776705464,530049.430625,522913.934382,424998.420619,411434.78151,-349394.882032,385142.533962,-37368.4946743,-359092.63195,394790.848313,-38938.3738064,29422.1344227,530049.430625,424998.420619,-0.26776705464,522913.934382,411434.78151,-26.776705464
0.0720612,-8891.31692809,-8423.08705713,20308.9151057,18828.2558836,-11417.5981776,-10405.1688265,-0.244069030239,-352426.997852,-317191.210445,382000.194316,340261.593325,-31469.6335091,-23070.3828797,-356147.132669,388804.725333,-34166.7592063,30039.9371972,-0.244069030239,534813.05757,521489.750115,422949.305451,411605.485158,-348286.615682,379349.702551,-31819.5469967,-356147.132669,388804.725333,-34166.7592063,30039.9371972,534813.05757,422949.305451,-0.244069030239,521489.750115,411605.485158,-24.4069030239
0.0721278,-9083.9451007,-8844.15210039,20135.3223395,18851.0506142,-11051.3772388,-10006.8985138,-0.206412507477,-344965.00519,-322357.503322,373769.830056,335891.25625,-28757.4636987,-13533.752928,-352340.92023,381959.211006,-28941.5090322,30097.0101594,-0.206412507477,539835.500986,520416.555399,420375.391542,412380.365153,-346496.351696,372782.325438,-25949.4750225,-352340.92023,381959.211006,-28941.5090322,30097.0101594,539835.500986,420375.391542,-0.206412507477,520416.555399,412380.365153,-20.6412507477
0.0721944,-9254.54487093,-9259.64215375,19909.3058051,18861.9624175,-10654.7609342,-9602.32026371,-0.146181276463,-337914.636574,-327320.595282,365327.453215,331309.187136,-26095.8451316,-3988.59185489,-347473.396931,373394.648739,-23810.4344036,29364.6499389,-0.146181276463,543666.575773,519305.482715,418143.706847,413087.337938,-343741.880532,364873.59733,-20077.2181527,-347473.396931,373394.648739,-23810.4344036,29364.6499389,543666.575773,418143.706847,-0.146181276463,519305.482715,413087.337938,-14.6181276463
0.072261,-9396.72966398,-9669.29530938,19622.9211618,18860.984415,-10226.1914978,-9191.68910566,-0.0602306512193,-331703.187443,-332077.357795,356363.007315,326518.274332,-23243.6697686,5559.08346253,-341448.231967,362747.286197,-19041.6789163,27557.7202697,-0.0602306512193,545188.329217,517600.283605,416839.835713,412917.391154,-339891.10404,355385.354887,-14365.3535228,-341448.231967,362747.286197,-19041.6789163,27557.7202697,545188.329217,416839.835713,-0.0602306512193,517600.283605,412917.391154,-6.02306512193
0.0723276,-9513.43536445,-10072.8533388,19285.0508883,18848.1172235,-9771.6155238,-8775.2638847,0.0461302024989,-326434.827321,-336624.792393,346927.853916,321521.537831,-19765.8014041,15103.2545623,-334384.019153,350418.915364,-14575.2399409,24702.3101487,0.0461302024989,544190.667319,515059.475124,416583.766896,411831.324796,-335071.67317,344604.014721,-8801.66486695,-334384.019153,350418.915364,-14575.2399409,24702.3101487,544190.667319,416583.766896,0.0461302024989,515059.475124,411831.324796,4.61302024989
0.0723942,-9614.66895688,-10470.0618555,18917.869648,18823.3689537,-9303.20069113,-8353.30709814,0.161115895582,-322098.974319,-340960.032562,337240.22667,316322.127371,-15278.9844551,24637.9051913,-326707.434091,337276.146113,-10248.0050006,21338.5620691,0.161115895582,541350.998307,512193.638192,417135.349565,410599.753524,-329684.095674,333162.691521,-3317.20379294,-326707.434091,337276.146113,-10248.0050006,21338.5620691,541350.998307,417135.349565,0.161115895582,512193.638192,410599.753524,16.1115895582
0.0724608,-9712.89834916,-10860.6704757,18546.740344,18786.7552059,-8833.84199485,-7926.0847302,0.272736986897,-318672.506445,-345080.345544,327460.854219,310923.320446,-9638.45339922,34157.0250978,-319025.309537,324189.108802,-5934.51045758,18333.1903569,0.272736986897,537753.27541,510075.838716,418008.512083,410048.454055,-324252.279861,321719.638513,2148.25188576,-319025.309537,324189.108802,-5934.51045758,18333.1903569,537753.27541,418008.512083,0.272736986897,510075.838716,410048.454055,27.2736986897
0.0725274,-9819.75682481,-11244.4329758,18190.7091364,18738.2990601,-8370.95231161,-7493.8660843,0.374072119988,-315922.848771,-348983.134063,317600.840571,305328.520243,-2900.40730714,43654.61382,-311832.415639,311770.57865,-1446.25770413,16342.0386099,0.374072119988,534385.600023,509806.290575,418634.54116,410349.682417,-319202.770854,310735.917309,7713.33141875,-311832.415639,311770.57865,-1446.25770413,16342.0386099,534385.600023,418634.54116,0.374072119988,509806.290575,410349.682417,37.4072119988
0.072594,-9945.70908367,-11621.1074475,17859.0344419,18678.0310608,-7913.32535824,-7056.92361331,0.463451126069,-313249.454048,-352665.937961,307504.27217,299541.253493,4830.72135478,53124.6844682,-305363.986913,300322.453731,3596.74179232,15344.1115529,0.463451126069,531770.672859,512016.414831,418721.159296,410926.40562,-314768.47235,300409.868601,13635.7793705,-305363.986913,300322.453731,3596.74179232,15344.1115529,531770.672859,418721.159296,0.463451126069,512016.414831,410926.40562,46.3451126069
0.0726606,-10100.8259737,-11990.4564509,17553.8883398,18605.9891987,-7453.0623661,-6615.53274779,0.539380481617,-309956.250962,-356126.43575,296872.432104,293565.168251,13434.7241322,62561.2674995,-299754.471046,289835.155102,9652.26821216,14689.5362522,0.539380481617,529809.433061,516539.435852,418480.183961,410918.558993,-311087.987301,290703.703217,20249.2288543,-299754.471046,289835.155102,9652.26821216,14689.5362522,529809.433061,418480.183961,0.539380481617,516539.435852,410918.558993,53.9380481617
0.0727272,-10294.1263349,-12352.2471635,17274.8631347,18522.2188859,-6980.73679979,-6169.97172241,0.596581643092,-305801.424827,-359362.446076,285374.567868,287404.031596,22647.745336,71958.4144797,-295297.932694,279989.673899,16956.818837,13627.7003882,0.596581643092,528080.716765,522420.582476,418346.507891,409891.823799,-308358.336823,281400.866028,27779.799596,-295297.932694,279989.673899,16956.818837,13627.7003882,528080.716765,418346.507891,0.596581643092,522420.582476,409891.823799,59.6581643092
0.0727938,-10531.9498348,-12706.2515273,17021.6433203,18426.7729278,-6489.69348554,-5720.5214005,0.630214977686,-301253.57079,-362371.929089,272877.161367,281061.727255,32033.2840366,81310.2018336,-292472.951545,270287.942162,25405.9342842,11858.5970363,0.630214977686,526391.071674,528331.499973,418487.387514,408316.075686,-306853.839982,272211.715511,36251.3628877,-292472.951545,270287.942162,25405.9342842,11858.5970363,526391.071674,418487.387514,0.630214977686,528331.499973,408316.075686,63.0214977686
0.0728604,-10817.2486047,-13052.2463925,16794.7368988,18319.7114896,-5977.48829407,-5267.46509709,0.642332663752,-297169.078812,-365152.987736,259690.878854,274542.253156,41224.0274741,90610.7345792,-291663.432025,260374.37844,34792.3161647,9697.48833043,0.642332663752,524879.989481,533137.863687,418750.143461,407338.984833,-306786.871071,262946.858774,45591.7608161,-291663.432025,260374.37844,34792.3161647,9697.48833043,524879.989481,418750.143461,0.642332663752,533137.863687,407338.984833,64.2332663752
0.072927,-11149.0432277,-13390.0136582,16594.4050074,18201.1020584,-5445.3617797,-4811.08840023,0.639679640182,-294246.804278,-367703.868951,246572.817696,267849.718908,50194.0564538,99854.1500428,-292850.88523,250280.834537,45081.6701101,7714.71950933,0.639679640182,523644.1135,536254.58729,419024.303857,407960.887293,-308144.514937,253630.599068,55770.7890743,-292850.88523,250280.834537,45081.6701101,7714.71950933,523644.1135,419024.303857,0.639679640182,536254.58729,407960.887293,63.9679640182
0.0729936,-11520.5076021,-13719.3404097,16416.8651903,18071.0194007,-4896.35758827,-4351.67899104,0.627099242839,-292790.81759,-370022.964764,234351.777556,260988.343209,59246.9256557,109034.621555,-295555.212835,240264.175281,56360.1573142,6097.20060306,0.627099242839,522520.295994,537625.44942,419367.77529,410336.035557,-310625.422636,244387.088432,66774.0617429,-295555.212835,240264.175281,56360.1573142,6097.20060306,522520.295994,419367.77529,0.627099242839,537625.44942,410336.035557,62.7099242839
0.0730602,-11918.0730655,-14040.0190531,16250.458075,17929.5455154,-4332.38500947,-3889.52646231,0.606642114304,-292856.720645,-372108.813313,223473.027189,253962.451187,68792.66229,118146.362125,-299027.345135,230390.824977,68590.1247553,4303.00122405,0.606642114304,521193.73745,537457.248638,419687.736292,413685.624194,-313708.311963,235193.1296,78492.7461475,-299027.345135,230390.824977,68590.1247553,4303.00122405,521193.73745,419687.736292,0.606642114304,537457.248638,413685.624194,60.6642114304
0.0731268,-12325.1958844,-14351.8474456,16078.0283263,17776.7695817,-3752.83244192,-3424.922136,0.580179857677,-294450.022916,-373960.099763,213895.338619,246776.471678,79197.2938142,127183.628085,-302528.843232,220397.35498,81550.8913504,1370.12298108,0.580179857677,519455.507809,536028.845325,419462.762326,416707.576609,-316827.437684,225813.69934,90723.7202153,-302528.843232,220397.35498,81550.8913504,1370.12298108,519455.507809,419462.762326,0.580179857677,536028.845325,416707.576609,58.0179857677
0.0731934,-12729.3756699,-14654.6290236,15886.661065,17612.7879032,-3157.28539505,-2958.15887959,0.549200964477,-297553.00271,-375575.657141,205357.173862,239434.934426,90765.3910245,136140.722715,-305575.791962,210014.682578,95003.8925028,-3330.38145148,0.549200964477,517560.59907,533736.187536,417979.334323,418291.981425,-319592.200488,216036.223033,103277.139749,-305575.791962,210014.682578,95003.8925028,-3330.38145148,517560.59907,417979.334323,0.549200964477,533736.187536,418291.981425,54.9200964477
0.07326,-13127.1068721,-14948.1729259,15677.2216183,17437.7038474,-2550.11474618,-2489.53092143,0.513267624629,-302085.793164,-376954.467065,197637.563615,231942.467234,103706.003695,145011.99983,-308109.630423,199352.166485,108809.570061,-9493.04194807,0.513267624629,516337.041159,531117.803146,414884.58696,418260.483361,-321957.209711,205945.227435,116037.198153,-308109.630423,199352.166485,108809.570061,-9493.04194807,516337.041159,414884.58696,0.513267624629,531117.803146,418260.483361,51.3267624629
0.0733266,-13523.5762356,-15232.2941146,15465.5005338,17251.6277799,-1941.9242982,-2019.33366533,0.470865153644,-307980.960753,-378095.66039,190561.363495,224303.793047,118009.193752,153791.867342,-310567.233733,188892.459907,122838.738922,-15943.6874196,0.470865153644,516668.381582,528661.429994,410467.161152,417479.902635,-324262.518827,195935.483087,128907.785848,-310567.233733,188892.459907,122838.738922,-15943.6874196,516668.381582,410467.161152,0.470865153644,528661.429994,417479.902635,47.0865153644
0.0733932,-13928.2170329,-15506.8134912,15274.2512561,17054.6769955,-1346.0342232,-1547.8635043,0.421815079353,-315288.42916,-378998.517754,183872.08737,216523.72697,133339.792305,162474.790784,-313764.443803,179142.899899,136829.59008,-21338.6909568,0.421815079353,518747.139813,526667.403543,405560.507554,417080.459571,-327103.382455,186471.068302,141735.48349,-313764.443803,179142.899899,136829.59008,-21338.6909568,518747.139813,405560.507554,0.421815079353,526667.403543,417080.459571,42.1815079353
0.0734598,-14349.6790112,-15771.5580101,15122.1474338,16846.9756439,-772.468422656,-1075.41763375,0.368855993432,-324032.741767,-379662.470035,177219.065033,208607.173238,149124.960839,171055.296797,-318527.493987,170360.837742,150463.428147,-24958.6868983,0.368855993432,521850.466793,525295.513649,401303.266944,417518.88293,-331052.480077,177848.368794,154352.8508,-318527.493987,170360.837742,150463.428147,-24958.6868983,521850.466793,401303.266944,0.368855993432,525295.513649,417518.88293,36.8855993432
0.0735264,-14793.419907,-16026.3607873,15016.7273301,16628.6546514,-223.307423196,-602.293864143,0.317060332473,-333843.34128,-380087.098703,170299.395396,200559.122119,164858.354723,179527.976583,-325242.136037,162594.565815,163675.807883,-26975.8293462,0.317060332473,524793.144401,524483.98944,398748.378866,418438.511834,-336379.144202,170147.939867,166746.920751,-325242.136037,162594.565815,163675.807883,-26975.8293462,524793.144401,398748.378866,0.317060332473,524483.98944,418438.511834,31.7060332473
0.073593,-15262.2167067,-16271.0612055,14954.587256,16399.8516387,307.629450667,-128.790433241,0.270026698015,-343836.086061,-380272.136089,162985.600531,192384.646775,180355.45662,187887.489314,-333697.602498,155851.832296,176842.68685,-28002.8997388,0.270026698015,526618.960847,523861.114851,398405.451,419304.915842,-342974.949086,163317.935911,179157.443033,-333697.602498,155851.832296,176842.68685,-28002.8997388,526618.960847,398405.451,0.270026698015,523861.114851,419304.915842,27.0026698015
0.0736596,-15757.047988,-16505.5050156,14926.5080376,16160.7108337,830.539950382,344.794181854,0.225539038169,-353050.59591,-380217.465555,155329.936713,184088.900059,195682.813742,196128.565496,-343367.984421,150117.559541,190550.268753,-28442.6972764,0.225539038169,527027.553882,523059.432544,400069.354161,419984.98081,-350529.078486,157237.724331,191942.647268,-343367.984421,150117.559541,190550.268753,-28442.6972764,527027.553882,400069.354161,0.225539038169,523059.432544,419984.98081,22.5539038169
0.0737262,-16276.5118237,-16729.5444339,14922.463549,15911.3829811,1354.04827473,818.161452873,0.176650867394,-361062.69973,-379923.121562,147529.482663,175677.111269,210876.116348,204246.010293,-353803.671684,145253.83757,205169.414766,-28250.2841762,0.176650867394,526335.571219,522158.279861,403008.168637,420738.531262,-358749.974642,151729.720514,205330.457309,-353803.671684,145253.83757,205169.414766,-28250.2841762,526335.571219,403008.168637,0.176650867394,522158.279861,420738.531262,17.6650867394
0.0737928,-16815.945427,-16943.0382352,14933.8960086,15652.0252467,1882.04941846,1291.01298855,0.117304655146,-368168.093648,-379389.289652,139942.115545,167154.58285,225805.620127,212234.706802,-364757.509054,141005.872451,220678.326086,-27133.0803506,0.117304655146,525177.247074,521756.573061,406269.371087,421787.904789,-367436.86945,146593.925298,219305.919448,-364757.509054,141005.872451,220678.326086,-27133.0803506,525177.247074,406269.371087,0.117304655146,521756.573061,421787.904789,11.7304655146
0.0738594,-17367.5604126,-17145.8518418,14953.8575435,15382.8011191,2413.70286906,1763.05072271,0.0451979951865,-375040.902928,-378616.306331,133069.186083,158526.687054,240287.502934,220089.619277,-376054.599744,137140.145915,236800.754389,-24915.1175484,0.0451979951865,524178.377278,522650.481853,409028.735989,422925.790285,-376416.452186,141677.857734,233680.839147,-376054.599744,137140.145915,236800.754389,-24915.1175484,524178.377278,409028.735989,0.0451979951865,522650.481853,422925.790285,4.51979951865
0.073926,-17920.3578378,-17337.8574082,14975.2444689,15103.880306,2945.11336895,2233.97710218,-0.0399734254434,-382278.135685,-377604.658856,127367.386819,149798.862552,254218.035593,227805.796304,-387437.076659,133496.388571,253156.081876,-21855.1422082,-0.0399734254434,523602.826236,525290.189377,410930.694321,423455.907756,-385454.447717,136882.665398,248178.241296,-387437.076659,133496.388571,253156.081876,-21855.1422082,523602.826236,410930.694321,-0.0399734254434,525290.189377,423455.907756,-3.99734254434
0.0739926,-18459.2245915,-17518.9339021,14987.269459,14815.4386278,3471.95513244,2703.49527432,-0.138628170834,-390205.804077,-376354.984928,122945.129756,140976.611005,267565.190653,235378.373923,-398516.96478,129829.060591,269253.829611,-18684.9013549,-0.138628170834,523146.723693,529293.759463,412110.791891,422503.185684,-394206.107741,132048.177551,262439.75438,-398516.96478,129829.060591,269253.829611,-18684.9013549,523146.723693,412110.791891,-0.138628170834,529293.759463,422503.185684,-13.8628170834
0.0740592,-18966.0738038,-17688.9671803,14973.9721886,14517.6579062,3992.10161522,3171.30927419,-0.250672085944,-398933.86243,-374868.07229,119423.525573,132065.493599,280307.271785,242802.578692,-408836.264543,125661.343913,284500.674033,-16234.9620285,-0.250672085944,522264.6115,533473.928705,412821.894922,419638.100772,-402244.044442,126855.643258,276050.938447,-408836.264543,125661.343913,284500.674033,-16234.9620285,522264.6115,412821.894922,-0.250672085944,533473.928705,419638.100772,-25.0672085944
0.0741258,-19424.991091,-17847.8500609,14919.3336548,14210.7258498,4505.6574362,3637.12421107,-0.372530323249,-408391.192667,-373144.858231,116177.94244,123071.127535,292475.75265,250073.730697,-417966.513022,120484.788507,298401.290597,-14876.8018002,-0.372530323249,520810.803835,536521.226716,413155.873203,415466.553778,-409167.712667,120956.665057,288671.704709,-417966.513022,120484.788507,298401.290597,-14876.8018002,520810.803835,413155.873203,-0.372530323249,536521.226716,415466.553778,-37.2530323249
0.0741924,-19828.2129498,-17995.4823905,14816.7191693,13894.8359361,5011.49378045,4100.64645437,-0.494748280265,-418231.51549,-371186.428994,112783.102218,113999.182491,304263.446499,257187.246503,-425590.069117,114228.298439,310825.063575,-14265.1918421,-0.494748280265,519182.221615,537757.587946,413217.653666,411496.770136,-414733.985482,114282.828952,300184.43416,-425590.069117,114228.298439,310825.063575,-14265.1918421,519182.221615,413217.653666,-0.494748280265,537757.587946,411496.770136,-49.4748280265
0.074259,-20178.1225728,-18131.7711078,14674.2687,13570.187289,5503.8538728,4561.58381874,-0.603050844114,-427830.240305,-368994.019092,109213.900685,104855.37705,315986.59328,264138.642042,-431594.556724,107476.36258,322026.986013,-13639.7567682,-0.603050844114,517847.146167,537297.014826,413355.423456,409188.102785,-418947.53664,107206.605057,310696.633356,-431594.556724,107476.36258,322026.986013,-13639.7567682,517847.146167,413355.423456,-0.603050844114,537297.014826,409188.102785,-60.3050844114
0.0743256,-20484.0405478,-18256.630302,14510.9294531,13236.9845538,5973.11109467,5019.64574819,-0.68297896108,-436539.27075,-366569.01053,105628.213063,95645.4750894,327832.958388,270923.535441,-436182.795607,101126.370434,332349.996264,-12417.0855917,-0.68297896108,516976.989365,535676.493554,413982.856284,409062.014803,-422074.138168,100343.102271,320378.028084,-436182.795607,101126.370434,332349.996264,-12417.0855917,516976.989365,413982.856284,-0.68297896108,535676.493554,409062.014803,-68.297896108
0.0743922,-20756.4697161,-18369.9812671,14345.9346652,12895.4377677,6410.53505095,5474.54349934,-0.725197654731,-443948.756719,-363912.931934,102035.971051,86375.2821537,339627.512016,277537.64978,-439840.204718,95807.6784916,341922.16222,-10588.8084431,-0.725197654731,516508.859971,533441.981995,415173.015725,410557.961968,-424529.728899,94170.5338118,329303.206634,-439840.204718,95807.6784916,341922.16222,-10588.8084431,516508.859971,415173.015725,-0.725197654731,533441.981995,410557.961968,-72.5197654731
0.0744588,-21002.6183839,-18471.7525511,14189.0397661,12545.7622278,6813.57861779,5925.99032332,-0.727893434512,-449825.047514,-361027.457587,98187.3487351,77050.6417911,350870.279106,283976.815796,-443064.715876,91583.5756383,350666.430801,-8637.41402021,-0.727893434512,516422.067061,530996.167036,416466.103502,412491.182643,-426662.464423,88793.0077817,337460.874677,-443064.715876,91583.5756383,350666.430801,-8637.41402021,516422.067061,416466.103502,-0.727893434512,530996.167036,412491.182643,-72.7893434512
0.0745254,-21225.3998019,-18561.8800018,14037.2683512,12188.1783552,7188.1314507,6373.70164664,-0.696006920196,-453861.850773,-357914.406373,93677.0510738,67677.4318717,361003.878243,290236.974501,-446068.544985,88061.2756932,358541.172242,-7012.08694822,-0.696006920196,516986.347476,528656.339286,417099.196872,413789.322898,-428578.570155,83962.9825981,344881.360433,-446068.544985,88061.2756932,358541.172242,-7012.08694822,516986.347476,417099.196872,-0.696006920196,528656.339286,413789.322898,-69.6006920196
0.074592,-21424.8732145,-18640.3068064,13878.7764753,11822.911556,7546.09673916,6817.39525047,-0.639537831922,-455671.773249,-354575.740631,88111.0286513,58261.5608815,369641.947201,296314.17975,-448736.048308,84660.1703533,365666.459386,-5582.36279318,-0.639537831922,518708.47427,526651.817138,416473.689337,414158.367439,-430151.838646,79251.9131646,351694.294273,-448736.048308,84660.1703533,365666.459386,-5582.36279318,518708.47427,416473.689337,-0.639537831922,526651.817138,414158.367439,-63.9537831922
0.0746586,-21599.3221954,-18706.983528,13699.5662542,11450.1920794,7899.75594114,7256.7914486,-0.570885851571,-455099.196744,-351013.56492,81270.4754982,48808.9641985,376591.331981,302204.600722,-450822.114977,80804.5940623,372188.250252,-3582.19008685,-0.570885851571,521883.697441,525036.757745,414496.251518,414144.314339,-431168.141538,74218.708711,358034.365168,-450822.114977,80804.5940623,372188.250252,-3582.19008685,521883.697441,414496.251518,-0.570885851571,525036.757745,414144.314339,-57.0885851571
0.0747252,-21744.9853342,-18761.8681362,13488.1553705,11070.2548724,8256.82996374,7691.61326375,-0.500629690133,-452467.807011,-347230.124688,73254.2917763,39325.6003511,381776.55362,307904.524337,-452115.413269,76032.0430907,378099.3109,-145.749627062,-0.500629690133,526173.8005,523781.643165,411698.941212,414479.89475,-431432.898464,68519.9440463,363921.296837,-452115.413269,76032.0430907,378099.3109,-145.749627062,526173.8005,411698.941212,-0.500629690133,523781.643165,414479.89475,-50.0629690133
0.0747918,-21855.9514885,-18804.9260341,13236.8948296,10683.3394319,8619.05665889,8121.58660211,-0.434585902015,-448419.711515,-343227.804861,64542.6379231,29817.4472621,385266.105672,313410.357599,-452387.744877,70120.1195822,383283.925655,4970.5107013,-0.434585902015,530676.727299,522931.113382,409139.551053,415392.670875,-430753.041452,61989.3267445,369272.999976,-452387.744877,70120.1195822,383283.925655,4970.5107013,530676.727299,409139.551053,-0.434585902015,522931.113382,415392.670875,-43.4585902015
0.0748584,-21924.8469988,-18836.1300796,12941.1365694,10289.6896535,8983.71042936,8546.44042616,-0.375254649475,-443479.548082,-339009.128336,55881.4361269,20290.49848,387374.66309,318718.629856,-451243.45036,63188.3460815,387708.571536,11068.4363746,-0.375254649475,534375.561592,522434.310282,407928.16703,416547.662759,-428860.874851,54675.0354156,374013.748032,-451243.45036,63188.3460815,387708.571536,11068.4363746,534375.561592,407928.16703,-0.375254649475,522434.310282,416547.662759,-37.5254649475
0.074925,-21942.9807657,-18855.4606032,12596.7418128,9889.55367768,9346.23895293,8965.90692553,-0.32556346934,-437795.113122,-334576.754394,47926.4097141,10750.759402,388613.495053,323825.994992,-448111.106269,55561.0302556,391438.493293,16875.1611885,-0.32556346934,536569.879759,521896.978216,408588.958307,417470.890589,-425396.060374,46741.5832459,378098.95499,-448111.106269,55561.0302556,391438.493293,16875.1611885,536569.879759,408588.958307,-0.32556346934,521896.978216,417470.890589,-32.556346934
0.0749916,-21900.2645395,-18862.9054196,12197.1214924,9483.18373381,9703.14304712,9379.72168577,-0.289181001941,-431274.017434,-329933.477021,40814.544958,1204.24348717,389437.311614,328729.233534,-442451.384785,47387.1723033,394425.376208,21317.4032412,-0.289181001941,537131.810743,520825.822948,410872.347852,417914.014875,-419991.635144,38245.8352026,381425.441339,-442451.384785,47387.1723033,394425.376208,21317.4032412,537131.810743,410872.347852,-0.289181001941,520825.822948,417914.014875,-28.9181001941
0.0750582,-21787.6058332,-18858.4598359,11733.8316946,9070.83598079,10053.7741386,9787.62385508,-0.266382940263,-423859.004158,-325082.223148,34041.1613654,-8343.03153324,390039.483081,333425.254681,-434014.75555,38418.4389691,396389.663875,24104.7433087,-0.266382940263,536551.371215,519191.264128,414108.905193,417936.236643,-412420.22558,29018.5538097,383796.770585,-434014.75555,38418.4389691,396389.663875,24104.7433087,536551.371215,414108.905193,-0.266382940263,519191.264128,417936.236643,-26.6382940263
0.0751248,-21601.9632858,-18842.1266544,11202.9265933,8652.77034568,10399.0366924,10189.3563087,-0.251442218795,-415591.408951,-320026.050806,26801.9483637,-17885.0474496,390392.350638,337911.098256,-422958.587956,28263.0069429,396998.190034,25659.2814342,-0.251442218795,535678.493629,517653.180687,417565.570078,417697.774456,-402719.209253,18835.3940474,385033.753339,-422958.587956,28263.0069429,396998.190034,25659.2814342,535678.493629,417565.570078,-0.251442218795,517653.180687,417697.774456,-25.1442218795
0.0751914,-21350.0031253,-18813.9161709,10612.2437501,8229.25035987,10737.7593752,10584.665811,-0.23480300273,-406468.9492,-314768.147199,18479.7453396,-27415.7893673,390412.733814,342183.936566,-409801.11313,16855.5156,396122.603252,26521.1981555,-0.23480300273,535210.773549,517188.827767,420614.820428,417120.006335,-391231.680944,7715.55821032,385103.934731,-409801.11313,16855.5156,396122.603252,26521.1981555,535210.773549,420614.820428,-0.23480300273,517188.827767,417120.006335,-23.480300273
0.075258,-21046.8491306,-18773.8461681,9982.02381109,7800.54299296,11064.8253195,10973.3031751,-0.206483113895,-396366.530192,-309311.826692,8852.39893836,-36929.2494985,390033.074035,346241.07619,-395293.594757,4619.43625836,393893.451253,26859.6815446,-0.206483113895,535238.326616,518393.197829,422917.518366,415740.019878,-378539.073943,-3981.93501982,384130.700103,-395293.594757,4619.43625836,393893.451253,26859.6815446,535238.326616,422917.518366,-0.206483113895,518393.197829,415740.019878,-20.6483113895
0.0753246,-20710.6763602,-18721.9419045,9337.03465446,7366.91848443,11373.6417057,11355.02342,-0.158447219378,-385125.955845,-303660.528726,-2030.01158095,-46419.430949,389148.502699,350079.959675,-380242.184026,-7814.80180822,390562.899922,26457.2908187,-0.158447219378,535231.736516,520952.177552,424480.661807,412961.848074,-365294.820828,-15759.0582198,382307.590095,-380242.184026,-7814.80180822,390562.899922,26457.2908187,535231.736516,424480.661807,-0.158447219378,520952.177552,412961.848074,-15.8447219378
0.0753912,-20356.7871232,-18658.2360984,8695.67499981,6928.65017336,11661.1121234,11729.585925,-0.0873968789406,-372622.174821,-297817.815646,-14038.8419863,-55880.3514986,387585.056536,353698.167145,-365264.391962,-20000.9853708,386403.362545,25014.5847911,-0.0873968789406,534573.468496,523743.304945,425409.234968,408641.001968,-352004.573575,-27266.9506535,379841.920108,-365264.391962,-20000.9853708,386403.362545,25014.5847911,534573.468496,425409.234968,-0.0873968789406,523743.304945,408641.001968,-8.73968789406
0.0754578,-19994.572536,-18582.7689073,8063.2944889,6486.01432606,11931.2780471,12096.7545813,0.00285950651495,-358652.217444,-291787.370459,-27035.4087279,-65306.0473719,385205.080791,357093.417831,-350549.526365,-31825.5511043,381770.703738,22517.796131,0.00285950651495,533134.677564,525575.613434,425707.691163,403581.476659,-338849.588169,-38440.6988432,376989.752738,-350549.526365,-31825.5511043,381770.703738,22517.796131,533134.677564,425707.691163,0.00285950651495,525575.613434,403581.476659,0.285950651495
0.0755244,-19628.1986526,-18495.5879027,7433.24159474,6039.28996198,12194.9570578,12456.2979407,0.102763914052,-342850.789736,-285572.99451,-40845.2964766,-74690.5769979,382064.582689,360263.571508,-335816.809452,-43403.3313882,377186.625549,19448.0405368,0.102763914052,531245.909542,525940.063798,425434.656225,399335.143237,-325675.506349,-49439.2658811,374099.101711,-335816.809452,-43403.3313882,377186.625549,19448.0405368,531245.909542,425434.656225,0.102763914052,525940.063798,399335.143237,10.2763914052
0.075591,-19258.8815156,-18396.7480399,6793.60614377,5588.7586778,12465.2753718,12807.9893621,0.202041987096,-324938.571799,-279178.605085,-55257.0988254,-84028.0247547,378399.263143,363206.62984,-320592.182365,-54960.9653697,373194.417296,16624.3083265,0.202041987096,529227.345547,525156.512939,424868.298624,397325.937152,-312183.008251,-60521.8257046,371525.335657,-320592.182365,-54960.9653697,373194.417296,16624.3083265,529227.345547,424868.298624,0.202041987096,525156.512939,397325.937152,20.2041987096
0.0756576,-18886.1292261,-18286.3116234,6134.25768616,5134.7044699,12751.8715399,13151.6071535,0.294345593839,-305172.995445,-272608.232946,-70059.8870918,-93312.5046993,374404.804996,365920.737645,-304611.241177,-66830.1618803,370028.099945,14711.7460346,0.294345593839,527184.664537,523977.688074,424356.892895,398083.335916,-298177.625046,-71969.4657872,369439.267498,-304611.241177,-66830.1618803,370028.099945,14711.7460346,527184.664537,424356.892895,0.294345593839,523977.688074,398083.335916,29.4345593839
0.0757242,-18507.8199888,-18164.3482678,5450.22438008,4677.41355541,13057.5956087,13486.9347124,0.37778649581,-284487.671846,-265866.019783,-85032.3232685,-102538.164277,370087.754595,368404.18406,-287977.490676,-79409.8168655,367458.656316,13768.0008414,0.37778649581,525217.040163,523096.811208,424038.985351,401093.131742,-283669.406977,-84027.3395602,367731.125107,-287977.490676,-79409.8168655,367458.656316,13768.0008414,525217.040163,424038.985351,0.37778649581,523096.811208,401093.131742,37.778649581
0.0757908,-18120.6580559,-18030.9348539,4741.51891686,4217.1741917,13379.1391391,13813.7606622,0.450952567055,-264088.773712,-258956.215612,-99882.2971151,-111699.188012,365390.16379,370655.403623,-270964.380422,-92978.6327966,365018.707404,13240.4690333,0.450952567055,523647.89763,522876.299647,423680.166958,405144.344156,-268775.870269,-96815.7260759,366128.859639,-270964.380422,-92978.6327966,365018.707404,13240.4690333,523647.89763,423680.166958,0.450952567055,522876.299647,405144.344156,45.0952567055
0.0758574,-17721.0191248,-17886.1554799,4011.09879814,3754.27649476,13709.9203267,14131.8789851,0.509287463572,-244866.456471,-251883.176088,-114278.131539,-120789.80117,360414.443266,372672.977258,-253720.244195,-107519.121816,362346.780502,12429.3547973,0.509287463572,523010.77062,523325.20262,422740.970398,408989.153548,-253567.47545,-110270.592021,364392.077706,-253720.244195,-107519.121816,362346.780502,12429.3547973,523010.77062,422740.970398,0.509287463572,523325.20262,408989.153548,50.9287463572
0.075924,-17305.0933581,-17730.1014088,3261.8191958,3289.01225626,14043.2741623,14441.0891525,0.547804456358,-227113.579789,-244651.359766,-128034.863503,-129804.273404,355474.415627,374455.63317,-236157.762612,-122784.688821,359306.052461,11017.3564318,0.547804456358,523790.277921,524200.721966,420701.678324,412046.942457,-237995.217684,-124213.228529,362391.118827,-236157.762612,-122784.688821,359306.052461,11017.3564318,523790.277921,420701.678324,0.547804456358,524200.721966,412046.942457,54.7804456358
0.0759906,-16869.3578575,-17562.8710107,2494.33010307,2821.67475965,14375.0277544,14741.1962511,0.56665101595,-210656.794234,-237265.325284,-141281.156822,-138736.92236,350964.250331,376002.247644,-218073.53739,-138541.256443,355892.580149,9255.41365516,0.56665101595,526062.060174,525187.841172,417464.352048,414575.976625,-221940.684446,-138498.335272,360079.023762,-218073.53739,-138541.256443,355892.580149,9255.41365516,526062.060174,417464.352048,0.56665101595,525187.841172,414575.976625,56.665101595
0.0760572,-16413.4156783,-17384.5697008,1709.30884146,2352.55859528,14704.1068369,15032.0111055,0.570626217101,-195133.903555,-229729.728496,-154380.193319,-147582.117264,347227.774476,377311.84576,-199367.752254,-154655.92258,352181.492065,7658.45434654,0.570626217101,529272.259835,526122.223803,413555.457142,417091.887931,-205355.336269,-153049.226223,357484.600881,-199367.752254,-154655.92258,352181.492065,7658.45434654,529272.259835,413555.457142,0.570626217101,526122.223803,417091.887931,57.0626217101
0.0761238,-15943.880267,-17195.3098728,913.714008422,1881.95947468,15030.1662586,15313.3503981,0.564055852031,-180154.988202,-222049.319531,-167631.824673,-156334.282469,344521.384941,378383.602,-180205.65083,-170893.769476,348391.673708,6427.44267661,0.564055852031,532356.490583,527016.796401,409931.416656,419696.448827,-188400.438771,-167706.219095,354753.575823,-180205.65083,-170893.769476,348391.673708,6427.44267661,532356.490583,409931.416656,0.564055852031,527016.796401,419696.448827,56.4055852031
0.0761904,-15475.252006,-16995.2108284,124.892004394,1410.1740442,15350.3600016,15585.0367842,0.549052828303,-165358.257623,-214228.939804,-181054.610024,-164987.900969,342992.410405,379216.840773,-161053.509748,-186715.580179,344900.061825,5100.97536225,0.549052828303,534143.095981,527751.821413,407409.213603,422013.888383,-171494.317831,-182082.454272,352142.199085,-161053.509748,-186715.580179,344900.061825,5100.97536225,534143.095981,407409.213603,0.549052828303,527751.821413,422013.888383,54.9052828303
0.076257,-15026.0412421,-16784.3987018,-633.026720987,937.499697977,15659.0679631,15846.8990038,0.527180259627,-150528.105963,-206273.518961,-194477.473508,-173537.517879,342580.315048,379811.03684,-142626.850446,-201437.45373,342066.835018,2789.74897734,0.527180259627,533823.857004,527856.268769,406164.924429,423565.867454,-155243.051238,-195662.580559,349905.822343,-142626.850446,-201437.45373,342066.835018,2789.74897734,533823.857004,406164.924429,0.527180259627,527856.268769,423565.867454,52.7180259627
0.0763236,-14612.5146632,-16563.0063803,-1338.89814357,464.234390488,15951.4128068,16098.7719898,0.499721118432,-135745.570634,-198188.071771,-207805.126524,-181977.743873,342917.436556,380165.815644,-125753.173888,-214663.329569,340008.259439,-1153.7760575,0.499721118432,531335.433594,526850.364762,405815.102091,424107.996824,-140278.570738,-208096.325511,348169.272027,-125753.173888,-214663.329569,340008.259439,-1153.7760575,531335.433594,405815.102091,0.499721118432,526850.364762,424107.996824,49.9721118432
0.0763902,-14243.9677393,-16331.1734204,-1983.58262818,-9.32355127678,16227.5503675,16340.4969717,0.466739814751,-121322.553646,-189977.694969,-221127.766728,-190303.258578,343421.594301,380280.953547,-111096.24705,-226533.926247,338597.509572,-6556.36585091,0.466739814751,527467.179252,524855.031096,405898.632731,423749.336326,-127040.732539,-219400.954378,346924.39506,-111096.24705,-226533.926247,338597.509572,-6556.36585091,527467.179252,405898.632731,0.466739814751,524855.031096,423749.336326,46.6739814751
0.0764568,-13921.9144027,-16089.0459603,-2572.29490752,-482.875615857,16494.2093102,16571.9215762,0.427645843094,-107496.626674,-181647.564038,-234575.027147,-198508.813932,343607.10255,380156.377971,-98847.8877876,-237554.046809,337726.3905,-12421.5843624,0.427645843094,523499.656996,522775.080478,406137.37979,422781.454294,-115604.589607,-229898.089232,346165.012884,-98847.8877876,-237554.046809,337726.3905,-12421.5843624,523499.656996,406137.37979,0.427645843094,522775.080478,422781.454294,42.7645843094
0.0765234,-13642.5730946,-15836.776627,-3119.49780559,-956.1232955,16762.0709002,16792.8999225,0.38300734652,-94253.2771738,-173202.929951,-248109.456777,-206589.237491,343363.012509,379792.167442,-88660.4922622,-248226.559071,337518.010086,-17522.7353222,0.38300734652,520511.717156,521835.598052,406424.83356,421345.498788,-105690.513792,-239985.78949,345992.692506,-88660.4922622,-248226.559071,337518.010086,-17522.7353222,520511.717156,406424.83356,0.38300734652,521835.598052,421345.498788,38.300734652
0.07659,-13399.8173159,-15574.5244409,-3640.52880367,-1428.76827433,17040.3461196,17003.2927152,0.335797698859,-81532.6107802,-164649.115857,-261443.996412,-214539.435688,342945.453474,379188.551546,-79911.2031377,-258828.64828,338234.347211,-21127.853255,0.335797698859,518851.810329,522841.966779,406859.837335,419301.847768,-96862.0512433,-249946.060553,346556.438089,-79911.2031377,-258828.64828,338234.347211,-21127.853255,518851.810329,406859.837335,0.335797698859,522841.966779,419301.847768,33.5797698859
0.0766566,-13186.5297267,-15302.4547148,-4145.49873193,-1900.51261637,17332.0284587,17202.9673312,0.290818946311,-69570.1098044,-155991.51373,-274092.002154,-222354.397045,342734.954368,378345.910775,-72049.8775817,-269405.041781,340006.881755,-23294.4076011,0.290818946311,518175.233749,525669.286023,407700.360914,416461.222151,-88743.490555,-259877.99492,347898.248084,-72049.8775817,-269405.041781,340006.881755,-23294.4076011,518175.233749,407700.360914,0.290818946311,525669.286023,416461.222151,29.0818946311
0.0767232,-12994.97803,-15020.7389504,-4637.881071,-2371.0589534,17632.859101,17391.7979037,0.251473592618,-58938.231119,-147235.580966,-285485.387389,-230029.195331,343032.524374,377264.776297,-64748.4274816,-279835.911807,342709.140255,-24530.5540256,0.251473592618,517964.931005,529313.615774,409064.74348,412996.543169,-81105.2269425,-269717.371622,349885.274823,-64748.4274816,-279835.911807,342709.140255,-24530.5540256,517964.931005,409064.74348,0.251473592618,529313.615774,412996.543169,25.1473592618
0.0767898,-12817.5589862,-14729.5547296,-5116.3496351,-2840.11067233,17933.9086213,17569.6654019,0.215987225028,-50217.8031769,-138386.836944,-295131.534014,-237558.99267,344042.678089,375945.829614,-57833.7498264,-289877.215013,346067.205986,-25212.6538902,0.215987225028,517968.786132,532498.383489,410750.505748,409668.786185,-73824.0009295,-279282.56004,352284.270846,-57833.7498264,-289877.215013,346067.205986,-25212.6538902,517968.786132,410750.505748,0.215987225028,532498.383489,409668.786185,21.5987225028
0.0768564,-12647.5013182,-14429.0856031,-5577.84198141,-3307.37210227,18225.3432996,17736.4577054,0.177917438722,-43646.2762651,-129450.859549,-302813.984298,-244939.042586,345918.096938,374389.902135,-51188.7573306,-299240.308825,349799.533096,-25309.6016113,0.177917438722,518123.547435,534399.978068,412457.298394,407565.153651,-66819.6110402,-288354.037456,354857.644867,-51188.7573306,-299240.308825,349799.533096,-25309.6016113,518123.547435,412457.298394,0.177917438722,534399.978068,407565.153651,17.7917438722
0.076923,-12478.9038001,-14119.5209743,-6020.65191151,-3772.5487008,18499.5557117,17892.0696751,0.130901197331,-39080.0379184,-120433.281655,-308784.65795,-252164.692999,348702.593858,372597.974654,-44767.6569346,-307787.275106,353603.836964,-24529.8238685,0.130901197331,518281.895848,534968.38717,414061.89584,407501.320971,-60044.6170742,-296808.253374,357375.53539,-44767.6569346,-307787.275106,353603.836964,-24529.8238685,518281.895848,414061.89584,0.130901197331,534968.38717,407501.320971,13.0901197331
0.0769896,-12307.5370223,-13801.0559799,-6445.31275083,-4235.34723972,18752.8497731,18036.4032196,0.0718150953905,-36216.6724145,-111339.787571,-313763.002883,-259231.389156,352237.648744,370571.176727,-38692.1765896,-315677.969975,357107.89331,-22671.4696523,0.0718150953905,518243.990131,534707.985901,415588.002457,409569.418244,-53531.9007424,-304706.363852,359605.627403,-38692.1765896,-315677.969975,357107.89331,-22671.4696523,518243.990131,415588.002457,0.0718150953905,534707.985901,409569.418244,7.18150953905
0.0770562,-12133.4966259,-13473.8913672,-6851.17175084,-4695.47598986,18984.6683767,18169.367357,-0.000206283196279,-34748.8699161,-102176.109462,-318597.82972,-266134.676504,356216.607018,368310.785966,-33279.2365638,-323197.387396,359996.683411,-19941.0184184,-0.000206283196279,517996.768826,534185.380121,416958.04598,413047.48154,-47444.0039641,-312183.876475,361387.501391,-33279.2365638,-323197.387396,359996.683411,-19941.0184184,517996.768826,416958.04598,-0.000206283196279,534185.380121,413047.48154,-0.0206283196279
0.0771228,-11963.3720207,-13138.2333673,-7231.15890612,-5152.64490498,19194.5309268,18290.8782723,-0.0858082140647,-34308.0024021,-92948.0237349,-323782.41596,-272870.203492,360371.712704,365818.227227,-28932.9637467,-330343.087064,362246.319912,-17008.3707837,-0.0858082140647,517801.548289,533628.870658,417767.815576,416624.847066,-42062.4273594,-319196.084522,362744.435496,-28932.9637467,-330343.087064,362246.319912,-17008.3707837,517801.548289,417767.815576,-0.0858082140647,533628.870658,416624.847066,-8.58082140647
0.0771894,-11808.6312526,-12794.2935652,-7570.98109055,-5606.56580459,19379.6123431,18400.8593698,-0.185243484823,-34400.2116811,-83661.3473945,-329239.314883,-279433.724322,364575.440455,363095.071717,-25997.8215087,-336632.586733,364176.035204,-14675.2985159,-0.185243484823,518078.789698,532859.50172,417349.142692,419011.478276,-37709.58524,-325402.452855,363886.159367,-25997.8215087,-336632.586733,364176.035204,-14675.2985159,518078.789698,417349.142692,-0.185243484823,532859.50172,419011.478276,-18.5243484823
0.077256,-11680.3080291,-12442.2887664,-7855.54860248,-6056.9525556,19535.8566316,18499.2413221,-0.295725113681,-34526.9374725,-74321.9343801,-334530.89033,-285821.101621,368750.51728,360143.036001,-24675.2623899,-341395.512667,366221.581143,-13354.8404627,-0.295725113681,519233.224083,531578.861764,415226.483132,419743.825864,-34638.7213981,-330356.118011,365071.264852,-24675.2623899,-341395.512667,366221.581143,-13354.8404627,519233.224083,415226.483132,-0.295725113681,531578.861764,419743.825864,-29.5725113681
0.0773226,-11583.3902032,-12082.4408604,-8078.39805103,-6503.52125274,19661.7882542,18585.9621131,-0.408959339476,-34369.0881248,-64935.6718739,-339231.143116,-292028.309047,372728.901607,356963.980921,-24976.238588,-344275.003103,368656.070669,-12796.9928526,-0.408959339476,521441.346142,529762.912502,411621.462095,419422.736994,-32922.4955008,-333831.739418,366457.029018,-24976.238588,-344275.003103,368656.070669,-12796.9928526,521441.346142,411621.462095,-0.408959339476,529762.912502,419422.736994,-40.8959339476
0.0773892,-11514.3584164,-11714.9766803,-8247.10092108,-6945.99039745,19761.4593375,18660.9670778,-0.511893243208,-33803.179972,-55508.4765896,-343137.542749,-298051.433833,376242.796667,353559.910423,-26655.4355303,-345475.885468,371513.062842,-12324.1237341,-0.511893243208,524424.583607,527794.763181,407522.683372,419020.87568,-32374.1153721,-335998.760802,368063.542357,-26655.4355303,-345475.885468,371513.062842,-12324.1237341,524424.583607,407522.683372,-0.511893243208,527794.763181,419020.87568,-51.1893243208
0.0774558,-11462.8716481,-11340.1278606,-8380.98266846,-7384.08107537,19843.8543165,18724.208936,-0.590859790362,-32777.2931053,-46046.2910438,-346255.569396,-303886.679249,379057.703617,349932.970293,-29192.5074008,-345611.696054,374704.159836,-11373.3825353,-0.590859790362,527434.75027,526177.005628,404227.346,419056.493318,-32560.8549745,-337328.59711,369838.767752,-29192.5074008,-345611.696054,374704.159836,-11373.3825353,527434.75027,404227.346,-0.590859790362,526177.005628,419056.493318,-59.0859790362
0.0775224,-11415.6879287,-10958.1306905,-8503.05340803,-7817.51713215,19918.7413368,18775.6478226,-0.636375623684,-31302.1014438,-36555.0798091,-348679.38822,-309530.366995,381082.329979,346085.446804,-31936.1785266,-345378.060725,378103.453327,-9895.03166104,-0.636375623684,529579.42754,525053.548324,402671.082492,419457.766215,-32945.7812945,-338360.192035,371699.587304,-31936.1785266,-345378.060725,378103.453327,-9895.03166104,529579.42754,402671.082492,-0.636375623684,525053.548324,419457.766215,-63.6375623684
0.077589,-11359.803902,-10569.2259653,-8631.63801647,-8246.02534752,19991.4419185,18815.2513128,-0.645608750107,-29631.3201655,-27040.8257549,-350489.382617,-314978.939523,382317.907181,342019.765278,-34370.5316992,-345331.771853,381463.829265,-8307.11889575,-0.645608750107,530272.793213,524058.276291,403016.728267,419910.534989,-33088.0017703,-339510.083713,373477.913645,-34370.5316992,-345331.771853,381463.829265,-8307.11889575,530272.793213,403016.728267,-0.645608750107,524058.276291,419910.534989,-64.5608750107
0.0776556,-11283.5909355,-10173.6588345,-8776.40858946,-8669.33560752,20059.9995249,18842.994442,-0.62216573729,-28345.1964938,-17509.5262759,-351692.917248,-320228.962277,382741.474488,337738.488553,-36269.7116435,-345815.27291,384328.173378,-7032.93882044,-0.62216573729,529527.964659,522730.008748,404777.758664,420160.943554,-32750.0542343,-340994.837622,374866.263885,-36269.7116435,-345815.27291,384328.173378,-7032.93882044,529527.964659,404777.758664,-0.62216573729,522730.008748,420160.943554,-62.216573729
0.0777222,-11177.1239348,-9771.67864751,-8939.37158265,-9087.18107476,20116.4955174,18858.8597223,-0.574736241637,-28065.6348285,-7967.18951136,-352189.59607,-325277.125858,382330.479293,333244.31537,-37577.3835803,-346894.295062,386169.07963,-5989.44832156,-0.574736241637,527946.645033,521080.816284,407234.134429,420102.899917,-31834.0911266,-342813.246388,375496.905537,-37577.3835803,-346894.295062,386169.07963,-5989.44832156,527946.645033,407234.134429,-0.574736241637,521080.816284,420102.899917,-57.4736241637
0.0777888,-11032.737584,-9363.53879601,-9118.28410973,-9499.29835664,20151.0216937,18862.8371526,-0.514668857995,-28977.3458095,1580.16944193,-351804.767216,-330120.248112,381209.87327,328540.07867,-38154.3817839,-348304.727094,386673.636874,-4493.65103691,-0.514668857995,526385.202611,519752.721056,409727.931821,419664.084134,-30239.0413378,-344762.74732,375110.626758,-38154.3817839,-348304.727094,386673.636874,-4493.65103691,526385.202611,409727.931821,-0.514668857995,519752.721056,419664.084134,-51.4668857995
0.0778554,-10845.2245389,-8949.49655459,-9310.34139033,-9905.42767136,20155.5659292,18854.924226,-0.45211153088,-30615.3005707,11126.5323213,-350458.255321,-334755.276133,379677.239421,323628.743812,-37684.630079,-349573.311916,385848.928789,-1716.410692,-0.45211153088,525476.36211,519651.043059,411857.334083,418662.754459,-27792.9994054,-346543.707529,373633.588209,-37684.630079,-349573.311916,385848.928789,-1716.410692,525476.36211,411857.334083,-0.45211153088,519651.043059,418662.754459,-45.211153088
0.077922,-10611.5967882,-8529.81291848,-9514.77107866,-10305.3130117,20126.3678668,18835.1259302,-0.393049861842,-32113.6144322,20665.8814922,-348377.06259,-339179.28819,378011.801328,318513.406698,-35831.5277027,-350324.845115,383851.778872,2654.82314771,-0.393049861842,525346.521252,521346.639848,413663.86866,416859.228383,-24314.6818387,-347941.818224,371104.743978,-35831.5277027,-350324.845115,383851.778872,2654.82314771,525346.521252,413663.86866,-0.393049861842,521346.639848,416859.228383,-39.3049861842
0.0779886,-10331.879409,-8104.75243898,-9732.35306499,-10698.7023064,20064.232474,18803.4547454,-0.340127837132,-32649.3986365,30192.203741,-346115.871166,-343389.495568,376261.248184,313197.291827,-32481.2122041,-350496.77264,380792.024173,8078.11487611,-0.340127837132,525717.380799,524607.302236,415509.521152,414175.634231,-19742.4316361,-348934.711925,367583.841495,-32481.2122041,-350496.77264,380792.024173,8078.11487611,525717.380799,415509.521152,-0.340127837132,524607.302236,414175.634231,-34.0127837132
0.0780552,-10011.0093276,-7674.58305673,-9961.40817509,-11085.347579,19972.4175027,18759.9306357,-0.295936601753,-31703.4347387,39699.4940658,-344294.580143,-347383.244326,374207.789774,307683.75026,-27866.2837932,-350228.797217,376719.434515,13434.8125213,-0.295936601753,526248.33382,528360.061503,417596.832699,410889.912675,-14230.674125,-349601.421563,363143.482218,-27866.2837932,-350228.797217,376719.434515,13434.8125213,526248.33382,417596.832699,-0.295936601753,528360.061503,410889.912675,-29.5936601753
0.0781218,-9659.08539407,-7239.57593285,-10194.2568386,-11465.0051042,19853.3422327,18704.5810371,-0.263833378926,-29041.2142519,49181.7594616,-343270.355643,-351158.016967,371490.701972,301976.257506,-22489.7336328,-349581.073013,371713.801879,17711.3241019,-0.263833378926,526784.313197,531220.665249,419757.565189,407662.387949,-8134.23700497,-349941.612353,357896.461274,-22489.7336328,-349581.073013,371713.801879,17711.3241019,526784.313197,419757.565189,-0.263833378926,531220.665249,407662.387949,-26.3833378926
0.0781884,-9287.90950825,-6800.00527792,-10419.3160803,-11837.4355616,19707.2255886,18637.4408395,-0.244621379744,-24606.5853351,58633.0226983,-343042.644274,-354711.434032,367727.135592,296078.411334,-16915.9389007,-348448.564368,365891.811374,20554.0034762,-0.244621379744,527320.239829,532292.102805,421794.105028,405337.009959,-1871.65113175,-349836.636289,351971.226274,-16915.9389007,-348448.564368,365891.811374,20554.0034762,527320.239829,421794.105028,-0.244621379744,532292.102805,405337.009959,-24.4621379744
0.078255,-8905.46399846,-6356.14817923,-10628.7436912,-12202.4041862,19534.2076897,18558.5523654,-0.233744337192,-18491.7352847,68047.3260879,-343430.265304,-358041.255591,362553.498337,289993.929503,-11546.8038119,-346783.11628,359309.094504,22269.1526695,-0.233744337192,527839.491427,531599.472056,423765.918545,404572.443995,4263.51198627,-349217.216393,345443.093632,-11546.8038119,-346783.11628,359309.094504,22269.1526695,527839.491427,423765.918545,-0.233744337192,531599.472056,404572.443995,-23.3744337192
0.0783216,-8512.02369457,-5908.28442603,-10825.7641254,-12559.6809169,19337.78782,18467.9653429,-0.222651091792,-10900.8690048,77418.7352406,-344275.553395,-361145.382662,355669.340505,283726.647422,-6436.32730848,-344834.187419,351919.709282,23330.6276332,-0.222651091792,528271.961077,529842.347671,425789.885777,405485.980251,10260.8345643,-348246.762133,338311.2014,-6436.32730848,-344834.187419,351919.709282,23330.6276332,528271.961077,425789.885777,-0.222651091792,529842.347671,405485.980251,-22.2651091792
0.0783882,-8100.31441939,-5456.69633323,-11025.7974322,-12909.0405411,19126.1118516,18365.7368743,-0.20203741188,-1985.40376762,86741.3428055,-345464.765938,-364021.858531,346976.333873,277280.515726,-1172.88252135,-343095.569877,343703.843854,23908.131659,-0.20203741188,528601.415992,527781.236697,427677.366571,407488.136853,16457.7890119,-347309.258725,330570.636184,-1172.88252135,-343095.569877,343703.843854,23908.131659,528601.415992,427677.366571,-0.20203741188,527781.236697,407488.136853,-20.203741188
0.0784548,-7659.21779339,-5001.6685634,-11250.402063,-13250.2628368,18909.6198564,18251.9314002,-0.164375886696,8296.18510305,96009.2721939,-346827.490078,-366668.869986,336717.986767,270659.597792,5054.78578953,-342017.469664,334818.087434,23797.5552476,-0.164375886696,528975.431338,525770.04425,428816.562737,409448.00443,23450.1549545,-346816.480128,322295.559213,5054.78578953,-342017.469664,334818.087434,23797.5552476,528975.431338,428816.562737,-0.164375886696,525770.04425,409448.00443,-16.4375886696
0.0785214,-7178.22508209,-4543.48794732,-11518.1015577,-13583.1327116,18696.3266398,18126.6206589,-0.106280897651,20037.7892535,105216.681284,-348107.092425,-369084.74846,325413.969123,263868.067176,13126.4018173,-341803.172618,325523.618476,22689.4218871,-0.106280897651,529690.176141,523702.009035,428424.389189,410302.554743,31847.2253265,-347025.148763,313602.03963,13126.4018173,-341803.172618,325523.618476,22689.4218871,529690.176141,428424.389189,-0.106280897651,523702.009035,410302.554743,-10.6280897651
0.078588,-6649.97103496,-4082.44330324,-11837.8248677,-13907.4403379,18487.7959026,17989.8836412,-0.030370589204,33060.2969188,114357.766104,-349052.767526,-371267.971082,313577.000299,256910.204978,23570.8941997,-342446.967444,315914.13352,20530.9194324,-0.030370589204,531037.373926,521349.226621,426056.350178,409814.683059,42009.0405685,-347993.907099,304503.410825,23570.8941997,-342446.967444,315914.13352,20530.9194324,531037.373926,426056.350178,-0.030370589204,521349.226621,409814.683059,-3.0370589204
0.0786546,-6070.60904116,-3618.82525474,-12208.0363126,-14222.9812856,18278.6453538,17841.8065404,0.0556972211509,46806.2153667,123426.76449,-349532.042593,-373217.161638,301466.838039,249790.397148,36380.8329414,-343869.995668,305751.897055,17742.8185934,0.0556972211509,533054.621502,518802.274135,422012.687987,408724.255249,53945.9625725,-349643.183362,294827.335144,36380.8329414,-343869.995668,305751.897055,17742.8185934,533054.621502,422012.687987,0.0556972211509,518802.274135,408724.255249,5.56972211509
0.0787212,-5439.59477424,-3152.92604757,-12620.2285534,-14529.5566507,18059.8233277,17682.4826982,0.143243580449,60637.4222279,132417.959718,-349587.022736,-374931.09144,289093.06218,242513.131722,51168.3019044,-345968.352516,294611.033107,15092.6471297,0.143243580449,535320.390475,516604.430412,417299.631256,408071.370505,67417.9361294,-351818.760574,284304.981627,51168.3019044,-345968.352516,294611.033107,15092.6471297,535320.390475,417299.631256,0.143243580449,516604.430412,408071.370505,14.3243580449
0.0787878,-4759.57635327,-2685.03936543,-13063.5688388,-14826.9731805,17823.1451921,17512.012546,0.226582074875,74261.7669724,141325.684107,-349449.936848,-376408.680095,276388.370114,235082.995987,67463.3409883,-348585.315187,282169.551247,13246.4531323,0.226582074875,537056.425572,515410.267386,413174.344411,408473.593971,82111.4171137,-354331.441108,272742.835975,67463.3409883,-348585.315187,282169.551247,13246.4531323,537056.425572,413174.344411,0.226582074875,515410.267386,408473.593971,22.6582074875
0.0788544,-4035.84590362,-2215.46014487,-13528.6577379,-15115.043396,17564.5036415,17330.5035409,0.303772896223,87891.155928,150144.322596,-349544.694675,-377648.996193,263326.781309,227504.673597,84897.4788947,-351546.551641,268360.830076,12329.8180964,0.303772896223,537562.786976,515446.838971,410587.024054,409989.904308,97756.4262721,-357015.212422,260114.189892,84897.4788947,-351546.551641,268360.830076,12329.8180964,537562.786976,410587.024054,0.303772896223,515446.838971,409989.904308,30.3772896223
0.078921,-3275.74527738,-1744.48438932,-14009.1474504,-15393.5857096,17284.8927278,17138.0700989,0.373505322197,102035.301982,158868.316276,-350426.499369,-378651.257889,249905.772502,219782.941613,103189.072033,-354768.575249,253324.447895,11882.9826152,0.373505322197,536616.472403,516321.608085,409835.409589,412324.116296,114132.312473,-359796.923221,246537.202947,103189.072033,-354768.575249,253324.447895,11882.9826152,536616.472403,409835.409589,0.373505322197,516321.608085,412324.116296,37.3505322197
0.0789876,-2489.21225415,-1272.40898252,-14499.9809062,-15662.4245396,16989.1931603,16934.8335221,0.431832807534,117187.378715,167492.165901,-352576.327465,-379414.8334,236110.038779,211922.667498,122042.567895,-358256.277692,237337.49666,11261.1646373,0.431832807534,534536.199408,517402.452541,410578.05406,415006.922691,131003.991139,-362677.955766,232236.605432,122042.567895,-358256.277692,237337.49666,11261.1646373,534536.199408,410578.05406,0.431832807534,517402.452541,415006.922691,43.1832807534
0.0790542,-1689.65238971,-799.531501416,-14993.4387147,-15921.3904211,16683.0911044,16720.9219225,0.473793003708,133677.327503,176010.435351,-356107.251944,-379939.241397,221956.586961,203928.806046,141117.648666,-361903.417255,220834.363367,10137.120962,0.473793003708,531986.583061,518412.180305,412106.258077,417534.292457,148078.276116,-365593.613259,217540.675409,141117.648666,-361903.417255,220834.363367,10137.120962,531986.583061,412106.258077,0.473793003708,518412.180305,417534.292457,47.3793003708
0.0791208,-892.53333443,-326.150028521,-15477.6027426,-16170.3201126,16370.136077,16496.4701411,0.498103154067,151675.844707,184417.755058,-360639.574273,-380224.151317,207540.866487,195806.396259,160090.70244,-365342.472458,204385.743793,8705.41985715,0.498103154067,529678.67458,519697.903972,413680.374092,419453.006511,165033.713744,-368311.661094,202845.546264,160090.70244,-365342.472458,204385.743793,8705.41985715,529678.67458,413680.374092,0.498103154067,519697.903972,419453.006511,49.8103154067
0.0791874,-111.057776987,147.437035943,-15940.5474904,-16409.0566991,16051.6052674,16261.6196631,0.50782011029,171152.403884,192708.825394,-365526.813343,-380269.383564,192963.032981,187560.55817,178712.202791,-368132.421853,188503.56888,7430.21836982,0.50782011029,528033.270143,521940.817406,414844.408986,420378.993178,181598.892479,-370549.405536,188491.804023,178712.202791,-368132.421853,188503.56888,7430.21836982,528033.270143,414844.408986,0.50782011029,521940.817406,420378.993178,50.782011029
0.079254,648.398541657,620.931162163,-16377.6484396,-16637.4496908,15729.2498979,16016.5185286,0.506571035101,191771.41055,200878.420009,-370258.189382,-380074.909624,178195.340559,179196.489615,196826.89442,-370164.378888,173395.67917,6522.60098747,0.506571035101,526965.711177,525532.333759,415575.247264,420045.909588,197631.766292,-372235.062567,174631.146733,196826.89442,-370164.378888,173395.67917,6522.60098747,526965.711177,415575.247264,0.506571035101,525532.333759,420045.909588,50.6571035101
0.0793206,1387.78479541,1094.0338789,-16795.7234587,-16855.3551182,15407.9386633,15761.3212393,0.496421143518,212924.707971,208921.389127,-374680.405053,-379640.852087,163076.726568,170719.46296,214417.456679,-371858.18723,158922.924299,5594.02548883,0.496421143518,525994.012742,530074.350725,416043.263646,418425.127936,213174.42755,-373646.043944,161211.328756,214417.456679,-371858.18723,158922.924299,5594.02548883,525994.012742,416043.263646,0.496421143518,530074.350725,418425.127936,49.6421143518
0.0793872,2114.78214904,1566.44696167,-17210.1537911,-17062.6356228,15095.371642,15496.1886611,0.478710936937,233963.556056,216832.662789,-378902.009013,-378967.484564,147490.593235,162134.821775,231660.622745,-373937.327021,144806.979817,3826.71297581,0.478710936937,524617.988396,534379.881389,416199.426448,415827.130164,228449.410847,-375278.441321,148093.341192,231660.622745,-373937.327021,144806.979817,3826.71297581,524617.988396,416199.426448,0.478710936937,534379.881389,415827.130164,47.8710936937
0.0794538,2837.93255827,2037.87262066,-17636.6128737,-17259.1605433,14798.6803154,15221.2879226,0.454524080149,254403.059816,224607.254056,-383045.667184,-378055.23152,131561.383759,153447.977463,248879.42464,-376994.240093,130866.533177,565.685348205,0.454524080149,522652.346684,537077.377169,415802.386849,412898.617217,243759.382291,-377561.758096,135178.184203,248879.42464,-376994.240093,130866.533177,565.685348205,522652.346684,415802.386849,0.454524080149,537077.377169,412898.617217,45.4524080149
0.0795204,3562.61622767,2508.01368854,-18082.7617448,-17444.8059985,14520.1455171,14936.79231,0.424245877449,273889.840415,232240.262144,-387073.942538,-376904.667999,115665.289546,144664.405855,266351.78787,-381198.379672,117059.865621,-4128.19995853,0.424245877449,520274.828098,537446.704884,414886.990992,410475.611518,259319.622868,-380639.289698,122426.871501,266351.78787,-381198.379672,117059.865621,-4128.19995853,520274.828098,414886.990992,0.424245877449,537446.704884,410475.611518,42.4245877449
0.079587,4289.74532853,2976.5738077,-18544.8365215,-17619.4549653,14255.0911929,14642.8811576,0.388004810067,292052.876973,239726.875518,-390779.298413,-375516.519271,100248.458178,135789.643753,284118.126362,-386290.862972,103368.083,-9420.24381437,0.388004810067,517852.398788,535803.837616,413932.854712,409284.556063,275134.137699,-384332.931784,109797.436775,284118.126362,-386290.862972,103368.083,-9420.24381437,517852.398788,413932.854712,0.388004810067,535803.837616,409284.556063,38.8004810067
0.0796536,5016.43844889,3443.25761709,-19010.1139668,-17782.9973519,13993.6755179,14339.7397348,0.34701231603,308530.417124,247062.374925,-393886.12374,-373891.660367,85657.2754588,126829.285442,301967.668281,-391742.631532,89741.9753071,-14198.6862218,0.34701231603,515770.39303,533160.014465,413460.418876,409603.411697,291006.858613,-388246.914218,97224.6975826,301967.668281,-391742.631532,89741.9753071,-14198.6862218,515770.39303,413460.418876,0.34701231603,533160.014465,409603.411697,34.701231603
0.0797202,5736.96248417,3907.77093845,-19462.3539454,-17935.3300682,13725.3914612,14027.5591297,0.304479026053,323218.251113,254242.136368,-396178.832879,-372031.115532,72127.8832801,117788.979164,319598.366034,-396911.808282,76207.0980087,-17734.8047294,0.304479026053,514403.181812,530561.339744,413562.997497,411086.554074,306658.712673,-391904.442806,84693.4179055,319598.366034,-396911.808282,76207.0980087,-17734.8047294,514403.181812,413562.997497,0.304479026053,530561.339744,411086.554074,30.4479026053
0.0797868,6443.55547484,4369.82096166,-19886.8266454,-18076.3570897,13443.2711706,13706.536128,0.265025299035,336438.719603,261261.634021,-397630.456939,-369936.057576,59830.1644903,108674.423556,336752.277502,-401200.952522,62951.1909208,-19995.259951,0.265025299035,514148.078732,528605.306588,413800.948412,412919.331097,321829.546493,-394880.128376,72301.8763757,336752.277502,-401200.952522,62951.1909208,-19995.259951,514148.078732,413800.948412,0.265025299035,528605.306588,412919.331097,26.5025299035
0.0798534,7127.50563691,4829.11642938,-20273.2888767,-18205.9895188,13145.7832397,13376.8730895,0.231922952515,348768.524916,268116.44308,-398506.90112,-367607.807139,48805.4377353,99491.3640583,353176.017256,-404269.595562,50221.7376438,-21394.1148341,0.231922952515,515350.449742,527313.132102,413474.445904,414326.318607,336282.18708,-396934.671371,60215.6280818,353176.017256,-404269.595562,50221.7376438,-21394.1148341,515350.449742,413474.445904,0.231922952515,527313.132102,414326.318607,23.1922952515
0.07992,7779.81452454,5285.36782064,-20616.0877667,-18324.1456407,12836.2732421,13038.77782,0.203804389055,360655.637814,274802.242557,-399326.084217,-365047.831852,38860.530464,90245.5892954,368485.100206,-406175.381864,38151.8501574,-22276.7072494,0.203804389055,518092.228495,526360.368342,412089.810099,415110.166907,349739.138452,-398082.998598,48573.2886509,368485.100206,-406175.381864,38151.8501574,-22276.7072494,518092.228495,412089.810099,0.203804389055,526360.368342,415110.166907,20.3804389055
0.0799866,8390.7772846,5738.28753332,-20911.2146959,-18430.7509744,12520.4374113,12692.4634411,0.174767275949,372187.512432,281314.817997,-400583.378232,-362257.74542,29605.1621439,80942.9274232,382129.270023,-407236.674869,26750.192944,-22623.2826643,0.174767275949,521976.662661,525518.903178,409724.554519,415692.758738,361845.495865,-398494.01162,37469.0178821,382129.270023,-407236.674869,26750.192944,-22623.2826643,521976.662661,409724.554519,0.174767275949,525518.903178,415692.758738,17.4767275949
