time_s,phase_a_grid_voltage_v,phase_a_grid_current_a,phase_b_grid_current_a,phase_c_grid_current_a,neutral_current_a,dc_link_voltage_v,active_power_w,reactive_power_var,positive_sequence_voltage_v,negative_sequence_voltage_v,zero_sequence_voltage_v,controller_frequency_hz,phase_a_duty,operating_mode,request_disposition
0,332.31017497,275.616764405,-137.808382203,-137.808382203,0,799.998000112,137385.382806,-5.20608619329e-11,0,0,0,50,0.5,0,0
2e-05,350.1163258,52.855755486,-24.5249169716,-28.3308385144,0,799.987931141,27764.3741395,-1012.55802889,354.359516123,354.359516123,5.68434188608e-14,50,0.867645435048,0,0
4e-05,349.798650574,56.2744828167,-25.9746964778,-30.299786339,0,799.987966518,29541.0384397,-996.265068525,354.359516123,354.359516123,5.68434188608e-14,50,0.867645435048,0,0
6e-05,349.466473769,59.5068630932,-27.3160433728,-32.1908197204,0,799.976053361,31217.3444874,-970.770189731,352.017719791,351.981433032,8.52627907153e-14,50,0.658161879861,0,0
8e-05,349.091920867,62.9021147058,-28.7217424871,-34.1803722186,0,799.976127041,32973.780684,-934.718406234,352.017719791,351.981433032,8.52627907153e-14,50,0.658161879861,0,0
0.0001,348.690332538,66.2695791007,-30.0976586957,-36.1719204051,0,799.976333231,34711.3802762,-888.731870595,352.017719791,351.981433032,8.52627907153e-14,50,0.658161879861,0,0
0.00012,348.285215697,69.3168307941,-31.3010458002,-38.0157849939,0,799.964374763,36279.5535754,-836.074150809,350.957085823,350.857710569,1.89711661722e-14,50,0.625288808191,0,0
0.00014,347.882457876,71.9719953836,-31.9402759412,-40.0317194426,0,799.969414182,37650.0855738,-998.900881311,350.957085823,350.857710569,1.89711661722e-14,50,0.625288808191,0,0
0.00016,347.812366813,70.1082518146,-30.6183277903,-39.4899240243,0,800.012905175,36693.8912741,-1069.21556122,350.252752854,350.065082628,2.36847587238e-14,50,0.605480464149,0,0
0.00018,347.508770033,70.8050842953,-30.5960913119,-40.2089929834,0,800.020065908,37050.9267477,-1070.64893245,350.252752854,350.065082628,2.36847587238e-14,50,0.605480464149,0,0
0.0002,346.967485497,74.1173953159,-31.8670011652,-42.2503941506,0,800.020112108,38745.9698901,-999.930545771,350.252752854,350.065082628,2.36847587238e-14,50,0.605480464149,0,0
0.00022,346.435742721,76.9577373135,-32.9075792379,-44.0501580756,0,800.007998198,40193.8051828,-921.316402933,349.70387957,349.402480255,4.54529191236e-14,50,0.593011484833,0,0
0.00024,345.839781222,80.2513273206,-34.1110775801,-46.1402497407,0,800.008934491,41869.491681,-848.75184662,349.70387957,349.402480255,4.54529191236e-14,50,0.593011484833,0,0
0.00026,345.585172831,78.9320127092,-32.6830403797,-46.2489723294,0,800.06280923,41207.3175642,-1130.30314264,349.171146379,348.731137114,4.42913601074e-14,50,0.569501316069,0,0
0.00028,345.049763573,80.7804919036,-33.1598647522,-47.6206271515,0,800.060226278,42143.5312048,-1093.45784061,349.171146379,348.731137114,4.42913601074e-14,50,0.569501316069,0,0
0.0003,344.375290908,84.0290927048,-34.3236518281,-49.7054408766,0,800.059692194,43786.304628,-991.962850986,349.171146379,348.731137114,4.42913601074e-14,50,0.569501316069,0,0
0.00032,345.059632221,69.9586594686,-26.857470147,-43.1011893216,0,800.019616339,36637.683199,-1662.74878991,348.657005462,348.053215595,3.52577828348e-14,50,0.553141068205,0,0
0.00034,347.50060491,33.6010448843,-8.18569457716,-25.4153503072,0,800.019125352,17996.359679,-3557.78495044,348.657005462,348.053215595,3.52577828348e-14,50,0.553141068205,0,0
0.00036,348.586429166,13.8583177163,2.54077492193,-16.3990926382,0,799.986207959,7805.9939014,-5008.24620553,348.80513138,348.016377479,1.66401710471e-14,50,0.785816862694,0,0
0.00038,347.81601285,16.9991939363,1.49248446669,-18.491678403,0,799.985134404,9491.78273425,-5101.84356075,348.80513138,348.016377479,1.66401710471e-14,50,0.785816862694,0,0
0.0004,347.000367095,20.3913333434,0.329795826264,-20.7211291697,0,799.984496254,11303.7299879,-5168.31905492,348.80513138,348.016377479,1.66401710471e-14,50,0.785816862694,0,0
0.00042,346.124120614,24.232402064,-1.11675894322,-23.1156431208,0,799.971710234,13337.649958,-5150.8452468,348.835176211,347.837022125,8.47544862117e-15,50,0.788546661452,0,0
0.00044,345.554796801,23.9340996411,0.0348369163209,-23.9689365574,0,799.919588585,13268.8057031,-5692.94473002,348.835176211,347.837022125,8.47544862117e-15,50,0.788546661452,0,0
0.00046,345.091378882,22.0150853377,1.57441284845,-23.5894981862,0,799.868970917,12340.5950184,-6088.80849067,348.743301675,347.511606257,1.94991317242e-15,50,0.778337881816,0,0
0.00048,344.599540221,20.1605895176,3.09616055787,-23.2567500754,0,799.816801805,11452.2126671,-6498.12601862,348.743301675,347.511606257,1.94991317242e-15,50,0.778337881816,0,0
0.0005,343.691928653,23.2188494422,2.17367752099,-25.3925269632,0,799.814527778,13092.4611016,-6567.70180263,348.743301675,347.511606257,1.94991317242e-15,50,0.778337881816,0,0
0.00052,342.707369154,26.961065558,0.824583713372,-27.7856492714,0,799.802253732,15069.6713631,-6516.28851014,348.576206809,347.086640183,5.21072034005e-15,50,0.778144162116,0,0
0.00054,342.009897889,26.8434652809,2.03591002342,-28.8793753044,0,799.758540092,15125.8219673,-7119.37066161,348.576206809,347.086640183,5.21072034005e-15,50,0.778144162116,0,0
0.00056,341.439544167,24.8725176889,3.67202591324,-28.5445436022,0,799.715446961,14200.7511961,-7571.20156192,348.326101348,346.554808007,6.28810991342e-15,50,0.768103073528,0,0
0.00058,340.830964909,23.1219915387,5.21192033084,-28.3339118695,0,799.672446007,13395.5919747,-8021.89246194,348.326101348,346.554808007,6.28810991342e-15,50,0.768103073528,0,0
0.0006,339.812245942,26.247927767,4.3187694837,-30.5666972507,0,799.671800711,15070.5393363,-8061.95787346,348.326101348,346.554808007,6.28810991342e-15,50,0.768103073528,0,0
0.00062,338.734009003,29.8747904352,3.02732402584,-32.9021144611,0,799.660044458,16977.4198915,-7950.53605414,348.024187838,345.947085645,7.26158591702e-15,50,0.767603160037,0,0
0.00064,337.907744813,30.1162915492,4.22365410526,-34.3399456545,0,799.622781718,17251.9574472,-8597.19068189,348.024187838,345.947085645,7.26158591702e-15,50,0.767603160037,0,0
0.00066,337.244680534,28.0895360236,5.95624004902,-34.0457760726,0,799.587978031,16332.0237977,-9101.64998083,347.659530993,345.252984534,1.08031271612e-14,50,0.757060369164,0,0
0.00068,336.540061997,26.3614818469,7.55295381476,-33.9144356616,0,799.552525213,15570.8813553,-9593.61810856,347.659530993,345.252984534,1.08031271612e-14,50,0.757060369164,0,0
0.0007,335.430492696,29.4821905026,6.72791822312,-36.2101087257,0,799.552620908,17242.5736839,-9608.50233691,347.659530993,345.252984534,1.08031271612e-14,50,0.757060369164,0,0
0.00072,334.274405584,32.9789173154,5.51648510529,-38.4954024207,0,799.541023862,19072.1986773,-9449.3978593,347.25743697,344.497621205,8.81986007092e-15,50,0.756839847059,0,0
0.00074,333.334507202,33.575547596,6.91145783872,-40.4870054348,0,799.511516031,19586.9059487,-10248.5417697,347.25743697,344.497621205,8.81986007092e-15,50,0.756839847059,0,0
0.00076,332.593929835,31.4906823375,8.73995977667,-40.2306421142,0,799.485391071,18675.5945463,-10802.6194957,346.805467236,343.669266355,1.23603346638e-15,50,0.746473476492,0,0
0.00078,331.794863226,29.9547294538,10.3062790174,-40.2610084712,0,799.459731538,18045.4250895,-11311.3242964,346.805467236,343.669266355,1.23603346638e-15,50,0.746473476492,0,0
0.0008,330.610476087,33.0608725231,9.54960796987,-42.6104804929,0,799.460664584,19708.8349519,-11296.7295047,346.805467236,343.669266355,1.23603346638e-15,50,0.746473476492,0,0
0.00082,329.391890751,36.4278752676,8.39622987393,-44.8241051415,0,799.449627623,21459.1953926,-11079.0097317,346.325230549,342.788991133,1.11002163242e-15,50,0.745956835637,0,0
0.00084,328.334947467,37.6155156003,10.0236226484,-47.6391382487,0,799.420260236,22353.6262654,-12071.1392605,346.325230549,342.788991133,1.11002163242e-15,50,0.745956835637,0,0
0.00086,327.532049589,35.476508476,11.9537837538,-47.4302922298,0,799.403984107,21458.5960801,-12675.3293746,345.80344369,341.844659693,4.18765906942e-15,50,0.73522667908,0,0
0.00088,326.667422649,33.9657553221,13.5706861722,-47.5364414944,0,799.385614107,20878.3139919,-13210.0793864,345.80344369,341.844659693,4.18765906942e-15,50,0.73522667908,0,0
0.0009,325.426241881,37.0262379304,12.898426883,-49.9246648134,0,799.386749649,22519.24082,-13167.4226611,345.80344369,341.844659693,4.18765906942e-15,50,0.73522667908,0,0
0.00092,324.161904515,40.2481028208,11.8128731298,-52.0609759505,0,799.37581704,24184.1836188,-12895.9380373,345.26157155,340.856697315,9.94495188922e-15,50,0.735155797387,0,0
0.00094,323.01447047,41.8881407663,13.6990775463,-55.5872183124,0,799.344056042,25390.2660362,-14047.3557673,345.26157155,340.856697315,9.94495188922e-15,50,0.735155797387,0,0
0.00096,322.158935173,39.7663649372,15.8022130661,-55.5685780034,0,799.337060137,24566.0823289,-14749.7371519,344.68520301,339.812358531,1.03942777788e-14,50,0.724569938004,0,0
0.00098,321.228814846,38.471183353,17.3721440104,-55.8433273634,0,799.32829167,24129.405885,-15278.3554991,344.68520301,339.812358531,1.03942777788e-14,50,0.724569938004,0,0
0.001,319.94654967,41.4793480372,16.7797945641,-58.2591426013,0,799.329884507,25745.3161142,-15201.9342488,344.68520301,339.812358531,1.03942777788e-14,50,0.724569938004,0,0
0.00102,318.652679399,44.5412488874,15.7278868245,-60.2691357118,0,799.319364415,27313.4978788,-14857.3167971,344.095038322,338.73066258,1.44059565491e-14,50,0.724264432209,0,0
0.00104,317.439587601,46.5090997949,17.2363222993,-63.7454220942,0,799.286152088,28669.0495708,-15773.7313852,344.095038322,338.73066258,1.44059565491e-14,50,0.724264432209,0,0
0.00106,316.509422865,44.8629130866,19.9712938819,-64.8342069685,0,799.280333676,28243.6409002,-16882.7306251,343.475541407,337.598138547,6.8809047588e-15,50,0.712511112974,0,0
0.00108,315.516821013,43.9264615907,21.4207020577,-65.3471636484,0,799.279626458,28016.0944339,-17372.0884661,343.475541407,337.598138547,6.8809047588e-15,50,0.712511112974,0,0
0.0011,314.208258242,46.8753544025,20.9086387124,-67.7839931148,0,799.281538348,29604.3025571,-17258.3466114,343.475541407,337.598138547,6.8809047588e-15,50,0.712511112974,0,0
0.00112,312.900835958,49.7522168544,19.8848127614,-69.6370296158,0,799.271318033,31061.8972833,-16836.411925,342.847583677,336.43346959,7.40000326406e-15,50,0.711456917911,0,0
0.00114,311.6547155,51.8112471142,21.1708266186,-72.9820737328,0,799.23750007,32451.4232128,-17567.1476791,342.847583677,336.43346959,7.40000326406e-15,50,0.711456917911,0,0
0.00116,310.843670843,48.3862984482,22.2832200616,-70.6695185099,0,799.200455741,30827.4703434,-17569.4460944,342.195908495,335.223965587,2.86517668363e-13,50,0.699570196796,0,0
0.00118,311.270937627,29.4427577231,5.4845106871,-34.9272684102,0,799.182457133,17485.1133139,-6176.56711411,342.195908495,335.223965587,2.86517668363e-13,50,0.699570196796,0,0
0.0012,311.269696317,15.8214977121,-11.4396565352,-4.38184117696,0,799.2054966,6710.55633113,4529.51155068,342.195908495,335.223965587,2.86517668363e-13,50,0.699570196796,0,0
0.00122,310.00167245,18.0063660875,-12.9249581322,-5.0814079553,0,799.183096656,7609.41355651,5141.98707751,341.721112175,334.098683325,2.78088080802e-13,50,0.834290230193,0,0
0.00124,308.74918842,19.973530763,-11.2631985264,-8.71033223657,0,799.188629853,8998.50768448,4093.63789582,341.721112175,334.098683325,2.78088080802e-13,50,0.834290230193,0,0
0.00126,307.632612542,20.2233594529,-6.32078538175,-13.9025740711,0,799.182992774,10087.563269,1470.56336858,341.222588714,332.932793267,2.65207396732e-13,50,0.810247424783,0,0
0.00128,306.543970084,20.1102752231,-4.96545898646,-15.1448162367,0,799.160187925,10275.1234863,815.612176051,341.222588714,332.932793267,2.65207396732e-13,50,0.810247424783,0,0
0.0013,305.212194353,23.0271116843,-5.19632437669,-17.8307873076,0,799.162513029,11835.3936325,742.654005462,341.222588714,332.932793267,2.65207396732e-13,50,0.810247424783,0,0
0.00132,303.851553907,26.2997671928,-5.38424974815,-20.9155174447,0,799.151376032,13597.2155438,636.221298757,340.70681919,331.733852822,2.55384900556e-13,50,0.787677560709,0,0
0.00134,302.705019773,26.8951092239,-7.84106181324,-19.0540474106,0,799.114795265,13392.7416017,1966.13926998,340.70681919,331.733852822,2.55384900556e-13,50,0.787677560709,0,0
0.00136,301.726771469,25.3896443968,-7.16145735593,-18.2281870409,0,799.081934137,12672.6027217,1803.18563836,340.183276768,330.501023703,8.09048641283e-14,50,0.777403243779,0,0
0.00138,300.82080799,22.9868767013,-4.68351556173,-18.3033611395,0,799.049870986,11844.7849252,755.963322887,340.183276768,330.501023703,8.09048641283e-14,50,0.777403243779,0,0
0.0014,299.565121614,24.9651310989,-4.37882464449,-20.5863064544,0,799.046726323,12991.912399,527.936398884,340.183276768,330.501023703,8.09048641283e-14,50,0.777403243779,0,0
0.00142,298.217526969,28.1046867462,-4.49987243151,-23.6048143147,0,799.037136185,14688.3814234,458.438908782,339.664129486,329.25386907,7.93914079132e-14,50,0.777010386577,0,0
0.00144,297.048612268,29.0258836944,-6.47545497498,-22.5504287194,0,799.010291442,14739.0899992,1512.75141935,339.664129486,329.25386907,7.93914079132e-14,50,0.777010386577,0,0
0.00146,296.067671067,27.6149734092,-6.00241082613,-21.6125625831,0,798.982725875,14040.4226885,1441.05612692,339.141883893,327.977215298,3.12693309968e-13,50,0.764365164596,0,0
0.00148,295.157877686,25.33442417,-3.51691474062,-21.8175094294,0,798.959216166,13323.7285597,374.787279667,339.141883893,327.977215298,3.12693309968e-13,50,0.764365164596,0,0
0.0015,293.860644142,27.9184578831,-3.44377687083,-24.4746810123,0,798.960485171,14755.9379528,280.482111745,339.141883893,327.977215298,3.12693309968e-13,50,0.764365164596,0,0
0.00152,292.531437193,30.9253361257,-3.43606677469,-27.489269351,0,798.951216665,16403.5987516,216.644180477,338.626640161,326.688061441,3.02606429001e-13,50,0.76083000945,0,0
0.00154,291.356105412,32.033271227,-5.06798125085,-26.9652899762,0,798.933383034,16612.8643365,1096.2180129,338.626640161,326.688061441,3.02606429001e-13,50,0.76083000945,0,0
0.00156,290.367612939,30.831254444,-5.0330056352,-25.7982488088,0,798.912885193,15937.7182685,1230.8793178,338.112943378,325.373551064,4.13243067237e-14,50,0.74666047847,0,0
0.00158,289.446666383,28.8112202118,-2.60930133818,-26.2019188737,0,798.897360766,15391.2251998,182.559182583,338.112943378,325.373551064,4.13243067237e-14,50,0.74666047847,0,0
0.0016,288.153055322,31.4762908842,-2.50684649077,-28.9694443934,0,798.900260092,16873.1718317,129.471482889,338.112943378,325.373551064,4.13243067237e-14,50,0.74666047847,0,0
0.00162,286.845907275,34.3375910958,-2.3754348057,-31.9621562901,0,798.891220799,18467.6340461,74.2395952282,337.609401654,324.048810653,4.2861466562e-14,50,0.741399710013,0,0
0.00164,285.676455615,35.5046508228,-3.78986107668,-31.7147897461,0,798.880554048,18742.4588899,861.024396408,337.609401654,324.048810653,4.2861466562e-14,50,0.741399710013,0,0
0.00166,284.696222563,34.3331204484,-3.83719957603,-30.4959208723,0,798.869402449,18070.0681,1029.96892134,337.111954909,322.702929195,8.12854383369e-14,50,0.72671689275,0,0
0.00168,283.783526962,32.3434264908,-1.36042261317,-30.9830038776,0,798.859841814,17594.6085173,-43.1197663506,337.111954909,322.702929195,8.12854383369e-14,50,0.72671689275,0,0
0.0017,282.503528846,34.9702178575,-1.17576522406,-33.7944526334,0,798.86284728,19076.2744601,-74.5837088213,337.111954909,322.702929195,8.12854383369e-14,50,0.72671689275,0,0
0.00172,281.21731861,37.6987551148,-0.965531633668,-36.7332234811,0,798.853786138,20618.4355097,-101.337235853,336.627989369,321.349417036,7.99969540896e-14,50,0.721026595232,0,0
0.00174,280.04323528,39.0484363303,-2.03915478957,-37.0092815407,0,798.850430609,21066.0035532,537.594971169,336.627989369,321.349417036,7.99969540896e-14,50,0.721026595232,0,0
0.00176,279.063492872,37.9899723813,-2.33498101986,-35.6549913615,0,798.846811228,20396.4196443,822.125861947,336.153361058,319.977813634,7.57758953124e-14,50,0.704955724048,0,0
0.00178,278.130250362,36.3695174308,0.0249328310359,-36.3944502618,0,798.84400179,20134.0108515,-191.637709221,336.153361058,319.977813634,7.57758953124e-14,50,0.704955724048,0,0
0.0018,276.861677341,38.9578538597,0.294498085442,-39.2523519452,0,798.846878448,21618.7435844,-200.370779453,336.153361058,319.977813634,7.57758953124e-14,50,0.704955724048,0,0
0.00182,275.595200407,41.5348182316,0.602285780383,-42.137104012,0,798.837620602,23106.4545048,-208.597557191,335.694227868,318.599651394,7.2762885531e-14,50,0.697551795469,0,0
0.00184,274.406743677,43.1488013889,-0.047030046893,-43.101771342,0,798.841454306,23803.2825742,257.634331006,335.694227868,318.599651394,7.2762885531e-14,50,0.697551795469,0,0
0.00186,273.430332248,42.1217117979,-0.429888851716,-41.6918229462,0,798.848991328,23130.8972555,581.506366871,335.246669396,317.205712341,7.27183241542e-14,50,0.679503622876,0,0
0.00188,272.441360477,41.2581292522,1.61814246434,-42.8762717166,0,798.853029397,23233.9979907,-261.985096184,335.246669396,317.205712341,7.27183241542e-14,50,0.679503622876,0,0
0.0019,271.181285077,43.7866485621,1.98185359476,-45.7685021568,0,798.856158505,24715.1821751,-248.709926142,335.246669396,317.205712341,7.27183241542e-14,50,0.679503622876,0,0
0.00192,269.931079738,46.1917045746,2.38541136317,-48.5771159378,0,798.847136837,26140.0690371,-237.65445073,334.815447248,315.805164304,7.085375174e-14,50,0.668999093371,0,0
0.00194,268.73099542,47.9665766592,2.05992926651,-50.0265059257,0,798.855450218,27011.1158384,121.581854607,334.815447248,315.805164304,7.085375174e-14,50,0.668999093371,0,0
0.00196,267.745423404,47.0526089512,1.4247665158,-48.477375467,0,798.873399159,26329.537371,567.100660847,334.397790165,314.390766393,7.17280924057e-14,50,0.649812692966,0,0
0.00198,266.72560227,46.555381811,3.35483817081,-49.9102199818,0,798.880771653,26631.3426672,-185.128149656,334.397790165,314.390766393,7.17280924057e-14,50,0.649812692966,0,0
0.002,265.468341134,49.010680333,3.82043694254,-52.8311172756,0,798.883860302,28106.6581095,-151.997075101,334.397790165,314.390766393,7.17280924057e-14,50,0.649812692966,0,0
0.00202,264.228891055,51.2236109758,4.33281509016,-55.556426066,0,798.874800886,29464.8525714,-130.441929757,333.997520211,312.969910455,7.25585583432e-14,50,0.637685035209,0,0
0.00204,262.99825409,53.3022478126,4.47663956397,-57.7788873765,0,798.883116494,30639.0923967,73.9074969405,333.997520211,312.969910455,7.25585583432e-14,50,0.637685035209,0,0
0.00206,262.008140692,52.3456747256,3.92914413456,-56.2748188602,0,798.914121389,29961.8578603,479.485499986,333.611554353,311.536260867,7.16683828674e-14,50,0.616262203947,0,0
0.00208,260.933184764,52.4163070813,5.63963290352,-58.0559399848,0,798.92035957,30535.6954086,-111.758182414,333.611554353,311.536260867,7.16683828674e-14,50,0.616262203947,0,0
0.0021,259.670305814,54.7978748433,6.20222355032,-61.0000983937,0,798.923046111,32006.492666,-53.5388275758,333.611554353,311.536260867,7.16683828674e-14,50,0.616262203947,0,0
0.00212,258.432414074,56.8241187837,6.79147579582,-63.6155945795,0,798.91359403,33294.7290833,-7.65144295826,333.243101333,310.095785005,7.08159667341e-14,50,0.6017609621,0,0
0.00214,257.172748142,59.0745802361,7.27536097079,-66.3499412068,0,798.920920495,34670.9362648,115.749938997,333.243101333,310.095785005,7.08159667341e-14,50,0.6017609621,0,0
0.00216,256.158966655,58.1984657244,6.71346963813,-64.9119353626,0,798.967102004,34034.3928121,537.737371631,332.889333774,308.643120153,7.15877547254e-14,50,0.578729730669,0,0
0.00218,255.009625657,58.9586903321,8.13967802018,-67.0983683523,0,798.970417836,34915.0764021,163.53480908,332.889333774,308.643120153,7.15877547254e-14,50,0.578729730669,0,0
0.0022,253.73201575,61.2589239995,8.79914728259,-70.0580712821,0,798.973184335,36378.5739684,249.243493431,332.889333774,308.643120153,7.15877547254e-14,50,0.578729730669,0,0
0.00222,252.48829627,63.0669249746,9.46114712737,-72.528072102,0,798.963814192,37580.0306343,317.515338131,332.552535371,307.182463429,7.07709557779e-14,50,0.561410247632,0,0
0.00224,251.199913214,65.3593264993,10.1590083014,-75.5183348007,0,798.967257564,39053.1752052,422.108480304,332.552535371,307.182463429,7.07709557779e-14,50,0.561410247632,0,0
0.00226,250.147774605,64.6194554458,10.088256765,-74.7077122108,0,799.016039252,38653.4738515,646.225885541,332.229728509,305.709531324,6.62347361078e-14,50,0.535763131655,0,0
0.00228,248.88808562,66.3894040041,11.0689250351,-77.4583290393,0,799.014684655,39944.820052,609.541258403,332.229728509,305.709531324,6.62347361078e-14,50,0.535763131655,0,0
0.0023,247.585755577,68.602453022,11.824213466,-80.426666488,0,799.017486408,41398.2512947,726.579082412,332.229728509,305.709531324,6.62347361078e-14,50,0.535763131655,0,0
0.00232,247.601746875,54.2412209876,20.5143993821,-74.7556203697,0,798.982029986,36717.3050095,-4086.58617266,331.922643454,304.22696226,6.55510004107e-14,50,0.515019209142,0,0
0.00234,249.280573023,18.9939492763,40.0405332707,-59.034482547,0,798.985605815,24468.1069139,-15622.1943335,331.922643454,304.22696226,6.55510004107e-14,50,0.515019209142,0,0
0.00236,249.480020796,2.13298572452,48.8649263846,-50.9979121091,0,798.982137414,18447.0504963,-20923.0475375,331.711628214,302.841218784,6.20768548087e-14,50,0.736681487753,0,0
0.00238,248.139724077,4.40762204472,49.6494698481,-54.0570918928,0,798.985442151,20106.192492,-20926.729313,331.711628214,302.841218784,6.20768548087e-14,50,0.736681487753,0,0
0.0024,246.786140476,6.73189646825,50.4017876905,-57.1336841588,0,798.988325331,21781.6800758,-20891.2468772,331.711628214,302.841218784,6.20768548087e-14,50,0.736681487753,0,0
0.00242,244.654516708,18.6600366209,32.1040609728,-50.7640975937,0,798.949507479,21916.5494183,-11680.8013884,331.515672967,301.44655701,6.14908046356e-14,50,0.742989172435,0,0
0.00244,242.75152313,27.6035379301,15.7696834981,-43.3732214282,0,798.900623993,20948.6675045,-3624.11388417,331.515672967,301.44655701,6.14908046356e-14,50,0.742989172435,0,0
0.00246,241.79527897,24.5808580397,19.3045531905,-43.8854112301,0,798.889755082,20640.7598063,-5331.81005082,331.34311276,300.007369399,6.02609885429e-14,50,0.708693208004,0,0
0.00248,240.755045514,22.4712617048,22.3929512012,-44.864212906,0,798.876369342,20682.4785526,-6750.44447482,331.34311276,300.007369399,6.02609885429e-14,50,0.708693208004,0,0
0.0025,239.359358567,24.6631744334,23.3200415123,-47.9832159457,0,798.880167262,22270.5984124,-6743.26741055,331.34311276,300.007369399,6.02609885429e-14,50,0.708693208004,0,0
0.00252,237.941410719,26.9869133953,24.0014693446,-50.9883827399,0,798.871834344,23838.7034293,-6597.30149433,331.183824658,298.561739784,5.77964752354e-14,50,0.701642531223,0,0
0.00254,236.608986008,28.0905131931,23.9172928461,-52.0078060391,0,798.879692957,24460.3078368,-6271.91972662,331.183824658,298.561739784,5.77964752354e-14,50,0.701642531223,0,0
0.00256,235.455973494,26.795814805,23.937354206,-50.733169011,0,798.880070713,23825.9864645,-6299.29762796,331.035585885,297.100627202,5.79316771604e-14,50,0.684474497453,0,0
0.00258,234.303831413,25.3301722007,26.756548141,-52.0867203417,0,798.873030745,24166.660987,-7504.3943761,331.035585885,297.100627202,5.79316771604e-14,50,0.684474497453,0,0
0.0026,232.851110212,27.4574225347,27.7655982896,-55.2230208243,0,798.876606429,25761.2264024,-7468.08328991,331.035585885,297.100627202,5.79316771604e-14,50,0.684474497453,0,0
0.00262,231.380127727,29.6444543267,28.4795157265,-58.1239700532,0,798.868035823,27273.9925368,-7283.418196,330.898445981,295.629629876,5.56273936062e-14,50,0.67476388332,0,0
0.00264,229.965629269,30.9529638732,28.7733310401,-59.7262949133,0,798.881407747,28152.0139846,-7039.17290793,330.898445981,295.629629876,5.56273936062e-14,50,0.67476388332,0,0
0.00266,228.784194957,29.1718708514,29.6987688705,-58.8706397219,0,798.889206777,27623.1643596,-7501.16519876,330.770057063,294.141827492,5.51844654142e-14,50,0.655997439677,0,0
0.00268,227.508438342,28.38984243,32.2257814285,-60.6156238585,0,798.88715249,28262.8975494,-8454.53841357,330.770057063,294.141827492,5.51844654142e-14,50,0.655997439677,0,0
0.0027,225.992258691,30.4296461565,33.325880235,-63.7555263915,0,798.890537425,29855.3734777,-8391.94365484,330.770057063,294.141827492,5.51844654142e-14,50,0.655997439677,0,0
0.00272,224.462990264,32.4462902774,34.084450883,-66.5307411604,0,798.881778306,31299.2050096,-8178.35244852,330.649562255,292.642407337,5.41811114976e-14,50,0.643548963696,0,0
0.00274,222.965328675,33.8779499418,34.6750171385,-68.5529670803,0,798.897496615,32363.5134605,-7976.73026585,330.649562255,292.642407337,5.41811114976e-14,50,0.643548963696,0,0
0.00276,221.722215259,31.9349180442,35.8502499687,-67.785168013,0,798.913456723,31874.9318669,-8556.00805195,330.535478456,291.124899469,5.5457793125e-14,50,0.62389909485,0,0
0.00278,220.340099458,31.5338304598,38.2299429422,-69.763773402,0,798.913987205,32695.2519841,-9342.72682576,330.535478456,291.124899469,5.5457793125e-14,50,0.62389909485,0,0
0.0028,218.754198356,33.4819264457,39.4118986873,-72.893825133,0,798.917378992,34277.9302854,-9248.7092886,330.535478456,291.124899469,5.5457793125e-14,50,0.62389909485,0,0
0.00282,217.159984821,35.3334511013,40.1678637187,-75.50131482,0,798.908631563,35634.4916503,-8989.17979652,330.426466745,289.593879454,5.39356456132e-14,50,0.609872761317,0,0
0.00284,215.556734412,37.0953228733,41.2635376274,-78.3588605008,0,798.917710196,37079.9461797,-8856.90340916,330.426466745,289.593879454,5.39356456132e-14,50,0.609872761317,0,0
0.00286,214.266709894,34.7373304592,43.3072868185,-78.0446172777,0,798.937307304,36760.3740974,-9827.59955304,330.320408555,288.043529832,5.19460838918e-14,50,0.594000941254,0,0
0.00288,212.732088676,35.2305428558,45.2757165647,-80.5062594205,0,798.937824179,37909.6284353,-10235.6204766,330.320408555,288.043529832,5.19460838918e-14,50,0.594000941254,0,0
0.0029,211.072528853,37.077736374,46.538806698,-83.6165430719,0,798.94097284,39474.6398373,-10106.5432125,330.320408555,288.043529832,5.19460838918e-14,50,0.594000941254,0,0
0.00292,209.411693623,38.731841543,47.2919630478,-86.0238045908,0,798.931992063,40723.9067742,-9807.21256199,330.216039773,286.477101374,5.10656417919e-14,50,0.600179196379,0,0
0.00294,207.72111898,40.5475986752,48.6168783084,-89.1644769835,0,798.93554133,42292.3054499,-9668.11650661,330.216039773,286.477101374,5.10656417919e-14,50,0.600179196379,0,0
0.00296,207.036316859,29.5802698186,42.8690050655,-72.4492748841,0,798.913215845,34252.5551849,-9539.77535977,330.113890154,284.891290149,4.97186117641e-14,50,0.593448874538,0,0
0.00298,207.178794723,8.06039471627,21.7571732652,-29.8175679815,0,798.910871158,13908.6123424,-6166.72682639,330.113890154,284.891290149,4.97186117641e-14,50,0.593448874538,0,0
0.003,206.402553408,-2.18743177078,11.1003461614,-8.91291439057,0,798.945820751,3796.74125082,-4424.34357567,330.113890154,284.891290149,4.97186117641e-14,50,0.593448874538,0,0
0.00302,204.610073426,0.0556114791387,12.5929277895,-12.6485392686,0,798.935981381,5683.85273402,-4451.1008448,330.120092249,283.337255447,4.98701054626e-14,50,0.847719576345,0,0
0.00304,202.835696971,1.86029638848,14.0825511468,-15.9428475353,0,798.939517373,7335.40689237,-4547.8396114,330.120092249,283.337255447,4.98701054626e-14,50,0.847719576345,0,0
0.00306,201.278645394,0.736626327138,18.907977983,-19.6446043101,0,798.910353825,8944.60492472,-6431.53788812,330.115881393,281.759862947,6.27023789896e-14,50,0.812850562343,0,0
0.00308,199.497790284,2.19919635549,20.5727909507,-22.7719873062,0,798.911646737,10504.2660218,-6623.40753814,330.115881393,281.759862947,6.27023789896e-14,50,0.812850562343,0,0
0.0031,197.676067817,3.96201213999,22.0995950285,-26.0616071685,0,798.914629532,12158.3143059,-6679.81342399,330.115881393,281.759862947,6.27023789896e-14,50,0.812850562343,0,0
0.00312,195.805854791,6.12128750815,23.6430519806,-29.7643394888,0,798.904074245,14023.9019512,-6629.34504406,330.102507765,280.161531319,6.17071031326e-14,50,0.787256647811,0,0
0.00314,194.137051212,5.55440948469,22.9350859434,-28.489495428,0,798.8679599,13447.8613438,-6432.6616942,330.102507765,280.161531319,6.17071031326e-14,50,0.787256647811,0,0
0.00316,192.481880952,4.60992731674,21.8866671175,-26.4965944342,0,798.833382519,12517.6574075,-6219.08767108,330.0861453,278.541846476,6.12482207482e-14,50,0.777845742013,0,0
0.00318,190.955751218,1.84680571584,24.4598603386,-26.3066660545,0,798.788602711,12313.3890991,-7652.8625319,330.0861453,278.541846476,6.12482207482e-14,50,0.777845742013,0,0
0.0032,189.12372414,2.70352643947,26.4665040782,-29.1700305177,0,798.785872868,13726.3814342,-8021.75310821,330.0861453,278.541846476,6.12482207482e-14,50,0.777845742013,0,0
0.00322,187.181658813,4.73380870867,27.9982919091,-32.7321006178,0,798.776892037,15521.9508861,-7928.47330374,330.066373138,276.905100634,5.88329108349e-14,50,0.77850106366,0,0
0.00324,185.409182075,4.44447007318,27.7398973109,-32.1843673841,0,798.752447383,15299.7004878,-7815.32724863,330.066373138,276.905100634,5.88329108349e-14,50,0.77850106366,0,0
0.00326,183.681302794,3.40024316467,26.7716533031,-30.1718964678,0,798.726077611,14360.9782282,-7669.76970927,330.040439519,275.245783885,5.69929038182e-14,50,0.767051292125,0,0
0.00328,182.097419051,0.361180763968,30.1236937878,-30.4848745517,0,798.68550847,14433.357324,-9410.07279232,330.040439519,275.245783885,5.69929038182e-14,50,0.767051292125,0,0
0.0033,180.142276469,1.77067136923,31.8722537599,-33.6429251291,0,798.688166262,16019.3522001,-9493.3787317,330.040439519,275.245783885,5.69929038182e-14,50,0.767051292125,0,0
0.00332,178.129848366,3.70693153867,33.3914601062,-37.0983916448,0,798.679755738,17758.9320431,-9346.75392676,330.007594806,273.568017089,5.47702259758e-14,50,0.764803615965,0,0
0.00334,176.278299659,3.44595113482,33.331059479,-36.7770106138,0,798.66450036,17649.6189773,-9277.79528328,330.007594806,273.568017089,5.47702259758e-14,50,0.764803615965,0,0
0.00336,174.482480341,2.3053185081,32.424196462,-34.7295149701,0,798.645157699,16700.1828527,-9190.23632615,329.966239675,271.866919621,5.22129376351e-14,50,0.752979228514,0,0
0.00338,172.843136163,-0.970919512834,36.2548885865,-35.2839690738,0,798.60563462,16941.599659,-11112.5723767,329.966239675,271.866919621,5.22129376351e-14,50,0.752979228514,0,0
0.0034,170.817548659,0.404735241284,38.0280352025,-38.4327704438,0,798.609180413,18525.1669378,-11142.1305923,329.966239675,271.866919621,5.22129376351e-14,50,0.752979228514,0,0
0.00342,168.740992731,2.24500539376,39.4994347692,-41.7444401629,0,798.600970349,20188.8274055,-10933.4180685,329.915456687,270.146853779,4.93793126776e-14,50,0.750578006636,0,0
0.00344,166.808285327,2.11847225536,39.7391724601,-41.8576447155,0,798.595718523,20295.5615899,-10898.665307,329.915456687,270.146853779,4.93793126776e-14,50,0.750578006636,0,0
0.00346,164.959081874,0.783363001916,39.0805134999,-39.8638765018,0,798.580065452,19382.3384195,-10948.1027157,329.853896435,268.40282337,4.86738939251e-14,50,0.737715878419,0,0
0.00348,163.234770181,-2.27363087621,43.0036839892,-40.730053113,0,798.547415125,19838.6803703,-12796.2643107,329.853896435,268.40282337,4.86738939251e-14,50,0.737715878419,0,0
0.0035,161.145987235,-0.931321316263,44.794749233,-43.8634279167,0,798.551458557,21412.6234981,-12766.5155733,329.853896435,268.40282337,4.86738939251e-14,50,0.737715878419,0,0
0.00352,159.013166885,0.80912219705,46.2044145402,-47.0135367373,0,798.543410704,22988.0346904,-12494.2908753,329.780520941,266.63913653,4.60955197685e-14,50,0.733869631009,0,0
0.00354,157.02190287,0.632126666233,46.5561751316,-47.1883017978,0,798.548160651,23130.4989501,-12479.4281227,329.780520941,266.63913653,4.60955197685e-14,50,0.733869631009,0,0
0.00356,155.1436441,-1.10098370947,46.5445369707,-45.4435532612,0,798.534399532,22357.9799448,-12828.1705696,329.694896922,264.851307259,4.54553042162e-14,50,0.721414592557,0,0
0.00358,153.342202439,-3.93334325974,50.4280545974,-46.4947113376,0,798.505651162,22961.1546118,-14548.7175212,329.694896922,264.851307259,4.54553042162e-14,50,0.721414592557,0,0
0.0036,151.203281697,-2.68166565187,52.2660356394,-49.5843699876,0,798.509843327,24509.4006806,-14482.3538825,329.694896922,264.851307259,4.54553042162e-14,50,0.721414592557,0,0
0.00362,149.023241701,-1.04580341924,53.6340662313,-52.5882628121,0,798.501915303,26002.1623727,-14156.2274166,329.595398482,263.043701371,4.38013503725e-14,50,0.716665545063,0,0
0.00364,146.968483789,-1.1010751335,54.2652772847,-53.1642021512,0,798.51421167,26343.3118474,-14145.4195252,329.595398482,263.043701371,4.38013503725e-14,50,0.716665545063,0,0
0.00366,145.075287786,-3.29623634944,55.0213993815,-51.7251630321,0,798.500390109,25757.2188435,-14827.4862974,329.482157137,261.211861975,4.16166300516e-14,50,0.703332196593,0,0
0.00368,143.191236869,-5.72129896604,58.709887896,-52.9885889299,0,798.475571406,26506.4736588,-16312.0230141,329.482157137,261.211861975,4.16166300516e-14,50,0.703332196593,0,0
0.0037,141.011757985,-4.5642952346,60.5845631279,-56.0202678933,0,798.480075751,28020.1233711,-16204.9212012,329.482157137,261.211861975,4.16166300516e-14,50,0.703332196593,0,0
0.00372,138.18010811,4.63888548841,46.5397153823,-51.1786008707,0,798.447285168,25370.0589584,-9686.73726524,329.353321324,259.360254965,4.01851087983e-14,50,0.697217240075,0,0
0.00374,134.627621295,22.7513999542,11.6834957363,-34.4348956905,0,798.442674411,16229.1525257,4564.46663792,329.353321324,259.360254965,4.01851087983e-14,50,0.697217240075,0,0
0.00376,132.288601242,25.5992853667,2.19192186501,-27.7912072317,0,798.438962876,12675.5141017,7797.65777274,329.247289582,257.448555817,3.93829353731e-14,50,0.586540877328,0,0
0.00378,130.367704049,23.1291665273,5.9939552109,-29.1231217382,0,798.448214237,13425.8497823,6191.48531109,329.247289582,257.448555817,3.93829353731e-14,50,0.586540877328,0,0
0.0038,128.165077849,24.0940019598,8.08177989975,-32.1757818595,0,798.453232761,14844.8383137,6118.52243354,329.247289582,257.448555817,3.93829353731e-14,50,0.586540877328,0,0
0.00382,125.966640453,24.9246051308,10.4829654215,-35.4075705522,0,798.446094428,16357.2108489,5951.15516325,329.124318456,255.519588033,3.83581972671e-14,50,0.601075476753,0,0
0.00384,123.9082262,23.9278006295,10.6634158318,-34.5912164613,0,798.431521986,15949.8850606,5677.91267031,329.124318456,255.519588033,3.83581972671e-14,50,0.601075476753,0,0
0.00386,121.905446217,22.1631628846,10.1705990153,-32.3337618999,0,798.414565367,14874.4088576,5286.26773511,328.987283433,253.570406706,3.73914705791e-14,50,0.596124741528,0,0
0.00388,119.533072573,24.9507063928,7.52747466335,-32.478181056,0,798.376939571,14675.1272082,6878.75543387,328.987283433,253.570406706,3.73914705791e-14,50,0.596124741528,0,0
0.0039,117.303052114,25.8957050923,9.48662810361,-35.3823331959,0,798.380815985,16001.993642,6883.24967408,328.987283433,253.570406706,3.73914705791e-14,50,0.596124741528,0,0
0.00392,115.090973461,26.557847329,11.9494492453,-38.5072965743,0,798.373796817,17457.8235491,6706.69932573,328.836597256,251.597468421,3.60658446879e-14,50,0.564147512496,0,0
0.00394,112.976345751,25.9477443284,12.6861707565,-38.6339150849,0,798.369385486,17501.4061034,6454.61980632,328.836597256,251.597468421,3.60658446879e-14,50,0.564147512496,0,0
0.00396,110.955699908,24.1131571952,12.2260805243,-36.3392377195,0,798.362969408,16430.6181541,6012.03758033,328.670981131,249.604786495,3.60124723509e-14,50,0.557674604033,0,0
0.00398,108.626331106,26.0922092304,10.6329542067,-36.7251634371,0,798.335663146,16372.6815104,7111.95219719,328.670981131,249.604786495,3.60124723509e-14,50,0.557674604033,0,0
0.004,106.392756476,26.8326580192,12.8182684724,-39.6509264916,0,798.341009054,17711.3987877,7060.7019601,328.670981131,249.604786495,3.60124723509e-14,50,0.557674604033,0,0
0.00402,104.176516737,27.319368669,15.3060221971,-42.625390866,0,798.334217848,19094.3751101,6882.81778476,328.491566298,247.590160642,3.55678739268e-14,50,0.533033509022,0,0
0.00404,102.045324804,26.7099500765,16.2047932502,-42.9147433267,0,798.336713343,19225.1240853,6620.33604492,328.491566298,247.590160642,3.55678739268e-14,50,0.533033509022,0,0
0.00406,100.002000795,24.9730615129,15.6893702865,-40.6624317993,0,798.331317579,18189.1790443,6205.98665806,328.297629437,245.55673725,3.53223406878e-14,50,0.528083485906,0,0
0.00408,97.6138550433,27.5211195043,13.9678499052,-41.4889694095,0,798.312383904,18253.3740677,7537.90559491,328.297629437,245.55673725,3.53223406878e-14,50,0.528083485906,0,0
0.0041,95.3785044341,28.1375883342,16.208895724,-44.3464840582,0,798.317642981,19552.5430268,7494.40719643,328.297629437,245.55673725,3.53223406878e-14,50,0.528083485906,0,0
0.00412,93.1675293489,28.4312633503,18.7120113987,-47.1432747489,0,798.310758998,20853.024429,7308.5289266,328.0902569,243.501633366,3.45431468184e-14,50,0.4986901645,0,0
0.00414,91.0177767969,27.9449772213,19.8937837853,-47.8387610066,0,798.319368147,21178.2134372,7068.76823575,328.0902569,243.501633366,3.45431468184e-14,50,0.4986901645,0,0
0.00416,88.9272128984,26.7074396266,19.1199842158,-45.8274238424,0,798.318250927,20224.9108843,6865.9351303,327.868982181,241.428723558,3.39714720893e-14,50,0.49454769663,0,0
0.00418,86.5536272306,28.9994290031,17.8648983787,-46.8643273818,0,798.305604737,20377.3719302,8038.88594563,327.868982181,241.428723558,3.39714720893e-14,50,0.49454769663,0,0
0.0042,84.3230714715,29.4983059124,20.1549499335,-49.6532558458,0,798.310558101,21637.8255756,8008.12159042,327.868982181,241.428723558,3.39714720893e-14,50,0.49454769663,0,0
0.00422,82.1218379561,29.6282778546,22.6452344417,-52.2735122963,0,798.303370618,22856.7335079,7828.20633854,327.635020528,239.334952456,3.32836243888e-14,50,0.463615109778,0,0
0.00424,79.9743414223,29.0868745594,23.9291174163,-53.0159919757,0,798.318657019,23213.6898372,7585.37131555,327.635020528,239.334952456,3.32836243888e-14,50,0.463615109778,0,0
0.00426,77.813056672,28.7207247033,22.709136702,-51.4298614053,0,798.319487718,22368.9056529,7763.68862242,327.38849859,237.224577358,3.2768772631e-14,50,0.461523060125,0,0
0.00428,75.4589178455,30.7705628291,21.7792154152,-52.5497782442,0,798.311898062,22550.3020892,8814.58548463,327.38849859,237.224577358,3.2768772631e-14,50,0.461523060125,0,0
0.0043,73.2385310045,31.1560702675,24.1113457068,-55.2674159743,0,798.316799268,23771.7069319,8799.08594933,327.38849859,237.224577358,3.2768772631e-14,50,0.461523060125,0,0
0.00432,71.05196933,31.1284337464,26.5807634739,-57.7091972203,0,798.30956002,24910.6794628,8625.40063613,327.130464528,235.093854134,3.22777409364e-14,50,0.426086604987,0,0
0.00434,68.8853227481,30.8634740258,28.2977055171,-59.1611795429,0,798.325026755,25583.9609503,8470.84962795,327.130464528,235.093854134,3.22777409364e-14,50,0.426086604987,0,0
0.00436,66.6718082693,31.1977659795,26.7197319601,-57.9174979396,0,798.32992875,24802.4693874,8956.11782395,326.860955341,232.947505811,3.17143205421e-14,50,0.423583427965,0,0
0.00438,64.3578195349,32.8030189735,26.4970872719,-59.3001062454,0,798.326596534,25142.332476,9770.72458429,326.860955341,232.947505811,3.17143205421e-14,50,0.423583427965,0,0
0.0044,62.152479747,33.0666653064,28.8727112471,-61.9393765535,0,798.331436618,26324.168827,9769.81528227,326.860955341,232.947505811,3.17143205421e-14,50,0.423583427965,0,0
0.00442,59.9881852193,32.835066274,31.3260243863,-64.1610906603,0,798.324143046,27373.5819809,9583.25072352,326.58127366,230.781732081,3.11275908182e-14,50,0.386444385949,0,0
0.00444,57.8200730442,32.670167139,33.2976543691,-65.9678215081,0,798.339746298,28202.2225833,9490.88951074,326.58127366,230.781732081,3.11275908182e-14,50,0.386444385949,0,0
0.00446,55.5435922456,33.8798589037,31.2790718413,-65.158930745,0,798.343732672,27477.8828225,10363.5671344,326.291697541,228.600802359,3.06240991335e-14,50,0.379724054639,0,0
0.00448,53.2646366871,35.141318495,31.5595405277,-66.7008590227,0,798.343345597,27919.3318113,11022.5837695,326.291697541,228.600802359,3.06240991335e-14,50,0.379724054639,0,0
0.0045,51.0768875211,35.2842300452,33.9761749394,-69.2604049846,0,798.348132469,29063.4155911,11038.1214513,326.291697541,228.600802359,3.06240991335e-14,50,0.379724054639,0,0
0.00452,48.9371906201,34.8485692566,36.4037868099,-71.2523560666,0,798.340792609,30024.4967506,10837.0136279,325.99383082,226.401823657,3.02249567181e-14,50,0.368527692281,0,0
0.00454,46.780895757,34.6428662385,38.7435707201,-73.3864369586,0,798.344204652,31015.166948,10753.2702526,325.99383082,226.401823657,3.02249567181e-14,50,0.368527692281,0,0
0.00456,45.2138845837,27.0938587113,26.3990296336,-53.492888345,0,798.316939627,22303.9582515,8893.55674799,325.691404369,224.189618995,2.99454600482e-14,50,0.371794720858,0,0
0.00458,44.4174659735,9.93530348847,9.91001113545,-19.8453146239,0,798.323011044,8343.19703067,3297.72055782,325.691404369,224.189618995,2.99454600482e-14,50,0.371794720858,0,0
0.0046,42.73977224,3.81552733981,6.21759419508,-10.0331215349,0,798.355248558,4447.87459419,1107.84339217,325.691404369,224.189618995,2.99454600482e-14,50,0.371794720858,0,0
0.00462,39.9214154466,11.9767270175,17.3760722407,-29.3527992582,0,798.332783049,12744.9613835,3723.9199183,325.43341606,221.984973118,3.74001875008e-14,50,0.555741036158,0,0
0.00464,36.7772428141,24.2330308787,32.1615228221,-56.3945537009,0,798.336212309,23979.2396531,7911.28543439,325.43341606,221.984973118,3.74001875008e-14,50,0.555741036158,0,0
0.00466,34.2288922463,29.0635593153,31.9448902207,-61.008449536,0,798.320516886,25239.1057207,10104.8754189,325.130683649,219.748861225,3.65245317118e-14,50,0.368375028957,0,0
0.00468,32.0052322595,29.8569304278,32.8552661541,-62.7121965819,0,798.32050669,25834.5408214,10555.1520408,325.130683649,219.748861225,3.65245317118e-14,50,0.368375028957,0,0
0.0047,29.8508638649,29.8049915623,35.3814266347,-65.1864181971,0,798.325774999,26988.6824565,10569.0050666,325.130683649,219.748861225,3.65245317118e-14,50,0.368375028957,0,0
0.00472,27.7384065567,29.2492497758,37.9411323558,-67.1903821316,0,798.31889817,28012.3341865,10386.7583691,324.823675194,217.497384586,3.54684031164e-14,50,0.361295871653,0,0
0.00474,25.6180892968,28.8109901069,40.3079559983,-69.1189461052,0,798.319660853,28974.6763877,10280.7417675,324.823675194,217.497384586,3.54684031164e-14,50,0.361295871653,0,0
0.00476,23.2796027715,31.1181281723,37.7569953041,-68.8751234764,0,798.330569923,28250.8346192,11580.6161936,324.512888962,215.233025698,3.48887444414e-14,50,0.365551658363,0,0
0.00478,21.069694312,31.8352796982,38.6378689332,-70.4731486314,0,798.331716942,28787.6017087,12048.6974084,324.512888962,215.233025698,3.48887444414e-14,50,0.365551658363,0,0
0.0048,18.9317696804,31.6687444251,41.2001270311,-72.8688714562,0,798.336614887,29917.1884058,12083.4938325,324.512888962,215.233025698,3.48887444414e-14,50,0.365551658363,0,0
0.00482,16.840003986,30.9401261014,43.6986720425,-74.638798144,0,798.329378414,30861.8396454,11896.2316334,324.200445275,212.954371227,3.37508163818e-14,50,0.359313823175,0,0
0.00484,14.719962243,30.5785821145,46.3593928129,-76.9379749274,0,798.321321599,31988.6923532,11879.267783,324.200445275,212.954371227,3.37508163818e-14,50,0.359313823175,0,0
0.00486,12.7739952915,28.0533812662,39.147250986,-67.2006322522,0,798.292623964,27616.1522553,11195.6189529,323.885637471,210.663345456,3.01323445247e-14,50,0.364738421333,0,0
0.00488,12.2771643025,7.42485437756,18.9018876626,-26.3267420401,0,798.285164398,11762.6670835,2824.81027423,323.885637471,210.663345456,3.01323445247e-14,50,0.364738421333,0,0
0.0049,11.2989579259,-7.17706298988,7.17807775688,-0.00101476700465,0,798.317647554,1734.53700492,-3284.33274394,323.885637471,210.663345456,3.01323445247e-14,50,0.364738421333,0,0
0.00492,9.20969131373,-7.88281115488,9.79598648345,-1.91317532857,0,798.304243324,2916.25766624,-3620.86229398,323.63056148,208.387191432,2.95411249692e-14,50,0.562907519899,0,0
0.00494,7.0451842682,-7.64167588603,12.2683951671,-4.62671928126,0,798.309786424,4280.5413342,-3519.75794626,323.63056148,208.387191432,2.95411249692e-14,50,0.562907519899,0,0
0.00496,4.53241946804,-3.04250886757,12.046360374,-9.00385150645,0,798.297789015,5409.54194736,-1442.04710748,323.373080493,206.09867638,2.9129243295e-14,50,0.541132062614,0,0
0.00498,2.35003515951,-2.56987890733,13.3193576967,-10.7494787894,0,798.291483871,6196.84788561,-1196.67160745,323.373080493,206.09867638,2.9129243295e-14,50,0.541132062614,0,0
0.005,0.228475076792,-2.85593845989,16.0656806532,-13.2097421933,0,798.296271516,7541.25032472,-1280.19332933,323.373080493,206.09867638,2.9129243295e-14,50,0.541132062614,0,0
0.00502,-1.89476052088,-3.12105407554,19.2412742334,-16.1202201578,0,798.287282173,9110.50230585,-1333.37037976,323.115295858,203.797115351,2.88241197472e-14,50,0.510840004625,0,0
0.00504,-3.83337260973,-5.69557686128,19.7279664134,-14.0323895522,0,798.247420323,8724.59049036,-2427.74326052,323.115295858,203.797115351,2.88241197472e-14,50,0.510840004625,0,0
0.00506,-5.81235053121,-7.76874582634,19.4064255483,-11.6376797219,0,798.207899591,8063.87295839,-3309.60955486,322.861334664,201.487892697,2.85463419491e-14,50,0.53150853591,0,0
0.00508,-8.13670641829,-5.52950003808,16.9321659466,-11.4026659085,0,798.173693657,7369.17355191,-2268.35770126,322.861334664,201.487892697,2.85463419491e-14,50,0.53150853591,0,0
0.0051,-10.2856627484,-5.489126729,18.8648652673,-13.3757385383,0,798.172730298,8388.27878129,-2161.46153479,322.861334664,201.487892697,2.85463419491e-14,50,0.53150853591,0,0
0.00512,-12.4002605124,-5.88615175393,22.0190922419,-16.132940488,0,798.165748605,9927.19130215,-2213.80800271,322.613980895,199.166575407,2.83436987891e-14,50,0.509271464871,0,0
0.00514,-14.3641450635,-8.1765091157,22.9440270691,-14.7675179534,0,798.133996562,9881.93647754,-3175.76504546,322.613980895,199.166575407,2.83436987891e-14,50,0.509271464871,0,0
0.00516,-16.3533695889,-10.160990291,22.5768860312,-12.4158957403,0,798.097929593,9259.87838334,-4036.24373012,322.371863416,196.838002646,2.80711632238e-14,50,0.529386304512,0,0
0.00518,-18.6653711189,-8.12303693955,20.3612154604,-12.2381785208,0,798.072039933,8625.69446124,-3097.63293526,322.371863416,196.838002646,2.80711632238e-14,50,0.529386304512,0,0
0.0052,-20.7838511505,-8.5177260496,23.0139743673,-14.4962483177,0,798.076240976,9922.59498846,-3123.05134971,322.371863416,196.838002646,2.80711632238e-14,50,0.529386304512,0,0
0.00522,-22.899128075,-8.96735766033,26.1509361559,-17.1835784955,0,798.069698406,11455.7139341,-3136.17126225,322.137620581,194.498264479,2.79190657645e-14,50,0.511076005276,0,0
0.00524,-24.8721909958,-11.2107753695,27.2738864984,-16.0631111289,0,798.042693801,11567.9440521,-4062.26778954,322.137620581,194.498264479,2.79190657645e-14,50,0.511076005276,0,0
0.00526,-26.8598346089,-13.2891737053,26.9502020281,-13.6610283228,0,798.012004875,10989.5941653,-4980.52018513,321.910113852,192.151699008,2.77460758876e-14,50,0.53174153392,0,0
0.00528,-29.1693059749,-11.3630070481,24.7998497291,-13.436842681,0,797.991527257,10345.0481004,-4103.01526996,321.910113852,192.151699008,2.77460758876e-14,50,0.53174153392,0,0
0.0053,-31.2839631258,-11.8912508012,27.5598552146,-15.6686044134,0,797.996598846,11684.421367,-4130.01669946,321.910113852,192.151699008,2.77460758876e-14,50,0.53174153392,0,0
0.00532,-33.4010167937,-12.4096237501,30.6689143954,-18.2592906454,0,797.990113216,13205.8246668,-4112.868495,321.692043405,189.794618614,2.76716393208e-14,50,0.515750674112,0,0
0.00534,-35.3807136721,-14.6657914917,31.928541785,-17.2627502933,0,797.969004872,13431.3878341,-5026.66357512,321.692043405,189.794618614,2.76716393208e-14,50,0.515750674112,0,0
0.00536,-37.3694942696,-16.8298876853,31.6429519742,-14.8130642888,0,797.943798035,12899.6953182,-5998.89160093,321.482042422,187.431155028,2.75461532365e-14,50,0.537539260431,0,0
0.00538,-39.6679212565,-15.1454043939,29.8172106209,-14.671806227,0,797.932674541,12356.4085734,-5226.13802058,321.482042422,187.431155028,2.75461532365e-14,50,0.537539260431,0,0
0.0054,-41.7810131441,-15.8000160393,32.6768732168,-16.8768571775,0,797.938461557,13741.3170189,-5248.87344594,321.482042422,187.431155028,2.75461532365e-14,50,0.537539260431,0,0
0.00542,-43.9035897323,-16.3587565044,35.745832537,-19.3870760326,0,797.932326462,15253.7368173,-5189.38076813,321.282572829,185.057898741,2.72934362343e-14,50,0.524733341733,0,0
0.00544,-45.9044846351,-18.461358069,37.3053857727,-18.8440277037,0,797.917345564,15708.6729139,-5989.68031506,321.282572829,185.057898741,2.72934362343e-14,50,0.524733341733,0,0
0.00546,-47.8851736148,-20.8393930162,37.1192763423,-16.2798833262,0,797.89918469,15234.8311254,-7071.66856994,321.092014363,182.678566596,2.72514486378e-14,50,0.546130201916,0,0
0.00548,-50.1677828627,-19.4661662242,35.7449898977,-16.2788236735,0,797.896394562,14853.5129467,-6416.86548874,321.092014363,182.678566596,2.72514486378e-14,50,0.546130201916,0,0
0.0055,-52.2803065732,-20.2414918948,38.6858684114,-18.4443765166,0,797.902726311,16280.166251,-6429.95415308,321.092014363,182.678566596,2.72514486378e-14,50,0.546130201916,0,0
0.00552,-54.4082608735,-20.8460161645,41.6994335734,-20.8534174089,0,797.896945291,17776.7840831,-6331.56888651,320.912685268,180.290297829,2.70619976024e-14,50,0.537903228436,0,0
0.00554,-56.4205704396,-22.9176314796,43.4316257829,-20.5139943033,0,797.886087302,18370.8727466,-7075.32864534,320.912685268,180.290297829,2.70619976024e-14,50,0.537903228436,0,0
0.00556,-58.3766738441,-25.7126571409,43.4433944209,-17.73073728,0,797.871836822,17978.6759556,-8356.88420213,320.742967148,177.896354878,2.73844603153e-14,50,0.559865116217,0,0
0.00558,-60.6552756877,-24.4964354183,42.1976262155,-17.7011907972,0,797.87522704,17632.0046167,-7764.39896373,320.742967148,177.896354878,2.73844603153e-14,50,0.559865116217,0,0
0.0056,-62.767930832,-25.3735267438,45.1787060968,-19.805179353,0,797.88137984,19087.3339153,-7760.57834944,320.742967148,177.896354878,2.73844603153e-14,50,0.559865116217,0,0
0.00562,-64.9006553976,-26.01757069,48.1227762117,-22.1052055217,0,797.875407498,20564.3931636,-7623.24737773,320.585053218,175.494344499,2.77176120227e-14,50,0.556426443386,0,0
0.00564,-66.9329450926,-27.9335556883,50.1470494439,-22.2134937556,0,797.869124987,21377.4446484,-8223.97124744,320.585053218,175.494344499,2.77176120227e-14,50,0.556426443386,0,0
0.00566,-68.8812289688,-30.9146462668,50.2381484308,-19.3235021641,0,797.861669212,21056.0547438,-9599.80988184,320.436997514,173.08703137,2.77087342904e-14,50,0.577957809961,0,0
0.00568,-71.1399251359,-30.0289861731,49.4625786153,-19.4335924422,0,797.871272004,20896.3661243,-9111.56618942,320.436997514,173.08703137,2.77087342904e-14,50,0.577957809961,0,0
0.0057,-73.250356877,-31.0082468621,52.4804996338,-21.4722527717,0,797.877325715,22381.0953608,-9088.50174991,320.436997514,173.08703137,2.77087342904e-14,50,0.577957809961,0,0
0.00572,-75.3854635868,-31.6887410637,55.339797416,-23.6510563523,0,797.871245721,23831.9033,-8912.68969023,320.300770326,170.672545219,2.77970333622e-14,50,0.578861172331,0,0
0.00574,-77.4416574468,-33.3632150184,57.7354059428,-24.3721909244,0,797.8706414,24909.9608888,-9297.21198168,320.300770326,170.672545219,2.77970333622e-14,50,0.578861172331,0,0
0.00576,-79.3571177115,-36.8021709438,58.0404770972,-21.2383061536,0,797.867220643,24695.977565,-10885.7605974,320.174261392,168.25314854,2.76430086078e-14,50,0.599264730436,0,0
0.00578,-81.5703706048,-36.5216197462,58.1433339233,-21.6217141772,0,797.880893915,24902.6551639,-10570.3506692,320.174261392,168.25314854,2.76430086078e-14,50,0.599264730436,0,0
0.0058,-83.6756118802,-37.5915508038,61.1815336622,-23.5899828584,0,797.887197221,26412.5399721,-10519.7569295,320.174261392,168.25314854,2.76430086078e-14,50,0.599264730436,0,0
0.00582,-85.8127049112,-38.2609579946,63.9070684084,-25.6461104138,0,797.88136538,27819.272192,-10286.7382103,320.058987131,165.827933047,2.73197110672e-14,50,0.608571444218,0,0
0.00584,-87.8805337126,-39.7909294488,66.5671899779,-26.7762605291,0,797.88362756,29086.6922418,-10499.1860305,320.058987131,165.827933047,2.73197110672e-14,50,0.608571444218,0,0
0.00586,-89.7714151669,-43.5244975967,67.0073002348,-23.4828026382,0,797.884084506,28975.3021555,-12221.3605423,319.953123419,163.398298781,2.7907048019e-14,50,0.628129276575,0,0
0.00588,-91.9394291866,-43.7825153796,67.6463899312,-23.8638745516,0,797.897375719,29399.5839597,-12073.2584485,319.953123419,163.398298781,2.7907048019e-14,50,0.628129276575,0,0
0.0059,-94.0344318404,-44.9384957559,70.6945905544,-25.7560947985,0,797.903827367,30931.0146777,-11991.4752133,319.953123419,163.398298781,2.7907048019e-14,50,0.628129276575,0,0
0.00592,-96.1691168997,-45.5803462997,73.2622690706,-27.6819227709,0,797.898147084,32281.8956469,-11697.8839634,319.857844208,160.964091826,2.78637811879e-14,50,0.63064055876,0,0
0.00594,-98.2499016916,-46.874300306,76.2689084418,-29.3946081361,0,797.902179284,33781.5681785,-11658.1881797,319.857844208,160.964091826,2.78637811879e-14,50,0.63064055876,0,0
0.00596,-100.129577835,-50.6567871812,76.806242927,-26.1494557458,0,797.907960308,33788.1256168,-13382.9404618,319.771260188,158.52597449,2.76315830114e-14,50,0.628362912908,0,0
0.00598,-103.073888181,-41.1022256193,72.9602915986,-31.8580659793,0,797.882513382,32982.4975063,-8728.55195916,319.771260188,158.52597449,2.76315830114e-14,50,0.628362912908,0,0
0.006,-108.026588291,-6.40976034073,58.0452762229,-51.6355158822,0,797.884302031,28859.8239194,7444.95529677,319.771260188,158.52597449,2.76315830114e-14,50,0.628362912908,0,0
0.00602,-110.506868581,-2.58549079166,58.2199027706,-55.6344119789,0,797.851613239,29266.5557747,9761.78105163,319.70259237,156.055240033,2.81055574571e-14,50,0.383984335917,0,0
0.00604,-112.546947033,-4.22256812458,61.142515881,-56.9199477564,0,797.863764996,30571.3506027,9657.70682855,319.70259237,156.055240033,2.81055574571e-14,50,0.383984335917,0,0
0.00606,-113.716781329,-16.6922996043,53.6221115168,-36.9298119125,0,797.884548488,25826.9193286,1580.63970928,319.645445789,153.579073672,2.87152801946e-14,50,0.380465991968,0,0
0.00608,-114.532861654,-33.5342449251,43.6372999618,-10.1030550367,0,797.892138423,19464.8152405,-9480.60525378,319.645445789,153.579073672,2.87152801946e-14,50,0.380465991968,0,0
0.0061,-116.283518761,-38.6398720034,43.1089069307,-4.46903492725,0,797.920286876,18871.1686491,-12273.5002929,319.645445789,153.579073672,2.87152801946e-14,50,0.380465991968,0,0
0.00612,-118.906894162,-32.777936533,53.1972249799,-20.4192884469,0,797.904115413,24519.5832169,-6820.08458376,319.6163965,151.115363859,2.3133955386e-14,50,0.557068856892,0,0
0.00614,-121.698716723,-24.7472815566,65.6755174898,-40.9282359332,0,797.918792059,31385.7634134,432.172849279,319.6163965,151.115363859,2.3133955386e-14,50,0.557068856892,0,0
0.00616,-124.147833055,-20.9327149342,66.6845543493,-45.7518394151,0,797.954504407,32174.5297455,2970.53791648,319.577820633,148.639270632,2.33300605478e-14,50,0.425997766038,0,0
0.00618,-126.226780106,-21.6728594672,68.2657070895,-46.5928476223,0,797.96082866,32939.5075426,3131.55598565,319.577820633,148.639270632,2.33300605478e-14,50,0.425997766038,0,0
0.0062,-128.235853449,-23.2093069618,71.3950517267,-48.185744765,0,797.967080742,34421.0812782,3209.51197023,319.577820633,148.639270632,2.33300605478e-14,50,0.425997766038,0,0
0.00622,-130.243487474,-24.6818737063,74.0460320468,-49.3641583405,0,797.961195915,35673.1647255,3232.85712521,319.54720587,146.160470738,2.36349609229e-14,50,0.434087802398,0,0
0.00624,-132.235609315,-26.2616844594,77.1959795206,-50.9342950613,0,797.967975738,37165.9428432,3328.63982687,319.54720587,146.160470738,2.36349609229e-14,50,0.434087802398,0,0
0.00626,-134.368791741,-25.9867693799,76.4647321766,-50.4779627967,0,798.005798157,36852.2917205,3562.25045677,319.522245279,143.681014431,3.60494809715e-14,50,0.45459372594,0,0
0.00628,-136.353497086,-27.4715232807,79.3512655021,-51.8797422214,0,798.010865,38222.3607516,3674.99347877,319.522245279,143.681014431,3.60494809715e-14,50,0.45459372594,0,0
0.0063,-138.319209635,-29.0925591451,82.4646938458,-53.3721347007,0,798.016711798,39697.8227664,3784.5179506,319.522245279,143.681014431,3.60494809715e-14,50,0.45459372594,0,0
0.00632,-140.975565378,-21.9745946656,67.7152701433,-45.7406754777,0,797.982212479,32810.5679896,4403.55315991,319.503513997,141.200671368,3.58929305289e-14,50,0.467777993427,0,0
0.00634,-144.545642043,-3.32433543776,30.2226269888,-26.898291551,0,797.988798738,15000.8873768,5710.94047553,319.503513997,141.200671368,3.58929305289e-14,50,0.467777993427,0,0
0.00636,-147.406795366,6.57996984957,11.6096261183,-18.1895959679,0,797.966439613,6012.17930227,6659.92631646,319.533229487,138.694577155,3.63808302847e-14,50,0.224172539949,0,0
0.00638,-149.32773154,4.85192640061,14.8002148294,-19.65214123,0,797.972992626,7521.52933554,6555.21661832,319.533229487,138.694577155,3.63808302847e-14,50,0.224172539949,0,0
0.0064,-151.232112682,3.04205297484,18.1086312577,-21.1506842326,0,797.978934297,9090.05765301,6454.41820526,319.533229487,138.694577155,3.63808302847e-14,50,0.224172539949,0,0
0.00642,-153.091197218,0.795777997194,21.8817192646,-22.6774972618,0,797.972739279,10882.6752606,6249.98045451,319.569957502,136.187812478,3.72620340692e-14,50,0.218531397273,0,0
0.00644,-155.183494594,1.59911488849,22.2895753077,-23.8886901962,0,797.92770239,11064.7687433,6892.01411226,319.569957502,136.187812478,3.72620340692e-14,50,0.218531397273,0,0
0.00646,-157.262340067,2.37333829715,20.325460064,-22.6987983611,0,797.883958044,10074.9004448,6875.70582239,319.610861029,133.682242451,3.7756834911e-14,50,0.225152169349,0,0
0.00648,-159.318222088,3.00406784638,18.6111356053,-21.6152034517,0,797.840633327,9204.10630865,6833.56653385,319.610861029,133.682242451,3.7756834911e-14,50,0.225152169349,0,0
0.0065,-161.164940283,1.16823442561,21.7737990815,-22.9420335071,0,797.846286802,10709.4378511,6738.51362408,319.610861029,133.682242451,3.7756834911e-14,50,0.225152169349,0,0
0.00652,-162.957654811,-1.19031124942,25.4851125655,-24.294801316,0,797.840604053,12483.6703562,6520.24151601,319.657287886,131.177991609,3.78608010693e-14,50,0.222430146518,0,0
0.00654,-164.982413836,-0.491713471793,26.3992540781,-25.9075406063,0,797.801628248,12891.2947194,7265.62244765,319.657287886,131.177991609,3.78608010693e-14,50,0.222430146518,0,0
0.00656,-166.993687023,0.199048947097,24.4255617097,-24.6246106568,0,797.766407632,11895.5983393,7177.63595541,319.706143601,128.676548975,3.80980402329e-14,50,0.231068382963,0,0
0.00658,-168.976520666,0.699093793343,22.7897897159,-23.4888835094,0,797.731505946,11063.9407038,7066.44717408,319.706143601,128.676548975,3.80980402329e-14,50,0.231068382963,0,0
0.0066,-170.750680044,-1.24059293298,25.9804552424,-24.7398623094,0,797.737859698,12589.8584664,6980.32901765,319.706143601,128.676548975,3.80980402329e-14,50,0.231068382963,0,0
0.00662,-172.473086067,-3.65470669438,29.6065838209,-25.9518771265,0,797.732451011,14333.6903635,6773.14626419,319.758931816,126.178044767,3.91265803726e-14,50,0.229597987022,0,0
0.00664,-174.455687419,-2.64023003119,30.8887134015,-28.2484833704,0,797.695245449,14885.1256862,7837.0054214,319.758931816,126.178044767,3.91265803726e-14,50,0.229597987022,0,0
0.00666,-176.392808783,-2.01458707711,28.9115094915,-26.8969224144,0,797.669401575,13889.340263,7690.2428979,319.812496908,123.683701139,3.93620190601e-14,50,0.238684149012,0,0
0.00668,-178.300887061,-1.56894785064,27.2025968336,-25.633648983,0,797.642292327,13025.8632428,7510.23831107,319.812496908,123.683701139,3.93620190601e-14,50,0.238684149012,0,0
0.0067,-179.997541263,-3.5798614471,30.3511176581,-26.771256211,0,797.648633626,14535.7570314,7431.46902129,319.812496908,123.683701139,3.93620190601e-14,50,0.238684149012,0,0
0.00672,-181.641902982,-6.05513161769,33.8705725638,-27.8154409461,0,797.643317184,16236.6716835,7223.56512744,319.868562132,121.193851374,3.93341402052e-14,50,0.237683362942,0,0
0.00674,-183.556264577,-4.96322087026,35.5015855414,-30.5383646711,0,797.612634807,16911.0806171,8474.53743983,319.868562132,121.193851374,3.93341402052e-14,50,0.237683362942,0,0
0.00676,-185.42792429,-4.21019239373,33.7016601407,-29.491467747,0,797.593609508,15993.5700687,8437.41749395,319.923749848,118.709567795,4.00999061015e-14,50,0.247757740636,0,0
0.00678,-187.243059093,-3.96630520459,32.2156516263,-28.2493464216,0,797.577574381,15245.4409197,8199.26725882,319.923749848,118.709567795,4.00999061015e-14,50,0.247757740636,0,0
0.0068,-188.853646364,-6.07949864214,35.3782001981,-29.298701556,0,797.584581846,16764.0197273,8129.0927329,319.923749848,118.709567795,4.00999061015e-14,50,0.247757740636,0,0
0.00682,-190.413354312,-8.62676703989,38.7719624826,-30.1451954428,0,797.579644598,18411.6383967,7907.00393284,319.979872733,116.23144035,3.95437226306e-14,50,0.248571490453,0,0
0.00684,-192.216492003,-7.92728917833,40.5391917646,-32.6119025862,0,797.552163116,19126.3844313,9016.0398812,319.979872733,116.23144035,3.95437226306e-14,50,0.248571490453,0,0
0.00686,-194.041349967,-6.75067504935,39.1999010578,-32.4492260085,0,797.539425697,18390.0088398,9359.81872981,320.033565974,113.760365198,5.01374884529e-14,50,0.26029579407,0,0
0.00688,-195.766787438,-6.60962942208,37.741476441,-31.1318470189,0,797.531732,17664.8002113,9063.07101584,320.033565974,113.760365198,5.01374884529e-14,50,0.26029579407,0,0
0.0069,-197.288965305,-8.80079354603,40.8817462159,-32.0809526698,0,797.538797471,19171.7541893,9004.95276852,320.033565974,113.760365198,5.01374884529e-14,50,0.26029579407,0,0
0.00692,-198.762958556,-11.3845929487,44.1310694942,-32.7464765455,0,797.533813932,20754.5758485,8780.38882815,320.086885489,111.296966909,5.03097781525e-14,50,0.262085744721,0,0
0.00694,-200.463999742,-10.9196969828,45.9421276895,-35.0224307066,0,797.512152605,21463.7189858,9809.07682056,320.086885489,111.296966909,5.03097781525e-14,50,0.262085744721,0,0
0.00696,-202.239530479,-9.3123775444,45.0598955119,-35.7475179675,0,797.502489804,20879.3668415,10549.248917,320.136503141,108.841964138,3.40293045267e-14,50,0.274712007406,0,0
0.00698,-203.864748275,-9.37217587575,43.8274500059,-34.4552741302,0,797.50561616,20274.6011867,10211.0404168,320.136503141,108.841964138,3.40293045267e-14,50,0.274712007406,0,0
0.007,-205.296477028,-11.6385229689,46.9344666955,-35.2959437265,0,797.513030643,21762.0421942,10163.6245964,320.136503141,108.841964138,3.40293045267e-14,50,0.274712007406,0,0
0.00702,-206.682161805,-14.2683061891,50.0174032081,-35.749097019,0,797.508345666,23270.0487782,9920.92731649,320.184450957,106.396101857,3.27641652452e-14,50,0.27819054426,0,0
0.00704,-208.269258703,-14.1684967607,51.9335697189,-37.7650729582,0,797.490492503,24015.6479976,10819.1967711,320.184450957,106.396101857,3.27641652452e-14,50,0.27819054426,0,0
0.00706,-209.994573151,-12.1294215422,51.4987915104,-39.3693699683,0,797.481296192,23551.2036681,11963.6299057,320.227757197,103.96011168,3.24703366239e-14,50,0.292188035714,0,0
0.00708,-211.527488537,-12.2844051139,50.2861394356,-38.0017343217,0,797.491852463,22968.886483,11577.1824321,320.227757197,103.96011168,3.24703366239e-14,50,0.292188035714,0,0
0.0071,-212.869692201,-14.6131945197,53.3462191461,-38.7330246264,0,797.499122923,24427.9606472,11542.6974841,320.227757197,103.96011168,3.24703366239e-14,50,0.292188035714,0,0
0.00712,-214.169582094,-17.2618751332,56.2559269357,-38.9940518026,0,797.494280135,25856.1754872,11291.1893324,320.268268346,101.534385128,3.21809788692e-14,50,0.296521291489,0,0
0.00714,-215.627468652,-17.7278459903,58.3745098574,-40.646663867,0,797.482288634,26708.1145787,11987.2008821,320.268268346,101.534385128,3.21809788692e-14,50,0.296521291489,0,0
0.00716,-217.292369677,-15.3998820639,58.2358208152,-42.8359387514,0,797.466609888,26289.929398,13406.3532124,320.3033609,99.1199972631,3.10371003185e-14,50,0.312543133627,0,0
0.00718,-217.921516668,-25.8143030179,47.4804838246,-21.6661808067,0,797.461367333,22988.7454448,3641.08026734,320.3033609,99.1199972631,3.10371003185e-14,50,0.312543133627,0,0
0.0072,-218.005400386,-42.841901063,35.8483287981,6.99357226492,0,797.476742252,20090.2521279,-10189.4603984,320.3033609,99.1199972631,3.10371003185e-14,50,0.312543133627,0,0
0.00722,-219.133898798,-46.6113387011,37.4446366043,9.16670209681,0,797.455919974,21243.4943804,-11541.6669628,320.344213052,96.72738383,3.01596900164e-14,50,0.356739054218,0,0
0.00724,-220.497021261,-47.2498430113,39.6470254227,7.60281758868,0,797.473858883,22291.1750072,-10899.1762063,320.344213052,96.72738383,3.01596900164e-14,50,0.356739054218,0,0
0.00726,-222.129355638,-44.3276129031,40.1020192817,4.22559362133,0,797.506377899,22176.3099709,-8949.05669901,320.379271697,94.3480833229,2.9419693152e-14,50,0.377938400129,0,0
0.00728,-223.47846044,-44.7529130734,40.3286361852,4.42427688813,0,797.500397221,22365.5875023,-8948.54063977,320.379271697,94.3480833229,2.9419693152e-14,50,0.377938400129,0,0
0.0073,-224.657320622,-47.1163720228,43.3486744426,3.76769758025,0,797.507476655,23935.2616816,-8912.52069991,320.379271697,94.3480833229,2.9419693152e-14,50,0.377938400129,0,0
0.00732,-225.840089876,-49.2441982495,46.3687684732,2.87542977623,0,797.502428157,25469.4069438,-8726.20205325,320.408762772,91.9811324313,2.89281983589e-14,50,0.37919100502,0,0
0.00734,-226.929471397,-52.3559153592,48.3239795699,4.03193578937,0,797.493295075,26707.5900934,-9488.41925775,320.408762772,91.9811324313,2.89281983589e-14,50,0.37919100502,0,0
0.00736,-228.256377563,-52.3186101927,46.1569517069,6.1616584858,0,797.50702451,25888.0179915,-10162.9343378,320.431646682,89.6291579175,2.81604225905e-14,50,0.413455302924,0,0
0.00738,-229.524188367,-52.8436963279,45.3656115999,7.47808472799,0,797.512122232,25697.9576901,-10598.4180987,320.431646682,89.6291579175,2.81604225905e-14,50,0.413455302924,0,0
0.0074,-230.628264208,-55.2429975884,48.3234156512,6.91958193714,0,797.519120598,27247.6305232,-10534.2966278,320.431646682,89.6291579175,2.81604225905e-14,50,0.413455302924,0,0
0.00742,-231.747257826,-57.2873420382,51.1888195372,6.09852250102,0,797.513994004,28704.7324062,-10294.4804062,320.449765209,87.2908527396,2.75225010245e-14,50,0.427718988949,0,0
0.00744,-232.77571582,-60.2990357267,53.5392226854,6.75981304128,0,797.506194174,30103.9714336,-10774.4617906,320.449765209,87.2908527396,2.75225010245e-14,50,0.427718988949,0,0
0.00746,-233.984580881,-60.8955772822,51.6168380004,9.27873928182,0,797.527355795,29510.2135401,-11692.6301234,320.460844873,84.9683811815,2.48965562393e-14,50,0.465850531141,0,0
0.00748,-235.150262932,-61.8762607355,51.6015214507,10.2747392848,0,797.538530411,29710.2904912,-12032.0498044,320.460844873,84.9683811815,2.48965562393e-14,50,0.465850531141,0,0
0.0075,-236.188192446,-64.3027509436,54.494645586,9.80810535764,0,797.545737514,31236.5794805,-11933.2587471,320.460844873,84.9683811815,2.48965562393e-14,50,0.465850531141,0,0
0.00752,-237.256078287,-66.2083520436,57.1642800079,9.04407203562,0,797.540819171,32590.8636254,-11628.4225485,320.466743498,82.6604129235,2.45745557601e-14,50,0.484655259429,0,0
0.00754,-238.242862737,-68.9860609592,59.7261117639,9.25994919537,0,797.534848775,34043.2825557,-11820.3507881,320.466743498,82.6604129235,2.45745557601e-14,50,0.484655259429,0,0
0.00756,-239.769817378,-64.8748598332,55.3875017088,9.48735812445,0,797.529230714,31814.2647204,-11232.7767087,320.465280706,80.3691998506,1.61351288556e-14,50,0.530690486778,0,0
0.00758,-243.597802942,-31.8689586925,38.6874735971,-6.81851490463,0,797.528032827,19987.5801618,-519.728180268,320.465280706,80.3691998506,1.61351288556e-14,50,0.530690486778,0,0
0.0076,-246.810261303,-6.43038612437,27.5665258942,-21.1361397698,0,797.556383996,11231.5061035,8385.80348736,320.465280706,80.3691998506,1.61351288556e-14,50,0.530690486778,0,0
0.00762,-247.872906559,-7.74284102095,29.8042895693,-22.0614485483,0,797.542933036,12221.4460187,8717.99403985,320.484150714,78.0579303674,1.5875757454e-14,50,0.204237852268,0,0
0.00764,-248.798275369,-10.6548035618,32.4178482311,-21.7630446694,0,797.554969653,13650.7840244,8378.89028249,320.484150714,78.0579303674,1.5875757454e-14,50,0.204237852268,0,0
0.00766,-249.58776802,-15.1540118144,32.3255113078,-17.1714994933,0,797.569359741,14447.3807024,6046.02844275,320.496437216,75.7635992442,1.52509354332e-14,50,0.230387589366,0,0
0.00768,-250.582772593,-16.9783995128,33.5077926094,-16.5293930966,0,797.570485184,15176.1135572,5690.06482447,320.496437216,75.7635992442,1.52509354332e-14,50,0.230387589366,0,0
0.0077,-251.502244154,-19.6463458116,36.357379969,-16.7110341574,0,797.5779652,16653.4338634,5632.68347358,320.496437216,75.7635992442,1.52509354332e-14,50,0.230387589366,0,0
0.00772,-252.391071409,-22.6020816371,39.2749784593,-16.6728968222,0,797.573301708,18210.3424784,5474.15984056,320.502780948,73.4863432113,1.48084134111e-14,50,0.254983910096,0,0
0.00774,-253.570545748,-21.8348161575,40.3731184462,-18.5383022887,0,797.551875927,18375.0589572,6472.24597335,320.502780948,73.4863432113,1.48084134111e-14,50,0.254983910096,0,0
0.00776,-254.825260783,-20.0424818828,39.791915564,-19.7494336813,0,797.536946535,17748.4250448,7258.58322565,320.504249687,71.2236965913,1.46536446476e-14,50,0.267988540523,0,0
0.00778,-255.918648864,-20.1875175503,37.4976218975,-17.3101043473,0,797.537320982,16963.5883149,6268.84417099,320.504249687,71.2236965913,1.46536446476e-14,50,0.267988540523,0,0
0.0078,-256.806994111,-22.8216944781,40.1328549159,-17.3111604377,0,797.543919971,18356.5791106,6193.47638601,320.504249687,71.2236965913,1.46536446476e-14,50,0.267988540523,0,0
0.00782,-257.664154247,-25.7770829617,42.919882178,-17.1427992163,0,797.539192851,19868.2333896,6039.42682027,320.502882153,68.975619927,1.45418361448e-14,50,0.271481585603,0,0
0.00784,-258.728886758,-26.0744644344,44.4718895071,-18.3974250727,0,797.527797151,20386.7294257,6711.25268692,320.502882153,68.975619927,1.45418361448e-14,50,0.271481585603,0,0
0.00786,-259.972272983,-24.0805197229,44.0814852993,-20.0009655764,0,797.517749216,19757.1208462,7680.40925866,320.497111616,66.7425941917,1.42510704804e-14,50,0.288166359479,0,0
0.00788,-261.004129149,-24.6776803472,42.5610088475,-17.8833285003,0,797.524740873,19358.1972135,6805.59912254,320.497111616,66.7425941917,1.42510704804e-14,50,0.288166359479,0,0
0.0079,-261.860213904,-27.4240237242,45.2779025126,-17.8538787885,0,797.532037265,20798.7534958,6772.74972846,320.497111616,66.7425941917,1.42510704804e-14,50,0.288166359479,0,0
0.00792,-262.69840402,-30.3510663744,47.9055469491,-17.5544805748,0,797.527206219,22252.676238,6626.36153221,320.488818932,64.5242089293,1.4131824038e-14,50,0.295434551193,0,0
0.00794,-263.702218621,-31.1697006047,49.6388926918,-18.4691920871,0,797.522831267,22929.8352947,7151.25034501,320.488818932,64.5242089293,1.4131824038e-14,50,0.295434551193,0,0
0.00796,-264.943448485,-28.9873178711,49.4233614306,-20.4360435594,0,797.518960514,22284.1932414,8292.92693178,320.476962899,62.32085411,1.39559835355e-14,50,0.313605861246,0,0
0.00798,-265.940927635,-29.8231537246,48.2904691916,-18.467315467,0,797.531639191,22092.0186526,7486.32742578,320.476962899,62.32085411,1.39559835355e-14,50,0.313605861246,0,0
0.008,-266.780153545,-32.6130251937,50.9531500312,-18.3401248375,0,797.538804743,23523.1593641,7472.3778644,320.476962899,62.32085411,1.39559835355e-14,50,0.313605861246,0,0
0.00802,-267.609968165,-35.5008081298,53.4099098241,-17.9091016942,0,797.533835984,24917.4100317,7332.02646964,320.463312726,60.1318967546,1.37916183599e-14,50,0.322626117674,0,0
0.00804,-268.563262275,-36.8296230722,55.3190717861,-18.489448714,0,797.535286077,25758.9852134,7726.6677314,320.463312726,60.1318967546,1.37916183599e-14,50,0.322626117674,0,0
0.00806,-269.807918952,-34.5050325111,55.2334905365,-20.7284580252,0,797.538959924,25086.5331017,8998.91826982,320.447048118,57.9578064523,1.36811372168e-14,50,0.3421568829,0,0
0.00808,-270.783711697,-35.5338050879,54.5349071568,-19.0011020689,0,797.554307223,25098.0244816,8318.42418754,320.447048118,57.9578064523,1.36811372168e-14,50,0.3421568829,0,0
0.0081,-271.615171208,-38.3630719198,57.1361464378,-18.773074518,0,797.561304681,26519.8504309,8323.40409196,320.447048118,57.9578064523,1.36811372168e-14,50,0.3421568829,0,0
0.00812,-272.445909605,-41.2012651563,59.4112175519,-18.2099523956,0,797.556171038,27853.25411,8186.92385391,320.429833029,55.7977599412,1.35845373661e-14,50,0.352873292626,0,0
0.00814,-273.34847827,-43.1448865239,61.5484500112,-18.4035634873,0,797.563540386,28911.4495699,8438.73037059,320.429833029,55.7977599412,1.35845373661e-14,50,0.352873292626,0,0
0.00816,-274.59567498,-40.7871600973,61.5040010432,-20.7168409458,0,797.576261419,28210.9780301,9748.15833056,320.410969678,53.6523720844,1.34984458059e-14,50,0.374119228789,0,0
0.00818,-275.549966761,-42.1002388056,61.712576471,-19.6123376653,0,797.590574554,28571.1314409,9391.23468167,320.410969678,53.6523720844,1.34984458059e-14,50,0.374119228789,0,0
0.0082,-276.380949044,-44.96695757,64.244862448,-19.2779048781,0,797.597757329,29984.0100276,9414.99856867,320.410969678,53.6523720844,1.34984458059e-14,50,0.374119228789,0,0
0.00822,-277.220405043,-47.7425839184,66.3009250682,-18.5583411498,0,797.592808969,31247.3934396,9269.37340204,320.391910271,51.5207169516,1.34352896689e-14,50,0.376676509284,0,0
0.00824,-278.06785551,-50.4354394061,68.732709503,-18.2972700968,0,797.600174122,32587.8049956,9363.55926519,320.391910271,51.5207169516,1.34352896689e-14,50,0.376676509284,0,0
0.00826,-279.309098547,-48.2251454855,68.6961642834,-20.4710187979,0,797.624780114,31901.369598,10611.4388287,320.372109629,49.4035532909,1.33892821621e-14,50,0.383386084492,0,0
0.00828,-280.263170195,-49.6256103003,69.6673881985,-20.0417778982,0,797.628850434,32497.3170292,10625.8137507,320.372109629,49.4035532909,1.33892821621e-14,50,0.383386084492,0,0
0.0083,-281.099045469,-52.5262600701,72.1322239191,-19.6059638489,0,797.635756449,33904.5425135,10673.1289255,320.372109629,49.4035532909,1.33892821621e-14,50,0.383386084492,0,0
0.00832,-282.587525534,-47.293444341,58.129905738,-10.836461397,0,797.604183648,28847.7319884,6424.71939402,320.353005957,47.2997094549,1.3376546511e-14,50,0.384461175999,0,0
0.00834,-284.950169617,-31.1587822824,22.4973099091,8.66147237328,0,797.609354619,15094.0516374,-3513.21162926,320.353005957,47.2997094549,1.3376546511e-14,50,0.384461175999,0,0
0.00836,-286.907838111,-20.1123696226,4.30665162164,15.8057180009,0,797.604939763,7184.60356588,-7313.43552784,320.361804448,45.1897097381,1.33647397728e-14,50,0.202535069717,0,0
0.00838,-287.805258793,-22.3456971213,7.46605864053,14.8796384807,0,797.610700236,8710.42254785,-6736.40297315,320.361804448,45.1897097381,1.33647397728e-14,50,0.202535069717,0,0
0.0084,-288.640767357,-25.3798904455,10.0607261979,15.3191642476,0,797.618250525,10332.4060489,-6799.29344928,320.361804448,45.1897097381,1.33647397728e-14,50,0.202535069717,0,0
0.00842,-289.456968291,-28.6824463631,13.0836138623,15.5988325008,0,797.613617127,12143.5955947,-6751.61731036,320.37310273,43.0919731463,1.35458593544e-14,50,0.205699313634,0,0
0.00844,-290.640975787,-27.4142188496,13.4809700594,13.9332487902,0,797.589812616,11896.5090389,-5891.61853833,320.37310273,43.0919731463,1.35458593544e-14,50,0.205699313634,0,0
0.00846,-291.739262774,-27.2438042015,11.3839925092,15.8598116923,0,797.545132482,11383.2639303,-6811.99832341,320.386516436,41.0067715112,1.34537398745e-14,50,0.217085957922,0,0
0.00848,-292.789925168,-27.6942364348,8.69920643072,18.9950300041,0,797.50025286,10935.8181581,-8327.52371473,320.386516436,41.0067715112,1.34537398745e-14,50,0.217085957922,0,0
0.0085,-293.65037738,-30.5467924136,10.7923267384,19.7544656751,0,797.504827064,12400.4305615,-8505.55507803,320.386516436,41.0067715112,1.34537398745e-14,50,0.217085957922,0,0
0.00852,-294.477542051,-33.8386196108,13.7558728576,20.0827467532,0,797.500548199,14212.3214103,-8419.99826668,320.403373348,38.9340459092,1.35007587711e-14,50,0.219583022832,0,0
0.00854,-295.629382852,-33.0935761024,14.3456490836,18.7479270188,0,797.488545845,14170.6085906,-7696.45473059,320.403373348,38.9340459092,1.35007587711e-14,50,0.219583022832,0,0
0.00856,-296.763666006,-32.5877119703,12.5814146104,20.0062973599,0,797.452372608,13665.1457993,-8302.43865514,320.423112259,36.8735792303,1.34319769482e-14,50,0.232616795267,0,0
0.00858,-297.811073409,-33.185356247,10.0543860926,23.1309701545,0,797.414402844,13359.0129467,-9814.00225932,320.423112259,36.8735792303,1.34319769482e-14,50,0.232616795267,0,0
0.0086,-298.663879633,-36.2306558565,12.4043445328,23.8263113237,0,797.421750342,14968.4390847,-9891.92526643,320.423112259,36.8735792303,1.34319769482e-14,50,0.232616795267,0,0
0.00862,-299.501231414,-39.4815839092,15.2965473,24.1850366093,0,797.417888862,16768.2717825,-9759.76729236,320.446862165,34.8254029966,1.34260819113e-14,50,0.237032392663,0,0
0.00864,-300.636448433,-39.018682355,15.9561868164,23.0624955387,0,797.415423969,16831.8119201,-9114.50245656,320.446862165,34.8254029966,1.34260819113e-14,50,0.237032392663,0,0
0.00866,-301.753494999,-38.7891688979,13.9086684688,24.8805004291,0,797.38151816,16391.9952103,-10001.9304718,320.47422186,32.7893889416,1.35731780633e-14,50,0.250712758221,0,0
0.00868,-302.796196475,-39.4917350837,11.4585445869,28.0331904968,0,797.348342273,16197.0732435,-11526.5103162,320.47422186,32.7893889416,1.35731780633e-14,50,0.250712758221,0,0
0.0087,-303.646258521,-42.6013095887,13.8199092462,28.7814003425,0,797.356347202,17855.7409834,-11568.1046907,320.47422186,32.7893889416,1.35731780633e-14,50,0.250712758221,0,0
0.00872,-304.490744485,-45.7755952098,16.6338273641,29.1417678458,0,797.352579965,19632.7356492,-11377.9728383,320.50614654,30.7655494097,1.35928626877e-14,50,0.255847085197,0,0
0.00874,-305.585045066,-45.8179529002,17.4750266845,28.3429262158,0,797.360112311,19910.9286114,-10842.7237861,320.50614654,30.7655494097,1.35928626877e-14,50,0.255847085197,0,0
0.00876,-306.689804501,-45.715829754,15.2883042267,30.4275255273,0,797.328784698,19530.5380755,-11868.1196638,320.542169859,28.7540087885,1.36701973494e-14,50,0.270905359634,0,0
0.00878,-307.708847,-46.6666842206,13.2060365233,33.4606476974,0,797.30300034,19557.7283237,-13306.5892019,320.542169859,28.7540087885,1.36701973494e-14,50,0.270905359634,0,0
0.0088,-308.548175824,-49.8405038645,15.5754531048,34.2650507597,0,797.311173431,21266.9860028,-13309.5911659,320.542169859,28.7540087885,1.36701973494e-14,50,0.270905359634,0,0
0.00882,-309.391624589,-52.9341707009,18.2880705451,34.6461001558,0,797.30726179,23015.8155042,-13072.0422258,320.583045244,26.7548351066,1.38266571779e-14,50,0.277860647547,0,0
0.00884,-310.441768032,-53.4100835844,19.3534242841,34.0566593003,0,797.318223145,23500.1560022,-12578.4805018,320.583045244,26.7548351066,1.38266571779e-14,50,0.277860647547,0,0
0.00886,-311.49755534,-53.7757491193,16.6803140333,37.095435086,0,797.290398893,23248.3296587,-14076.3788835,320.628296238,24.7684361311,1.40581182819e-14,50,0.29418312582,0,0
0.00888,-312.481514066,-54.9937405111,15.0104813879,39.9832591232,0,797.271461316,23511.4833977,-15398.4635915,320.628296238,24.7684361311,1.40581182819e-14,50,0.29418312582,0,0
0.0089,-313.302205882,-58.2010089038,17.3433360614,40.8576728424,0,797.279783717,25254.7917131,-15369.8810454,320.628296238,24.7684361311,1.40581182819e-14,50,0.29418312582,0,0
0.00892,-314.136967418,-61.174631522,19.9656630087,41.2089685133,0,797.275987029,26964.7106458,-15062.1128025,320.678511159,22.7949253034,1.4752451643e-14,50,0.302965402636,0,0
0.00894,-315.117480989,-62.2621865371,21.0430261946,41.2191603425,0,797.279655901,27692.9977826,-14789.5497215,320.678511159,22.7949253034,1.4752451643e-14,50,0.302965402636,0,0
0.00896,-316.132340924,-62.8496832668,18.1219063718,44.727776895,0,797.260288112,27545.550681,-16521.4771015,320.733187551,20.83503622,1.48769513099e-14,50,0.323220897341,0,0
0.00898,-317.06903748,-64.3367728813,16.8757812775,47.4609916038,0,797.247445701,28044.1435697,-17706.0496729,320.733187551,20.83503622,1.48769513099e-14,50,0.323220897341,0,0
0.009,-317.859470503,-67.5678376255,19.1525691807,48.4152684448,0,797.255629014,29816.6868588,-17649.3575281,320.733187551,20.83503622,1.48769513099e-14,50,0.323220897341,0,0
0.00902,-319.307977113,-62.4816550065,29.596208844,32.8854461625,0,797.225817853,29665.0328624,-9506.88841142,320.792755182,18.8890873799,1.50074690051e-14,50,0.355721502512,0,0
0.00904,-321.25844608,-51.0224786009,44.409451621,6.61302697994,0,797.20513493,27470.8145028,3773.10947744,320.792755182,18.8890873799,1.50074690051e-14,50,0.355721502512,0,0
0.00906,-322.230140422,-51.6922663666,41.3762768909,10.3159894757,0,797.234654476,27316.5339386,1947.44820342,320.860681772,16.9535826089,1.55149059658e-14,50,0.351240269981,0,0
0.00908,-323.098564694,-53.5398505851,40.6108984291,12.928952156,0,797.246772372,27987.6114353,912.998377084,320.860681772,16.9535826089,1.55149059658e-14,50,0.351240269981,0,0
0.0091,-323.841066402,-56.840931415,42.7660625682,14.0748688468,0,797.255716313,29680.4630563,945.877686686,320.860681772,16.9535826089,1.55149059658e-14,50,0.351240269981,0,0
0.00912,-324.59026972,-59.9301669347,44.7476570284,15.1825099063,0,797.252515468,31265.4503513,985.85090828,320.933433913,15.0345871681,1.52040890473e-14,50,0.36405892471,0,0
0.00914,-325.364682565,-62.5685962703,46.5306972664,16.037899004,0,797.265482737,32640.513633,1114.08125216,320.933433913,15.0345871681,1.52040890473e-14,50,0.36405892471,0,0
0.00916,-326.488149961,-60.700484424,46.0265397279,14.6739446962,0,797.303497642,31841.2945539,1774.820874,321.010440103,13.1345813762,1.50085010445e-14,50,0.386298979811,0,0
0.00918,-327.297231424,-62.6111168647,46.052399588,16.5587172766,0,797.310415589,32684.4710165,1205.3723202,321.010440103,13.1345813762,1.50085010445e-14,50,0.386298979811,0,0
0.0092,-327.981183091,-65.9270349724,48.127834869,17.7992001034,0,797.318762751,34387.3278761,1261.06497357,321.010440103,13.1345813762,1.50085010445e-14,50,0.386298979811,0,0
0.00922,-328.679924302,-68.8914660049,49.913862803,18.9776032019,0,797.314974357,35908.4361463,1309.34544581,321.092180887,11.2562234551,1.57393476688e-14,50,0.401363396474,0,0
0.00924,-329.338085417,-72.1887375611,51.9433582606,20.2453793006,0,797.325325035,37602.9702584,1383.4887867,321.092180887,11.2562234551,1.57393476688e-14,50,0.401363396474,0,0
0.00926,-330.359129134,-70.7677734357,51.3770214802,19.3907519555,0,797.374199913,36976.8091296,1837.22833276,321.177551622,9.40611022679,1.565472752e-14,50,0.426383891294,0,0
0.00928,-331.042096525,-73.3827805527,52.0667687937,21.316011759,0,797.378875129,38227.509428,1424.24191876,321.177551622,9.40611022679,1.565472752e-14,50,0.426383891294,0,0
0.0093,-331.653034934,-76.7004125187,54.0587161426,22.6416963761,0,797.386879848,39933.7954232,1509.81599283,321.177551622,9.40611022679,1.565472752e-14,50,0.426383891294,0,0
0.00932,-332.2900941,-79.4860805651,55.6443704746,23.8417100904,0,797.382758185,41366.7772368,1584.27498225,321.266874409,7.59430847511,1.58524559096e-14,50,0.444957238117,0,0
0.00934,-332.865234871,-82.832606815,57.6148015465,25.2178052684,0,797.391462899,43086.9395082,1683.08736279,321.266874409,7.59430847511,1.58524559096e-14,50,0.444957238117,0,0
0.00936,-334.605333569,-71.3964320914,51.6940325399,19.7023995514,0,797.410164518,37491.3650536,2865.66144208,321.359363062,5.84434404995,1.564636886e-14,50,0.469718522666,0,0
0.00938,-337.989808722,-39.1772939447,35.7020188045,3.4752751402,0,797.412443353,21479.777653,6027.21244409,321.359363062,5.84434404995,1.564636886e-14,50,0.469718522666,0,0
0.0094,-340.318856025,-19.9153017359,26.3152508072,-6.39994907132,0,797.44333059,11755.4279635,7966.46279583,321.359363062,5.84434404995,1.564636886e-14,50,0.469718522666,0,0
0.00942,-340.838640179,-23.0260506693,27.9319429386,-4.90589226931,0,797.434816143,13314.5060302,7819.80282843,321.483126054,4.19308607128,1.61807904957e-14,50,0.233588842086,0,0
0.00944,-341.308186564,-26.514487736,29.8883920182,-3.37390428218,0,797.443347621,15082.5432085,7749.48923516,321.483126054,4.19308607128,1.61807904957e-14,50,0.233588842086,0,0
0.00946,-341.85252367,-28.8106430203,30.9710794657,-2.16043644532,0,797.425756299,16222.391702,7626.39484002,321.608261748,2.86048725729,1.65153006044e-14,50,0.257883018395,0,0
0.00948,-342.281441496,-32.285161277,32.8820577556,-0.596896478535,0,797.434301434,17985.3519998,7569.8160051,321.608261748,2.86048725729,1.65153006044e-14,50,0.257883018395,0,0
0.0095,-342.687078584,-35.7794752988,34.7849748755,0.994500423296,0,797.441942399,19758.9973466,7520.64726888,321.608261748,2.86048725729,1.65153006044e-14,50,0.257883018395,0,0
0.00952,-343.051617587,-39.5096224418,36.5886989223,2.92092351952,0,797.437448491,21638.3652313,7344.58567811,321.734713585,2.40250439118,1.66838061309e-14,50,0.280108817769,0,0
0.00954,-343.636814887,-40.1971352789,37.0591320981,3.1380031808,0,797.429885178,21981.4987715,7505.26487166,321.734713585,2.40250439118,1.66838061309e-14,50,0.280108817769,0,0
0.00956,-344.394812332,-38.4339054995,36.2869172883,2.14698821123,0,797.418108849,21068.2241873,7816.05615472,321.863539512,3.18906942147,1.68542528978e-14,50,0.289336337467,0,0
0.00958,-345.035182144,-37.8441329371,36.2295001848,1.61463275234,0,797.402795521,20759.2418265,8122.18513144,321.863539512,3.18906942147,1.68542528978e-14,50,0.289336337467,0,0
0.0096,-345.325627063,-41.3255837453,38.0402468189,3.28533692633,0,797.410775803,22526.3570917,8086.80546227,321.863539512,3.18906942147,1.68542528978e-14,50,0.289336337467,0,0
0.00962,-345.578979371,-44.9621124139,39.6653363919,5.29677602202,0,797.40663595,24358.4149448,7903.26598618,321.995110564,4.60502236315,1.73740665086e-14,50,0.290373108229,0,0
0.00964,-345.982175115,-46.4114933534,40.4307352711,5.98075808228,0,797.407722031,25083.1091677,7996.28312071,321.995110564,4.60502236315,1.73740665086e-14,50,0.290373108229,0,0
0.00966,-346.617117879,-44.6446327692,39.570843078,5.07378969116,0,797.408024106,24152.6883838,8246.45699105,322.127835348,6.22006719306,1.73719708203e-14,50,0.303083406342,0,0
0.00968,-347.045702837,-45.1327767666,40.5685934622,4.56418330434,0,797.396734658,24414.512254,8824.06587591,322.127835348,6.22006719306,1.73719708203e-14,50,0.303083406342,0,0
0.0097,-347.209259009,-48.6044914496,42.2788267361,6.32566471359,0,797.404693354,26172.4922973,8800.39538,322.127835348,6.22006719306,1.73719708203e-14,50,0.303083406342,0,0
0.00972,-347.345469811,-52.0841639242,43.6870968321,8.3970670921,0,797.400514895,27921.5041444,8609.63703178,322.261838092,7.90159449392,1.70201435787e-14,50,0.30755659077,0,0
0.00974,-347.609012609,-53.634015473,44.4162923483,9.21772312465,0,797.410161197,28689.3479458,8685.72167249,322.261838092,7.90159449392,1.70201435787e-14,50,0.30755659077,0,0
0.00976,-348.111598987,-51.8536052551,43.4633579668,8.39024728833,0,797.424685718,27738.8527383,8876.89153997,322.395991155,9.60384227814,1.78142838586e-14,50,0.321098595052,0,0
0.00978,-348.354888678,-52.968412846,45.1693108152,7.79910203084,0,797.41379751,28317.4466369,9703.44134436,322.395991155,9.60384227814,1.78142838586e-14,50,0.321098595052,0,0
0.0098,-348.38362603,-56.4156386485,46.7765971775,9.639041471,0,797.421897665,30055.0059523,9695.56129306,322.395991155,9.60384227814,1.78142838586e-14,50,0.321098595052,0,0
0.00982,-348.394569492,-59.7325910561,47.9759544209,11.7566366352,0,797.417859301,31715.4281179,9500.76200537,322.530104352,11.3086304617,1.8346525937e-14,50,0.327595100437,0,0
0.00984,-348.48619347,-61.6854186036,48.8202732154,12.8651453882,0,797.433295776,32680.4744968,9556.48154262,322.530104352,11.3086304617,1.8346525937e-14,50,0.327595100437,0,0
0.00986,-348.853927026,-59.8286310171,47.6589435496,12.1696874675,0,797.458399043,31677.9126419,9639.36873072,322.663187313,13.0062066311,1.90601550658e-14,50,0.343089266381,0,0
0.00988,-348.894699729,-61.6982803968,50.0929399586,11.6053404382,0,797.449154929,32621.6271539,10706.3665364,322.663187313,13.0062066311,1.90601550658e-14,50,0.343089266381,0,0
0.0099,-348.783118002,-65.1097607977,51.592661844,13.5170989537,0,797.45727987,34328.6942483,10716.2785428,322.663187313,13.0062066311,1.90601550658e-14,50,0.343089266381,0,0
0.00992,-348.665575528,-68.2314314389,52.5709198281,15.6605116108,0,797.453267314,35880.9073175,10517.724704,322.794873174,14.6916604963,1.94145418792e-14,50,0.352189710997,0,0
0.00994,-348.582583117,-70.5554962433,53.515140831,17.0403554123,0,797.471944709,37024.0809109,10567.2782214,322.794873174,14.6916604963,1.94145418792e-14,50,0.352189710997,0,0
0.00996,-348.775383046,-69.0653269146,53.0377380715,16.0275888431,0,797.494369862,36203.2521528,10949.9380237,322.924356354,16.3614131489,1.96785068678e-14,50,0.369419661955,0,0
0.00998,-348.63606137,-71.3590608667,55.560817367,15.7982434997,0,797.493269915,37321.753019,11992.2419285,322.924356354,16.3614131489,1.96785068678e-14,50,0.369419661955,0,0
0.01,-348.381394881,-74.7265155226,56.9538992139,17.7726163087,0,797.501105562,38988.5846513,12024.1222636,322.924356354,16.3614131489,1.96785068678e-14,50,0.369419661955,0,0
0.01002,-348.749678891,-69.9388418509,42.33068603,27.608155821,0,797.471464288,36553.0666566,4723.513626,323.051058742,18.013203023,2.02137871995e-14,50,0.381044604656,0,0
0.01004,-349.896364398,-55.053060013,7.4618323672,47.5912276458,0,797.478602088,28966.0838141,-11989.3995497,323.051058742,18.013203023,2.02137871995e-14,50,0.381044604656,0,0
0.01006,-350.371335572,-48.1960905622,-3.97245008908,52.1685406512,0,797.508774392,25489.5011517,-16797.4116654,323.186367803,19.6580244506,2.04760566232e-14,50,0.257541628615,0,0
0.01008,-350.072519247,-50.6446349584,-1.53209610552,52.1767310639,0,797.518663746,26843.0271044,-15876.1825922,323.186367803,19.6580244506,2.04760566232e-14,50,0.257541628615,0,0
0.0101,-349.667898719,-54.0500018294,-0.0676945343955,54.1176963638,0,797.525986748,28691.4117603,-15817.4598829,323.186367803,19.6580244506,2.04760566232e-14,50,0.257541628615,0,0
0.01012,-349.241879218,-57.358536787,1.7530300604,55.6055067266,0,797.521180734,30479.8985454,-15491.0430828,323.31719973,21.2816543261,2.03751893492e-14,50,0.285004063653,0,0
0.01014,-349.022963516,-57.7156748827,1.64095059129,56.0747242915,0,797.539039981,30743.5294262,-15484.7697334,323.31719973,21.2816543261,2.03751893492e-14,50,0.285004063653,0,0
0.01016,-348.84380695,-57.2152501057,-0.953840801854,58.1690909076,0,797.513346773,30600.4323069,-16752.4467359,323.443981309,22.8838820042,2.027531097e-14,50,0.298535526235,0,0
0.01018,-348.489861114,-58.5414457782,-3.67747577786,62.2189215561,0,797.486212951,31432.4978898,-18609.153604,323.443981309,22.8838820042,2.027531097e-14,50,0.298535526235,0,0
0.0102,-347.945667459,-61.8901207798,-2.31636372878,64.2064845086,0,797.493627172,33250.8335101,-18515.6919927,323.443981309,22.8838820042,2.027531097e-14,50,0.298535526235,0,0
0.01022,-348.039103072,-56.9157329217,7.52424375293,49.3914891687,0,797.462182023,30422.5426023,-10949.3677881,323.565329297,24.4631034151,2.08996889846e-14,50,0.30505410166,0,0
0.01024,-349.114758575,-39.3141104144,27.0171089099,12.2970015045,0,797.461491548,20280.297979,5872.54714828,323.565329297,24.4631034151,2.08996889846e-14,50,0.30505410166,0,0
0.01026,-349.240759649,-33.2371774735,29.8556648855,3.381512588,0,797.462146194,16801.9239542,9333.03701722,323.695593116,26.0301191088,2.07982341837e-14,50,0.227331474191,0,0
0.01028,-348.721214093,-34.887360399,27.5856752753,7.3016851237,0,797.475801713,17752.8201517,7603.7635051,323.695593116,26.0301191088,2.07982341837e-14,50,0.227331474191,0,0
0.0103,-348.035680144,-38.2742272553,28.7639843486,9.51024290671,0,797.483449379,19478.8785502,7532.76182665,323.695593116,26.0301191088,2.07982341837e-14,50,0.227331474191,0,0
0.01032,-347.309526824,-41.8349769298,29.746971988,12.0880049418,0,797.478962416,21305.4882522,7318.13273921,323.81955639,27.5724464451,2.06076161897e-14,50,0.258070782489,0,0
0.01034,-346.85723185,-41.643208129,29.1227070407,12.5205010883,0,797.471686726,21179.6650346,7101.58361777,323.81955639,27.5724464451,2.06076161897e-14,50,0.258070782489,0,0
0.01036,-346.515573889,-39.7440086732,27.6263779303,12.1176307429,0,797.461309935,20178.1507507,6783.39963025,323.937845196,29.0902586576,2.03286776568e-14,50,0.270292510253,0,0
0.01038,-345.941950254,-40.4249763818,30.8417840543,9.5831923276,0,797.429802715,20279.3540681,8666.89173218,323.937845196,29.0902586576,2.03286776568e-14,50,0.270292510253,0,0
0.0104,-345.135555291,-43.7014808943,31.9587916775,11.7426892168,0,797.437124495,21928.3669275,8648.61293388,323.937845196,29.0902586576,2.03286776568e-14,50,0.270292510253,0,0
0.01042,-344.295749637,-47.087039268,32.7313127543,14.3557265137,0,797.432752934,23656.2052961,8415.41699542,324.050252503,30.5828639722,2.04108439709e-14,50,0.273667716348,0,0
0.01044,-343.643983479,-47.819266163,32.4888361665,15.3304299965,0,797.43686745,24004.0690969,8220.55353023,324.050252503,30.5828639722,2.04108439709e-14,50,0.273667716348,0,0
0.01046,-343.185334429,-45.8406409995,30.8372939414,15.0033470581,0,797.441500081,22977.3069099,7817.1535924,324.155977806,32.0496566174,2.04031421229e-14,50,0.289607053328,0,0
0.01048,-342.471822324,-46.7570632261,33.1630821731,13.593981053,0,797.418563258,23217.7588166,9121.80118694,324.155977806,32.0496566174,2.04031421229e-14,50,0.289607053328,0,0
0.0105,-341.5480434,-50.0174151007,34.1252068711,15.8922082296,0,797.426130026,24849.3285145,9078.79022428,324.155977806,32.0496566174,2.04031421229e-14,50,0.289607053328,0,0
0.01052,-340.606720913,-53.2191685704,34.7341371998,18.4850313706,0,797.421574475,26473.8151423,8857.04482245,324.255078858,33.4902994663,2.01279746844e-14,50,0.297146207758,0,0
0.01054,-339.810518231,-54.3357110124,34.6079895988,19.7277214136,0,797.433684557,27016.4491873,8675.48146326,324.255078858,33.4902994663,2.01279746844e-14,50,0.297146207758,0,0
0.01056,-339.219511017,-52.6229320685,33.5027496641,19.1201824044,0,797.43872697,26096.5664429,8531.48763831,324.346855936,34.9042868095,2.03888851791e-14,50,0.314604172975,0,0
0.01058,-338.357212739,-54.0438936712,36.1472307846,17.8966628866,0,797.427656396,26534.7641085,9935.49300854,324.346855936,34.9042868095,2.03888851791e-14,50,0.314604172975,0,0
0.0106,-337.333293471,-57.234833664,36.9914686717,20.2433649922,0,797.43524429,28114.1680778,9904.2062416,324.346855936,34.9042868095,2.03888851791e-14,50,0.314604172975,0,0
0.01062,-336.306611856,-60.2172547643,37.3952291781,22.8220255862,0,797.430708417,29618.4685142,9674.57027914,324.431322566,36.2911465495,2.02931627135e-14,50,0.324242434213,0,0
0.01064,-335.381209026,-61.6979888816,37.3762307298,24.3217581518,0,797.448819434,30338.8741026,9518.95577094,324.431322566,36.2911465495,2.02931627135e-14,50,0.324242434213,0,0
0.01066,-334.671944171,-60.2487405711,36.8192536523,23.4294869188,0,797.459650346,29506.3053154,9640.55905494,324.5080215,37.6507632632,1.98449061846e-14,50,0.343036718299,0,0
0.01068,-333.700914614,-61.8508241449,39.1465882679,22.704235877,0,797.454450523,30023.9849087,10847.0996371,324.5080215,37.6507632632,1.98449061846e-14,50,0.343036718299,0,0
0.0107,-332.591540272,-64.9690958041,39.880578284,25.08851752,0,797.461769203,31548.2953477,10833.141023,324.5080215,37.6507632632,1.98449061846e-14,50,0.343036718299,0,0
0.01072,-331.494047112,-67.7333982107,40.1075966809,27.6258015298,0,797.456969268,32932.3578198,10608.8465722,324.577004355,38.9826438184,1.98406268438e-14,50,0.354678392554,0,0
0.01074,-330.445700777,-69.6856278994,40.2510626754,29.434565224,0,797.477890914,33877.0285445,10504.2362042,324.577004355,38.9826438184,1.98406268438e-14,50,0.354678392554,0,0
0.01076,-329.620212753,-68.6621458657,40.5629609569,28.0991849089,0,797.490791985,33163.3343563,11051.1626623,324.637936233,40.2869030111,1.93104158642e-14,50,0.375122596673,0,0
0.01078,-328.540834813,-70.6300846226,42.3516361817,28.2784484409,0,797.492885402,33897.8140568,11910.1199008,324.637936233,40.2869030111,1.93104158642e-14,50,0.375122596673,0,0
0.0108,-327.361745098,-73.6700098875,42.9771533739,30.6928565136,0,797.500135929,35363.0980072,11917.2696081,324.637936233,40.2869030111,1.93104158642e-14,50,0.375122596673,0,0
0.01082,-326.746099767,-69.5002625747,29.6477719175,39.8524906572,0,797.472741738,34744.5247513,5147.00931157,324.69079047,41.5628727425,1.94833349526e-14,50,0.391405076596,0,0
0.01084,-326.845363447,-56.2353158482,-2.09979439806,58.3351102462,0,797.482983766,31575.5971833,-10651.3085528,324.69079047,41.5628727425,1.94833349526e-14,50,0.391405076596,0,0
0.01086,-326.195083761,-52.1885813234,-8.13188950941,60.3204708328,0,797.51856039,30154.9735568,-13237.1671953,324.740173664,42.8221075344,1.99154595129e-14,50,0.321004224014,0,0
0.01088,-325.02905583,-54.4453405548,-6.65045220155,61.0957927564,0,797.527522291,31221.6676456,-12558.841269,324.740173664,42.8221075344,1.99154595129e-14,50,0.321004224014,0,0
0.0109,-323.790093681,-57.4780904263,-5.98045194166,63.458542368,0,797.534812622,32811.2872714,-12453.3905987,324.740173664,42.8221075344,1.99154595129e-14,50,0.321004224014,0,0
0.01092,-322.560558089,-60.2649331477,-5.03533557168,65.3002687194,0,797.529977999,34221.0423081,-12135.0528868,324.78110379,44.0526061061,1.97380093225e-14,50,0.34846035467,0,0
0.01094,-321.429351804,-61.7021240857,-5.21089666034,66.913020746,0,797.549745007,35044.3243311,-12230.841284,324.78110379,44.0526061061,1.97380093225e-14,50,0.34846035467,0,0
0.01096,-320.517849792,-60.2799322027,-8.04958151378,68.3295137165,0,797.547565722,34690.7247593,-13396.2907325,324.814065276,45.2552766791,2.03370217565e-14,50,0.361404397271,0,0
0.01098,-319.348526341,-61.9747896557,-10.0578161221,72.0326057778,0,797.53800935,35928.4060028,-14542.2721395,324.814065276,45.2552766791,2.03370217565e-14,50,0.361404397271,0,0
0.011,-318.070384002,-64.931418887,-9.48095010606,74.412368993,0,797.545246108,37476.9166596,-14398.3101109,324.814065276,45.2552766791,2.03370217565e-14,50,0.361404397271,0,0
0.01102,-317.55700226,-58.2372131291,0.670260649767,57.5669524793,0,797.510290048,32293.6971619,-7575.03630051,324.838461065,46.4301025115,2.015934476e-14,50,0.367946736136,0,0
0.01104,-318.002134026,-39.4772694883,22.3685331807,17.1087363076,0,797.514757472,18388.948086,7192.34219763,324.838461065,46.4301025115,2.015934476e-14,50,0.367946736136,0,0
0.01106,-317.56635666,-31.6512406499,25.8914579339,5.75978271598,0,797.52655522,13344.0595112,10255.8260939,324.875022249,47.5875021183,1.98981421303e-14,50,0.222699462269,0,0
0.01108,-316.339745726,-33.6399026739,24.288780706,9.35112196785,0,797.537364881,14657.5485804,9182.23873212,324.875022249,47.5875021183,1.98981421303e-14,50,0.222699462269,0,0
0.0111,-315.028841351,-36.6180655381,24.669282106,11.948783432,0,797.545362612,16174.7217493,9099.12671257,324.875022249,47.5875021183,1.98981421303e-14,50,0.222699462269,0,0
0.01112,-313.707305023,-39.6713535473,24.7555186541,14.9158348932,0,797.541208581,17781.1780002,8864.64904092,324.903292244,48.7173401979,1.997836359e-14,50,0.253498821149,0,0
0.01114,-312.702718813,-38.711205709,23.1518015787,15.5594041303,0,797.53900948,17463.0422619,8190.27721176,324.903292244,48.7173401979,1.997836359e-14,50,0.253498821149,0,0
0.01116,-311.686020547,-37.8569271561,23.7594618865,14.0974652696,0,797.507580999,16800.2791711,8708.55953667,324.924973399,49.8208246249,1.98049370051e-14,50,0.265636503931,0,0
0.01118,-310.5658568,-38.2562680678,26.5961593587,11.6601087091,0,797.471548088,16406.9799347,10293.1024388,324.924973399,49.8208246249,1.98049370051e-14,50,0.265636503931,0,0
0.0112,-309.248506432,-41.0863712746,26.9539833396,14.132387935,0,797.478585195,17826.7948722,10272.1070948,324.924973399,49.8208246249,1.98049370051e-14,50,0.265636503931,0,0
0.01122,-307.921995334,-44.0023300375,26.8751243889,17.1272056486,0,797.474522156,19374.1978267,10024.9416099,324.940605647,50.8971625672,1.99681251394e-14,50,0.269731933712,0,0
0.01124,-306.804956252,-44.2764328686,25.8159557965,18.460477072,0,797.481753534,19649.689517,9530.53244476,324.940605647,50.8971625672,1.99681251394e-14,50,0.269731933712,0,0
0.01126,-305.812339282,-42.9767752066,25.5587280127,17.4180471939,0,797.464263715,18897.9137491,9620.45301338,324.9498618,51.9472904312,2.00462268078e-14,50,0.286452573595,0,0
0.01128,-304.642990182,-43.8725239916,27.7295184242,16.1430055675,0,797.443201449,18867.8792799,10797.8187083,324.9498618,51.9472904312,2.00462268078e-14,50,0.286452573595,0,0
0.0113,-303.317611031,-46.7094032135,27.8963135862,18.8130896274,0,797.451260546,20314.1014182,10736.8473553,324.9498618,51.9472904312,2.00462268078e-14,50,0.286452573595,0,0
0.01132,-302.001079711,-49.4306946327,27.6402621794,21.7904324532,0,797.447183087,21780.6351836,10480.4363552,324.95348248,52.9708145773,1.96271742043e-14,50,0.295278281897,0,0
0.01134,-300.849169766,-50.0932343165,26.7065225959,23.3867117206,0,797.461362536,22254.2301361,10052.3185677,324.95348248,52.9708145773,1.96271742043e-14,50,0.295278281897,0,0
0.01136,-299.819964412,-49.2247326107,27.3410242386,21.8837083721,0,797.444918181,21551.5986008,10575.8039239,324.951331972,53.9685735843,1.9376867494e-14,50,0.313141835366,0,0
0.01138,-298.637576396,-50.2772716308,29.1853874463,21.0918841844,0,797.431942875,21640.0370857,11583.0213458,324.951331972,53.9685735843,1.9376867494e-14,50,0.313141835366,0,0
0.0114,-297.318984758,-53.0418418036,29.2394615297,23.8023802739,0,797.439964573,23055.7307639,11534.6956454,324.951331972,53.9685735843,1.9376867494e-14,50,0.313141835366,0,0
0.01142,-296.021330476,-55.5571429168,28.8050657051,26.7520772117,0,797.435852101,24439.9846498,11267.7149031,324.944223028,54.9401923127,1.92922523521e-14,50,0.323569059997,0,0
0.01144,-294.84315246,-56.5941312963,27.9892768414,28.6048544549,0,797.454998292,25099.1258242,10915.9254096,324.944223028,54.9401923127,1.92922523521e-14,50,0.323569059997,0,0
0.01146,-293.79539639,-56.0184068768,29.2381016978,26.780305179,0,797.440476837,24405.4301104,11737.9582403,324.932042498,55.8864972492,1.92083729941e-14,50,0.342462552166,0,0
0.01148,-292.606387287,-57.228054167,30.7539259062,26.4741282608,0,797.434358541,24621.2727138,12587.5710938,324.932042498,55.8864972492,1.92083729941e-14,50,0.342462552166,0,0
0.0115,-291.300472275,-59.9206062235,30.7026593361,29.2179468874,0,797.44208755,26008.071036,12557.2321623,324.932042498,55.8864972492,1.92083729941e-14,50,0.342462552166,0,0
0.01152,-290.026688745,-62.2346917263,30.1190718581,32.1156198682,0,797.437689821,27311.5522952,12292.5359321,324.915671812,56.8073079899,1.88039415773e-14,50,0.36170838869,0,0
0.01154,-288.82321377,-63.6944167438,29.3334370191,34.3609797247,0,797.446063341,28198.0200296,11982.7664122,324.915671812,56.8073079899,1.88039415773e-14,50,0.36170838869,0,0
0.01156,-287.74383717,-63.628451555,31.6207040991,32.0077474559,0,797.44228315,27510.1252122,13310.0865324,324.89495851,57.7031763526,1.90417125644e-14,50,0.395490105143,0,0
0.01158,-286.538148386,-65.1676951738,32.6327823287,32.5349128451,0,797.443501532,27997.4968239,13920.7842969,324.89495851,57.7031763526,1.90417125644e-14,50,0.395490105143,0,0
0.0116,-285.248370874,-67.7848464918,32.4771329555,35.3077135363,0,797.451171436,29355.5340296,13911.729498,324.89495851,57.7031763526,1.90417125644e-14,50,0.395490105143,0,0
0.01162,-284.548636302,-63.0534782524,18.101202165,44.9522760874,0,797.424002137,30267.363746,7027.78300631,324.870758152,58.5741867149,1.92765783756e-14,50,0.431494816824,0,0
0.01164,-284.405838531,-51.3873643754,-10.599132538,61.9864969136,0,797.408746294,30963.5129005,-6791.57156047,324.870758152,58.5741867149,1.92765783756e-14,50,0.431494816824,0,0
0.01166,-283.294066352,-51.8600730912,-8.08803974122,59.9481128324,0,797.457718676,30623.2564893,-5356.66062488,324.842804794,59.4293752056,1.77839024456e-14,50,0.402460764286,0,0
0.01168,-282.108191842,-53.2851154941,-7.00787679825,60.2929922923,0,797.47083535,31141.1235369,-4658.69895048,324.842804794,59.4293752056,1.77839024456e-14,50,0.402460764286,0,0
0.0117,-280.830109184,-55.8879636347,-7.14674376332,63.0347073981,0,797.478147555,32597.3163163,-4579.35223863,324.842804794,59.4293752056,1.77839024456e-14,50,0.402460764286,0,0
0.01172,-279.578973907,-58.178063895,-7.17962499107,65.357688886,0,797.473334234,33855.7095886,-4424.52000584,324.812137244,60.2602076821,1.80183044626e-14,50,0.422675367962,0,0
0.01174,-278.307800492,-60.74137118,-7.37724480875,68.1186159888,0,797.482685377,35301.8891174,-4337.72339814,324.812137244,60.2602076821,1.80183044626e-14,50,0.422675367962,0,0
0.01176,-277.424332199,-58.4794807822,-9.85426113805,68.3337419203,0,797.518012338,34740.6377714,-5305.66799861,324.778358899,61.0671172694,1.7174588859e-14,50,0.434793098586,0,0
0.01178,-276.192566471,-60.5905660757,-10.5893575879,71.1799236636,0,797.521388235,36091.7573905,-5453.68053112,324.778358899,61.0671172694,1.7174588859e-14,50,0.434793098586,0,0
0.0118,-274.9288318,-63.1184231104,-10.8230821905,73.9415053009,0,797.5285717,37536.0286858,-5341.76286335,324.778358899,61.0671172694,1.7174588859e-14,50,0.434793098586,0,0
0.01182,-274.320186166,-57.472496249,-3.19999368375,60.6724899327,0,797.49779244,32466.3328362,-1431.94490802,324.742151333,61.8508595741,1.71021222393e-14,50,0.440866449938,0,0
0.01184,-274.559362619,-41.2410646184,15.2668690055,25.9741956128,0,797.505614066,18501.324626,7572.02455541,324.742151333,61.8508595741,1.71021222393e-14,50,0.440866449938,0,0
0.01186,-274.277837792,-31.5278925031,21.5697375199,9.95815498318,0,797.514415773,11298.9186611,10622.2057505,324.723127471,62.6189842942,1.70302645828e-14,50,0.258542341093,0,0
0.01188,-273.025938687,-33.9509016301,20.9503213101,13.00058032,0,797.52121899,12748.81994,10426.2199331,324.723127471,62.6189842942,1.70302645828e-14,50,0.258542341093,0,0
0.0119,-271.76428863,-36.4991041523,20.5245136169,15.9745905353,0,797.52838494,14211.3588225,10343.5410783,324.723127471,62.6189842942,1.70302645828e-14,50,0.258542341093,0,0
0.01192,-270.503502425,-39.0364209913,19.6761691588,19.3602518324,0,797.523422008,15792.4815924,10079.7875113,324.70353634,63.365109969,1.71079091564e-14,50,0.265528928866,0,0
0.01194,-269.471468127,-38.7106678239,17.9757344703,20.7349333536,0,797.514790273,16059.1969116,9369.34259107,324.70353634,63.365109969,1.71079091564e-14,50,0.265528928866,0,0
0.01196,-268.424284967,-38.5668394202,20.0643894556,18.5024499646,0,797.479326533,15292.5659739,10449.6625414,324.683094391,64.0892261382,1.70366262016e-14,50,0.280520280646,0,0
0.01198,-267.329243793,-39.0098627809,21.6273964271,17.3824663538,0,797.45212083,14994.9905646,11292.6791707,324.683094391,64.0892261382,1.70366262016e-14,50,0.280520280646,0,0
0.012,-211.698057592,2141.12097822,21.1017322423,20.3809616979,0,797.459566122,-447863.439645,-376744.377847,324.683094391,64.0892261382,1.70366262016e-14,50,0.280520280646,0,0
0.01202,-39.328491709,-11.5065660114,19.4767770488,23.0996086304,0,797.45489377,6654.64469839,5519.51665952,324.66283946,64.7911807097,1.71120228488e-14,50,0.02,0,0
0.01204,-39.2556344087,-10.4216334815,17.5107793796,23.8477697274,0,797.44912906,6860.00824762,4998.25611678,324.66283946,64.7911807097,1.71120228488e-14,50,0.02,0,0
0.01206,-39.2186105056,-8.88448368504,18.7906760129,20.9016865648,0,797.418064297,5902.52490011,5043.00619216,324.147237191,64.8626192809,0.617892631957,50,0.344539064805,0,0
0.01208,-39.1148592318,-8.17642709652,19.267629138,19.5870094737,0,797.397697908,5461.18087672,5063.54785876,324.147237191,64.8626192809,0.617892631957,50,0.344539064805,0,0
0.0121,-38.8670162505,-9.26380149791,17.9049600446,21.9067020569,0,797.405604679,6197.91349331,5038.06064131,324.147237191,64.8626192809,0.617892631957,50,0.344539064805,0,0
0.01212,-38.6244821286,-10.2783675985,16.1099462242,24.5851943323,0,797.40137907,7058.97583535,4922.28631579,323.648373125,64.9235383044,1.22449537716,50,0.343457562423,0,0
0.01214,-38.3651317518,-11.4959429044,16.3718163381,25.4090217317,0,797.37879271,7324.25297067,5257.33822617,323.648373125,64.9235383044,1.22449537716,50,0.343457562423,0,0
0.01216,-38.3247665042,-9.96825103395,17.6062669061,22.5141578353,0,797.349852369,6362.54937027,5269.53333847,323.165337638,64.973545424,1.81986153426,50,0.358479054749,0,0
0.01218,-38.2206583776,-9.22862193613,18.0022530774,21.2449239253,0,797.330857928,5930.0213646,5258.37135142,323.165337638,64.973545424,1.81986153426,50,0.358479054749,0,0
0.0122,-37.9718408525,-10.2883574738,16.5502374581,23.6221058474,0,797.339189012,6712.89410502,5234.54379926,323.165337638,64.973545424,1.81986153426,50,0.358479054749,0,0
0.01222,-37.7298176387,-11.2528737687,14.6525051488,26.3487814237,0,797.335385772,7623.42878659,5114.07810259,322.699222149,65.0133884076,2.40402996709,50,0.357564881493,0,0
0.01224,-37.4326276517,-12.8958906057,15.0411360284,27.4665376772,0,797.312309216,7989.05895153,5578.83998455,322.699222149,65.0133884076,2.40402996709,50,0.357564881493,0,0
0.01226,-37.3862415932,-11.3919757864,16.2146141763,24.6514058663,0,797.286346775,7035.18536214,5559.8234146,322.248939086,65.0425269517,2.97702493324,50,0.376380014855,0,0
0.01228,-37.280648824,-10.6154608381,16.5340464964,23.4165586718,0,797.269327148,6610.66313445,5517.30913778,322.248939086,65.0425269517,2.97702493324,50,0.376380014855,0,0
0.0123,-37.0294365064,-11.6457033307,14.9942535225,25.8464818082,0,797.27801418,7440.6030199,5496.07447671,322.248939086,65.0425269517,2.97702493324,50,0.376380014855,0,0
0.01232,-36.7869778066,-12.5522359569,13.001850262,28.6040423586,0,797.27456529,8397.31348823,5371.24776044,321.81564833,65.061850824,3.53885611354,50,0.375592148317,0,0
0.01234,-36.4610691075,-14.4868029658,13.4571146116,29.9406568895,0,797.252397604,8838.64414597,5938.00016324,321.81564833,65.061850824,3.53885611354,50,0.375592148317,0,0
0.01236,-36.3968397224,-13.13449032,14.6352438056,27.2661652546,0,797.228858207,7914.52830851,5929.6539822,321.39809088,65.0706752472,4.08951883797,50,0.398097971669,0,0
0.01238,-36.2885855633,-12.3158064102,14.8827523302,26.0545134859,0,797.214367828,7496.74356115,5855.77662871,321.39809088,65.0706752472,4.08951883797,50,0.398097971669,0,0
0.0124,-36.0335421553,-13.3145209207,13.2570034145,28.5320612598,0,797.223351311,8374.05547343,5837.86250596,321.39809088,65.0706752472,4.08951883797,50,0.398097971669,0,0
0.01242,-35.7896831963,-14.1551843667,11.1772618893,31.3040486619,0,797.220197511,9373.09781889,5708.34103977,320.997474693,65.0700291042,4.6289945013,50,0.397366083561,0,0
0.01244,-35.4506732926,-16.1662204005,11.5980147228,32.7443680427,0,797.198323809,9853.99740219,6317.4955016,320.997474693,65.0700291042,4.6289945013,50,0.397366083561,0,0
0.01246,-35.3503221059,-15.1742504521,12.8874394395,30.311420321,0,797.178346316,8991.95450871,6392.72027243,320.612377181,65.0590874322,5.15725115982,50,0.423421529023,0,0
0.01248,-35.2382587544,-14.308165165,13.0679299897,29.1116606283,0,797.166893833,8579.14411075,6287.13003364,320.612377181,65.0590874322,5.15725115982,50,0.423421529023,0,0
0.0125,-34.9780090257,-15.2731606556,11.3584082996,31.6313230955,0,797.176120831,9503.3949497,6273.05710991,320.612377181,65.0590874322,5.15725115982,50,0.423421529023,0,0
0.01252,-34.7318380384,-16.0402066279,9.19825672144,34.4019565878,0,797.173209413,10540.2859754,6137.92810308,320.24403542,65.0390152262,5.67424429831,50,0.422651216035,0,0
0.01254,-34.3859596166,-18.0309305356,9.54235321729,35.8902737538,0,797.151637585,11044.2341313,6760.97832774,320.24403542,65.0390152262,5.67424429831,50,0.422651216035,0,0
0.01256,-34.2407809,-17.4895612712,10.9910802,33.7400859381,0,797.135443631,10255.6677218,6960.65760485,319.890873338,65.0088529744,6.17991775487,50,0.452063690035,0,0
0.01258,-34.1238628389,-16.5709242418,11.1097713633,32.5408514897,0,797.127493489,9845.54949657,6822.68805534,319.890873338,65.0088529744,6.17991775487,50,0.452063690035,0,0
0.0126,-33.8571650212,-17.4998822629,9.319093354,35.0967350415,0,797.13691622,10815.4731292,6812.76003843,319.890873338,65.0088529744,6.17991775487,50,0.452063690035,0,0
0.01262,-33.6078913325,-18.1857659804,7.08525075591,37.8508330027,0,797.1341997,11885.0360886,6670.5920315,319.55413908,64.9698971175,6.67420478945,50,0.451155059342,0,0
0.01264,-33.2636166318,-20.0332915627,7.12992750994,39.4861498816,0,797.116352266,12458.8353347,7236.68682463,319.55413908,64.9698971175,6.67420478945,50,0.451155059342,0,0
0.01266,-33.0464769854,-20.2651838553,8.90271349639,37.7757949051,0,797.101236917,11787.0289915,7686.25384366,319.232035022,64.9210195996,7.1570292806,50,0.484951502346,0,0
0.01268,-32.9165933249,-19.3793816938,8.874476517,36.746815391,0,797.097388725,11444.8425539,7524.08856143,319.232035022,64.9210195996,7.1570292806,50,0.484951502346,0,0
0.0127,-32.6422413648,-20.2719149093,7.0077106003,39.3327254876,0,797.106532492,12458.4711035,7520.28063794,319.232035022,64.9210195996,7.1570292806,50,0.484951502346,0,0
0.01272,-32.388997672,-20.8725793865,4.72355420329,42.0421630645,0,797.103542181,13549.3984005,7373.92575291,318.925821723,64.8636521,7.6283070336,50,0.484765818154,0,0
0.01274,-32.0369923741,-22.6792790796,4.68218411867,43.7128378509,0,797.086641163,14146.5529488,7946.881317,318.925821723,64.8636521,7.6283070336,50,0.484765818154,0,0
0.01276,-31.7578063347,-23.5468121324,6.71500037187,42.3681326848,0,797.073683649,13564.3572726,8617.20671719,318.63365591,64.7965973466,8.08794718243,50,0.520936206926,0,0
0.01278,-31.6221266634,-22.5911777599,6.64316955958,41.302867078,0,797.074246313,13215.1286963,8422.72263515,318.63365591,64.7965973466,8.08794718243,50,0.520936206926,0,0
0.0128,-31.3393150966,-23.444972176,4.70466394628,43.9116540648,0,797.083253915,14268.7390573,8425.43921164,318.63365591,64.7965973466,8.08794718243,50,0.520936206926,0,0
0.01282,-31.0813486703,-23.9581308269,2.37483050748,46.5690734054,0,797.080130458,15376.2222889,8273.86696296,318.356719959,64.7213112578,8.53585366705,50,0.522199491175,0,0
0.01284,-30.7294794779,-25.6146819798,2.03703647698,48.3757796354,0,797.06680748,16047.1035373,8786.97740381,318.356719959,64.7213112578,8.53585366705,50,0.522199491175,0,0
0.01286,-30.3618185285,-27.4379490142,4.49410052083,47.5522731888,0,797.051522628,15589.6997036,9813.01507219,318.093153162,64.6367160932,8.97192676697,50,0.557360772057,0,0
0.01288,-30.2052067097,-26.592163825,4.2035563322,46.8052502061,0,797.058795268,15370.5637773,9610.49713694,318.093153162,64.6367160932,8.97192676697,50,0.557360772057,0,0
0.0129,-29.9138981567,-27.3989250969,2.19290540516,49.4288080313,0,797.068055621,16459.9632164,9618.57211985,318.093153162,64.6367160932,8.97192676697,50,0.557360772057,0,0
0.01292,-29.6540585723,-27.780969621,-0.193670158982,52.0015037131,0,797.06518201,17571.3906449,9446.85034792,317.843789924,64.5439163512,9.39606467207,50,0.566093510615,0,0
0.01294,-29.3135630344,-29.1396999592,-1.11241081635,54.0809848231,0,797.05675276,18392.320641,9810.05719342,317.843789924,64.5439163512,9.39606467207,50,0.566093510615,0,0
0.01296,-28.8604680286,-31.8742842245,1.74950735936,53.753602279,0,797.037597305,18043.5590454,11196.5323691,317.606974584,64.4422818864,9.80816507121,50,0.598007804695,0,0
0.01298,-28.6750410467,-31.2312862289,1.19467269128,53.4633404573,0,797.04912117,18011.3531393,11014.3625286,317.606974584,64.4422818864,9.80816507121,50,0.598007804695,0,0
0.013,-28.3751427611,-31.9873883598,-0.88175668186,56.0917346272,0,797.058564131,19130.8645444,11028.5848685,317.606974584,64.4422818864,9.80816507121,50,0.598007804695,0,0
0.01302,-28.1142576889,-32.224008285,-3.30623353127,58.5466683522,0,797.055874775,20230.9716786,10833.8957901,317.383177891,64.3324375349,10.2081267397,50,0.615057474212,0,0
0.01304,-27.7741602936,-33.41897261,-4.52630633958,60.7535319167,0,797.050547326,21134.0245999,11131.6375251,317.383177891,64.3324375349,10.2081267397,50,0.615057474212,0,0
0.01306,-27.2598590115,-36.75971642,-1.40645893463,60.7642614656,0,797.027435112,20843.4879098,12777.364264,317.17102725,64.2141756635,10.5958511072,50,0.644481199276,0,0
0.01308,-27.0355402728,-36.4439828246,-1.91270092823,60.7426289477,0,797.039210208,20904.5761097,12711.7480646,317.17102725,64.2141756635,10.5958511072,50,0.644481199276,0,0
0.0131,-26.7269411631,-37.1501644402,-4.04695186893,63.3689677083,0,797.048385196,22047.5999429,12733.3832633,317.17102725,64.2141756635,10.5958511072,50,0.644481199276,0,0
0.01312,-26.4642267325,-37.251336703,-6.48840942119,65.6955739338,0,797.045434997,23126.8107856,12519.4987533,316.970725353,64.0877385608,10.9712437875,50,0.6561658034,0,0
0.01314,-26.1343251914,-38.1610675534,-8.24207069749,68.1410376178,0,797.044190638,24177.3282193,12677.180338,316.970725353,64.0877385608,10.9712437875,50,0.6561658034,0,0
0.01316,-25.6107617259,-41.4604943084,-5.20604911032,68.1846362328,0,797.024831078,23871.1201023,14327.5145388,316.781027966,63.9533457593,11.3342160536,50,0.660547281623,0,0
0.01318,-26.21281899,-30.6588170157,-11.2923463465,63.2476000009,0,796.998639447,22892.1234643,9967.85667757,316.781027966,63.9533457593,11.3342160536,50,0.660547281623,0,0
0.0132,-29.0394129814,7.98015053843,-33.1242281558,46.2170386317,0,797.002359678,19406.6484262,-6026.91099641,316.781027966,63.9533457593,11.3342160536,50,0.660547281623,0,0
0.01322,-29.1691565838,12.9387757164,-38.0229216183,45.9318436391,0,796.969771065,19904.2081899,-8359.01539952,316.609541294,63.8253171628,11.6846862427,50,0.369759469788,0,0
0.01324,-28.795057922,11.6293371229,-39.1035231365,48.0948661749,0,796.987801655,20866.505049,-8031.83761815,316.609541294,63.8253171628,11.6846862427,50,0.369759469788,0,0
0.01326,-28.2539779372,8.26224500167,-36.0047453451,48.1344434739,0,797.027900808,20620.1566008,-6412.37135306,316.448461452,63.6914608657,12.0225810743,50,0.364481951758,0,0
0.01328,-27.7478596543,5.36140784369,-36.6476458621,51.447760927,0,797.036151906,21929.0486199,-5458.67435586,316.448461452,63.6914608657,12.0225810743,50,0.364481951758,0,0
0.0133,-27.4112823869,4.60866075146,-38.8020344207,54.1228307752,0,797.045044589,23186.2070643,-5441.84693105,316.448461452,63.6914608657,12.0225810743,50,0.364481951758,0,0
0.01332,-27.0619519353,3.72489377409,-40.6921209278,56.6630117597,0,797.041801874,24368.4891123,-5334.66197488,316.295735039,63.5490974172,12.3478368702,50,0.394919527861,0,0
0.01334,-26.7466830202,3.29483322205,-43.0179038982,59.1836161636,0,797.04559504,25598.10947,-5436.04124181,316.295735039,63.5490974172,12.3478368702,50,0.394919527861,0,0
0.01336,-26.6625980987,5.78202781884,-43.8996616286,57.3414147567,0,797.070147591,25142.0910989,-6373.44032597,316.151099644,63.4000980045,12.6604006641,50,0.408793208168,0,0
0.01338,-26.3974920259,6.0334079444,-45.1265945512,58.0787198248,0,797.080532639,25626.0344591,-6567.01256514,316.151099644,63.4000980045,12.6604006641,50,0.408793208168,0,0
0.0134,-26.0529787291,5.31862009096,-47.3049710906,60.7321964905,0,797.089476574,26893.8432855,-6533.91748356,316.151099644,63.4000980045,12.6604006641,50,0.408793208168,0,0
0.01342,-25.694584792,4.45619772096,-49.0693910487,63.117955156,0,797.086288087,28018.8059286,-6386.01425406,316.014811161,63.2445836231,12.9602311891,50,0.41408921078,0,0
0.01344,-25.3483192829,3.77068521039,-51.2803428119,65.7719846843,0,797.095979375,29293.9147259,-6349.73519324,316.014811161,63.2445836231,12.9602311891,50,0.41408921078,0,0
0.01346,-25.1967584027,5.54369707004,-52.2100593976,64.6849491388,0,797.121406576,29118.8728972,-7041.94777105,315.885158651,63.0823971725,13.2472997372,50,0.43240862566,0,0
0.01348,-24.8777597932,5.24784795758,-54.0586229799,66.5843622122,0,797.125250985,30091.7616917,-7092.75115039,315.885158651,63.0823971725,13.2472997372,50,0.43240862566,0,0
0.0135,-24.5270653523,4.57928903634,-56.2610561151,69.2091420066,0,797.133854181,31361.0200579,-7042.51121897,315.885158651,63.0823971725,13.2472997372,50,0.43240862566,0,0
0.01352,-24.1643875773,3.78378847839,-57.9172249257,71.4134336281,0,797.130332854,32413.7967896,-6871.0503622,315.762299709,62.9138703995,13.5215908825,50,0.441376746072,0,0
0.01354,-23.8123071883,3.14295297195,-60.155396694,74.0439451861,0,797.139877573,33690.2259265,-6817.96171909,315.762299709,62.9138703995,13.5215908825,50,0.441376746072,0,0
0.01356,-23.5645890369,3.82817783043,-59.4908545719,72.4446123079,0,797.136420847,33131.3267682,-6914.039225,315.644785215,62.7388773254,13.7831030646,50,0.449112658635,0,0
0.01358,-21.9621231545,-12.4000886536,-30.1476220529,59.0790581696,0,797.12529705,24450.7945708,2634.9001101,315.644785215,62.7388773254,13.7831030646,50,0.449112658635,0,0
0.0136,-20.2327145179,-30.1949718595,1.98102561371,44.4937314757,0,797.149803648,14618.1953115,13058.0825828,315.644785215,62.7388773254,13.7831030646,50,0.449112658635,0,0
0.01362,-19.7954350315,-31.8187697832,2.25236652461,45.5937002157,0,797.130503009,14915.3066865,13748.5567675,315.544260256,62.545253056,14.0318490292,50,0.662878286378,0,0
0.01364,-19.4447857879,-32.3409234844,-0.152491036192,48.2673451853,0,797.140047161,16166.7850312,13727.2262918,315.544260256,62.545253056,14.0318490292,50,0.662878286378,0,0
0.01366,-19.8262421427,-23.6937023639,-7.65332492825,46.8667615101,0,797.147014958,16883.1087629,9651.01979304,315.448618851,62.3452998866,14.267856125,50,0.684040936451,0,0
0.01368,-21.6611413855,3.13889303414,-23.7673726212,35.893234832,0,797.15005292,15729.7447444,-2342.24213214,315.448618851,62.3452998866,14.267856125,50,0.684040936451,0,0
0.0137,-22.8198941958,21.5362755109,-35.6280963249,29.1008618675,0,797.176873378,15272.4203302,-10668.4894787,315.448618851,62.3452998866,14.267856125,50,0.684040936451,0,0
0.01372,-22.4851602113,21.2809671127,-38.2262096045,31.6978810438,0,797.169391254,16611.2543071,-10825.9696992,315.36224582,62.1552147944,14.4911664597,50,0.308477326186,0,0
0.01374,-22.0415928658,19.6804109012,-38.5579042629,33.3730875301,0,797.187878477,17283.8193861,-10218.9485746,315.36224582,62.1552147944,14.4911664597,50,0.308477326186,0,0
0.01376,-21.4695603799,16.4884846152,-35.6881012879,33.4375704481,0,797.216013736,16898.34898,-8661.73935897,315.279373698,61.9586982276,14.7018369163,50,0.327796137893,0,0
0.01378,-20.9866965095,14.424886299,-34.9043583637,34.4592346768,0,797.221694282,17157.9215899,-7753.37469506,315.279373698,61.9586982276,14.7018369163,50,0.327796137893,0,0
0.0138,-20.622449956,13.8570031901,-37.2771435549,37.1412055776,0,797.230255956,18482.678807,-7738.13786308,315.279373698,61.9586982276,14.7018369163,50,0.327796137893,0,0
0.01382,-20.2326866747,12.982441815,-39.4768385769,39.956302096,0,797.226684215,19822.746424,-7576.0870485,315.19978772,61.7554157485,14.8999390367,50,0.348604258969,0,0
0.01384,-19.916615436,13.0405987308,-41.7647706932,41.9264978485,0,797.223269994,20894.0265688,-7782.48736805,315.19978772,61.7554157485,14.8999390367,50,0.348604258969,0,0
0.01386,-19.7643135026,15.1567326937,-41.5886535159,39.3742896882,0,797.225416604,20052.0818257,-8571.13766092,315.122672501,61.5468765004,15.0855587788,50,0.35879194586,0,0
0.01388,-19.5060381802,15.9583602189,-42.6710377774,39.3947528523,0,797.226435841,20277.9808148,-8956.58593349,315.122672501,61.5468765004,15.0855587788,50,0.35879194586,0,0
0.0139,-19.1410457479,15.4354933704,-45.0563858895,42.0423776693,0,797.234827723,21594.9946375,-8927.43341163,315.122672501,61.5468765004,15.0855587788,50,0.35879194586,0,0
0.01392,-18.749933831,14.5949205481,-47.1585711062,44.7242878764,0,797.231088001,22873.154001,-8736.82222361,315.048290401,61.333452925,15.2587961561,50,0.358753272472,0,0
0.01394,-18.3916911455,14.1733293856,-49.4364025096,47.1626426517,0,797.232581247,24099.1786469,-8721.22054969,315.048290401,61.333452925,15.2587961561,50,0.358753272472,0,0
0.01396,-18.2365953676,16.2985311893,-49.346465865,44.6862529771,0,797.245294026,23310.5224721,-9525.19896919,314.975315225,61.1148372908,15.4197647691,50,0.370983041009,0,0
0.01398,-17.9455774804,16.7315162972,-50.8536122063,45.4990148157,0,797.251729785,23874.644595,-9781.90225011,314.975315225,61.1148372908,15.4197647691,50,0.370983041009,0,0
0.014,-17.581072264,16.2520862045,-53.2410822781,48.1044013808,0,797.260270573,25175.1256651,-9735.82857886,314.975315225,61.1148372908,15.4197647691,50,0.370983041009,0,0
0.01402,-17.189579501,15.4408695789,-55.2058187255,50.6187592676,0,797.256677466,26368.796944,-9512.0105221,314.903949555,60.8914572881,15.5685912418,50,0.37341374806,0,0
0.01404,-16.8251348166,14.9727086891,-57.600825262,53.2202811531,0,797.256917685,27664.0529476,-9453.79624984,314.903949555,60.8914572881,15.5685912418,50,0.37341374806,0,0
0.01406,-16.7062975853,17.5790090983,-58.5537143939,51.3052037896,0,797.272972832,27256.6031021,-10535.5742621,314.832944314,60.6632093854,15.7054145744,50,0.385844635761,0,0
0.01408,-16.414547272,18.0276947685,-60.0957554555,52.1369009033,0,797.279470646,27835.1825425,-10778.0848541,314.832944314,60.6632093854,15.7054145744,50,0.385844635761,0,0
0.0141,-16.0518455174,17.5927349033,-62.4831615927,54.6976433049,0,797.287647667,29115.9607983,-10714.7221881,314.832944314,60.6632093854,15.7054145744,50,0.385844635761,0,0
0.01412,-15.6612845263,16.8122495476,-64.3029230851,57.0363265872,0,797.283699467,30219.6300953,-10459.4459353,314.762769616,60.4303690133,15.8303854286,50,0.387893291281,0,0
0.01414,-15.2961397268,16.3516685074,-66.6855248748,59.6180297108,0,797.291184306,31499.8749646,-10368.4621467,314.762769616,60.4303690133,15.8303854286,50,0.387893291281,0,0
0.01416,-15.0145767539,16.9375692958,-64.2905203181,56.3757507917,0,797.276442845,30071.0399202,-10376.2905974,314.692059826,60.1928533455,15.943665357,50,0.401474150734,0,0
0.01418,-13.3145641167,-0.20591394906,-31.253883237,40.2213502205,0,797.265545364,18722.4088377,-980.078211267,314.692059826,60.1928533455,15.943665357,50,0.401474150734,0,0
0.0142,-11.6484715417,-16.9246106245,-0.980486737312,26.405549629,0,797.293212444,8344.6058071,7983.0962203,314.692059826,60.1928533455,15.943665357,50,0.401474150734,0,0
0.01422,-11.2142998142,-18.243940169,-1.49477787677,27.9782330574,0,797.276419704,8904.97995429,8495.20052603,314.636035803,59.9384117362,16.0454259965,50,0.582865298933,0,0
0.01424,-10.8651990969,-18.4999326396,-4.0742239195,30.5529137818,0,797.286253676,10197.6340581,8438.13959876,314.636035803,59.9384117362,16.0454259965,50,0.582865298933,0,0
0.01426,-10.8799114832,-14.208696426,-8.76107762953,30.6879673228,0,797.305398112,11187.0568659,6355.70598003,314.579484304,59.6795749549,16.1358482379,50,0.586561809178,0,0
0.01428,-10.5578122034,-14.1284028425,-11.0805006836,32.666739453,0,797.310913054,12247.4178231,6188.37357004,314.579484304,59.6795749549,16.1358482379,50,0.586561809178,0,0
0.0143,-10.209797271,-14.3731902866,-13.6601745821,35.2310612752,0,797.318917113,13537.9571046,6149.9694173,314.579484304,59.6795749549,16.1358482379,50,0.586561809178,0,0
0.01432,-9.88050927056,-14.3853416737,-16.5583972645,37.881523283,0,797.314788354,14919.2314537,6004.08001566,314.521821716,59.4172459374,16.2151213912,50,0.569110586322,0,0
0.01434,-9.41812941284,-16.062883596,-16.2347216773,38.9757131021,0,797.294963393,15150.445632,6743.77308366,314.521821716,59.4172459374,16.2151213912,50,0.569110586322,0,0
0.01436,-8.86534968382,-18.8724343541,-13.5819444377,38.8730522047,0,797.268978674,14521.8875947,8085.043736,314.463569437,59.1498196528,16.2834423616,50,0.59219806326,0,0
0.01438,-8.67804449036,-17.1158083444,-13.6133033315,36.8885978169,0,797.267064794,13912.9630042,7348.57332628,314.463569437,59.1498196528,16.2834423616,50,0.59219806326,0,0
0.0144,-8.33699219283,-17.2834969112,-16.1870588177,39.3711052998,0,797.274936759,15170.9962498,7303.41671438,314.463569437,59.1498196528,16.2834423616,50,0.59219806326,0,0
0.01442,-8.01748278956,-17.1845723577,-19.0694531978,41.8958913595,0,797.270771439,16506.4827767,7138.27954932,314.405361614,58.8780950829,16.3410148534,50,0.592592023615,0,0
0.01444,-7.6012455016,-18.2975932588,-19.7871909979,43.4682197738,0,797.260117591,17089.1718281,7597.35477797,314.405361614,58.8780950829,16.3410148534,50,0.592592023615,0,0
0.01446,-7.05387237416,-21.0528096191,-17.1518507154,43.329918333,0,797.240086407,16433.2305054,8908.82922458,314.346121684,58.6016284647,16.3880486176,50,0.610383148742,0,0
0.01448,-6.83619313603,-19.6899773621,-17.6726241802,42.2299327272,0,797.244918502,16199.7598679,8318.3703211,314.346121684,58.6016284647,16.3880486176,50,0.610383148742,0,0
0.0145,-6.49908904879,-19.8231854991,-20.2772547496,44.7100919539,0,797.252810255,17456.5072254,8284.73370312,314.346121684,58.6016284647,16.3880486176,50,0.610383148742,0,0
0.01452,-6.18904522421,-19.6214524986,-23.1121102341,47.0857776567,0,797.248576771,18733.2993921,8106.33482828,314.286472051,58.3209215215,16.4247587596,50,0.613291459179,0,0
0.01454,-5.79744608608,-20.4425334043,-24.3249925335,48.862540927,0,797.244019872,19473.3792259,8437.22192677,314.286472051,58.3209215215,16.4247587596,50,0.613291459179,0,0
0.01456,-5.25298273989,-23.1778281524,-21.6895680751,48.7054411099,0,797.230606076,18792.8703694,9735.57640657,314.225590545,58.0357052837,16.4513651213,50,0.627970014773,0,0
0.01458,-4.98631030834,-22.4441653693,-22.2076823374,48.2331441787,0,797.237164752,18742.6011358,9422.62487988,314.225590545,58.0357052837,16.4513651213,50,0.627970014773,0,0
0.0146,-4.65482285181,-22.5241164034,-24.8237717496,50.6726487218,0,797.244973704,19982.7562778,9394.27021054,314.225590545,58.0357052837,16.4513651213,50,0.627970014773,0,0
0.01462,-4.35459707836,-22.2166995355,-27.6022568244,52.887383343,0,797.240659634,21196.9144956,9201.08967968,314.16409117,57.7462018345,16.4680917524,50,0.635368873186,0,0
0.01464,-3.98718561498,-22.752464721,-29.2963871976,54.8611365044,0,797.241029888,22092.0262553,9413.86921725,314.16409117,57.7462018345,16.4680917524,50,0.635368873186,0,0
0.01466,-3.44853992983,-25.4319577361,-26.6835889195,54.6718680259,0,797.23622457,21389.6153476,10683.6484227,314.101269984,57.4524046606,16.4751664836,50,0.645572205939,0,0
0.01468,-3.13078281116,-25.3535649113,-27.1818290869,54.8359185145,0,797.240036988,21510.3381549,10665.9003781,314.101269984,57.4524046606,16.4751664836,50,0.645572205939,0,0
0.0147,-2.80495875259,-25.3791340737,-29.8079856786,57.2320002089,0,797.247755456,22733.4800802,10643.1602667,314.101269984,57.4524046606,16.4751664836,50,0.645572205939,0,0
0.01472,-2.51470766267,-24.9630539768,-32.5218683018,59.2742972227,0,797.243355312,23881.9491903,10433.3876242,314.037737932,57.1542632914,16.4728206141,50,0.646833881391,0,0
0.01474,-2.17020497688,-25.2280037365,-34.6678597305,61.4298565887,0,797.247278107,24924.0079398,10541.7189203,314.037737932,57.1542632914,16.4728206141,50,0.646833881391,0,0
0.01476,-1.63816928762,-27.8398583272,-32.1009926005,61.2195705203,0,797.251815661,24209.689286,11778.3427083,313.972884725,56.852029561,16.4612887239,50,0.641227574854,0,0
0.01478,-1.25372663467,-28.6093858564,-32.7754523396,62.4083766881,0,797.248651327,24639.0535809,12142.7094182,313.972884725,56.852029561,16.4612887239,50,0.641227574854,0,0
0.0148,-0.933646748065,-28.5767954638,-35.4079180575,64.7531470824,0,797.256521371,25842.7564051,12125.2277932,313.972884725,56.852029561,16.4612887239,50,0.641227574854,0,0
0.01482,-0.654768108682,-28.0314250304,-38.0321490443,66.5769622938,0,797.252277892,26909.5507351,11889.7326254,313.907227731,56.5453463505,16.4408086191,50,0.643942326178,0,0
0.01484,-0.316778374155,-28.2269868459,-40.2257237393,68.7110962245,0,797.260562485,27949.9614192,11994.5776668,313.907227731,56.5453463505,16.4408086191,50,0.643942326178,0,0
0.01486,0.204375755002,-30.713945299,-37.6408966093,68.3582507309,0,797.271944259,27177.9453226,13174.8620541,313.840422584,56.2346979996,16.4116214206,50,0.637790187562,0,0
0.01488,0.597032176367,-31.5963134284,-39.1578679076,70.5026220116,0,797.260266694,28048.952031,13599.0456526,313.840422584,56.2346979996,16.4116214206,50,0.637790187562,0,0
0.0149,0.911958781354,-31.5084714295,-41.8014395458,72.8033750581,0,797.268174572,29238.0413489,13589.0660466,313.840422584,56.2346979996,16.4116214206,50,0.637790187562,0,0
0.01492,0.499210267083,-22.3258778786,-35.8276488841,57.3919887477,0,797.235912575,23842.8542947,9594.77560121,313.772730622,55.9197085565,16.3739717985,50,0.638491751316,0,0
0.01494,-0.787136271122,-2.22426573095,-18.1663083021,19.3739914869,0,797.234300884,9665.2116686,754.551444163,313.772730622,55.9197085565,16.3739717985,50,0.638491751316,0,0
0.01496,-0.965252970618,4.02375196029,-6.96490761675,1.66946942343,0,797.21789367,2215.29713371,-2007.63397401,313.720215482,55.6081956376,16.3281083595,50,0.450583981571,0,0
0.01498,-0.501722124855,2.25069247271,-8.77707053956,4.99951254995,0,797.225125346,3552.07434562,-1248.12480962,313.720215482,55.6081956376,16.3281083595,50,0.450583981571,0,0
0.015,-0.182951903672,2.2868987959,-11.5362945353,7.46725925554,0,797.233559758,4902.6142046,-1291.40235851,313.720215482,55.6081956376,16.3281083595,50,0.450583981571,0,0
0.01502,1.79295507163,4.39362219121,-14.8325974373,10.4389715636,0,797.227909311,6526.61985414,-1922.54996278,313.667390909,55.2928960853,16.2742841886,50,0.459683768138,0,0
0.01504,4.089558721,2.4932504704,-13.1260313233,10.6327808529,0,797.183955609,6141.67237752,-1029.39374829,313.667390909,55.2928960853,16.2742841886,50,0.459683768138,0,0
0.01506,6.16914022525,3.30887465086,-12.1914352038,8.88256055298,0,797.137933935,5467.12804012,-1365.88491752,313.614584952,54.9640355691,16.2203958303,50,0.471543034746,0,0
0.01508,8.07539428031,6.29590176292,-12.3460347936,6.05013303068,0,797.092049002,4824.1384455,-2685.77703636,313.614584952,54.9640355691,16.2203958303,50,0.471543034746,0,0
0.0151,10.1609617097,7.04788971339,-14.7815454664,7.73365575303,0,797.094671126,5914.98443752,-2950.62227879,313.614584952,54.9640355691,16.2203958303,50,0.471543034746,0,0
0.01512,12.2788193718,7.40416601114,-17.9996234157,10.5954574046,0,797.091042794,7505.70802148,-3000.94449555,313.562731122,54.6231200109,16.1668631708,50,0.441353069557,0,0
0.01514,14.5603878791,5.72347392122,-16.5773831898,10.8539092686,0,797.054601318,7196.23451473,-2209.56041,313.562731122,54.6231200109,16.1668631708,50,0.441353069557,0,0
0.01516,16.6787983361,6.09313095099,-15.4189055617,9.32577461075,0,797.012046721,6534.32885106,-2364.45890859,313.511655498,54.2683612852,16.1136826999,50,0.468013309277,0,0
0.01518,18.5815226624,9.17114264645,-15.6355989183,6.46445627193,0,796.969932208,5958.32467775,-3743.3042112,313.511655498,54.2683612852,16.1136826999,50,0.468013309277,0,0
0.0152,20.6753678904,9.87376679988,-18.2770337951,8.40326699524,0,796.976117352,7186.64637328,-3932.58141177,313.511655498,54.2683612852,16.1136826999,50,0.468013309277,0,0
0.01522,22.7909347853,10.3197737815,-21.5122722963,11.1924985148,0,796.973184685,8779.92323277,-3960.22686158,313.462140667,53.9017374176,16.0608509533,50,0.439231796781,0,0
0.01524,25.0578363075,8.89020897271,-20.4350710436,11.5448620709,0,796.943934925,8576.43972801,-3274.66148265,313.462140667,53.9017374176,16.0608509533,50,0.439231796781,0,0
0.01526,27.1760364115,9.33665117358,-19.3126973076,9.97604613399,0,796.905602432,7933.39728247,-3480.90438998,313.414056109,53.521606639,16.0083645123,50,0.463349307039,0,0
0.01528,29.078102292,12.5030530842,-19.5922665745,7.08921349034,0,796.867144478,7429.5031553,-4915.59599695,313.414056109,53.521606639,16.0083645123,50,0.463349307039,0,0
0.0153,31.1755054551,13.2469716848,-22.3367492045,9.08977751973,0,796.87406174,8723.06467833,-5067.93505484,313.414056109,53.521606639,16.0083645123,50,0.463349307039,0,0
0.01532,33.2932909774,13.7561964538,-25.5532334141,11.7970369603,0,796.871283264,10310.5792647,-5062.15621649,313.36811867,53.1298844054,15.9562200025,50,0.433562724706,0,0
0.01534,35.5533304877,12.5080812971,-24.6812413074,12.1731600104,0,796.851357076,10164.9875425,-4448.55023475,313.36811867,53.1298844054,15.9562200025,50,0.433562724706,0,0
0.01536,37.6426561234,13.4153645118,-23.785635434,10.3702709222,0,796.818579938,9564.93939877,-4878.20204979,313.324223934,52.7250211446,15.9044140934,50,0.454346185991,0,0
0.01538,39.552650685,16.5862865379,-24.2088293809,7.62254284298,0,796.785071733,9196.24608364,-6321.2934209,313.324223934,52.7250211446,15.9044140934,50,0.454346185991,0,0
0.0154,41.6571233853,17.3486380236,-27.0759241898,9.72728616615,0,796.794013514,10572.9695343,-6419.70912818,313.324223934,52.7250211446,15.9044140934,50,0.454346185991,0,0
0.01542,43.7801101212,17.9022516423,-30.2703985214,12.3681468791,0,796.791792501,12160.6798708,-6371.91244493,313.282933205,52.3088765164,15.8529434976,50,0.422982169722,0,0
0.01544,46.0216293079,16.9970496579,-29.9261104058,12.929060748,0,796.782016739,12215.3234309,-5877.35514153,313.282933205,52.3088765164,15.8529434976,50,0.422982169722,0,0
0.01546,48.1029994156,18.116570507,-29.1301689761,11.0135984691,0,796.75165538,11656.250737,-6417.13045962,313.244128982,51.8799764137,15.8018049702,50,0.440473692463,0,0
0.01548,50.0298299835,21.1905772145,-29.7940046207,8.6034274063,0,796.724643054,11492.9876591,-7802.14084729,313.244128982,51.8799764137,15.8018049702,50,0.440473692463,0,0
0.0155,52.1396009479,22.0003122104,-32.7548548622,10.7545426518,0,796.734663207,12934.1312915,-7856.18351225,313.244128982,51.8799764137,15.8018049702,50,0.440473692463,0,0
0.01552,54.2671576519,22.6098064343,-35.9130899325,13.3032834981,0,796.732671076,14514.8521255,-7771.97418614,313.208266095,51.4400805177,15.7509953079,50,0.408813320008,0,0
0.01554,56.5002192248,21.9220216641,-35.8435882236,13.9215665595,0,796.731503574,14673.677282,-7343.20389586,313.208266095,51.4400805177,15.7509953079,50,0.408813320008,0,0
0.01556,58.5573073706,23.4547380593,-35.2445682259,11.7898301665,0,796.706420528,14178.7600112,-8081.91892401,313.175282554,50.9878572236,15.7005113486,50,0.422111795523,0,0
0.01558,60.4894052012,26.5698165004,-36.005939732,9.43612323162,0,796.682473151,14122.6952487,-9480.43117791,313.175282554,50.9878572236,15.7005113486,50,0.422111795523,0,0
0.0156,62.6008616585,27.4618914127,-39.0047964211,11.5429050084,0,796.692677142,15596.7179205,-9509.55937864,313.175282554,50.9878572236,15.7005113486,50,0.422111795523,0,0
0.01562,64.7364151602,28.0705736573,-42.0793538249,14.0087801677,0,796.690796649,17158.5514884,-9366.46817519,313.14554417,50.5249816483,15.6503499705,50,0.388924176937,0,0
0.01564,66.9504439508,27.714819961,-42.5133370659,14.7985171049,0,796.698420403,17528.1314272,-9027.0618993,313.14554417,50.5249816483,15.6503499705,50,0.388924176937,0,0
0.01566,68.9710496976,29.7918871569,-42.1733664379,12.381479281,0,796.674516806,17123.3945927,-10022.3904194,313.118901084,50.0502903324,15.6005080916,50,0.396528667234,0,0
0.01568,70.9210142345,32.7653724402,-43.2079031362,10.442530696,0,796.65661182,17295.3428434,-11312.7008054,313.118901084,50.0502903324,15.6005080916,50,0.396528667234,0,0
0.0157,73.0320724154,33.7368026309,-46.2410280419,12.5042254111,0,796.666930873,18803.7993519,-11312.4138147,313.118901084,50.0502903324,15.6005080916,50,0.396528667234,0,0
0.01572,75.1738791428,34.3335466131,-49.2128894581,14.879342845,0,796.665128756,20339.1437797,-11106.8227448,313.095623052,49.5652821152,15.5509826691,50,0.363232632863,0,0
0.01574,77.3674763124,34.2904791987,-50.1236759811,15.8331967824,0,796.679949923,20918.9599194,-10834.4346377,313.095623052,49.5652821152,15.5509826691,50,0.363232632863,0,0
0.01576,79.3483459813,36.9118175714,-50.0383406849,13.1265231135,0,796.65616229,20620.0615695,-12083.547983,313.075535411,49.0690026043,15.5017706986,50,0.36509588689,0,0
0.01578,81.3132775123,39.7352834029,-51.3464534468,11.6111700438,0,796.64390548,21017.1789457,-13243.8923511,313.075535411,49.0690026043,15.5017706986,50,0.36509588689,0,0
0.0158,83.419677459,40.790731069,-54.4008548996,13.6101238307,0,796.654277759,22554.7447126,-13214.8145645,313.075535411,49.0690026043,15.5017706986,50,0.36509588689,0,0
0.01582,85.5645917117,41.3623729888,-57.249218511,15.8868455222,0,796.65252944,24054.0654558,-12942.8612192,313.058818631,48.5627733983,15.4528692138,50,0.331852088467,0,0
0.01584,87.7425001418,41.5163490837,-58.5617343734,17.0453852897,0,796.661440211,24829.0377318,-12672.4094606,313.058818631,48.5627733983,15.4528692138,50,0.331852088467,0,0
0.01586,89.6509560096,45.0302370622,-58.9008925516,13.8706554894,0,796.644006111,24695.5459652,-14327.9284982,313.045247058,48.0459146045,15.4042752854,50,0.332677498652,0,0
0.01588,91.6261503301,47.6985010853,-60.4779966987,12.7794956134,0,796.636748179,25310.9717732,-15338.3187996,313.045247058,48.0459146045,15.4042752854,50,0.332677498652,0,0
0.0159,93.7221693917,48.8417763645,-63.5471719921,14.7053956276,0,796.646929247,26875.6264353,-15279.9964686,313.045247058,48.0459146045,15.4042752854,50,0.332677498652,0,0
0.01592,97.0449616132,34.632287381,-58.8798653104,24.2475779294,0,796.620669826,26270.0702537,-8332.37351404,313.034936139,47.5195146483,15.3559860212,50,0.321463907378,0,0
0.01594,101.31345383,8.57989857426,-47.94147006,39.3615714857,0,796.600096077,23571.8485485,3869.49428841,313.034936139,47.5195146483,15.3559860212,50,0.321463907378,0,0
0.01596,103.186299977,12.4477604089,-48.4586380892,36.0108776803,0,796.6308102,23468.1797374,2050.06377071,313.030805465,46.9727816888,15.3079985649,50,0.593038723262,0,0
0.01598,105.147566639,15.1812448976,-50.2028867512,35.0216418536,0,796.641912837,24111.3094646,1060.17634476,313.030805465,46.9727816888,15.3079985649,50,0.593038723262,0,0
0.016,107.216716067,16.5331631379,-53.3394818011,36.8063186632,0,796.65162531,25595.4070465,1084.11467003,313.030805465,46.9727816888,15.3079985649,50,0.593038723262,0,0
0.01602,109.280847717,17.9107515897,-56.3205739512,38.4098223615,0,796.649216429,27002.5340199,1083.95441027,313.029875046,46.4170902657,15.2603100958,50,0.558664921137,0,0
0.01604,111.349619952,19.1891566379,-59.2425542694,40.0533976316,0,796.661008645,28391.9604212,1144.64324464,313.029875046,46.4170902657,15.2603100958,50,0.558664921137,0,0
0.01606,113.611396315,18.0096122775,-57.261868515,39.2522562375,0,796.697861466,27538.8011175,1587.41613943,313.031777301,45.8517611797,15.2129178285,50,0.553789804012,0,0
0.01608,115.633485129,19.7764514838,-59.2201684478,39.4437169639,0,796.702399104,28411.9800399,1207.26725624,313.031777301,45.8517611797,15.2129178285,50,0.553789804012,0,0
0.0161,117.677012826,21.2211961942,-62.3590500963,41.1378539021,0,796.711836168,29903.9582428,1257.64323154,313.031777301,45.8517611797,15.2129178285,50,0.553789804012,0,0
0.01612,119.718217137,22.6363993485,-65.1923162025,42.555916854,0,796.709155765,31248.9069241,1279.55346511,313.036793127,45.2770742236,15.1658190117,50,0.547281514754,0,0
0.01614,121.748956479,24.1192846023,-68.342051843,44.2227672408,0,796.720102052,32748.5161026,1349.44060432,313.036793127,45.2770742236,15.1658190117,50,0.547281514754,0,0
0.01616,123.910294754,23.9019437041,-67.2669409525,43.3649972484,0,796.761394735,32273.1345908,1457.41856018,313.044202049,44.6934569704,15.1190109283,50,0.537468369107,0,0
0.01618,125.900625347,25.7497939548,-70.0198125535,44.2700185987,0,796.766177669,33558.6557213,1263.26542621,313.044202049,44.6934569704,15.1190109283,50,0.537468369107,0,0
0.0162,127.910122785,27.2809402611,-73.1490946115,45.8681543504,0,796.775349004,35052.452213,1345.59309866,313.044202049,44.6934569704,15.1190109283,50,0.537468369107,0,0
0.01622,129.921815496,28.702773439,-75.7902676368,47.0874941978,0,796.772408128,36314.3751013,1396.48895213,313.054176613,44.1012391723,15.0724908947,50,0.525284420905,0,0
0.01624,131.914609321,30.2741843799,-78.936571361,48.6623869811,0,796.783143927,37817.4556271,1497.85132651,313.054176613,44.1012391723,15.0724908947,50,0.525284420905,0,0
0.01626,134.30235235,26.8172617715,-71.1674130596,44.350151288,0,796.793591344,34224.4161148,1846.62914276,313.066073357,43.5007996947,15.02625626,50,0.509849055419,0,0
0.01628,137.632354197,11.4858093936,-40.3767411765,28.8909317829,0,796.795384913,19752.0731975,3264.36836932,313.066073357,43.5007996947,15.02625626,50,0.509849055419,0,0
0.0163,140.622991589,0.295284716885,-17.8856361245,17.5903514076,0,796.825542289,8996.00844545,4191.57996804,313.066073357,43.5007996947,15.02625626,50,0.509849055419,0,0
0.01632,142.604228198,1.61630942464,-20.1484569232,18.5321474985,0,796.815441771,10063.3162898,4073.6964713,313.096232709,42.8835016328,14.980304406,50,0.741631863488,0,0
0.01634,144.54420306,3.34232273658,-23.4226693516,20.080346615,0,796.826034366,11624.0297943,3995.25245672,313.096232709,42.8835016328,14.980304406,50,0.741631863488,0,0
0.01636,146.467066154,5.16664529308,-26.5231441638,21.3564988708,0,796.817917966,13098.1503949,3837.31702892,313.127780779,42.2590577072,14.9346327462,50,0.721060493669,0,0
0.01638,148.385698201,6.92349032666,-29.7852169419,22.8617266153,0,796.828500255,14657.1532811,3777.86489971,313.127780779,42.2590577072,14.9346327462,50,0.721060493669,0,0
0.0164,150.292167125,8.70726648857,-33.0592187872,24.3519522986,0,796.837787632,16223.3340106,3726.37455901,313.127780779,42.2590577072,14.9346327462,50,0.721060493669,0,0
0.01642,152.167115175,10.7552475439,-36.5729856139,25.81773807,0,796.834952531,17903.914981,3609.11387857,313.160158571,41.6280062623,14.8892387257,50,0.694962578487,0,0
0.01644,154.141759286,11.4225764614,-37.549305839,26.1267293776,0,796.831572559,18367.164382,3613.96797488,313.160158571,41.6280062623,14.8892387257,50,0.694962578487,0,0
0.01646,156.222442107,10.6253862009,-35.5605127061,24.9351265052,0,796.822260643,17400.9472834,3648.43705245,313.194130711,40.9901515671,14.8441198205,50,0.684102976587,0,0
0.01648,158.241743363,10.4519162184,-35.2763004567,24.8243842383,0,796.813152251,17257.2243368,3785.42240282,313.194130711,40.9901515671,14.8441198205,50,0.684102976587,0,0
0.0165,160.086125684,12.3169480634,-38.5314590279,26.2145109645,0,796.822836748,18821.3624723,3749.25683493,313.194130711,40.9901515671,14.8441198205,50,0.684102976587,0,0
0.01652,161.899581022,14.416233613,-41.934318516,27.518084903,0,796.82039068,20457.4665717,3641.63443968,313.2299248,40.3455316125,14.7992735371,50,0.68146410484,0,0
0.01654,163.769375719,15.6546899421,-43.8732215521,28.21853161,0,796.825378848,21388.2768217,3626.62871329,313.2299248,40.3455316125,14.7992735371,50,0.68146410484,0,0
0.01656,165.782458419,14.9413086014,-41.8729528491,26.9316442477,0,796.828662947,20417.5044034,3596.36942764,313.266558791,39.6950246011,14.7546974119,50,0.666497001671,0,0
0.01658,167.713143205,15.093124458,-42.8186501091,27.7255256511,0,796.826751757,20863.7527963,3921.54883645,313.266558791,39.6950246011,14.7546974119,50,0.666497001671,0,0
0.0166,169.486907139,17.0377542418,-46.0468136147,29.0090593729,0,796.836657191,22418.7094217,3905.22636257,313.266558791,39.6950246011,14.7546974119,50,0.666497001671,0,0
0.01662,171.232935345,19.1565907127,-49.284517698,30.1279269853,0,796.83442106,23980.9754962,3812.30974347,313.304162523,39.0386314199,14.7103890113,50,0.65937826256,0,0
0.01664,173.020937383,20.5746054812,-51.4044851741,30.829879693,0,796.844608504,25001.8276599,3801.4819485,313.304162523,39.0386314199,14.7103890113,50,0.65937826256,0,0
0.01666,174.958883901,19.9386480995,-49.3817092861,29.4430611866,0,796.863031337,24024.761689,3710.23414341,313.342035484,38.3771660901,14.6663459304,50,0.643409321096,0,0
0.01668,176.829503589,19.9612412556,-50.6725543048,30.7113130491,0,796.860026828,24619.1199568,4253.49811076,313.342035484,38.3771660901,14.6663459304,50,0.643409321096,0,0
0.0167,178.525853991,21.9759523391,-53.8629962144,31.8870438752,0,796.86955434,26156.3239195,4259.3875748,313.342035484,38.3771660901,14.6663459304,50,0.643409321096,0,0
0.01672,180.198605771,24.0963467644,-56.9195242888,32.8231775244,0,796.866946084,27633.90678,4182.45492853,313.38023987,37.7105816756,14.6225657933,50,0.635164492647,0,0
0.01674,181.8834524,25.8733730858,-59.5815498319,33.7081767461,0,796.880138587,28915.8315562,4195.0888908,313.38023987,37.7105816756,14.6225657933,50,0.635164492647,0,0
0.01676,183.73665218,25.3510937591,-57.554739444,32.2036456849,0,796.906593272,27945.1782353,4029.7110654,313.418049978,37.0397909085,14.5790462523,50,0.616762178722,0,0
0.01678,185.499163463,25.7650005853,-59.7346584235,33.9696578382,0,796.911422586,28944.3939829,4682.91320021,313.418049978,37.0397909085,14.5790462523,50,0.616762178722,0,0
0.0168,187.112737947,27.8408538561,-62.8782837148,35.0374298587,0,796.920826548,30456.0039386,4715.93457715,313.418049978,37.0397909085,14.5790462523,50,0.616762178722,0,0
0.01682,188.709177883,29.928972402,-65.725533414,35.796561012,0,796.91809486,31831.955125,4663.450548,313.45544401,36.3647712195,14.5357849874,50,0.604765820019,0,0
0.01684,190.297053175,31.9202745218,-68.6437811704,36.7235066486,0,796.931672598,33233.2414301,4707.76888138,313.45544401,36.3647712195,14.5357849874,50,0.604765820019,0,0
0.01686,192.091582858,31.1227639175,-67.0735371232,35.9507732057,0,796.965544814,32456.0563197,4848.70122958,313.491864342,35.6863617408,14.4927797064,50,0.584937585512,0,0
0.01688,193.739497131,31.9507582578,-69.5307245683,37.5799663105,0,796.9724773,33574.889239,5421.75025944,313.491864342,35.6863617408,14.4927797064,50,0.584937585512,0,0
0.0169,195.266468174,34.0820076888,-72.6183347806,38.5363270918,0,796.981698128,35052.1799936,5482.99819387,313.491864342,35.6863617408,14.4927797064,50,0.584937585512,0,0
0.01692,196.783818076,36.1238489552,-75.2288571277,39.1050081725,0,796.978787598,36310.2109231,5449.44707102,313.527214292,35.0044998236,14.4500281439,50,0.570688229215,0,0
0.01694,198.274960116,38.2826923011,-78.312660912,40.029968611,0,796.98883662,37782.0915599,5530.83551663,313.527214292,35.0044998236,14.4500281439,50,0.570688229215,0,0
0.01696,199.991065442,37.418190511,-77.8703692421,40.4521787311,0,797.020602267,37483.5777195,6110.20567498,313.560947531,34.3200984021,14.4075280611,50,0.552305349101,0,0
0.01698,201.47455426,39.2496010559,-80.7583816559,41.5087806,0,797.027405089,38836.5146012,6335.04018607,313.560947531,34.3200984021,14.4075280611,50,0.552305349101,0,0
0.017,202.913263467,41.4286924829,-83.779639533,42.35094705,0,797.036438567,40270.8427153,6428.02704603,313.560947531,34.3200984021,14.4075280611,50,0.552305349101,0,0
0.01702,204.351983616,43.395533552,-86.1134343803,42.7179008283,0,797.033350703,41389.7362793,6412.71160593,313.592945874,33.6331022003,14.3652772456,50,0.557929367167,0,0
0.01704,205.754036016,45.6087803525,-89.1411467114,43.5323663589,0,797.043218153,42822.8898924,6524.49779816,313.592945874,33.6331022003,14.3652772456,50,0.557929367167,0,0
0.01706,207.773253735,39.8959142428,-79.7153813386,39.8194670957,0,797.024477027,38251.9258373,6583.65412695,313.622807687,32.9443477428,14.323273511,50,0.554352184304,0,0
0.01708,210.961679621,19.3570165625,-37.2507736585,17.893757096,0,797.022796697,18110.3156249,2788.0831235,313.622807687,32.9443477428,14.323273511,50,0.554352184304,0,0
0.0171,213.654862915,4.79856060147,-6.63204505501,1.83348445354,0,797.060213403,3383.02560792,-245.185153597,313.622807687,32.9443477428,14.323273511,50,0.554352184304,0,0
0.01712,215.01651767,6.67518043378,-8.63141361194,1.95623317816,0,797.047956027,4446.43331705,-533.01200946,313.670788622,32.244048631,14.2815146961,50,0.813976330846,0,0
0.01714,216.32321463,9.03102126595,-11.7833593395,2.75233807353,0,797.057774874,6058.43452028,-642.978151402,313.670788622,32.244048631,14.2815146961,50,0.813976330846,0,0
0.01716,217.685032128,10.4916014223,-16.7170137046,6.22541228231,0,797.062489877,8325.72093795,444.04532906,313.716048955,31.5432463793,14.239998665,50,0.789243663708,0,0
0.01718,218.956784359,12.8734568857,-19.8927116836,7.01925479792,0,797.072045022,9936.63609928,373.384660775,313.716048955,31.5432463793,14.239998665,50,0.789243663708,0,0
0.0172,220.211416163,15.2667038594,-23.018753111,7.7520492516,0,797.080669568,11524.8698539,297.976945329,313.716048955,31.5432463793,14.239998665,50,0.789243663708,0,0
0.01722,221.426230308,17.9571948336,-26.5186709815,8.56147614791,0,797.077171329,13301.6556672,221.537795749,313.757773543,30.8422948979,14.1987233066,50,0.755468092576,0,0
0.01724,222.805035547,18.3996644407,-25.6873795579,7.28771511721,0,797.047080052,13005.1547723,-263.208387575,313.757773543,30.8422948979,14.1987233066,50,0.755468092576,0,0
0.01726,224.220427144,18.1892190681,-23.5209562375,5.33173716938,0,797.016718856,12082.2766926,-910.288418925,313.797471009,30.1411017421,14.157686534,50,0.745407734902,0,0
0.01728,225.717590753,16.7637841689,-22.6107271643,5.84694299553,0,796.988602819,11520.6771207,-400.756442869,313.797471009,30.1411017421,14.157686534,50,0.745407734902,0,0
0.0173,226.9222505,18.8047485408,-25.4806516476,6.67590310678,0,796.994333496,12956.6502471,-320.855351421,313.797471009,30.1411017421,14.157686534,50,0.745407734902,0,0
0.01732,228.058913991,21.5088968084,-28.8643018496,7.35540504122,0,796.99111449,14686.3456097,-384.207778496,313.83543598,29.4393598409,14.1168862846,50,0.745313222434,0,0
0.01734,229.317234578,22.5088755971,-28.9946852666,6.48580966946,0,796.974141766,14873.1681305,-789.044778153,313.83543598,29.4393598409,14.1168862846,50,0.745313222434,0,0
0.01736,230.653920151,22.3493278468,-26.7776008532,4.42827300638,0,796.951796876,13965.7626497,-1498.85321017,313.870965442,28.738175053,14.0763205194,50,0.731411662781,0,0
0.01738,232.064474139,21.0901241807,-26.6389016362,5.54877745552,0,796.934288675,13724.3381197,-774.990287489,313.870965442,28.738175053,14.0763205194,50,0.731411662781,0,0
0.0174,233.163805762,23.54872816,-29.6348058718,6.08607771184,0,796.943292683,15264.101383,-811.935759008,313.870965442,28.738175053,14.0763205194,50,0.731411662781,0,0
0.01742,234.231310041,26.2366893468,-32.8676850246,6.63099567783,0,796.940234764,16927.373104,-857.116610776,313.904407047,28.0372183389,14.0359872228,50,0.727273969731,0,0
0.01744,235.39819519,27.5180435963,-33.4116321437,5.89358854739,0,796.932912418,17332.1176636,-1222.06764173,313.904407047,28.0372183389,14.0359872228,50,0.727273969731,0,0
0.01746,236.663807416,27.4052455892,-31.139669653,3.73442406384,0,796.920797844,16441.8683295,-1989.57621699,313.935242556,27.3374987845,13.9958844022,50,0.711743910205,0,0
0.01748,237.975693818,26.5583746606,-31.2346120645,4.67623740385,0,796.910341313,16339.7777852,-1385.66824228,313.935242556,27.3374987845,13.9958844022,50,0.711743910205,0,0
0.0175,239.005880451,29.0816508825,-34.1821566966,5.10050581407,0,796.919337029,17867.2917978,-1410.7648425,313.935242556,27.3374987845,13.9958844022,50,0.711743910205,0,0
0.01752,240.014686545,31.7257488189,-37.2644741191,5.53872530016,0,796.916213823,19461.8519892,-1424.55407003,313.963880433,26.6387246427,13.9560100877,50,0.70560686538,0,0
0.01754,241.099218475,33.2816142383,-38.2129382216,4.93132398335,0,796.916960588,20076.6504172,-1734.40640271,313.963880433,26.6387246427,13.9560100877,50,0.70560686538,0,0
0.01756,242.302808665,33.2124687465,-35.8844881106,2.67201936411,0,796.915828207,19207.2493894,-2556.1399401,313.989849283,25.9418198598,13.9163623317,50,0.688573157292,0,0
0.01758,243.539206155,32.6014185399,-36.4000654673,3.79864692737,0,796.913078606,19287.8859112,-1885.97592324,313.989849283,25.9418198598,13.9163623317,50,0.688573157292,0,0
0.0176,244.511130451,35.1695217719,-39.288283546,4.11876177414,0,796.921956328,20796.693555,-1891.67175049,313.989849283,25.9418198598,13.9163623317,50,0.688573157292,0,0
0.01762,245.471727776,37.7575758006,-42.2076990239,4.45012322328,0,796.918709946,22316.8280339,-1875.04322173,314.013595054,25.2464917731,13.876939209,50,0.68050508291,0,0
0.01764,246.484189469,39.5808773102,-43.5495168446,3.96863953435,0,796.925825889,23131.5078587,-2116.21789318,314.013595054,25.2464917731,13.876939209,50,0.68050508291,0,0
0.01766,247.636277873,39.5476386588,-41.1705501896,1.62291153075,0,796.937268892,22287.3241839,-2983.1754257,314.034718155,24.5536317604,13.8377388157,50,0.662089420783,0,0
0.01768,248.801657731,39.2423352928,-42.0303929664,2.7880576736,0,796.941324943,22531.8370697,-2303.35696607,314.034718155,24.5536317604,13.8377388157,50,0.662089420783,0,0
0.0177,249.726012958,41.8492357585,-44.8534722099,3.00423645139,0,796.950165344,24020.586408,-2288.11889992,314.034718155,24.5536317604,13.8377388157,50,0.662089420783,0,0
0.01772,250.649101661,44.3767034858,-47.5922160309,3.21551254506,0,796.946879146,25461.5107967,-2249.28205356,314.053701704,23.862974087,13.7987592698,50,0.652153876204,0,0
0.01774,251.59603083,46.5162526333,-49.4278930183,2.91164038505,0,796.959500734,26515.4055976,-2389.02205642,314.053701704,23.862974087,13.7987592698,50,0.652153876204,0,0
0.01776,252.705216343,46.5430373876,-46.9899011322,0.446863744558,0,796.983372452,25702.154433,-3315.22479179,314.070186788,23.1753818865,13.75999871,50,0.63201611778,0,0
0.01778,253.771369345,47.028511537,-48.2959959221,1.26748438504,0,796.991395107,26244.5359466,-2818.4018769,314.070186788,23.1753818865,13.75999871,50,0.63201611778,0,0
0.0178,254.659605981,49.6640461128,-51.0541574688,1.39011135599,0,797.000288176,27714.5065674,-2774.98320745,314.070186788,23.1753818865,13.75999871,50,0.63201611778,0,0
0.01782,255.559783507,52.0817172098,-53.6120244734,1.5303072636,0,796.997050911,29069.8692987,-2690.64247324,314.084646695,22.4907370976,13.7214552963,50,0.618786591369,0,0
0.01784,256.445345353,54.6187320015,-56.1080345282,1.48930252664,0,797.008206998,30428.6443963,-2678.10763993,314.084646695,22.4907370976,13.7214552963,50,0.618786591369,0,0
0.01786,257.519951648,54.7345364089,-53.7080925965,-1.02644381245,0,797.046328647,29689.2711226,-3630.66534265,314.096774521,21.8097752562,13.6831272088,50,0.596136080546,0,0
0.01788,258.512627932,55.8214455632,-55.2332604581,-0.588185105094,0,797.051492463,30424.8896577,-3299.27421292,314.096774521,21.8097752562,13.6831272088,50,0.596136080546,0,0
0.0179,259.37527545,58.4857543926,-57.9238333756,-0.561921017002,0,797.060032731,31878.343702,-3227.37813759,314.096774521,21.8097752562,13.6831272088,50,0.596136080546,0,0
0.01792,260.263130359,60.7919871434,-60.2833220331,-0.508665110274,0,797.056451002,33145.4085186,-3107.58586772,314.1071218,21.1324978848,13.6450126484,50,0.580672495245,0,0
0.01794,261.117947099,63.4730946347,-62.9360890542,-0.53700558048,0,797.067298268,34587.1852826,-3025.69613666,314.1071218,21.1324978848,13.6450126484,50,0.580672495245,0,0
0.01796,262.164283045,63.7268858715,-60.8816949669,-2.84519090446,0,797.11868452,34030.2937832,-3883.01628197,314.115438944,20.4595523387,13.6071098355,50,0.548324607011,0,0
0.01798,263.086711406,65.5008565817,-62.864028854,-2.63682772771,0,797.121662173,35062.2149056,-3633.64782127,314.115438944,20.4595523387,13.6071098355,50,0.548324607011,0,0
0.018,263.934122197,68.188417048,-65.4826583577,-2.70575869028,0,797.130302557,36499.8060187,-3531.14830396,314.115438944,20.4595523387,13.6071098355,50,0.548324607011,0,0
0.01802,264.822103041,70.3491221692,-67.6151924933,-2.73392967597,0,797.12682162,37665.7018118,-3375.61517629,314.122237188,19.7910949867,13.5694170104,50,0.520873510989,0,0
0.01804,265.663552998,73.075989035,-70.2301047624,-2.84588427268,0,797.136378023,39109.4326918,-3259.66880007,314.122237188,19.7910949867,13.5694170104,50,0.520873510989,0,0
0.01806,266.666703144,73.7702301069,-69.2381728817,-4.53205722518,0,797.169445474,39011.1474917,-3822.23359624,314.127308287,19.1277339307,13.5319324331,50,0.482927025891,0,0
0.01808,267.508475937,76.4742520879,-71.7563771083,-4.7178749796,0,797.17841751,40426.4050351,-3714.19528419,314.127308287,19.1277339307,13.5319324331,50,0.482927025891,0,0
0.0181,268.349234123,79.1872854879,-74.3026667692,-4.8846187187,0,797.186852937,41851.4399533,-3579.37051736,314.127308287,19.1277339307,13.5319324331,50,0.482927025891,0,0
0.01812,270.742727639,62.4910397286,-66.8396807961,4.34864106747,0,797.152797177,35499.4741599,1303.17323645,314.131111894,18.4698423711,13.4946543823,50,0.459613726107,0,0
0.01814,275.040012784,22.0007050966,-47.7666544626,25.7659493659,0,797.162960408,19415.61055,12156.9367837,314.131111894,18.4698423711,13.4946543823,50,0.459613726107,0,0
0.01816,277.150757432,8.84862944553,-40.4218626086,31.5732331631,0,797.174122922,13699.886893,15146.9092787,314.147872273,17.8018629407,13.4575811559,50,0.744479059323,0,0
0.01818,277.974239283,11.7968322889,-43.0101284675,31.2132961786,0,797.183461579,15134.5632688,15055.7531761,314.147872273,17.8018629407,13.4575811559,50,0.744479059323,0,0
0.0182,278.798766346,14.7442412905,-45.5888524263,30.8446111358,0,797.192614747,16566.9895185,14979.4661287,314.147872273,17.8018629407,13.4575811559,50,0.744479059323,0,0
0.01822,279.011556422,25.3531916899,-40.7300082106,15.3768165207,0,797.165843726,18209.080474,7610.18361292,314.163831657,17.140822978,13.4207110706,50,0.721192376995,0,0
0.01824,279.300890722,35.0224992474,-32.2618998247,-2.76059942271,0,797.130550339,18656.183083,-1054.99073957,314.163831657,17.140822978,13.4207110706,50,0.721192376995,0,0
0.01826,280.550160335,32.7118731348,-32.2327424922,-0.479130642576,0,797.126039005,18004.2856855,152.47763624,314.179640438,16.4921612067,13.3840424611,50,0.706591479585,0,0
0.01828,281.728227343,31.3123959494,-32.644851542,1.33245559265,0,797.11908998,17714.8634847,1134.95941349,314.179640438,16.4921612067,13.3840424611,50,0.706591479585,0,0
0.0183,282.561233104,34.2489146376,-35.1966206273,0.947705989697,0,797.128946828,19228.6594192,1110.38747329,314.179640438,16.4921612067,13.3840424611,50,0.706591479585,0,0
0.01832,283.385615122,37.3173244979,-37.7339602954,0.416635797545,0,797.126672903,20778.2832805,1034.95868344,314.195901658,15.8508813363,13.3475736806,50,0.699893410978,0,0
0.01834,284.30295944,39.2489094861,-38.2174626589,-1.03144682725,0,797.133270961,21476.4255966,492.979862179,314.195901658,15.8508813363,13.3475736806,50,0.699893410978,0,0
0.01836,285.411732876,38.8136850666,-36.303574607,-2.51011045959,0,797.137132393,20878.5478556,-125.236764572,314.212297899,15.219299952,13.3113030999,50,0.682455381654,0,0
0.01838,286.539078383,38.1729522478,-37.0179822727,-1.15496997514,0,797.138995669,20874.7521859,662.725373827,314.212297899,15.219299952,13.3113030999,50,0.682455381654,0,0
0.0184,287.378207557,41.1618879536,-39.5226358158,-1.6392521378,0,797.148298994,22404.917402,655.844176301,314.212297899,15.219299952,13.3113030999,50,0.682455381654,0,0
0.01842,288.218717693,44.1605788451,-41.9307438059,-2.22983503915,0,797.145454676,23916.4494873,614.40456445,314.229510488,14.5975852428,13.2752291078,50,0.672914657827,0,0
0.01844,289.118341347,46.4471493464,-42.9877157657,-3.45943358072,0,797.15731139,24889.7287536,236.767974538,314.229510488,14.5975852428,13.2752291078,50,0.672914657827,0,0
0.01846,290.243554182,45.9401616025,-41.1376683247,-4.80249327779,0,797.172245012,24316.0189777,-316.88691268,314.247237086,13.9880505095,13.2393501102,50,0.653473782784,0,0
0.01848,291.321762751,46.046266652,-42.1511520529,-3.89511459912,0,797.180158591,24606.5361924,301.323317249,314.247237086,13.9880505095,13.2393501102,50,0.653473782784,0,0
0.0185,292.168450484,49.0708786163,-44.5979879722,-4.47289064411,0,797.189402341,26148.6723696,317.346478115,314.247237086,13.9880505095,13.2393501102,50,0.653473782784,0,0
0.01852,293.026473676,51.9769742963,-46.853248804,-5.12372549231,0,797.186498177,27611.8384372,307.751591023,314.266126847,13.3913708371,13.2036645304,50,0.641157448237,0,0
0.01854,293.901781543,54.6885924592,-48.6261160157,-6.06247644341,0,797.198326998,28907.8359337,155.34411662,314.266126847,13.3913708371,13.2036645304,50,0.641157448237,0,0
0.01856,295.032701885,54.2247634815,-46.7571745148,-7.46758896663,0,797.227078847,28374.6209607,-425.513536129,314.285860578,12.8102320982,13.1681708085,50,0.619187303216,0,0
0.01858,296.063850254,55.0256456927,-48.0415787721,-6.98406692054,0,797.236992402,28948.8922585,52.7999539921,314.285860578,12.8102320982,13.1681708085,50,0.619187303216,0,0
0.0186,296.915734018,58.0824760501,-50.425178784,-7.65729726613,0,797.245801547,30503.8553366,93.3262087785,314.285860578,12.8102320982,13.1681708085,50,0.619187303216,0,0
0.01862,297.788976787,60.8847667384,-52.5047170458,-8.38004969257,0,797.242469925,31912.5246637,107.724711125,314.307069726,12.245997534,13.1328674015,50,0.604284572301,0,0
0.01864,298.649093268,63.860621909,-54.6751511451,-9.18547076389,0,797.254566461,33401.7817198,108.785324381,314.307069726,12.245997534,13.1328674015,50,0.604284572301,0,0
0.01866,299.787483384,63.3643140873,-53.0403857915,-10.3239282958,0,797.297609645,32938.289509,-329.052388485,314.329448597,11.7018526648,13.0977527828,50,0.580578515323,0,0
0.01868,300.762915514,64.9077471019,-54.6188583142,-10.2888887877,0,797.305849994,33828.1043559,19.2938493871,314.329448597,11.7018526648,13.0977527828,50,0.580578515323,0,0
0.0187,301.615444207,67.9864885164,-56.9366243369,-11.0498641795,0,797.314394099,35394.2237588,90.0024179522,314.329448597,11.7018526648,13.0977527828,50,0.580578515323,0,0
0.01872,302.502148049,70.6330506538,-58.8292994875,-11.8037511663,0,797.310802344,36730.1676457,143.668293557,314.353554162,11.179990314,13.062825442,50,0.562899405093,0,0
0.01874,303.350932067,73.7443653908,-61.1427929715,-12.6015724193,0,797.319746507,38313.1770371,233.477090513,314.353554162,11.179990314,13.062825442,50,0.562899405093,0,0
0.01876,304.458609721,73.6057645046,-60.00559772,-13.6001667846,0,797.367520375,38099.5035204,-84.9149142989,314.379050746,10.6842707868,13.028083885,50,0.536336229509,0,0
0.01878,305.342987154,76.2399322928,-62.0497776309,-14.1901546619,0,797.371714909,39471.6256643,94.3947190599,314.379050746,10.6842707868,13.028083885,50,0.536336229509,0,0
0.0188,306.188518998,79.3362141941,-64.2944098577,-15.0418043364,0,797.380159402,41048.2487238,196.934095017,314.379050746,10.6842707868,13.028083885,50,0.536336229509,0,0
0.01882,308.381924209,65.5554254475,-57.8420478067,-7.71337764072,0,797.349836575,34941.5948788,2928.84959127,314.406400084,10.2180091154,12.9935266333,50,0.515157570182,0,0
0.01884,312.289224569,30.3168768757,-40.90135096,10.5844740844,0,797.35848092,18865.6617066,9167.3355091,314.406400084,10.2180091154,12.9935266333,50,0.515157570182,0,0
0.01886,314.736592549,13.2877840021,-31.9422242831,18.654440281,0,797.352768988,10784.4044954,11739.1091556,314.448816651,9.7756267948,12.9591522242,50,0.743024748077,0,0
0.01888,315.558671788,16.5292689861,-34.2084188746,17.6791498885,0,797.361490948,12371.1846079,11670.9327609,314.448816651,9.7756267948,12.9591522242,50,0.743024748077,0,0
0.0189,316.370228944,19.8507206293,-36.4819762426,16.6312556133,0,797.370164357,13994.0076669,11591.4324815,314.448816651,9.7756267948,12.9591522242,50,0.743024748077,0,0
0.01892,317.143025173,23.5989095861,-38.6582880451,15.059378459,0,797.366693655,15771.4375131,11295.3436712,314.494083649,9.37258519972,12.9249592105,50,0.746113303745,0,0
0.01894,318.151559323,24.336207364,-39.5336061426,15.1973987787,0,797.335380468,16161.4181679,11577.5807943,314.494083649,9.37258519972,12.9249592105,50,0.746113303745,0,0
0.01896,319.366748043,22.4195942709,-39.156124573,16.7365303022,0,797.298327226,15298.5104494,12291.7884571,314.541704057,9.0145460599,12.8909461599,50,0.740127407536,0,0
0.01898,320.486752361,21.6153368578,-39.3178968976,17.7025600398,0,797.269933636,14954.0108028,12830.09204,314.541704057,9.0145460599,12.8909461599,50,0.740127407536,0,0
0.019,321.268062925,24.9604323586,-41.5137743559,16.5533419973,0,797.278812272,16585.9330172,12762.6400045,314.541704057,9.0145460599,12.8909461599,50,0.740127407536,0,0
0.01902,322.01237858,28.6766366699,-43.5104109144,14.8337742445,0,797.275564935,18342.4859425,12447.1137181,314.592214427,8.70667143591,12.8571116556,50,0.744097912705,0,0
0.01904,322.944338532,29.9488229509,-45.2787578186,15.3299348677,0,797.245844991,19076.5924812,13040.5646532,314.592214427,8.70667143591,12.8571116556,50,0.744097912705,0,0
0.01906,324.120171837,28.066873672,-44.8351944757,16.7683208037,0,797.219059413,18194.1367143,13702.4554222,314.645032247,8.45477352916,12.8234542952,50,0.736920645585,0,0
0.01908,325.202115042,27.2454712321,-44.9031213303,17.6576500982,0,797.197890658,17812.6961314,14207.9799814,314.645032247,8.45477352916,12.8234542952,50,0.736920645585,0,0
0.0191,325.938956773,30.6173017746,-47.0215554448,16.4042536701,0,797.206963763,19455.4520806,14152.1896226,314.645032247,8.45477352916,12.8234542952,50,0.736920645585,0,0
0.01912,326.642230754,34.2806540094,-48.8257469847,14.5450929753,0,797.203919587,21182.4687192,13816.6820118,314.700789555,8.26364577962,12.7899726913,50,0.739927547933,0,0
0.01914,327.480322557,36.1230963707,-51.569034469,15.4459380983,0,797.171101405,22270.7418568,14779.9531557,314.700789555,8.26364577962,12.7899726913,50,0.739927547933,0,0
0.01916,328.600812848,34.2921983329,-51.0988000494,16.8066017165,0,797.15565329,21382.6879785,15405.6845921,314.758704865,8.13756890195,12.7566654707,50,0.731616062582,0,0
0.01918,329.631340349,33.4347552979,-51.06140454,17.6266492421,0,797.142427406,20955.6228096,15878.5341487,314.758704865,8.13756890195,12.7566654707,50,0.731616062582,0,0
0.0192,330.309217275,36.82660768,-53.0985954754,16.2719877955,0,797.151752739,22605.2077947,15835.8673937,314.758704865,8.13756890195,12.7566654707,50,0.731616062582,0,0
0.01922,330.957616076,40.4203188361,-54.7032506409,14.2829318048,0,797.148966566,24295.1851433,15480.8285602,314.819513793,8.07936703706,12.7235312747,50,0.733695834758,0,0
0.01924,331.697062953,42.7015183666,-57.8598832046,15.1583648381,0,797.112749672,25596.9853606,16567.8600625,314.819513793,8.07936703706,12.7235312747,50,0.733695834758,0,0
0.01926,332.714436699,41.3264288763,-58.1804921623,16.854063286,0,797.103256753,24973.0000366,17472.4598338,314.882183518,8.09004649808,12.6905687585,50,0.723539952563,0,0
0.01928,333.663066397,40.6206571427,-58.1294357803,17.5087786376,0,797.099234105,24593.3881779,17891.1489181,314.882183518,8.09004649808,12.6905687585,50,0.723539952563,0,0
0.0193,334.266572327,44.031195107,-60.0859440874,16.0547489804,0,797.10839288,26247.4485905,17864.4806667,314.882183518,8.09004649808,12.6905687585,50,0.723539952563,0,0
0.01932,334.256096023,54.9110565279,-54.094279373,-0.816777154904,0,797.081630213,30414.313743,10276.248174,314.947563757,8.16925427224,12.6577765911,50,0.723939242425,0,0
0.01934,334.179432053,66.405142041,-47.9717278637,-18.4334141774,0,797.058966691,34866.4759116,2397.8268565,314.947563757,8.16925427224,12.6577765911,50,0.723939242425,0,0
0.01936,335.034589044,66.0307386584,-50.2817037225,-15.7490349359,0,797.084013427,34968.8931592,4107.79739055,315.012097717,8.31965973612,12.6251534556,50,0.588765275787,0,0
0.01938,335.899757517,65.3029340135,-50.1791108981,-15.1238231154,0,797.109721421,34658.3489659,4533.31095815,315.012097717,8.31965973612,12.6251534556,50,0.588765275787,0,0
0.0194,336.418326557,68.6719200798,-52.0828174147,-16.5891026652,0,797.119235957,36373.8555658,4576.68408358,315.012097717,8.31965973612,12.6251534556,50,0.588765275787,0,0
0.01942,336.944637956,71.7010784488,-53.5252662239,-18.1758122249,0,797.116621263,37895.6039558,4494.86463609,315.078945219,8.5314496314,12.5926980482,50,0.588116087645,0,0
0.01944,337.422318896,75.0878335768,-55.428250687,-19.6595828898,0,797.126211611,39622.6458962,4568.43881605,315.078945219,8.5314496314,12.5926980482,50,0.588116087645,0,0
0.01946,338.206623007,74.3844013085,-55.5834371426,-18.8009641659,0,797.170853826,39339.1426738,5157.92165813,315.146913017,8.79953577758,12.5604090789,50,0.566425638617,0,0
0.01948,338.706911605,76.9667849157,-57.0489575143,-19.9178274013,0,797.174183117,40661.5367441,5298.85391016,315.146913017,8.79953577758,12.5604090789,50,0.566425638617,0,0
0.0195,339.12304663,80.3298747251,-58.8659740063,-21.4639007188,0,797.183126344,42370.5508749,5374.89848868,315.146913017,8.79953577758,12.5604090789,50,0.566425638617,0,0
0.01952,340.702802776,68.8698075739,-52.9617180822,-15.9080894917,0,797.155780621,36630.2931817,6316.21057295,315.216281619,9.11822139735,12.5282852705,50,0.5526483168,0,0
0.01954,343.916225777,36.7044991471,-37.0022038704,0.29770472328,0,797.163927958,20317.2151922,8753.4060528,315.216281619,9.11822139735,12.5282852705,50,0.5526483168,0,0
0.01956,345.981300385,18.6028048333,-29.1251532864,10.5223484531,0,797.139819759,11054.9441094,10741.2677713,315.298929784,9.48605961915,12.4963253591,50,0.760769509328,0,0
0.01958,346.315879958,21.835410255,-30.8289663252,8.99355607018,0,797.147977966,12683.9931156,10669.8719541,315.298929784,9.48605961915,12.4963253591,50,0.760769509328,0,0
0.0196,346.6021858,25.3685995313,-32.6461137271,7.27751419576,0,797.15697207,14467.7388154,10576.5953995,315.298929784,9.48605961915,12.4963253591,50,0.760769509328,0,0
0.01962,346.831507648,29.3055089587,-34.3339827378,5.02847377917,0,797.153833169,16442.5049931,10280.3272643,315.383504409,9.89460606721,12.4645280936,50,0.766984923229,0,0
0.01964,347.236560627,30.7316744488,-36.5416463716,5.80997192278,0,797.116373996,17218.768791,11212.482366,315.383504409,9.89460606721,12.4645280936,50,0.766984923229,0,0
0.01966,347.868387089,29.0037676396,-35.7005861257,6.69681848611,0,797.086024509,16277.0970687,11418.6114765,315.468758455,10.337712599,12.4328922354,50,0.755227446307,0,0
0.01968,348.426282002,27.8755372046,-35.1346146934,7.25907748886,0,797.058815951,15641.0555356,11571.0063059,315.468758455,10.337712599,12.4328922354,50,0.755227446307,0,0
0.0197,348.589506576,31.3513968631,-36.8300497931,5.47865293,0,797.067996479,17392.7710447,11489.4756099,315.468758455,10.337712599,12.4328922354,50,0.755227446307,0,0
0.01972,348.697706246,35.1812084931,-38.3179412038,3.1367327107,0,797.065177448,19312.971071,11178.5922035,315.555192519,10.8106971895,12.4014165589,50,0.753509842715,0,0
0.01974,348.934783404,37.0618805361,-41.353175667,4.29129513087,0,797.028774284,20317.8607759,12499.8503358,315.555192519,10.8106971895,12.4014165589,50,0.753509842715,0,0
0.01976,349.42613147,35.4219492196,-40.6166088036,5.19465958398,0,797.00975233,19411.8074847,12730.3328051,315.641712616,11.3080514084,12.3700998504,50,0.74106529811,0,0
0.01978,349.855277594,34.2135514044,-39.9215062845,5.70795488006,0,796.992695361,18720.7406043,12830.0925056,315.641712616,11.3080514084,12.3700998504,50,0.74106529811,0,0
0.0198,349.884029287,37.6605979379,-41.5108618511,3.85026391312,0,797.002184255,20450.9308918,12758.8021531,315.641712616,11.3080514084,12.3700998504,50,0.74106529811,0,0
0.01982,349.863704265,41.3684063961,-42.7962993178,1.4278929217,0,796.999717438,22305.8891119,12433.9928242,315.72890873,11.8264032605,12.3389409087,50,0.738778033626,0,0
0.01984,349.934315315,43.5838955441,-45.6524878879,2.06859234373,0,796.967760208,23433.0692571,13582.7254805,315.72890873,11.8264032605,12.3389409087,50,0.738778033626,0,0
0.01986,350.240059309,42.5019774737,-45.9736751417,3.47169766806,0,796.954502461,22817.7639068,14269.6927719,315.815506026,12.3610198396,12.3079385446,50,0.723845811354,0,0
0.01988,350.497473249,41.6636113985,-45.3745288328,3.71091743431,0,796.950216096,22307.5079244,14306.8751139,315.815506026,12.3610198396,12.3079385446,50,0.723845811354,0,0
0.0199,350.38248873,45.1176267019,-46.8742826699,1.756655968,0,796.960030178,24030.4634902,14245.860952,315.815506026,12.3610198396,12.3079385446,50,0.723845811354,0,0
0.01992,350.231237916,48.6606515955,-47.9271388887,-0.733512706779,0,796.957739113,25794.888635,13901.4170427,315.902146909,12.9096566995,12.2770915809,50,0.719198761832,0,0
0.01994,350.138536198,51.1060827294,-50.4240588765,-0.682023852933,0,796.932731518,26995.5500429,14808.7496164,315.902146909,12.9096566995,12.2770915809,50,0.719198761832,0,0
0.01996,350.241689623,50.7364946997,-52.1259068507,1.38941215099,0,796.917254078,26722.1302751,16122.0225498,315.987538591,13.4683347622,12.2463988519,50.5586218043,0.706765367827,0,0
0.01998,350.323613516,50.2646590426,-51.6213270909,1.35666804833,0,796.924338449,26390.9897981,16109.6868783,315.987538591,13.4683347622,12.2463988519,50.5586218043,0.706765367827,0,0
0.02,350.064426504,53.6886202391,-53.013514743,-0.675105496092,0,796.920983601,28082.1417174,16061.8383372,315.987538591,13.4683347622,12.2463988519,50.5586218043,0.706765367827,0,0
0.02002,349.782196569,57.0323708761,-53.8157163372,-3.21665453888,0,796.386444547,29735.0776849,15695.062819,315.977021078,13.456704045,12.2463988519,50.559968195,0.699994239947,0,0
0.02004,349.537405133,59.5400508362,-56.1073315732,-3.43271926308,0,795.835812257,30927.4486896,16512.3403055,315.977021078,13.456704045,12.2463988519,50.559968195,0.699994239947,0,0
0.02006,349.45662569,59.6299640909,-58.6845145039,-0.945449587035,0,795.275707304,30829.8615686,18238.3382415,315.976928198,13.4509732991,12.2463988519,50.5613536591,0.682250581327,0,0
0.02008,350.390675635,46.6676801032,-32.8984987248,-13.7691813784,0,794.737654074,24383.4304127,6415.10874098,315.976928198,13.4509732991,12.2463988519,50.5613536591,0.682250581327,0,0
0.0201,351.431543874,32.0044373967,1.90073394405,-33.9051713408,0,794.232399681,17123.4286595,-10506.7609675,315.976928198,13.4509732991,12.2463988519,50.5613536591,0.682250581327,0,0
0.02012,351.128760344,33.77252271,4.06268315834,-37.8352058683,0,793.686930652,18143.8096005,-12243.4752912,315.983417686,13.4574272903,12.2463988519,50.5621423355,0.748422711471,0,0
0.02014,350.721307076,36.4863803915,1.9300372553,-38.4164176468,0,793.180881141,19608.4610426,-11606.6801811,315.983417686,13.4574272903,12.2463988519,50.5621423355,0.748422711471,0,0
0.02016,350.436458335,37.3071077972,-2.06018129797,-35.2469264992,0,792.688243139,20016.4835601,-9281.55622679,315.989968611,13.4638739976,12.2463988519,50.5629098351,0.733555199792,0,0
0.02018,350.076452535,38.7090530243,-3.42544569132,-35.2836073329,0,792.163986638,20771.7478725,-8721.97356157,315.989968611,13.4638739976,12.2463988519,50.5629098351,0.733555199792,0,0
0.0202,349.527370773,42.1188293564,-4.77055348413,-37.3482758722,0,791.657016477,22591.6209954,-8721.23518843,315.989968611,13.4638739976,12.2463988519,50.5629098351,0.733555199792,0,0
0.02022,348.941739029,45.6327834627,-6.33890316653,-39.2938802962,0,791.139701729,24454.7485999,-8591.73331179,315.996070225,13.4692726163,12.2463988519,50.5637061655,0.705770460355,0,0
0.02024,348.433191618,47.8336973729,-5.28167360433,-42.5520237686,0,790.613043255,25701.0962514,-9688.49967571,315.996070225,13.4692726163,12.2463988519,50.5637061655,0.705770460355,0,0
0.02026,348.174158459,46.5696923579,-3.40257562957,-43.1671167284,0,790.10252846,25132.0275596,-10346.0722088,316.002141626,13.4748951975,12.2463988519,50.5644622638,0.689914699611,0,0
0.02028,347.84966288,45.7817505683,-2.58855064127,-43.1931999271,0,789.594648058,24781.9998816,-10485.6443259,316.002141626,13.4748951975,12.2463988519,50.5644622638,0.689914699611,0,0
0.0203,347.167583269,49.1254382031,-3.8311150694,-45.2943231337,0,789.096044234,26563.1845339,-10452.9313636,316.002141626,13.4748951975,12.2463988519,50.5644622638,0.689914699611,0,0
0.02032,346.459636455,52.4586065426,-5.29793750756,-47.1606690351,0,788.587120001,28321.8457799,-10260.6714275,316.008643304,13.4806149428,12.2463988519,50.565201486,0.684056069303,0,0
0.02034,345.778582141,55.1263294969,-5.180435041,-49.9458944559,0,788.075350826,29794.7048907,-10840.4132665,316.008643304,13.4806149428,12.2463988519,50.565201486,0.684056069303,0,0
0.02036,345.351746062,54.291856509,-2.74914388084,-51.5427126282,0,787.580143074,29508.4925898,-11926.4278079,316.001320521,13.4782927111,12.2463988519,50.5660107233,0.665214644213,0,0
0.02038,344.826594362,54.3669250341,-2.29570251809,-52.071222516,0,787.088896541,29612.9017421,-12041.497947,316.001320521,13.4782927111,12.2463988519,50.5660107233,0.665214644213,0,0
0.0204,344.019217185,57.6557072257,-3.44377130903,-54.2119359166,0,786.598478621,31355.7925568,-11970.6298574,316.001320521,13.4782927111,12.2463988519,50.5660107233,0.665214644213,0,0
0.02042,343.201250124,60.7682831822,-4.79745234979,-55.9708308324,0,786.097746352,32983.713913,-11713.0506469,315.993343106,13.4755746139,12.2463988519,50.5668237953,0.656505581438,0,0
0.02044,342.379356978,63.6270974269,-5.08181425993,-58.545283167,0,785.597685529,34536.0419877,-12020.137831,315.993343106,13.4755746139,12.2463988519,50.5668237953,0.656505581438,0,0
0.02046,341.864192243,62.3549183229,-2.96759733876,-59.3873209842,0,785.099047972,34023.0929217,-12783.9289437,315.984553371,13.4727345924,12.2463988519,50.5676221269,0.63684741182,0,0
0.02048,342.206816006,50.0696422036,-15.403464995,-34.6661772086,0,784.603588624,26460.4930429,-2290.52702288,315.984553371,13.4727345924,12.2463988519,50.5676221269,0.63684741182,0,0
0.0205,342.406714919,39.2840211075,-30.4547078397,-8.82931326779,0,784.134003655,19253.7129287,9316.62057164,315.984553371,13.4727345924,12.2463988519,50.5676221269,0.63684741182,0,0
0.02052,341.552611703,41.3955336957,-32.4545263272,-8.9410073685,0,783.628397441,20164.6266456,10137.0646737,315.982264046,13.464777208,12.2463988519,50.5688762517,0.723978434891,0,0
0.02054,340.608429327,44.361822313,-32.8064045829,-11.55541773,0,783.155468723,21689.4419675,9795.89229209,315.982264046,13.464777208,12.2463988519,50.5688762517,0.723978434891,0,0
0.02056,339.822897489,45.0806011689,-28.6128607965,-16.4677403724,0,782.699971032,22406.4070781,7256.33500617,315.979648303,13.4563412429,12.2463988519,50.5701348389,0.701989078947,0,0
0.02058,338.944708716,46.700193959,-28.5514729916,-18.1487209674,0,782.219973361,23236.6093175,6992.39885927,315.979648303,13.4563412429,12.2463988519,50.5701348389,0.701989078947,0,0
0.0206,337.918840477,49.9154960895,-29.4214961658,-20.4939999237,0,781.745629676,24852.5675513,6956.10739158,315.979648303,13.4563412429,12.2463988519,50.5701348389,0.701989078947,0,0
0.02062,336.879502194,53.0561255495,-30.0044027377,-23.0517228118,0,781.260996567,26450.4245634,6784.77119762,315.976029437,13.4477087321,12.2463988519,50.5713696423,0.673658174921,0,0
0.02064,335.886396773,55.3831420472,-31.7040604383,-23.6790816088,0,780.778803839,27475.1875388,7456.16393574,315.976029437,13.4477087321,12.2463988519,50.5713696423,0.673658174921,0,0
0.02066,335.100982511,54.8857613124,-32.8702959734,-22.015465339,0,780.307073174,26990.3842048,8387.54357115,315.972123782,13.438049574,12.2463988519,50.5726453423,0.654678683792,0,0
0.02068,334.276453903,54.6565830275,-31.970322371,-22.6862606565,0,779.844162792,26880.030862,8046.93262083,315.972123782,13.438049574,12.2463988519,50.5726453423,0.654678683792,0,0
0.0207,333.165555669,57.793903342,-32.7237823526,-25.0701209894,0,779.377943372,28437.5637272,8026.39815576,315.972123782,13.438049574,12.2463988519,50.5726453423,0.654678683792,0,0
0.02072,332.056521305,60.7024707975,-33.0957275313,-27.6067432662,0,778.901444839,29907.8056228,7845.32711725,315.967967847,13.4280057006,12.2463988519,50.5739260347,0.644448239497,0,0
0.02074,330.933445378,63.5888203889,-34.0604707468,-29.5283496421,0,778.432970454,31288.4466209,8031.8369376,315.967967847,13.4280057006,12.2463988519,50.5739260347,0.644448239497,0,0
0.02076,330.045710075,63.3434293384,-35.6722639302,-27.6711654082,0,777.978927331,30856.639089,9180.16876389,315.963498268,13.4170932764,12.2463988519,50.5752398474,0.621129601537,0,0
0.02078,329.061190598,64.1256373084,-35.2077295349,-28.9179077735,0,777.523030586,31247.3633845,8935.74212239,315.963498268,13.4170932764,12.2463988519,50.5752398474,0.621129601537,0,0
0.0208,327.880536086,67.1851225369,-35.8532690616,-31.3318534753,0,777.064389343,32745.5703842,8939.89449844,315.963498268,13.4170932764,12.2463988519,50.5752398474,0.621129601537,0,0
0.02082,326.718654591,69.8433272782,-36.0491512342,-33.794176044,0,776.595483196,34077.0444432,8772.63195169,315.958623812,13.4056358697,12.2463988519,50.5765683469,0.606836921877,0,0
0.02084,325.516315648,72.8484133407,-36.7152939274,-36.1331194131,0,776.140576904,35530.0171543,8834.24925636,315.958623812,13.4056358697,12.2463988519,50.5765683469,0.606836921877,0,0
0.02086,324.520165695,73.1250571521,-39.033351866,-34.0917052861,0,775.696847057,35247.8405717,10308.0070392,315.953563426,13.3933936345,12.2463988519,50.577929137,0.573288644014,0,0
0.02088,323.420681664,74.5500176309,-38.8417381125,-35.7082795185,0,775.246038859,35941.3087965,10158.4757033,315.953563426,13.3933936345,12.2463988519,50.577929137,0.573288644014,0,0
0.0209,322.186612117,77.5216099783,-39.3721651437,-38.1494448346,0,774.795239482,37374.9868944,10186.0059051,315.953563426,13.3933936345,12.2463988519,50.577929137,0.573288644014,0,0
0.02092,322.198709463,64.7880409651,-31.8072799827,-32.9807609824,0,774.309065188,31399.6425186,8059.76713312,315.947976629,13.3804001476,12.2463988519,50.5793184056,0.537518464867,0,0
0.02094,323.869409743,31.2013998499,-14.0475611622,-17.1538386877,0,773.86138525,15394.3928749,3245.4998686,315.947976629,13.3804001476,12.2463988519,50.5793184056,0.537518464867,0,0
0.02096,324.24603466,13.6776213453,-7.15605629271,-6.52156505255,0,773.386967058,6602.98730088,2022.06095565,315.954414886,13.3722216025,12.2463988519,50.580501917,0.785095954358,0,0
0.02098,322.96262313,16.798579796,-8.15660860122,-8.64197119482,0,772.937326833,8176.45496425,2171.29662109,315.954414886,13.3722216025,12.2463988519,50.580501917,0.785095954358,0,0
0.021,321.674459278,19.8804779439,-8.67426518165,-11.2062127622,0,772.494035111,9796.90959381,2073.72880463,315.954414886,13.3722216025,12.2463988519,50.580501917,0.785095954358,0,0
0.02102,320.348795127,23.3398022852,-9.15709622351,-14.1827060617,0,772.040492948,11627.9257902,1924.75157234,315.961115852,13.3632802498,12.2463988519,50.5817007937,0.786359292981,0,0
0.02104,319.198438719,24.5234608273,-11.5287705415,-12.9946902858,0,771.554691301,11864.5220889,3151.42080728,315.961115852,13.3632802498,12.2463988519,50.5817007937,0.786359292981,0,0
0.02106,318.278939025,22.7439610891,-9.98283345677,-12.7611276323,0,771.071814295,11095.0034765,2589.22328932,315.968412222,13.3531230628,12.2463988519,50.5829408869,0.773906830523,0,0
0.02108,317.370941366,20.7499571707,-7.91897912927,-12.8309780413,0,770.592472132,10303.3475085,1761.00311659,315.968412222,13.3531230628,12.2463988519,50.5829408869,0.773906830523,0,0
0.0211,316.081814526,23.4559008483,-8.18218589374,-15.2737149546,0,770.154452806,11744.7032826,1632.08822671,315.968412222,13.3531230628,12.2463988519,50.5829408869,0.773906830523,0,0
0.02112,314.738580621,26.7804085722,-8.55624828263,-18.2241602896,0,769.708561057,13506.8322535,1508.16516794,315.976010901,13.342835707,12.2463988519,50.5841597676,0.771804318676,0,0
0.02114,313.549486012,28.126615713,-10.5629749031,-17.5636408099,0,769.241627449,13865.0132323,2527.54294036,315.976010901,13.342835707,12.2463988519,50.5841597676,0.771804318676,0,0
0.02116,312.569653021,26.8115212306,-9.94968132295,-16.8618399076,0,768.774494659,13209.2130373,2418.72395271,315.984304436,13.3311276878,12.2463988519,50.5854285769,0.757966872234,0,0
0.02118,311.626934414,24.9927978902,-7.90512631756,-17.0876715725,0,768.313385977,12543.5020965,1580.14469842,315.984304436,13.3311276878,12.2463988519,50.5854285769,0.757966872234,0,0
0.0212,310.308320911,27.8386902803,-8.17162012882,-19.6670701515,0,767.884712992,14051.3059498,1497.24031409,315.984304436,13.3311276878,12.2463988519,50.5854285769,0.757966872234,0,0
0.02122,308.961327677,31.0106757489,-8.42600111686,-22.584674632,0,767.44627586,15737.575442,1393.3374698,315.981123778,13.3284609882,12.2463988519,50.5861924554,0.754240360963,0,0
0.02124,307.75927649,32.3474298969,-10.2791174092,-22.0683124876,0,766.996496552,16088.4691215,2349.9461664,315.981123778,13.3284609882,12.2463988519,50.5861924554,0.754240360963,0,0
0.02126,306.752479069,31.2250278699,-10.056295611,-21.1687322589,0,766.545903866,15473.3033379,2429.62055495,315.978243066,13.3246414709,12.2463988519,50.5870087884,0.740456569602,0,0
0.02128,305.786416316,29.579697314,-8.03013322538,-21.5495640886,0,766.103067619,14931.2381521,1587.45733809,315.978243066,13.3246414709,12.2463988519,50.5870087884,0.740456569602,0,0
0.0213,304.462012729,32.4043819879,-8.21588164367,-24.1885003443,0,765.682222738,16431.5494119,1525.57980757,315.978243066,13.3246414709,12.2463988519,50.5870087884,0.740456569602,0,0
0.02132,303.121943859,35.4198927886,-8.33162464427,-27.0882681443,0,765.251340564,18047.2049943,1429.30328358,315.976089423,13.3204256522,12.2463988519,50.5878320747,0.735670024515,0,0
0.02134,301.9021037,36.9315601374,-9.84690160778,-27.0846585296,0,764.817562506,18535.689515,2213.94773682,315.976089423,13.3204256522,12.2463988519,50.5878320747,0.735670024515,0,0
0.02136,300.877879818,36.0007900382,-10.0137575801,-25.9870324581,0,764.383570919,17949.9563387,2482.76784741,315.973657076,13.3162630831,12.2463988519,50.5886429388,0.72040397648,0,0
0.02138,299.884645851,34.6889034443,-8.08651337911,-26.6023900652,0,763.957784755,17602.0577435,1674.85114331,315.973657076,13.3162630831,12.2463988519,50.5886429388,0.72040397648,0,0
0.0214,298.563595111,37.4842123899,-8.18906592102,-29.2951464689,0,763.544392627,19093.0303068,1635.92490046,315.973657076,13.3162630831,12.2463988519,50.5886429388,0.72040397648,0,0
0.02142,297.239578854,40.3290381873,-8.17041573396,-32.1586224533,0,763.120806816,20633.7706038,1549.47405621,315.970850106,13.3118385611,12.2463988519,50.589460808,0.713883646341,0,0
0.02144,296.010162125,42.0065104762,-9.35651748022,-32.649992996,0,762.701893548,21261.7097944,2181.58393235,315.970850106,13.3118385611,12.2463988519,50.589460808,0.713883646341,0,0
0.02146,294.975626302,41.2655329793,-9.91058940815,-31.3549435712,0,762.284842455,20694.0397265,2639.58746907,315.967820123,13.3075150553,12.2463988519,50.5902655511,0.697211973383,0,0
0.02148,293.960402745,40.3028609313,-8.09063806085,-32.2122228704,0,761.874298855,20543.0632704,1880.91519662,315.967820123,13.3075150553,12.2463988519,50.5902655511,0.697211973383,0,0
0.0215,292.650925952,43.0399352616,-8.09675576596,-34.9431794957,0,761.467983346,22014.4109648,1862.08494022,315.967820123,13.3075150553,12.2463988519,50.5902655511,0.697211973383,0,0
0.02152,291.349346719,45.7014670489,-7.94696278246,-37.7545042664,0,761.051458046,23477.3318161,1786.18674134,315.964500549,13.3029027374,12.2463988519,50.5910808221,0.688917141576,0,0
0.02154,290.115846548,47.5365070227,-8.81148062108,-38.7250264016,0,760.645883581,24246.9396664,2283.84743968,315.964500549,13.3029027374,12.2463988519,50.5910808221,0.688917141576,0,0
0.02156,289.091241055,46.785902998,-9.35424146883,-37.4316615291,0,760.248940283,23672.5520039,2738.57564373,315.960978519,13.298471344,12.2463988519,50.5918802992,0.670893117226,0,0
0.02158,288.057764375,46.1724953153,-7.64225087661,-38.5302444387,0,759.851195609,23715.0227167,2041.31589642,315.960978519,13.298471344,12.2463988519,50.5918802992,0.670893117226,0,0
0.0216,286.763710373,48.8431027485,-7.55158925317,-41.2915134953,0,759.451827149,25166.7757997,2044.36971848,315.960978519,13.298471344,12.2463988519,50.5918802992,0.670893117226,0,0
0.02162,285.48729233,51.3202779098,-7.29442969266,-44.0258482171,0,759.042250865,26551.5262164,1988.98501183,315.957188867,13.2938059828,12.2463988519,50.5926895568,0.660770685475,0,0
0.02164,284.241571923,53.4406969765,-7.70974276588,-45.7309542106,0,758.647323066,27573.563259,2298.11231109,315.957188867,13.2938059828,12.2463988519,50.5926895568,0.660770685475,0,0
0.02166,283.216727471,52.8268090979,-8.52552701168,-44.3012820862,0,758.267471615,27003.0187833,2889.87268694,315.953123037,13.2894076354,12.2463988519,50.5934814276,0.640349189484,0,0
0.02168,282.14958405,52.7677128894,-7.02524174931,-45.7424711401,0,757.878384632,27320.2062444,2313.34026469,315.953123037,13.2894076354,12.2463988519,50.5934814276,0.640349189484,0,0
0.0217,280.871690965,55.3681913807,-6.83707826995,-48.5311131107,0,757.485305184,28753.8937231,2340.58274984,315.953123037,13.2894076354,12.2463988519,50.5934814276,0.640349189484,0,0
0.02172,279.621144025,57.6509374285,-6.4785133501,-51.1724240784,0,757.082033321,30057.7546463,2307.53199942,315.948719486,13.2847491044,12.2463988519,50.5942890636,0.627519744304,0,0
0.02174,278.368048606,59.9882697438,-6.51128722966,-53.4769825141,0,756.695536557,31288.3806133,2482.96403409,315.948719486,13.2847491044,12.2463988519,50.5942890636,0.627519744304,0,0
0.02176,277.350823146,59.3983439507,-7.32130225527,-52.0770416954,0,756.337510129,30727.1756726,3078.87998405,315.9440263,13.2804156266,12.2463988519,50.5950787767,0.605060070198,0,0
0.02178,276.242101735,59.9713752705,-6.07285110246,-53.898524168,0,755.954208478,31342.6161124,2660.12598877,315.9440263,13.2804156266,12.2463988519,50.5950787767,0.605060070198,0,0
0.0218,274.97865597,62.4956209867,-5.78545726804,-56.7101637187,0,755.567750421,32759.1775058,2713.24678206,315.9440263,13.2804156266,12.2463988519,50.5950787767,0.605060070198,0,0
0.02182,273.753447821,64.5567255646,-5.32403092246,-59.2326946422,0,755.171108729,33972.4631711,2700.06100293,315.938971543,13.2758868363,12.2463988519,50.5958846982,0.589138722675,0,0
0.02184,272.494591891,67.0506987171,-5.03288227596,-62.017816441,0,754.789265211,35372.6002678,2787.32837266,315.938971543,13.2758868363,12.2463988519,50.5958846982,0.589138722675,0,0
0.02186,271.463210975,66.7107277162,-5.97411220215,-60.736615514,0,754.449085683,34905.2210948,3458.72949225,315.933631235,13.2717174969,12.2463988519,50.596673265,0.564342017974,0,0
0.02188,270.31691463,67.8137023444,-4.92952847717,-62.8841738673,0,754.065655287,35766.9890857,3193.97552105,315.933631235,13.2717174969,12.2463988519,50.596673265,0.564342017974,0,0
0.0219,269.063275984,70.2617622241,-4.54331186035,-65.7184503638,0,753.685233769,37169.4692467,3275.48331053,315.933631235,13.2717174969,12.2463988519,50.596673265,0.564342017974,0,0
0.02192,269.074307604,56.9013562447,3.6148541021,-60.5162103468,0,753.269510631,32291.2103179,-613.31508729,315.927989989,13.267368213,12.2463988519,50.5974794968,0.545663074439,0,0
0.02194,270.722785659,23.0691986728,22.1696854693,-45.2388841421,0,752.892364782,19260.6966496,-9940.1670433,315.927989989,13.267368213,12.2463988519,50.5974794968,0.545663074439,0,0
0.02196,271.027498203,6.02667396467,30.2645689296,-36.2912428943,0,752.51367355,12318.4865763,-14074.0173622,315.932047657,13.2650744118,12.2463988519,50.5978355445,0.7687017934,0,0
0.02198,269.773453477,8.45724172464,30.6912641866,-39.1485059112,0,752.13875027,13872.0528867,-14124.9557893,315.932047657,13.2650744118,12.2463988519,50.5978355445,0.7687017934,0,0
0.022,268.507638498,11.0194632832,31.0776867817,-42.0971500649,0,751.765186525,15485.8776894,-14134.0958714,315.932047657,13.2650744118,12.2463988519,50.5978355445,0.7687017934,0,0
0.02202,265.688248037,32.9816487013,10.4650119217,-43.446660623,0,751.393070615,21405.326565,-3651.08847902,0,0,0,50.5978355445,0.5,2,0
0.02204,262.589373864,58.4132506344,-16.8198147409,-41.5934358934,0,751.022555271,26869.936284,10138.0871058,0,0,0,50.5978355445,0.5,2,0
0.02206,262.476369212,46.492818226,-6.50054637653,-39.9922718495,0,750.652944074,23564.0311195,5032.07813391,0,0,0,50.5978355445,0.5,2,0
0.02208,263.573433046,19.4132035562,21.9611919779,-41.3743955341,0,750.284816883,17639.4541769,-9167.07684188,0,0,0,50.5978355445,0.5,2,0
0.0221,262.347885413,21.3281298642,22.1421479478,-43.470277812,0,749.917786062,18807.4233051,-9043.6107371,0,0,0,50.5978355445,0.5,2,0
0.02212,259.28111207,46.21539383,-3.10750721911,-43.1078866109,0,749.552002197,24423.9062749,3925.15221269,0,0,0,50.5978355445,0.5,2,0
0.02214,257.72428694,52.1803452643,-10.8830518122,-41.2972934521,0,749.187477278,25133.3332247,7954.14119943,0,0,0,50.5978355445,0.5,2,0
0.02216,258.309871925,31.3121498499,9.95022873141,-41.2623785813,0,748.824061786,20519.9417335,-2573.94254324,0,0,0,50.5978355445,0.5,2,0
0.02218,258.206675799,18.9955635567,24.0966542832,-43.0922178399,0,748.462034061,18418.7534303,-9607.66781171,0,0,0,50.5978355445,0.5,2,0
0.0222,255.937370802,33.6919858487,10.228151675,-43.9201375237,0,748.100998732,21958.3232443,-2276.85858392,0,0,0,50.5978355445,0.5,2,0
0.02222,253.589733036,49.2989654043,-6.5661665766,-42.7327988277,0,747.741356677,24859.7171152,6476.0537717,0,0,0,50.5978355445,0.5,2,0
0.02224,253.169353256,40.7413259743,1.06613903155,-41.8074650058,0,747.382731747,22763.8651914,2602.18356707,0,0,0,50.5978355445,0.5,2,0
0.02226,253.428971092,23.604499361,19.1883632261,-42.7928625871,0,747.025451187,19560.2837518,-6619.84296252,0,0,0,50.5978355445,0.5,2,0
0.02228,252.150598382,25.607994474,18.5315378558,-44.1395323298,0,746.669273548,20482.2999521,-6044.23814775,0,0,0,50.5978355445,0.5,2,0
0.0223,249.75308271,41.5108638526,2.37479302522,-43.8856568779,0,746.314307333,23619.9840349,2534.87909451,0,0,0,50.5978355445,0.5,2,0
0.02232,248.378384575,44.5332497383,-1.75877297079,-42.7744767675,0,745.960528895,23815.2316421,4762.06804518,0,0,0,50.5978355445,0.5,2,0
0.02234,248.332747778,30.8417648378,12.0094026188,-42.8511674567,0,745.607885524,21201.5186057,-2340.60012852,0,0,0,50.5978355445,0.5,2,0
0.02236,247.775158581,23.4437634103,20.6236452554,-44.0674086657,0,745.256502788,20237.090352,-6647.95643079,0,0,0,50.5978355445,0.5,2,0
0.02238,245.8370756,33.1907280089,11.3914991721,-44.582227181,0,744.906186148,22312.627646,-1570.98800033,0,0,0,50.5978355445,0.5,2,0
0.0224,243.904371517,42.7540084556,1.07833390602,-43.8323423617,0,744.557124825,23810.3952119,3982.57551993,0,0,0,50.5978355445,0.5,2,0
0.02242,243.208626032,36.7336700779,6.57795448646,-43.3116245644,0,744.209139401,22538.5965744,1145.37003965,0,0,0,50.5978355445,0.5,2,0
0.02244,242.891568676,25.8529686031,18.1564181658,-44.0093867689,0,743.862390931,20866.1405515,-4831.24880711,0,0,0,50.5978355445,0.5,2,0
0.02246,241.559864316,27.5235412205,17.3530861206,-44.8766273411,0,743.516749454,21522.5381789,-4170.4439462,0,0,0,50.5978355445,0.5,2,0
0.02248,239.541927257,37.6352399174,7.07222381772,-44.7074637351,0,743.172273831,23230.2053833,1479.08506274,0,0,0,50.5978355445,0.5,2,0
0.0225,238.204929352,39.0935396156,4.93961177136,-44.033151387,0,742.828940356,23226.2752654,2697.68390054,0,0,0,50.5978355445,0.5,2,0
0.02252,237.690856434,30.1188419615,14.0290984383,-44.1479403998,0,742.486735643,21799.1624209,-2057.39487083,0,0,0,50.5978355445,0.5,2,0
0.02254,236.807386297,25.6105095783,19.3432733157,-44.953782894,0,742.145707603,21398.3907457,-4699.45159351,0,0,0,50.5978355445,0.5,2,0
0.02256,235.040741585,31.9862136598,13.28889023,-45.2751038898,0,741.8057705,22579.0289405,-1229.10466105,0,0,0,50.5978355445,0.5,2,0
0.02258,233.303756213,37.8311121914,6.97464545103,-44.8057576424,0,741.466999464,23320.0613397,2294.71819423,0,0,0,50.5978355445,0.5,2,0
0.0226,232.356025417,33.6459824713,10.8739829155,-44.5199653868,0,741.129321697,22581.8626061,273.257356916,0,0,0,50.5978355445,0.5,2,0
0.02262,231.616448366,26.6904463366,18.3156029328,-45.0060492693,0,740.792802186,21750.9781259,-3591.56932698,0,0,0,50.5978355445,0.5,2,0
0.02264,230.208009376,27.9232125284,17.6379063096,-45.561118838,0,740.457381595,22185.2457613,-3000.91430248,0,0,0,50.5978355445,0.5,2,0
0.02266,228.372990141,34.311931057,11.1362336991,-45.4481647562,0,740.12308377,23078.1066326,702.638806312,0,0,0,50.5978355445,0.5,2,0
0.02268,226.983936946,34.9461098825,10.0950109634,-45.0411208459,0,739.789895145,23012.3876106,1362.71259535,0,0,0,50.5978355445,0.5,2,0
0.0227,226.102928278,29.0462763235,16.1062378619,-45.1525141854,0,739.457812818,22268.8160738,-1796.96247691,0,0,0,50.5978355445,0.5,2,0
0.02272,224.959783703,26.2363722865,19.4422368538,-45.6786091403,0,739.126848797,22132.7127952,-3420.16586824,0,0,0,50.5978355445,0.5,2,0
0.02274,223.248066977,30.3437211594,15.5296175859,-45.8733387453,0,738.796969156,22775.0827288,-1074.96271258,0,0,0,50.5978355445,0.5,2,0
0.02276,221.565805211,33.8900436348,11.6873099172,-45.5773535521,0,738.468199923,23113.5640927,1159.09229292,0,0,0,50.5978355445,0.5,2,0
0.02278,220.383935379,30.9858814389,14.4345528672,-45.420434306,0,738.140512659,22703.1409179,-251.558972954,0,0,0,50.5978355445,0.5,2,0
0.0228,219.31339941,26.4919132711,19.2551785365,-45.7470918076,0,737.813929804,22319.0803883,-2742.80803931,0,0,0,50.5978355445,0.5,2,0
0.02282,217.80080517,27.3231967417,18.7703185033,-46.093515245,0,737.488424219,22586.906219,-2267.95856285,0,0,0,50.5978355445,0.5,2,0
0.02284,216.018794717,31.3195690662,14.6906426854,-46.0102117515,0,737.164005129,23020.9174517,148.098820944,0,0,0,50.5978355445,0.5,2,0
0.02286,214.524618627,31.5134712954,14.2461154073,-45.7595867027,0,736.840663679,22944.3944125,498.597560897,0,0,0,50.5978355445,0.5,2,0
0.02288,213.342307079,27.6028128148,18.2412531156,-45.8440659304,0,736.518397916,22578.4553826,-1586.09566792,0,0,0,50.5978355445,0.5,2,0
0.0229,211.974738836,25.8001115891,20.375604242,-46.1757158311,0,736.197209803,22554.5533599,-2580.88624503,0,0,0,50.5978355445,0.5,2,0
0.02292,210.238521882,28.3964883032,17.8858152605,-46.2823035637,0,735.877083758,22877.9822725,-1011.43897428,0,0,0,50.5978355445,0.5,2,0
0.02294,208.524249527,30.5084668426,15.5768027411,-46.0852695838,0,735.558027429,23003.5792329,400.167968219,0,0,0,50.5978355445,0.5,2,0
0.02296,207.124811069,28.4740921865,17.5151353437,-45.9892275302,0,735.240028735,22781.8404018,-568.721802396,0,0,0,50.5978355445,0.5,2,0
0.02298,205.781518672,25.526345343,20.6678361157,-46.1941814587,0,734.923094187,22622.2594369,-2166.72489523,0,0,0,50.5978355445,0.5,2,0
0.023,204.144729611,26.0353656908,20.3614783616,-46.3968440524,0,734.620542019,22771.5191958,-1805.89935035,0,0,0,50.5978355445,0.5,2,0
0.02302,202.335186496,28.4916981123,17.8310546532,-46.3227527655,0,734.83810705,22950.1759271,-239.303832498,0,0,0,50.5978355445,0.5,2,0
0.02304,200.708879606,28.4455134605,17.7082010962,-46.1537145567,0,735.054947726,22875.5156912,-59.0907747541,0,0,0,50.5978355445,0.5,2,0
0.02306,199.272201256,25.8171780517,20.3828942391,-46.2000722908,0,735.271066799,22706.1627642,-1423.90144443,0,0,0,50.5978355445,0.5,2,0
0.02308,197.7046747,24.6131411534,21.7801400285,-46.3932811819,0,735.486468,22717.7111544,-2030.73566167,0,0,0,50.5978355445,0.5,2,0
0.0231,195.896402955,26.2078229233,20.2260980676,-46.4339209909,0,735.70115041,22854.0172726,-990.26849957,0,0,0,50.5978355445,0.5,2,0
0.02312,194.102008812,27.4193622382,18.8663241458,-46.285686384,0,735.915119436,22867.2280802,-102.37420938,0,0,0,50.5978355445,0.5,2,0
0.02314,192.504067014,25.9667119683,20.241911575,-46.2086235433,0,736.128375878,22745.2613246,-758.434806764,0,0,0,50.5978355445,0.5,2,0
0.02316,190.931446408,23.9903591152,22.3285765574,-46.3189356726,0,736.34092409,22687.0793094,-1777.31462911,0,0,0,50.5978355445,0.5,2,0
0.02318,189.163142837,24.2544104811,22.163901195,-46.4183116761,0,736.552763576,22753.1331394,-1513.35648581,0,0,0,50.5978355445,0.5,2,0
0.0232,187.282514684,25.7186446381,20.6199412203,-46.3385858584,0,736.763898129,22791.3185973,-504.163095464,0,0,0,50.5978355445,0.5,2,0
0.02322,185.517137582,25.5403240915,20.6640951712,-46.2044192627,0,736.974330606,22718.1542045,-415.809985646,0,0,0,50.5978355445,0.5,2,0
0.02324,183.865844702,23.7361872432,22.4724508713,-46.2086381145,0,737.184062891,22641.1262309,-1302.01553674,0,0,0,50.5978355445,0.5,2,0
0.02326,182.122283577,22.8879833692,23.4119941604,-46.2999775296,0,737.393096981,22651.2368252,-1669.73525282,0,0,0,50.5978355445,0.5,2,0
0.02328,180.220635647,23.8209733116,22.4667921013,-46.2877654129,0,737.601435083,22678.476377,-986.042236232,0,0,0,50.5978355445,0.5,2,0
0.0233,178.326753486,24.4647086586,21.6921417204,-46.156850379,0,737.809080181,22632.2324393,-430.659810917,0,0,0,50.5978355445,0.5,2,0
0.02332,176.554633436,23.3971181673,22.6780269864,-46.0751451537,0,738.016034627,22556.4102759,-869.321660972,0,0,0,50.5978355445,0.5,2,0
0.02334,174.79146761,22.0313517386,24.0790583937,-46.1104101323,0,738.222300255,22533.9933377,-1514.33240046,0,0,0,50.5978355445,0.5,2,0
0.02336,172.897597812,22.116350124,24.0160347739,-46.1323848979,0,738.427879097,22542.0542748,-1326.02324844,0,0,0,50.5978355445,0.5,2,0
0.02338,170.93016884,22.9411720238,23.0966680226,-46.0378400463,0,738.632773839,22504.1308878,-680.354606277,0,0,0,50.5978355445,0.5,2,0
0.0234,169.034765567,22.6895238908,23.2220695498,-45.9115934405,0,738.836987084,22429.3971339,-640.564613575,0,0,0,50.5978355445,0.5,2,0
0.02342,167.207454975,21.4142273413,24.4602590668,-45.8744864081,0,739.040520848,22387.6291207,-1211.24942639,0,0,0,50.5978355445,0.5,2,0
0.02344,165.315486651,20.778455705,25.1101609501,-45.8886166551,0,739.243377022,22380.8905598,-1431.62568875,0,0,0,50.5978355445,0.5,2,0
0.02346,163.319665999,21.2760614419,24.5563392649,-45.8324007069,0,739.445557966,22345.225167,-985.911688471,0,0,0,50.5978355445,0.5,2,0
0.02348,161.328014121,21.5608198745,24.1403020913,-45.7011219658,0,739.647066298,22267.9305352,-640.94020639,0,0,0,50.5978355445,0.5,2,0
0.0235,159.411730881,20.7468831003,24.8565834547,-45.6034665549,0,739.847904279,22208.5766305,-931.035028213,0,0,0,50.5978355445,0.5,2,0
0.02352,157.496634828,19.765772898,25.8129691356,-45.5787420336,0,740.048073812,22189.6580458,-1335.92938516,0,0,0,50.5978355445,0.5,2,0
0.02354,155.494578569,19.7236804264,25.8175500594,-45.5412304858,0,740.247576995,22158.0068524,-1203.77184452,0,0,0,50.5978355445,0.5,2,0
0.02356,153.44462053,20.1368109126,25.2910274469,-45.4278383595,0,740.446416302,22080.399251,-793.597262176,0,0,0,50.5978355445,0.5,2,0
0.02358,151.43991198,19.8452874856,25.4507147696,-45.2960022552,0,740.644594139,22002.5175178,-778.617276562,0,0,0,50.5978355445,0.5,2,0
0.0236,149.475958386,18.909875731,26.3115676276,-45.2214433586,0,740.842112538,21967.5629707,-1142.95088055,0,0,0,50.5978355445,0.5,2,0
0.02362,147.467456239,18.4015148546,26.7750789798,-45.1765938344,0,741.038973461,21940.4699071,-1273.1184774,0,0,0,50.5978355445,0.5,2,0
0.02364,145.391278002,18.6139972041,26.4701058891,-45.0841030932,0,741.235179175,21869.9858595,-984.635745755,0,0,0,50.5978355445,0.5,2,0
0.02366,143.317779187,18.6726211453,26.2715428277,-44.944163973,0,741.430732095,21777.8047192,-771.887980787,0,0,0,50.5978355445,0.5,2,0
0.02368,141.291422029,18.0263865264,26.8006276254,-44.8270141518,0,741.625634398,21720.7971397,-961.709972655,0,0,0,50.5978355445,0.5,2,0
0.0237,139.26352792,17.2885805766,27.4666076073,-44.7551881839,0,741.819888038,21692.5665513,-1213.56875058,0,0,0,50.5978355445,0.5,2,0
0.02372,137.178552852,17.1583262093,27.5141084771,-44.6724346864,0,742.013495102,21635.4594782,-1122.03857223,0,0,0,50.5978355445,0.5,2,0
0.02374,135.063122186,17.3076388239,27.2327274358,-44.5403662597,0,742.206457908,21539.6281025,-863.177784043,0,0,0,50.5978355445,0.5,2,0
0.02376,132.976843568,16.9962562912,27.4014531824,-44.3977094736,0,742.398778721,21459.3036739,-859.957021837,0,0,0,50.5978355445,0.5,2,0
0.02378,130.91560534,16.2804003887,28.0114210515,-44.2918214402,0,742.590459562,21419.8577988,-1090.51547978,0,0,0,50.5978355445,0.5,2,0
0.0238,128.824655629,15.8492797062,28.3537099072,-44.2029896134,0,742.781502418,21375.6245059,-1166.12905725,0,0,0,50.5978355445,0.5,2,0
0.02382,126.690490305,15.8764819812,28.2056273858,-44.082109367,0,742.971909468,21288.4851276,-980.615233677,0,0,0,50.5978355445,0.5,2,0
0.02384,124.558924797,15.7940681593,28.1373032376,-43.9313713969,0,743.161682976,21191.7144457,-850.223900119,0,0,0,50.5978355445,0.5,2,0
0.02386,122.457710754,15.2598561642,28.5362397265,-43.7960958906,0,743.350825046,21132.6836911,-973.141833005,0,0,0,50.5978355445,0.5,2,0
0.02388,120.35495746,14.6771453168,29.0118721313,-43.6890174481,0,743.539337646,21093.4088961,-1128.37384618,0,0,0,50.5978355445,0.5,2,0
0.0239,118.215713757,14.4874345587,29.0858885321,-43.5733230908,0,743.72722283,21022.6752227,-1065.67280071,0,0,0,50.5978355445,0.5,2,0
0.02392,116.058072069,14.4691147364,28.9566594274,-43.4257741639,0,743.914482793,20922.2509368,-903.23724706,0,0,0,50.5978355445,0.5,2,0
0.02394,113.920164832,14.1500058171,29.1223747188,-43.2723805359,0,744.101119689,20842.3654212,-904.902576857,0,0,0,50.5978355445,0.5,2,0
0.02396,111.798574602,13.577223517,29.5654797945,-43.1427033115,0,744.287135515,20796.9825366,-1049.56585902,0,0,0,50.5978355445,0.5,2,0
0.02398,109.65818273,13.1940639246,29.8287742313,-43.0228381559,0,744.47253225,20742.2128325,-1092.65366756,0,0,0,50.5978355445,0.5,2,0
0.024,107.491187981,13.1022642073,29.7794149254,-42.8816791327,0,744.657311993,20651.0824819,-974.009281874,0,0,0,50.5978355445,0.5,2,0
0.02402,105.327401482,12.9333093564,29.7886461036,-42.72195546,0,744.84147689,20557.365411,-894.491880617,0,0,0,50.5978355445,0.5,2,0
0.02404,103.184116579,12.4750528875,30.0978122049,-42.5728650924,0,745.025028981,20497.7057409,-973.306006349,0,0,0,50.5978355445,0.5,2,0
0.02406,101.040453095,11.99240777,30.4490670655,-42.4414748355,0,745.20797022,20451.4328865,-1068.1354188,0,0,0,50.5978355445,0.5,2,0
0.02408,98.8744287309,11.7639484096,30.5398064922,-42.3037549018,0,745.390302617,20377.177372,-1025.57489419,0,0,0,50.5978355445,0.5,2,0
0.0241,96.6982804213,11.6403884938,30.5053254594,-42.1457139532,0,745.572028269,20281.6586108,-924.124579389,0,0,0,50.5978355445,0.5,2,0
0.02412,94.536372976,11.3207180121,30.6640391571,-41.9847571693,0,745.753149237,20206.5871213,-927.304870453,0,0,0,50.5978355445,0.5,2,0
0.02414,92.385996086,10.8422361078,30.9970630821,-41.8392991899,0,745.933667485,20158.9594193,-1017.36791521,0,0,0,50.5978355445,0.5,2,0
0.02416,90.2246155149,10.4899069193,31.209732508,-41.6996394273,0,746.113584962,20101.4925768,-1041.3866275,0,0,0,50.5978355445,0.5,2,0
0.02418,88.0477595001,10.3227756335,31.223337973,-41.5461136065,0,746.292903696,20015.7810662,-965.853388522,0,0,0,50.5978355445,0.5,2,0
0.0242,85.8747857709,10.10187717,31.2794382662,-41.3813154362,0,746.471625737,19931.4149332,-917.551445582,0,0,0,50.5978355445,0.5,2,0
0.02422,83.7164268444,9.69591675192,31.5281082385,-41.2240249904,0,746.649753065,19875.4486291,-967.655443622,0,0,0,50.5978355445,0.5,2,0
0.02424,81.5589940645,9.27871653196,31.7993515223,-41.0780680542,0,746.827287604,19828.6601239,-1025.12368439,0,0,0,50.5978355445,0.5,2,0
0.02426,79.3886431905,9.02589322275,31.9019006217,-40.9277938445,0,747.004231316,19759.442898,-996.471762874,0,0,0,50.5978355445,0.5,2,0
0.02428,77.2135908918,8.83714975062,31.9276761407,-40.7648258913,0,747.180586211,19675.907425,-933.357172837,0,0,0,50.5978355445,0.5,2,0
0.0243,75.049360396,8.52070287418,32.0800651051,-40.6007679793,0,747.356354274,19610.6191877,-936.582109986,0,0,0,50.5978355445,0.5,2,0
0.02432,72.8938437335,8.10500370339,32.3420588603,-40.4470625637,0,747.531537425,19566.5271065,-992.296211586,0,0,0,50.5978355445,0.5,2,0
0.02434,70.7325503724,7.77312872153,32.5238702548,-40.2969989763,0,747.706137578,19514.0181727,-1005.36609757,0,0,0,50.5978355445,0.5,2,0
0.02436,68.5629148956,7.55893315093,32.5792333147,-40.1381664657,0,747.880156691,19440.8827976,-957.476244237,0,0,0,50.5978355445,0.5,2,0
0.02438,66.397456945,7.3075513464,32.6652076602,-39.9727590066,0,748.053596734,19371.1406331,-928.248239488,0,0,0,50.5978355445,0.5,2,0
0.0244,64.2427827554,6.9378777016,32.8749533896,-39.8128310912,0,748.226459629,19324.1387621,-959.906065048,0,0,0,50.5978355445,0.5,2,0
0.02442,62.0898830326,6.56384360769,33.0965347397,-39.6603783474,0,748.398747262,19283.6660272,-994.523546877,0,0,0,50.5978355445,0.5,2,0
0.02444,59.9300020422,6.29605466371,33.2091683249,-39.5052229886,0,748.57046154,19226.4294591,-975.407582135,0,0,0,50.5978355445,0.5,2,0
0.02446,57.7685978688,6.06728861402,33.2750871179,-39.3423757319,0,748.741604402,19160.1917709,-936.29675288,0,0,0,50.5978355445,0.5,2,0
0.02448,55.61550849,5.75542095834,33.424119046,-39.1795400044,0,748.912177763,19109.4004088,-939.065713393,0,0,0,50.5978355445,0.5,2,0
0.0245,53.4690985744,5.38159187899,33.6422091962,-39.0238010752,0,749.082183497,19074.7907621,-973.401482432,0,0,0,50.5978355445,0.5,2,0
0.02452,51.3200082583,5.0633487798,33.8071948998,-38.8705436796,0,749.251623472,19033.80058,-980.358000071,0,0,0,50.5978355445,0.5,2,0
0.02454,49.1667404529,4.81980753997,33.8921336551,-38.7119411951,0,749.420499586,18978.5135269,-950.142651469,0,0,0,50.5978355445,0.5,2,0
0.02456,47.0173403861,4.55066118027,33.9990656539,-38.5497268341,0,749.588813735,18927.5436821,-932.564955962,0,0,0,50.5978355445,0.5,2,0
0.02458,44.8758177321,4.20590650596,34.1857091637,-38.3916156697,0,749.756567786,18894.4114367,-952.534114988,0,0,0,50.5978355445,0.5,2,0
0.0246,42.7362030808,3.86014182946,34.378442591,-38.2385844205,0,749.923763581,18866.1857941,-973.346876824,0,0,0,50.5978355445,0.5,2,0
0.02462,40.5929170095,3.58295748169,34.5010596035,-38.0840170852,0,750.090402974,18826.11592,-960.75293004,0,0,0,50.5978355445,0.5,2,0
0.02464,38.4495335286,3.32939694698,34.59555479,-37.924951737,0,750.256487837,18780.89609,-936.657659747,0,0,0,50.5978355445,0.5,2,0
0.02466,36.3122381554,3.02173545118,34.7447400533,-37.7664755045,0,750.422020023,18748.3953086,-938.919740234,0,0,0,50.5978355445,0.5,2,0
0.02468,34.1797564992,2.67537743225,34.9375747461,-37.6129521784,0,750.587001356,18728.2368668,-960.100448378,0,0,0,50.5978355445,0.5,2,0
0.0247,32.0460031779,2.36575014988,35.0954665073,-37.4612166571,0,750.751433659,18703.6969813,-963.781496866,0,0,0,50.5978355445,0.5,2,0
0.02472,29.9100718703,2.1034333564,35.2028963378,-37.3063296942,0,750.915318766,18669.7406009,-944.871458746,0,0,0,50.5978355445,0.5,2,0
0.02474,27.7770890168,1.82349360682,35.3261017755,-37.1495953824,0,751.078658512,18640.355208,-934.442956939,0,0,0,50.5978355445,0.5,2,0
0.02476,25.6494395243,1.49516876339,35.500761373,-36.9959301364,0,751.241454709,18624.8253733,-947.117469141,0,0,0,50.5978355445,0.5,2,0
0.02478,23.523136311,1.16725471043,35.6784984414,-36.8457531518,0,751.403709153,18613.1923873,-959.709276896,0,0,0,50.5978355445,0.5,2,0
0.0248,21.3945900174,0.8834902132,35.81126802,-36.6947582332,0,751.565423644,18593.6131472,-951.587950661,0,0,0,50.5978355445,0.5,2,0
0.02482,19.2661044343,0.613870498156,35.927315511,-36.5411860092,0,751.726599991,18571.5262742,-936.911911782,0,0,0,50.5978355445,0.5,2,0
0.02484,17.1415322762,0.308956699872,36.0794158541,-36.3883725539,0,751.88723999,18559.7442419,-938.791203246,0,0,0,50.5978355445,0.5,2,0
0.02486,15.0198812226,-0.0201928726658,36.2591757859,-36.2389829132,0,752.047345417,18557.4085245,-951.979772411,0,0,0,50.5978355445,0.5,2,0
0.02488,12.8971691816,-0.325206610409,36.4160521219,-36.0908455115,0,752.206918043,18552.3536292,-954.023557477,0,0,0,50.5978355445,0.5,2,0
0.0249,10.7728236089,-0.600384027033,36.5412180351,-35.940834008,0,752.365959647,18541.4296073,-942.376090409,0,0,0,50.5978355445,0.5,2,0
0.02492,8.65008522705,-0.887735071381,36.6776258793,-35.7898908079,0,752.524472005,18534.9203573,-936.383072273,0,0,0,50.5978355445,0.5,2,0
0.02494,6.53034129617,-1.20613873561,36.8472675562,-35.6411288206,0,752.682456876,18539.1109102,-944.585926153,0,0,0,50.5978355445,0.5,2,0
0.02496,4.41091516464,-1.52370507513,37.0183748494,-35.4946697742,0,752.839916006,18546.5078473,-952.370046902,0,0,0,50.5978355445,0.5,2,0
0.02498,2.28948253357,-1.8129710831,37.1606723652,-35.3477012821,0,752.996851144,18548.83614,-947.339759359,0,0,0,50.5978355445,0.5,2,0
0.025,0.167513762015,-2.09392202519,37.2930929519,-35.1991709267,0,753.153264042,18550.3450482,-938.61441569,0,0,0,50.5978355445,0.5,2,0
0.02502,-1.95240803771,-2.40046011519,39.5872387126,-37.1867785974,0,753.297678541,19640.5808641,-933.448373081,315.597881544,12.9069373232,12.2463988519,50.6344584031,0.581560706294,0,0
0.02504,-4.07068666613,-2.72915115623,42.2787629618,-39.5496118056,0,753.453086897,20926.6205547,-919.446850967,315.597881544,12.9069373232,12.2463988519,50.6344584031,0.581560706294,0,0
0.02506,-6.18765790779,-3.07740361907,44.8518536992,-41.7744500801,0,753.596943806,22148.6137775,-896.871337202,315.263571921,12.6036248628,12.2463988519,50.6712023979,0.579319982505,0,0
0.02508,-8.3032127371,-3.44817105298,47.5547537297,-44.1065826767,0,753.751355135,23431.2404694,-864.800962718,315.263571921,12.6036248628,12.2463988519,50.6712023979,0.579319982505,0,0
0.0251,-10.4176131655,-3.83974651522,50.2520780626,-46.4123315474,0,753.905284499,24706.887515,-823.639203387,315.263571921,12.6036248628,12.2463988519,50.6712023979,0.579319982505,0,0
0.02512,-12.5312988752,-4.24817221911,52.7320345858,-48.4838623666,0,754.047241577,25870.5335355,-776.456695376,314.92883237,12.3593492462,12.2463988519,50.7081096646,0.577760060352,0,0
0.02514,-14.6234809362,-4.93481070756,55.1999490601,-50.2651383525,0,754.204061432,26965.8117868,-841.010133777,314.92883237,12.3593492462,12.2463988519,50.7081096646,0.577760060352,0,0
0.02516,-16.5439240509,-7.77905951588,55.4478240038,-47.6687644879,0,754.385343385,26464.5409764,-1955.36578356,314.594519057,12.1777473119,12.2463988519,50.7451728768,0.583800157738,0,0
0.02518,-18.711747061,-7.54333766376,56.3610953038,-48.8177576401,0,754.536930013,27002.5767844,-1623.5847772,314.594519057,12.1777473119,12.2463988519,50.7451728768,0.583800157738,0,0
0.0252,-20.8226175275,-8.03314633667,59.0884829076,-51.0553365709,0,754.688255742,28287.549016,-1555.48906788,314.594519057,12.1777473119,12.2463988519,50.7451728768,0.583800157738,0,0
0.02522,-22.9371557399,-8.49201184939,61.4507140711,-52.9587022217,0,754.827609801,29398.4483093,-1469.28662839,314.260573012,12.0616130325,12.2463988519,50.7824445448,0.57835159304,0,0
0.02524,-25.046951821,-9.02626505446,64.2100787795,-55.1838137251,0,754.977926946,30693.4047139,-1384.91214956,314.260573012,12.0616130325,12.2463988519,50.7824445448,0.57835159304,0,0
0.02526,-27.008225514,-11.4342873913,64.7862597493,-53.351972358,0,755.157233595,30508.1154506,-2273.51259882,313.927043523,12.0136716251,12.2463988519,50.8198945491,0.567477771094,0,0
0.02528,-29.115133111,-12.0401678473,67.2354767527,-55.1953089054,0,755.300126517,31645.5941065,-2213.74466063,313.927043523,12.0136716251,12.2463988519,50.8198945491,0.567477771094,0,0
0.0253,-31.2250774127,-12.6273222142,69.9860162623,-57.3586940481,0,755.44891925,32939.7468374,-2112.13026819,313.927043523,12.0136716251,12.2463988519,50.8198945491,0.567477771094,0,0
0.02532,-33.3435720775,-13.1276827036,72.1848531797,-59.0571704761,0,755.585743667,33979.2403635,-1983.38902832,313.594109336,12.0347707414,12.2463988519,50.8575523486,0.562501429086,0,0
0.02534,-35.4530058498,-13.762139271,74.9779626184,-61.2158233474,0,755.733537939,35289.8675459,-1866.77859441,313.594109336,12.0347707414,12.2463988519,50.8575523486,0.562501429086,0,0
0.02536,-37.3863447458,-16.619256732,76.7987548615,-60.1794981294,0,755.887809644,35689.885146,-2869.20498102,313.252616959,12.1307012097,12.2463988519,50.8959359249,0.560932151843,0,0
0.02538,-39.4863266313,-17.4153372092,79.6628601212,-62.247522912,0,756.033955715,37018.2094676,-2796.48786238,313.252616959,12.1307012097,12.2463988519,50.8959359249,0.560932151843,0,0
0.0254,-41.5971687231,-18.0980713007,82.4345320841,-64.3364607834,0,756.17990971,38325.4302837,-2656.90904857,313.252616959,12.1307012097,12.2463988519,50.8959359249,0.560932151843,0,0
0.02542,-44.5416495065,-8.38300932629,63.9719425352,-55.5889332089,0,756.281440993,30994.8715108,915.882404634,312.911505605,12.2964355593,12.2463988519,50.9345687042,0.582634306027,0,0
0.02544,-48.4776097603,13.7027059965,21.1564510155,-34.859157012,0,756.428524481,13406.967495,8454.39839278,312.911505605,12.2964355593,12.2463988519,50.9345687042,0.582634306027,0,0
0.02546,-50.846669238,16.1793022737,13.506049931,-29.6853522047,0,756.57562664,9895.47783019,9122.91841872,312.57355708,12.5261008142,12.2463988519,50.9738983801,0.324140054985,0,0
0.02548,-52.9416562264,15.2072508221,16.5590450978,-31.7662959199,0,756.719660415,11236.3301075,8998.24978141,312.57355708,12.5261008142,12.2463988519,50.9738983801,0.324140054985,0,0
0.0255,-55.045244361,14.3202304536,19.5630406064,-33.88327106,0,756.863796097,12570.8659742,8930.42873263,312.57355708,12.5261008142,12.2463988519,50.9738983801,0.324140054985,0,0
0.02552,-57.1164080533,13.0058235825,22.9054693195,-35.911292902,0,756.995946566,14009.8722879,8701.85501856,312.236477977,12.8206522694,12.2463988519,51.0134916521,0.348199551646,0,0
0.02554,-59.1857367574,11.6469474933,24.0226208697,-35.669568363,0,757.120335423,14314.5373211,8246.67522942,312.236477977,12.8206522694,12.2463988519,51.0134916521,0.348199551646,0,0
0.02556,-61.4892619038,13.1946936063,22.0684034509,-35.2630970572,0,757.225224402,13531.0659503,8931.95015954,311.900752168,13.1756219579,12.2463988519,51.0533351571,0.350877650834,0,0
0.02558,-63.7536703039,14.2334972845,21.1083080699,-35.3418053544,0,757.335433487,13163.0287134,9459.80620568,311.900752168,13.1756219579,12.2463988519,51.0533351571,0.350877650834,0,0
0.0256,-65.8570511452,13.2404771717,24.1432626956,-37.3837398673,0,757.477497267,14510.6213224,9405.2429379,311.900752168,13.1756219579,12.2463988519,51.0533351571,0.350877650834,0,0
0.02562,-67.9254100853,11.7918629067,27.4811412244,-39.2730041311,0,757.60758948,15947.448764,9173.70049066,311.566397057,13.586682184,12.2463988519,51.093527078,0.329538415033,0,0
0.02564,-69.9865368578,10.2363413762,29.6118740891,-39.8482154652,0,757.737771035,16761.9159292,8762.80236593,311.566397057,13.586682184,12.2463988519,51.093527078,0.329538415033,0,0
0.02566,-72.2845757443,11.6271884266,27.7190961294,-39.3462845559,0,757.850332861,15966.9064448,9371.54257883,311.233743508,14.0487390372,12.2463988519,51.1339700558,0.334967381753,0,0
0.02568,-74.4991166675,11.9609079723,27.9923292749,-39.9532372472,0,757.973777096,16113.8368255,9704.43997927,311.233743508,14.0487390372,12.2463988519,51.1339700558,0.334967381753,0,0
0.0257,-76.5995869447,10.8571289851,31.0694430674,-41.9265720525,0,758.113311671,17483.8938092,9667.89175785,311.233743508,14.0487390372,12.2463988519,51.1339700558,0.334967381753,0,0
0.02572,-78.6661477394,9.31981084434,34.3325365501,-43.6523473944,0,758.240866102,18894.1338877,9451.4725624,310.903001222,14.5572620727,12.2463988519,51.1747579109,0.333373085351,0,0
0.02574,-80.7764554701,8.32176027288,36.4913229034,-44.8130831762,0,758.366519967,19822.9533312,9380.58826092,310.903001222,14.5572620727,12.2463988519,51.1747579109,0.333373085351,0,0
0.02576,-83.0737982052,9.65633522653,34.6064155241,-44.2627507506,0,758.489557337,19008.2513842,9960.29139283,310.574313091,15.1072434937,12.2463988519,51.2158061974,0.344231133517,0,0
0.02578,-85.26716526,9.68831344303,35.3026863066,-44.9909997496,0,758.617783801,19328.6169826,10227.6442471,310.574313091,15.1072434937,12.2463988519,51.2158061974,0.344231133517,0,0
0.0258,-87.3613594632,8.48029398338,38.4047018129,-46.8849957963,0,758.754855859,20713.863385,10211.4267051,310.574313091,15.1072434937,12.2463988519,51.2158061974,0.344231133517,0,0
0.02582,-89.4219542408,6.85465862472,41.5788568162,-48.4335154409,0,758.87995225,22090.6622173,10005.7377665,310.248071243,15.6945188212,12.2463988519,51.2571942352,0.345113766642,0,0
0.02584,-91.5539624381,6.12692962028,44.4049677111,-50.5318973314,0,759.00102826,23400.9358147,10237.1980425,310.248071243,15.6945188212,12.2463988519,51.2571942352,0.345113766642,0,0
0.02586,-93.8536159013,7.50301158409,42.7059693692,-50.2089809533,0,759.134363897,22668.5222341,10870.372704,309.924292749,16.3145974071,12.2463988519,51.2988456696,0.357123261208,0,0
0.02588,-96.0290626656,7.33790310804,43.6115700998,-50.9494732078,0,759.266029685,23071.8880588,11107.1144886,309.924292749,16.3145974071,12.2463988519,51.2988456696,0.357123261208,0,0
0.0259,-98.1114206833,6.02386478068,46.7295732666,-52.7534380473,0,759.401062787,24466.9469777,11111.8071205,309.924292749,16.3145974071,12.2463988519,51.2988456696,0.357123261208,0,0
0.02592,-100.159215764,4.295889503,49.7846750112,-54.0805645142,0,759.524120714,25793.1010977,10903.317279,309.60358165,16.9638349849,12.2463988519,51.3408233344,0.35952883143,0,0
0.02594,-102.245363134,3.06896772249,52.8583835338,-55.9273512563,0,759.646722877,27183.2833046,10983.917764,309.60358165,16.9638349849,12.2463988519,51.3408233344,0.35952883143,0,0
0.02596,-104.583214929,5.01367649235,51.9645572658,-56.9782337582,0,759.778230816,26889.5606006,12073.2250116,309.285358664,17.6388084359,12.2463988519,51.3830566617,0.373921082141,0,0
0.02598,-106.726726441,4.55825262536,53.2625761873,-57.8208288126,0,759.911062698,27461.6277103,12270.8915921,309.285358664,17.6388084359,12.2463988519,51.3830566617,0.373921082141,0,0
0.026,-108.790772499,3.1425422627,56.3867708753,-59.529313138,0,760.044093612,28861.0758648,12300.4029673,309.285358664,17.6388084359,12.2463988519,51.3830566617,0.373921082141,0,0
0.02602,-110.820151099,1.33054069086,59.2867347863,-60.6172754772,0,760.165151851,30120.110707,12090.7173127,308.95383536,18.349296825,12.2463988519,51.4255684477,0.378641465518,0,0
0.02604,-112.87363287,-0.138995169143,62.4436271281,-62.304631959,0,760.288763753,31539.5324175,12133.4996793,308.95383536,18.349296825,12.2463988519,51.4255684477,0.378641465518,0,0
0.02606,-115.191844111,1.74598516613,61.7442766337,-63.4902617999,0,760.394029897,31305.7131562,13256.5284732,308.62629397,19.0780428017,12.2463988519,51.4683477576,0.394337130518,0,0
0.02608,-116.101439019,-13.9270278601,48.1166721143,-34.1896442542,0,760.503138348,23319.2797666,2152.06842061,308.62629397,19.0780428017,12.2463988519,51.4683477576,0.394337130518,0,0
0.0261,-116.660340008,-33.9296064166,32.7491245719,1.1804818447,0,760.647973992,14006.9304828,-11832.8102984,308.62629397,19.0780428017,12.2463988519,51.4683477576,0.394337130518,0,0
0.02612,-118.57093598,-36.9774138072,34.3041352179,2.67327858923,0,760.748377457,14653.160544,-13105.403288,308.316394031,19.813286027,12.2463988519,51.5114131062,0.546716197128,0,0
0.02614,-120.607401375,-38.3887234037,37.497581029,0.891142374786,0,760.880227217,16273.6532517,-13120.9723705,308.316394031,19.813286027,12.2463988519,51.5114131062,0.546716197128,0,0
0.02616,-123.006023069,-35.2053397579,38.3867525661,-3.18141280822,0,761.042042776,17067.4322013,-11079.8432229,308.010125836,20.5627835241,12.2463988519,51.5546986456,0.56368366071,0,0
0.02618,-125.103275634,-35.7166653699,41.1396054942,-5.42294012429,0,761.162871717,18519.4299661,-10655.4083282,308.010125836,20.5627835241,12.2463988519,51.5546986456,0.56368366071,0,0
0.0262,-127.115081986,-37.2189502396,44.3543549491,-7.13540470953,0,761.291452037,20135.7886438,-10656.7592073,308.010125836,20.5627835241,12.2463988519,51.5546986456,0.56368366071,0,0
0.02622,-129.142916769,-38.4390075229,47.5890440514,-9.15003652846,0,761.408044429,21781.6461907,-10475.6391186,307.706590812,21.3259586085,12.2463988519,51.5982613622,0.550301268784,0,0
0.02624,-131.046878572,-41.120818744,49.6635218384,-8.54270309438,0,761.511072271,22763.0913721,-11357.1351262,307.706590812,21.3259586085,12.2463988519,51.5982613622,0.550301268784,0,0
0.02626,-132.881935733,-44.572469487,50.0611586195,-5.48868913257,0,761.610186385,22877.4181272,-13054.6359825,307.407312789,22.0988544878,12.2463988519,51.6420054619,0.582369607379,0,0
0.02628,-135.019509167,-44.1463722685,49.1988657101,-5.05249344155,0,761.737856698,22586.4263422,-12888.8067106,307.407312789,22.0988544878,12.2463988519,51.6420054619,0.582369607379,0,0
0.0263,-136.989026863,-45.7198437923,52.3929538569,-6.67311006455,0,761.864326713,24213.2222812,-12859.670062,307.407312789,22.0988544878,12.2463988519,51.6420054619,0.582369607379,0,0
0.02632,-138.981626884,-46.898825844,55.4851327162,-8.5863068722,0,761.978822311,25808.4575633,-12613.1416247,307.112645268,22.8808615531,12.2463988519,51.6860077882,0.590686305015,0,0
0.02634,-140.88551144,-49.0759679823,58.1398056307,-9.06383764835,0,762.089727702,27144.8055968,-13016.5119353,307.112645268,22.8808615531,12.2463988519,51.6860077882,0.590686305015,0,0
0.02636,-142.644432694,-52.9495635452,58.7031405864,-5.75357704131,0,762.187541797,27391.6240654,-14891.2747922,306.822373067,23.6693684822,12.2463988519,51.7301673261,0.619458258223,0,0
0.02638,-144.677627716,-53.2743713912,59.0780030397,-5.8036316485,0,762.318964135,27693.8701343,-14814.0816455,306.822373067,23.6693684822,12.2463988519,51.7301673261,0.619458258223,0,0
0.0264,-146.595124093,-54.9203043974,62.2606142745,-7.34030987714,0,762.44373891,29330.8371182,-14745.5011989,306.822373067,23.6693684822,12.2463988519,51.7301673261,0.619458258223,0,0
0.02642,-148.546549875,-56.0123137943,65.1509928244,-9.13867903008,0,762.556529461,30840.7030915,-14419.7059918,306.537020452,24.4637950194,12.2463988519,51.7745436964,0.638094744977,0,0
0.02644,-150.41321508,-58.0293790456,68.0254405263,-9.9960614807,0,762.669503556,32316.8395264,-14602.1070076,306.537020452,24.4637950194,12.2463988519,51.7745436964,0.638094744977,0,0
0.02646,-152.093246224,-62.2403347393,68.7142442751,-6.47390953581,0,762.764598411,32687.809751,-16604.6741177,306.256316121,25.2619338575,12.2463988519,51.8190497914,0.645111321698,0,0
0.02648,-155.214397355,-48.2937413153,62.1618247573,-13.868083442,0,762.86106958,29888.0646916,-10292.2622083,306.256316121,25.2619338575,12.2463988519,51.8190497914,0.645111321698,0,0
0.0265,-160.323517927,-9.3495450224,44.9863047336,-35.6367597112,0,762.982418849,21951.0481658,7236.59483758,306.256316121,25.2619338575,12.2463988519,51.8190497914,0.645111321698,0,0
0.02652,-162.598914473,-5.67456547411,45.3195680716,-39.6450025975,0,763.064797718,22075.0173662,9570.74936339,305.977208511,26.0739005796,12.2463988519,51.8643043174,0.330280327717,0,0
0.02654,-164.386045327,-7.94631983104,48.1737293595,-40.2274095285,0,763.194238488,23413.0518123,9244.82449571,305.977208511,26.0739005796,12.2463988519,51.8643043174,0.330280327717,0,0
0.02656,-165.989358667,-12.3550555106,48.899688188,-36.5446326774,0,763.351039527,23760.5500189,7102.30112781,305.702775406,26.8884862758,12.2463988519,51.909732931,0.328768472867,0,0
0.02658,-167.631458432,-16.1141841306,52.4409482671,-36.3267641365,0,763.469891466,25462.7668779,6154.61050397,305.702775406,26.8884862758,12.2463988519,51.909732931,0.328768472867,0,0
0.0266,-169.406324534,-18.0450368111,55.6304348653,-37.5853980542,0,763.59073519,26981.1412001,6166.50835937,305.702775406,26.8884862758,12.2463988519,51.909732931,0.328768472867,0,0
0.02662,-171.158504515,-20.0869760919,58.6173827691,-38.5304066772,0,763.699580545,28405.6305568,6073.95338904,305.434086727,27.7034650239,12.2463988519,51.955272705,0.36284713201,0,0
0.02664,-172.972732468,-21.1771669137,61.3690103958,-40.1918434821,0,763.811852412,29699.0921026,6471.95050535,305.434086727,27.7034650239,12.2463988519,51.955272705,0.36284713201,0,0
0.02666,-174.999862059,-19.4264211297,60.7681140281,-41.3416928984,0,763.943111219,29347.6553051,7484.83115054,305.17005434,28.5183645631,12.2463988519,52.0009120042,0.379249429748,0,0
0.02668,-176.82152391,-20.0609872453,61.2261533801,-41.1651661349,0,764.0682014,29547.495511,7458.02207007,305.17005434,28.5183645631,12.2463988519,52.0009120042,0.379249429748,0,0
0.0267,-178.51862616,-22.0663002339,64.3782458135,-42.3119455796,0,764.186882956,31041.1909061,7491.25260584,305.17005434,28.5183645631,12.2463988519,52.0009120042,0.379249429748,0,0
0.02672,-180.195170246,-24.1392908235,67.182532174,-43.0432413505,0,764.293571106,32375.7179551,7395.39573467,304.911937194,29.3329166694,12.2463988519,52.0466993196,0.38729803083,0,0
0.02674,-181.865678979,-26.0955408538,70.2960531863,-44.2005123325,0,764.411743896,33847.1914884,7481.92088675,304.911937194,29.3329166694,12.2463988519,52.0466993196,0.38729803083,0,0
0.02676,-183.838672973,-24.0758338566,70.4176483067,-46.3418144501,0,764.538650429,33775.9530438,8897.24447254,304.650106189,30.1394319958,12.2463988519,52.0920284393,0.408325150594,0,0
0.02678,-185.531619701,-25.3592976099,72.0003582399,-46.64106063,0,764.656805407,34509.3646192,8899.42676491,304.650106189,30.1394319958,12.2463988519,52.0920284393,0.408325150594,0,0
0.0268,-187.145402945,-27.4325413802,75.0988467717,-47.6663053916,0,764.773737801,35966.8820747,8956.88423291,304.650106189,30.1394319958,12.2463988519,52.0920284393,0.408325150594,0,0
0.02682,-188.742646298,-29.5106172193,77.6490563909,-48.1384391716,0,764.878678976,37176.3722143,8849.06140251,304.393836352,30.9438805535,12.2463988519,52.1374794348,0.411991114731,0,0
0.02684,-190.32190155,-31.6096698377,80.7561483222,-49.1464784845,0,764.995548785,38635.1474457,8930.93171363,304.393836352,30.9438805535,12.2463988519,52.1374794348,0.411991114731,0,0
0.02686,-192.187201077,-29.9275361793,81.4960820354,-51.5685458561,0,765.114476976,38804.9332555,10391.3816608,304.14216129,31.7446635985,12.2463988519,52.1829701862,0.409812233236,0,0
0.02688,-192.933879537,-42.0209781821,73.2976886569,-31.2767104748,0,765.197833899,35886.0583415,960.47192992,304.14216129,31.7446635985,12.2463988519,52.1829701862,0.409812233236,0,0
0.0269,-193.019569737,-62.1682381462,58.3216968916,3.84654125462,0,765.31885064,30409.2377941,-15423.6428375,304.14216129,31.7446635985,12.2463988519,52.1829701862,0.409812233236,0,0
0.02692,-194.407797015,-65.8241122167,59.0002486524,6.82386356428,0,765.400110378,31028.9931859,-17073.7761774,303.905390556,32.5354391573,12.2463988519,52.2282595995,0.581752146784,0,0
0.02694,-195.903902154,-67.9209168298,62.1179481083,5.80296872145,0,765.515244999,32659.7476473,-16977.7843353,303.905390556,32.5354391573,12.2463988519,52.2282595995,0.581752146784,0,0
0.02696,-198.929541546,-50.6872392099,56.4135425151,-5.72630330521,0,765.645039281,29054.7590844,-8975.31929348,303.674013717,33.3212806244,12.2463988519,52.2735563801,0.604534427784,0,0
0.02698,-203.436380069,-14.7267784518,40.9345764162,-26.2077979645,0,765.754844348,19455.0742407,6145.45079737,303.674013717,33.3212806244,12.2463988519,52.2735563801,0.604534427784,0,0
0.027,-206.297040064,0.868514981902,35.1400029351,-36.0085179171,0,765.895682707,15491.0159638,13044.4994957,303.674013717,33.3212806244,12.2463988519,52.2735563801,0.604534427784,0,0
0.02702,-206.479269219,-16.8044635151,45.8431007097,-29.0386371946,0,765.97627455,21691.9605314,6981.53742322,303.44409597,34.1149646208,12.2463988519,52.3195926591,0.234362449102,0,0
0.02704,-205.52627328,-48.4558145448,63.2763708164,-14.8205562716,0,766.09018648,32030.3038725,-4467.48501797,303.44409597,34.1149646208,12.2463988519,52.3195926591,0.234362449102,0,0
0.02706,-206.175842894,-59.8635497479,67.1997363579,-7.33618660996,0,766.219592412,34746.5765104,-9272.95885459,303.220823354,34.8914615322,12.2463988519,52.3649825686,0.534511876181,0,0
0.02708,-209.383832018,-39.080111608,57.0317108257,-17.9515992177,0,766.318374833,28511.2403413,-1060.68294649,303.220823354,34.8914615322,12.2463988519,52.3649825686,0.534511876181,0,0
0.0271,-213.091579342,-11.8396052614,45.3341591058,-33.4945538444,0,766.438364382,20744.2545676,10135.2597014,303.220823354,34.8914615322,12.2463988519,52.3649825686,0.534511876181,0,0
0.02712,-214.644273912,-11.3282274122,46.7873093197,-35.4590819074,0,766.521614601,21227.9785259,11094.4444324,303.001121429,35.6703662071,12.2463988519,52.4108566047,0.294286757882,0,0
0.02714,-215.950747818,-13.686856412,49.8470305843,-36.1601741722,0,766.634134512,22695.943239,11051.2632343,303.001121429,35.6703662071,12.2463988519,52.4108566047,0.294286757882,0,0
0.02716,-217.118742408,-17.57022293,50.2189283173,-32.6487053873,0,766.770079448,23222.0409742,9154.9577557,302.786108284,36.4422131864,12.2463988519,52.4566956719,0.311823097518,0,0
0.02718,-218.423369614,-19.5411411906,52.4699900893,-32.9288488987,0,766.876920338,24317.2926366,9053.80946985,302.786108284,36.4422131864,12.2463988519,52.4566956719,0.311823097518,0,0
0.0272,-219.679443287,-21.9163648044,55.4919884952,-33.5756236908,0,766.986205387,25776.6848306,9036.94256057,302.786108284,36.4422131864,12.2463988519,52.4566956719,0.311823097518,0,0
0.02722,-220.904572723,-24.4779146473,58.2838963489,-33.8059817016,0,767.083486878,27162.4460734,8846.54531808,302.575683998,37.2051387597,12.2463988519,52.5024087524,0.339399064862,0,0
0.02724,-222.237305581,-25.496289016,60.6095743491,-35.1132853331,0,767.181828751,28160.8121957,9352.48244244,302.575683998,37.2051387597,12.2463988519,52.5024087524,0.339399064862,0,0
0.02726,-223.816089554,-23.2434389498,60.6976958495,-37.4542568997,0,767.282876454,27822.1523642,10813.7702225,302.369341439,37.9601296015,12.2463988519,52.5480702038,0.3590964602,0,0
0.02728,-225.138117794,-24.0071961495,60.4265391715,-36.419343022,0,767.401014247,27733.4315692,10455.9389796,302.369341439,37.9601296015,12.2463988519,52.5480702038,0.3590964602,0,0
0.0273,-226.312202012,-26.4303546447,63.3824031791,-36.9520485344,0,767.508382968,29154.0459263,10456.5991796,302.369341439,37.9601296015,12.2463988519,52.5480702038,0.3590964602,0,0
0.02732,-227.461481128,-28.9768076053,65.9673231404,-36.990515535,0,767.603752955,30443.4680055,10260.4836546,302.167308331,38.7060059166,12.2463988519,52.5936265605,0.369899368017,0,0
0.02734,-228.632093459,-31.0731395869,68.7469303666,-37.6737907797,0,767.707565533,31742.2974901,10407.6769684,302.167308331,38.7060059166,12.2463988519,52.5936265605,0.369899368017,0,0
0.02736,-230.145749339,-28.7014630011,69.0542438573,-40.3527808563,0,767.811738631,31419.9245262,12031.6732777,301.969176806,39.4428664544,12.2463988519,52.6391008395,0.38893703952,0,0
0.02738,-231.345887475,-30.0724574756,69.9591209626,-39.8866634871,0,767.923856308,31877.3158464,11840.5089453,301.969176806,39.4428664544,12.2463988519,52.6391008395,0.38893703952,0,0
0.0274,-232.444644875,-32.5382392488,72.8407228221,-40.3024835733,0,768.02978044,33255.3872074,11862.2613658,301.969176806,39.4428664544,12.2463988519,52.6391008395,0.38893703952,0,0
0.02742,-233.527204068,-35.0380140025,75.1660948314,-40.1280808289,0,768.123704982,34426.5915143,11656.3815962,301.774784709,40.1696615282,12.2463988519,52.6844469415,0.387679992364,0,0
0.02744,-234.59753688,-37.5262724753,78.05429148,-40.5280190047,0,768.229723082,35805.2013767,11704.62176,301.774784709,40.1696615282,12.2463988519,52.6844469415,0.387679992364,0,0
0.02746,-236.018729316,-35.468721843,78.638027435,-43.169305592,0,768.334622506,35580.7846119,13285.0985004,301.584000996,40.8864340236,12.2463988519,52.7296826247,0.391905781068,0,0
0.02748,-236.56686394,-44.1687481432,73.4862450976,-29.3174969543,0,768.403523306,35034.9771611,6653.49589388,301.584000996,40.8864340236,12.2463988519,52.7296826247,0.391905781068,0,0
0.0275,-236.132406336,-65.0000773205,57.9528784024,7.04719891811,0,768.507470057,32642.2662579,-10864.1493431,301.584000996,40.8864340236,12.2463988519,52.7296826247,0.391905781068,0,0
0.02752,-236.997624787,-69.4390207984,57.9516084438,11.4874123546,0,768.57462371,33406.0623522,-13036.9174544,301.404726036,41.5889473251,12.2463988519,52.774487422,0.535908439862,0,0
0.02754,-238.016156422,-71.8198898988,60.7831480683,11.0367418305,0,768.681556014,34899.0775389,-12895.4855268,301.404726036,41.5889473251,12.2463988519,52.774487422,0.535908439862,0,0
0.02756,-240.799736045,-52.0008764886,53.2979960961,-1.29711960749,0,768.799314347,28852.1338296,-5226.83687756,301.228850287,42.2813665428,12.2463988519,52.8191895008,0.55983758022,0,0
0.02758,-244.703780302,-18.0442416969,38.7558066836,-20.7115649867,0,768.902410607,17492.3869185,6889.94224981,301.228850287,42.2813665428,12.2463988519,52.8191895008,0.55983758022,0,0
0.0276,-246.773312819,-6.89224217369,34.747203417,-27.8549612433,0,769.032321483,13893.3014795,11215.992619,301.228850287,42.2813665428,12.2463988519,52.8191895008,0.55983758022,0,0
0.02762,-246.418300095,-25.9254218233,45.6497517495,-19.7243299262,0,769.106309259,21323.2694856,5886.79428109,301.045155913,42.97974991,12.2463988519,52.8648633702,0.24667608484,0,0
0.02764,-245.307579352,-54.2885037723,61.3101970593,-7.02169328708,0,769.212574126,32138.6081294,-2220.07158766,301.045155913,42.97974991,12.2463988519,52.8648633702,0.24667608484,0,0
0.02766,-245.838561248,-62.0190964609,63.0360920642,-1.01699560336,0,769.332860885,34186.9866588,-5342.04582724,300.871969759,43.6533417863,12.2463988519,52.9095310303,0.510582098638,0,0
0.02768,-248.622091857,-41.4869087178,52.9486107616,-11.4617020439,0,769.420533447,26755.3576183,1280.26611095,300.871969759,43.6533417863,12.2463988519,52.9095310303,0.510582098638,0,0
0.0277,-251.685331468,-17.3577543895,42.3709579661,-25.0132035766,0,769.531333114,18249.3015209,9468.9754151,300.871969759,43.6533417863,12.2463988519,52.9095310303,0.510582098638,0,0
0.02772,-252.787536829,-17.6462638935,43.7701186166,-26.123854723,0,769.606718328,18711.9627702,10044.5802374,300.702673259,44.324468364,12.2463988519,52.9545886702,0.299227190525,0,0
0.02774,-253.691533266,-20.3224721825,46.5754283511,-26.2529561686,0,769.707854455,20141.8809557,10003.3749005,300.702673259,44.324468364,12.2463988519,52.9545886702,0.299227190525,0,0
0.02776,-254.525973325,-23.7835751172,46.6669571189,-22.8833820017,0,769.824201546,20835.6022098,8368.09009775,300.536062155,44.9839296422,12.2463988519,52.9995182998,0.321782593039,0,0
0.02778,-255.429171259,-26.3059876103,49.1164482345,-22.8104606242,0,769.921713016,22121.7718759,8282.10676433,300.536062155,44.9839296422,12.2463988519,52.9995182998,0.321782593039,0,0
0.0278,-256.312533301,-29.0024546092,51.8656209035,-22.8631662943,0,770.020958376,23542.5088185,8257.73176294,300.536062155,44.9839296422,12.2463988519,52.9995182998,0.321782593039,0,0
0.02782,-257.178899277,-31.8427700864,54.3728799435,-22.530109857,0,770.108186608,24914.9078064,8069.41580719,300.371800236,45.6306202685,12.2463988519,53.044268893,0.351545416055,0,0
0.02784,-258.150932301,-33.2988951552,56.4866688421,-23.1877736869,0,770.200916406,25852.5605306,8432.04346254,300.371800236,45.6306202685,12.2463988519,53.044268893,0.351545416055,0,0
0.02786,-259.410383552,-31.1041376119,56.5353916121,-25.431254,0,770.292012848,25304.342316,9737.5631951,300.209844621,46.2653183841,12.2463988519,53.0889013124,0.373648859348,0,0
0.02788,-260.395059329,-32.2910531006,56.3145404556,-24.023487355,0,770.398596845,25436.8784833,9188.95037054,300.209844621,46.2653183841,12.2463988519,53.0889013124,0.373648859348,0,0
0.0279,-261.252104365,-35.0253929583,58.9938376774,-23.9684447191,0,770.496430835,26836.3074067,9183.21898438,300.209844621,46.2653183841,12.2463988519,53.0889013124,0.373648859348,0,0
0.02792,-262.101040615,-37.8181089392,61.2929759315,-23.4748669922,0,770.582247031,28131.6464305,8992.06555794,300.037119148,46.8931747243,12.2463988519,53.1339861225,0.387407345633,0,0
0.02794,-262.961409248,-40.4298177691,63.9026913445,-23.4728735753,0,770.677326931,29479.290194,9052.97247689,300.037119148,46.8931747243,12.2463988519,53.1339861225,0.387407345633,0,0
0.02796,-264.190619842,-38.3976759056,63.9830211957,-25.5853452902,0,770.779976582,28946.8690824,10297.6959882,299.866668301,47.5083512341,12.2463988519,53.1789500345,0.404226805961,0,0
0.02798,-265.113646673,-40.1641657463,64.8527263575,-24.6885606111,0,770.878366445,29565.2106175,9997.49426394,299.866668301,47.5083512341,12.2463988519,53.1789500345,0.404226805961,0,0
0.028,-265.954861455,-42.9291763204,67.4632790478,-24.5341027274,0,770.97441677,30945.9895937,10019.2397764,299.866668301,47.5083512341,12.2463988519,53.1789500345,0.404226805961,0,0
0.02802,-226.513256555,0,0,0,0,771.058452969,0,0,299.698350286,48.1107901682,12.2463988519,53.2238012878,0.40800498123,0,0
0.02804,-189.248663267,0,0,0,0,771.155298628,0,0,299.698350286,48.1107901682,12.2463988519,53.2238012878,0.40800498123,0,0
0.02806,-157.405278842,0,0,0,0,771.256966073,0,0,299.207894676,48.4060800177,12.2463988519,53.2590679122,0.308770999648,0,0
0.02808,-130.733970985,0,0,0,0,771.34523635,0,0,299.207894676,48.4060800177,12.2463988519,53.2590679122,0.308770999648,0,0
0.0281,-106.378742537,0,0,0,0,771.439960395,-0,0,299.207894676,48.4060800177,12.2463988519,53.2590679122,0.308770999648,0,0
0.02812,-87.0673105531,0,0,0,0,771.499598089,-0,0,298.474541921,48.474375756,12.2463988519,53.2879122863,0.398786229694,0,0
0.02814,-82.8257447216,0,0,0,0,771.580385776,-0,0,298.474541921,48.474375756,12.2463988519,53.2879122863,0.398786229694,0,0
0.02816,-92.9550049109,0,0,0,0,771.650831939,-0,0,297.713507254,48.4761206556,12.2463988519,53.3142028135,0.414910555785,0,0
0.02818,-99.2699165981,0,0,0,0,771.723079195,0,0,297.713507254,48.4761206556,12.2463988519,53.3142028135,0.414910555785,0,0
0.0282,-90.1703188746,0,0,0,0,771.823701078,-0,0,297.713507254,48.4761206556,12.2463988519,53.3142028135,0.414910555785,0,0
0.02822,-74.3807296086,0,0,0,0,771.887915693,-0,0,297.006770141,48.4887684432,12.2463988519,53.3403611032,0.421561395292,0,0
0.02824,-59.9602399965,0,0,0,0,771.98146059,-0,0,297.006770141,48.4887684432,12.2463988519,53.3403611032,0.421561395292,0,0
0.02826,-48.9757688722,0,0,0,0,772.074395748,-0,0,0,0,0,53.3403611032,0.5,2,0
0.02828,-44.9797591238,0,0,0,0,772.167327112,-0,0,0,0,0,53.3403611032,0.5,2,0
0.0283,-42.6029133294,0,0,0,0,772.259993668,-0,0,0,0,0,53.3403611032,0.5,2,0
0.02832,-35.904750112,0,0,0,0,772.352237609,-0,0,0,0,0,53.3403611032,0.5,2,0
0.02834,-27.6327497698,0,0,0,0,772.444342868,-0,0,0,0,0,53.3403611032,0.5,2,0
0.02836,-23.8700505238,0,0,0,0,772.535946626,-0,0,0,0,0,53.3403611032,0.5,2,0
0.02838,-23.9112182682,0,0,0,0,772.627433848,-0,0,0,0,0,53.3403611032,0.5,2,0
0.0284,-21.8907225901,0,0,0,0,772.718442454,-0,0,0,0,0,53.3403611032,0.5,2,0
0.02842,-16.4862664019,0,0,0,0,772.809286432,-0,0,0,0,0,53.3403611032,0.5,2,0
0.02844,-12.5003889499,0,0,0,0,772.89973993,-0,0,0,0,0,53.3403611032,0.5,2,0
0.02846,-12.5718723808,0,0,0,0,772.98993081,-0,0,0,0,0,53.3403611032,0.5,2,0
0.02848,-13.1105572376,0,0,0,0,773.079830058,-0,0,0,0,0,53.3403611032,0.5,2,0
0.0285,-10.5265212035,0,0,0,0,773.169382169,-0,0,0,0,0,53.3403611032,0.5,2,0
0.02852,-6.8834909823,0,0,0,0,773.258711559,-0,0,0,0,0,53.3403611032,0.5,2,0
0.02854,-6.04167433961,0,0,0,0,773.347653837,-0,0,0,0,0,53.3403611032,0.5,2,0
0.02856,-7.31638989852,0,0,0,0,773.436389723,-0,0,0,0,0,53.3403611032,0.5,2,0
0.02858,-6.95263421445,0,0,0,0,773.524748553,0,0,0,0,0,53.3403611032,0.5,2,0
0.0286,-4.35285842713,0,0,0,0,773.612883352,-0,0,0,0,0,53.3403611032,0.5,2,0
0.02862,-2.70287453018,0,0,0,0,773.700672084,-0,0,0,0,0,53.3403611032,0.5,2,0
0.02864,-3.53459243149,0,0,0,0,773.788198172,-0,0,0,0,0,53.3403611032,0.5,2,0
0.02866,-4.42325590179,0,0,0,0,773.875427053,0,0,0,0,0,53.3403611032,0.5,2,0
0.02868,-3.19505438428,0,0,0,0,773.962350111,0,0,0,0,0,53.3403611032,0.5,2,0
0.0287,-1.34282937707,0,0,0,0,774.049011361,-0,0,0,0,0,53.3403611032,0.5,2,0
0.02872,-1.29725231462,0,0,0,0,774.135350489,-0,0,0,0,0,53.3403611032,0.5,2,0
0.02874,-2.46750234893,0,0,0,0,774.221436917,-0,0,0,0,0,53.3403611032,0.5,2,0
0.02876,-2.44961354675,0,0,0,0,774.307206431,0,0,0,0,0,53.3403611032,0.5,2,0
0.02878,-1.00976366258,0,0,0,0,774.392716521,0,0,0,0,0,53.3403611032,0.5,2,0
0.0288,-0.243186208203,0,0,0,0,774.477922203,-0,0,0,0,0,53.3403611032,0.5,2,0
0.02882,-1.02374490552,0,0,0,0,774.562857185,-0,0,0,0,0,53.3403611032,0.5,2,0
0.02884,-1.72172351656,0,0,0,0,774.647504026,0,0,0,0,0,53.3403611032,0.5,2,0
0.02886,-1.0236057508,0,0,0,0,774.731866274,0,0,0,0,0,53.3403611032,0.5,2,0
0.02888,0.0158675457995,0,0,0,0,774.815953,-0,0,0,0,0,53.3403611032,0.5,2,0
0.0289,-0.125589432668,0,0,0,0,774.899753187,-0,0,0,0,0,53.3403611032,0.5,2,0
0.02892,-0.974196566275,0,0,0,0,774.983282346,-0,0,0,0,0,53.3403611032,0.5,2,0
0.02894,-0.994776293897,0,0,0,0,775.066527619,0,0,0,0,0,53.3403611032,0.5,2,0
0.02896,-0.127337377998,0,0,0,0,775.149499872,0,0,0,0,0,53.3403611032,0.5,2,0
0.02898,0.259176445188,0,0,0,0,775.23219267,-0,0,0,0,0,53.3403611032,0.5,2,0
0.029,-0.325006943394,0,0,0,0,775.314612974,-0,0,0,0,0,53.3403611032,0.5,2,0
0.02902,-0.792629208311,0,0,0,0,775.396757659,0,0,0,0,0,53.3403611032,0.5,2,0
0.02904,-0.352498127439,0,0,0,0,775.478628987,0,0,0,0,0,53.3403611032,0.5,2,0
0.02906,0.263577309055,0,0,0,0,775.560227866,0,-0,0,0,0,53.3403611032,0.5,2,0
0.02908,0.106186990659,0,0,0,0,775.641554994,-0,0,0,0,0,53.3403611032,0.5,2,0
0.0291,-0.463348805366,0,0,0,0,775.722611903,0,0,0,0,0,53.3403611032,0.5,2,0
0.02912,-0.468357402987,0,0,0,0,775.803398865,0,0,0,0,0,53.3403611032,0.5,2,0
0.02914,0.0757413571713,0,0,0,0,775.883916988,0,0,0,0,0,53.3403611032,0.5,2,0
0.02916,0.279473706373,0,0,0,0,775.964167165,0,-0,0,0,0,53.3403611032,0.5,2,0
0.02918,-0.126440119801,0,0,0,0,776.044150288,-0,0,0,0,0,53.3403611032,0.5,2,0
0.0292,-0.421274320993,0,0,0,0,776.123867247,0,0,0,0,0,53.3403611032,0.5,2,0
0.02922,-0.130647396641,0,0,0,0,776.203318927,0,0,0,0,0,53.3403611032,0.5,2,0
0.02924,0.24387203253,0,0,0,0,776.282506211,0,-0,0,0,0,53.3403611032,0.5,2,0
0.02926,0.112596234605,0,0,0,0,776.361429978,-0,0,0,0,0,53.3403611032,0.5,2,0
0.02928,-0.257743109533,0,0,0,0,776.440091106,0,0,0,0,0,53.3403611032,0.5,2,0
0.0293,-0.247358768653,0,0,0,0,776.518490468,0,0,0,0,0,53.3403611032,0.5,2,0
0.02932,0.0999106780815,0,0,0,0,776.596628936,0,0,0,0,0,53.3403611032,0.5,2,0
0.02934,0.208489354539,0,0,0,0,776.674507378,0,-0,0,0,0,53.3403611032,0.5,2,0
0.02936,-0.0653693758452,0,0,0,0,776.752126659,-0,0,0,0,0,53.3403611032,0.5,2,0
0.02938,-0.245716486242,0,0,0,0,776.829487641,0,0,0,0,0,53.3403611032,0.5,2,0
0.0294,-0.0503162490663,0,0,0,0,776.906591185,0,0,0,0,0,53.3403611032,0.5,2,0
0.02942,0.179580953022,0,0,0,0,776.983438146,0,-0,0,0,0,53.3403611032,0.5,2,0
0.02944,0.0793794274556,0,0,0,0,777.060029379,-0,0,0,0,0,53.3403611032,0.5,2,0
0.02946,-0.157867216157,0,0,0,0,777.136365735,0,0,0,0,0,53.3403611032,0.5,2,0
0.02948,-0.140050437727,0,0,0,0,777.212448061,0,0,0,0,0,53.3403611032,0.5,2,0
0.0295,0.0829985513531,0,0,0,0,777.288277204,0,0,0,0,0,53.3403611032,0.5,2,0
0.02952,0.140034103453,0,0,0,0,777.363854005,0,-0,0,0,0,53.3403611032,0.5,2,0
0.02954,-0.0421751930533,0,0,0,0,777.439179305,-0,0,0,0,0,53.3403611032,0.5,2,0
0.02956,-0.150471938434,0,0,0,0,777.51425394,0,0,0,0,0,53.3403611032,0.5,2,0
0.02958,-0.0185456713795,0,0,0,0,777.589078745,0,0,0,0,0,53.3403611032,0.5,2,0
0.0296,0.122851619606,0,0,0,0,777.66365455,0,-0,0,0,0,53.3403611032,0.5,2,0
0.02962,0.0493884524127,0,0,0,0,777.737982185,-0,0,0,0,0,53.3403611032,0.5,2,0
0.02964,-0.101336703236,0,0,0,0,777.812062475,0,0,0,0,0,53.3403611032,0.5,2,0
0.02966,-0.0820821572677,0,0,0,0,777.885896244,0,0,0,0,0,53.3403611032,0.5,2,0
0.02968,0.0613288898288,0,0,0,0,777.959484312,0,0,0,0,0,53.3403611032,0.5,2,0
0.0297,0.0901987534925,0,0,0,0,778.032827496,0,-0,0,0,0,53.3403611032,0.5,2,0
0.02972,-0.0300793955602,0,0,0,0,778.105926611,-0,0,0,0,0,53.3403611032,0.5,2,0
0.02974,-0.0941882824376,0,0,0,0,778.17878247,0,0,0,0,0,53.3403611032,0.5,2,0
0.02976,-0.00525122180074,0,0,0,0,778.251395883,0,0,0,0,0,53.3403611032,0.5,2,0
0.02978,0.0815524398593,0,0,0,0,778.323767655,0,-0,0,0,0,53.3403611032,0.5,2,0
0.0298,0.0289169403634,0,0,0,0,778.395898591,-0,0,0,0,0,53.3403611032,0.5,2,0
0.02982,-0.0663066916571,0,0,0,0,778.467789492,0,0,0,0,0,53.3403611032,0.5,2,0
0.02984,-0.0487660280267,0,0,0,0,778.539441158,0,0,0,0,0,53.3403611032,0.5,2,0
0.02986,0.0433220081544,0,0,0,0,778.610854384,0,-0,0,0,0,53.3403611032,0.5,2,0
0.02988,0.0569624300453,0,0,0,0,778.682029964,0,-0,0,0,0,53.3403611032,0.5,2,0
0.0299,-0.0220124094938,0,0,0,0,778.752968688,-0,0,0,0,0,53.3403611032,0.5,2,0
0.02992,-0.0594498494601,0,0,0,0,778.823671345,0,0,0,0,0,53.3403611032,0.5,2,0
0.02994,0.000291845393192,0,0,0,0,778.894138721,0,0,0,0,0,53.3403611032,0.5,2,0
0.02996,0.0533742769004,0,0,0,0,778.964371598,0,-0,0,0,0,53.3403611032,0.5,2,0
0.02998,0.0162401948317,0,0,0,0,779.034370757,-0,0,0,0,0,53.3403611032,0.5,2,0
0.03,-0.0436499966934,0,0,0,0,779.104136975,0,0,0,0,0,53.3403611032,0.5,2,0
0.03002,-0.0290396756446,0,0,0,0,779.173671028,0,0,0,0,0,53.3403611032,0.5,2,0
0.03004,0.0299558242733,0,0,0,0,779.242973689,0,-0,0,0,0,53.3403611032,0.5,2,0
0.03006,0.0355796715257,0,0,0,0,779.312045726,0,-0,0,0,0,53.3403611032,0.5,2,0
0.03008,-0.016058667785,0,0,0,0,779.380887908,-0,0,0,0,0,53.3403611032,0.5,2,0
0.0301,-0.037595943948,0,0,0,0,779.449501,0,0,0,0,0,53.3403611032,0.5,2,0
0.03012,0.00236595044423,0,0,0,0,779.517885764,0,0,0,0,0,53.3403611032,0.5,2,0
0.03014,0.0346611807102,0,0,0,0,779.58604296,0,-0,0,0,0,53.3403611032,0.5,2,0
0.03016,0.00876629886753,0,0,0,0,779.653973345,-0,0,0,0,0,53.3403611032,0.5,2,0
0.03018,-0.0287468695818,0,0,0,0,779.721677673,0,0,0,0,0,53.3403611032,0.5,2,0
0.0302,-0.0172274704569,0,0,0,0,779.789156698,0,0,0,0,0,53.3403611032,0.5,2,0
0.03022,0.020462841839,0,0,0,0,779.856411169,0,-0,0,0,0,53.3403611032,0.5,2,0
0.03024,0.0220589011189,0,0,0,0,779.923441833,0,-0,0,0,0,53.3403611032,0.5,2,0
0.03026,-0.0115821976651,0,0,0,0,779.990249435,-0,0,0,0,0,53.3403611032,0.5,2,0
0.03028,-0.0237516520169,0,0,0,0,780.056834717,0,0,0,0,0,53.3403611032,0.5,2,0
0.0303,0.00286548547571,0,0,0,0,780.123198419,0,0,0,0,0,53.3403611032,0.5,2,0
0.03032,0.0223942659972,0,0,0,0,780.189341278,0,-0,0,0,0,53.3403611032,0.5,2,0
0.03034,0.0045058045165,0,0,0,0,780.25526403,-0,0,0,0,0,53.3403611032,0.5,2,0
0.03036,-0.0188959060944,0,0,0,0,780.320967407,0,0,0,0,0,53.3403611032,0.5,2,0
0.03038,-0.0101434164752,0,0,0,0,780.386452138,0,0,0,0,0,53.3403611032,0.5,2,0
0.0304,0.0138635202425,0,0,0,0,780.451718952,0,-0,0,0,0,53.3403611032,0.5,2,0
0.03042,0.0135929528658,0,0,0,0,780.516768574,0,-0,0,0,0,53.3403611032,0.5,2,0
0.03044,-0.00824938689975,0,0,0,0,780.581601726,-0,0,0,0,0,53.3403611032,0.5,2,0
0.03046,-0.014969746428,0,0,0,0,780.646219128,0,0,0,0,0,53.3403611032,0.5,2,0
0.03048,0.00268581227256,0,0,0,0,780.7106215,0,0,0,0,0,53.3403611032,0.5,2,0
0.0305,0.0144115460994,0,0,0,0,780.774809555,0,-0,0,0,0,53.3403611032,0.5,2,0
0.03052,0.00215169342425,0,0,0,0,780.838784008,-0,0,0,0,0,53.3403611032,0.5,2,0
0.03054,-0.012385821286,0,0,0,0,780.90254557,0,0,0,0,0,53.3403611032,0.5,2,0
0.03056,-0.00591040567703,0,0,0,0,780.966094948,0,0,0,0,0,53.3403611032,0.5,2,0
0.03058,0.00933291283387,0,0,0,0,781.029432849,0,-0,0,0,0,53.3403611032,0.5,2,0
0.0306,0.00832782600525,0,0,0,0,781.092559976,0,-0,0,0,0,53.3403611032,0.5,2,0
0.03062,-0.00580800723371,0,0,0,0,781.155477032,-0,0,0,0,0,53.3403611032,0.5,2,0
0.03064,-0.00940597565516,0,0,0,0,781.218184714,0,0,0,0,0,53.3403611032,0.5,2,0
0.03066,0.00225909975016,0,0,0,0,781.28068372,0,0,0,0,0,53.3403611032,0.5,2,0
0.03068,0.00924221917071,0,0,0,0,781.342974745,0,-0,0,0,0,53.3403611032,0.5,2,0
0.0307,0.000897663519706,0,0,0,0,781.40505848,-0,0,0,0,0,53.3403611032,0.5,2,0
0.03072,-0.00809331442067,0,0,0,0,781.466935615,0,0,0,0,0,53.3403611032,0.5,2,0
0.03074,-0.00339806204511,0,0,0,0,781.528606837,0,0,0,0,0,53.3403611032,0.5,2,0
0.03076,0.00624930530415,0,0,0,0,781.590072833,0,-0,0,0,0,53.3403611032,0.5,2,0
0.03078,0.00507172523582,0,0,0,0,781.651334284,0,-0,0,0,0,53.3403611032,0.5,2,0
0.0308,-0.00404777304661,0,0,0,0,781.712391872,-0,0,0,0,0,53.3403611032,0.5,2,0
0.03082,-0.00588959964016,0,0,0,0,781.773246275,0,0,0,0,0,53.3403611032,0.5,2,0
0.03084,0.00178861432506,0,0,0,0,781.833898168,0,0,0,0,0,53.3403611032,0.5,2,0
0.03086,0.00590769954157,0,0,0,0,781.894348227,0,-0,0,0,0,53.3403611032,0.5,2,0
0.03088,0.000262648801866,0,0,0,0,781.954597122,-0,0,0,0,0,53.3403611032,0.5,2,0
0.0309,-0.00527155657438,0,0,0,0,782.014645524,0,0,0,0,0,53.3403611032,0.5,2,0
0.03092,-0.00192051591054,0,0,0,0,782.074494098,0,0,0,0,0,53.3403611032,0.5,2,0
0.03094,0.00416467160171,0,0,0,0,782.134143511,0,-0,0,0,0,53.3403611032,0.5,2,0
0.03096,0.00306881016777,0,0,0,0,782.193594425,0,-0,0,0,0,53.3403611032,0.5,2,0
0.03098,-0.00279614822704,0,0,0,0,782.2528475,0,0,0,0,0,53.3403611032,0.5,2,0
0.031,-0.00367391090296,0,0,0,0,782.311903396,0,0,0,0,0,53.3403611032,0.5,2,0
0.03102,0.00136192163035,0,0,0,0,782.370762767,0,0,0,0,0,53.3403611032,0.5,2,0
0.03104,0.00376410576273,0,0,0,0,782.429426268,0,-0,0,0,0,53.3403611032,0.5,2,0
0.03106,-3.38120351252e-05,0,0,0,0,782.487894552,-0,0,0,0,0,53.3403611032,0.5,2,0
0.03108,-0.00342267632389,0,0,0,0,782.546168266,0,0,0,0,0,53.3403611032,0.5,2,0
0.0311,-0.00106147291237,0,0,0,0,782.60424806,0,0,0,0,0,53.3403611032,0.5,2,0
0.03112,0.00276339658098,0,0,0,0,782.662134578,0,-0,0,0,0,53.3403611032,0.5,2,0
0.03114,0.00184353394293,0,0,0,0,782.719828464,0,-0,0,0,0,53.3403611032,0.5,2,0
0.03116,-0.00191664600077,0,0,0,0,782.777330358,0,0,0,0,0,53.3403611032,0.5,2,0
0.03118,-0.00228249158964,0,0,0,0,782.834640899,0,0,0,0,0,53.3403611032,0.5,2,0
0.0312,0.00100891502566,0,0,0,0,782.891760724,0,0,0,0,0,53.3403611032,0.5,2,0
0.03122,0.00239056374531,0,0,0,0,782.948690469,0,-0,0,0,0,53.3403611032,0.5,2,0
0.03124,-0.000151868218595,0,0,0,0,783.005430765,-0,0,0,0,0,53.3403611032,0.5,2,0
0.03126,-0.00221524340401,0,0,0,0,783.061982242,0,0,0,0,0,53.3403611032,0.5,2,0
0.03128,-0.000569127375902,0,0,0,0,783.11834553,0,0,0,0,0,53.3403611032,0.5,2,0
0.0313,0.00182621120441,0,0,0,0,783.174521254,0,-0,0,0,0,53.3403611032,0.5,2,0
0.03132,0.00109840680471,0,0,0,0,783.230510039,0,-0,0,0,0,53.3403611032,0.5,2,0
0.03134,-0.00130483449712,0,0,0,0,783.286312507,0,0,0,0,0,53.3403611032,0.5,2,0
0.03136,-0.00141186845325,0,0,0,0,783.341929277,0,0,0,0,0,53.3403611032,0.5,2,0
0.03138,0.000732209766027,0,0,0,0,783.397360968,0,0,0,0,0,53.3403611032,0.5,2,0
0.0314,0.00151324285792,0,0,0,0,783.452608195,0,-0,0,0,0,53.3403611032,0.5,2,0
0.03142,-0.000180907594256,0,0,0,0,783.507671573,-0,0,0,0,0,53.3403611032,0.5,2,0
0.03144,-0.00142928680634,0,0,0,0,783.562551713,0,0,0,0,0,53.3403611032,0.5,2,0
0.03146,-0.000292026714524,0,0,0,0,783.617249225,0,0,0,0,0,53.3403611032,0.5,2,0
0.03148,0.00120228205599,0,0,0,0,783.671764717,0,-0,0,0,0,53.3403611032,0.5,2,0
0.0315,0.000648231610301,0,0,0,0,783.726098794,-0,0,0,0,0,53.3403611032,0.5,2,0
0.03152,-0.000882917028333,0,0,0,0,783.78025206,0,0,0,0,0,53.3403611032,0.5,2,0
0.03154,-0.00086921887666,0,0,0,0,783.834225117,0,0,0,0,0,53.3403611032,0.5,2,0
0.03156,0.000522936318581,0,0,0,0,783.888018565,0,0,0,0,0,53.3403611032,0.5,2,0
0.03158,0.000954655905007,0,0,0,0,783.941633001,0,-0,0,0,0,53.3403611032,0.5,2,0
0.0316,-0.000169418087355,0,0,0,0,783.995069021,-0,0,0,0,0,53.3403611032,0.5,2,0
0.03162,-0.000919323292098,0,0,0,0,784.048327218,0,0,0,0,0,53.3403611032,0.5,2,0
0.03164,-0.00013973755343,0,0,0,0,784.101408185,0,0,0,0,0,53.3403611032,0.5,2,0
0.03166,0.000788661388577,0,0,0,0,784.154312511,0,-0,0,0,0,53.3403611032,0.5,2,0
0.03168,0.000378254096613,0,0,0,0,784.207040784,-0,0,0,0,0,53.3403611032,0.5,2,0
0.0317,-0.000594147195761,0,0,0,0,784.25959359,0,0,0,0,0,53.3403611032,0.5,2,0
0.03172,-0.000532388433584,0,0,0,0,784.311971513,0,0,0,0,0,53.3403611032,0.5,2,0
0.03174,0.000368667874755,0,0,0,0,784.364175135,0,0,0,0,0,53.3403611032,0.5,2,0
0.03176,0.000600152675288,0,0,0,0,784.416205035,0,-0,0,0,0,53.3403611032,0.5,2,0
0.03178,-0.000142685845587,0,0,0,0,784.468061792,-0,0,0,0,0,53.3403611032,0.5,2,0
0.0318,-0.000589481063499,0,0,0,0,784.519745983,0,0,0,0,0,53.3403611032,0.5,2,0
0.03182,-5.87353257545e-05,0,0,0,0,784.571258181,0,0,0,0,0,53.3403611032,0.5,2,0
0.03184,0.000515547535434,0,0,0,0,784.622598958,0,-0,0,0,0,53.3403611032,0.5,2,0
0.03186,0.000217708125086,0,0,0,0,784.673768885,-0,0,0,0,0,53.3403611032,0.5,2,0
0.03188,-0.000397821912955,0,0,0,0,784.724768532,0,0,0,0,0,53.3403611032,0.5,2,0
0.0319,-0.000324240010784,0,0,0,0,784.775598463,0,0,0,0,0,53.3403611032,0.5,2,0
0.03192,0.000257131309162,0,0,0,0,784.826259245,0,0,0,0,0,53.3403611032,0.5,2,0
0.03194,0.000375911867143,0,0,0,0,784.87675144,0,-0,0,0,0,53.3403611032,0.5,2,0
0.03196,-0.000113130239428,0,0,0,0,784.927075608,-0,0,0,0,0,53.3403611032,0.5,2,0
0.03198,-0.000376806367249,0,0,0,0,784.97723231,0,0,0,0,0,53.3403611032,0.5,2,0
0.032,-1.76738749383e-05,0,0,0,0,785.027222102,0,0,0,0,0,53.3403611032,0.5,2,0
0.03202,0.000335886464487,0,0,0,0,785.077045541,0,-0,0,0,0,53.3403611032,0.5,2,0
0.03204,0.00012317539626,0,0,0,0,785.126703178,-0,0,0,0,0,53.3403611032,0.5,2,0
0.03206,-0.000265140739637,0,0,0,0,785.176195567,0,0,0,0,0,53.3403611032,0.5,2,0
0.03208,-0.000196229294432,0,0,0,0,785.225523257,0,0,0,0,0,53.3403611032,0.5,2,0
0.0321,0.000177712574851,0,0,0,0,785.274686797,0,-0,0,0,0,53.3403611032,0.5,2,0
0.03212,0.000234550773858,0,0,0,0,785.323686731,0,-0,0,0,0,53.3403611032,0.5,2,0
0.03214,-8.62452304031e-05,0,0,0,0,785.372523606,-0,0,0,0,0,53.3403611032,0.5,2,0
0.03216,-0.000240103900921,0,0,0,0,785.421197963,0,0,0,0,0,53.3403611032,0.5,2,0
0.03218,1.57034757143e-06,0,0,0,0,785.469710344,0,0,0,0,0,53.3403611032,0.5,2,0
0.0322,0.000218123365666,0,0,0,0,785.518061286,0,-0,0,0,0,53.3403611032,0.5,2,0
0.03222,6.81637090395e-05,0,0,0,0,785.566251329,-0,0,0,0,0,53.3403611032,0.5,2,0
0.03224,-0.000175954061965,0,0,0,0,785.614281006,0,0,0,0,0,53.3403611032,0.5,2,0
0.03226,-0.000117915429267,0,0,0,0,785.662150853,0,0,0,0,0,53.3403611032,0.5,2,0
0.03228,0.000121860939677,0,0,0,0,785.709861399,0,-0,0,0,0,53.3403611032,0.5,2,0
0.0323,0.000145751565061,0,0,0,0,785.757413177,0,-0,0,0,0,53.3403611032,0.5,2,0
0.03232,-6.39522940974e-05,0,0,0,0,785.804806713,-0,0,0,0,0,53.3403611032,0.5,2,0
0.03234,-0.000152507035576,0,0,0,0,785.852042535,0,0,0,0,0,53.3403611032,0.5,2,0
0.03236,9.31052078072e-06,0,0,0,0,785.899121168,0,0,0,0,0,53.3403611032,0.5,2,0
0.03238,0.000141197758447,0,0,0,0,785.946043134,0,-0,0,0,0,53.3403611032,0.5,2,0
0.0324,3.66070235651e-05,0,0,0,0,785.992808955,-0,0,0,0,0,53.3403611032,0.5,2,0
0.03242,-0.000116298528978,0,0,0,0,786.03941915,0,0,0,0,0,53.3403611032,0.5,2,0
0.03244,-7.0281738034e-05,0,0,0,0,786.085874238,0,0,0,0,0,53.3403611032,0.5,2,0
0.03246,8.29875153042e-05,0,0,0,0,786.132174734,0,-0,0,0,0,53.3403611032,0.5,2,0
0.03248,9.01763008866e-05,0,0,0,0,786.178321154,0,-0,0,0,0,53.3403611032,0.5,2,0
0.0325,-4.64486163583e-05,0,0,0,0,786.224314009,-0,0,0,0,0,53.3403611032,0.5,2,0
0.03252,-9.65512439804e-05,0,0,0,0,786.270153811,0,0,0,0,0,53.3403611032,0.5,2,0
0.03254,1.12971389971e-05,0,0,0,0,786.315841069,0,0,0,0,0,53.3403611032,0.5,2,0
0.03256,9.11150258371e-05,0,0,0,0,786.36137629,0,-0,0,0,0,53.3403611032,0.5,2,0
0.03258,1.88287214701e-05,0,0,0,0,786.406759981,-0,0,0,0,0,53.3403611032,0.5,2,0
0.0326,-7.65768815152e-05,0,0,0,0,786.451992646,0,0,0,0,0,53.3403611032,0.5,2,0
0.03262,-4.14957936773e-05,0,0,0,0,786.497074788,0,0,0,0,0,53.3403611032,0.5,2,0
0.03264,5.61685728217e-05,0,0,0,0,786.542006907,0,-0,0,0,0,53.3403611032,0.5,2,0
0.03266,5.55297049512e-05,0,0,0,0,786.586789503,0,-0,0,0,0,53.3403611032,0.5,2,0
0.03268,-3.31939566049e-05,0,0,0,0,786.631423073,-0,0,0,0,0,53.3403611032,0.5,2,0
0.0327,-6.09200900988e-05,0,0,0,0,786.675908112,0,0,0,0,0,53.3403611032,0.5,2,0
0.03272,1.06508223048e-05,0,0,0,0,786.720245117,0,0,0,0,0,53.3403611032,0.5,2,0
0.03274,5.86139046161e-05,0,0,0,0,786.764434578,0,-0,0,0,0,53.3403611032,0.5,2,0
0.03276,9.04581323158e-06,0,0,0,0,786.808476988,-0,0,0,0,0,53.3403611032,0.5,2,0
0.03278,-5.02399102857e-05,0,0,0,0,786.852372834,0,0,0,0,0,53.3403611032,0.5,2,0
0.0328,-2.42266896029e-05,0,0,0,0,786.896122606,0,0,0,0,0,53.3403611032,0.5,2,0
0.03282,3.7806889062e-05,0,0,0,0,786.939726789,0,-0,0,0,0,53.3403611032,0.5,2,0
0.03284,3.40196854013e-05,0,0,0,0,786.983185868,0,-0,0,0,0,53.3403611032,0.5,2,0
0.03286,-2.3413776264e-05,0,0,0,0,787.026500325,-0,0,0,0,0,53.3403611032,0.5,2,0
0.03288,-3.83039622361e-05,0,0,0,0,787.069670642,0,0,0,0,0,53.3403611032,0.5,2,0
0.0329,9.00152240647e-06,0,0,0,0,787.112697299,0,0,0,0,0,53.3403611032,0.5,2,0
0.03292,3.75892036625e-05,0,0,0,0,787.155580773,0,-0,0,0,0,53.3403611032,0.5,2,0
0.03294,3.83325390821e-06,0,0,0,0,787.198321541,-0,0,0,0,0,53.3403611032,0.5,2,0
0.03296,-3.28467389382e-05,0,0,0,0,787.240920078,0,0,0,0,0,53.3403611032,0.5,2,0
0.03298,-1.39533128641e-05,0,0,0,0,787.283376857,0,0,0,0,0,53.3403611032,0.5,2,0
0.033,2.53197552832e-05,0,0,0,0,787.32569235,0,-0,0,0,0,53.3403611032,0.5,2,0
0.03302,2.07245028804e-05,0,0,0,0,787.367867028,0,-0,0,0,0,53.3403611032,0.5,2,0
0.03304,-1.63373516711e-05,0,0,0,0,787.409901358,-0,0,0,0,0,53.3403611032,0.5,2,0
0.03306,-2.39960694413e-05,0,0,0,0,787.451795808,0,0,0,0,0,53.3403611032,0.5,2,0
0.03308,7.15227315386e-06,0,0,0,0,787.493550843,0,0,0,0,0,53.3403611032,0.5,2,0
0.0331,2.40310301798e-05,0,0,0,0,787.535166927,0,-0,0,0,0,53.3403611032,0.5,2,0
0.03312,1.1839402056e-06,0,0,0,0,787.576644523,-0,0,0,0,0,53.3403611032,0.5,2,0
0.03314,-2.1403246285e-05,0,0,0,0,787.617984091,0,0,0,0,0,53.3403611032,0.5,2,0
0.03316,-7.90128438786e-06,0,0,0,0,787.659186092,0,0,0,0,0,53.3403611032,0.5,2,0
0.03318,1.68784975192e-05,0,0,0,0,787.700250981,0,-0,0,0,0,53.3403611032,0.5,2,0
0.0332,1.25461553597e-05,0,0,0,0,787.741179217,0,-0,0,0,0,53.3403611032,0.5,2,0
0.03322,-1.12955745804e-05,0,0,0,0,787.781971253,0,0,0,0,0,53.3403611032,0.5,2,0
0.03324,-1.4975018079e-05,0,0,0,0,787.822627543,0,0,0,0,0,53.3403611032,0.5,2,0
0.03326,5.46052120102e-06,0,0,0,0,787.863148539,0,0,0,0,0,53.3403611032,0.5,2,0
0.03328,1.53149255502e-05,0,0,0,0,787.90353469,0,-0,0,0,0,53.3403611032,0.5,2,0
0.0333,-6.33768245408e-08,0,0,0,0,787.943786446,-0,0,0,0,0,53.3403611032,0.5,2,0
0.03332,-1.39011757561e-05,0,0,0,0,787.983904253,0,0,0,0,0,53.3403611032,0.5,2,0
0.03334,-4.37739825684e-06,0,0,0,0,788.023888558,0,0,0,0,0,53.3403611032,0.5,2,0
0.03336,1.12030741244e-05,0,0,0,0,788.063739805,0,-0,0,0,0,53.3403611032,0.5,2,0
0.03338,7.54160871864e-06,0,0,0,0,788.103458437,0,-0,0,0,0,53.3403611032,0.5,2,0
0.0334,-7.74813507304e-06,0,0,0,0,788.143044894,0,0,0,0,0,53.3403611032,0.5,2,0
0.03342,-9.30733106388e-06,0,0,0,0,788.182499617,0,0,0,0,0,53.3403611032,0.5,2,0
0.03344,4.05337728261e-06,0,0,0,0,788.221823044,0,0,0,0,0,53.3403611032,0.5,2,0
0.03346,9.729000082e-06,0,0,0,0,788.261015612,0,-0,0,0,0,53.3403611032,0.5,2,0
0.03348,-5.70043968348e-07,0,0,0,0,788.300077757,-0,0,0,0,0,53.3403611032,0.5,2,0
0.0335,-8.99991237743e-06,0,0,0,0,788.339009912,0,0,0,0,0,53.3403611032,0.5,2,0
0.03352,-2.35453938662e-06,0,0,0,0,788.37781251,0,0,0,0,0,53.3403611032,0.5,2,0
0.03354,7.40607158978e-06,0,0,0,0,788.416485982,0,-0,0,0,0,53.3403611032,0.5,2,0
0.03356,4.49681065461e-06,0,0,0,0,788.455030759,0,-0,0,0,0,53.3403611032,0.5,2,0
0.03358,-5.27802458212e-06,0,0,0,0,788.493447267,0,0,0,0,0,53.3403611032,0.5,2,0
0.0336,-5.75959358002e-06,0,0,0,0,788.531735935,0,0,0,0,0,53.3403611032,0.5,2,0
0.03362,2.94637007685e-06,0,0,0,0,788.569897187,0,0,0,0,0,53.3403611032,0.5,2,0
0.03364,6.16028029928e-06,0,0,0,0,788.607931447,0,-0,0,0,0,53.3403611032,0.5,2,0
0.03366,-7.05203709905e-07,0,0,0,0,788.645839138,-0,0,0,0,0,53.3403611032,0.5,2,0
0.03368,-5.80845884861e-06,0,0,0,0,788.683620682,0,0,0,0,0,53.3403611032,0.5,2,0
0.0337,-1.21387726119e-06,0,0,0,0,788.721276498,0,0,0,0,0,53.3403611032,0.5,2,0
0.03372,4.87734181256e-06,0,0,0,0,788.758807004,0,-0,0,0,0,53.3403611032,0.5,2,0
0.03374,2.65621977073e-06,0,0,0,0,788.796212617,-0,0,0,0,0,53.3403611032,0.5,2,0
0.03376,-3.57326203088e-06,0,0,0,0,788.833493754,0,0,0,0,0,53.3403611032,0.5,2,0
0.03378,-3.54747697153e-06,0,0,0,0,788.870650828,0,0,0,0,0,53.3403611032,0.5,2,0
0.0338,2.10695145128e-06,0,0,0,0,788.907684252,0,0,0,0,0,53.3403611032,0.5,2,0
0.03382,3.88749218856e-06,0,0,0,0,788.944594437,0,-0,0,0,0,53.3403611032,0.5,2,0
0.03384,-6.69460841096e-07,0,0,0,0,788.981381795,-0,0,0,0,0,53.3403611032,0.5,2,0
0.03386,-3.73707375552e-06,0,0,0,0,789.018046732,0,0,0,0,0,53.3403611032,0.5,2,0
0.03388,-5.85447084945e-07,0,0,0,0,789.054589658,0,0,0,0,0,53.3403611032,0.5,2,0
0.0339,3.20039063404e-06,0,0,0,0,789.091010977,0,-0,0,0,0,53.3403611032,0.5,2,0
0.03392,1.55163927497e-06,0,0,0,0,789.127311095,-0,0,0,0,0,53.3403611032,0.5,2,0
0.03394,-2.40571756792e-06,0,0,0,0,789.163490415,0,0,0,0,0,53.3403611032,0.5,2,0
0.03396,-2.17384325642e-06,0,0,0,0,789.199549339,0,0,0,0,0,53.3403611032,0.5,2,0
0.03398,1.48695194399e-06,0,0,0,0,789.235488267,0,0,0,0,0,53.3403611032,0.5,2,0
0.034,2.44467853127e-06,0,0,0,0,789.271307599,0,-0,0,0,0,53.3403611032,0.5,2,0
0.03402,-105.288382287,-13.4210492964,-31.2033960361,44.6244453325,0,789.307007733,21470.5625095,-981.901066701,0,0,0,53.3403611032,0.5,2,0
0.03404,-103.155801907,-12.8289862914,-30.8645271632,43.6935134546,0,789.342586517,21028.5211193,-985.185019197,0,0,0,53.3403611032,0.5,2,0
0.03406,-101.066368067,-11.6684706085,-29.4226019867,41.0910725952,0,789.378051031,19801.8682123,-1003.24629256,0,0,0,53.3403611032,0.5,2,0
0.03408,-98.9084404865,-11.3388014647,-29.5118101256,40.8506115904,0,789.413396916,19687.0411255,-1001.5993954,0,0,0,53.3403611032,0.5,2,0
0.0341,-96.6858595371,-11.7956495464,-31.100999142,42.8966486883,0,789.448624211,20644.6045946,-968.374858376,0,0,0,53.3403611032,0.5,2,0
0.03412,-94.5015056403,-11.7565597087,-31.7896436148,43.5462033235,0,789.483734005,20947.6813826,-953.922648045,0,0,0,53.3403611032,0.5,2,0
0.03414,-92.3859569491,-10.8427253186,-30.822994314,41.6657196326,0,789.518725755,20070.9872546,-989.072401336,0,0,0,53.3403611032,0.5,2,0
0.03416,-90.2561789961,-10.0953634043,-30.1332195336,40.2285829379,0,789.553604292,19402.971756,-1017.57127451,0,0,0,53.3403611032,0.5,2,0
0.03418,-88.0580412791,-10.1942533962,-31.0309668056,41.2252202018,0,789.588365009,19868.8864384,-984.056182932,0,0,0,53.3403611032,0.5,2,0
0.0342,-85.8495277855,-10.417601988,-32.1924435434,42.6100455313,0,789.623010052,20514.4207184,-936.528979533,0,0,0,53.3403611032,0.5,2,0
0.03422,-83.6988986632,-9.91501901687,-31.9995529735,41.9145719903,0,789.657538836,20197.2685331,-954.251731992,0,0,0,53.3403611032,0.5,2,0
0.03424,-81.5762031293,-9.06360322206,-31.125085504,40.188688726,0,789.691954431,19405.9529741,-1010.33192862,0,0,0,53.3403611032,0.5,2,0
0.03426,-79.4100998076,-8.75768550809,-31.2554932492,40.0131787573,0,789.726254973,19331.7522466,-1008.70573271,0,0,0,53.3403611032,0.5,2,0
0.03428,-77.2049793134,-8.94479448058,-32.3283087789,41.2731032595,0,789.760441151,19918.8033759,-946.308599383,0,0,0,53.3403611032,0.5,2,0
0.0343,-75.0271115064,-8.79881399383,-32.7963367226,41.5951507164,0,789.794513535,20075.5326975,-923.76005169,0,0,0,53.3403611032,0.5,2,0
0.03432,-72.8944233452,-8.09775855615,-32.2119445951,40.3097031513,0,789.82847205,19497.8744477,-978.518014441,0,0,0,53.3403611032,0.5,2,0
0.03434,-70.7528957751,-7.5188111873,-31.8324407611,39.3512519484,0,789.862318617,19071.7490935,-1018.53121592,0,0,0,53.3403611032,0.5,2,0
0.03436,-68.56900664,-7.48278634616,-32.4721181459,39.954904492,0,789.896052007,19359.4335848,-974.316647321,0,0,0,53.3403611032,0.5,2,0
0.03438,-66.3810020253,-7.51323784386,-33.256965934,40.7702037778,0,789.929673141,19743.8815328,-916.360316315,0,0,0,53.3403611032,0.5,2,0
0.0344,-64.2319079603,-7.07381264021,-33.1646609907,40.2384736309,0,789.96318216,19518.6194063,-938.936384264,0,0,0,53.3403611032,0.5,2,0
0.03442,-62.1012620676,-6.42160566979,-32.6544682169,39.0760738867,0,789.996580128,19010.065233,-1002.81108063,0,0,0,53.3403611032,0.5,2,0
0.03444,-59.9435560748,-6.12662925681,-32.8027535659,38.9293828227,0,790.029866731,18962.0691695,-1000.16067772,0,0,0,53.3403611032,0.5,2,0
0.03446,-57.7626987292,-6.14102785967,-33.5433970535,39.6844249132,0,790.063042561,19321.3642352,-933.943637852,0,0,0,53.3403611032,0.5,2,0
0.03448,-55.6013048949,-5.93296589765,-33.8798004861,39.8127663838,0,790.09610799,19400.276837,-912.148186705,0,0,0,53.3403611032,0.5,2,0
0.0345,-53.4698242717,-5.37252066355,-33.5473602833,38.9198809469,0,790.129063318,19023.6491164,-968.199936924,0,0,0,53.3403611032,0.5,2,0
0.03452,-51.3331173889,-4.89948464779,-33.3633258371,38.2628104849,0,790.161909112,18754.5279675,-1006.88494981,0,0,0,53.3403611032,0.5,2,0
0.03454,-49.1703511969,-4.77467324062,-33.8335694518,38.6082426924,0,790.194645536,18934.0602885,-963.458388707,0,0,0,53.3403611032,0.5,2,0
0.03456,-46.9973568451,-4.8004554439,-35.0874832447,39.8879386886,0,790.220439092,19560.0974292,-919.919019335,295.601473126,48.2243694513,12.2463988519,53.3729126345,0.461438545522,0,0
0.03458,-44.8160285407,-4.95327139939,-37.5349939841,42.4882653835,0,790.252977448,20829.8322374,-908.374461686,295.601473126,48.2243694513,12.2463988519,53.3729126345,0.461438545522,0,0
0.0346,-42.6383601077,-5.08317899377,-39.9830346504,45.0662136442,0,790.285541282,22089.1226997,-887.502776265,295.601473126,48.2243694513,12.2463988519,53.3729126345,0.461438545522,0,0
0.03462,-40.4659816477,-5.1696495043,-42.3304556917,47.5001051959,0,790.305978131,23280.8396456,-858.772835171,294.19813429,47.9542881379,12.2463988519,53.4055398656,0.473466658907,0,0
0.03464,-38.2776066581,-5.47848282872,-44.3526959925,49.8311788212,0,790.339031516,24374.6964564,-698.081539039,294.19813429,47.9542881379,12.2463988519,53.4055398656,0.473466658907,0,0
0.03466,-36.13622417,-5.22191026883,-43.1437819126,48.3656921814,0,790.388653954,23666.3549864,-552.619546815,292.79655057,47.6793203987,12.2463988519,53.4382935688,0.493365922296,0,0
0.03468,-34.0509994848,-4.28484011134,-44.6470464635,48.9318865748,0,790.42022819,24119.7419387,-864.019744038,292.79655057,47.6793203987,12.2463988519,53.4382935688,0.493365922296,0,0
0.0347,-31.890654159,-4.30761288601,-47.1276471914,51.4352600774,0,790.4522226,25356.6437448,-818.275596264,292.79655057,47.6793203987,12.2463988519,53.4382935688,0.493365922296,0,0
0.03472,-29.7364247534,-4.27402231669,-49.3916010454,53.6656233621,0,790.472092288,26465.8511922,-766.575810615,291.395499548,47.3991743609,12.2463988519,53.4711824913,0.486341519588,0,0
0.03474,-27.5825178598,-4.25563306984,-51.8957844015,56.1514174713,0,790.503793895,27698.2213548,-703.381758502,291.395499548,47.3991743609,12.2463988519,53.4711824913,0.486341519588,0,0
0.03476,-25.4281288576,-4.26155209619,-51.0919504842,55.3535025804,0,790.560990008,27279.9953336,-463.67881129,289.995554155,47.1144659343,12.2463988519,53.5042156719,0.500432388208,0,0
0.03478,-23.3092496159,-3.84083839933,-53.2539478187,57.094786218,0,790.587047725,28225.4326658,-534.030282303,289.995554155,47.1144659343,12.2463988519,53.5042156719,0.500432388208,0,0
0.0348,-21.1647850283,-3.75605257737,-55.7650312733,59.5210838506,0,790.618033051,29441.1225287,-458.453497947,289.995554155,47.1144659343,12.2463988519,53.5042156719,0.500432388208,0,0
0.03482,-19.0272998623,-3.59892764703,-57.9233438816,61.5222715286,0,790.636904916,30459.3944452,-384.011478532,288.595451007,46.8247810422,12.2463988519,53.5373934583,0.500099851576,0,0
0.03484,-16.8883166991,-3.47415141426,-60.4645232119,63.9386746261,0,790.668058069,31676.8699522,-291.525928333,288.595451007,46.8247810422,12.2463988519,53.5373934583,0.500099851576,0,0
0.03486,-14.7587341382,-3.24414568202,-60.6559806617,63.9001263437,0,790.713813333,31695.9563595,-165.365463712,287.195748254,46.5309611546,12.2463988519,53.5707394798,0.504402525574,0,0
0.03488,-12.6276110683,-3.04426980554,-63.178749294,66.2230190996,0,790.744544351,32884.4539834,-77.4983518368,287.195748254,46.5309611546,12.2463988519,53.5707394798,0.504402525574,0,0
0.0349,-10.496325989,-2.85583622202,-65.7156662943,68.5715025163,0,790.774813472,34082.5751686,33.0899893701,287.195748254,46.5309611546,12.2463988519,53.5707394798,0.504402525574,0,0
0.03492,-8.96730128067,4.85293574162,-60.2833680905,55.4304323489,0,790.768129137,29348.9128857,-3035.29030785,285.795180391,46.232564189,12.2463988519,53.6042504493,0.510556645868,0,0
0.03494,-8.27998434996,23.0766769081,-44.8667033872,21.7900264791,0,790.798476937,16787.447087,-10716.2459751,285.795180391,46.232564189,12.2463988519,53.6042504493,0.510556645868,0,0
0.03496,-6.75691198254,30.8486652988,-39.2915418036,8.44287650472,0,790.814317047,11950.2166901,-14005.7625438,284.387242743,45.9355555339,12.2463988519,53.6385865772,0.293513374243,0,0
0.03498,-4.6287996778,31.0544353859,-41.9466137604,10.8921783745,0,790.84487715,13347.5259425,-14018.571103,284.387242743,45.9355555339,12.2463988519,53.6385865772,0.293513374243,0,0
0.035,-2.5004520368,31.2556504599,-44.5977908617,13.3421404017,0,790.875325799,14743.4055893,-14010.5523226,284.387242743,45.9355555339,12.2463988519,53.6385865772,0.293513374243,0,0
0.03502,-0.332952714418,30.9674695168,-47.0966855835,16.1292160667,0,790.893654473,16187.6656606,-13764.0390201,282.977955782,45.6352815673,12.2463988519,53.6731472388,0.298702496609,0,0
0.03504,1.7010897846,32.3491121754,-49.472292,17.1231798246,0,790.890580361,17140.5479316,-14253.6974455,282.977955782,45.6352815673,12.2463988519,53.6731472388,0.298702496609,0,0
0.03506,3.61492182745,35.2366046233,-49.5669312003,14.330326577,0,790.881872994,16565.3419483,-15439.8833793,281.567754098,45.3326672299,12.2463988519,53.7079649225,0.302680663625,0,0
0.03508,5.60149429876,37.2196515322,-50.5808342986,13.3611827663,0,790.885728053,16699.0620384,-16210.5128086,281.567754098,45.3326672299,12.2463988519,53.7079649225,0.302680663625,0,0
0.0351,7.72370942794,37.5135432348,-53.2646152008,15.751071966,0,790.915641419,18108.1312465,-16177.229691,281.567754098,45.3326672299,12.2463988519,53.7079649225,0.302680663625,0,0
0.03512,11.1002573369,22.1361914477,-48.1155852895,25.9793938418,0,790.908817002,19328.9948841,-9098.92951906,280.155550156,45.0279749122,12.2463988519,53.7430772799,0.295534960958,0,0
0.03514,14.9070278661,1.3904740838,-40.2894700319,38.8989959481,0,790.906992717,20280.3284121,406.469047286,280.155550156,45.0279749122,12.2463988519,53.7430772799,0.295534960958,0,0
0.03516,16.7897840237,4.70580985575,-40.9860267578,36.2802169021,0,790.939915437,19883.8918256,-961.53993652,278.738409005,44.7142349889,12.2463988519,53.7780690542,0.502986864894,0,0
0.03518,18.7650184584,6.87744519635,-42.0589555109,35.1815103146,0,790.967528042,19954.3701163,-1792.29041996,278.738409005,44.7142349889,12.2463988519,53.7780690542,0.502986864894,0,0
0.0352,20.8766964212,7.35716016589,-44.8171527945,37.4599926286,0,790.997607528,21265.3999846,-1770.3243165,278.738409005,44.7142349889,12.2463988519,53.7780690542,0.502986864894,0,0
0.03522,22.9953934121,7.76404094612,-47.4199707895,39.6559298434,0,791.015565808,22515.5134398,-1701.78092684,277.318796481,44.3994232507,12.2463988519,53.8133981688,0.478547238775,0,0
0.03524,25.1111150196,8.22422507185,-50.0574669146,41.8332418427,0,791.046902141,23772.8418688,-1638.87812397,277.318796481,44.3994232507,12.2463988519,53.8133981688,0.478547238775,0,0
0.03526,27.2791375523,8.04788691339,-48.7649317031,40.7170447897,0,791.088539989,23188.9118062,-1447.06940874,275.89706941,44.0831843456,12.2463988519,53.8490013083,0.486117952804,0,0
0.03528,29.3323757153,9.32463529323,-50.8730914562,41.5484561629,0,791.115376734,24013.1538388,-1776.87743635,275.89706941,44.0831843456,12.2463988519,53.8490013083,0.486117952804,0,0
0.0353,31.4424416668,9.91026903799,-53.6655948093,43.7553257713,0,791.144976733,25331.0354977,-1728.08298815,275.89706941,44.0831843456,12.2463988519,53.8490013083,0.486117952804,0,0
0.03532,33.5603716177,10.4176884501,-56.1689111288,45.7512226787,0,791.162457759,26521.7305613,-1640.34765783,274.468325365,43.7576621998,12.2463988519,53.8844611906,0.47567208075,0,0
0.03534,35.6693524919,11.0578062452,-58.9954786578,47.9376724126,0,791.191862009,27850.1633448,-1579.01994988,274.468325365,43.7576621998,12.2463988519,53.8844611906,0.47567208075,0,0
0.03536,37.786337918,11.6193420801,-58.4933765171,46.874034437,0,791.244420607,27528.522719,-1684.15311615,273.036052381,43.4311026423,12.2463988519,53.9202101382,0.478466470668,0,0
0.03538,39.8682136954,12.6417489078,-60.9951775581,48.3534286503,0,791.268452293,28627.8756744,-1805.64389001,273.036052381,43.4311026423,12.2463988519,53.9202101382,0.478466470668,0,0
0.0354,41.9784802119,13.3316776916,-63.8172347788,50.4855570872,0,791.297100936,29955.6816408,-1726.5669609,273.036052381,43.4311026423,12.2463988519,53.9202101382,0.478466470668,0,0
0.03542,44.0986319228,13.9207291226,-66.1977763193,52.2770471967,0,791.313640933,31084.2966837,-1614.10307425,271.596891286,43.1114029757,12.2463988519,53.9568795927,0.466491487492,0,0
0.03544,46.2082894679,14.6637976584,-69.0583399051,54.3945422467,0,791.342542085,32426.9992772,-1521.94619955,271.596891286,43.1114029757,12.2463988519,53.9568795927,0.466491487492,0,0
0.03546,48.5423727263,12.6244041231,-63.3633137628,50.7389096396,0,791.366526506,29997.214997,-775.658001831,270.158827917,42.7880811545,12.2463988519,53.9934450889,0.478360829223,0,0
0.03548,51.8151480047,-1.12589805073,-37.0783756923,38.2042737431,0,791.38685793,19216.9097961,3878.23527549,270.158827917,42.7880811545,12.2463988519,53.9934450889,0.478360829223,0,0
0.0355,54.8395786897,-11.749409562,-17.0982904757,28.8477000377,0,791.432596821,10870.4961726,7424.97579588,270.158827917,42.7880811545,12.2463988519,53.9934450889,0.478360829223,0,0
0.03552,56.9755021477,-11.244499763,-19.0493075998,30.2938073628,0,791.441622264,11745.7945326,7450.14963927,268.706275238,42.4610802478,12.2463988519,54.0304678918,0.670695913567,0,0
0.03554,59.0810527689,-10.3383976373,-22.0613622752,32.3997599125,0,791.470097527,13098.6733966,7394.58497145,268.706275238,42.4610802478,12.2463988519,54.0304678918,0.670695913567,0,0
0.03556,61.0836255955,-8.12423975252,-25.7187339932,33.8429737457,0,791.493074057,14572.0662168,6769.36138492,267.25133208,42.1367708971,12.2463988519,54.0678680801,0.667577318543,0,0
0.03558,63.1890252101,-7.17543361152,-28.7383950907,35.9138287022,0,791.521372541,15933.2015579,6731.59103825,267.25133208,42.1367708971,12.2463988519,54.0678680801,0.667577318543,0,0
0.0356,65.2939392217,-6.20157812798,-31.7655345759,37.9671127039,0,791.54917339,17297.9841195,6701.21718711,267.25133208,42.1367708971,12.2463988519,54.0678680801,0.667577318543,0,0
0.03562,67.3757907594,-4.9216213325,-34.955850996,39.8774723285,0,791.564850834,18702.8303,6553.61857818,265.7941042,41.8159661702,12.2463988519,54.1056655332,0.649529099049,0,0
0.03564,69.531310853,-4.5460163172,-36.7295881785,41.2756044956,0,791.584886114,19530.0077186,6716.39201325,265.7941042,41.8159661702,12.2463988519,54.1056655332,0.649529099049,0,0
0.03566,71.8437407517,-6.11675101953,-34.5740867941,40.6908378136,0,791.599001789,18650.0257139,7400.89392122,264.320133683,41.4945612351,12.2463988519,54.1439803574,0.641734010468,0,0
0.03568,74.0193258063,-5.96352220701,-34.9394667368,40.9029889438,0,791.614654619,18792.5290065,7511.26478553,264.320133683,41.4945612351,12.2463988519,54.1439803574,0.641734010468,0,0
0.0357,76.1211493766,-4.8766593839,-37.9997517493,42.8764111332,0,791.642198816,20171.1631921,7496.39652023,264.320133683,41.4945612351,12.2463988519,54.1439803574,0.641734010468,0,0
0.03572,78.1973808225,-3.46022438302,-41.1375308838,44.5977552668,0,791.657622218,21548.4723019,7340.78022562,262.841986201,41.1778882673,12.2463988519,54.1827466802,0.640853465214,0,0
0.03574,80.3130428624,-2.52910267622,-43.8422829115,46.3713855877,0,791.682431099,22777.097447,7395.43283929,262.841986201,41.1778882673,12.2463988519,54.1827466802,0.640853465214,0,0
0.03576,82.6178601587,-3.95710964621,-41.792053222,45.7491628682,0,791.709049715,21913.1325089,8017.55304312,261.361069042,40.8671471991,12.2463988519,54.2219614038,0.628590457739,0,0
0.03578,84.7818726992,-3.6221564332,-43.3264966365,46.9486530697,0,791.725417274,22627.8946116,8232.85545019,261.361069042,40.8671471991,12.2463988519,54.2219614038,0.628590457739,0,0
0.0358,86.87730139,-2.42956806835,-46.4078708266,48.8374388949,0,791.752708446,24018.1812455,8241.22346809,261.361069042,40.8671471991,12.2463988519,54.2219614038,0.628590457739,0,0
0.03582,88.9468484817,-0.915836636583,-49.4321807454,50.348017382,0,791.767878736,25345.8958976,8090.97563832,259.876584982,40.5630118869,12.2463988519,54.2616624511,0.623704492318,0,0
0.03584,91.0481720109,0.195450720362,-52.3146787769,52.1192280565,0,791.794687623,26654.4655248,8148.30069792,259.876584982,40.5630118869,12.2463988519,54.2616624511,0.623704492318,0,0
0.03586,93.3380587365,-1.05854702398,-50.2996438092,51.3581908332,0,791.825633711,25773.4422845,8684.83269131,258.389852884,40.2665012565,12.2463988519,54.3018391289,0.610069674608,0,0
0.03588,95.5279040156,-1.07341998317,-52.5880669898,53.661486973,0,791.842754714,26907.9009105,9263.52418122,258.389852884,40.2665012565,12.2463988519,54.3018391289,0.610069674608,0,0
0.0359,97.6118599901,0.220643883918,-55.68251636,55.4618724761,0,791.869298655,28305.8516307,9298.30103832,258.389852884,40.2665012565,12.2463988519,54.3018391289,0.610069674608,0,0
0.03592,99.6705687029,1.81219875935,-58.5678515894,56.7556528301,0,791.883731569,29573.2472336,9156.87070423,256.900159828,39.9782163676,12.2463988519,54.342519464,0.603505887004,0,0
0.03594,101.75085166,3.11242570121,-61.6421390545,58.5297133533,0,791.911788633,30968.6883511,9221.46453645,256.900159828,39.9782163676,12.2463988519,54.342519464,0.603505887004,0,0
0.03596,104.055504755,1.58270068725,-60.3920579852,58.8093572979,0,791.9390802,30480.324372,10046.5151117,255.408839502,39.6991327999,12.2463988519,54.3836917359,0.587776047007,0,0
0.03598,106.19840458,2.04577063706,-63.0525371727,61.0067665356,0,791.960469495,31745.9490039,10512.3791708,255.408839502,39.6991327999,12.2463988519,54.3836917359,0.587776047007,0,0
0.036,108.26407678,3.44115422201,-66.1482640796,62.7071098576,0,791.986608109,33144.9343165,10574.1252566,255.408839502,39.6991327999,12.2463988519,54.3836917359,0.587776047007,0,0
0.03602,109.645531788,13.3522006966,-60.6096045117,47.2574038151,0,791.973843385,29543.3154473,4379.33743253,253.915257969,39.4298874415,12.2463988519,54.42538338,0.578370976184,0,0
0.03604,110.180430902,33.804019763,-44.6900162392,10.8859964762,0,792.001353012,19781.1300648,-9650.94613775,253.915257969,39.4298874415,12.2463988519,54.42538338,0.578370976184,0,0
0.03606,112.012872903,37.9911549318,-38.8272515063,0.836096574442,0,792.03316571,16529.4683511,-12985.2832301,252.418438923,39.1811165813,12.2463988519,54.4684597849,0.3922725237,0,0
0.03608,114.125978767,38.6202810091,-41.6372832961,3.01700228697,0,792.053811288,18014.3261179,-12668.2265277,252.418438923,39.1811165813,12.2463988519,54.4684597849,0.3922725237,0,0
0.0361,116.173176104,40.0191552197,-44.819880574,4.80072535423,0,792.079691275,19621.9098434,-12676.0161229,252.418438923,39.1811165813,12.2463988519,54.4684597849,0.3922725237,0,0
0.03612,118.241394249,41.0966854502,-47.973355608,6.87667015781,0,792.093448341,21243.2274728,-12492.4421853,250.920413962,38.9441551848,12.2463988519,54.5120733082,0.399307915231,0,0
0.03614,120.385903231,41.1574502072,-48.5352043684,7.37775416118,0,792.117973866,21637.7253104,-12282.1919161,250.920413962,38.9441551848,12.2463988519,54.5120733082,0.399307915231,0,0
0.03616,122.267314468,44.4391972709,-48.7322840865,4.29308681561,0,792.097726283,21611.4476996,-13925.5097196,249.422141444,38.7197685238,12.2463988519,54.5562242846,0.390989611655,0,0
0.03618,124.133244669,47.8420524327,-50.0000311579,2.1579787252,0,792.091682121,22133.5945991,-15404.4553468,249.422141444,38.7197685238,12.2463988519,54.5562242846,0.390989611655,0,0
0.0362,126.147110712,49.318591167,-53.1784740376,3.85988287064,0,792.117160322,23763.7057273,-15381.9516218,249.422141444,38.7197685238,12.2463988519,54.5562242846,0.390989611655,0,0
0.03622,129.179797214,37.9780019547,-50.0236074748,12.0456055201,0,792.109290809,23027.8991447,-9661.76258467,247.92383862,38.5102248527,12.2463988519,54.6010408223,0.346281738417,0,0
0.03624,133.696912488,7.99539479871,-36.4851190209,28.4897242222,0,792.126239344,17972.8928883,4034.19949427,247.92383862,38.5102248527,12.2463988519,54.6010408223,0.346281738417,0,0
0.03626,135.743999274,8.79667522035,-35.4041230119,26.6074477916,0,792.134200551,17395.9392078,3455.83117646,246.418894242,38.3060814211,12.2463988519,54.6460224343,0.668108149465,0,0
0.03628,137.6000829,11.8892006057,-37.200391356,25.3111907503,0,792.157252949,18156.4127126,2276.4584129,246.418894242,38.3060814211,12.2463988519,54.6460224343,0.668108149465,0,0
0.0363,139.561159459,13.568186347,-40.4362904442,26.8681040972,0,792.18267045,19703.5953608,2246.49088641,246.418894242,38.3060814211,12.2463988519,54.6460224343,0.668108149465,0,0
0.03632,141.499230031,15.4287865,-43.7452816087,28.3164951087,0,792.195969422,21282.321084,2152.64525244,244.914756787,38.1181663208,12.2463988519,54.6916755103,0.633485868536,0,0
0.03634,143.481003927,16.6323118908,-45.9829329581,29.3506210673,0,792.217343956,22357.9811367,2179.85617571,244.914756787,38.1181663208,12.2463988519,54.6916755103,0.633485868536,0,0
0.03636,145.620275173,15.7515325623,-44.015432025,28.2638994627,0,792.240826721,21429.5237222,2325.1398546,243.412016329,37.9454218538,12.2463988519,54.7378802682,0.62174622227,0,0
0.03638,147.661054985,15.9815305338,-44.8679154562,28.8863849224,0,792.255091038,21852.1929315,2558.71130221,243.412016329,37.9454218538,12.2463988519,54.7378802682,0.62174622227,0,0
0.0364,149.569259327,17.7436139717,-48.0899863877,30.3463724159,0,792.279920738,23397.7208614,2552.02685478,243.412016329,37.9454218538,12.2463988519,54.7378802682,0.62174622227,0,0
0.03642,151.456987958,19.6318377624,-51.2579852057,31.6261474433,0,792.292636948,24915.6704589,2479.60536763,241.910049158,37.7887641185,12.2463988519,54.7847043676,0.618873441794,0,0
0.03644,153.349182631,21.3297846519,-54.3019508017,32.9721661498,0,792.317029597,26378.1345737,2501.09399831,241.910049158,37.7887641185,12.2463988519,54.7847043676,0.618873441794,0,0
0.03646,155.424657617,20.5976923236,-52.4497495151,31.8520571915,0,792.356139258,25500.6515338,2587.600352,240.410425712,37.6483223042,12.2463988519,54.832089169,0.599440398193,0,0
0.03648,157.312571008,22.0665706525,-54.1946755865,32.1281049341,0,792.37602266,26339.7649812,2403.56058762,240.410425712,37.6483223042,12.2463988519,54.832089169,0.599440398193,0,0
0.0365,159.159492124,23.8998675689,-57.3889791315,33.4891115626,0,792.400398933,27877.2958169,2426.98875462,240.410425712,37.6483223042,12.2463988519,54.832089169,0.599440398193,0,0
0.03652,160.992355352,25.7565544836,-60.3638965077,34.6073420241,0,792.412662932,29309.7729657,2395.01982019,238.911671777,37.5336405074,12.2463988519,54.8807761365,0.586065426235,0,0
0.03654,162.813187136,27.6070472249,-63.5357530059,35.928705781,0,792.438805924,30836.7313624,2441.24878489,238.911671777,37.5336405074,12.2463988519,54.8807761365,0.586065426235,0,0
0.03656,164.803073852,27.183615689,-62.0235750172,34.8399593283,0,792.493327031,30124.3694829,2448.28548904,237.416171166,37.4366941917,12.2463988519,54.9300836555,0.564398466284,0,0
0.03658,166.62922234,28.6421352812,-64.4710333153,35.8288980341,0,792.509304165,31305.1463446,2530.76460697,237.416171166,37.4366941917,12.2463988519,54.9300836555,0.564398466284,0,0
0.0366,168.406523592,30.5425485827,-67.6294327435,37.0868841608,0,792.533305732,32825.9693196,2586.73892528,237.416171166,37.4366941917,12.2463988519,54.9300836555,0.564398466284,0,0
0.03662,170.176620602,32.3605249989,-70.3922231811,38.0316981823,0,792.545195903,34158.6521061,2591.09804412,235.923687556,37.3570245448,12.2463988519,54.9799839191,0.548453569647,0,0
0.03664,171.923410823,34.2936874817,-73.5535584337,39.259870952,0,792.569998761,35679.3066572,2667.4098296,235.923687556,37.3570245448,12.2463988519,54.9799839191,0.548453569647,0,0
0.03666,173.795460694,34.4814381926,-73.1929941704,38.7115559777,0,792.615304332,35519.4344969,2683.61103623,234.435497618,37.2956022817,12.2463988519,55.0305143818,0.523302881172,0,0
0.03668,175.516121167,36.3785215335,-76.2640355165,39.885513983,0,792.639380474,36995.5955172,2780.99071912,234.435497618,37.2956022817,12.2463988519,55.0305143818,0.523302881172,0,0
0.0367,177.216872703,38.3382184468,-79.3738027044,41.0355842577,0,792.662979942,38489.2571759,2873.88560624,234.435497618,37.2956022817,12.2463988519,55.0305143818,0.523302881172,0,0
0.03672,178.919317174,40.0874542194,-81.87791574,41.7904615207,0,792.674475581,39695.8439011,2915.47635293,232.950970156,37.2523013962,12.2463988519,55.0816901739,0.508017854879,0,0
0.03674,180.586394777,42.0865933754,-84.9988401666,42.9122467911,0,792.698848231,41191.6508813,3026.38385617,232.950970156,37.2523013962,12.2463988519,55.0816901739,0.508017854879,0,0
0.03676,182.571433172,39.9163313612,-79.835639816,39.9193084549,0,792.705138869,38750.0736483,2874.2984948,231.471540373,37.2271680791,12.2463988519,55.13348748,0.482134262466,0,0
0.03678,185.765360501,22.437537604,-43.9371593924,21.4996217885,0,792.714542787,21532.5781748,1452.26438665,231.471540373,37.2271680791,12.2463988519,55.13348748,0.482134262466,0,0
0.0368,188.747034961,7.41214117956,-12.913259477,5.50111829741,0,792.76041899,6415.21138929,0.488664916439,231.471540373,37.2271680791,12.2463988519,55.13348748,0.482134262466,0,0
0.03682,190.414318359,8.61471645,-14.2151288203,5.60041237028,0,792.759368978,7084.84957467,-214.449861122,229.983960904,37.2224108904,12.2463988519,55.186605363,0.746255447081,0,0
0.03684,191.990081712,10.7574178144,-17.4547298735,6.69731205918,0,792.783459124,8705.56540437,-310.325952686,229.983960904,37.2224108904,12.2463988519,55.186605363,0.746255447081,0,0
0.03686,193.476754781,13.8081148807,-22.5983492,8.79023431929,0,792.808567437,11253.5220916,-261.861655533,228.502128548,37.236649476,12.2463988519,55.2403884769,0.724697399134,0,0
0.03688,195.017265549,15.9786530348,-25.8273831755,9.84873014066,0,792.832476134,12866.4530226,-329.849837234,228.502128548,37.236649476,12.2463988519,55.2403884769,0.724697399134,0,0
0.0369,196.540764125,18.1533082982,-29.0400247361,10.886716438,0,792.855437389,14470.5401371,-385.14007741,228.502128548,37.236649476,12.2463988519,55.2403884769,0.724697399134,0,0
0.03692,198.033328686,20.5049663262,-32.5278189803,12.0228526542,0,792.866282194,16208.944709,-425.466391815,227.014193748,37.2602330533,12.2463988519,55.2943297693,0.685694599993,0,0
0.03694,199.610414157,21.5895167882,-33.4869844056,11.8974676175,0,792.87165767,16719.6946104,-604.391933789,227.014193748,37.2602330533,12.2463988519,55.2943297693,0.685694599993,0,0
0.03696,201.289287894,21.1904098507,-31.4466071496,10.2561972989,0,792.868350145,15780.7704028,-988.035142364,225.531872591,37.3028044687,12.2463988519,55.3489565107,0.668668949846,0,0
0.03698,202.893136144,21.5173275086,-30.8369725107,9.31964500214,0,792.868069055,15539.8999574,-1288.84651385,225.531872591,37.3028044687,12.2463988519,55.3489565107,0.668668949846,0,0
0.037,204.327707334,23.7481441438,-34.000005166,10.2518610222,0,792.891156704,17128.2375109,-1324.92933347,225.531872591,37.3028044687,12.2463988519,55.3489565107,0.668668949846,0,0
0.03702,205.736507796,26.0889813035,-37.3568542642,11.2678729608,0,792.902126549,18808.3416506,-1333.11781872,224.054909568,37.36441108,12.2463988519,55.4043173868,0.657280033617,0,0
0.03704,207.172999386,27.8717382238,-39.5531332579,11.6813950341,0,792.91704053,19929.3824834,-1424.79719424,224.054909568,37.36441108,12.2463988519,55.4043173868,0.657280033617,0,0
0.03706,208.762159371,27.5345937899,-37.4783372733,9.94374348333,0,792.926560031,19001.6130161,-1864.67286338,222.583336449,37.4432299777,12.2463988519,55.4602941163,0.631525460883,0,0
0.03708,210.228840962,28.5174998108,-37.98619182,9.46869200926,0,792.935463993,19321.0875924,-2110.4682379,222.583336449,37.4432299777,12.2463988519,55.4602941163,0.631525460883,0,0
0.0371,211.574803332,30.7993053883,-41.0965823715,10.2972769831,0,792.95806259,20888.2432434,-2118.98838481,222.583336449,37.4432299777,12.2463988519,55.4602941163,0.631525460883,0,0
0.03712,212.903622264,33.0863730022,-44.2626671535,11.1762941513,0,792.968540213,22476.1775215,-2089.39962884,221.116544054,37.5400244434,12.2463988519,55.5170020802,0.613804718758,0,0
0.03714,214.235829654,35.1233334597,-46.8127652882,11.6894318285,0,792.988502669,23773.4926091,-2130.33969628,221.116544054,37.5400244434,12.2463988519,55.5170020802,0.613804718758,0,0
0.03716,215.736282114,34.8509765994,-44.7139111474,9.86293454798,0,793.013279281,22865.108827,-2619.01300129,219.655473361,37.6533058187,12.2463988519,55.5743407525,0.58551154176,0,0
0.03718,217.060298842,36.57952584,-45.8881696924,9.30864385233,0,793.026292696,23555.7889936,-2991.78691169,219.655473361,37.6533058187,12.2463988519,55.5743407525,0.58551154176,0,0
0.0372,218.320483919,38.9033568975,-48.9353451933,10.0319882958,0,793.048381937,25095.3423605,-2969.44786169,219.655473361,37.6533058187,12.2463988519,55.5743407525,0.58551154176,0,0
0.03722,219.573989083,41.1102101466,-51.8917154671,10.7815053205,0,793.05835534,26579.6583028,-2896.91399925,218.199589963,37.7835478337,12.2463988519,55.6324069434,0.560915595884,0,0
0.03724,220.806201365,43.3850917207,-54.7689780609,11.3838863401,0,793.082718054,28035.5877887,-2873.69917063,218.199589963,37.7835478337,12.2463988519,55.6324069434,0.560915595884,0,0
0.03726,222.219612948,43.1993965206,-52.7784029281,9.57900640758,0,793.121691728,27207.1364538,-3367.36281888,216.749539136,37.9292998772,12.2463988519,55.6911166648,0.529878870949,0,0
0.03728,223.417505696,45.5148473792,-54.8335381937,9.31869081443,0,793.136105448,28337.7043911,-3666.47340621,216.749539136,37.9292998772,12.2463988519,55.6911166648,0.529878870949,0,0
0.0373,224.596413439,47.8777118086,-57.8121139636,9.93440215502,0,793.157941232,29844.9286567,-3611.25991865,216.749539136,37.9292998772,12.2463988519,55.6911166648,0.529878870949,0,0
0.03732,225.779923726,49.9962751211,-60.5375162947,10.5412411735,0,793.167659746,31214.6233545,-3502.29376329,215.304826393,38.0908044342,12.2463988519,55.750551596,0.500153674293,0,0
0.03734,226.927231536,52.3839136223,-63.4960753573,11.112161735,0,793.190391207,32708.5536286,-3430.32650121,215.304826393,38.0908044342,12.2463988519,55.750551596,0.500153674293,0,0
0.03736,228.173618143,53.3531029396,-62.4396805606,9.08657762096,0,793.226800979,32432.5508489,-4175.87791208,213.865946169,38.2667204089,12.2463988519,55.8106451675,0.46592040924,0,0
0.03738,229.270216215,56.0183482303,-65.0897499669,9.07140173657,0,793.245001542,33846.9255588,-4352.85436993,213.865946169,38.2667204089,12.2463988519,55.8106451675,0.46592040924,0,0
0.0374,230.374968402,58.4091951562,-67.992577675,9.58338251885,0,793.266296137,35317.1104022,-4258.00503071,213.865946169,38.2667204089,12.2463988519,55.8106451675,0.46592040924,0,0
0.03742,231.499478557,60.3845828909,-70.4521368234,10.0675539326,0,793.275484086,36551.8851282,-4098.72977186,212.432528574,38.4571869512,12.2463988519,55.8714701635,0.438070119743,0,0
0.03744,232.575005694,62.8079122955,-73.3441918615,10.536279566,0,793.297856736,38014.0011051,-3989.06900729,212.432528574,38.4571869512,12.2463988519,55.8714701635,0.438070119743,0,0
0.03746,233.632665957,65.2945138318,-73.6684230608,8.37390922895,0,793.31959063,38520.4264393,-4956.87912864,211.004764564,38.6609034622,12.2463988519,55.9329763026,0.431138752434,0,0
0.03748,234.678730783,67.7704125944,-76.4941138961,8.72370130169,0,793.341527502,39965.9711385,-4870.35627531,211.004764564,38.6609034622,12.2463988519,55.9329763026,0.431138752434,0,0
0.0375,235.717555196,70.1857165686,-79.3152149814,9.12949841282,0,793.362564379,41396.049844,-4734.01326953,211.004764564,38.6609034622,12.2463988519,55.9329763026,0.431138752434,0,0
0.03752,238.073496336,55.9906264371,-73.4729343612,17.4823079241,0,793.34487754,36904.0991498,723.879499106,209.582538442,38.8778397515,12.2463988519,55.9952164689,0.414043355413,0,0
0.03754,242.154390956,20.0919582222,-57.1182450108,37.0262867885,0,793.366982339,24650.8160932,13328.8114528,209.582538442,38.8778397515,12.2463988519,55.9952164689,0.414043355413,0,0
0.03756,243.678409618,16.0174568324,-55.2583793788,39.2409225464,0,793.394581859,23133.1294846,14869.7456179,208.153335101,39.1006602017,12.2463988519,56.0580556043,0.64255580151,0,0
0.03758,244.647478039,18.7480199822,-57.9826679833,39.2346480011,0,793.414954309,24502.0755225,14711.3929935,208.153335101,39.1006602017,12.2463988519,56.0580556043,0.64255580151,0,0
0.0376,245.616011254,21.3585117436,-60.8088357706,39.4503240271,0,793.435613818,25882.6192405,14679.3545772,208.153335101,39.1006602017,12.2463988519,56.0580556043,0.64255580151,0,0
0.03762,245.975516102,31.4602217296,-56.0481218692,24.5879001396,0,793.420105764,26039.8515206,7424.45766529,206.729652296,39.3361667396,12.2463988519,56.1216673025,0.620086313476,0,0
0.03764,245.652196888,49.9807845647,-42.8148106756,-7.16597388915,0,793.413931664,24808.649766,-7937.84637518,206.729652296,39.3361667396,12.2463988519,56.1216673025,0.620086313476,0,0
0.03766,246.981666634,47.7302791411,-42.9136760953,-4.81660304585,0,793.458399229,24453.3357007,-6543.59419814,205.306187324,39.6013973124,12.2463988519,56.1875431221,0.509855006772,0,0
0.03768,248.069659443,48.3923138947,-44.7898211391,-3.60249275561,0,793.480936851,25260.5272959,-5912.77454914,205.306187324,39.6013973124,12.2463988519,56.1875431221,0.509855006772,0,0
0.0377,248.99592929,50.975281612,-47.5952525367,-3.38002907527,0,793.502159109,26754.628311,-5872.71632258,205.306187324,39.6013973124,12.2463988519,56.1875431221,0.509855006772,0,0
0.03772,249.93316136,53.3259572462,-50.2275310364,-3.0984262098,0,793.511255624,28140.3793565,-5768.33070723,203.88641789,39.8781612958,12.2463988519,56.2542536975,0.500331394547,0,0
0.03774,250.850718145,55.8326611975,-52.8294031111,-3.00325808641,0,793.532521309,29543.6645528,-5741.08681894,203.88641789,39.8781612958,12.2463988519,56.2542536975,0.500331394547,0,0
0.03776,251.855698375,57.1620119836,-51.1596912806,-6.00232070296,0,793.551329494,29271.3607789,-6981.27760284,202.47097589,40.1661407914,12.2463988519,56.3218192732,0.465546852445,0,0
0.03778,252.695357699,60.4786571124,-53.2221745276,-7.25648258479,0,793.566426627,30667.8303287,-7588.3740279,202.47097589,40.1661407914,12.2463988519,56.3218192732,0.465546852445,0,0
0.0378,253.586380792,63.0793609746,-55.9577864835,-7.12157449112,0,793.587052465,32142.9898805,-7505.71302426,202.47097589,40.1661407914,12.2463988519,56.3218192732,0.465546852445,0,0
0.03782,254.506756928,65.2445494496,-58.3743183773,-6.87023107237,0,793.595561989,33419.4118124,-7323.70721726,201.060133985,40.4666655373,12.2463988519,56.3904075862,0.415588250628,0,0
0.03784,255.385826324,67.8627198592,-61.0776865243,-6.78503333482,0,793.617939247,34882.110833,-7228.52045722,201.060133985,40.4666655373,12.2463988519,56.3904075862,0.415588250628,0,0
0.03786,256.276702092,70.275155869,-60.1391930946,-10.1359627745,0,793.629369571,35132.0898829,-8661.58542559,199.653184741,40.7772104685,12.2463988519,56.4598923663,0.40297768077,0,0
0.03788,257.119527622,73.2351994324,-62.5243943872,-10.7108050452,0,793.646875199,36575.3393718,-8855.69187677,199.653184741,40.7772104685,12.2463988519,56.4598923663,0.40297768077,0,0
0.0379,257.985835132,75.8537583773,-65.1878237458,-10.6659346315,0,793.667182951,38031.9720291,-8730.58910897,199.653184741,40.7772104685,12.2463988519,56.4598923663,0.40297768077,0,0
0.03792,260.306467068,60.2502782823,-58.5793269391,-1.67095134317,0,793.646543865,32493.0245623,-3615.71247792,198.250664297,41.0991848457,12.2463988519,56.5304424439,0.379056662468,0,0
0.03794,264.465533261,21.6282676069,-40.6012825444,18.9730149375,0,793.66801737,17872.563764,7801.15640667,198.250664297,41.0991848457,12.2463988519,56.5304424439,0.379056662468,0,0
0.03796,265.522943866,21.7436256027,-39.6958108115,17.9521852088,0,793.689636973,17570.9203789,7434.7837933,196.839275296,41.4259143949,12.2463988519,56.6020034984,0.65344452739,0,0
0.03798,266.3237594,25.0377566623,-41.8986404038,16.8608837415,0,793.706256812,18994.7548499,6915.66645293,196.839275296,41.4259143949,12.2463988519,56.6020034984,0.65344452739,0,0
0.038,267.162503664,27.8336487101,-44.5649949326,16.7313462226,0,793.727084273,20437.5770835,6880.74010656,196.839275296,41.4259143949,12.2463988519,56.6020034984,0.65344452739,0,0
0.03802,267.98846715,30.7695708107,-47.0575549068,16.2879840962,0,793.735782702,21863.3379415,6713.53438331,195.432211704,41.7639362989,12.2463988519,56.6747251144,0.61964246566,0,0
0.03804,268.847029044,33.2825384494,-49.1222472444,15.839708795,0,793.757146995,23058.0790531,6573.83974738,195.432211704,41.7639362989,12.2463988519,56.6747251144,0.61964246566,0,0
0.03806,270.014412537,31.9238626975,-48.1792918683,16.2554291708,0,793.766396751,22393.7471312,6946.06599302,194.028490568,42.111155802,12.2463988519,56.7485278134,0.597340316656,0,0
0.03808,271.003887151,32.7816119068,-49.8309397521,17.0493278453,0,793.779999797,23043.4886231,7446.60962178,194.028490568,42.111155802,12.2463988519,56.7485278134,0.597340316656,0,0
0.0381,271.834997454,35.615243848,-52.4295789156,16.8143350675,0,793.800386884,24474.3294093,7435.0643469,194.028490568,42.111155802,12.2463988519,56.7485278134,0.597340316656,0,0
0.03812,272.662969635,38.4880147854,-54.7124914686,16.2244766832,0,793.808652025,25827.3447104,7272.25646388,192.627439873,42.4677375875,12.2463988519,56.8235178433,0.582229919904,0,0
0.03814,273.494128085,41.3242638447,-57.2855769395,15.9613130948,0,793.830288589,27252.5790188,7284.06395976,192.627439873,42.4677375875,12.2463988519,56.8235178433,0.582229919904,0,0
0.03816,274.608075204,40.6321573058,-56.3509363189,15.7187790131,0,793.857815332,26768.3296045,7343.60876704,191.229674344,42.8328766548,12.2463988519,56.899672276,0.55696839664,0,0
0.03818,275.502969264,42.6877075245,-58.5206822419,15.8329747174,0,793.874197511,27874.1625004,7564.25898174,191.229674344,42.8328766548,12.2463988519,56.899672276,0.55696839664,0,0
0.0382,276.334524786,45.5472607896,-61.052059674,15.5047988843,0,793.894155698,29296.8096686,7586.13854924,191.229674344,42.8328766548,12.2463988519,56.899672276,0.55696839664,0,0
0.03822,277.177235498,48.282203238,-63.1204920993,14.8382888613,0,793.901996906,30563.6055279,7461.20736318,189.834663168,43.2067166338,12.2463988519,56.9770936413,0.547849216436,0,0
0.03824,278.009517552,51.1646638749,-65.6542867749,14.4896229,0,793.922284684,31995.6068862,7509.20029786,189.834663168,43.2067166338,12.2463988519,56.9770936413,0.547849216436,0,0
0.03826,279.084376786,51.0341674944,-65.7944783786,14.7603108842,0,793.948842235,31959.0378092,7843.83889358,188.442860686,43.588367072,12.2463988519,57.0557578992,0.532084569213,0,0
0.03828,279.926727851,53.8311395919,-68.2537288632,14.4225892713,0,793.968605074,33349.2546476,7923.78297871,188.442860686,43.588367072,12.2463988519,57.0557578992,0.532084569213,0,0
0.0383,280.763958938,56.7148417101,-70.7107087804,13.9958670703,0,793.988371737,34764.8178171,7979.38985488,188.442860686,43.588367072,12.2463988519,57.0557578992,0.532084569213,0,0
0.03832,281.627452314,59.2943595911,-72.5212399592,13.2268803682,0,793.996027608,35933.2954773,7876.76396256,187.053869294,43.9779388969,12.2463988519,57.1357626968,0.513887424586,0,0
0.03834,282.466124742,62.2093432173,-74.9906896177,12.7813464004,0,794.016002477,37365.0953643,7958.69425386,187.053869294,43.9779388969,12.2463988519,57.1357626968,0.513887424586,0,0
0.03836,283.536142917,62.258559549,-74.1152332196,11.8566736706,0,794.006661119,37141.3922059,7736.25161503,185.663358739,44.3670168005,12.2463988519,57.216461209,0.467709788024,0,0
0.03838,285.765842939,47.8383952938,-41.8859870519,-5.95240824197,0,794.00546988,24982.246886,-1429.13215411,185.663358739,44.3670168005,12.2463988519,57.216461209,0.467709788024,0,0
0.0384,288.1326602,31.7312299109,-6.24470331469,-25.4865265962,0,794.04231277,11302.6215177,-11689.5837014,185.663358739,44.3670168005,12.2463988519,57.216461209,0.467709788024,0,0
0.03842,289.101549611,33.1251798664,-5.78161342321,-27.3435664432,0,794.032093704,11691.6904618,-12511.3942987,184.271854359,44.7748301867,12.2463988519,57.2998422194,0.709711221679,0,0
0.03844,289.942066095,36.1505900042,-8.3456751157,-27.8049148885,0,794.051948554,13339.7419817,-12552.8081936,184.271854359,44.7748301867,12.2463988519,57.2998422194,0.709711221679,0,0
0.03846,290.717391788,40.0171915208,-13.6753784046,-26.3418131162,0,794.083735747,15921.4126743,-11556.5277504,182.883499965,45.1897379718,12.2463988519,57.3846739409,0.678938806625,0,0
0.03848,291.558811376,43.0831588326,-16.2705022206,-26.812656612,0,794.103261919,17585.3779505,-11556.1912209,182.883499965,45.1897379718,12.2463988519,57.3846739409,0.678938806625,0,0
0.0385,292.4048621,46.1157334152,-18.7966125789,-27.3191208363,0,794.122060396,19223.8985059,-11556.5998278,182.883499965,45.1897379718,12.2463988519,57.3846739409,0.678938806625,0,0
0.03852,293.258556776,49.0759355475,-21.5964299723,-27.4795055752,0,794.128736304,20904.8015271,-11364.0170203,181.498552644,45.610736493,12.2463988519,57.4709182463,0.621205119227,0,0
0.03854,294.18083485,51.2004261298,-22.2356840565,-28.9647420733,0,794.128018794,21821.437801,-11886.34763,181.498552644,45.610736493,12.2463988519,57.4709182463,0.621205119227,0,0
0.03856,295.238812847,51.6483764577,-19.4980929551,-32.1502835026,0,794.116620563,21436.9597151,-13387.8730924,180.117123195,46.0381452715,12.2463988519,57.5586986314,0.587750292711,0,0
0.03858,296.191802538,53.4262421384,-18.8051836205,-34.6210585179,0,794.106998468,21962.4719507,-14437.285936,180.117123195,46.0381452715,12.2463988519,57.5586986314,0.587750292711,0,0
0.0386,297.043813187,56.4814864317,-21.2751692863,-35.2063171454,0,794.125760949,23624.6728314,-14408.9300123,180.117123195,46.0381452715,12.2463988519,57.5586986314,0.587750292711,0,0
0.03862,297.917168489,59.2823704686,-23.9604361353,-35.3219343333,0,794.132407678,25252.2533937,-14134.2586024,178.739256522,46.4722902127,12.2463988519,57.6481227289,0.557881363341,0,0
0.03864,298.81763026,61.7539095182,-25.1751736636,-36.5787358545,0,794.140171356,26452.0254142,-14466.4898118,178.739256522,46.4722902127,12.2463988519,57.6481227289,0.557881363341,0,0
0.03866,299.882938,62.171131395,-22.3574911366,-39.8136402584,0,794.134323054,26107.8056953,-15996.8763667,177.365236349,46.9120308524,12.2463988519,57.7391566307,0.522764384691,0,0
0.03868,300.696864055,65.7333903373,-23.2071746856,-42.5262156517,0,794.120450649,27618.6879262,-16994.6486188,177.365236349,46.9120308524,12.2463988519,57.7391566307,0.522764384691,0,0
0.0387,301.54944699,68.8114537221,-25.6227858755,-43.1886678466,0,794.139179145,29305.9633142,-16930.0969498,177.365236349,46.9120308524,12.2463988519,57.7391566307,0.522764384691,0,0
0.03872,302.436846938,71.449314547,-28.18716687,-43.2621476771,0,794.145797133,30875.5818873,-16572.3529629,175.98231724,47.3589873545,12.2463988519,57.8321417193,0.479366377731,0,0
0.03874,303.343484789,73.8374563679,-29.121738013,-44.7157183549,0,794.155601174,32028.7899293,-16959.2498124,175.98231724,47.3589873545,12.2463988519,57.8321417193,0.479366377731,0,0
0.03876,304.324123928,75.2868369171,-26.7467129145,-48.5401240025,0,794.131184382,32201.8251723,-18701.4047407,174.604220204,47.8114603392,12.2463988519,57.9268452181,0.445629958661,0,0
0.03878,305.272588265,77.1199184028,-30.3824205882,-46.7374978146,0,794.092627668,33716.1142442,-17373.296484,174.604220204,47.8114603392,12.2463988519,57.9268452181,0.445629958661,0,0
0.0388,307.662368079,60.9131006878,-52.0238108079,-8.8892898799,0,794.095040961,32159.3427037,1590.90136823,174.604220204,47.8114603392,12.2463988519,57.9268452181,0.445629958661,0,0
0.03882,308.803564561,60.2849210558,-57.4383079343,-2.84661312148,0,794.067261167,32943.0809054,5000.2158437,173.225025278,48.2621147076,12.2463988519,58.0228780885,0.543412639593,0,0
0.03884,309.709318787,62.5656991445,-57.896845902,-4.66885324257,0,794.105387931,33884.0982408,4466.96333479,173.225025278,48.2621147076,12.2463988519,58.0228780885,0.543412639593,0,0
0.03886,310.518514507,66.0137595328,-56.3717874243,-9.64197210844,0,794.136674483,34921.3798084,2354.3205242,171.848957975,48.7163488458,12.2463988519,58.1206561575,0.528233864911,0,0
0.03888,311.216143399,70.8108738434,-57.0148648802,-13.7960089632,0,794.150930073,36858.772971,857.400838005,171.848957975,48.7163488458,12.2463988519,58.1206561575,0.528233864911,0,0
0.0389,312.040421949,73.9733080687,-59.2288445389,-14.7444635299,0,794.169189715,38470.0328584,943.731304245,171.848957975,48.7163488458,12.2463988519,58.1206561575,0.528233864911,0,0
0.03892,312.902157294,76.6097580781,-60.976915104,-15.6328429741,0,794.175348233,39808.8224499,1015.77571269,170.478591729,49.1757330603,12.2463988519,58.2202931253,0.471174395976,0,0
0.03894,313.713713702,79.8092776278,-63.1829167002,-16.6263609276,0,794.194726369,41439.432606,1117.84738311,170.478591729,49.1757330603,12.2463988519,58.2202931253,0.471174395976,0,0
0.03896,314.863960651,78.7044366741,-58.8387568421,-19.865679832,0,794.206713362,40376.6643149,-582.841923359,169.113812948,49.6388377441,12.2463988519,58.3217634049,0.451558696618,0,0
0.03898,316.841296141,67.1835396183,-31.5859515974,-35.597588021,0,794.214621359,31598.9686246,-10696.5797695,169.113812948,49.6388377441,12.2463988519,58.3217634049,0.451558696618,0,0
0.039,318.668908229,57.4498660506,-7.9043639695,-49.5455020811,0,794.249791861,24026.9094049,-19698.6138371,169.113812948,49.6388377441,12.2463988519,58.3217634049,0.451558696618,0,0
0.03902,319.543021691,59.5435977842,-8.71760448549,-50.8259932987,0,794.246518006,25129.5545981,-20005.9452907,167.754704008,50.115513715,12.2463988519,58.4262273223,0.600714498259,0,0
0.03904,320.314306415,62.8242244146,-10.9767645277,-51.8474598869,0,794.265659308,26938.3742227,-19982.0662049,167.754704008,50.115513715,12.2463988519,58.4262273223,0.600714498259,0,0
0.03906,320.952279142,67.6655323596,-14.3229310404,-53.3426013192,0,794.240286726,29537.9900619,-19970.9767083,166.402468551,50.5954833228,12.2463988519,58.5326132968,0.556176899889,0,0
0.03908,322.824716494,56.9629530811,-30.542797319,-26.4201557622,0,794.232524621,27891.2198742,-6209.97699661,166.402468551,50.5954833228,12.2463988519,58.5326132968,0.556176899889,0,0
0.0391,325.162707696,40.3204152387,-52.6739630347,12.353547796,0,794.26259091,24261.5675085,13376.2789653,166.402468551,50.5954833228,12.2463988519,58.5326132968,0.556176899889,0,0
0.03912,326.053797618,41.6360682087,-56.6236273528,14.9875591441,0,794.247425902,25296.3525258,15253.1984288,165.045703989,51.066348602,12.2463988519,58.6402903907,0.636152332557,0,0
0.03914,326.886251561,43.5489838224,-55.8306039085,12.281620086,0,794.295779034,25950.8043995,14190.6802991,165.045703989,51.066348602,12.2463988519,58.6402903907,0.636152332557,0,0
0.03916,327.766587195,44.7200189995,-52.9121796847,8.19216068525,0,794.357924026,26034.5403011,12213.4455953,163.695999636,51.5396073881,12.2463988519,58.7499739272,0.632600175405,0,0
0.03918,328.286249276,50.2483937063,-52.7194856842,2.47109197798,0,794.398616459,28328.1748568,10038.5119569,163.695999636,51.5396073881,12.2463988519,58.7499739272,0.632600175405,0,0
0.0392,328.966155646,53.6148780406,-54.7655623971,1.1506843565,0,794.416326505,29999.8550175,10045.009073,163.695999636,51.5396073881,12.2463988519,58.7499739272,0.632600175405,0,0
0.03922,329.642353139,56.8611055519,-56.4069437576,-0.454161794262,0,794.421930019,31574.9919464,9884.46369142,162.355493099,52.0155600433,12.2463988519,58.8616700799,0.590123769778,0,0
0.03924,330.293038909,60.2518189107,-58.4161578449,-1.83566106577,0,794.431599717,33259.8722211,9897.20276291,162.355493099,52.0155600433,12.2463988519,58.8616700799,0.590123769778,0,0
0.03926,331.269101278,59.3931216337,-59.491291655,0.0981700212824,0,794.456207194,33002.602163,11070.6270754,161.023842254,52.492646235,12.2463988519,58.9753377232,0.572521539733,0,0
0.03928,332.03323496,60.993550106,-60.6094862909,-0.38406381507,0,794.472792973,33809.2622264,11298.55212,161.023842254,52.492646235,12.2463988519,58.9753377232,0.572521539733,0,0
0.0393,332.640764388,64.3537943433,-62.5736583847,-1.78013595859,0,794.490077138,35477.0148655,11339.8213408,161.023842254,52.492646235,12.2463988519,58.9753377232,0.572521539733,0,0
0.03932,333.255037771,67.424284682,-63.9701333717,-3.45415131027,0,794.495247455,36961.1480428,11180.2218651,159.701033377,52.9699755265,12.2463988519,59.0909811508,0.564324392288,0,0
0.03934,333.828162719,70.7960087173,-65.9231714571,-4.87283726024,0,794.513561051,38638.4017231,11246.9396725,159.701033377,52.9699755265,12.2463988519,59.0909811508,0.564324392288,0,0
0.03936,334.777049033,69.249988795,-63.3014325857,-5.94855620934,0,794.511949423,37687.2238856,10537.51722,158.38836363,53.4598623701,12.2463988519,59.2098393479,0.529043155281,0,0
0.03938,336.68151435,55.530973593,-31.3880405081,-24.1429330848,0,794.511852845,28415.256504,-2811.10386252,158.38836363,53.4598623701,12.2463988519,59.2098393479,0.529043155281,0,0
0.0394,338.531688451,42.2548964049,-0.00757210503259,-42.2473242998,0,794.547333978,19278.5471642,-16158.1518234,158.38836363,53.4598623701,12.2463988519,59.2098393479,0.529043155281,0,0
0.03942,339.127698417,44.4128226951,0.204241123587,-44.6170638187,0,794.538548203,20348.1288933,-17015.5251583,157.089389997,53.9615695116,12.2463988519,59.3319897277,0.727843015893,0,0
0.03944,339.600819171,47.8565801378,-1.81097873099,-46.0456014068,0,794.556717705,22235.4636287,-17024.7478356,157.089389997,53.9615695116,12.2463988519,59.3319897277,0.727843015893,0,0
0.03946,340.120552278,50.4602854152,-5.75989498081,-44.7003904344,0,794.586688496,23928.6663657,-15544.1654301,155.802541409,54.4628855967,12.2463988519,59.4561591731,0.706568007487,0,0
0.03948,340.550687546,53.9195856546,-7.79238405004,-46.1272016046,0,794.604528672,25819.54695,-15505.8876033,155.802541409,54.4628855967,12.2463988519,59.4561591731,0.706568007487,0,0
0.0395,340.961507125,57.3491185414,-9.76572392153,-47.5833946199,0,794.621150505,27692.2381918,-15470.5875204,155.802541409,54.4628855967,12.2463988519,59.4561591731,0.706568007487,0,0
0.03952,341.361954329,60.6304131646,-12.0662393406,-48.564173824,0,794.625666315,29525.4138656,-15163.1756926,154.529101694,54.963324377,12.2463988519,59.5823341977,0.650081150178,0,0
0.03954,341.80102567,63.1445004883,-12.1538792043,-50.990621284,0,794.62067689,30816.7467324,-15882.2308674,154.529101694,54.963324377,12.2463988519,59.5823341977,0.650081150178,0,0
0.03956,342.35265742,63.9608419057,-8.83547960679,-55.1253622989,0,794.602119921,31051.3623114,-18018.7226242,153.257754147,55.4541599979,12.2463988519,59.7099070968,0.60475369998,0,0
0.03958,343.023011804,62.9962621827,-9.22359106304,-53.7726711197,0,794.579258719,30763.1628948,-17276.7825428,153.257754147,55.4541599979,12.2463988519,59.7099070968,0.60475369998,0,0
0.0396,344.63073502,50.0117342789,-27.5066888431,-22.5050454358,0,794.579992501,26020.5312494,-1402.24103247,153.257754147,55.4541599979,12.2463988519,59.7099070968,0.60475369998,0,0
0.03962,345.142640849,50.4163439498,-32.3861479871,-18.0301959627,0,794.554223729,26551.9439021,1549.53903991,151.994848277,55.9393239011,12.2463988519,59.839451899,0.643211782005,0,0
0.03964,345.462776577,52.9039750746,-32.2356619109,-20.6683131638,0,794.574890452,27759.8116594,725.526435328,151.994848277,55.9393239011,12.2463988519,59.839451899,0.643211782005,0,0
0.03966,345.887879738,53.7601095324,-28.7995352513,-24.9605742811,0,794.599435342,28001.8587173,-1503.65974895,150.745419958,56.4214483296,12.2463988519,59.9709723656,0.625694663188,0,0
0.03968,346.012715291,58.0451210991,-28.5407251582,-29.5043959409,0,794.606781576,30100.4809548,-3005.86638821,150.745419958,56.4214483296,12.2463988519,59.9709723656,0.625694663188,0,0
0.0397,346.179161439,61.4807110661,-30.2880623055,-31.1926487606,0,794.623623276,31902.0754162,-2971.22590433,150.745419958,56.4214483296,12.2463988519,59.9709723656,0.625694663188,0,0
0.03972,346.336477885,64.6965630058,-31.9595346308,-32.737028375,0,794.62834387,33591.7596581,-2886.57202427,149.511678085,56.9006167767,12.2463988519,60.1043873443,0.605864659362,0,0
0.03974,346.456362007,68.0421479991,-33.4962278458,-34.5459201533,0,794.644801796,35337.3440244,-2909.42527121,149.511678085,56.9006167767,12.2463988519,60.1043873443,0.605864659362,0,0
0.03976,346.811959669,68.0990967368,-30.9405479955,-37.1585487413,0,794.681480164,35298.6332739,-4290.67351732,148.294305224,57.3763134023,12.2463988519,60.2396849946,0.57214290878,0,0
0.03978,347.020056302,69.6538175543,-31.6794872846,-37.9743302697,0,794.69896585,36138.1519199,-4167.79105322,148.294305224,57.3763134023,12.2463988519,60.2396849946,0.57214290878,0,0
0.0398,347.05262717,73.0531243957,-33.3305142878,-39.7226101079,0,794.715346728,37920.0642157,-4095.74642741,148.294305224,57.3763134023,12.2463988519,60.2396849946,0.57214290878,0,0
0.03982,347.090594954,76.0322727868,-34.8296353432,-41.2026374436,0,794.719616128,39486.3539835,-3956.76840321,147.092980074,57.8472664468,12.2463988519,60.37680358,0.538861221205,0,0
0.03984,347.066257825,79.434614173,-36.4431998977,-42.9914142753,0,794.737183084,41263.1282012,-3869.33150917,147.092980074,57.8472664468,12.2463988519,60.37680358,0.538861221205,0,0
0.03986,347.201825948,80.4798944888,-33.6976276085,-46.7822668802,0,794.757072913,41752.0398314,-5661.37373581,145.909193348,58.3132697824,12.2463988519,60.5156830586,0.483013836984,0,0
0.03988,347.128220375,83.7792723258,-34.9658081749,-48.8134641509,0,794.77009259,43474.6676259,-5719.64013251,145.909193348,58.3132697824,12.2463988519,60.5156830586,0.483013836984,0,0
0.0399,347.021646646,87.1281527455,-36.5160400323,-50.6121127132,0,794.786128376,45225.5405045,-5601.19681181,145.909193348,58.3132697824,12.2463988519,60.5156830586,0.483013836984,0,0
0.03992,348.337842526,72.3280939619,-29.0951716205,-43.2329223414,0,794.761155891,37687.9839358,-5185.89927041,144.743209295,58.77331136,12.2463988519,60.656230636,0.431579193737,0,0
0.03994,351.51960443,33.842729841,-9.68704852949,-24.1556813115,0,794.778158688,17762.5495846,-4736.92292318,144.743209295,58.77331136,12.2463988519,60.656230636,0.431579193737,0,0
0.03996,352.646241907,20.6795911592,0.270344116274,-20.9499352755,0,794.771456429,10848.8359607,-6632.65653592,143.58827509,59.2306075163,12.2463988519,60.7997150122,0.771506147001,0,0
0.03998,352.378785345,24.5750111804,-0.887884312387,-23.6871268681,0,794.78522923,12930.0831765,-7068.67875313,143.58827509,59.2306075163,12.2463988519,60.7997150122,0.771506147001,0,0
0.04,352.114140533,28.0671948663,-2.43760677942,-25.6295880869,0,794.802165399,14802.7695764,-7117.25594724,143.58827509,59.2306075163,12.2463988519,60.7997150122,0.771506147001,0,0
