time_s,B26  A_v_pu,EQUL A_v_pu,B26  B_v_pu,EQUL B_v_pu,B26  C_v_pu,EQUL C_v_pu,FAULTA_v_pu,LINE A_v_pu,EQUR A_v_pu,LINE B_v_pu,EQUR B_v_pu,LINE C_v_pu,EQUR C_v_pu,B500 A_v_pu,B500 B_v_pu,B500 C_v_pu,SEND A_v_pu,REC  A_v_pu,SEND B_v_pu,REC  B_v_pu,SEND C_v_pu,REC  C_v_pu,X_saturated_transformer_internal_top_v_pu,Y_saturated_transformer_internal_top_v_pu,Z_saturated_transformer_internal_top_v_pu,output_fixed_1_pu,output_fixed_2_pu,output_fixed_3_pu,output_fixed_4_pu,output_fixed_5_pu,output_fixed_6_pu,output_fixed_7_pu,output_fixed_8_pu,output_fixed_9_pu,switch_current_switch_fixed_4_pu
0,7575.04133019,18863,-3787.5206651,-9431.5,-3787.5206651,-9431.5,0,2.72848410532e-12,329333.006577,0,-1.43469252358e-08,-9.09494701773e-13,-329333.006577,2103.78966299,-1.48361323227e-10,-2103.78966299,2103.78966299,0,-1.48361323227e-10,0,-2103.78966299,0,66808.3463305,-4.68935468234e-09,-66808.3463305,2103.78966299,-1.48361323227e-10,-2103.78966299,2103.78966299,-1.48361323227e-10,-2103.78966299,0,0,0,0
3.33e-05,7784.26417494,18861.513634,-3809.77905736,-9225.6853013,-3974.48511758,-9635.82833267,0,9185.51803094,326920.131887,66.819132467,4773.84783779,-9252.33716341,-331693.979725,6317.46329822,30.4954909868,-6347.9587892,6317.46329822,0,30.4954909868,0,-6347.9587892,0,71209.457705,968.420635973,-72177.878341,6317.46329822,30.4954909868,-6347.9587892,6317.46329822,30.4954909868,-6347.9587892,0,0,0,0
6.66e-05,7862.66203503,18857.0547701,-3764.35685365,-9018.41667214,-4098.30518138,-9838.638098,0,18045.6315372,324455.735914,265.395476289,9546.94333665,-18311.0270135,-334002.679251,10446.349239,122.288924801,-10568.6381638,10446.349239,0,122.288924801,0,-10568.6381638,0,72543.1593838,2007.58016138,-74550.7395452,10446.349239,122.288924801,-10568.6381638,10446.349239,122.288924801,-10568.6381638,0,0,0,0
9.99e-05,8062.76162993,18849.6241112,-3778.93987295,-8809.7267772,-4283.82175698,-10039.897334,0,26588.0129946,321940.207038,592.009053429,14318.5342761,-27180.022048,-336258.741314,14488.6447605,274.590703226,-14763.2354637,14488.6447605,0,274.590703226,0,-14763.2354637,0,76717.4476914,3073.52205126,-79790.9697427,14488.6447605,274.590703226,-14763.2354637,14488.6447605,274.590703226,-14763.2354637,0,0,0,0
0.0001332,8137.88181392,18839.2228282,-3728.86451309,-8599.64850517,-4409.01730083,-10239.574323,0,34820.1310821,319373.941695,1043.02296806,19087.8686727,-35863.1540502,-338461.810368,18446.9916432,486.579436045,-18933.5710792,18446.9916432,0,486.579436045,0,-18933.5710792,0,77961.8614233,4207.61404131,-82169.4754646,18446.9916432,486.579436045,-18933.5710792,18446.9916432,486.579436045,-18933.5710792,0,0,0,0
0.0001665,8329.00101758,18825.8525603,-3735.97888987,-8388.21496352,-4593.02212771,-10437.6375968,0,42749.2566115,316757.344318,1614.88108906,23854.1948989,-44364.1377006,-340611.539217,22319.6887395,757.466138475,-23077.1548779,22319.6887395,0,757.466138475,0,-23077.1548779,0,81914.2304802,5367.87468851,-87282.1051687,22319.6887395,757.466138475,-23077.1548779,22319.6887395,757.466138475,-23077.1548779,0,0,0,0
0.0001998,8400.71993467,18809.5154147,-3681.32231582,-8175.45947332,-4719.39761885,-10634.0559414,0,50382.4682893,314090.827273,2304.10580074,28616.7618011,-52686.57409,-342707.589074,26109.2763396,1086.43151055,-27195.7078502,26109.2763396,0,1086.43151055,0,-27195.7078502,0,83068.014584,6593.7447714,-89661.7593554,26109.2763396,1086.43151055,-27195.7078502,26109.2763396,1086.43151055,-27195.7078502,0,0,0,0
0.0002331,8582.99687178,18790.213966,-3681.17218289,-7961.41556398,-4901.82468889,-10828.798402,0,57726.6583158,311374.810791,3107.2958198,33374.8188181,-60833.9541356,-344749.629609,29814.1506115,1472.68720155,-31286.837813,29814.1506115,0,1472.68720155,0,-31286.837813,0,86803.2330492,7845.12774223,-94648.3607915,29814.1506115,1472.68720155,-31286.837813,29814.1506115,1472.68720155,-31286.837813,0,0,0,0
0.0002664,8651.19844413,18767.951256,-3622.00991391,-7746.11696793,-5029.18853023,-11021.834288,0,64788.5378252,308609.722906,4021.12407673,38127.6160994,-68809.6619019,-346737.339005,33436.7553815,1915.41596077,-35352.1713423,33436.7553815,0,1915.41596077,0,-35352.1713423,0,87865.1971151,9159.62569327,-97024.8228084,33436.7553815,1915.41596077,-35352.1713423,33436.7553815,1915.41596077,-35352.1713423,0,0,0,0
0.0002997,8824.76684486,18742.7307932,-3614.79694594,-7529.59761537,-5209.96989892,-11213.1331778,0,71574.6421721,305795.999384,5042.33565987,42874.4046235,-76616.977832,-348670.404007,36975.5800688,2413.83010315,-39389.4101719,36975.5800688,0,2413.83010315,0,-39389.4101719,0,91387.9062788,10498.9409236,-101886.847202,36975.5800688,2413.83010315,-39389.4101719,36975.5800688,2413.83010315,-39389.4101719,0,0,0,0
0.000333,8889.34228693,18714.5565523,-3551.20793438,-7311.89162886,-5338.13435255,-11402.6649235,0,78091.3360676,302934.083657,6167.74582024,47614.4363159,-84259.0818878,-350548.519973,40432.9768341,2967.11440015,-43400.0912343,40432.9768341,0,2967.11440015,0,-43400.0912343,0,92357.0058515,11898.9210872,-104255.926939,40432.9768341,2967.11440015,-43400.0912343,40432.9768341,2967.11440015,-43400.0912343,0,0,0,0
0.0003663,9054.33181081,18683.4329735,-3537.13147844,-7093.03331798,-5517.20033237,-11590.3996555,0,84344.8185695,300024.426751,7394.23803563,52346.9641669,-91739.0566052,-352371.390917,43807.5244708,3574.48187461,-47382.0063454,43807.5244708,0,3574.48187461,0,-47382.0063454,0,95671.7270557,13322.9852305,-108994.712286,43807.5244708,3574.48187461,-47382.0063454,43807.5244708,3574.48187461,-47382.0063454,0,0,0,0
0.0003996,9115.1794188,18649.3649616,-3469.19796947,-6873.05717391,-5645.98144933,-11776.3077877,0,90341.127932,297067.487215,8718.76213208,57071.2423492,-99059.890064,-354138.729565,47101.4880546,4235.1193065,-51336.607361,47101.4880546,0,4235.1193065,0,-51336.607361,0,96547.0585489,14805.3069777,-111352.365527,47101.4880546,4235.1193065,-51336.607361,47101.4880546,4235.1193065,-51336.607361,0,0,0,0
0.0004329,9271.71596379,18612.3578858,-3448.45516681,-6651.99786399,-5823.26079698,-11960.3600218,0,96086.1463158,294063.731053,10138.3324613,61786.5263361,-106224.478777,-355850.257389,50313.5320539,4948.24047923,-55261.7725331,50313.5320539,0,4948.24047923,0,-55261.7725331,0,99658.2002552,16310.9437922,-115969.144047,50313.5320539,4948.24047923,-55261.7725331,50313.5320539,4948.24047923,-55261.7725331,0,0,0,0
0.0004662,9328.77864579,18572.417578,-3376.28142747,-6429.89022627,-5952.49721832,-12142.5273517,0,102469.739252,291013.631643,11650.0261325,66492.0730178,-114119.765385,-357505.704661,53446.9508709,5713.03418068,-59159.9850516,53446.9508709,0,5713.03418068,0,-59159.9850516,0,100439.875543,17872.4720139,-118312.347557,53446.9508709,5713.03418068,-59159.9850516,53446.9508709,5713.03418068,-59159.9850516,0,0,0,0
0.0004995,9544.04612595,18529.5503328,-3382.2342772,-6206.76926402,-6161.81184875,-12322.7810688,0,112728.95361,287917.669669,13263.8667341,71187.1408193,-125992.820344,-359104.810488,58467.5741203,6543.01088481,-65010.5850052,58467.5741203,0,6543.01088481,0,-65010.5850052,0,104909.190506,19467.818701,-124377.009207,58467.5741203,6543.01088481,-65010.5850052,58467.5741203,6543.01088481,-65010.5850052,0,0,0,0
0.0005328,9908.43974328,18483.7629058,-3459.09102424,-5982.67014019,-6449.34871903,-12501.0927656,0,125866.235697,284776.333042,15036.9833474,75870.989817,-140903.219044,-360647.322859,70521.1494438,7503.52575389,-78024.6751977,70521.1494438,0,7503.52575389,0,-78024.6751977,0,112812.675687,21180.6239883,-133993.299675,70521.1494438,7503.52575389,-78024.6751977,70521.1494438,7503.52575389,-78024.6751977,0,0,0,0
0.0005661,10351.066038,18435.062513,-3571.15749572,-5757.62817188,-6779.90854223,-12677.4343412,0,138378.481991,281590.116823,17012.0030845,80542.8818554,-155390.485075,-362132.998678,82054.1083941,8642.94030052,-90697.0486946,82054.1083941,0,8642.94030052,0,-90697.0486946,0,122493.9,23018.8239127,-145512.723913,82054.1083941,8642.94030052,-90697.0486946,82054.1083941,8642.94030052,-90697.0486946,0,0,0,0
0.0005994,10686.1314096,18383.4568294,-3624.73012888,-5531.6788248,-7061.4012807,-12851.7780046,0,150280.307714,278359.523147,19181.3481301,85202.0806634,-169461.655844,-363561.603811,93081.8524321,9955.07789853,-103036.930331,93081.8524321,0,9955.07789853,0,-103036.930331,0,129609.587391,25007.7364259,-154617.323816,93081.8524321,9955.07789853,-103036.930331,93081.8524321,9955.07789853,-103036.930331,0,0,0,0
0.0006327,11095.8830555,18328.9539878,-3712.05545751,-5304.85770764,-7383.82759801,-13024.0962802,0.0181317410495,161590.96053,275085.061143,21537.5972131,89847.8519702,-183128.557743,-364932.913114,103617.078738,11433.9372495,-115051.015987,103617.078738,0.0181317410495,11433.9372495,-209.314439444,-115051.015987,-941.17359315,138424.928525,27112.707638,-165537.636163,103617.078738,11433.9372495,-115051.015987,103617.078738,11433.9372495,-115051.015987,0.0181317410495,-209.314439444,-941.17359315,1.81317410495
0.000666,11403.1723739,18271.5625776,-3743.78898991,-5077.20056649,-7659.38338403,-13194.3620111,0.140016723773,172324.248259,271767.246853,24073.5539061,94479.463621,-196397.802165,-366246.710474,113678.799253,13073.6566255,-126752.455878,113678.799253,0.140016723773,13073.6566255,-1605.756908,-126752.455878,-7278.52864539,144798.713059,29357.9175509,-174156.63061,113678.799253,13073.6566255,-126752.455878,113678.799253,13073.6566255,-126752.455878,0.140016723773,-1605.756908,-7278.52864539,14.0016723773
0.0006993,11781.8477337,18211.2916435,-3807.92455568,-4848.74327919,-7973.92317798,-13362.5483643,0.346987808943,182498.404623,268406.603151,26782.1694115,99096.1856928,-209280.574034,-367502.788843,123277.096321,14868.6044145,-138145.700735,123277.096321,0.346987808943,14868.6044145,-3913.05143483,-138145.700735,-18103.8812223,152799.534807,31710.3669705,-184509.901777,123277.096321,14868.6044145,-138145.700735,123277.096321,14868.6044145,-138145.700735,0.346987808943,-3913.05143483,-18103.8812223,34.6987808943
0.0007326,12062.5542049,18148.1506839,-3819.04848412,-4619.52184968,-8243.50572082,-13528.6288342,0.549763973195,192126.477447,265003.65966,29656.6078015,103697.290609,-221783.085248,-368700.950269,132421.116046,16813.2534158,-149234.369462,132421.116046,0.549763973195,16813.2534158,-6050.23524575,-149234.369462,-28833.170059,158468.365892,34193.1781882,-192661.54408,132421.116046,16813.2534158,-149234.369462,132421.116046,16813.2534158,-149234.369462,0.549763973195,-6050.23524575,-28833.170059,54.9763973195
0.0007659,12411.2165367,18082.1496496,-3861.145985,-4389.57240232,-8550.0705517,-13692.5772473,0.748294661454,201225.743079,261558.95267,32690.1723973,108282.053254,-233915.915476,-369841.005924,141121.375793,18902.1661164,-160023.541909,141121.375793,0.748294661454,18902.1661164,-8018.30677881,-160023.541909,-39462.1889168,165688.380487,36774.805166,-202463.185653,141121.375793,18902.1661164,-160023.541909,141121.375793,18902.1661164,-160023.541909,0.748294661454,-8018.30677881,-39462.1889168,74.8294661454
0.0007992,12666.3768012,18013.2989421,-3852.78737148,-4158.93117621,-8813.58942967,-13854.3677659,0.94267266327,209808.534032,258073.025054,35876.3680871,112849.751088,-245684.90212,-370922.776142,149390.987192,21130.0172006,-170521.004392,149390.987192,0.94267266327,21130.0172006,-9819.96017604,-170521.004392,-49994.1312994,170685.165037,39477.2657785,-210162.430815,149390.987192,21130.0172006,-170521.004392,149390.987192,21130.0172006,-170521.004392,0.94267266327,-9819.96017604,-49994.1312994,94.267266327
0.0008325,12986.369347,17941.609412,-3874.11603777,-3927.63451947,-9112.25330923,-14013.9748925,1.13285068039,217891.222721,254546.426179,39208.8311316,117399.66426,-257100.053853,-371946.090439,157239.900087,23491.6301446,-180731.530231,157239.900087,1.13285068039,23491.6301446,-11456.2297382,-180731.530231,-60424.9617557,177164.244061,42270.4609495,-219434.705011,157239.900087,23491.6301446,-180731.530231,157239.900087,23491.6301446,-180731.530231,1.13285068039,-11456.2297382,-60424.9617557,113.285068039
0.0008658,13217.1180439,17867.0923572,-3847.42542666,-3695.71888351,-9369.69261722,-14171.3734737,1.31891821309,225485.468451,250979.711822,42681.3886896,121931.075723,-268166.85714,-372910.787546,164680.543623,25981.934349,-190662.477972,164680.543623,1.31891821309,25981.934349,-12929.7679837,-190662.477972,-70757.7067039,181523.759254,45175.4050504,-226699.164305,164680.543623,25981.934349,-190662.477972,164680.543623,25981.934349,-190662.477972,1.31891821309,-12929.7679837,-70757.7067039,131.891821309
0.0008991,13509.714194,17789.7595214,-3849.19297119,-3463.22081729,-9660.52122278,-14326.5387041,1.50083108992,232606.790179,247373.444085,46287.9918906,126443.271345,-278894.78207,-373816.71543,171722.333334,28596.0001045,-200318.333438,171722.333334,1.50083108992,28596.0001045,-14241.6435554,-200318.333438,-80988.4947516,187299.715734,48163.3781406,-235463.093875,171722.333334,28596.0001045,-200318.333438,171722.333334,28596.0001045,-200318.333438,1.50083108992,-14241.6435554,-80988.4947516,150.083108992
0.0009324,13720.2940803,17709.6230919,-3806.84912113,-3230.17696156,-9913.44495922,-14479.4461303,1.67867569131,239266.670286,243728.191299,50022.7726931,130935.540021,-289289.442979,-374663.73132,178470.423157,31328.9977284,-209799.420886,178470.423157,1.67867569131,31328.9977284,-15394.4693599,-209799.420886,-91120.1939692,191128.765782,51254.4354003,-242383.201182,178470.423157,31328.9977284,-209799.420886,178470.423157,31328.9977284,-209799.420886,1.67867569131,-15394.4693599,-91120.1939692,167.867569131
0.0009657,14016.2052107,17626.6956978,-3804.92241877,-2996.62404308,-10211.282792,-14630.0716547,1.85241084866,245487.467838,240044.527942,53880.0182489,135407.173789,-299367.486087,-375451.701731,185613.701265,34177.591779,-219791.293044,185613.701265,1.85241084866,34177.591779,-16389.346909,-219791.293044,-101149.09063,196924.621953,54422.2476383,-251346.869592,185613.701265,34177.591779,-219791.293044,185613.701265,34177.591779,-219791.293044,1.85241084866,-16389.346909,-101149.09063,185.241084866
0.000999,14295.5899911,17540.9904082,-3791.58832246,-2762.59886885,-10504.0016686,-14778.3915393,2.02211998431,251301.490183,236323.034544,57854.3873278,139857.467938,-309155.877511,-376180.502482,194277.343519,37148.4461959,-231425.789715,194277.343519,2.02211998431,37148.4461959,-17228.8513947,-231425.789715,-111077.902825,202299.022812,57694.8876757,-259993.910487,194277.343519,37148.4461959,-231425.789715,194277.343519,37148.4461959,-231425.789715,2.02211998431,-17228.8513947,-111077.902825,202.211998431
0.0010323,14668.4689365,17452.5207299,-3822.00077577,-2528.13832028,-10846.4681608,-14924.3824096,2.18776481426,256665.488324,232564.297597,61940.4642029,144285.721119,-318605.952527,-376850.018716,203631.078898,40264.5733664,-243895.652264,203631.078898,2.18776481426,40264.5733664,-17914.1157682,-243895.652264,-120903.06842,209818.420169,61068.1237697,-270886.543939,203631.078898,40264.5733664,-243895.652264,203631.078898,40264.5733664,-243895.652264,2.18776481426,-17914.1157682,-120903.06842,218.776481426
0.0010656,14952.4518226,17361.3006053,-3803.9827201,-2293.27934739,-11148.4691025,-15068.0212579,2.34942595718,261383.710301,228768.909463,66131.1028357,148691.235456,-327514.813137,-377460.14492,212279.891731,43536.9653544,-255816.857086,212279.891731,2.34942595718,43536.9653544,-18447.6792935,-255816.857086,-130627.163537,215216.113349,64572.7054419,-279788.81879,212279.891731,43536.9653544,-255816.857086,212279.891731,43536.9653544,-255816.857086,2.34942595718,-18447.6792935,-130627.163537,234.942595718
0.0010989,15279.2119807,17267.3444104,-3804.30404332,-2058.05896301,-11474.9079374,-15209.2854473,2.50707748519,265487.605543,224937.46828,70417.8309979,153073.316661,-335905.436541,-378010.784941,220247.125529,46956.5799172,-267203.705446,220247.125529,2.50707748519,46956.5799172,-18830.8156148,-267203.705446,-140247.269364,221575.513827,68179.8613809,-289755.375208,220247.125529,46956.5799172,-267203.705446,220247.125529,46956.5799172,-267203.705446,2.50707748519,-18830.8156148,-140247.269364,250.707748519
0.0011322,15521.5485721,17170.6669522,-3758.92929492,-1822.51423691,-11762.6192772,-15348.1527153,2.67779611121,269006.633467,221070.577867,74792.5642914,157431.274133,-343799.197758,-378501.852,227560.011774,50514.6537853,-278074.665559,227560.011774,2.67779611121,50514.6537853,-19257.2916471,-278074.665559,-150653.163794,225924.798102,71903.3416411,-297828.139743,227560.011774,50514.6537853,-278074.665559,227560.011774,50514.6537853,-278074.665559,2.67779611121,-19257.2916471,-150653.163794,267.779611121
0.0011655,15805.3246234,17071.2834668,-3731.67490859,-1586.68228998,-12073.6497148,-15484.6011768,2.98588864964,271975.808978,217168.847631,79247.5827422,161764.421077,-351223.39172,-378933.268708,234246.872702,54202.7935862,-288449.666288,234246.872702,2.98588864964,54202.7935862,-21117.2002722,-288449.666288,-168342.220568,231211.193773,75715.8735358,-306927.067309,234246.872702,54202.7935862,-288449.666288,234246.872702,54202.7935862,-288449.666288,2.98588864964,-21117.2002722,-168342.220568,298.588864964
0.0011988,16009.3742451,16969.2096166,-3661.53483086,-1350.60028838,-12347.8394143,-15618.6093282,3.5755506042,274415.388188,213232.892468,83775.6118021,166072.074607,-358190.99999,-379304.967074,240339.836982,58012.962719,-298352.799701,240339.836982,3.5755506042,58012.962719,-25951.0278356,-298352.799701,-200923.389178,234603.724603,79630.8340293,-314234.558633,240339.836982,58012.962719,-298352.799701,240339.836982,58012.962719,-298352.799701,3.5755506042,-25951.0278356,-200923.389178,357.55506042
0.0012321,16253.0433985,16864.461488,-3609.0214836,-1114.30543767,-12644.0219149,-15750.1560504,4.13968289819,276344.56667,209263.332668,88369.6141371,170353.555853,-364714.180807,-379616.888521,245843.325042,61937.360235,-307780.685277,245843.325042,4.13968289819,61937.360235,-30136.3472502,-307780.685277,-232533.168054,238897.004761,83622.3611918,-322519.365953,245843.325042,61937.360235,-307780.685277,245843.325042,61937.360235,-307780.685277,4.13968289819,-30136.3472502,-232533.168054,413.968289819
0.0012654,16421.0528569,16757.0555889,-3515.33369722,-877.834976952,-12905.7191597,-15879.220612,4.67901361069,277785.571171,205260.793819,93022.7739074,174608.190072,-370808.345078,-379868.983891,250783.835858,65998.1109106,-316781.946768,250783.835858,4.67901361069,65998.1109106,-33693.6335578,-316781.946768,-263197.279937,241385.789055,87726.7787555,-329112.567811,250783.835858,65998.1109106,-316781.946768,250783.835858,65998.1109106,-316781.946768,4.67901361069,-33693.6335578,-263197.279937,467.901361069
0.0012987,16633.6274858,16647.008846,-3434.19302851,-641.226173017,-13199.4344573,-16005.782673,5.19414951101,278763.031599,201225.906704,97728.5447038,178835.306751,-376491.576303,-380061.213454,255210.551819,70469.7175682,-325680.269388,255210.551819,5.19414951101,70469.7175682,-36640.2908936,-325680.269388,-292936.821177,244772.822154,92142.9259269,-336915.748081,255210.551819,70469.7175682,-325680.269388,255210.551819,70469.7175682,-325680.269388,5.19414951101,-36640.2908936,-292936.821177,519.414951101
0.001332,16793.3980225,16534.3386023,-3300.11814774,-404.516314445,-13493.2798748,-16129.8222878,5.68578524398,279297.39885,197159.307204,102480.684354,183034.239713,-381778.083204,-380193.546917,259212.371496,75983.9563575,-335196.327854,259212.371496,5.68578524398,75983.9563575,-38992.5612853,-335196.327854,-321779.626076,246527.355448,97393.0327858,-343920.388234,259212.371496,75983.9563575,-335196.327854,259212.371496,75983.9563575,-335196.327854,5.68578524398,-38992.5612853,-321779.626076,568.578524398
0.0013653,17003.9647156,16419.062614,-3172.43392356,-167.742705748,-13831.530792,-16251.3199083,6.15448590882,279411.442601,193061.6362,107273.198823,187204.327223,-386684.641424,-380265.963423,262775.05477,82259.0209647,-345034.075734,262775.05477,6.15448590882,82259.0209647,-40769.681902,-345034.075734,-349742.313913,249180.870089,103243.465734,-352424.335824,262775.05477,82259.0209647,-345034.075734,262775.05477,82259.0209647,-345034.075734,6.15448590882,-40769.681902,-349742.313913,615.448590882
0.0013986,17145.3768113,16301.1990483,-3008.51077659,69.0573385151,-14136.8660347,-16370.2563868,6.60089515171,279124.175695,188933.539468,112100.375728,191344.912093,-391224.551424,-380278.451561,265844.679261,88607.1047448,-354451.784006,265844.679261,6.60089515171,88607.1047448,-41993.7211702,-354451.784006,-376843.656647,250206.813734,109155.370811,-359362.184546,265844.679261,88607.1047448,-354451.784006,265844.679261,88607.1047448,-354451.784006,6.60089515171,-41993.7211702,-376843.656647,660.089515171
0.0014319,17321.8104403,16180.76648,-2861.20550595,305.846499625,-14460.6049343,-16486.6129796,7.02555381973,278458.393459,184775.667578,116956.734118,195455.341784,-395415.127577,-380231.009362,268439.227717,95020.8163739,-363460.044091,268439.227717,7.02555381973,95020.8163739,-42681.7034555,-363460.044091,-403100.947525,252045.105555,115105.074762,-367150.180316,268439.227717,95020.8163739,-363460.044091,268439.227717,95020.8163739,-363460.044091,7.02555381973,-42681.7034555,-403100.947525,702.555381973
0.0014652,17432.7328598,16057.7838887,-2679.87066186,542.58746057,-14752.8621979,-16600.3713492,7.42908079791,277433.292255,180588.675795,121837.079342,199534.968508,-399270.371596,-380123.644303,270583.443894,101493.879412,-372077.323306,270583.443894,7.42908079791,101493.879412,-42851.313367,-372077.323306,-428535.771183,252346.336923,121104.63663,-373450.973553,270583.443894,101493.879412,-372077.323306,270583.443894,101493.879412,-372077.323306,7.42908079791,-42851.313367,-428535.771183,742.908079791
0.0014985,17577.5961732,15932.2706559,-2514.96003847,779.24291194,-15062.6361347,-16711.5135679,7.81198796286,276049.878244,176373.223972,126736.454612,203583.149333,-402786.332856,-379956.373305,272295.408384,108019.461366,-380314.86975,272295.408384,7.81198796286,108019.461366,-42518.7236442,-380314.86975,-453164.434277,253439.676908,127131.653891,-380571.330799,272295.408384,108019.461366,-380314.86975,272295.408384,108019.461366,-380314.86975,7.81198796286,-42518.7236442,-453164.434277,781.198796286
0.0015318,17658.7783636,15804.2465622,-2317.30208663,1015.7755578,-15341.476277,-16820.02212,8.17453089971,274271.285724,172129.976446,131649.874507,207599.246282,-405921.16023,-379729.222728,273304.105766,114346.435586,-388385.676123,273304.105766,8.17453089971,114346.435586,-41710.2789117,-388385.676123,-477016.883198,252922.265849,133075.932215,-386363.033561,273304.105766,114346.435586,-388385.676123,273304.105766,114346.435586,-388385.676123,8.17453089971,-41710.2789117,-477016.883198,817.453089971
0.0015651,17768.4640514,15673.7317835,-2133.70969533,1252.14812156,-15634.7543561,-16925.8799051,8.51630336108,272086.803887,167859.601936,136571.778554,211582.626434,-408658.582441,-379442.22837,272309.404379,119228.477215,-397459.618558,272309.404379,8.51630336108,119228.477215,-40499.5019075,-397459.618558,-500199.132216,252337.213059,138298.737106,-393580.110456,272309.404379,119228.477215,-397459.618558,272309.404379,119228.477215,-397459.618558,8.51630336108,-40499.5019075,-500199.132216,851.630336108
0.0015984,17815.3608519,15540.7468884,-1918.22576807,1488.32335187,-15897.1350838,-17029.0702403,8.84723315277,269523.198557,163562.773436,141496.415733,215532.662025,-411019.61429,-379095.435461,269231.966862,122547.586988,-407672.190333,269231.966862,8.84723315277,122547.586988,-39021.6422576,-407672.190333,-523240.534772,249489.326751,142747.69337,-400161.734566,269231.966862,122547.586988,-407672.190333,269231.966862,122547.586988,-407672.190333,8.84723315277,-39021.6422576,-523240.534772,884.723315277
0.0016317,17890.5206242,15405.3128349,-1717.06972318,1724.26402848,-16173.450901,-17129.5768634,9.20680368597,266612.199424,159240.168108,146418.405965,219448.730546,-413030.605389,-378688.898654,265518.539454,125712.756282,-417629.87187,265518.539454,9.20680368597,125712.756282,-37664.3663522,-417629.87187,-548044.833317,247220.670034,147110.685487,-407510.165655,265518.539454,125712.756282,-417629.87187,265518.539454,125712.756282,-417629.87187,9.20680368597,-37664.3663522,-548044.833317,920.680368597
0.001665,17906.89156,15267.4509668,-1486.40795464,1959.93296809,-16420.4836053,-17227.3839348,9.63427886006,263390.437663,154892.467178,151332.850937,223330.21484,-414723.288599,-378222.682018,261697.885503,129214.648257,-426861.273653,261697.885503,9.63427886006,129214.648257,-36835.5639678,-426861.273653,-576616.213693,243747.824739,151648.120283,-413350.477223,261697.885503,129214.648257,-426861.273653,261697.885503,129214.648257,-426861.273653,9.63427886006,-36835.5639678,-576616.213693,963.427886006
0.0016983,17951.0392012,15127.1830104,-1270.17237265,2195.29303024,-16680.8668285,-17322.4760407,10.0838640789,259887.028857,150520.355825,156235.282992,227176.5032,-416122.311849,-377696.859025,257766.483402,133023.9859,-435401.620476,257766.483402,10.0838640789,133023.9859,-35965.0284703,-435401.620476,-606619.302256,241086.734444,156328.398599,-419701.900858,257766.483402,133023.9859,-435401.620476,257766.483402,133023.9859,-435401.620476,10.0838640789,-35965.0284703,-606619.302256,1008.38640789
0.0017316,17939.5240719,14984.5310716,-1026.34056024,2430.30712314,-16913.1835117,-17414.8381948,10.4990200697,256099.211553,146124.523077,161133.930832,230986.989468,-417233.142384,-377111.512545,253723.855407,137115.144352,-443284.853983,253723.855407,10.4990200697,137115.144352,-34385.1545241,-443284.853983,-635134.174598,237277.890352,161151.403325,-424633.98801,253723.855407,137115.144352,-443284.853983,253723.855407,137115.144352,-443284.853983,10.4990200697,-34385.1545241,-635134.174598,1049.90200697
0.0017649,17955.6682619,14839.5176317,-796.458890759,2664.93820953,-17159.2093711,-17504.4558412,10.8809224282,252067.190234,141705.661698,166188.666363,234761.073126,-418255.856597,-376466.734824,249575.18796,141490.922713,-450578.181923,249575.18796,10.8809224282,141490.922713,-32127.3109687,-450578.181923,-662204.211182,234251.248211,166110.752901,-430100.749224,249575.18796,141490.922713,-450578.181923,249575.18796,141490.922713,-450578.181923,10.8809224282,-32127.3109687,-662204.211182,1088.09224282
0.0017982,17927.0588399,14692.1655442,-535.288511068,2899.1493125,-17391.7703289,-17591.3148567,11.2308350033,247883.982032,137264.468083,172093.858151,238498.159394,-419977.840183,-375762.627478,245362.316809,146471.592656,-457695.707677,245362.316809,11.2308350033,146471.592656,-29221.6024442,-457695.707677,-687879.482347,230169.983428,171478.953766,-434563.067752,245362.316809,146471.592656,-457695.707677,245362.316809,146471.592656,-457695.707677,11.2308350033,-29221.6024442,-687879.482347,1123.08350033
0.0018315,17957.9109003,14542.4980311,-264.099231554,3132.90352133,-17693.8116687,-17675.4015525,11.5498715124,243657.232298,132801.642147,179691.103113,242197.659323,-423348.335412,-374999.30147,241215.355163,153261.706689,-466023.670097,241215.355163,11.5498715124,153261.706689,-25691.1409517,-466023.670097,-712207.694991,226974.918967,178205.723141,-440938.048007,241215.355163,153261.706689,-466023.670097,241215.355163,153261.706689,-466023.670097,11.5498715124,-25691.1409517,-712207.694991,1154.98715124
0.0018648,17985.9609745,14390.5386796,65.5930763599,3366.16399732,-18051.5540508,-17756.7026769,11.8392165836,239317.990697,128317.887212,188218.712345,245858.989886,-427536.703043,-374176.877098,237203.567893,162490.977219,-476306.060791,237203.567893,11.8392165836,162490.977219,-21562.2486727,-476306.060791,-735237.67909,222937.660508,186823.281217,-448051.272183,237203.567893,162490.977219,-476306.060791,237203.567893,162490.977219,-476306.060791,11.8392165836,-21562.2486727,-735237.67909,1183.92165836
0.0018981,18037.3027832,14236.3114377,379.483321371,3598.89397955,-18416.7861046,-17835.2054172,12.0998716443,234767.156724,123813.909901,196595.901777,249481.574073,-431363.058501,-373295.483973,233073.787915,171759.342944,-485934.576257,233073.787915,12.0998716443,171759.342944,-16874.7824626,-485934.576257,-756993.267833,219610.338861,195420.304317,-455566.742404,233073.787915,171759.342944,-485934.576257,233073.787915,171759.342944,-485934.576257,12.0998716443,-16874.7824626,-756993.267833,1209.98716443
0.0019314,18038.6191978,14079.840611,713.325312291,3831.05679074,-18751.9445101,-17910.8974017,12.3329443438,230020.96208,119290.420021,204821.496522,253064.840978,-434842.458602,-372355.260999,228834.233496,181052.563306,-494942.15288,228834.233496,12.3329443438,181052.563306,-11658.8483101,-494942.15288,-777514.62672,215291.605982,203962.6074,-461767.697478,228834.233496,181052.563306,-494942.15288,228834.233496,181052.563306,-494942.15288,12.3329443438,-11658.8483101,-777514.62672,1233.29443438
0.0019647,18062.7724194,13921.1508587,1031.49499279,4062.61584296,-19094.2674122,-17983.7667017,12.5393748846,225096.902803,114748.130456,212895.475265,256608.225894,-437992.378069,-371356.35635,224487.807618,190356.583973,-503356.785363,224487.807618,12.5393748846,190356.583973,-5951.54739088,-503356.785363,-796824.456156,211660.238867,212468.705723,-468371.692476,224487.807618,190356.583973,-503356.785363,224487.807618,190356.583973,-503356.785363,12.5393748846,-5951.54739088,-796824.456156,1253.93748846
0.001998,18039.3289165,13760.2671897,1368.37917673,4293.53464346,-19407.7080932,-18053.8018332,12.720146001,220009.125151,110187.757052,220817.005585,260111.170398,-440826.130736,-370298.927451,220028.94367,199660.160049,-511195.75762,220028.94367,12.720146001,199660.160049,197.332967169,-511195.75762,-814935.339068,207081.734745,220907.532132,-473729.537464,220028.94367,199660.160049,-511195.75762,220028.94367,199660.160049,-511195.75762,12.720146001,197.332967169,-814935.339068,1272.0146001
0.0020313,18037.0134751,13597.2149586,1690.3401631,4523.77680037,-19727.3536382,-18120.991759,12.87582415,214772.774856,105610.018507,228586.337671,263573.12244,-443359.112527,-369183.140947,215209.10345,208719.37967,-518690.070248,215209.10345,12.87582415,208719.37967,6741.10899487,-518690.070248,-831874.253269,203026.527047,229181.854015,-479574.249004,215209.10345,208719.37967,-518690.070248,215209.10345,208719.37967,-518690.070248,12.87582415,6741.10899487,-831874.253269,1287.582415
0.0020646,17988.6539659,13432.0198618,2030.09383102,4753.30602846,-20018.7477969,-18185.3258902,13.0050151175,209401.694611,101015.636252,236202.937461,266993.53643,-445604.632072,-368009.172683,208270.145363,215764.712994,-527611.992006,208270.145363,13.0050151175,215764.712994,13587.1228295,-527611.992006,-847749.954338,197063.974482,236386.569276,-485204.804546,208270.145363,215764.712994,-527611.992006,208270.145363,215764.712994,-527611.992006,13.0050151175,13587.1228295,-847749.954338,1300.50151175
0.0020979,17960.8510352,13264.7079332,2355.04923388,4982.08615486,-20315.9002691,-18246.7940881,13.1051205127,203914.502711,96405.3343441,243667.32787,270371.873326,-447581.830581,-366777.20767,196737.765323,218297.669018,-540478.435303,196737.765323,13.1051205127,218297.669018,20609.8558111,-540478.435303,-862700.973323,189484.896431,241293.625278,-493434.805727,196737.765323,218297.669018,-540478.435303,196737.765323,218297.669018,-540478.435303,13.1051205127,20609.8558111,-862700.973323,1310.51205127
0.0021312,17890.126973,13095.3055407,2696.15796063,5210.08112475,-20586.2849336,-18305.3866654,13.1818477274,198328.841331,91779.8393477,250979.335534,273707.600714,-449308.176865,-365487.440061,184301.901175,219981.876924,-553648.870168,184301.901175,13.1818477274,219981.876924,27914.9951051,-553648.870168,-876644.273241,180633.559276,245690.578959,-500960.537344,184301.901175,219981.876924,-553648.870168,184301.901175,219981.876924,-553648.870168,13.1818477274,27914.9951051,-876644.273241,1318.18477274
0.0021645,17840.180675,12923.8393812,3022.24608347,5437.25500706,-20862.4267584,-18361.0943883,13.2379431909,192661.220331,87139.880222,258139.845984,277000.192897,-450801.066316,-364140.073119,172690.008825,222517.451675,-565444.822002,172690.008825,13.2379431909,222517.451675,35549.484636,-565444.822002,-889530.352248,172861.827881,250476.477554,-508399.276857,172690.008825,222517.451675,-565444.822002,172690.008825,222517.451675,-565444.822002,13.2379431909,35549.484636,-889530.352248,1323.79431909
0.0021978,17750.5724462,12750.3364773,3362.72450227,5663.5720001,-21113.2969484,-18413.9084774,13.2718025157,186598.877696,82486.1882057,264829.856924,280249.130978,-452386.398052,-362735.319183,161846.244675,225816.160846,-575977.128906,161846.244675,13.2718025157,225816.160846,43519.2069068,-575977.128906,-901265.278542,164710.652097,255563.736183,-514392.241198,161846.244675,225816.160846,-575977.128906,161846.244675,225816.160846,-575977.128906,13.2718025157,43519.2069068,-901265.278542,1327.18025157
0.0022311,17683.0994194,12574.8241723,3688.14118819,5888.99643723,-21371.2406076,-18463.8206095,13.2811823774,178464.696342,77819.4967017,269376.173296,283453.902935,-455772.903699,-361273.399637,151713.147925,229812.053856,-585409.448838,151713.147925,13.2811823774,229812.053856,51836.2866548,-585409.448838,-911720.907668,157569.757787,260969.529808,-520430.184774,151713.147925,229812.053856,-585409.448838,151713.147925,229812.053856,-585409.448838,13.2811823774,51836.2866548,-911720.907668,1328.11823774
0.0022644,17585.3787238,12397.3301261,4030.97974956,6113.49279249,-21616.3584733,-18510.8229185,13.2675747275,167832.274789,73140.5411617,271510.71334,286614.003711,-461634.832828,-359754.544873,142258.7635,234702.19405,-594136.891869,142258.7635,13.2675747275,234702.19405,60470.1128127,-594136.891869,-920963.160183,150062.166217,266831.582282,-525447.830858,142258.7635,234702.19405,-594136.891869,142258.7635,234702.19405,-594136.891869,13.2675747275,60470.1128127,-920963.160183,1326.75747275
0.0022977,17529.0417592,12217.8823111,4374.63052383,6337.02568616,-21903.672283,-18554.9079972,13.2323748211,156959.874091,68450.0589701,274412.227028,289728.935286,-468992.305439,-358178.994256,133499.060106,241166.568078,-602985.102927,133499.060106,13.2323748211,241166.568078,69393.1939119,-602985.102927,-929054.99945,143556.457802,273744.592687,-531415.516249,133499.060106,241166.568078,-602985.102927,133499.060106,241166.568078,-602985.102927,13.2323748211,69393.1939119,-929054.99945,1323.23748211
0.002331,17467.972643,12036.5090075,4753.53750955,6559.55989036,-22221.5101526,-18596.0688979,13.1769652361,147447.942828,63748.7893276,281584.273417,292798.20676,-478831.696182,-356546.996087,125440.10004,249622.771136,-612511.408613,125440.10004,13.1769652361,249622.771136,78578.2676087,-612511.408613,-936058.65601,136759.31693,282021.332085,-537476.442228,125440.10004,249622.771136,-612511.408613,125440.10004,249622.771136,-612511.408613,13.1769652361,78578.2676087,-936058.65601,1317.69652361
0.0023643,17438.9935578,11853.2387992,5127.53997934,6781.06033462,-22566.5335371,-18634.2991338,13.1023954063,139346.494852,59037.4731353,292995.66454,295821.334427,-490988.979676,-354858.807563,117941.953906,259137.019568,-621806.1097,117941.953906,13.1023954063,259137.019568,87999.0724296,-621806.1097,-942016.304073,130858.139291,290977.430667,-544159.421065,117941.953906,259137.019568,-621806.1097,117941.953906,259137.019568,-621806.1097,13.1023954063,87999.0724296,-942016.304073,1310.23954063
0.0023976,17370.8054455,11668.1005686,5508.94703595,7001.49211135,-22879.7524814,-18669.59268,13.0097465701,132064.927503,54316.8528775,304692.811242,298797.841856,-501500.504371,-353114.694734,110871.027459,268784.260151,-629968.613161,110871.027459,13.0097465701,268784.260151,97629.51401,-629968.613161,-946972.135694,124508.6811,299842.864612,-549484.610497,110871.027459,268784.260151,-629968.613161,110871.027459,268784.260151,-629968.613161,13.0097465701,97629.51401,-946972.135694,1300.97465701
0.0024309,17316.1343032,11481.1234929,5872.20303163,7220.82048142,-23188.3373348,-18701.9439743,12.900373244,125450.743736,49587.6725046,316532.01466,301727.259961,-510563.880304,-351314.932466,104191.304511,278523.94467,-637070.230921,104191.304511,12.900373244,278523.94467,107452.889567,-637070.230921,-950962.816672,118920.661804,308636.42937,-554699.880642,104191.304511,278523.94467,-637070.230921,104191.304511,278523.94467,-637070.230921,12.900373244,107452.889567,-950962.816672,1290.0373244
0.0024642,17224.7525925,11292.3370388,6242.11423559,7439.01087956,-23466.8668281,-18731.3479183,12.77745309,119375.485537,44850.6773163,328395.9306,304609.127077,-518347.694775,-349459.804394,97862.2852406,288312.405325,-643190.153603,97862.2852406,12.77745309,288312.405325,117493.451995,-643190.153603,-953960.025735,112882.753226,317303.59346,-558674.758377,97862.2852406,288312.405325,-643190.153603,97862.2852406,288312.405325,-643190.153603,12.77745309,117493.451995,-953960.025735,1277.745309
0.0024975,17146.9827586,11101.7709583,6594.36569227,7656.02891985,-23741.3484508,-18757.7998781,12.6461130429,113732.253748,40106.6138438,340187.726019,307442.989035,-525000.173205,-347549.602878,91721.0616059,297986.630788,-648525.32697,91721.0616059,12.6461130429,297986.630788,127809.774927,-648525.32697,-955832.566134,107485.450736,325801.761523,-562664.284775,91721.0616059,297986.630788,-648525.32697,91721.0616059,297986.630788,-648525.32697,12.6461130429,127809.774927,-955832.566134,1264.61130429
0.0025308,17034.8399755,10909.4552839,6952.63365924,7871.84040114,-23987.4736348,-18781.295685,12.510080815,108431.700188,35356.2297321,351825.031697,310228.399228,-530643.195771,-345584.62896,85196.174646,306972.38042,-653680.930086,85196.174646,12.510080815,306972.38042,138414.907905,-653680.930086,-956486.704318,101306.866596,333813.160501,-565853.088276,85196.174646,306972.38042,-653680.930086,85196.174646,306972.38042,-653680.930086,12.510080815,138414.907905,-956486.704318,1251.0080815
0.0025641,16936.2056126,10715.4203237,7293.57355623,8086.4113124,-24229.7791688,-18801.8316361,12.370013768,103400.812372,30600.2736225,363240.393003,312964.918687,-535385.242803,-343565.19231,77592.0895818,314565.74422,-659376.728267,77592.0895818,12.370013768,314565.74422,149286.617867,-659376.728267,-955975.350108,95116.9334574,341019.863958,-569702.970499,77592.0895818,314565.74422,-659376.728267,77592.0895818,314565.74422,-659376.728267,12.370013768,149286.617867,-955975.350108,1237.0013768
0.0025974,16805.30645,10519.6966569,7639.71679469,8299.70783815,-24445.0232447,-18819.404495,12.2266383187,98579.0757894,25839.4950342,374381.885478,315652.116149,-539319.91529,-341491.611183,69399.1227533,321250.9032,-665155.710356,69399.1227533,12.2266383187,321250.9032,160402.853791,-665155.710356,-954351.156645,88071.9607605,347628.92221,-572923.454843,69399.1227533,321250.9032,-665155.710356,69399.1227533,321250.9032,-665155.710356,12.2266383187,160402.853791,-954351.156645,1222.66383187
0.0026307,16687.8441223,10322.3151287,7968.74538428,8511.69636371,-24656.5895066,-18834.0114924,12.0810170647,93917.5622484,21074.6442466,385208.09017,318289.568122,-542531.24327,-339364.212368,61676.1283345,328076.262732,-669982.504344,61676.1283345,12.0810170647,328076.262732,171763.615089,-669982.504344,-951633.392555,81770.5660211,354198.945643,-576046.039062,61676.1283345,328076.262732,-669982.504344,61676.1283345,328076.262732,-669982.504344,12.0810170647,171763.615089,-951633.392555,1208.10170647
0.002664,16539.9240064,10123.3068456,8302.01262588,8722.34348055,-24841.9366323,-18845.6503262,11.9327774779,89381.1500135,16306.4721809,395684.500839,320876.858953,-545092.905667,-337183.331134,54688.8645669,335293.168854,-673610.603348,54688.8645669,11.9327774779,335293.168854,183349.090725,-673610.603348,-947840.3276,75310.7720206,360823.773165,-577926.101667,54688.8645669,335293.168854,-673610.603348,54688.8645669,335293.168854,-673610.603348,11.9327774779,183349.090725,-947840.3276,1193.27774779
0.0026973,16405.3443554,9922.70317059,8618.03311676,8931.61599155,-25023.3774722,-18854.3191621,11.7807913806,84665.8622337,11535.7302815,405485.03604,323413.580898,-547393.552804,-334949.311179,48375.1932177,342818.532245,-676135.633836,48375.1932177,11.7807913806,342818.532245,195133.558787,-676135.633836,-942980.136647,69682.717933,367492.344719,-579614.88276,48375.1932177,342818.532245,-676135.633836,48375.1932177,342818.532245,-676135.633836,11.7807913806,195133.558787,-942980.136647,1178.07913806
0.0027306,16244.0498994,9720.5357179,8936.59472435,9139.48091621,-25180.6446237,-18860.0166341,11.6247594207,77437.0347542,6763.17039798,412306.928499,325899.334177,-551963.463486,-332662.504575,42696.2474762,350565.222962,-677722.396835,42696.2474762,11.6247594207,350565.222962,207083.910187,-677722.396835,-937098.860358,63892.0044889,374133.096335,-580239.156199,42696.2474762,350565.222962,-677722.396835,42696.2474762,350565.222962,-677722.396835,11.6247594207,207083.910187,-937098.860358,1162.47594207
0.0027639,16102.4428375,9516.83634834,9239.32436138,9345.90549587,-25341.7671988,-18862.7418442,11.4650233369,63985.6183742,1989.54466629,412796.725788,328333.727048,-562946.118466,-330323.271714,37607.6091604,358595.019293,-678716.657845,37607.6091604,11.4650233369,358595.019293,219162.013899,-678716.657845,-930271.609724,58905.8039796,380857.082853,-580994.511396,37607.6091604,358595.019293,-678716.657845,37607.6091604,358595.019293,-678716.657845,11.4650233369,219162.013899,-930271.609724,1146.50233369
0.0027972,15951.4315764,9311.63716409,9557.42560839,9550.85719885,-25508.8571848,-18862.4943629,11.3020748042,48796.5025001,-2784.39460957,412091.818739,330716.37586,-576561.978101,-327931.98125,33088.6348908,367563.960657,-679793.308588,33088.6348908,11.3020748042,367563.960657,231331.076766,-679793.308588,-922577.853928,53764.6300323,388159.814557,-581483.897628,33088.6348908,367563.960657,-679793.308588,33088.6348908,367563.960657,-679793.308588,11.3020748042,231331.076766,-922577.853928,1130.20748042
0.0028305,15845.7991739,9104.97050371,9884.60938756,9754.30372559,-25730.4085615,-18859.2742293,11.1363727604,36106.0502194,-7557.89507612,414579.060543,333046.905116,-588722.516231,-325489.010039,29180.3038074,378263.88301,-681809.695749,29180.3038074,11.1363727604,378263.88301,243557.485079,-681809.695749,-914092.496342,49428.6249321,396708.631507,-583300.619437,29180.3038074,378263.88301,-681809.695749,29180.3038074,378263.88301,-681809.695749,11.1363727604,243557.485079,-914092.496342,1113.63727604
0.0028638,15736.67341,8896.86893702,10231.8398695,9956.21301375,-25968.5132795,-18853.0819508,10.9680925095,26187.1143791,-12330.2044492,419723.638018,335324.947534,-598053.645355,-322994.743085,25681.3662228,390028.331535,-684340.921813,25681.3662228,10.9680925095,390028.331535,255822.524136,-684340.921813,-904881.724633,44879.2017843,405996.436929,-585184.607218,25681.3662228,390028.331535,-684340.921813,25681.3662228,390028.331535,-684340.921813,10.9680925095,255822.524136,-904881.724633,1096.80925095
0.0028971,15630.0220057,8687.36525999,10557.3811479,10156.5532432,-26187.4031536,-18843.9185032,10.7972501955,18419.8069295,-17100.5706322,426293.63722,337550.144106,-604352.098478,-320449.573474,21815.4550499,400718.825409,-686325.623467,21815.4550499,10.7972501955,400718.825409,268184.377091,-686325.623467,-895073.467527,40564.758513,414526.395264,-586965.278799,21815.4550499,400718.825409,-686325.623467,21815.4550499,400718.825409,-686325.623467,10.7972501955,268184.377091,-895073.467527,1079.72501955
0.0029304,15489.8169841,8476.49248954,10879.3116725,10355.2928413,-26369.1286567,-18831.7853308,10.6252732774,12364.8671803,-21868.2418349,433879.03284,339722.144148,-608106.810293,-317853.902313,17349.8051253,410128.621925,-688052.712166,17349.8051253,10.6252732774,410128.621925,280956.518036,-688052.712166,-885103.444199,35505.5345018,422161.876853,-587942.493488,17349.8051253,410128.621925,-688052.712166,17349.8051253,410128.621925,-688052.712166,10.6252732774,280956.518036,-885103.444199,1062.52732774
0.0029637,15353.1150808,8264.28385836,11180.8530309,10552.4004873,-26533.9681117,-18816.6843457,10.4567294737,7699.07546881,-26632.4666916,442187.178153,341840.605363,-609693.567573,-315208.138671,13123.485361,419124.202794,-688735.214905,13123.485361,10.4567294737,419124.202794,294820.152972,-688735.214905,-875677.466554,30966.391292,429385.948042,-588578.477771,13123.485361,419124.202794,-688735.214905,13123.485361,419124.202794,-688735.214905,10.4567294737,294820.152972,-875677.466554,1045.67294737
0.002997,15185.4743026,8050.77280967,11479.2472224,10747.8451179,-26664.721525,-18798.6179276,10.3009460864,4150.0887187,-31392.4943799,450977.035437,343905.193889,-609433.008162,-312512.699509,9883.79733657,428477.121763,-687675.761792,9883.79733657,10.3009460864,428477.121763,310201.046344,-687675.761792,-866825.619487,26500.5756678,436555.98781,-587714.012442,9883.79733657,428477.121763,-687675.761792,9883.79733657,428477.121763,-687675.761792,10.3009460864,310201.046344,-866825.619487,1030.09460864
0.0030303,15022.0675628,7835.99299195,11758.3504583,10941.5959319,-26780.4180211,-18777.5889239,10.1650791037,1464.93242758,-36147.5747389,460019.116893,345915.584356,-607620.159067,-309768.009617,7687.06537123,438262.106521,-684856.599871,7687.06537123,10.1650791037,438262.106521,326499.465792,-684856.599871,-857318.221776,22945.0539955,443756.745565,-586151.396131,7687.06537123,438262.106521,-684856.599871,7687.06537123,438262.106521,-684856.599871,10.1650791037,326499.465792,-857318.221776,1016.50791037
0.0030636,14829.8803586,7619.97825361,12034.5488779,11133.6223949,-26864.4292365,-18753.6006485,10.0499215795,-577.883985757,-40896.9583871,469107.554983,347871.459934,-604506.085702,-306974.501547,6318.84001937,448284.038316,-680531.28668,6318.84001937,10.0499215795,448284.038316,343078.939678,-680531.28668,-846318.830572,19407.6288502,450860.252272,-583243.394472,6318.84001937,448284.038316,-680531.28668,6318.84001937,448284.038316,-680531.28668,10.0499215795,343078.939678,-846318.830572,1004.99215795
0.0030969,14642.2115837,7402.7626377,12292.7567657,11323.8942443,-26934.9683493,-18726.656882,9.9535211302,-2161.23391827,-45639.8968411,478077.894667,349772.512385,-600307.74055,-304132.615544,5586.13763841,458386.320437,-674913.914228,5586.13763841,9.9535211302,458386.320437,359871.320819,-674913.914228,-833943.917585,16559.4584536,457834.767143,-579870.748438,5586.13763841,458386.320437,-674913.914228,5586.13763841,458386.320437,-674913.914228,9.9535211302,359871.320819,-833943.917585,995.35211302
0.0031302,14426.2663517,7184.38037652,12549.6535435,11512.381494,-26975.9198951,-18696.7618705,9.87277362698,-3446.78077191,-50375.6426331,486776.278358,351618.442112,-595206.883818,-301242.799479,5318.51861045,468478.047942,-668136.512024,5318.51861045,9.87277362698,468478.047942,376775.56207,-668136.512024,-820343.496377,13552.4628408,464610.10418,-575352.339604,5318.51861045,468478.047942,-668136.512024,5318.51861045,468478.047942,-668136.512024,9.87277362698,376775.56207,-820343.496377,987.277362698
0.0031635,14168.981639,6964.86588622,12792.0190421,11699.0544392,-26961.0006811,-18663.9203255,9.80487196647,-4723.71140035,-55103.4494287,494907.004156,353408.958202,-589519.25687,-298305.508774,5307.61418756,478453.862125,-660253.513687,5307.61418756,9.80487196647,478453.862125,393702.572565,-660253.513687,-805650.616013,10748.9719962,470932.654093,-568716.47819,5307.61418756,478453.862125,-660253.513687,5307.61418756,478453.862125,-660253.513687,9.80487196647,393702.572565,-805650.616013,980.487196647
0.0031968,13971.2747577,6744.25376141,13035.3874296,11883.8836611,-27006.6621873,-18628.1374225,9.74838431698,-6797.33029058,-59822.5721449,501620.87454,355143.778479,-584134.329037,-295321.206334,5376.03060545,488189.167795,-651505.531647,5376.03060545,9.74838431698,488189.167795,410602.070708,-651505.531647,-789960.970837,8095.56019688,477473.4902,-564720.652169,5376.03060545,488189.167795,-651505.531647,5376.03060545,488189.167795,-651505.531647,9.74838431698,410602.070708,-789960.970837,974.838431698
0.0032301,13684.6615397,6522.57876963,13266.4413572,12066.8400312,-26951.1028969,-18589.4188009,9.70223511649,-10657.9726852,-64532.2670672,505818.107984,356822.629542,-580214.799672,-292290.362475,5430.46300509,497648.706143,-642132.831996,5430.46300509,9.70223511649,497648.706143,427434.623468,-642132.831996,-773357.83627,5222.39588667,483242.304738,-556812.398375,5430.46300509,497648.706143,-642132.831996,5430.46300509,497648.706143,-642132.831996,9.70223511649,427434.623468,-773357.83627,970.223511649
0.0032634,13467.0879723,6299.87584598,13502.8134907,12247.8947165,-26969.901463,-18547.7705625,9.66507676707,-15727.5280263,-69231.7919667,508068.962119,358445.24681,-577253.154796,-289213.454843,5403.23823497,506980.64045,-632464.812844,5403.23823497,9.66507676707,506980.64045,444150.245099,-632464.812844,-755938.797645,2443.83622459,489375.772814,-552039.925094,5403.23823497,506980.64045,-632464.812844,5403.23823497,506980.64045,-632464.812844,9.66507676707,444150.245099,-755938.797645,966.507676707
0.0032967,13173.1698808,6076.18008754,13735.6262969,12427.0191834,-26908.7961777,-18503.1992709,9.63538548383,-20359.0213566,-73920.4062175,510253.486222,360011.374565,-573419.897878,-286090.968347,5245.44530635,516413.581042,-622838.285173,5245.44530635,9.63538548383,516413.581042,460696.905562,-622838.285173,-737799.889443,-585.737481568,495114.763593,-543971.06494,5245.44530635,516413.581042,-622838.285173,5245.44530635,516413.581042,-622838.285173,9.63538548383,460696.905562,-737799.889443,963.538548383
0.00333,12949.2393477,5851.52674783,13977.2670529,12604.1852026,-26926.5064006,-18455.7119504,9.61168633388,-23834.1911359,-78597.3709131,513156.729178,361520.765992,-567894.00112,-282923.395079,4909.43294291,525842.669015,-613241.60104,4909.43294291,9.61168633388,525842.669015,477028.34394,-613241.60104,-719029.887362,-3588.47517692,501314.913645,-539149.123906,4909.43294291,525842.669015,-613241.60104,4909.43294291,525842.669015,-613241.60104,9.61168633388,477028.34394,-719029.887362,961.168633388
0.0033633,12446.7257775,5625.95123131,14207.5889308,12779.3648535,-26654.3147083,-18405.3160848,9.59250889494,-26308.7224056,-83261.9489827,516557.052154,362973.183218,-560749.42695,-279711.234235,4251.98105018,534708.912761,-603029.627513,4251.98105018,9.59250889494,534708.912761,493115.288381,-603029.627513,-699713.953277,-8058.52436373,505543.2152,-522818.513454,4251.98105018,534708.912761,-603029.627513,4251.98105018,534708.912761,-603029.627513,9.59250889494,493115.288381,-699713.953277,959.250889494
0.0033966,12399.2597049,5399.48908777,14434.9792292,12952.5305286,-26834.2389341,-18352.0196163,9.57696989282,-28092.3605805,-87913.405308,520106.553028,364368.397347,-552249.374461,-276454.992039,2397.18385231,541887.782404,-593120.75913,2397.18385231,9.57696989282,541887.782404,509028.294289,-593120.75913,-680035.574142,-10732.497791,511454.367688,-525915.105349,2397.18385231,541887.782404,-593120.75913,2397.18385231,541887.782404,-593120.75913,9.57696989282,509028.294289,-680035.574142,957.696989282
0.0034299,11851.9241597,5172.17600673,14647.2900237,13123.6549375,-26499.2141834,-18295.8309442,9.56623265293,-29452.3267422,-92551.0068383,523580.091571,365706.188499,-542725.28387,-273155.181661,-1954.54987302,546096.476674,-584873.378834,-1954.54987302,9.56623265293,546096.476674,525264.754481,-584873.378834,-660614.276331,-17165.0535313,512927.730525,-509477.754419,-1954.54987302,546096.476674,-584873.378834,-1954.54987302,546096.476674,-584873.378834,9.56623265293,525264.754481,-660614.276331,956.623265293
0.0034632,11772.6611388,4944.04781178,14856.9849492,13292.7111117,-26629.646088,-18236.7589235,9.56536867304,-30491.3100467,-97174.0227066,526916.064774,366986.345844,-532339.266041,-269812.323137,-7251.77167406,548906.097056,-576811.087074,-7251.77167406,9.56536867304,548906.097056,543126.901072,-576811.087074,-642894.703681,-21683.6444657,516217.182233,-512956.072582,-7251.77167406,548906.097056,-576811.087074,-7251.77167406,548906.097056,-576811.087074,9.56536867304,543126.901072,-642894.703681,956.536867304
0.0034965,11203.4384133,4715.14045502,15052.5419973,13459.6724088,-26255.9804106,-18174.8128639,9.57974610489,-31260.7849436,-101781.724344,530097.582218,368208.667634,-521195.558314,-266426.943289,-11288.0272626,552543.196209,-566807.543314,-11288.0272626,9.57974610489,552543.196209,563768.722571,-566807.543314,-628081.103371,-27961.5509401,517112.630761,-495362.309788,-11288.0272626,552543.196209,-566807.543314,-11288.0272626,552543.196209,-566807.543314,9.57974610489,563768.722571,-628081.103371,957.974610489
0.0035298,11098.3765829,4485.49001131,15245.8969344,13624.5125163,-26344.2735173,-18110.0025276,9.60662014305,-31868.7663023,-106373.385596,533044.023681,369372.961235,-509441.601354,-262999.575639,-13608.3688961,557483.961808,-554474.402094,-13608.3688961,9.60662014305,557483.961808,585915.109584,-554474.402094,-614635.11835,-31083.0582968,521086.506875,-496258.595081,-13608.3688961,557483.961808,-554474.402094,-13608.3688961,557483.961808,-554474.402094,9.60662014305,585915.109584,-614635.11835,960.662014305
0.0035631,10513.4221299,4255.13267262,15426.9455672,13787.2054561,-25940.3676972,-18042.3381287,9.63813250906,-32440.3223377,-110948.282835,535665.642436,370479.043162,-497233.91278,-259530.760326,-14648.0274231,563364.821978,-540366.116218,-14648.0274231,9.63813250906,563364.821978,607143.773148,-540366.116218,-599821.361812,-35835.0463685,522881.205635,-476422.421032,-14648.0274231,563364.821978,-540366.116218,-14648.0274231,563364.821978,-540366.116218,9.63813250906,607143.773148,-599821.361812,963.813250906
0.0035964,7586.38767779,4024.10474233,15610.6885713,13947.7255884,-23197.0762491,-17971.8303307,9.67218862808,-33052.9730034,-115505.695077,537962.726759,371526.739098,-484629.379909,-256021.044021,-14430.6204352,570394.109044,-520622.710752,-14430.6204352,9.67218862808,570394.109044,627434.768293,-520622.710752,-583787.369508,-53998.1767682,511415.650649,-360824.391998,-14430.6204352,570394.109044,-520622.710752,-14430.6204352,570394.109044,-520622.710752,9.67218862808,627434.768293,-583787.369508,967.218862808
0.0036297,11025.8528348,3792.44262951,15793.1503793,14106.0476158,-26819.0032141,-17898.4902453,9.70585963314,-33788.4169601,-120044.90409,540009.71032,372515.883932,-471545.904004,-252470.979841,-14149.264276,577777.359445,-502846.477188,-14149.264276,9.70585963314,577777.359445,646745.866309,-502846.477188,-566697.357302,-35004.9497385,537072.306944,-504864.65462,-14149.264276,577777.359445,-502846.477188,-14149.264276,577777.359445,-502846.477188,9.70585963314,646745.866309,-566697.357302,970.585963314
0.003663,6262.73078582,3560.18284317,15989.0649447,14262.1465876,-22251.7957305,-17822.3294307,9.73553104155,-34826.4221097,-124565.194516,541802.872555,373446.321778,-457896.331219,-248881.127262,-13842.8120155,585717.816476,-484065.963487,-13842.8120155,9.73553104155,585717.816476,665010.879042,-484065.963487,-548730.470754,-63281.6776134,516112.005608,-313801.617475,-13842.8120155,585717.816476,-484065.963487,-13842.8120155,585717.816476,-484065.963487,9.73553104155,665010.879042,-548730.470754,973.553104155
0.0036963,10918.9388676,3327.36198649,16184.0363062,14415.9979031,-27102.9751738,-17743.3598895,9.76052887677,-36312.1361488,-129065.853973,543274.538648,374317.906003,-443864.201191,-245252.05203,-14135.7836371,593349.842445,-466172.552666,-14135.7836371,9.76052887677,593349.842445,682243.569004,-466172.552666,-529970.296068,-38290.0511356,548402.245302,-508577.899874,-14135.7836371,593349.842445,-466172.552666,-14135.7836371,593349.842445,-466172.552666,9.76052887677,682243.569004,-529970.296068,976.052887677
0.0037296,4709.05930716,3094.0167511,16382.9441116,14567.5773159,-21092.0034188,-17661.594067,9.78166861968,-38369.3374804,-133546.173177,544300.948711,375130.49925,-429636.496788,-241584.326073,-14886.8575808,600515.708122,-446637.017117,-14886.8575808,9.78166861968,600515.708122,698498.75978,-446637.017117,-510460.163463,-74708.9409261,519491.912213,-258226.125495,-14886.8575808,600515.708122,-446637.017117,-14886.8575808,600515.708122,-446637.017117,9.78166861968,698498.75978,-510460.163463,978.166861968
0.0037629,10970.6451133,2860.18391126,16575.3140209,14716.8609379,-27545.9591342,-17577.0448491,9.7950753802,-41048.0773571,-138005.446047,544839.564677,375883.973456,-415315.816965,-237878.527408,-16541.8244811,606733.357006,-428494.208562,-16541.8244811,9.7950753802,606733.357006,713697.796205,-428494.208562,-490377.334448,-41978.3643667,559452.984387,-520113.167203,-16541.8244811,606733.357006,-428494.208562,-16541.8244811,606733.357006,-428494.208562,9.7950753802,713697.796205,-490377.334448,979.50753802
0.0037962,2849.38342785,2625.90031807,16770.9827171,14863.8252424,-19620.3661449,-17489.7255605,9.7790860815,-44328.1092177,-142442.969821,544913.149361,376578.209877,-400916.327769,-234135.240056,-18785.208719,612332.334845,-408628.607896,-18785.208719,9.7790860815,612332.334845,727242.268895,-408628.607896,-470395.939198,-89177.6569768,519664.956974,-191449.767736,-18785.208719,612332.334845,-408628.607896,-18785.208719,612332.334845,-408628.607896,9.7790860815,727242.268895,-470395.939198,977.90860815
0.0038295,11256.4508373,2391.20289368,16959.6770172,15008.4470686,-28216.1278545,-17399.6499623,9.71802161363,-48206.072272,-146858.045162,544472.30732,377213.099104,-386362.122601,-230355.053942,-22190.1929741,616687.328222,-390962.957151,-22190.1929741,9.71802161363,616687.328222,738694.773555,-390962.957151,-450981.182956,-46037.3986307,569918.614404,-542953.157594,-22190.1929741,616687.328222,-390962.957151,-22190.1929741,616687.328222,-390962.957151,9.71802161363,738694.773555,-450981.182956,971.802161363
0.0038628,609.516633531,2156.12862544,17149.3868736,15150.7036246,-17758.9035071,-17306.83225,9.63937833748,-52834.5548573,-151249.976273,543302.612972,377788.541082,-371565.286528,-226538.564809,-26479.7371137,620008.004954,-371482.565759,-26479.7371137,9.63937833748,620008.004954,748874.611699,-371482.565759,-431620.231165,-107523.896747,515620.382289,-110846.826744,-26479.7371137,620008.004954,-371482.565759,-26479.7371137,620008.004954,-371482.565759,9.63937833748,748874.611699,-431620.231165,963.937833748
0.0038961,11876.4419217,1920.7145601,17330.4857163,15290.5724913,-29206.927638,-17211.2870514,9.58089303331,-58063.6652755,-155618.071003,541519.654887,378304.445123,-356955.676298,-222686.37412,-32607.39683,621301.864375,-355564.163022,-32607.39683,9.58089303331,621301.864375,759041.256269,-355564.163022,-411526.318839,-50657.9535438,579300.957255,-581950.936488,-32607.39683,621301.864375,-355564.163022,-32607.39683,621301.864375,-355564.163022,9.58089303331,759041.256269,-411526.318839,958.089303331
0.0039294,-2112.40678228,1684.99779796,17511.4419093,15428.031626,-15399.035127,-17113.029424,9.55555117896,-63854.5923556,-159961.640958,539147.656893,378760.729923,-342556.942454,-218799.088965,-39530.9710436,621595.947725,-337256.485846,-39530.9710436,9.55555117896,621595.947725,770012.67287,-337256.485846,-390836.129698,-131024.686878,505770.24789,-12942.2070016,-39530.9710436,621595.947725,-337256.485846,-39530.9710436,621595.947725,-337256.485846,9.55555117896,770012.67287,-390836.129698,955.555117896
0.0039627,12965.4176887,1449.01548703,17683.3927044,15563.0593657,-30648.810393,-17012.0748528,9.55753608413,-70126.6959152,-164280.001609,536257.819625,379157.323573,-328377.686975,-214877.321963,-47181.4074921,620940.686064,-322387.920183,-47181.4074921,9.55753608413,620940.686064,782046.654053,-322387.920183,-370167.599485,-54797.6335862,588441.8145,-642344.600411,-47181.4074921,620940.686064,-322387.920183,-47181.4074921,620940.686064,-322387.920183,9.55753608413,782046.654053,-370167.599485,955.753608413
0.003996,-5444.16850363,1212.80481715,17854.3411164,15695.6344306,-12410.1726128,-16908.4392478,9.57545626689,-76807.6430361,-168572.472401,532917.756901,379494.163571,-314440.959041,-210921.69117,-54078.7206119,620797.097662,-302911.244458,-54078.7206119,9.57545626689,620797.097662,794614.514297,-302911.244458,-349444.91265,-158405.772576,491260.002551,109498.60418,-54078.7206119,620797.097662,-302911.244458,-54078.7206119,620797.097662,-302911.244458,9.57545626689,794614.514297,-349444.91265,957.545626689
0.0040293,14707.6450873,976.403014164,18016.053555,15825.7359274,-32723.6986423,-16802.1389415,9.59582416971,-83690.4885111,-172838.376856,529360.623406,379771.196833,-300642.60651,-206932.819976,-61344.7343228,620038.799687,-287730.232405,-61344.7343228,9.59582416971,620038.799687,806610.157793,-287730.232405,-327732.619798,-55172.9284212,600517.405114,-729437.155788,-61344.7343228,620038.799687,-287730.232405,-61344.7343228,620038.799687,-287730.232405,9.59582416971,806610.157793,-327732.619798,959.582416971
0.0040626,-9559.06333781,739.847334039,18178.0375757,15953.3433525,-8618.97423788,-16693.1906866,9.61585463584,-91473.0917809,-177077.042687,525063.956142,379988.379699,-286186.937904,-202911.337012,-67914.4219191,619822.666637,-267079.761015,-67914.4219191,9.61585463584,619822.666637,817587.778094,-267079.761015,-305143.842745,-189462.790765,472293.785102,264761.921947,-67914.4219191,619822.666637,-267079.761015,-67914.4219191,619822.666637,-267079.761015,9.61585463584,817587.778094,-305143.842745,961.585463584
0.0040959,17342.4304975,503.175056981,18339.1835423,16078.4365957,-35681.6140398,-16581.6116527,9.6288935164,-101390.121429,-181287.801897,519283.660661,380145.677943,-269012.464237,-198857.876047,-75464.7195087,618862.909362,-253162.615392,-75464.7195087,9.6288935164,618862.909362,827416.484999,-253162.615392,-281928.166943,-50751.1492421,617061.858968,-853348.198366,-75464.7195087,618862.909362,-253162.615392,-75464.7195087,618862.909362,-253162.615392,9.6288935164,827416.484999,-281928.166943,962.88935164
0.0041292,-14678.3918201,266.423481583,18520.3658774,16200.9959427,-3841.97405733,-16467.4194243,9.62990668745,-110493.25963,-185469.990886,515649.130578,380243.066775,-254884.606843,-194773.07589,-82494.113707,619437.376792,-233260.4113,-82494.113707,9.62990668745,619437.376792,836012.786688,-233260.4113,-258317.474691,-226295.131173,448537.832278,461068.198459,-82494.113707,619437.376792,-233260.4113,-82494.113707,619437.376792,-233260.4113,9.62990668745,836012.786688,-258317.474691,962.990668745
0.0041625,21205.8002984,29.6299189275,18722.4267716,16321.0020786,-39928.2270701,-16350.6319975,9.6158933195,-120128.841587,-189622.950559,513055.071732,380280.530847,-240866.242769,-190657.580288,-91079.2432099,619945.622437,-223179.64674,-91079.2432099,9.6158933195,619945.622437,843347.10425,-223179.64674,-234489.435913,-40907.2813334,641948.645438,-1029113.79206,-91079.2432099,619945.622437,-223179.64674,-91079.2432099,619945.622437,-223179.64674,9.6158933195,843347.10425,-234489.435913,961.58933195
0.0041958,-21115.3131613,-207.168313281,18939.5756872,16438.436091,2175.73747407,-16231.2677777,9.58520174781,-129972.328448,-193746.026427,511329.145536,380258.064255,-227471.999863,-186512.037827,-99046.1824159,621793.438724,-204352.956403,-99046.1824159,9.58520174781,621793.438724,849412.829095,-204352.956403,-210553.432514,-271499.45894,420112.721685,710422.792017,-99046.1824159,621793.438724,-204352.956403,-99046.1824159,621793.438724,-204352.956403,9.58520174781,849412.829095,-210553.432514,958.520174781
0.0042291,26645.7790402,-443.933896608,19145.905444,16553.2794728,-45791.6844842,-16109.3455762,9.5250078256,-141002.21295,-197838.56871,509024.638274,380175.670538,-212946.738831,-182337.101828,-108973.394612,621310.832537,-196367.396854,-108973.394612,9.5250078256,621310.832537,853872.37663,-196367.396854,-185508.742106,-24101.9178203,675792.306895,-1271414.92533,-108973.394612,621310.832537,-196367.396854,-108973.394612,621310.832537,-196367.396854,9.5250078256,853872.37663,-185508.742106,952.50078256
0.0042624,-29393.64575,-680.629517758,19347.5194472,16665.514125,10046.1263029,-15984.8846073,9.39713759302,-149989.92017,-201899.932439,509208.655322,380033.362683,-196956.916801,-178133.430244,-117823.829787,621495.234261,-175622.563621,-117823.829787,9.39713759302,621495.234261,855653.06464,-175622.563621,-155886.64002,-327500.343871,380486.448384,1034823.46158,-117823.829787,621495.234261,-175622.563621,-117823.829787,621495.234261,-175622.563621,9.39713759302,855653.06464,-155886.64002,939.713759302
0.0042957,34131.2981273,-917.217874465,19536.5941562,16775.1223601,-53667.8922834,-15857.9044856,9.24554183041,-161042.245812,-205929.47756,507585.905926,379831.163116,-180820.641097,-173901.685556,-128957.200684,618917.66447,-169499.441384,-128957.200684,9.24554183041,618917.66447,856026.537935,-169499.441384,-129619.699544,2638.08531622,718163.464208,-1599135.16715,-128957.200684,618917.66447,-169499.441384,-128957.200684,618917.66447,-169499.441384,9.24554183041,856026.537935,-129619.699544,924.554183041
0.004329,-40103.1618539,-1153.66168137,19678.7108541,16882.0869041,20424.4509998,-15728.4252227,8.98176012412,-172416.721405,-209926.569033,505752.286994,379569.103703,-166529.293806,-169642.53467,-138417.592599,617381.966838,-146632.265869,-138417.592599,8.98176012412,617381.966838,852420.731527,-146632.265869,-105351.971046,-396827.989236,324077.69823,1459236.90527,-138417.592599,617381.966838,-146632.265869,-138417.592599,617381.966838,-146632.265869,8.98176012412,852420.731527,-105351.971046,898.176012412
0.0043623,44360.5408177,-1389.92367588,19900.4052267,16986.3908999,-64260.9460444,-15596.467224,8.6611120076,-185862.79996,-213890.576934,501871.166065,379247.225744,-151931.277986,-165356.648811,-150766.113966,612391.78634,-143288.945261,-150766.113966,8.6611120076,612391.78634,846374.862571,-143288.945261,-83945.3239993,43112.9532266,773139.58455,-2041018.04675,-150766.113966,612391.78634,-143288.945261,-150766.113966,612391.78634,-143288.945261,8.6611120076,846374.862571,-83945.3239993,866.11120076
0.0043956,-54019.0186746,-1625.96662408,19975.8135018,17088.0179096,34043.2051729,-15462.0512856,8.35828680794,-198701.113801,-217820.876549,498547.12228,378865.579965,-139159.314807,-161044.703416,-160728.179515,609160.450058,-117974.809945,-160728.179515,8.35828680794,609160.450058,839992.584843,-117974.809945,-60750.0883672,-483773.525266,248585.779459,2015510.98515,-160728.179515,609160.450058,-117974.809945,-160728.179515,609160.450058,-117974.809945,8.35828680794,839992.584843,-60750.0883672,835.828680794
0.0044289,58260.8577506,-1861.75332656,20230.6033703,17186.9519173,-78491.461121,-15325.1985907,8.1430848176,-213672.357078,-221716.848481,492954.713391,378424.226513,-125718.273355,-156707.378032,-174092.075445,601805.451099,-118802.413542,-174092.075445,8.1430848176,601805.451099,835372.834836,-118802.413542,-36841.2831365,102426.583015,845512.135835,-2635186.52706,-174092.075445,601805.451099,-118802.413542,-174092.075445,601805.451099,-118802.413542,8.1430848176,835372.834836,-36841.2831365,814.30848176
0.0044622,-72147.4872155,-2097.24662429,20201.4000793,17283.1773312,51946.0871362,-15185.9307069,7.97514522225,-227244.229416,-225577.878739,488542.550242,377923.234941,-114419.453282,-152345.356202,-183376.744072,597141.526466,-90479.9624861,-183376.744072,7.97514522225,597141.526466,831533.552276,-90479.9624861,-9727.3280679,-592730.719409,147873.68536,2746164.75852,-183376.744072,597141.526466,-90479.9624861,-183376.744072,597141.526466,-90479.9624861,7.97514522225,831533.552276,-9727.3280679,797.514522225
0.0044955,77091.5262192,-2332.40940448,20480.6099188,17376.6789867,-97572.1361381,-15044.2695822,7.92664579475,-243133.83472,-229403.358842,481524.614369,377362.684206,-101965.624979,-147959.325364,-196287.904594,587372.819588,-96845.2681794,-196287.904594,7.92664579475,587372.819588,830587.073856,-96845.2681794,18658.2135715,188857.550184,941389.805853,-3432062.33207,-196287.904594,587372.819588,-96845.2681794,-196287.904594,587372.819588,-96845.2681794,7.92664579475,830587.073856,18658.2135715,792.664579475
0.0045288,-95837.1534973,-2567.20460644,20162.6821034,17467.4421483,75674.4713939,-14900.2375419,7.86974666123,-256745.072605,-233192.685909,476493.479277,376742.662647,-92156.9781421,-143549.976739,-204271.406919,581582.29947,-64190.6210004,-204271.406919,7.86974666123,581582.29947,828813.648987,-64190.6210004,49361.7994517,-728637.501469,8017.69224992,3709130.8204,-204271.406919,581582.29947,-64190.6210004,-204271.406919,581582.29947,-64190.6210004,7.86974666123,828813.648987,49361.7994517,786.974666123
0.0045621,102410.155422,-2801.59522739,20847.3320895,17555.4525121,-123257.487512,-14753.8572847,7.8419684233,-273055.89026,-236945.262757,468721.165501,376063.267978,-80825.7767702,-139118.005221,-218805.177296,570088.298759,-76423.2823786,-218805.177296,7.8419684233,570088.298759,827305.932304,-76423.2823786,78035.8388662,308775.796584,1076323.1568,-4497883.17381,-218805.177296,570088.298759,-76423.2823786,-218805.177296,570088.298759,-76423.2823786,7.8419684233,827305.932304,78035.8388662,784.19684233
0.0045954,-127063.592149,-3035.54432834,19951.2787827,17640.696208,107112.313366,-14605.1518797,7.76931452624,-285954.891568,-240660.497995,465135.420776,375324.607267,-73562.5920032,-134664.109272,-228100.603047,564508.569766,-35995.7652954,-228100.603047,7.76931452624,564508.569766,823991.204283,-35995.7652954,108692.669965,-904907.535143,-180123.49699,4983094.3656,-228100.603047,564508.569766,-35995.7652954,-228100.603047,564508.569766,-35995.7652954,7.76931452624,823991.204283,108692.669965,776.931452624
0.0046287,136290.603354,-3269.01503986,21538.6708366,17723.159802,-157829.27419,-14454.1447621,7.7253078812,-302119.541219,-244337.806119,460274.391344,374526.796925,-65477.9791851,-130188.990806,-244975.016035,553546.395476,-57504.669224,-244975.016035,7.7253078812,553546.395476,821042.103113,-57504.669224,136188.153809,470255.502161,1268079.40392,-5921248.51983,-244975.016035,553546.395476,-57504.669224,-244975.016035,553546.395476,-57504.669224,7.7253078812,821042.103113,136188.153809,772.53078812
0.004662,-168192.2446,-3501.9705679,19700.4595221,17802.830298,148491.785078,-14300.8597301,7.60965812167,-313720.796082,-247976.607598,462190.80316,373669.962685,-63264.5688851,-125693.355086,-253714.39087,550954.045019,-10189.2000222,-253714.39087,7.60965812167,550954.045019,815612.528526,-10189.2000222,165835.696711,-1134242.48925,-423037.657148,6665627.00216,-253714.39087,550954.045019,-10189.2000222,-253714.39087,550954.045019,-10189.2000222,7.60965812167,815612.528526,165835.696711,760.965812167
0.0046953,181634.542685,-3734.37419964,22433.0987336,17879.6951405,-204067.641419,-14145.3209409,7.52656528693,-329872.670226,-251576.328973,460020.470837,372754.239578,-57545.1189196,-121177.910604,-272433.248076,539392.869606,-42752.6748955,-272433.248076,7.52656528693,539392.869606,810747.330354,-42752.6748955,191050.389831,690593.525514,1528291.38898,-7820125.42914,-272433.248076,539392.869606,-42752.6748955,-272433.248076,539392.869606,-42752.6748955,7.52656528693,810747.330354,191050.389831,752.656528693
0.0047286,-222521.188209,-3966.18930919,19292.9016596,17953.7422158,203228.28655,-13987.5529066,7.34596061261,-340166.075912,-255136.402943,462459.924326,371779.77192,-55644.7980053,-116643.368977,-279913.6894,537663.292026,17353.5988162,-279913.6894,7.34596061261,537663.292026,802758.519541,17353.5988162,219052.133291,-1432831.55375,-742382.022259,8894289.51515,-279913.6894,537663.292026,17353.5988162,-279913.6894,537663.292026,17353.5988162,7.34596061261,802758.519541,219052.133291,734.596061261
0.0047619,242153.86618,-4197.37936344,23495.2034699,18024.9598543,-265649.06965,-13827.5804908,7.19977590078,-356545.647872,-258656.268453,457509.259536,370746.713282,-47564.6449207,-112090.444829,-300265.705662,523667.84511,-28726.4009384,-300265.705662,7.19977590078,523667.84511,795548.992955,-28726.4009384,241061.394244,990071.816402,1875591.39347,-10347265.9347,-300265.705662,523667.84511,-28726.4009384,-300265.705662,523667.84511,-28726.4009384,7.19977590078,795548.992955,241061.394244,719.977590078
0.0047952,-294362.884068,-4427.90792779,12772.4809787,18093.3368325,281590.40309,-13665.4289047,6.90396678084,-365046.551772,-262135.370788,459020.470597,369655.226471,-45200.8552122,-107519.855684,-306193.853426,513342.239064,46967.228153,-306193.853426,6.90396678084,513342.239064,783946.269259,46967.228153,266543.45287,-1788756.15614,-1403893.70213,11882037.9872,-306193.853426,513342.239064,46967.228153,-306193.853426,513342.239064,46967.228153,6.90396678084,783946.269259,266543.45287,690.396678084
0.0048285,323016.348521,-4657.73867186,35811.583311,18158.8623744,-358827.931832,-13501.1237026,6.65138541514,-381480.606606,-265573.161654,451069.580375,368505.4835,-35119.6921739,-102932.321846,-326808.62562,505788.197158,-16732.1751477,-326808.62562,6.65138541514,505788.197158,773607.791357,-16732.1751477,284432.905303,1333277.23915,2791391.5717,-13778986.0556,-326808.62562,505788.197158,-16732.1751477,-326808.62562,505788.197158,-16732.1751477,6.65138541514,773607.791357,284432.905303,665.138541514
0.0048618,-389864.255069,-4886.83537527,-4421.90720005,18221.5261535,394286.162269,-13334.6907783,6.25340609914,-387489.729976,-268969.099271,452181.162796,367297.665565,-33003.0930744,-98328.5662934,-329778.027056,488796.191788,80219.9796145,-329778.027056,6.25340609914,488796.191788,759126.818403,80219.9796145,308595.836689,-2208348.99722,-2626529.50273,15909094.3603,-329778.027056,488796.191788,80219.9796145,-329778.027056,488796.191788,80219.9796145,6.25340609914,759126.818403,308595.836689,625.340609914
0.0048951,431460.729742,-5115.16193331,57931.4217072,18281.3182942,-489392.151449,-13166.1563609,5.99233587408,-404137.806309,-272322.648453,441220.650186,366031.963012,-20945.9935203,-93709.3145588,-351310.817782,485079.123263,-7606.63799644,-351310.817782,5.99233587408,485079.123263,748641.508589,-7606.63799644,324771.011239,1769316.4834,4257166.84474,-18403624.2475,-351310.817782,485079.123263,-7606.63799644,-351310.817782,485079.123263,-7606.63799644,5.99233587408,748641.508589,324771.011239,599.233587408
0.0049284,-517322.031748,-5342.68236263,-32220.9964617,18338.2293736,549543.02821,-12995.547011,5.58170337819,-406664.410187,-275633.280693,442574.200855,364708.57531,-19856.613298,-89075.2946174,-349618.926717,460457.585076,120040.18887,-349618.926717,5.58170337819,460457.585076,733898.316584,120040.18887,350321.337445,-2737238.40504,-4452687.81762,21316602.5647,-349618.926717,460457.585076,120040.18887,-349618.926717,460457.585076,120040.18887,5.58170337819,733898.316584,350321.337445,558.170337819
0.0049617,577036.159232,-5569.36080696,92738.3497443,18392.2504226,-669774.508976,-12822.8896156,5.35134382183,-422524.024823,-278900.474249,427777.219411,363327.711021,-6255.49836403,-84427.2367721,-371096.681055,463754.936972,-547.165632867,-371096.681055,5.35134382183,463754.936972,724373.05165,-547.165632867,365105.32347,2335160.85203,6444315.71508,-24629358.7845,-371096.681055,463754.936972,-547.165632867,-371096.681055,463754.936972,-547.165632867,5.35134382183,724373.05165,365105.32347,535.134382183
0.004995,-687650.603368,-5795.16154268,-75751.4233229,18443.3729278,763402.026691,-12648.2113851,4.9045232587,-419472.379593,-282123.714226,429221.191781,361889.587764,-7768.71134649,-79765.8735378,-363037.118816,427686.740172,162628.553656,-363037.118816,4.9045232587,427686.740172,708509.140351,162628.553656,391869.99648,-3404120.84806,-7150052.79994,28584665.8287,-363037.118816,427686.740172,162628.553656,-363037.118816,427686.740172,162628.553656,4.9045232587,708509.140351,391869.99648,490.45232587
0.0050283,772721.564062,-6020.04898453,146286.412726,18491.5888324,-919007.976788,-12471.5398479,4.68287329443,-435792.046637,-285302.492653,410173.507727,360394.432179,7739.38772888,-75091.9395264,-385267.891914,440892.449434,-4931.21434636,-385267.891914,4.68287329443,440892.449434,699115.042918,-4931.21434636,403981.485315,3067447.15595,9671697.38641,-33024588.4868,-385267.891914,440892.449434,-4931.21434636,-385267.891914,440892.449434,-4931.21434636,4.68287329443,699115.042918,403981.485315,468.287329443
0.0050616,-915805.61846,-6243.98769115,-142281.481387,18536.8905379,1058087.09985,-12292.9028467,4.17281549257,-429726.125394,-288436.308568,414828.858916,358842.479899,3809.51006717,-70406.1713307,-372414.69534,389668.596645,208264.616434,-372414.69534,4.17281549257,389668.596645,681305.846309,208264.616434,431524.846874,-4250250.52596,-11098704.1,38369221.108,-372414.69534,389668.596645,208264.616434,-372414.69534,389668.596645,208264.616434,4.17281549257,681305.846309,431524.846874,417.281549257
0.0050949,1035720.75631,-6466.94237071,227536.224301,18579.2709048,-1263256.98061,-12112.3285341,3.96591235927,-450514.749855,-291524.668094,393772.868904,357233.975503,22581.980498,-65709.3074091,-400615.076398,422952.846374,-19420.8782522,-400615.076398,3.96591235927,422952.846374,672253.961573,-19420.8782522,439295.023108,4005495.35797,14396349.6974,-44351980.6169,-400615.076398,422952.846374,-19420.8782522,-400615.076398,422952.846374,-19420.8782522,3.96591235927,672253.961573,439295.023108,396.591235927
0.0051282,-1222155.81398,-6688.87788646,-242057.721091,18618.7232543,1464213.53507,-11929.8453678,3.37775639421,-441089.197211,-294567.084519,405126.479873,355569.172487,15016.2208665,-61002.0879678,-384260.472849,352681.218907,262017.061954,-384260.472849,3.37775639421,352681.218907,652133.140257,262017.061954,467624.633704,-5331851.92299,-16832529.2102,51563577.1229,-384260.472849,352681.218907,262017.061954,-384260.472849,352681.218907,262017.061954,3.37775639421,652133.140257,467624.633704,337.775639421
0.0051615,1389503.49852,-6909.75926228,349150.18398,18655.2413687,-1738653.6825,-11745.4821064,3.19666782103,-466172.671508,-297563.07837,381482.349719,353848.333216,38038.6332334,-56285.2548457,-419531.711704,417901.070831,-45614.4376563,-419531.711704,3.19666782103,417901.070831,643771.506075,-45614.4376563,469937.930667,5204261.07391,21263512.297,-59650666.7795,-419531.711704,417901.070831,-45614.4376563,-419531.711704,417901.070831,-45614.4376563,3.19666782103,643771.506075,469937.930667,319.666782103
0.0051948,-1634098.82169,-7129.55168815,-390029.033281,18688.819493,2024127.85497,-11559.2678048,2.51191132712,-450575.172727,-300512.17749,398715.754279,352071.728887,26989.6676231,-51559.5513965,-396768.371062,317150.900143,329127.208365,-396768.371062,2.51191132712,317150.900143,620612.769687,329127.208365,500324.131848,-6712874.09761,-25112349.4014,69380984.1534,-396768.371062,317150.900143,329127.208365,-396768.371062,317150.900143,329127.208365,2.51191132712,620612.769687,500324.131848,251.191132712
0.0052281,1866003.04594,-7348.22052569,528819.85344,18719.4523354,-2394822.89938,-11371.2318097,2.34874611503,-480430.190467,-303413.917114,368168.801534,350239.639486,56949.0111907,-46825.7223718,-438859.880863,422464.936688,-85722.4912107,-438859.880863,2.34874611503,422464.936688,613176.234144,-85722.4912107,497954.587598,6739605.52634,31173774.9314,-80333415.85,-438859.880863,422464.936688,-85722.4912107,-438859.880863,422464.936688,-85722.4912107,2.34874611503,613176.234144,497954.587598,234.874611503
0.0052614,-2188745.02329,-7565.73131357,-607653.337461,18747.1350682,2796398.36075,-11181.4037547,1.5109551397,-454948.02485,-306267.839939,389203.834015,348352.353743,42171.4478023,-42084.5138037,-406213.086776,271845.363978,414856.616569,-406213.086776,1.5109551397,271845.363978,586426.881379,414856.616569,533807.270878,-8472825.86432,-37017977.3361,93471912.1946,-406213.086776,271845.363978,414856.616569,-406213.086776,271845.363978,414856.616569,1.5109551397,586426.881379,533807.270878,151.09551397
0.0052947,2508556.76565,-7782.04977298,791762.204604,18771.8633289,-3300318.97026,-10989.8135559,1.40606232367,-487586.471974,-309073.496199,342980.884465,346410.169086,83295.020181,-37336.6728875,-456045.378114,435527.955746,-144494.319755,-456045.378114,1.40606232367,435527.955746,582977.094722,-144494.319755,521964.091965,8707283.26135,45398432.819,-108324729.175,-456045.378114,435527.955746,-144494.319755,-456045.378114,435527.955746,-144494.319755,1.40606232367,582977.094722,521964.091965,140.606232367
0.005328,-2936511.59277,-7997.141813,-925114.2753,18793.6332202,3861625.86807,-10796.4914072,0.427282718533,-453722.706609,-311830.443733,379287.64055,344413.391597,57615.271908,-32582.9478636,-410312.464248,212825.029005,524960.273757,-410312.464248,0.427282718533,212825.029005,554578.424738,524960.273757,559574.15013,-10715901.4714,-54060678.4018,126082468.84,-410312.464248,212825.029005,524960.273757,-410312.464248,212825.029005,524960.273757,0.427282718533,554578.424738,559574.15013,42.7282718533
0.0053613,3376024.592,-8210.97353601,1173815.81734,18812.4413115,-4549840.40934,-10601.4677754,0.406623090469,-492138.330711,-314538.248058,315053.525789,342362.335958,111951.043154,-27824.0878996,-470032.280064,461721.580123,-230227.334349,-470032.280064,0.406623090469,461721.580123,555635.999572,-230227.334349,537395.430413,11227767.4576,65728647.4831,-146248005.402,-470032.280064,461721.580123,-230227.334349,-470032.280064,461721.580123,-230227.334349,0.406623090469,555635.999572,537395.430413,40.6623090469
0.0053946,-3945944.60076,-8423.51124301,-1385051.57183,18828.2846385,5330996.17259,-10404.7733955,-0.763995867512,-445930.104809,-317196.482435,366981.104999,340257.325408,74225.7572271,-23060.8429726,-407866.659481,134937.324531,666547.960063,-407866.659481,-0.763995867512,134937.324531,522567.970294,666547.960063,582583.544134,-13576402.8908,-78362491.3415,170273769.146,-407866.659481,134937.324531,666547.960063,-407866.659481,134937.324531,666547.960063,-0.763995867512,522567.970294,582583.544134,-76.3995867512
0.0054279,4548423.28324,-8634.7214389,1725601.20709,18841.1607045,-6274024.49032,-10206.4392656,-0.624153464915,-493638.326922,-319804.727937,278597.237137,338098.691688,146840.339692,-18293.9637506,-480251.203834,506985.042776,-353960.018898,-480251.203834,-0.624153464915,506985.042776,525931.010091,-353960.018898,549390.127576,14454486.6805,94677625.6026,-197679956.01,-480251.203834,506985.042776,-353960.018898,-480251.203834,506985.042776,-353960.018898,-0.624153464915,525931.010091,549390.127576,-62.4153464915
0.0054612,-5310278.65171,-8844.57083783,-2047643.00944,18851.0674802,7357921.66115,-10006.4966423,-1.92498567873,-434981.390979,-322362.573515,347950.881556,335886.774989,84162.3172419,-13524.2014743,-396573.432278,29907.4950041,849213.85259,-396573.432278,-1.92498567873,29907.4950041,477774.428695,849213.85259,607555.42935,-17225292.2278,-112899687.17,230221173.985,-396573.432278,29907.4950041,849213.85259,-396573.432278,29907.4950041,849213.85259,-1.92498567873,477774.428695,607555.42935,-192.498567873
0.0054945,5675713.53256,-9053.02636838,2518426.4105,18858.0034043,-8194139.94306,-9804.97703595,-1.66269311503,-488183.077908,-324869.616063,232768.826876,333621.923902,178819.243113,-8752.30783894,-412498.873819,651502.107822,215796.307249,-412498.873819,-1.66269311503,651502.107822,495621.15251,215796.307249,556026.077213,15963887.0808,133145982.039,-248726340.753,-412498.873819,651502.107822,215796.307249,-412498.873819,651502.107822,215796.307249,-1.66269311503,495621.15251,556026.077213,-166.269311503
0.0055278,-6190725.8105,-9260.05517881,-2986144.14248,18861.9673839,9176869.95297,-9601.91220509,-3.15595779101,-409876.056585,-327325.460481,332011.913118,331304.495357,85422.3932553,-3979.03487541,-405588.209226,-124706.465854,946252.212452,-405588.209226,-3.15595779101,-124706.465854,431488.640974,946252.212452,630938.266938,-16411800.4564,-155836452.676,272073657.642,-405588.209226,-124706.465854,946252.212452,-405588.209226,-124706.465854,946252.212452,-3.15595779101,431488.640974,630938.266938,-315.595779101
0.0055611,6620940.26659,-9465.62464222,3616185.05475,18862.9587941,-10237125.3213,-9397.33415192,-2.65101467013,-480471.636528,-329729.719739,180922.912895,328934.854571,213323.759866,794.865167796,-403518.213855,758045.413582,226690.661449,-403518.213855,-2.65101467013,758045.413582,464908.868174,226690.661449,556640.060343,14615371.9232,182971650.973,-294143315.269,-403518.213855,758045.413582,226690.661449,-403518.213855,758045.413582,226690.661449,-2.65101467013,464908.868174,556640.060343,-265.101467013
0.0055944,-7218974.15342,-9669.7023617,-4270876.40573,18860.9774788,11489850.5592,-9191.27511714,-4.40662484297,-386512.901803,-332082.014934,326977.107614,326513.374991,83160.953133,5568.63994351,-418255.707334,-319132.07841,1059378.19345,-418255.707334,-4.40662484297,-319132.07841,382418.074092,1059378.19345,654039.715826,-14483043.8955,-213798080.155,321931525.457,-418255.707334,-319132.07841,1059378.19345,-418255.707334,-319132.07841,1059378.19345,-4.40662484297,382418.074092,654039.715826,-440.662484297
0.0056277,7727025.98282,-9872.25617543,4692566.56531,18856.0237502,-12419592.5481,-8983.76757479,-3.5702796635,-483499.666756,-334381.975355,129150.757547,324040.438231,259994.056133,10341.5371242,-457221.897425,230208.294773,174214.892767,-457221.897425,-3.5702796635,230208.294773,438130.54741,174214.892767,549442.169108,14338085.5633,232872148.706,-345987758.687,-457221.897425,230208.294773,174214.892767,-457221.897425,230208.294773,174214.892767,-3.5702796635,438130.54741,549442.169108,-357.02796635
0.005661,-8414602.11913,-10073.2541618,-5130933.80424,18848.098389,13545535.9234,-8774.84422722,-5.65949616553,-369645.212728,-336629.238537,338230.347494,321516.434017,78193.4476982,15112.8045207,-409214.510921,-436964.149646,1202661.3582,-409214.510921,-5.65949616553,-436964.149646,330073.338528,1202661.3582,678090.771795,-16002243.675,-255410446.99,376144247.862,-409214.510921,-436964.149646,1202661.3582,-409214.510921,-436964.149646,1202661.3582,-5.65949616553,330073.338528,678090.771795,-565.949616553
0.0056943,9005824.33335,-10272.6646442,5619609.63012,18837.2026441,-14625433.9635,-8564.5379999,-4.51963141186,-496652.261549,-338823.450321,72696.2349931,318941.76012,320209.110885,19881.6902007,-451632.148535,214732.248956,179582.047775,-451632.148535,-4.51963141186,214732.248956,413664.447087,179582.047775,529092.388948,15936159.1614,277686430.712,-404008118.856,-451632.148535,214732.248956,179582.047775,-451632.148535,214732.248956,179582.047775,-4.51963141186,413664.447087,529092.388948,-451.963141186
0.0057276,-9796257.93699,-10470.4561965,-6142349.16858,18823.3382328,15938607.1056,-8352.88203625,-6.95803369484,-350826.934808,-340964.264908,364184.345376,316316.822301,63334.7813154,24647.4426073,-398129.561943,-572281.25834,1366343.58617,-398129.561943,-6.95803369484,-572281.25834,273007.327184,1366343.58617,702743.946543,-17675823.7786,-304232913.91,438874728.801,-398129.561943,-572281.25834,1366343.58617,-398129.561943,-572281.25834,1366343.58617,-6.95803369484,273007.327184,702743.946543,-695.803369484
0.0057609,10484042.7224,-10666.5976475,6709176.64582,18806.5073399,-17193219.3682,-8139.90969237,-5.3087910918,-511960.248302,-343051.344914,3035.14636214,313642.034236,393202.231999,29409.3106771,-442693.7661,197524.620754,183941.554323,-442693.7661,-5.3087910918,197524.620754,401114.015817,183941.554323,495811.16548,17701932.1995,330244933.359,-471157073.077,-442693.7661,197524.620754,183941.554323,-442693.7661,197524.620754,183941.554323,-5.3087910918,401114.015817,495811.16548,-530.87910918
0.0057942,-11393489.092,-10861.0580862,-7330461.48119,18786.712618,18723950.5732,-7925.65453184,-8.24785299649,-324064.951284,-345084.361423,407431.362585,310917.817464,31690.9405693,34166.5439593,-381995.694636,-730939.587082,1554734.75646,-381995.694636,-8.24785299649,-730939.587082,215677.610119,1554734.75646,727866.46925,-19521973.6543,-361464898.514,511482197.575,-381995.694636,-730939.587082,1554734.75646,-381995.694636,-730939.587082,1554734.75646,-8.24785299649,215677.610119,727866.46925,-824.785299649
0.0058275,12193429.6353,-11053.8068662,7988435.81753,18763.9571866,-20181865.4528,-7710.15032041,-5.93626744039,-527264.357995,-347062.994042,-84410.0071285,308144.601308,483709.172448,38918.3927332,-430539.906069,181344.896737,185205.955591,-430539.906069,-5.93626744039,181344.896737,406884.04796,185205.955591,442412.600582,19656907.0932,391835659.726,-548893135.969,-430539.906069,181344.896737,185205.955591,-430539.906069,181344.896737,185205.955591,-5.93626744039,406884.04796,442412.600582,-593.626744039
0.0058608,-13240632.5973,-11244.8136113,-8724622.34419,18738.2446319,21965254.9415,-7493.43102065,-9.49438282464,-284805.781469,-348986.930944,475648.93362,305322.822817,-22256.2450386,43664.1081267,-362396.707507,-912713.316026,1769945.59637,-362396.707507,-9.49438282464,-912713.316026,155870.957423,1769945.59637,759547.301222,-21565080.3814,-428499072.507,595542959.357,-362396.707507,-912713.316026,1769945.59637,-362396.707507,-912713.316026,1769945.59637,-9.49438282464,155870.957423,759547.301222,-949.438282464
0.0058941,14170786.0585,-11434.0482195,9488986.72032,18709.5790061,-23659772.7788,-7275.53078666,-6.39421097658,-543756.470524,-350855.868926,-198365.531212,302452.926692,596665.276294,48402.9422344,-415225.937803,164039.011273,184385.501475,-415225.937803,-6.39421097658,164039.011273,426641.136617,184385.501475,371926.824968,21825553.4567,463956157.285,-638907387.567,-415225.937803,164039.011273,184385.501475,-415225.937803,164039.011273,184385.501475,-6.39421097658,426641.136617,371926.824968,-639.421097658
0.0059274,-15377584.4672,-11621.4808682,-10359225.6808,18677.9648268,25736810.148,-7056.48395862,-10.8200309208,-233511.306046,-352669.513451,573252.872634,299535.365216,-111317.558214,53134.1482354,-339504.658449,-1124489.00258,2017916.45712,-339504.658449,-10.8200309208,-1124489.00258,77492.3917674,2017916.45712,807700.16697,-23831111.3796,-506964746.033,692890883.027,-339504.658449,-1124489.00258,2017916.45712,-339504.658449,-1124489.00258,2017916.45712,-10.8200309208,77492.3917674,807700.16697,-1082.00309208
0.0059607,16458932.3099,-11807.0820188,11247759.6183,18643.4070762,-27706691.9282,-6836.32505741,-6.72232948732,-658002.978017,-354427.578696,-446642.983122,296570.598185,927159.947195,57856.9805108,-396373.32206,147130.946942,177664.760195,-396373.32206,-6.72232948732,147130.946942,458251.975736,177664.760195,280353.48543,24235809.5457,548355942.922,-743168042.642,-396373.32206,147130.946942,177664.760195,-396373.32206,147130.946942,177664.760195,-6.72232948732,458251.975736,280353.48543,-672.232948732
0.005994,-16390495.1691,-11990.8224214,-12274314.4335,18605.9112006,28664809.6026,-6615.0887792,-12.227776599,-497525.156575,-356129.787596,387648.116396,293559.092834,405493.28953,62570.6947615,-542232.866426,-1598192.80173,-76592.839131,-542232.866426,-12.227776599,-1598192.80173,-25511.448601,-76592.839131,878662.402336,-18012083.721,-590420619.439,745924495.787,-542232.866426,-1598192.80173,-76592.839131,-542232.866426,-1598192.80173,-76592.839131,-12.227776599,-25511.448601,878662.402336,-1222.7776599
0.0060273,16270956.4559,-12172.6731191,13304566.8371,18565.483109,-29575523.2931,-6392.8099899,-6.83329810124,-655508.227031,-357775.87189,-606771.899132,290501.323765,1034930.47951,67274.5481252,-312260.001634,189808.543478,233859.101841,-312260.001634,-6.83329810124,189808.543478,510267.115767,233859.101841,160222.962407,10671683.6809,630674956.642,-747973547.885,-312260.001634,189808.543478,233859.101841,-312260.001634,189808.543478,233859.101841,-6.83329810124,510267.115767,160222.962407,-683.329810124
0.0060606,-16208475.9021,-12352.605453,-14475229.7727,18522.1291728,30683705.6748,-6169.52371976,-13.7079729315,-502767.641051,-359365.572163,480571.157756,287397.772869,395716.147926,71967.7992939,-499327.745002,-1812068.10032,-36776.8320845,-499327.745002,-13.7079729315,-1812068.10032,-159206.174091,-36776.8320845,981352.28557,-3782299.90948,-678789985.231,751664872.867,-499327.745002,-1812068.10032,-36776.8320845,-499327.745002,-1812068.10032,-36776.8320845,-13.7079729315,-159206.174091,981352.28557,-1370.79729315
0.0060939,15971722.3759,-12530.5910666,15638449.9056,18475.8562244,-31610172.2815,-5945.26515779,-6.64211515614,-569347.27256,-360898.637884,-981654.227263,284248.929254,1253250.22983,76649.7086303,-212812.76503,254990.07335,488169.868946,-212812.76503,-6.64211515614,254990.07335,592923.204796,488169.868946,667.921481444,-4728820.67384,724074179.766,-749428814.861,-212812.76503,254990.07335,488169.868946,-212812.76503,254990.07335,488169.868946,-6.64211515614,592923.204796,667.921481444,-664.211515614
0.0061272,-15676231.7125,-12706.60191,-16970685.3771,18426.6715563,32646917.0896,-5720.06964622,-17.1789266376,-217840.899451,-362374.827448,9750.58470717,281055.289163,675407.11174,81319.5382844,-492487.63181,-2083810.17054,-202736.815408,-492487.63181,-17.1789266376,-2083810.17054,-390390.41745,-202736.815408,1305069.03199,13731079.4329,-777606210.419,744362492.251,-492487.63181,-2083810.17054,-202736.815408,-492487.63181,-2083810.17054,-202736.815408,-17.1789266376,-390390.41745,1305069.03199,-1717.89266376
0.0061605,15456255.9346,-12880.6102447,18283254.2086,18374.5829196,-33739510.1431,-5493.97267494,-14.8936153761,-209214.067323,-363793.908214,-777088.489525,277817.355903,1755045.37937,85976.5523102,-152618.453315,292734.568428,339837.508945,-152618.453315,-14.8936153761,292734.568428,469453.606369,339837.508945,597791.55094,-22721903.7849,829375182.508,-743396459.361,-152618.453315,292734.568428,339837.508945,-152618.453315,292734.568428,339837.508945,-14.8936153761,469453.606369,597791.55094,-1489.36153761
0.0061938,-15410958.4192,-13052.5886476,-19799694.0123,18319.5985235,35210652.4315,-5267.00987593,-18.1631612458,-157075.248847,-365155.656539,30841.191832,274535.639758,733977.091747,90620.0167812,-444325.689949,-2342687.11355,44296.8733528,-444325.689949,-18.1631612458,-2342687.11355,-580867.91986,44296.8733528,1428731.11056,31134718.9983,-892081290.071,749395853.911,-444325.689949,-2342687.11355,44296.8733528,-444325.689949,-2342687.11355,44296.8733528,-18.1631612458,-580867.91986,1428731.11056,-1816.31612458
0.0062271,15191455.2317,-13222.5100156,21284511.0531,18261.7270332,-36475966.2848,-5039.21701759,-16.5026652865,-217435.994613,-366459.857819,-962913.838576,271210.657913,1911732.93745,95249.1999062,-57555.0139535,373129.925871,586969.794441,-57555.0139535,-16.5026652865,373129.925871,563415.368152,586969.794441,576637.53606,-40795937.2737,951212126.57,-749130250.659,-57555.0139535,373129.925871,586969.794441,-57555.0139535,373129.925871,586969.794441,-16.5026652865,563415.368152,576637.53606,-1650.26652865
0.0062604,-14914198.7853,-13390.3475699,-23012164.6605,18200.977569,37926363.4458,-4810.62999915,-17.3038934063,-218616.250027,-367706.306517,-73096.1362024,267842.934372,669799.940913,99863.3721449,-450831.10278,-2696872.64149,-125031.870786,-450831.10278,-17.3038934063,-2696872.64149,-976113.937404,-125031.870786,1638182.83395,51555234.5813,-1021415217.42,746654982.896,-450831.10278,-2696872.64149,-125031.870786,-450831.10278,-2696872.64149,-125031.870786,-17.3038934063,-976113.937404,1638182.83395,-1730.38934063
0.0062937,14589880.7165,-13556.0748599,24693790.0557,18137.3597048,-39283670.7722,-4581.28484499,-10.3288289863,-549539.971216,-368894.806197,-1498358.19601,264432.999874,1770474.00323,104461.806322,19328.671872,440351.5452,619430.366932,19328.671872,-10.3288289863,440351.5452,-38469.3786009,619430.366932,781419.68192,-62630722.1067,1088309232.24,-742925303.202,19328.671872,440351.5452,619430.366932,19328.671872,440351.5452,619430.366932,-10.3288289863,-38469.3786009,781419.68192,-1032.88289863
0.006327,-14326094.4648,-13719.6657676,-26659630.0414,18070.8834666,40985724.5062,-4351.21769899,-18.6734975539,-288431.858804,-370025.169556,-188320.816709,260981.391812,596892.792293,109043.777744,-437295.434932,-3074866.70848,-85972.8775104,-437295.434932,-18.6734975539,-3074866.70848,-1187054.10972,-85972.8775104,1797735.29804,74418429.5826,-1168584492.01,742098672.019,-437295.434932,-3074866.70848,-85972.8775104,-437295.434932,-3074866.70848,-85972.8775104,-18.6734975539,-1187054.10972,1797735.29804,-1867.34975539
0.0063603,14015431.4769,-13881.0945118,28564093.2496,18001.5593306,-42579524.7266,-4120.46481877,-10.1074748761,-530136.429713,-371097.218454,-1712735.95575,257488.654143,2012180.67495,113608.56431,104478.575161,522506.155078,644161.606621,104478.575161,-10.1074748761,522506.155078,-72631.4479029,644161.606621,821304.552196,-86323638.8216,1245039915.16,-739842887.829,104478.575161,522506.155078,644161.606621,104478.575161,522506.155078,644161.606621,-10.1074748761,-72631.4479029,821304.552196,-1010.74748761
0.0063936,-13740555.1968,-14040.335652,-28351244.8292,17929.3982221,42091800.026,-3889.06257007,-10.1830459631,-246057.771683,-372110.78394,-196022.726854,253955.337311,638015.144254,118155.446629,-38772.5189848,474320.682991,306743.766018,-38772.5189848,-10.1830459631,474320.682991,-1144418.91697,306743.766018,2273971.70378,85461693.4993,-1236397629.86,725842105.815,-38772.5189848,474320.682991,306743.766018,-38772.5189848,474320.682991,306743.766018,-10.1830459631,-1144418.91697,2273971.70378,-1018.30459631
0.0064269,13419732.7664,-14197.3640924,30629683.4704,17854.4115134,-44049416.2368,-3657.04742093,-7.61174618648,-517728.163664,-373065.706281,-1969683.69493,250381.998151,2284891.80688,122683.70813,467217.511671,4441514.88337,960301.775652,467217.511671,-7.61174618648,4441514.88337,-56251.8828706,960301.775652,931500.224347,-99052031.6498,1328604904.89,-724805259.633,467217.511671,4441514.88337,960301.775652,467217.511671,4441514.88337,960301.775652,-7.61174618648,-56251.8828706,931500.224347,-761.174618648
0.0064602,-13305305.4284,-14352.155086,-35527488.0519,17776.611022,48832793.4803,-3424.455936,-9.65411408526,93169.0369828,-373961.834984,91646.153494,246769.199806,75508.1675993,127192.635178,-648156.454702,-4367779.14719,156344.238021,-648156.454702,-9.65411408526,-4367779.14719,-1375019.92774,156344.238021,2556393.97888,126533649.034,-1529859003.4,746620383.525,-648156.454702,-4367779.14719,156344.238021,-648156.454702,-4367779.14719,156344.238021,-9.65411408526,-1375019.92774,2556393.97888,-965.411408526
0.0064935,13123880.2901,-14504.6842384,37966222.5336,17696.0090091,-51090102.8237,-3191.32477075,-8.30606316502,580298.185347,-374799.028824,-1179053.17084,243117.51164,409723.171239,131681.517184,-9418.76873878,316137.927689,738644.691208,-9418.76873878,-8.30606316502,316137.927689,-141139.787749,738644.691208,953401.126373,-140187486.745,1629478915.34,-752152528.844,-9418.76873878,316137.927689,738644.691208,-9418.76873878,316137.927689,738644.691208,-8.30606316502,-141139.787749,953401.126373,-830.606316502
0.0065268,-12878463.0901,-14654.9275116,-37687656.4396,17612.6181772,50566119.5296,-2957.69066569,-17.7609416234,121160.399611,-375577.155862,81344.9196274,239427.509143,114054.167549,136149.646719,-138099.525927,233267.732672,461479.247094,-138099.525927,-17.7609416234,233267.732672,-1895222.75446,461479.247094,2631612.44713,137886666.924,-1619204700.06,738071758.245,-138099.525927,233267.732672,461479.247094,-138099.525927,233267.732672,461479.247094,-17.7609416234,-1895222.75446,2631612.44713,-1776.09416234
0.0065601,12569941.8597,-14802.8612277,40676067.581,17526.4516684,-53246009.4407,-2723.59044062,-10.9009141674,639615.013263,-376296.093468,-1395150.75243,235699.773845,567227.049629,140596.319623,482705.304049,5521022.32689,1172959.02112,482705.304049,-10.9009141674,5521022.32689,-294519.566988,1172959.02112,926563.641884,-154795301.495,1741197987.05,-740940852.036,482705.304049,5521022.32689,1172959.02112,482705.304049,5521022.32689,1172959.02112,-10.9009141674,-294519.566988,926563.641884,-1090.09141674
0.0065934,-12483383.4071,-14948.4620732,-47097684.4046,17437.523062,59581067.8116,-2489.06098878,-18.2147675598,81644.7150621,-376955.728341,-736.574877805,231934.893221,285921.760648,145020.83512,-760629.056586,-6087219.81229,83339.9643077,-760629.056586,-18.2147675598,-6087219.81229,-2245562.22751,83339.9643077,2976779.37755,190077529.56,-2005679305.25,771841765.698,-760629.056586,-6087219.81229,83339.9643077,-760629.056586,-6087219.81229,83339.9643077,-18.2147675598,-2245562.22751,2976779.37755,-1821.47675598
0.0066267,12326235.7342,-15091.7071019,50270975.2755,17345.846373,-62597211.0097,-2254.13927106,-4.3254881445,853582.975784,-377555.956525,-1492907.7581,228133.460602,440463.808139,149422.495922,108795.953427,77994.5494138,732744.895076,108795.953427,-4.3254881445,77994.5494138,-199855.235279,732744.895076,419838.748823,-206916711.804,2136364726.77,-781704769.196,108795.953427,77994.5494138,732744.895076,108795.953427,77994.5494138,732744.895076,-4.3254881445,-199855.235279,419838.748823,-432.54881445
0.00666,-12099594.6714,-15232.573739,-49913718.5858,17251.4360492,62013313.2571,-2018.86231015,10.4901784864,-1053347.92611,-378096.683426,-1180064.11835,224296.075078,-1047121.48568,153800.608348,-94108.1447943,-21311.7869384,558593.824963,-94108.1447943,10.4901784864,-21311.7869384,-1817382.41019,558593.824963,696035.777593,203163257.463,-2123866546.64,767033098.442,-94108.1447943,-21311.7869384,558593.824963,-94108.1447943,-21311.7869384,558593.824963,10.4901784864,-1817382.41019,696035.777593,1049.01784864
0.0066933,11811010.1996,-15371.0397844,53796736.4925,17154.3069692,-65607746.6921,-1783.26718476,-3.11413858364,637094.80635,-378577.823828,-2060330.03135,220423.341405,612875.61154,158154.482423,751748.328253,6910655.4483,1309864.82728,751748.328253,-3.11413858364,6910655.4483,-263937.388964,1309864.82728,420405.981552,-224031033.808,2283613131.21,-774804060.362,751748.328253,6910655.4483,1309864.82728,751748.328253,6910655.4483,1309864.82728,-3.11413858364,-263937.388964,420405.981552,-311.413858364
0.0067266,-11749529.7305,-15507.0834165,-62222982.6152,17054.4744402,73972512.3456,-1547.39102372,12.8136667079,-947339.815887,-378999.301906,-1118351.29632,216515.86991,-736095.918052,162483.431996,-1008800.32894,-8133826.38482,-75511.9810726,-1008800.32894,12.8136667079,-8133826.38482,-2120221.28078,-75511.9810726,824394.236905,269775457.985,-2631073318.51,817323118.515,-1008800.32894,-8133826.38482,-75511.9810726,-1008800.32894,-8133826.38482,-75511.9810726,12.8136667079,-2120221.28078,824394.236905,1281.36667079
0.0067599,11618186.5416,-15640.6831954,66372725.2868,16951.9541955,-77990911.8284,-1311.27100015,-3.90993658249,1185760.11137,-379361.051236,-1909181.51634,212574.276395,892831.642796,166786.77484,138276.150422,50068.2435567,629937.979446,138276.150422,-3.90993658249,50068.2435567,-376066.38744,629937.979446,606436.63846,-291067989.247,2802833709.94,-832855288.433,138276.150422,50068.2435567,629937.979446,138276.150422,50068.2435567,629937.979446,-3.90993658249,-376066.38744,606436.63846,-390.993658249
0.0067932,-11411576.0553,-15771.8180662,-65413626.2546,16846.7623918,76825202.3099,-1074.94432561,18.7131478332,-930458.660324,-379663.014807,-1145977.68564,208599.18204,-724676.495354,171063.832768,-33022.2901254,554524.726539,837855.872268,-33022.2901254,18.7131478332,554524.726539,-2343780.92932,837855.872268,650109.874188,282538190.479,-2767046481.99,814328375.489,-33022.2901254,554524.726539,837855.872268,-33022.2901254,554524.726539,837855.872268,18.7131478332,-2343780.92932,650109.874188,1871.31478332
0.0068265,11135156.9567,-15900.4673626,64532986.6605,16738.9156068,-75668143.6172,-838.44824421,-0.891353812742,1356096.30973,-379905.145033,-2182667.96012,204591.213301,1086381.15686,175313.931731,215954.205889,12998.0804145,841741.606957,215954.205889,-0.891353812742,12998.0804145,-368219.703095,841741.606957,439061.881585,-274847382.536,2733293654.92,-794120302.783,215954.205889,12998.0804145,841741.606957,215954.205889,12998.0804145,841741.606957,-0.891353812742,-368219.703095,439061.881585,-89.1353812742
0.0068598,-10942563.4643,-16026.6108101,-63633933.0576,16628.4308369,74576496.5219,-601.820026783,18.8516681853,-1288607.03981,-380087.403753,-37752.7335307,200551.00182,-1110797.18174,179536.401933,-29820.0587954,391035.991595,931292.581429,-29820.0587954,18.8516681853,391035.991595,-2774736.07882,931292.581429,1049658.64544,266859676.371,-2699758453.77,776782924.842,-29820.0587954,391035.991595,931292.581429,-29820.0587954,391035.991595,931292.581429,18.8516681853,-2774736.07882,1049658.64544,1885.16681853
0.0068931,10674632.9207,-16150.2285289,62776538.9135,16515.3254939,-73451171.8341,-365.096964965,-33.4626257768,-511814.269924,-380209.762245,2444266.77246,196479.184317,-813108.056914,183730.577927,125288.13617,-73267.4004174,723943.832636,125288.13617,-33.4626257768,-73267.4004174,-1386465.34694,723943.832636,-283448.60145,-259525362.762,2666737908.74,-757332929.154,125288.13617,-73267.4004174,723943.832636,125288.13617,-73267.4004174,723943.832636,-33.4626257768,-1386465.34694,-283448.60145,-3346.26257768
0.0069264,-10493031.5846,-16271.3010375,-62346739.3282,16399.6174028,72839770.9127,-128.316365353,14.3559192172,-2630661.63075,-380272.201225,2247341.13517,192376.402494,-2376665.38931,187895.798731,-159290.747539,-655676.649582,901752.039784,-159290.747539,14.3559192172,-655676.649582,-3403133.19437,901752.039784,656129.866255,254303236.195,-2652307089.45,743267798.491,-159290.747539,-655676.649582,901752.039784,-159290.747539,-655676.649582,901752.039784,14.3559192172,-3403133.19437,656129.866255,1435.59192172
0.0069597,10217830.895,-16389.8092551,67140394.9909,16281.3247988,-77358225.8858,108.484456396,-33.4360707198,2168137.56895,-380274.710853,-3067081.24964,188243.302933,2210637.74114,192031.40792,1030563.32294,8306525.96434,1118014.23163,1030563.32294,-33.4360707198,8306525.96434,-1474482.10641,1118014.23163,-318574.096499,-279515484.001,2850180496.82,-756031087.116,1030563.32294,8306525.96434,1118014.23163,1030563.32294,8306525.96434,1118014.23163,-33.4360707198,-1474482.10641,-318574.096499,-3343.60707198
0.006993,-10019888.7582,-16505.7345056,-77679800.6655,16160.4663241,87699689.4237,345.268181437,22.4122693893,-1346581.47847,-380217.290735,-338975.242094,184080.536993,-1227248.26645,196136.753742,-990346.999035,-10560802.0033,-999096.488987,-990346.999035,22.4122693893,-10560802.0033,-3737866.1807,-999096.488987,930989.806718,337622077.732,-3283767162.93,804527401.131,-990346.999035,-10560802.0033,-999096.488987,-990346.999035,-10560802.0033,-999096.488987,22.4122693893,-3737866.1807,930989.806718,2241.22693893
0.0070263,9795785.39306,-16619.0585194,82839647.4667,16037.0610258,-92635432.8598,581.997493617,-45.7020774193,-456607.869377,-380099.949918,2825590.90224,179888.760709,-746949.950798,200211.189209,252818.105295,-224206.75315,458085.875765,252818.105295,-45.7020774193,-224206.75315,-673793.644284,458085.875765,-735701.597575,-364246523.913,3497304738.75,-821090289.25,252818.105295,-224206.75315,458085.875765,252818.105295,-224206.75315,458085.875765,-45.7020774193,-673793.644284,-735701.597575,-4570.20774193
0.0070596,-9591837.06056,-16729.7634373,-81666033.119,15911.1283519,91257870.1795,818.635085361,-33.895632731,-1028971.79238,-379922.706896,4877806.27507,175668.634689,-850478.034391,204254.072207,253268.29164,657977.356928,611800.830466,253268.29164,-33.895632731,657977.356928,1126606.85952,611800.830466,-691599.819984,353596000.482,-3453616635.1,800544220.318,253268.29164,657977.356928,611800.830466,253268.29164,657977.356928,611800.830466,-33.895632731,1126606.85952,-691599.819984,-3389.5632731
0.0070929,9344327.33256,-16837.8318124,80555242.6091,15782.6881489,-89899569.9416,1055.14366354,-83.3735367582,5440593.9983,-379685.589601,-1906873.48567,171420.824006,5500966.16316,208264.765594,217842.926461,-178900.980211,583723.928575,217842.926461,-83.3735367582,-178900.980211,2657835.97134,583723.928575,-1694664.35409,-343230909.312,3411831155.98,-779031588.994,217842.926461,-178900.980211,583723.928575,217842.926461,-178900.980211,583723.928575,-83.3735367582,2657835.97134,-1694664.35409,-8337.35367582
0.0071262,-9153655.47036,-16943.2466138,-79445905.8854,15651.7606585,88599561.3558,1291.48595538,30.7233311978,-1580838.04946,-379388.635402,-676596.999556,167145.9981,-1550378.22447,212242.637302,284168.384991,477395.020727,638802.166534,284168.384991,30.7233311978,477395.020727,-5159442.49631,638802.166534,2041450.57203,333178728.909,-3370535162.47,759697742.452,284168.384991,477395.020727,638802.166534,284168.384991,477395.020727,638802.166534,30.7233311978,-5159442.49631,2041450.57203,3072.33311978
0.0071595,8916717.49562,-17045.9912285,78363003.4513,15518.3665142,-87279720.9469,1527.62471429,-53.6784362937,-1424773.51219,-379031.891097,2437447.48177,162844.830664,-1695232.64977,216187.060434,147553.40633,-319620.581896,482064.08536,147553.40633,-53.6784362937,-319620.581896,-1018446.87783,482064.08536,-440059.621581,-323229901.425,3329639572.97,-739099105.161,147553.40633,-319620.581896,482064.08536,147553.40633,-319620.581896,482064.08536,-53.6784362937,-1018446.87783,-440059.621581,-5367.84362937
0.0071928,-8737829.4328,-17146.0494643,-77294305.1377,15382.5267386,86032134.5705,1763.52272575,-37.0268527977,-1968211.78984,-378615.412909,5390850.41624,158517.999545,-1879092.96251,220097.413364,263484.917522,47366.1786163,751243.323873,263484.917522,-37.0268527977,47366.1786163,1308739.85449,751243.323873,-242365.74684,313590024.463,-3289819508.78,720722105.349,263484.917522,47366.1786163,751243.323873,263484.917522,47366.1786163,751243.323873,-37.0268527977,1308739.85449,-242365.74684,-3702.68527977
0.0072261,8507222.58482,-17243.4055525,76234488.8819,15244.2627393,-84741711.4667,1999.14281321,-105.078406372,6572611.89861,-378139.266472,-3492680.94777,154166.186634,6695249.94656,223973.079838,133201.991808,-432381.425528,519288.824318,133201.991808,-105.078406372,-432381.425528,3282900.29918,519288.824318,-1875097.08432,-304040018.911,3249607629.13,-700822085.621,133201.991808,-432381.425528,519288.824318,133201.991808,-432381.425528,519288.824318,-105.078406372,3282900.29918,-1875097.08432,-10507.8406372
0.0072594,-8339307.9868,-17338.0441501,-75203417.0257,15103.5963062,83542725.0125,2234.44784389,51.1891263387,-2589574.64412,-377603.526825,-1474449.48748,149790.07776,-2603451.39916,227813.449066,286184.06956,-184274.128086,801566.532809,286184.06956,51.1891263387,-184274.128086,-7190349.01611,801566.532809,2699305.77385,294837215.275,-3211098089.44,683389177.85,286184.06956,-184274.128086,801566.532809,286184.06956,-184274.128086,801566.532809,51.1891263387,-7190349.01611,2699305.77385,5118.91263387
0.0072927,8121377.13094,-17429.9503425,74174674.2103,14960.5496078,-82296051.3412,2469.40073469,-2.14380005817,-1509460.98796,-377008.278399,642867.052993,145390.362579,-1458618.35769,231617.915821,69578.3711693,-227555.978948,215642.057619,69578.3711693,-2.14380005817,-227555.978948,-168343.480994,215642.057619,980596.931075,-285686321.875,3171942196.46,-664483592.384,69578.3711693,-227555.978948,215642.057619,69578.3711693,-227555.978948,215642.057619,-2.14380005817,-168343.480994,980596.931075,-214.380005817
0.007326,-7949125.15914,-17519.1096457,-73160231.1667,14815.1451877,81109356.3259,2703.96445798,32.6776802576,-44269.805893,-376353.615003,809397.330354,140967.734468,212169.961308,235385.880534,-87161.6651696,-771.546322301,-122291.907218,-87161.6651696,32.6776802576,-771.546322301,3385310.39914,-122291.907218,1845213.54444,276654531.01,-3134030171.48,647015224.034,-87161.6651696,-771.546322301,-122291.907218,-87161.6651696,-771.546322301,-122291.907218,32.6776802576,3385310.39914,1845213.54444,3267.76802576
0.0073593,7748717.88969,-17605.5080084,72193448.2989,14667.405961,-79942166.1885,2938.10204747,-108.421497545,3256499.46863,-375639.639807,5205319.06735,136522.890416,3381868.6957,239116.749391,-510833.880039,517960.430271,-323263.734336,-510833.880039,-108.421497545,517960.430271,4441618.32364,-323263.734336,-2021971.7787,-268498203.232,3096774869.31,-629925251.681,-510833.880039,517960.430271,-323263.734336,-510833.880039,517960.430271,-323263.734336,-108.421497545,4441618.32364,-2021971.7787,-10842.1497545
0.0073926,-7588082.65548,-17689.1318148,-71138669.9422,14517.3552107,78726752.5977,3171.77660403,64.2367649519,-3441452.6573,-374866.465333,-2962340.88051,132056.530912,-3136748.45367,242809.934421,-996683.223629,1860684.99143,-904935.898417,-996683.223629,64.2367649519,1860684.99143,-9591516.25452,-904935.898417,3189133.78007,258675893.434,-3057766174.27,612203880.62,-996683.223629,1860684.99143,-904935.898417,-996683.223629,1860684.99143,-904935.898417,64.2367649519,-9591516.25452,3189133.78007,6423.67649519
0.0074259,7391111.83765,-17769.9678859,70254791.5725,14365.0165844,-77645903.4101,3404.95130151,-6.52153304569,-2626533.52235,-374034.213429,1130681.88157,127569.359836,-2201581.29781,246464.853593,-512193.120733,910662.474452,-169369.305008,-512193.120733,-6.52153304569,910662.474452,-148763.434606,-169369.305008,812845.836241,-251692645.427,3023209537.67,-596451077.564,-512193.120733,910662.474452,-169369.305008,-512193.120733,910662.474452,-169369.305008,-6.52153304569,-148763.434606,812845.836241,-652.153304569
0.0074592,-7243926.24675,-17848.0034824,-69284255.1003,14210.4140898,76528181.347,3637.58939252,52.7001152485,-2200431.11406,-373143.015255,5958376.22761,123062.084348,-1559461.55166,250080.930908,376084.387121,-479362.56147,610054.48098,376084.387121,52.7001152485,-479362.56147,3031102.9279,610054.48098,2544726.63215,243204718.912,-2986786474.55,580687309.522,376084.387121,-479362.56147,610054.48098,376084.387121,-479362.56147,610054.48098,52.7001152485,3031102.9279,2544726.63215,5270.01152485
0.0074925,7053573.21332,-17923.2263061,68354220.7799,14053.5720919,-75407793.9932,3869.65421423,-61.5085283204,4845030.64442,-372193.01126,-8824172.41768,118535.414776,5452170.1547,253657.596485,-255929.229154,597111.095512,16765.2142689,-255929.229154,-61.5085283204,597111.095512,-1675865.03013,16765.2142689,-788058.979887,-235332231.477,2950974620.46,-564357400.721,-255929.229154,597111.095512,16765.2142689,-255929.229154,597111.095512,16765.2142689,-61.5085283204,-1675865.03013,-788058.979887,-6150.85283204
0.0075258,-6911931.35634,-17995.6245023,-67361939.2979,13894.5153081,74273870.6543,4101.10919419,-50.3286334671,-27361.1188063,-371184.351161,580569.864677,113990.064505,869464.290449,257194.286656,-824494.159161,1820878.91512,-661039.143136,-824494.159161,-50.3286334671,1820878.91512,-66176.7119617,-661039.143136,-338803.212211,226455294.738,-2913919579.49,548459553.496,-824494.159161,1820878.91512,-661039.143136,-824494.159161,1820878.91512,-661039.143136,-50.3286334671,-66176.7119617,-338803.212211,-5032.86334671
0.0075591,6741050.28356,-18065.1866613,66516633.5289,13733.2688053,-73257683.8125,4331.91785602,-7.32076547711,-869952.643079,-370117.193919,1373518.97162,109426.749864,220550.346624,260690.444055,-259955.913998,451438.444337,-618410.69733,-259955.913998,-7.32076547711,451438.444337,-343756.883357,-618410.69733,726622.045519,-219801554.482,2880846174.69,-534259486.608,-259955.913998,451438.444337,-618410.69733,-259955.913998,451438.444337,-618410.69733,-7.32076547711,-343756.883357,726622.045519,-732.076547711
0.0075924,-6595147.07996,-18131.9018204,-66114343.1654,13569.8579952,72709490.2454,4562.04382523,62.0545317283,-676283.233166,-368991.707712,-50169.2920974,104846.190012,410874.852959,264145.5177,735910.933652,-2416239.30566,846556.643685,735910.933652,62.0545317283,-2416239.30566,4645041.40002,846556.643685,2615285.16249,215361969.944,-2866849906.6,522597102.424,735910.933652,-2416239.30566,846556.643685,735910.933652,-2416239.30566,846556.643685,62.0545317283,4645041.40002,2615285.16249,6205.45317283
0.0076257,6433009.19148,-18195.7594656,71280911.9927,13404.3086307,-77713921.1842,4791.45083489,-145.336166211,3378821.48091,-367808.069914,5333252.71327,100249.106827,4645158.76812,267558.963087,912999.980733,9215496.5827,517882.64601,912999.980733,-145.336166211,9215496.5827,5152024.19919,517882.64601,-4755081.67773,-242257741.438,3080490302.35,-542357233.867,912999.980733,9215496.5827,517882.64601,912999.980733,9215496.5827,517882.64601,-145.336166211,5152024.19919,-4755081.67773,-14533.6166211
0.007659,-6312473.35541,-18256.7495331,-82652024.9839,13236.6468017,88964498.3393,5020.1027314,86.1061730805,-4934942.71753,-366566.46706,-4594605.247,95636.2247906,-3924221.16015,270930.24227,-2307675.95494,-9966547.96912,-2114619.40251,-2307675.95494,86.1061730805,-9966547.96912,-12087521.4228,-2114619.40251,1477759.99561,304559009.786,-3548586509.84,598615281.43,-2307675.95494,-9966547.96912,-2114619.40251,-2307675.95494,-9966547.96912,-2114619.40251,86.1061730805,-12087521.4228,1477759.99561,8610.61730805
0.0076923,6181057.95034,-18314.8624111,88337235.8882,13066.898931,-94518293.8385,5247.96348014,12.7679703035,-2689682.24552,-365267.094823,-1311641.32549,91008.2708744,-1546279.78144,274258.823948,-201493.519351,1065999.5314,-1086653.82358,-201493.519351,12.7679703035,1065999.5314,381731.979915,-1086653.82358,-122565.261575,-335047066.137,3782819975.23,-623402727.356,-201493.519351,1065999.5314,-1086653.82358,-201493.519351,1065999.5314,-1086653.82358,12.7679703035,381731.979915,-122565.261575,1276.79703035
0.0077256,-6018351.77201,-18370.0889414,-87106879.4649,12895.0917702,93125231.2369,5474.99717119,1.70940532946,536335.082279,-363910.157978,640443.863641,86365.9744251,1550908.90091,277544.183552,1769593.3793,133104.424057,641276.885734,1769593.3793,1.70940532946,133104.424057,1665511.10356,641276.885734,-849379.036051,324780512.873,-3736033093.13,605124392.487,1769593.3793,133104.424057,641276.885734,1769593.3793,133104.424057,641276.885734,1.70940532946,1665511.10356,-849379.036051,170.940532946
0.0077589,5905960.87574,-18422.4204203,85915623.9508,12721.2523954,-91821584.8265,5701.16802495,12.2142636433,-243073.173025,-362495.870372,994295.696957,81710.0670497,950499.838672,280785.803322,1035878.5305,1852239.26083,-276672.185083,1035878.5305,12.2142636433,1852239.26083,426520.222583,-276672.185083,-86648.1115774,-312427607.09,3692555113.24,-587960312.861,1035878.5305,1852239.26083,-276672.185083,1035878.5305,1852239.26083,-276672.185083,12.2142636433,426520.222583,-86648.1115774,1221.42636433
0.0077922,-5778168.55482,-18471.8486008,-85317777.8779,12545.408203,91095946.4327,5926.44039784,1.61964621965,280416.069199,-361024.454892,1002121.81959,77041.2825001,632308.9503,283983.172392,-729681.194772,-498847.182113,247284.660738,-729681.194772,1.61964621965,-498847.182113,1497732.74665,247284.660738,-1056849.34926,305322033.962,-3672084910.02,574468102.444,-729681.194772,-498847.182113,247284.660738,-729681.194772,-498847.182113,247284.660738,1.61964621965,1497732.74665,-1056849.34926,161.964621965
0.0078255,5624791.85,-18518.3656931,91986412.8894,12367.5869053,-97611204.7394,6150.77878784,-2.88082326992,-545811.384415,-359496.143427,1452362.04329,72360.3565578,-226731.826863,287135.78687,639893.227223,11153734.0168,-38997.5232139,639893.227223,-2.88082326992,11153734.0168,27734.8639111,-38997.5232139,-478370.918927,-340417282.648,3947571670.78,-602843841.539,639893.227223,11153734.0168,-38997.5232139,639893.227223,11153734.0168,-38997.5232139,-2.88082326992,27734.8639111,-478370.918927,-288.082326992
0.0078588,-5502312.78742,-18561.9643663,-106555490.48,12187.8165262,112057803.268,6374.14784012,102.804646211,-55335.5471179,-357911.176833,575385.277037,67668.0269178,422086.672731,290243.149915,-2046604.07131,-12227487.8068,-2935403.01769,-2046604.07131,102.804646211,-12227487.8068,4281097.37384,-2935403.01769,2210791.98039,419807578.462,-4547634175.7,676093023.162,-2046604.07131,-12227487.8068,-2935403.01769,-2046604.07131,-12227487.8068,-2935403.01769,102.804646211,4281097.37384,2210791.98039,10280.4646211
0.0078921,5416928.82473,-18602.6377495,113807303.743,12006.1253968,-119224232.568,6596.51235263,-101.470093607,-693152.755394,-356269.804893,997728.549237,62965.033072,-153911.705208,293304.771821,921198.773165,1292505.48865,-370121.534364,921198.773165,-101.470093607,1292505.48865,-2818918.63646,-370121.534364,-3246414.04853,-456736063.742,4848482102.41,-709473647.54,921198.773165,1292505.48865,-370121.534364,921198.773165,1292505.48865,-370121.534364,-101.470093607,-2818918.63646,-3246414.04853,-10147.0093607
0.0079254,-5318390.2192,-18640.3794326,-112171406.432,11822.5421509,117489796.651,6817.83728164,-63.9844114348,-176657.610214,-354572.286282,240432.860987,58252.1161933,423836.85667,296320.170089,-1636283.89258,880358.243554,368642.361787,-1636283.89258,-63.9844114348,880358.243554,-710263.766953,368642.361787,-2709357.28065,440850701.141,-4788384094.56,688561310.429,-1636283.89258,880358.243554,368642.361787,-1636283.89258,880358.243554,368642.361787,-63.9844114348,-710263.766953,-2709357.28065,-6398.44114348
0.0079587,5127916.39559,-18675.1834677,110725239.173,11637.0957205,-115853155.568,7038.08774724,6.6800369513,-771483.599448,-352818.888521,757871.665998,53530.019018,-213132.8346,299288.869503,-1438510.36921,694673.032939,-339071.410762,-1438510.36921,6.6800369513,694673.032939,397341.13245,-339071.410762,-73294.3186996,-428707098.678,4732838681.88,-667972627.164,-1438510.36921,694673.032939,-339071.410762,-1438510.36921,694673.032939,-339071.410762,6.6800369513,397341.13245,-73294.3186996,668.00369513
0.007992,-5059738.13617,-18707.04437,-109972124.346,11449.8153311,115031862.482,7257.22903884,-6.28765380021,-114898.604684,-351009.887939,116471.716976,48799.4857296,511830.984935,302210.402209,1096355.31967,-1079198.86115,2102656.76627,1096355.31967,-6.28765380021,-1079198.86115,1495592.98692,2102656.76627,-974659.545409,418347492.6,-4708358978.47,653999735.582,1096355.31967,-1079198.86115,2102656.76627,1096355.31967,-1079198.86115,2102656.76627,-6.28765380021,1495592.98692,-974659.545409,-628.765380021
0.0080253,4928124.91424,-18735.9571181,118473723.772,11260.7304975,-123401848.686,7475.22662067,-22.9171630332,-350041.544261,-349145.569626,260402.974121,44061.2618407,-29974.9051361,305084.307785,2531431.44576,16743680.5535,1509785.64379,2531431.44576,-22.9171630332,16743680.5535,2764229.35683,1509785.64379,-910666.740636,-460439330.197,5062322127.55,-690391881.501,2531431.44576,16743680.5535,1509785.64379,2531431.44576,16743680.5535,1509785.64379,-22.9171630332,2764229.35683,-910666.740636,-2291.71630332
0.0080586,-4864295.39932,-18761.9171557,-137213374.281,11069.8710185,142077669.68,7692.04613721,-52.1225875849,765520.410041,-347226.227393,-780344.554769,39316.0940762,228854.369662,307910.133316,-3626672.68743,-20345957.2414,-982291.471858,-3626672.68743,-52.1225875849,-20345957.2414,5066687.59761,-982291.471858,-2204542.60564,562475246.794,-5834132822.07,789015892.342,-3626672.68743,-20345957.2414,-982291.471858,-3626672.68743,-20345957.2414,-982291.471858,-52.1225875849,5066687.59761,-2204542.60564,-5212.25875849
0.0080919,4677888.63037,-18784.9203914,146466275.809,10877.2669729,-151144164.439,7907.65341857,-20.9286311826,-961773.422616,-345252.163718,1494833.82286,34564.7302554,-873698.942134,310687.433463,-1188377.44062,-438976.026662,110025.079173,-1188377.44062,-20.9286311826,-438976.026662,2292713.35455,110025.079173,-642784.640823,-611764637.954,6215930769.95,-830052488.036,-1188377.44062,-438976.026662,110025.079173,-1188377.44062,-438976.026662,110025.079173,-20.9286311826,2292713.35455,-642784.640823,-2092.86311826
0.0081252,-4640135.57241,-18804.9632002,-144326642.028,10682.9487142,148966777.6,8122.01448592,-0.860963005804,-2112102.99064,-343223.689708,5097385.43898,29807.9191736,-2456855.80283,313415.770534,-715393.499536,4709796.97033,1266676.91612,-715393.499536,-0.860963005804,4709796.97033,270274.428219,1266676.91612,-506632.376933,589770741.352,-6138432202.62,805861221.8,-715393.499536,4709796.97033,1266676.91612,-715393.499536,4709796.97033,1266676.91612,-0.860963005804,270274.428219,-506632.376933,-86.0963005804
0.0081585,4494034.86959,-18822.0424232,142427724.401,10486.9468664,-146921759.271,8335.09555684,-25.8440003555,5128612.33674,-341141.12504,-10791183.0619,25046.4104851,5308278.699,316094.714555,245062.954379,-998667.909978,-330305.780602,245062.954379,-25.8440003555,-998667.909978,2541334.3038,-330305.780602,-944234.430187,-571294772.444,6068139927.18,-781012339.221,245062.954379,-998667.909978,-330305.780602,245062.954379,-998667.909978,-330305.780602,-25.8440003555,2541334.3038,-944234.430187,-2584.40003555
0.0081918,-4392128.19304,-18836.1553689,-140453558.402,10289.2923183,144845686.595,8546.86305061,-58.9581264639,458614.574766,-339004.797919,718505.025164,20280.9545841,-1351920.27377,318723.843335,-391931.546045,2458034.81173,-570020.836624,-391931.546045,-58.9581264639,2458034.81173,5150800.39111,-570020.836624,-2310719.56498,552089489.545,-5995557238.67,756618240.896,-391931.546045,2458034.81173,-570020.836624,-391931.546045,2458034.81173,-570020.836624,-58.9581264639,5150800.39111,-2310719.56498,-5895.81264639
0.0082251,4258085.05628,-18847.2998132,138597954.771,10090.0162197,-142856039.828,8757.28359354,-35.315093294,-1170230.03124,-336815.045022,2352372.82991,15512.3024873,-3356618.03221,321302.742534,-272808.800116,251925.925192,938225.768988,-272808.800116,-35.315093294,251925.925192,1562793.37491,938225.768988,-995896.5986,-534438102.007,5926468751.54,-733156684.447,-272808.800116,251925.925192,938225.768988,-272808.800116,251925.925192,938225.768988,-35.315093294,1562793.37491,-995896.5986,-3531.5093294
0.0082584,-4219703,-18855.4739997,-137570765.653,9889.14997552,141790468.653,8966.32402421,-15.9593164848,-200964.353872,-334572.211443,-327959.742797,10741.2057147,-1593249.93092,323831.005729,-1171695.19677,3489346.44824,285408.733054,-1171695.19677,-15.9593164848,3489346.44824,61406.9307793,285408.733054,-814206.831063,520237289.836,-5893017561.34,716727866.905,-1171695.19677,3489346.44824,285408.733054,-1171695.19677,3489346.44824,285408.733054,-15.9593164848,61406.9307793,-814206.831063,-1595.93164848
0.0082917,4133756.78155,-18860.6766403,148316219.81,9686.72524158,-152449976.592,9173.95139869,-124.19863431,2526591.92309,-332276.650646,5612787.86464,5968.41617177,3910805.81864,326308.234474,3254860.42446,20302947.7602,230048.973674,3254860.42446,-124.19863431,20302947.7602,9954499.0668,230048.973674,-3703431.07074,-574338770.415,6339609376.93,-767261694.276,3254860.42446,20302947.7602,230048.973674,3254860.42446,20302947.7602,230048.973674,-124.19863431,9954499.0668,-3703431.07074,-12419.863431
0.008325,-4038327.58463,-18862.9069149,-171811981.681,9482.77391915,175850309.266,9380.13299576,71.6868417107,-8459138.86238,-329928.7244,2224225.70732,1194.68603074,-9837906.46181,328734.038369,-4488303.44017,-26016270.3091,-2702850.14373,-4488303.44017,71.6868417107,-26016270.3091,-7408578.94831,-2702850.14373,1660228.43314,702486705.087,-7306987028.04,890522013.454,-4488303.44017,-26016270.3091,-2702850.14373,-4488303.44017,-26016270.3091,-2702850.14373,71.6868417107,-7408578.94831,1660228.43314,7168.68417107
0.0083583,3899524.72039,-18862.1644722,183400586.41,9277.32815013,-187300111.13,9584.83632203,-29.5396889818,3626301.46202,-327528.80273,-13757976.9326,-3579.23238796,1815218.30117,331108.035118,-1389607.95755,-828004.335185,-1005157.26637,-1389607.95755,-29.5396889818,-828004.335185,1946371.42774,-1005157.26637,-718341.608142,-763637733.464,7785843959.97,-945641472.874,-1389607.95755,-828004.335185,-1005157.26637,-1389607.95755,-828004.335185,-1005157.26637,-29.5396889818,1946371.42774,-718341.608142,-2953.96889818
0.0083916,-3829915.35968,-18858.449429,-180769228.796,9070.42031194,184599144.156,9788.0291171,16.2005226966,907448.367554,-325077.263853,837682.660328,-8352.58673416,-236521.779805,333429.850587,-405191.748526,4557656.8835,-451714.4612,-405191.748526,16.2005226966,4557656.8835,-1986628.65907,-451714.4612,357179.881571,736830851.291,-7690198292.64,915150653.705,-405191.748526,4557656.8835,-451714.4612,-405191.748526,4557656.8835,-451714.4612,16.2005226966,-1986628.65907,357179.881571,1620.05226966
0.0084249,3749236.44822,-18851.762371,178390696.754,8862.08301241,-182139933.202,9989.6793586,-23.8330180603,-1487597.08024,-322574.494122,-770998.847556,-13124.6247467,1974141.36664,335699.118868,286731.635318,759480.204271,687216.362925,286731.635318,-23.8330180603,759480.204271,1854018.62669,687216.362925,-522525.457082,-712890141.382,7603050234.78,-887887767.658,286731.635318,759480.204271,687216.362925,286731.635318,759480.204271,687216.362925,-23.8330180603,1854018.62669,-522525.457082,-2383.30180603
0.0084582,-3710093.09948,-18842.104352,-177120608.002,8652.34908467,180830701.102,10189.7552673,-61.8519591684,-1574432.19571,-320020.887963,662560.025631,-17894.5943718,239950.433707,337915.482334,-467407.98682,2294248.39985,-638835.745476,-467407.98682,-61.8519591684,2294248.39985,5859882.16417,-638835.745476,-1779164.96696,695323684.476,-7561612748.95,868057919.843,-467407.98682,2294248.39985,-638835.745476,-467407.98682,2294248.39985,-638835.745476,-61.8519591684,5859882.16417,-1779164.96696,-6185.19591684
0.0084915,3601492.17113,-18829.4768939,190843277.045,8441.2515819,-194444769.217,10388.225312,-138.981715397,1808105.62018,-317416.847814,12509364.6397,-22661.7438816,2512375.94353,340078.591696,2411272.37031,24672156.3232,3046554.75101,2411272.37031,-138.981715397,24672156.3232,11360502.6478,3046554.75101,-3573210.00584,-764314413.49,8132133102.06,-932424381.825,2411272.37031,24672156.3232,3046554.75101,2411272.37031,24672156.3232,3046554.75101,-138.981715397,11360502.6478,-3573210.00584,-13898.1715397
0.0085248,-3577290.68569,-18813.8819869,-220863482.361,8228.82377224,224440773.046,10585.0582147,260.983092017,-10293229.6126,-314762.784061,3205634.70041,-27425.3219928,-11408776.6134,342188.106054,-4085660.46732,-25624360.7604,-2433882.77186,-4085660.46732,260.983092017,-25624360.7604,-9124438.55959,-2433882.77186,7771099.2005,927030927.111,-9369063229.11,1093574637.51,-4085660.46732,-25624360.7604,-2433882.77186,-4085660.46732,-25624360.7604,-2433882.77186,260.983092017,-9124438.55959,7771099.2005,26098.3092017
0.0085581,3506971.15759,-18795.3220887,235747964.378,8015.09913343,-239254935.536,10780.2229552,-139.08231445,4838664.42986,-312059.114975,-22876339.1147,-32184.5779848,8747726.98161,344243.69296,616969.768312,-2993793.48874,-2322141.32962,616969.768312,-139.08231445,-2993793.48874,-1078543.04364,-2322141.32962,-3369447.81562,-1002601298.53,9987174091.59,-1166304580.99,616969.768312,-2993793.48874,-2322141.32962,616969.768312,-2993793.48874,-2322141.32962,-139.08231445,-1078543.04364,-3369447.81562,-13908.231445
0.0085914,-3361064.99198,-18773.8001241,-232468280.214,7800.11134761,235829345.206,10973.6887765,-133.212535141,-457383.114031,-309306.266641,2149010.85352,-36938.7618183,1540548.04346,346245.02846,-790348.405011,4213353.92975,-2542582.25202,-790348.405011,-133.212535141,4213353.92975,4817936.06482,-2542582.25202,-3327054.13695,969818167.553,-9867252147.09,1126282545.89,-790348.405011,4213353.92975,-2542582.25202,-790348.405011,4213353.92975,-2542582.25202,-133.212535141,4817936.06482,-3327054.13695,-13321.2535141
0.0086247,3333116.71029,-18749.3194851,229381535.464,7583.89429598,-232714652.174,11165.4251891,14.3876781022,-1638248.34015,-306504.672899,5013792.94171,-41687.1242532,286136.314763,348191.797152,-359290.207358,457579.630653,-340288.01754,-359290.207358,14.3876781022,457579.630653,2040898.26585,-340288.01754,1311815.1997,-938601671.174,9754394763.35,-1094199841.25,-359290.207358,457579.630653,-340288.01754,-359290.207358,457579.630653,-340288.01754,14.3876781022,2040898.26585,1311815.1997,1438.76781022
0.008658,-3296406.81563,-18721.8840296,-227863671.682,7366.48205346,231160078.498,11355.4019761,60.5554516635,2642905.68251,-303654.775267,1258216.19301,-46428.916967,884626.433713,350083.692234,1458795.9896,-2312908.79989,872732.096058,1458795.9896,60.5554516635,-2312908.79989,57671.5777755,872732.096058,2478655.33001,916944693.177,-9705467425.98,1070395503.87,1458795.9896,-2312908.79989,872732.096058,1458795.9896,-2312908.79989,872732.096058,60.5554516635,57671.5777755,2478655.33001,6055.54516635
0.0086913,3277055.09184,-18691.4980813,245353570.753,7147.90888334,-248630625.845,11543.589198,-157.844806842,6919347.7158,-300757.022878,10668950.7745,-51163.3926723,6391652.01948,351920.41555,3107821.25672,32335812.5631,1456054.19473,3107821.25672,-157.844806842,32335812.5631,14288046.765,1456054.19473,-3309249.94111,-1002702924.14,10434867346.5,-1155686995.49,3107821.25672,32335812.5631,1456054.19473,3107821.25672,32335812.5631,1456054.19473,-157.844806842,14288046.765,-3309249.94111,-15784.4806842
0.0087246,-3390396.82741,-18658.166429,-283861034.873,6928.20923187,287251431.701,11729.9571971,314.492553182,-9266620.29013,-297811.872406,-7036161.11597,-55889.8052352,-7446994.05015,353701.677641,-5076965.622,-33005664.3554,-7130232.24714,-5076965.622,314.492553182,-33005664.3554,-12950800.503,-7130232.24714,10158406.0228,1210378282.06,-12022459196,1368211368.93,-5076965.622,-33005664.3554,-7130232.24714,-5076965.622,-33005664.3554,-7130232.24714,314.492553182,-12950800.503,10158406.0228,31449.2553182
0.0087579,3588243.06409,-18621.8943256,303020664.327,6707.41772281,-306608907.391,11914.4766028,-160.406502017,-7318419.43963,-294819.787995,5879157.64197,-60607.4097921,-6856517.49537,355427.197787,83536.701991,134180.764815,-494139.201808,83536.701991,-160.406502017,134180.764815,-2474469.40002,-494139.201808,-3306887.75767,-1306022720.12,12819820998,-1473512638.86,83536.701991,134180.764815,-494139.201808,83536.701991,134180.764815,-494139.201808,-160.406502017,-2474469.40002,-3306887.75767,-16040.6502017
0.0087912,-3559153.85225,-18582.6874874,-298707565.244,6485.56915201,302266719.096,12097.1183354,-100.648971012,-841107.609813,-291781.241184,14854008.8894,-65315.4628678,-4753401.0206,357096.704052,-1217856.77835,6717298.64838,-852198.860861,-1217856.77835,-100.648971012,6717298.64838,3539987.682,-852198.860861,-1797743.46579,1261699203.03,-12663234196,1427400118.64,-1217856.77835,6717298.64838,-852198.860861,-1217856.77835,6717298.64838,-852198.860861,-100.648971012,3539987.682,-1797743.46579,-10064.8971012
0.0088245,3482446.57087,-18540.5520933,294822043.16,6262.6984819,-298304489.731,12277.8536114,-10.8494737318,11078833.1263,-288696.710837,-24204614.519,-70013.2224924,14080301.2645,358709.93333,-421292.752604,1910184.91529,-1710643.12299,-421292.752604,-10.8494737318,1910184.91529,1397196.76061,-1710643.12299,888274.634201,-1223304732.67,12520348835.8,-1385861787.1,-421292.752604,1910184.91529,-1710643.12299,-421292.752604,1910184.91529,-1710643.12299,-10.8494737318,1397196.76061,888274.634201,-1084.94737318
0.0088578,-3361680.26725,-18495.4947835,-292860014.295,6038.84083599,296221694.562,12456.6539476,-81.2777473242,-477081.648301,-285566.683064,1701887.22331,-74699.9483179,-6908.99852697,360266.631381,1849820.01449,-1510029.36082,-365113.642785,1849820.01449,-81.2777473242,-1510029.36082,3491432.0922,-365113.642785,-1301708.62625,1196751088.45,-12455581685.4,1353247387.74,1849820.01449,-1510029.36082,-365113.642785,1849820.01449,-1510029.36082,-365113.642785,-81.2777473242,3491432.0922,-1301708.62625,-8127.77473242
0.0088911,3357147.13471,-18447.5226591,315271137.605,5814.03149333,-318628284.74,12633.4911658,-29.8532250721,-1546776.08172,-282391.651142,5226809.6417,-79374.9017355,-1606933.27143,361766.552878,3983123.60516,39316963.4909,3506789.63388,3983123.60516,-29.8532250721,39316963.4909,126657.42119,3506789.63388,296878.329146,-1306214928.53,13390719800.5,-1462929813.47,3983123.60516,39316963.4909,3506789.63388,3983123.60516,39316963.4909,3506789.63388,-29.8532250721,126657.42119,296878.329146,-2985.32250721
0.0089244,-3609489.59199,-18396.6432802,-364769187.726,5588.30588297,368378677.318,12808.3373972,158.910416328,1005073.36726,-279172.115446,2109932.87809,-84037.3459916,1385225.95171,363209.461437,-6410713.52017,-45313301.7858,-5128670.45847,-6410713.52017,158.910416328,-45313301.7858,13838338.2032,-5128670.45847,5381700.83205,1572370152.94,-15432149087,1740419735.96,-6410713.52017,-45313301.7858,-5128670.45847,-6410713.52017,-45313301.7858,-5128670.45847,158.910416328,13838338.2032,5381700.83205,15891.0416328
0.0089577,3827645.52943,-18342.8646651,389355477.829,5361.69957833,-393183123.359,12981.1650868,-370.798467146,4819150.66321,-275908.58336,17375486.4391,-88686.5463039,4678144.85103,364595.129664,1792287.65994,4591818.90748,441463.272294,1792287.65994,-370.798467146,4591818.90748,11859856.7575,441463.272294,-10167256.2466,-1694170702.97,16456360802.8,-1872817605.26,1792287.65994,4591818.90748,441463.272294,1792287.65994,4591818.90748,441463.272294,-370.798467146,11859856.7575,-10167256.2466,-37079.8467146
0.008991,-3819674.2673,-18286.1952892,-383775948.3,5134.24829166,387595622.568,13151.9469975,92.5013541875,-19758135.3167,-272601.569204,4873947.15159,-93321.7699773,-18111933.2468,365923.339181,-3156927.46859,6941178.92195,-1173363.86656,-3156927.46859,92.5013541875,6941178.92195,-26257915.1344,-1173363.86656,3034573.09693,1636644267.49,-16253908314.4,1814493319.99,-3156927.46859,6941178.92195,-1173363.86656,-3156927.46859,6941178.92195,-1173363.86656,92.5013541875,-26257915.1344,3034573.09693,9250.13541875
0.0090243,3688337.59319,-18226.6440833,378742899.779,4905.98786835,-382431237.372,13320.6562149,-7.18363267783,7161260.17834,-269251.59415,-28604913.5385,-97942.2865195,8844579.45166,367193.880669,-1848259.02263,-824000.051246,-1859852.94293,-1848259.02263,-7.18363267783,-824000.051246,1421303.01852,-1859852.94293,461266.872886,-1588486441.8,16067323554.7,-1760637870.13,-1848259.02263,-824000.051246,-1859852.94293,-1848259.02263,-824000.051246,-1859852.94293,-7.18363267783,1421303.01852,461266.872886,-718.363267783
0.0090576,-3663051.97669,-18164.2204325,-376327612.877,4676.95428132,379990664.854,13487.2661511,-46.3660372939,5214619.30014,-265859.18614,1484518.87143,-102547.367756,596451.618289,368406.553895,2808782.29069,-5964690.59227,5223435.17366,2808782.29069,-46.3660372939,-5964690.59227,5553477.37185,5223435.17366,-777295.863155,1553557930.6,-15989770093.9,1724107137.34,2808782.29069,-5964690.59227,5223435.17366,2808782.29069,-5964690.59227,5223435.17366,-46.3660372939,5553477.37185,-777295.863155,-4636.60372939
0.0090909,3515901.076,-18098.9341744,405107899.417,4447.18362531,-408623800.493,13651.7505491,15.6080088144,465825.893805,-262424.879804,5467765.20533,-107136.287944,-1712173.43767,369561.167748,5458108.7652,52961431.268,6161088.70557,5458108.7652,15.6080088144,52961431.268,1219526.60362,6161088.70557,1171059.46632,-1695751848,17189121325.2,-1859863312.8,5458108.7652,52961431.268,6161088.70557,5458108.7652,52961431.268,6161088.70557,15.6080088144,1219526.60362,1171059.46632,1560.80088144
0.0091242,-3480756.72038,-18030.7955979,-468898442.536,4216.71211126,472379199.256,13814.0834867,-88.6480446511,292136.823394,-258949.216374,805583.882163,-111708.32389,825288.587647,370657.540264,-7565913.86633,-54609471.5252,-8655428.69993,-7565913.86633,-88.6480446511,-54609471.5252,8468518.94231,-8655428.69993,-1941514.94382,2051242687.09,-19807456627.8,2213295384.04,-7565913.86633,-54609471.5252,-8655428.69993,-7565913.86633,-54609471.5252,-8655428.69993,-88.6480446511,8468518.94231,-1941514.94382,-8864.80446511
0.0091575,3476331.49461,-17959.8154414,500798558.89,3985.57606054,-504274890.385,13974.2393809,-240.980650509,8239261.34913,-255432.743602,23861517.3376,-116262.755058,7719314.55061,371695.49866,2946384.19194,3701519.89085,973159.484714,2946384.19194,-240.980650509,3701519.89085,20244661.2029,973159.484714,-6246322.31363,-2220687249.25,21125005125.2,-2382952478.97,2946384.19194,3701519.89085,973159.484714,2946384.19194,3701519.89085,973159.484714,-240.980650509,20244661.2029,-6246322.31363,-24098.0650509
0.0091908,-3482966.22543,-17886.0048911,-493809381.846,3753.81189925,497292348.071,14132.1929919,617.434104474,-20947579.3758,-251876.015669,10319919.9624,-120798.863688,-22012328.8439,372674.879357,-2343587.16906,6501730.62401,3651385.15564,-2343587.16906,617.434104474,6501730.62401,-21952300.0435,3651385.15564,17931613.1347,2150209223.66,-20869758575.8,2312366606.1,-2343587.16906,6501730.62401,3651385.15564,-2343587.16906,6501730.62401,3651385.15564,617.434104474,-21952300.0435,17931613.1347,61743.4104474
0.0092241,3330660.52472,-17809.3755792,487200626.658,3521.45615248,-490531287.183,14287.9194267,-246.60320468,8807732.93472,-248279.5931,-38047236.6909,-125315.93491,7563748.17663,373595.52801,-1077882.08492,-2870615.59927,-3400572.4243,-1077882.08492,-246.60320468,-2870615.59927,-6746517.44332,-3400572.4243,-7120979.08711,-2085271191.41,20626531442.2,-2240743923.27,-1077882.08492,-2870615.59927,-3400572.4243,-1077882.08492,-2870615.59927,-3400572.4243,-246.60320468,-6746517.44332,-7120979.08711,-24660.320468
0.0092574,-3189731.79864,-17729.9395822,-480375711.606,3288.54543854,483565443.405,14441.3941436,-275.392330211,28027.832733,-244644.042678,1791426.92671,-129813.25685,191959.714804,374457.299528,-1615073.29175,13648003.7316,-4159977.3656,-1615073.29175,-275.392330211,13648003.7316,2052909.02588,-4159977.3656,-7760034.11426,2016924736.24,-20376799912.5,2165414218.32,-1615073.29175,13648003.7316,-4159977.3656,-1615073.29175,13648003.7316,-4159977.3656,-275.392330211,2052909.02588,-7760034.11426,-27539.2330211
0.0092907,3141615.1183,-17647.7094188,474120479.107,3055.11646323,-477262094.225,14592.5929556,19.7972004897,-1786568.38392,-240969.93735,6630987.19145,-134290.120749,-1617380.88195,375260.058099,109400.978145,1248097.63098,566514.356772,109400.978145,19.7972004897,1248097.63098,-233216.149876,566514.356772,698802.755394,-1954288243.06,20147762256.8,-2100946359.24,109400.978145,1248097.63098,566514.356772,109400.978145,1248097.63098,566514.356772,19.7972004897,-233216.149876,698802.755394,1979.72004897
0.009324,-3142044.02427,-17562.6980482,-510868782.694,2821.20601399,514010826.718,14741.4920342,3.08041331616,793540.801929,-237257.85614,1880600.84063,-138745.821071,-222522.450071,376003.677211,-2781309.41032,-70727063.2033,2144.90135264,-2781309.41032,3.08041331616,-70727063.2033,2471641.9891,2144.90135264,-106894.876962,2139103087.2,-21676112369.1,2285371453.32,-2781309.41032,-70727063.2033,2144.90135264,-2781309.41032,-70727063.2033,2144.90135264,3.08041331616,2471641.9891,-106894.876962,308.041331616
0.0093573,3021216.46006,-17474.9188679,545041546.159,2586.85095416,-548062762.619,14888.0679137,-274.225228897,10873617.8719,-233508.384058,30470171.2861,-143179.655616,8983963.02966,376688.039674,4819761.37644,8386505.02402,4057037.22303,4819761.37644,-274.225228897,8386505.02402,27863432.8085,4057037.22303,-9190171.19088,-2305512737.67,23102672341.1,-2446556215.86,4819761.37644,8386505.02402,4057037.22303,4819761.37644,8386505.02402,4057037.22303,-274.225228897,27863432.8085,-9190171.19088,-27422.5228897
0.0093906,-3081194.80928,-17384.3857114,-537353179.68,2352.08821714,540434374.49,15032.2974943,736.165525247,-27461434.3421,-229722.112004,9138876.07481,-147590.925631,-27732344.8602,377313.037635,-1817344.44473,8167366.49713,5790464.73343,-1817344.44473,736.165525247,8167366.49713,-27481592.8673,5790464.73343,20541775.6564,2228677112.61,-22821156671.2,2372110944.4,-1817344.44473,8167366.49713,5790464.73343,-1817344.44473,8167366.49713,5790464.73343,736.165525247,-27481592.8673,20541775.6564,73616.5525247
0.0094239,2921507.12989,-17291.1128465,530187046.947,2116.9548006,-533108554.077,15174.1580459,-288.799232297,14441168.0022,-225899.636681,-48264504.9924,-151978.935915,13641820.6272,377878.572596,-488773.137681,-3340589.82177,-3435938.68465,-488773.137681,-288.799232297,-3340589.82177,-6766981.38497,-3435938.68465,-8126512.3915,-2158936031.39,22556781959.9,-2295329218.33,-488773.137681,-3340589.82177,-3435938.68465,-488773.137681,-3340589.82177,-3435938.68465,-288.799232297,-6766981.38497,-8126512.3915,-28879.9232297
0.0094572,-2800728.05079,-17195.1149726,-522803607.922,1881.48776059,525604335.973,15313.627212,-283.429576551,3232551.14317,-222041.560493,5924963.07676,-156342.994938,1291532.3553,378384.555431,-926904.406297,15940610.1363,-2174643.04677,-926904.406297,-283.429576551,15940610.1363,4873266.13646,-2174643.04677,-7068920.06931,2086877715.72,-22284692846.6,2217239224.27,-926904.406297,15940610.1363,-2174643.04677,-926904.406297,15940610.1363,-2174643.04677,-283.429576551,4873266.13646,-7068920.06931,-28342.9576551
0.0094905,2724749.72383,-17096.4072185,516080769.495,1645.72420576,-518805519.219,15450.6830127,37.5095400207,-1479228.50735,-218148.491459,4607479.06128,-160682.414941,1999543.45944,378830.9064,705933.09412,4943115.52787,2049092.60876,705933.09412,37.5095400207,4943115.52787,1518395.23416,2049092.60876,528949.218334,-2020109032.9,22038021758.7,-2147327709.2,705933.09412,4943115.52787,2049092.60876,705933.09412,4943115.52787,2049092.60876,37.5095400207,1518395.23416,528949.218334,3750.95400207
0.0095238,-2687261.22512,-16995.0051402,-509161891.721,1409.7012915,511849152.946,15585.3038487,-20.7702887208,1055694.83535,-214221.043111,-519937.669659,-164996.512049,1923368.97702,379217.55516,6351888.41125,664367.147147,5486676.97107,6351888.41125,-20.7702887208,664367.147147,3689523.63788,5486676.97107,-1103611.65323,1956345549.14,-21779283302.9,2081419900.57,6351888.41125,664367.147147,5486676.97107,6351888.41125,664367.147147,5486676.97107,-20.7702887208,3689523.63788,-1103611.65323,-2077.02887208
0.0095571,2643639.95571,-16890.9247182,502159239.441,1173.45621404,-504802879.397,15717.4685041,-379.172995435,13675492.1327,-210259.834397,35152803.7843,-169284.606379,15195339.0018,379544.440776,1453728.69757,179056.117506,663296.512996,1453728.69757,-379.172995435,179056.117506,33097151.6927,663296.512996,-9326930.66515,-1885564340.3,21523591637.6,-2008999529.34,1453728.69757,179056.117506,663296.512996,1453728.69757,179056.117506,663296.512996,-379.172995435,33097151.6927,-9326930.66515,-37917.2995435
0.0095904,-2621051.37563,-16784.1823552,-495135141.835,937.026204665,497756193.211,15847.1561505,909.450195758,-35045922.5484,-206265.489589,13452217.8918,-173546.022143,-35552587.7693,379811.511732,-1036516.57822,16955272.8984,1017181.88281,-1036516.57822,909.450195758,16955272.8984,-38070869.7268,1017181.88281,30673263.8777,1819645992.16,-21262092014.4,1941636290.76,-1036516.57822,16955272.8984,1017181.88281,-1036516.57822,16955272.8984,1017181.88281,909.450195758,-38070869.7268,30673263.8777,90945.0195758
0.0096237,2636305.30241,-16674.7948734,488731225.958,700.448523772,-491367531.26,15974.3463496,-407.372689712,19605470.6728,-202238.63818,-58890479.0721,-177780.08776,17208179.9877,380018.72594,3980313.01542,2324821.46454,-3104573.62599,3980313.01542,-407.372689712,2324821.46454,-6487313.43577,-3104573.62599,-9430286.81362,-1756265539.28,21026921907.8,-1879356293.49,3980313.01542,2324821.46454,-3104573.62599,3980313.01542,2324821.46454,-3104573.62599,-407.372689712,-6487313.43577,-9430286.81362,-40737.2689712
0.009657,-2518284.93713,-16562.7795117,-482076852.436,463.760455039,484595137.373,16099.0190567,-383.564904044,2922193.49164,-198179.914784,7008386.7166,-181986.135958,4278685.52895,380166.050742,-4851496.15501,3025566.90053,-2123041.27424,-4851496.15501,-383.564904044,3025566.90053,9230834.50769,-2123041.27424,-9871734.46452,1694155843.64,-20778838057,1811358053.11,-4851496.15501,3025566.90053,-2123041.27424,-4851496.15501,3025566.90053,-2123041.27424,-383.564904044,9230834.50769,-9871734.46452,-38356.4904044
0.0096903,2401060.09618,-16448.1539234,475816000.328,226.999299546,-478217060.424,16221.1546238,53.1560712788,-4144588.26157,-194089.959039,4793213.40668,-186163.503882,4499365.49205,380253.462922,-4066118.44782,1758608.71198,-3888070.84744,-4066118.44782,53.1560712788,1758608.71198,-182302.912766,-3888070.84744,3207291.18497,-1639964364.26,20541159201.1,-1752086049.47,-4066118.44782,1758608.71198,-3888070.84744,-4066118.44782,1758608.71198,-3888070.84744,53.1560712788,-182302.912766,3207291.18497,5315.60712788
0.0097236,-2357346.07249,-16330.9361729,-469506505.81,-9.79763011369,471863851.883,16340.733803,-38.6913292909,3984939.39034,-189969.415507,771368.861087,-190311.533196,-1287991.32389,380280.948703,6948081.79126,-2077036.21585,6505325.70447,6948081.79126,-38.6913292909,-2077036.21585,1569027.1135,6505325.70447,2986571.89956,1582857438.1,-20304138793.4,1692559854.52,6948081.79126,-2077036.21585,6505325.70447,6948081.79126,-2077036.21585,6505325.70447,-38.6913292909,1569027.1135,2986571.89956,-3869.13292909
0.0097569,2280301.89548,-16211.1447334,463059197.699,-246.593015705,-465339499.594,16457.7377491,-515.06833842,24761838.384,-185818.933568,37102271.5121,-194429.570186,22502852.1784,380248.503753,1040570.27943,2115177.44058,2242802.29284,1040570.27943,-515.06833842,2115177.44058,44598997.3333,2242802.29284,-12013745.6656,-1520474641.17,20065970253,-1626964180.29,1040570.27943,2115177.44058,2242802.29284,1040570.27943,2115177.44058,2242802.29284,-515.06833842,44598997.3333,-12013745.6656,-51506.833842
0.0097902,-2226505.34386,-16088.7984834,-456621268.613,-483.349539242,458847773.957,16572.1480226,1184.32984101,-17516079.9364,-181639.167321,-42638392.0066,-198516.965867,-13659894.3009,380156.133187,-815534.355967,13438283.0975,-3021351.23165,-815534.355967,1184.32984101,13438283.0975,-47665963.0935,-3021351.23165,35729431.935,1462993795.4,-19823325505.6,1566599624.11,-815534.355967,13438283.0975,-3021351.23165,-815534.355967,13438283.0975,-3021351.23165,1184.32984101,-47665963.0935,35729431.935,118432.984101
0.0098235,2236179.61092,-15963.9167042,450827855.908,-720.029888857,-453064035.519,16683.9465931,-441.945856898,15660921.1605,-177430.77548,-67338884.8682,-202573.076081,18200031.2973,380003.851561,3395831.7432,8775000.14699,1428606.07567,3395831.7432,-441.945856898,8775000.14699,-12781015.0082,1428606.07567,-12944831.2235,-1408212193.72,19608049448.3,-1512642006.21,3395831.7432,8775000.14699,1428606.07567,3395831.7432,8775000.14699,1428606.07567,-441.945856898,-12781015.0082,-12944831.2235,-44194.5856898
0.0098568,-2392774.35277,-15836.5190767,-486426307.94,-956.596764693,488819082.293,16793.1158414,-352.387920752,3067527.483,-173194.421271,11277063.4624,-206597.261603,5295365.43224,379791.682874,-14243599.1806,-60396276.2338,-916193.645681,-14243599.1806,-352.387920752,-60396276.2338,6334896.99549,-916193.645681,-9012317.94985,1588840707.05,-21086895339.2,1700200438.02,-14243599.1806,-60396276.2338,-916193.645681,-14243599.1806,-60396276.2338,-916193.645681,-352.387920752,6334896.99549,-9012317.94985,-35238.7920752
0.0098901,2208129.46378,-15706.6256782,520203532.002,-1193.01288477,-522411661.466,16899.638563,-33.2349443149,-6334399.08501,-168930.772325,4839399.21999,-210588.888238,4504243.44079,379519.660563,-2934460.89721,-3834172.06483,-9376011.49625,-2934460.89721,-33.2349443149,-3834172.06483,4424854.72578,-9376011.49625,1251346.83141,-1770857961.63,22479496785.7,-1873977165.62,-2934460.89721,-3834172.06483,-9376011.49625,-2934460.89721,-3834172.06483,-9376011.49625,-33.2349443149,4424854.72578,1251346.83141,-3323.49443149
0.0099234,-1960014.58434,-15574.2569795,-513501808.102,-1429.24099087,515461822.687,17003.4979703,-250.781551565,4772143.81854,-164640.500578,3388641.57279,-214547.32692,-426206.136896,379187.827498,10618445.7477,-7710849.66485,4718639.66775,10618445.7477,-250.781551565,-7710849.66485,16765253.4654,4718639.66775,-7084742.95611,1711603452.96,-22226306351.1,1802792263.1,10618445.7477,-7710849.66485,4718639.66775,10618445.7477,-7710849.66485,4718639.66775,-250.781551565,16765253.4654,-7084742.95611,-25078.1551565
0.0099567,1985786.1221,-15439.4338412,506309999.023,-1665.2438544,-508295785.145,17104.6776956,193.939785188,-4354913.24627,-160324.282157,11511359.4984,-218471.953816,-5964272.41578,378796.235974,1957167.12417,2542106.6677,3104148.93511,1957167.12417,193.939785188,2542106.6677,-18636221.7549,3104148.93511,5182169.60282,-1640288573.29,21962396500.3,-1733039682.93,1957167.12417,2542106.6677,3104148.93511,1957167.12417,2542106.6677,3104148.93511,193.939785188,-18636221.7549,5182169.60282,19393.9785188
0.00999,-1990177.89093,-15302.1775109,-499337973.521,-1900.98428228,501328151.412,17203.1617932,1616.52701929,-34993396.6011,-155982.797282,-31852608.9234,-222362.150422,-34274254.3292,378344.947704,-87691.7412146,13353299.2824,855568.69351,-87691.7412146,1616.52701929,13353299.2824,-67604731.9314,855568.69351,49701949.8798,1578573970.92,-21699054517.9,1671172070.87,-87691.7412146,13353299.2824,855568.69351,-87691.7412146,13353299.2824,855568.69351,1616.52701929,-67604731.9314,49701949.8798,161652.701929
