time_s,node_BUSA2_voltage,node_BUSAS2_voltage,node_BUSB2_voltage,node_BUSBS2_voltage,node_BUSC2_voltage,node_BUSCS2_voltage,node_BUSFD_voltage,node_BUSMG_voltage,node_BUSMGR_voltage,node_BUSMS_voltage,node_UM1TLA_voltage,node_UM1TLB_voltage,node_UM1TLC_voltage,node_UM1MCC_voltage,output_fixed_1,output_fixed_2,output_fixed_3,output_fixed_4,branch_current_branch_fixed_1,branch_current_branch_fixed_8,branch_current_branch_fixed_10,branch_current_branch_fixed_11,torque_Nm,mechanical_speed_rad_s,synchronous_torque_angle_rad,power_zero_axis_current_A,armature_axis_1_current_A,armature_axis_2_current_A,field_current_A,q_axis_damper_current_A
0,3000,3000,3000,3000,1.83646500784e-13,1.83697019872e-13,37.1226542408,188.495559215,94.2477796077,188.495766444,3000,3000,1.83644766061e-13,188.495559215,3000,3000,37.1226542408,188.495559215,1.46587931827e-18,207.229066859,0,207.229066518,0,188.495559215,0,0,0,0,-337.478674919,-0
0.0002,2991.47670078,2991.47670078,2991.46784254,2991.47670078,-226.060934138,-225.980416584,37.0171850775,188.495559216,94.2477796079,188.495766445,2991.47670078,2991.46677955,-226.070596235,188.495559216,2991.47670078,2991.47670078,37.0171850775,188.495559216,4.54893483778e-15,207.22906686,0.00044047832489,207.229066518,-0.000440531492307,188.495559215,0,0,-8.85823570705e-05,-0.000805174737497,-337.477479472,-2.63273490831e-05
0.0004,2965.95523421,2965.95523421,2965.88922863,2965.95523421,-450.993069591,-450.676767362,36.7013768844,188.495559218,94.247779609,188.495766447,2965.95523421,2965.88130797,-451.031025801,188.495559218,2965.95523421,2965.95523421,36.7013768844,188.495559218,4.54892573992e-15,207.229066862,0.00176075100899,207.229066575,-0.00176082672716,188.495559215,0,0,-0.000837219692677,-0.00477336698669,-337.471517497,-0.000105209049166
0.0006,2923.58061836,2923.58061836,2923.3630633,2923.58061836,-673.503259551,-672.812282848,36.1770241468,188.495559224,94.247779612,188.495766453,2923.58061836,2923.33695674,-673.586176577,188.495559224,2923.58061836,2923.58061836,36.1770241468,188.495559224,-4.54602128071e-15,207.229066869,0.0039741396904,207.22906649,-0.00397414673284,188.495559215,0,0,-0.0036728215927,-0.0148461366825,-337.456073732,-0.00023739436548
0.0008,2864.59363424,2864.59363424,2864.08799081,2864.59363424,-892.303598854,-891.124744731,35.4471063414,188.495559235,94.2477796176,188.495766464,2864.59363424,2864.02731373,-892.445060946,188.495559235,2864.59363424,2864.59363424,35.4471063414,188.495559235,4.54892573411e-15,207.229066881,0.00713795423508,207.229066547,-0.00713800071434,188.495559215,0,0,-0.0109047919327,-0.033544396554,-337.426518706,-0.000426281780246
0.001,2789.32945766,2789.32945766,2788.36263589,2789.32945766,-1106.11939847,-1104.37365805,34.5157710068,188.495559254,94.2477796271,188.495766483,2789.32945766,2788.24661758,-1106.32888656,188.495559254,2789.32945766,2789.32945766,34.5157710068,188.495559254,1.44767487465e-18,207.229066902,0.0113780796528,207.229066547,-0.0113781984067,188.495559215,-2.22044604925e-16,0,-0.0256294074907,-0.0627902455987,-337.378334505,-0.000679357605157
0.0012,2698.2157547,2698.2157547,2696.58514894,2698.2157547,-1313.69732266,-1311.34729995,33.3883101762,188.495559283,94.2477796415,188.495766512,2698.2157547,2696.38947687,-1313.97932414,188.495559283,2698.2157547,2698.2157547,33.3883101762,188.495559283,9.09638559477e-15,207.229066934,0.0169117152691,207.22906649,-0.0169118099713,188.495559215,0,0,-0.0516036056017,-0.103747710325,-337.3071398,-0.00100956962547
0.0014,2591.77025158,2591.77025158,2589.2520424,2591.77025158,-1513.81356027,-1510.86960491,32.0711303069,188.495559325,94.2477796624,188.495766554,2591.77025158,2588.94985841,-1514.16683303,188.495559325,2591.77025158,2591.77025158,32.0711303069,188.495559325,4.54889844062e-15,207.22906698,0.024068236351,207.229066518,-0.0240684145084,188.495559215,0,0,-0.0930916102896,-0.156687230616,-337.208713996,-0.0014366000599
0.0016,2470.59779289,2470.59779289,2466.95627893,2470.59779289,-1705.28201835,-1701.80684738,30.5717158777,188.495559383,94.2477796917,188.495766612,2470.59779289,2466.51929912,-1705.69903621,188.495559383,2470.59779289,2470.59779289,30.5717158777,188.495559383,1.42038143852e-18,207.229067044,0.0333095192909,207.229066518,-0.0333097209784,188.495559215,4.4408920985e-16,0,-0.154688593834,-0.220878116318,-337.079020377,-0.00198804438907
0.0018,2335.3869047,2335.3869047,2330.38462293,2335.3869047,-1886.96240387,-1883.07408387,28.8985868605,188.495559464,94.2477797318,188.495766693,2335.3869047,2329.78435202,-1887.42899873,188.495559464,2335.3869047,2335.3869047,28.8985868605,188.495559464,4.54888933999e-15,207.229067132,0.0452466607094,207.229066518,-0.0452469694664,188.495559215,4.4408920985e-16,0,-0.241126155206,-0.294512510557,-336.914228118,-0.00270046235286
0.002,2186.90588226,2186.90588226,2180.31422513,2186.90588226,-2057.76817214,-2053.64131779,27.061250308,188.495559572,94.2477797858,188.495766801,2186.90588226,2179.52323056,-2058.26339017,188.495559572,2186.90588226,2186.90588226,27.061250308,188.495559572,4.54888024222e-15,207.229067251,0.0606558024883,207.229066518,-0.0606562297629,188.495559215,4.4408920985e-16,0,-0.357064945983,-0.374663584935,-336.710733045,-0.00362030988097
0.0022,2025.99842436,2025.99842436,2017.60847794,2025.99842436,-2216.67420718,-2212.53935207,25.0701463332,188.495559716,94.2477798578,188.495766945,2025.99842436,2016.60169045,-2217.17038431,188.495559716,2025.99842436,2025.99842436,25.0701463332,188.495559716,4.54887114447e-15,207.229067409,0.0804904997349,207.22906649,-0.0804910456791,188.495559215,8.881784197e-16,0,-0.506880117554,-0.45727984764,-336.465177033,-0.00480472069093
0.0024,1853.57883927,1853.57883927,1843.21212286,1853.57883927,-2362.72420689,-2358.86529641,22.936588786,188.495559906,94.2477799529,188.495767135,1853.57883927,1841.96812523,-2363.1872697,188.495559906,1853.57883927,1853.57883927,22.936588786,188.495559906,2.27512756604e-15,207.229067619,0.105891823769,207.229066518,-0.105892588494,188.495559215,8.881784197e-16,0,-0.694445544526,-0.537216508964,-336.174465935,-0.00632214890154
0.0026,1670.62684946,1670.62684946,1658.14567412,1670.62684946,-2495.03764386,-2491.78769759,20.6727009659,188.495560155,94.2477800775,188.495767384,1670.62684946,1656.64794415,-2495.42763012,188.495560155,1670.62684946,1670.62684946,20.6727009659,188.495560155,1.38853509302e-18,207.229067892,0.138195723295,207.229066547,-0.138196821345,188.495559215,8.881784197e-16,0,-0.922922844682,-0.608303930972,-335.835785952,-0.0082528441695
0.0028,1478.18202465,1478.18202465,1463.49915234,1478.18202465,-2612.81627298,-2610.55126401,18.2913467351,188.495560479,94.2477802393,188.495767708,1478.18202465,1461.737222,-2613.08806609,188.495560479,1478.18202465,1478.18202465,18.2913467351,188.495560479,2.27512301301e-15,207.229068248,0.17893743515,207.229066547,-0.178938896181,188.495559215,1.33226762955e-15,0,-1.1945612037,-0.663452211697,-335.446618361,-0.0106891735687
0.003,1277.3378747,1277.3378747,1260.42521789,1277.3378747,-2715.35006814,-2714.4811574,15.8060574235,188.495560896,94.2477804478,188.495768125,1277.3378747,1258.39571719,-2715.45432909,188.495560896,1277.3378747,1277.3378747,15.8060574235,188.495560896,1.38398207447e-18,207.229068707,0.229852467775,207.22906649,-0.229854349332,188.495559215,1.7763568394e-15,0,-1.51051378978,-0.694790050606,-335.004752512,-0.0137357647408
0.0032,1069.23563614,1069.23563614,1050.13170985,1069.23563614,-2802.02256197,-2802.98682737,13.2309549406,188.495561429,94.2477807145,188.495768658,1069.23563614,1047.83926115,-2801.90684179,188.495561429,1069.23563614,1069.23563614,13.2309549406,188.495561429,2.27511846e-15,207.229069293,0.292874962091,207.22906649,-0.292877384712,188.495559215,1.7763568394e-15,0,-1.87067623953,-0.693835115406,-334.508297043,-0.0175094876007
0.0034,855.05778741,855.05778741,833.873703111,855.05778741,-2872.31548826,-2875.56536705,10.5806715324,188.495562106,94.2477810528,188.495769335,855.05778741,831.331640277,-2871.92549498,188.495562106,855.05778741,855.05778741,10.5806715324,188.495562106,1.37942907414e-18,207.229070037,0.370132684708,207.229066518,-0.370135882615,188.495559215,1.7763568394e-15,0,-2.27355220115,-0.651692327897,-333.955689252,-0.0221392522993
0.0036,636.021329766,636.021329766,612.945099871,636.021329766,-2925.81270726,-2931.8043707,7.87026663796,188.495562957,94.2477814783,188.495770186,636.021329766,610.175984878,-2925.09370094,188.495562957,636.021329766,636.021329766,7.87026663796,188.495562957,1.13824666666e-15,207.229070973,0.463939338923,207.229066518,-0.46394349599,188.495559215,2.22044604925e-15,0,-2.71615035339,-0.559275694548,-333.345702574,-0.0277656438864
0.0038,413.370872054,413.370872054,388.669886949,413.370872054,-2962.20333626,-2971.38427709,5.11514131854,188.495564019,94.2477820093,188.495771248,413.370872054,385.705807063,-2961.10161847,188.495564019,413.370872054,413.370872054,5.11514131854,188.495564019,1.13824439017e-15,207.22907214,0.576783269644,207.229066518,-0.57678854773,188.495559215,2.6645352591e-15,0,-3.19391659332,-0.407548684965,-332.677452138,-0.0345403746014
0.004,188.371558588,188.371558588,162.393082881,188.371558588,-2981.28407483,-2994.08018528,2.33095074578,188.495565333,94.2477826665,188.495772562,188.371558588,159.275710204,-2979.74853932,188.495565333,188.371558588,188.371558588,2.33095074578,188.495565333,1.37487333773e-18,207.229073585,0.711313396692,207.229066518,-0.711320164728,188.495559215,2.6645352591e-15,0,-3.70070430683,-0.18777757676,-331.950398379,-0.0426255773908
0.0042,-37.6981196499,-37.6981196499,-64.5284805201,-37.6981196499,-2982.96067388,-2999.76313261,-0.466484754099,188.495566947,94.2477834735,188.495774176,-37.6981196499,-67.7480730791,-2980.94438013,188.495566947,-37.6981196499,-37.6981196499,-0.466484754099,188.495566947,-6.96793319338e-17,207.229075359,0.870322912931,207.229066518,-0.870331436716,188.495559215,2.6645352591e-15,0,-4.22878474312,0.10820819467,-331.164348686,-0.0521929247558
0.0044,-263.553589652,-263.553589652,-290.735513859,-263.553589652,-2967.2485494,-2988.40082743,-3.26126959455,188.495568913,94.2477844567,188.495776142,-263.553589652,-293.997287537,-2964.71028189,188.495568913,-263.553589652,-263.553589652,-3.26126959455,188.495568913,-1.40733395097e-16,207.229077521,1.05672943592,207.229066518,-1.05674010578,188.495559215,3.10862446895e-15,0,-4.7688985962,0.487754966358,-330.319457093,-0.0634225995777
0.0046,-487.911495584,-487.911495584,-514.875611281,-487.911495584,-2934.27251887,-2960.05783262,-6.03752325061,188.495571291,94.2477856456,188.49577852,-487.911495584,-518.11124144,-2931.1782927,188.495571291,-487.911495584,-487.911495584,-6.03752325061,188.495571291,-7.09166733805e-16,207.229080135,1.27355334163,207.229066518,-1.27356664321,188.495559215,3.5527136788e-15,0,-5.31034891598,0.957129439386,-329.416222009,-0.0765021050582
0.0048,-709.496991071,-709.496991071,-735.612548728,-709.496991071,-2884.26567406,-2914.89519874,-8.77947049521,188.495574146,94.2477870728,188.495781375,-709.496991071,-738.746345553,-2880.59014936,188.495574146,-709.496991071,-709.496991071,-8.77947049521,188.495574146,-1.27759893565e-15,207.229083274,1.52389380336,207.22906649,-1.52391028108,188.495559215,3.10862446895e-15,0,-5.84113449804,1.52127534538,-328.455482033,-0.0916249432692
0.005,-927.050983125,-927.050983125,-951.635386807,-927.050983125,-2817.56739772,-2853.16954889,-11.4715310371,188.495577549,94.2477887743,188.495784778,-927.050983125,-954.585439071,-2813.29516579,188.495577549,-927.050983125,-927.050983125,-11.4715310371,188.495577549,-1.27759638045e-15,207.229087015,1.81090274453,207.22906649,-1.8109229136,188.495559215,3.5527136788e-15,0,-6.34812192217,2.18358839895,-327.438409852,-0.108989152243
0.0052,-1139.33728657,-1139.33728657,-1161.66735429,-1139.33728657,-2734.62055019,-2775.2316205,-14.0984080514,188.495581578,94.2477907889,188.495788807,-1139.33728657,-1164.34688061,-2729.74725711,188.495581578,-1139.33728657,-1139.33728657,-14.0984080514,188.495581578,9.96140655436e-16,207.229091444,2.1377568841,207.22906649,-2.13778148444,188.495559215,3.5527136788e-15,0,-6.81725347087,2.94571548436,-326.366504288,-0.128795733652
0.0054,-1345.14964827,-1345.14964827,-1364.47436558,-1345.14964827,-2635.96786239,-2681.52427245,-16.6451750988,188.495586318,94.247793159,188.495793547,-1345.14964827,-1366.79324486,-2630.50113887,188.495586318,-1345.14964827,-1345.14964827,-16.6451750988,188.495586318,-1.27759581754e-15,207.229096656,2.5076290071,207.22906649,-2.50765881894,188.495559215,3.99680288865e-15,0,-7.23378727023,3.80738353495,-325.241580539,-0.151246963485
0.0056,-1543.31860134,-1543.31860134,-1558.87315648,-1543.31860134,-2522.24757179,-2572.57996858,-19.0973609409,188.49559186,94.2477959301,188.495799089,-1543.31860134,-1560.73961211,-2516.20774137,188.49559186,-1543.31860134,-1543.31860134,-19.0973609409,188.49559186,-3.55132774305e-15,207.229102749,2.92365765572,207.229066518,-2.92369355054,188.495559215,4.4408920985e-15,0,-7.58256517842,4.76626302982,-324.06575867,-0.17654461995
0.0058,-1732.71811027,-1732.71811027,-1743.73890349,-1732.71811027,-2394.18836423,-2449.01775215,-21.4410317686,188.495598302,94.2477991508,188.495805531,-1732.71811027,-1745.0613045,-2387.60890749,188.495598302,-1732.71811027,-1732.71811027,-21.4410317686,188.495598302,-1.2775861597e-15,207.22910983,3.38891613483,207.229066547,-3.38895912735,188.495559215,4.4408920985e-15,0,-7.8483032312,5.81787029281,-322.841450437,-0.204888123082
0.006,-1912.27196925,-1912.27196925,-1918.01232269,-1912.27196925,-2252.603666,-2311.53972833,-23.6628703768,188.495605746,94.2478028728,188.495812975,-1912.27196925,-1918.70106891,-2245.53142199,188.495605746,-1912.27196925,-1912.27196925,-23.6628703768,188.495605746,-3.55131808523e-15,207.229118014,3.90638139844,207.229066518,-3.90643256285,188.495559215,4.4408920985e-15,0,-8.01589883371,6.95551202188,-321.571344509,-0.236472622029
0.0062,-2080.95991744,-2080.95991744,-2080.70613057,-2080.95991744,-2098.38537171,-2160.92707466,-25.7502518352,188.495614302,94.2478071511,188.495821531,-2080.95991744,-2080.6755793,-2090.8804654,188.495614302,-2080.95991744,-2080.95991744,-25.7502518352,188.495614302,-1.2775765019e-15,207.229127421,4.47890233994,207.229066518,-4.47896292579,188.495559215,4.4408920985e-15,0,-8.07074841286,8.17027454889,-320.258390189,-0.271487026118
0.0064,-2237.82343627,-2237.82343627,-2230.91087682,-2237.82343627,-1932.49705619,-1998.0356023,-27.6913152261,188.495624086,94.2478120429,188.495831315,-2237.82343627,-2230.08127369,-1924.63254407,188.495624086,-2237.82343627,-2237.82343627,-27.6913152261,188.495624086,-1.27757394675e-15,207.229138177,5.10916885734,207.229066547,-5.10924022935,188.495559215,4.88498130835e-15,0,-7.99906887982,9.45105941822,-318.905779733,-0.310112016911
0.0066,-2381.97119594,-2381.97119594,-2367.80005261,-2381.97119594,-1755.96677396,-1823.79089308,-29.4750310401,188.495635217,94.2478176087,188.495842446,-2381.97119594,-2366.09942195,-1747.82800909,188.495635217,-2381.97119594,-2381.97119594,-29.4750310401,188.495635217,-1.27757139161e-15,207.229150415,5.79968112707,207.22906649,-5.79976470549,188.495559215,5.3290705182e-15,0,-7.78821606465,10.7846658348,-317.516929356,-0.352518038447
0.0068,-2512.58412013,-2512.58412013,-2490.63449961,-2512.58412013,-1569.87949385,-1639.1830402,-31.091263848,188.495647822,94.2478239109,188.495855051,-2512.58412013,-2488.00045602,-1561.56321416,188.495647822,-2512.58412013,-2512.58412013,-31.091263848,188.495647822,3.26990012493e-15,207.229164272,6.55271965265,207.229066518,-6.55281710306,188.495559215,4.4408920985e-15,0,-7.4269932109,12.1559195489,-316.095459055,-0.398863303604
0.007,-2628.92004013,-2628.92004013,-2598.76604682,-2628.92004013,-1375.36928455,-1445.26102231,-32.5308298928,188.495662029,94.2478310145,188.495869258,-2628.92004013,-2595.14748475,-1366.98243859,188.495662029,-2628.92004013,-2628.92004013,-32.5308298928,188.495662029,-5.82504433766e-15,207.229179891,7.37031692266,207.229066461,-7.37042997003,188.495559215,5.3290705182e-15,0,-6.9059427396,13.5478466862,-314.645171354,-0.449291814332
0.0072,-2730.31791206,-2730.31791206,-2691.6404155,-2730.31791206,-1173.61129366,-1243.12674298,-33.7855492728,188.495677972,94.2478389862,188.495885201,-2730.31791206,-2686.99904131,-1165.26961904,188.495677972,-2730.31791206,-2730.31791206,-33.7855492728,188.495677972,-1.27756372619e-15,207.229197419,8.25422993302,207.229066518,-8.2543605218,188.495559215,4.4408920985e-15,0,-6.21761471737,14.9418900673,-313.170029098,-0.503931433836
0.0074,-2816.20157296,-2816.20157296,-2768.79934404,-2816.20157296,-965.813642366,-1033.92876952,-34.8482924224,188.495695789,94.2478478944,188.495903018,-2816.20157296,-2763.11101229,-957.640022925,188.495695789,-2816.20157296,-2816.20157296,-34.8482924224,188.495695789,-5.82503013246e-15,207.229217006,9.2059148252,207.229066518,-9.20606501682,188.495559215,3.5527136788e-15,0,-5.35680588822,16.318164572,-311.674132434,-0.56289200844
0.0076,-2886.08301476,-2886.08301476,-2829.88198613,-2886.08301476,-753.209268725,-818.855806552,-35.713020623,188.495715618,94.2478578089,188.495922847,-2886.08301476,-2823.13781085,-745.331896054,188.495715618,-2886.08301476,-2886.08301476,-35.713020623,188.495715618,-5.82501848241e-15,207.229238806,10.2265031934,207.229066547,-10.226675193,188.495559215,4.4408920985e-15,0,-4.32076363517,17.655747248,-310.161695085,-0.626263576808
0.0078,-2939.56515715,-2939.56515715,-2874.62555863,-2939.56515715,-537.047842334,-599.129941543,-36.3748203164,188.495737601,94.2478688004,188.49594483,-2939.56515715,-2866.83276949,-529.598217625,188.495737601,-2939.56515715,-2939.56515715,-36.3748203164,188.495737601,-5.82500683238e-15,207.229262974,11.3167805076,207.229066518,-11.316976638,188.495559215,3.5527136788e-15,0,-3.10934993355,18.9329970296,-308.637020091,-0.694114663677
0.008,-2976.34410394,-2976.34410394,-2902.86530271,-2976.34410394,-318.587770211,-375.999700693,-36.8299310247,188.49576188,94.2478809402,188.495969109,-2976.34410394,-2894.04782586,-311.698580088,188.49576188,-2976.34410394,-2976.34410394,-36.8299310247,188.49576188,-1.27752622098e-15,207.229289666,12.4771667421,207.229066547,-12.4773895905,188.495559215,3.5527136788e-15,0,-1.72516110146,20.1278982656,-307.104475117,-0.766490694782
0.0082,-2996.21086982,-2996.21086982,-2914.53375708,-2996.21086982,-99.088411984,-150.732954539,-37.0757667182,188.4957886,94.2478942998,188.495995829,-2996.21086982,-2904.73250147,-92.8913214985,188.4957886,-2996.21086982,-2996.21086982,-37.0757667182,188.4957886,-1.27752366593e-15,207.229319041,13.7076998353,207.22906649,-13.7079519934,188.495559215,3.5527136788e-15,0,-0.173600062994,21.2184216497,-305.5684675,-0.843412529012
0.0084,-2999.05256785,-2999.05256785,-2909.65941344,-2999.05256785,120.197491868,75.3902863299,-37.1109305094,188.495817901,94.2479089507,188.49602513,-2999.05256785,-2898.93225335,125.574090338,188.495817901,-2999.05256785,-2999.05256785,-37.1109305094,188.495817901,3.26994785051e-15,207.229351255,15.0080207884,207.22906649,-15.0083052361,188.495559215,2.6645352591e-15,0,1.53710124498,22.1828957293,-304.033419147,-0.924875142956
0.0086,-2984.85305094,-2984.85305094,-2888.36477222,-2984.85305094,338.03106936,301.085144553,-36.9352225905,188.495849927,94.2479249636,188.496057156,-2984.85305094,-2876.78621953,342.464304332,188.495849927,-2984.85305094,-2984.85305094,-36.9352225905,188.495849927,-1.27752765078e-15,207.229386464,16.3773627281,207.229066461,-16.3776823551,188.495559215,2.6645352591e-15,0,3.39591064328,23.0003818494,-302.503741456,-1.01084646224
0.0088,-2953.69300359,-2953.69300359,-2850.86387081,-2953.69300359,553.194258015,525.069176926,-36.5496413692,188.495884817,94.2479424085,188.496092046,-2953.69300359,-2838.52443954,556.568983933,188.495884817,-2953.69300359,-2953.69300359,-36.5496413692,188.495884817,-1.27752509573e-15,207.229424821,17.8145410717,207.22906649,-17.8148990727,188.495559215,2.6645352591e-15,0,5.38907597327,23.651045257,-300.983810374,-1.10126637276
0.009,-2905.74948339,-2905.74948339,-2797.45931767,-2905.74948339,764.496339993,746.069661494,-35.9563777946,188.495922707,94.2479613536,188.496129936,-2905.74948339,-2784.46458779,766.707252015,188.495922707,-2905.74948339,-2905.74948339,-35.9563777946,188.495922707,-1.27752254068e-15,207.229466477,19.3179477155,207.229066518,-19.3183473941,188.495559215,1.7763568394e-15,0,7.50025606889,24.1165150853,-299.47794175,-1.19604590417
0.0092,-2841.29491498,-2841.29491498,-2728.53890163,-2841.29491498,970.780103465,962.830829422,-35.158802909,188.495963731,94.2479818656,188.49617096,-2841.29491498,-2715.00829655,971.733723788,188.495963731,-2841.29491498,-2841.29491498,-35.158802909,188.495963731,-1.27751998564e-15,207.229511578,20.8855473399,207.229066518,-20.8859920937,188.495559215,2.6645352591e-15,0,9.71070064865,24.380226114,-297.990367109,-1.29506661619
0.0094,-2760.6955421,-2760.6955421,-2644.57182103,-2760.6955421,1170.9275463,1174.12100051,-34.1614486917,188.496008017,94.2480040087,188.496215246,-2760.6955421,-2630.63711849,1170.54403866,188.496008017,-2760.6955421,-2760.6955421,-34.1614486917,188.496008017,-1.2775174306e-15,207.229560265,22.5148763359,207.22906649,-22.5153697674,188.495559215,1.7763568394e-15,0,11.9994762827,24.4277355043,-296.525209991,-1.3981801776
0.0096,-2664.40934644,-2664.40934644,-2546.10459399,-2664.40934644,1363.86517105,1378.73958186,-32.9699823085,188.496055689,94.2480278444,188.496262918,-2664.40934644,-2531.90819582,1362.07995079,188.496055689,-2664.40934644,-2664.40934644,-32.9699823085,188.496055689,-5.82498383696e-15,207.229612675,24.2030448914,207.22906649,-24.203590743,188.495559215,8.881784197e-16,0,14.3437346748,24.2470081793,-295.086462976,-1.50520816564
0.0098,-2552.98344538,-2552.98344538,-2433.75670168,-2552.98344538,1548.56880143,1575.52388988,-31.5911739091,188.496106862,94.248053431,188.496314091,-2552.98344538,-2419.44969306,1545.33390487,188.496106862,-2552.98344538,-2552.98344538,-31.5911739091,188.496106862,-1.27750322561e-15,207.229668934,25.9467414021,207.22906649,-25.9473434936,188.495559215,1.7763568394e-15,0,16.7190185736,23.8286651108,-293.677965536,-1.61594207279
0.01,-2427.05098312,-2427.05098312,-2308.21601346,-2427.05098312,1724.06798358,1763.35575688,-30.0328581577,188.496161647,94.2480808233,188.496368876,-2427.05098312,-2293.95604629,1719.35317279,188.496161647,-2427.05098312,-2427.05098312,-30.0328581577,188.496161647,-5.824969632e-15,207.229729163,27.7422394454,207.22906649,-27.7429018157,188.495559215,8.881784197e-16,0,19.0995998887,23.1661894984,-292.303382813,-1.73014354564
0.0102,-2287.32753303,-2287.32753303,-2170.23404894,-2287.32753303,1889.44991567,1941.16788471,-28.3038897153,188.496220144,94.2481100721,188.496427373,-2287.32753303,-2156.18308836,1883.24349231,188.496220144,-2287.32753303,-2287.32753303,-28.3038897153,188.496220144,3.26997994072e-15,207.229793474,29.5854077041,207.229066518,-29.5861343978,188.495559215,0,0,21.4588438678,22.2560866527,-290.966185469,-1.84754483949
0.0104,-2134.60703163,-2134.60703163,-2020.6211102,-2134.60703163,2043.86297988,2107.9499094,-26.4140929255,188.496282447,94.2481412237,188.496489677,-2134.60703163,-2006.94308487,2036.17229516,188.496282447,-2134.60703163,-2134.60703163,-26.4140929255,188.496282447,-1.27749556063e-15,207.229861969,31.4717219472,207.229066461,-31.4725170221,188.495559215,0,0,23.7695926945,21.097994313,-289.669630688,-1.96784951013
0.0106,-1969.75726726,-1969.75726726,-1860.24133898,-1969.75726726,2186.51983184,2262.75414221,-24.3742059907,188.496348639,94.2481743196,188.496555868,-1969.75726726,-1847.09973964,2177.37147826,188.496348639,-1969.75726726,-1969.75726726,-24.3742059907,188.496348639,-1.27749300564e-15,207.22993474,33.3962790966,207.229066518,-33.3971470165,188.495559215,0,0,26.0045614175,19.6947411214,-288.416744458,-2.09073332333
0.0108,-1793.71494917,-1793.71494917,-1690.00771409,-1793.71494917,2316.70012782,2404.70095461,-22.1958199554,188.496418792,94.2482093962,188.496626022,-1793.71494917,-1677.56318352,2306.13981197,188.496418792,-1793.71494917,-1793.71494917,-22.1958199554,188.496418792,-1.27749045066e-15,207.230011865,35.3538151681,207.22906649,-35.3547601899,188.495559215,0,0,28.1367389098,18.0523520027,-287.210305206,-2.2158453997
0.011,-1607.48038494,-1607.48038494,-1510.87704171,-1607.48038494,2433.75285386,2532.98377651,-19.8913128434,188.496492969,94.2482464843,188.496700198,-1607.48038494,-1499.2850022,2421.84494898,188.496492969,-1607.48038494,-1607.48038494,-19.8913128434,188.496492969,-1.27748789568e-15,207.230093413,37.3387232423,207.229066547,-37.3397498691,188.495559215,-8.881784197e-16,0,30.1397864164,16.1800002759,-286.052828894,-2.34280957233
0.0112,-1412.1117965,-1412.1117965,-1323.84493455,-1412.1117965,2537.09833845,2646.8736793,-17.473779324,188.496571217,94.2482856086,188.496778446,-1412.1117965,-1313.25329498,2523.92512847,188.496571217,-1412.1117965,-1412.1117965,-17.473779324,188.496571217,-3.55121982141e-15,207.230179439,39.3450756371,207.229066518,-39.3461882685,188.495559215,0,0,31.9884263398,14.089907371,-284.946555639,-2.47122597131
0.0114,-1208.71930714,-1208.71930714,-1129.94082916,-1208.71930714,2626.2299191,2745.72351786,-14.9569563048,188.496653576,94.2483267881,188.496860805,-1208.71930714,-1120.4878157,2611.89054568,188.496653576,-1208.71930714,-1208.71930714,-14.9569563048,188.496653576,-1.27747823828e-15,207.230269983,41.3666466475,207.229066518,-41.3678498156,188.495559215,-8.881784197e-16,0,33.6588140919,11.7971920876,-283.893437937,-2.60067280919
0.0116,-998.458633569,-998.458633569,-930.223018867,-998.458633569,2700.71534082,2828.97160768,-12.3551448763,188.49674007,94.2483700348,188.496947299,-998.458633569,-922.035166649,2685.32447696,188.49674007,-998.458633569,-998.458633569,-12.3551448763,188.49674007,-2.41434292367e-15,207.230365072,43.3969384432,207.229066518,-43.3982366686,188.495559215,-8.881784197e-16,0,35.128886231,9.31967231453,-282.895130546,-2.7307083781
0.0118,-782.52451887,-782.52451887,-725.773748185,-782.52451887,2760.19786033,2896.1449165,-9.68312905001,188.496830709,94.2484153543,188.497037938,-782.52451887,-718.964092247,2743.88413346,188.496830709,-782.52451887,-782.52451887,-9.68312905001,188.496830709,-1.27747085464e-15,207.230464719,45.4292081594,207.229066518,-45.4306060551,188.495559215,-8.881784197e-16,0,36.3786785773,6.67762308695,-281.952982082,-2.86087322938
0.012,-562.143943757,-562.143943757,-517.694329209,-562.143943757,2804.3971254,2946.86175219,-6.95609175289,188.49692549,94.2484627449,188.497132719,-562.143943757,-512.36082415,2787.30132347,188.49692549,-562.143943757,-562.143943757,-6.95609175289,188.49692549,-1.40601059353e-16,207.23056892,47.45649755,207.229066518,-47.4579996708,188.495559215,-1.7763568394e-15,0,37.3906086604,3.89349568628,-281.068028375,-2.99069254325
0.0122,-338.569154621,-338.569154621,-307.100323511,-338.569154621,2833.10980448,2980.83393156,-4.18952855484,188.497024396,94.2485121981,188.497231625,-338.569154621,-303.324521574,2815.38289734,188.497024396,-338.569154621,-338.569154621,-4.18952855484,188.497024396,-7.09034398326e-16,207.230677656,49.4716639519,207.22906649,-49.4732747748,188.495559215,-1.7763568394e-15,0,38.1497175766,0.991603262576,-280.2409876,-3.1196786563
0.0124,-113.07054801,-113.07054801,-95.1167363736,-113.07054801,2846.21002359,2997.86841792,-1.39915961982,188.497127395,94.2485636976,188.497334624,-113.07054801,-92.9627427036,2828.0110403,188.497127395,-113.07054801,-113.07054801,-1.39915961982,188.497127395,1.43617450003e-16,207.230790892,51.467413187,207.229066461,-51.4691372166,188.495559215,-2.6645352591e-15,0,38.6438672105,-2.0022209409,-279.472257228,-3.24733375139
0.0126,113.07054801,113.07054801,117.126733869,113.07054801,2843.64958478,2997.86841792,1.39915961926,188.49723444,94.2486172199,188.497441669,113.07054801,117.613009805,2825.14338553,188.49723444,113.07054801,113.07054801,1.39915961926,188.49723444,4.27833972856e-16,207.230908575,53.4363342524,207.22906649,-53.438176033,188.495559215,-1.7763568394e-15,0,38.8638896777,-5.06098615247,-278.761912788,-3.37315267521
0.0128,338.56915462,338.56915462,328.500454274,338.56915462,2825.45800826,2980.83393156,4.18952855428,188.497345468,94.2486727339,188.497552697,338.56915462,327.291744588,2806.81299535,188.497345468,338.56915462,338.56915462,4.18952855428,188.497345468,9.96266737363e-16,207.231030637,55.3709360659,207.22906649,-55.3728998392,188.495559215,-2.6645352591e-15,0,38.8036868653,-8.156920499,-278.109708453,-3.4966258853
0.013,562.143943757,562.143943757,537.879578963,562.143943757,2791.74237078,2946.86175219,6.95609175233,188.497460401,94.2487302005,188.49766763,562.143943757,534.967393665,2773.12818016,188.497460401,562.143943757,562.143943757,6.95609175233,188.497460401,4.27831124657e-16,207.231156993,57.2636844814,207.229066518,-57.2657746442,188.495559215,-2.6645352591e-15,0,38.4602789499,-11.2618541272,-277.515079435,-3.61724248959
0.0132,782.52451887,782.52451887,744.148802192,782.52451887,2742.68696559,2896.1449165,9.68312904945,188.497579147,94.2487895733,188.497786376,782.52451887,739.543262185,2724.27218365,188.497579147,782.52451887,782.52451887,9.68312904945,188.497579147,2.70156474969e-15,207.23128754,59.1070425808,207.22906649,-59.1092632944,188.495559215,-2.6645352591e-15,0,37.8338018411,-14.3476018409,-276.977146172,-3.7344933781
0.0134,998.458633569,998.458633569,946.207093864,998.458633569,2678.55275537,2828.97160768,12.3551448757,188.497701596,94.2488507981,188.497908825,998.458633569,939.93646597,2660.50270173,188.497701596,998.458633569,998.458633569,12.3551448757,188.497701596,3.83842658692e-15,207.231422159,60.8935107887,207.229066518,-60.8958661538,188.495559215,-3.5527136788e-15,0,36.927454516,-17.3863381391,-276.494720284,-3.84787440807
0.0136,1208.71930714,1208.71930714,1142.97248621,1208.71930714,2599.67662651,2745.72351786,14.9569563042,188.497827626,94.248913813,188.498034855,1208.71930714,1135.08243873,2582.15124376,188.497827626,1208.71930714,1208.71930714,14.9569563042,188.497827626,1.56468442938e-15,207.231560715,62.6156693101,207.22906649,-62.6181631952,188.495559215,-3.5527136788e-15,0,35.7473982348,-20.3509578384,-276.066312239,-3.95688964036
0.0138,1412.1117965,1412.1117965,1333.38685587,1412.1117965,2506.47041599,2646.8736793,17.4737793234,188.497957097,94.2489785486,188.498164326,1412.1117965,1323.93945137,2489.62230297,188.497957097,1412.1117965,1412.1117965,17.4737793234,188.497957097,1.56468130001e-15,207.231703053,64.2662208676,207.22906649,-64.2688570771,188.495559215,-4.4408920985e-15,0,34.3026105693,-23.2154158187,-275.69014071,-4.0610545873
0.014,1607.48038494,1607.48038494,1516.42076613,1607.48038494,2399.41970352,2532.98377651,19.8913128429,188.498089857,94.2490449284,188.498297086,1607.48038494,1505.49322062,2383.39232622,188.498089857,1607.48038494,1607.48038494,19.8913128429,188.498089857,3.83841265135e-15,207.231849007,65.8380351663,207.22906649,-65.8408173378,188.495559215,-3.5527136788e-15,0,32.6046980678,-25.9550400113,-275.364143537,-4.15989946858
0.0142,1793.71494917,1793.71494917,1691.07830481,1793.71494917,2279.08234253,2404.70095461,22.1958199548,188.498225737,94.2491128683,188.498432966,1793.71494917,1678.76153947,2264.00845164,188.498225737,1793.71494917,1793.71494917,22.1958199548,188.498225737,-7.09063986866e-16,207.231998391,67.3241936564,207.229066518,-67.3271252379,188.495559215,-4.4408920985e-15,0,30.6676721637,-28.5468123602,-275.08599025,-4.25297243467
0.0144,1969.75726726,1969.75726726,1856.40197479,1969.75726726,2146.08670907,2262.75414221,24.3742059902,188.498364555,94.2491822776,188.498571784,1969.75726726,1842.7989976,2132.08698873,188.498364555,1969.75726726,1969.75726726,24.3742059902,188.498364555,3.83840639266e-15,207.232151006,68.7180352211,207.229066461,-68.7211193319,188.495559215,-4.4408920985e-15,0,28.50769362,-30.9696132959,-274.853096054,-4.33984275382
0.0146,2134.60703163,2134.60703163,2011.47756279,2134.60703163,2001.12964759,2107.9499094,26.414092925,188.498506118,94.2492530588,188.498713347,2134.60703163,1996.70171282,1988.31161462,188.498506118,2134.60703163,2134.60703163,26.414092925,188.498506118,1.56466423515e-15,207.232306638,70.0132014751,207.22906649,-70.0164412483,188.495559215,-4.4408920985e-15,0,26.1427913565,-33.2044260714,-274.662637223,-4.42010392213
0.0148,2287.32753303,2287.32753303,2155.43903268,2287.32753303,1844.97408258,1941.16788471,28.3038897147,188.498650216,94.2493251082,188.498857446,2287.32753303,2139.61212953,1833.43124914,188.498650216,2287.32753303,2287.32753303,28.3038897147,188.498650216,1.56466110583e-15,207.232465058,71.2036834955,207.229066461,-71.2070817011,188.495559215,-5.3290705182e-15,0,23.5925619293,-35.2344982719,-274.511567779,-4.49337669261
0.015,2427.05098312,2427.05098312,2287.47335903,2427.05098312,1678.4462839,1763.35575688,30.0328581571,188.498796632,94.2493983162,188.499003861,2427.05098312,2270.72379361,1668.25759169,188.498796632,2427.05098312,2427.05098312,30.0328581571,188.498796632,1.56465797651e-15,207.232626025,72.2838669717,207.22906649,-72.2874261579,188.495559215,-5.3290705182e-15,0,20.8778562144,-37.045458743,-274.396637387,-4.55931198343
0.0152,2552.98344538,2552.98344538,2406.8253347,2552.98344538,1502.43274844,1575.52388988,31.5911739085,188.498945135,94.2494725674,188.499152364,2552.98344538,2389.28614517,1493.66227498,188.498945135,2552.98344538,2552.98344538,31.5911739085,188.498945135,1.5646548472e-15,207.232789286,73.2485776246,207.229066518,-73.2523001304,188.495559215,-5.3290705182e-15,0,18.0204599683,-38.6253892163,-274.314410344,-4.61759366186
0.0154,2664.40934644,2664.40934644,2512.80225951,2664.40934644,1317.87669866,1378.73958186,32.969982308,188.499095484,94.2495477418,188.499302713,2664.40934644,2494.60922857,1310.57363225,188.499095484,2664.40934644,2664.40934644,32.969982308,188.499095484,1.56465171789e-15,207.232954577,74.0931257308,207.22906649,-74.0970134592,188.495559215,-5.3290705182e-15,0,15.042774929,-39.9648508726,-274.261285553,-4.66794116524
0.0156,2760.6955421,2760.6955421,2604.77853087,2760.6955421,1125.7741585,1174.12100051,34.1614486911,188.499247429,94.2496237145,188.499454658,2760.6955421,2586.06834591,1119.97303014,188.499247429,2760.6955421,2760.6955421,34.1614486911,188.499247429,6.11211754999e-15,207.233121624,74.8133486509,207.229066518,-74.8174035064,188.495559215,-6.2172489379e-15,0,11.9675069371,-41.056867103,-274.233517381,-4.71011195681
0.0158,2841.29491498,2841.29491498,2682.20003692,2841.29491498,927.169623298,962.830829422,35.1588029084,188.499400714,94.2497003568,188.499607943,2841.29491498,2663.10854574,922.890781325,188.499400714,2841.29491498,2841.29491498,35.1588029084,188.499400714,6.11210532576e-15,207.233290142,75.4056532681,207.229066461,-75.409876586,188.495559215,-6.2172489379e-15,0,8.81736725931,-41.8968646306,-274.227237261,-4.74390377942
0.016,2905.74948339,2905.74948339,2744.58836109,2905.74948339,723.151286036,746.069661495,35.9563777941,188.499555074,94.2497775368,188.499762303,2905.74948339,2725.24895904,720.401590772,188.499555074,2905.74948339,2905.74948339,35.9563777941,188.499555074,-2.98284482123e-15,207.233459843,75.8670544624,207.229066518,-75.8714475023,188.495559215,-6.2172489379e-15,0,5.61479282355,-42.482576067,-274.238475929,-4.7691567068
0.0162,2953.69300359,2953.69300359,2791.54469594,2953.69300359,514.845855383,525.069176926,36.5496413686,188.499710239,94.2498551195,188.499917468,2953.69300359,2772.08687044,513.619570565,188.499710239,2953.69300359,2953.69300359,36.5496413686,188.499710239,1.56463010585e-15,207.23363043,76.1952129006,207.22906649,-76.1997764998,188.495559215,-6.2172489379e-15,0,2.38169052763,-42.8139077405,-274.263186161,-4.78575495776
0.0164,2984.85305094,2984.85305094,2822.75346467,2984.85305094,303.412933389,301.085144554,36.93522259,188.499865937,94.2499329684,188.500073166,2984.85305094,2803.30152464,303.692782762,188.499865937,2984.85305094,2984.85305094,36.93522259,188.499865937,6.11209593799e-15,207.233801602,76.3884687126,207.229066461,-76.3932034713,188.495559215,-7.1054273576e-15,0,-0.86078993256,-42.8927773609,-274.297265888,-4.79362847534
0.0166,2999.05256785,2999.05256785,2837.98555027,2999.05256785,90.0390086733,75.3902863302,37.1109305088,188.50002189,94.2500109451,188.500229119,2999.05256785,2818.65755727,91.7973680296,188.50002189,2999.05256785,2999.05256785,37.1109305088,188.50002189,1.56461475242e-15,207.233973054,76.4458725154,207.229066461,-76.4507787194,188.495559215,-7.1054273576e-15,0,-4.0924510179,-42.7229266334,-274.336581548,-4.7927542391
0.0168,2996.21086982,2996.21086982,2837.10112321,2996.21086982,-124.068958801,-150.732954539,37.0757667176,188.500177822,94.2500889109,188.500385051,2996.21086982,2818.00804114,-120.868771596,188.500177822,2996.21086982,2996.21086982,37.0757667176,188.500177822,1.56461162319e-15,207.234144483,76.3672124445,207.229066518,-76.3722901189,188.495559215,-7.9936057773e-15,0,-7.29420727316,-42.30971442,-274.376991548,-4.78315731537
0.017,2976.34410394,2976.34410394,2820.05197435,2976.34410394,-337.690284518,-375.999700693,36.8299310241,188.500333455,94.2501667274,188.500540684,2976.34410394,2801.29704417,-333.092654658,188.500333455,2976.34410394,2976.34410394,36.8299310241,188.500333455,1.56460849397e-15,207.234315584,76.15303725,207.229066461,-76.158285992,188.495559215,-7.9936057773e-15,0,-10.4482082928,-41.6598963312,-274.414369711,-4.76491161694
0.0172,2939.56515715,2939.56515715,2786.88334045,2939.56515715,-549.597652049,-599.129941543,36.3748203158,188.500488514,94.2502442568,188.500695743,2939.56515715,2768.5616849,-543.653287933,188.500488514,2939.56515715,2939.56515715,36.3748203158,188.500488514,1.56460536475e-15,207.234486053,75.8046743572,207.22906649,-75.810093571,188.495559215,-7.1054273576e-15,0,-13.5379237697,-40.7813968333,-274.44462856,-4.73814038033
0.0174,2886.08301476,2886.08301476,2737.73514087,2886.08301476,-758.564454466,-818.855806552,35.7130206224,188.500642727,94.2503213634,188.500849956,2886.08301476,2719.93359458,-751.329016019,188.500642727,2886.08301476,2886.08301476,35.7130206224,188.500642727,1.56460223555e-15,207.234655592,75.3242436647,207.229066461,-75.3298324047,188.495559215,-7.1054273576e-15,0,-16.5481905894,-39.683079953,-274.463742322,-4.70301633562
0.0176,2816.20157296,2816.20157296,2672.84261293,2816.20157296,-963.37238893,-1033.92876952,34.8482924218,188.500795828,94.2503979139,188.501003057,2816.20157296,2655.63977131,-954.905162765,188.500795828,2816.20157296,2816.20157296,34.8482924218,188.500795828,6.11206806774e-15,207.234823909,74.7146655619,207.22906649,-74.7204226387,188.495559215,-7.1054273576e-15,0,-19.4652229152,-38.3745245686,-274.467769514,-4.65976158054
0.0178,2730.31791206,2730.31791206,2592.53628171,2730.31791205,-1162.8191895,-1243.12674298,33.7855492722,188.500947557,94.2504737783,188.501154786,2730.31791206,2576.00275338,-1153.18184069,188.500947557,2730.31791206,2730.31791206,33.7855492722,188.500947557,1.56458688222e-15,207.234990718,73.9796636999,207.22906649,-73.9855875996,188.495559215,-5.3290705182e-15,0,-22.2765870771,-36.8658099875,-274.452874998,-4.6086471378
0.018,2628.92004013,2628.92004013,2497.24125546,2628.92004013,-1355.7264936,-1445.26102231,32.5308298922,188.501097662,94.2505488311,188.501304891,2628.92004013,2481.44010095,-1344.98192814,188.501097662,2628.92004013,2628.92004013,32.5308298922,188.501097662,1.56458375305e-15,207.235155741,73.1237617731,207.22906649,-73.1298506941,188.495559215,-5.3290705182e-15,0,-24.9711439796,-35.1673171324,-274.415351361,-4.54999221108
0.0182,2512.58412013,2512.58412013,2387.4758041,2512.58412013,-1540.94771309,-1639.1830402,31.0912638474,188.501245903,94.2506229515,188.501453132,2512.58412013,2372.46313665,-1529.15907436,188.501245903,2512.58412013,2512.58412013,31.0912638474,188.501245903,1.56458062389e-15,207.235318715,72.1522742212,207.229066518,-72.158526155,188.495559215,-3.5527136788e-15,0,-27.5389624765,-33.2895501174,-274.351639525,-4.48416312271
0.0184,2381.97119594,2381.97119594,2263.84921883,2381.97119594,-1717.37589851,-1823.79089308,29.4750310395,188.50139205,94.2506960248,188.501599279,2381.97119594,2249.67494123,-1704.60572425,188.50139205,2381.97119594,2381.97119594,29.4750310395,188.50139205,1.56457749473e-15,207.235479386,71.0712911785,207.229066518,-71.0777037506,188.495559215,-3.5527136788e-15,0,-29.9712078977,-31.242982368,-274.258348458,-4.41157195238
0.0186,2237.82343627,2237.82343627,2127.05893531,2237.82343627,-1883.95145812,-1998.0356023,27.6913152255,188.501535885,94.2507679426,188.501743114,2237.82343627,2113.76758232,-1870.26101236,188.501535885,2237.82343627,2237.82343627,27.6913152255,188.501535885,1.56457436558e-15,207.235637517,69.8876564503,207.22906649,-69.8942271119,188.495559215,-1.7763568394e-15,0,-32.2600104472,-29.0379306996,-274.132273881,-4.33267486416
0.0188,2080.95991744,2080.95991744,1977.88692794,2080.95991744,-2039.66971665,-2160.92707466,25.7502518346,188.501677208,94.2508386041,188.501884437,2080.95991744,1965.51858198,-2025.11851347,188.501677208,2080.95991744,2080.95991744,25.7502518346,188.501677208,1.56457123643e-15,207.235792885,68.6089398563,207.229066518,-68.6156659197,188.495559215,-1.7763568394e-15,0,-34.3983186935,-26.6844599552,-273.970415869,-4.24797014491
0.019,1912.27196925,1912.27196925,1817.19538467,1912.27196925,-2183.58817181,-2311.53972833,23.6628703762,188.501815833,94.2509079166,188.502023062,1912.27196925,1805.78663108,-2168.23369472,188.501815833,1912.27196925,1912.27196925,23.6628703762,188.501815833,3.83830258799e-15,207.235945287,67.2434032857,207.229066461,-67.2502817451,188.495559215,-1.7763568394e-15,0,-36.3797436562,-24.1923199331,-273.76999525,-4.15799594565
0.0192,1732.71811027,1732.71811027,1645.92168049,1732.71811027,-2314.83343341,-2449.01775215,21.441031768,188.501951592,94.2509757958,188.502158821,1732.71811027,1635.5065673,-2298.7310563,188.501951592,1732.71811027,1732.71811027,21.441031768,188.501951592,-7.09174050003e-16,207.236094538,65.799960196,207.22906649,-65.8069879218,188.495559215,0,0,-38.1983992216,-21.5709154172,-273.528468716,-4.06332775269
0.0194,1543.31860134,1543.31860134,1465.07268679,1543.31860134,-2432.6077058,-2572.57996858,19.0973609403,188.502084335,94.2510421673,188.502291564,1543.31860134,1455.68365523,-2415.81080832,188.502084335,1543.31860134,1543.31860134,19.0973609403,188.502084335,1.56456184904e-15,207.236240473,64.2881297171,207.229066518,-64.2953033896,188.495559215,0,0,-39.8487446178,-18.8293092017,-273.243542558,-3.96457558416
0.0196,1345.14964827,1345.14964827,1275.71844523,1345.14964827,-2536.19480252,-2681.52427245,16.6451750982,188.502213933,94.2511069663,188.502421162,1345.14964827,1267.38719677,-2518.75507441,188.502213933,1345.14964827,1345.14964827,16.6451750982,188.502213933,1.56455871992e-15,207.236382951,62.7179849148,207.229066518,-62.7253010291,188.495559215,0,0,-41.3254346196,-15.976257069,-272.913184953,-3.86238094237
0.0198,1139.33728657,1139.33728657,1078.9852703,1139.33728657,-2624.9655627,-2775.2316205,14.0984080508,188.502340278,94.2511701388,188.502547507,1139.33728657,1071.74353983,-2606.93347952,188.502340278,1139.33728657,1139.33728657,14.0984080508,188.502340278,1.56455559081e-15,207.236521853,61.1000955403,207.22906649,-61.1075505694,188.495559215,1.7763568394e-15,0,-42.623182864,-13.0202727951,-272.535636741,-3.75741352132
0.02,927.050983125,927.050983125,876.048318037,927.050983125,-2698.38266594,-2853.16954889,11.4715310365,188.502463283,94.2512316417,188.502670512,927.050983125,869.928523066,-2679.80812035,188.502463283,927.050983125,927.050983125,11.4715310365,188.502463283,3.8382869424e-15,207.236657084,59.4454664588,207.229066518,-59.4530567239,188.495559215,1.7763568394e-15,0,-43.7366433177,-9.96972039763,-272.109420639,-3.65036770317
0.0202,709.496991071,709.496991071,668.12370969,709.496991071,-2756.00473018,-2914.89519874,8.77947049461,188.502582886,94.2512914432,188.502790115,709.496991071,663.159451848,-2736.93779196,188.502582886,709.496991071,709.496991071,8.77947049461,188.502582886,4.27677544783e-16,207.236788573,57.7654710412,207.229066461,-57.7731927692,188.495559215,1.7763568394e-15,0,-44.6603143854,-6.83293007991,-271.633348825,-3.54195884656
0.0204,487.911495585,487.911495585,456.460254284,487.911495585,-2797.48970011,-2960.05783262,6.03752325001,188.502699047,94.2513495234,188.502906276,487.911495585,452.68664999,-2777.98148079,188.502699047,487.911495585,487.911495585,6.03752325001,188.502699047,-1.40756930745e-16,207.236916278,56.0717808902,207.229066518,-56.0796303389,188.495559215,3.5527136788e-15,0,-45.3884695635,-3.61833361791,-271.106528882,-3.43291940324
0.0206,263.553589652,263.553589652,242.330879229,263.553589652,-2822.59743077,-2988.40082743,3.26126959395,188.502811749,94.2514058745,188.503018978,263.553589652,239.78470496,-2802.70101916,188.502811749,263.553589652,263.553589652,3.26126959395,188.502811749,4.27676970943e-16,207.237040181,54.3762924075,207.22906649,-54.3842657613,188.495559215,5.3290705182e-15,0,-45.9151177771,-0.334614373293,-270.528368048,-3.32399486914
0.0208,37.6981196503,37.6981196503,27.023815951,37.6981196502,-2831.19148738,-2999.76313261,0.466484753503,188.502921001,94.2514605006,188.50312823,37.6981196503,25.7434543151,-2810.96292606,188.502921001,37.6981196503,37.6981196503,0.466484753503,188.502921001,7.24051029804e-17,207.237160292,52.6910503209,207.22906649,-52.6991438053,188.495559215,3.5527136788e-15,0,-46.2339957692,3.00913337105,-269.898575769,-3.21593960875
0.021,-188.371558588,-188.371558588,-188.166334944,-188.371558588,-2823.24008985,-2994.08018528,-2.33095074637,188.503026837,94.2515134186,188.503234066,-188.371558588,-188.141152044,-2802.73935523,188.503026837,-188.371558588,-188.371558588,-2.33095074637,188.503026837,-5.67082864526e-16,207.237276646,51.0281694233,207.22906649,-51.036379248,188.495559215,5.3290705182e-15,0,-46.3385939972,6.40324136535,-269.217164531,-3.10951256134
0.0212,-413.370872054,-413.370872054,-401.94761326,-413.370872054,-2798.8162378,-2971.38427709,-5.11514131914,188.503129315,94.2515646574,188.503336544,-413.370872054,-400.576267539,-2778.10819114,188.503129315,-413.370872054,-413.370872054,-5.11514131914,188.503129315,2.855686999e-16,207.237389308,49.3997546732,207.229066518,-49.4080771913,188.495559215,7.1054273576e-15,0,-46.222216612,9.83730647202,-268.484448986,-3.00547286995
0.0214,-636.021329766,-636.021329766,-613.03964962,-636.021329766,-2758.09697103,-2931.8043707,-7.87026663856,188.503228516,94.2516142582,188.503435745,-636.021329766,-610.281297465,-2737.25224267,188.503228516,-636.021329766,-636.021329766,-7.87026663856,188.503228516,2.85568128764e-16,207.237498369,47.8178210258,207.22906649,-47.8262525893,188.495559215,5.3290705182e-15,0,-45.8780751223,13.3000377243,-267.701043367,-2.90457544354
0.0216,-855.05778741,-855.05778741,-820.182516726,-855.05778741,-2701.36181573,-2875.56536705,-10.580671533,188.503324549,94.2516622745,188.503531778,-855.05778741,-815.996940651,-2680.45759092,188.503324549,-855.05778741,-855.05778741,-10.580671533,188.503324549,-8.51299682721e-16,207.237603946,46.2942128479,207.229066518,-46.30274994,188.495559215,7.1054273576e-15,0,-45.2994144365,16.7791171551,-266.867857222,-2.80756649438
0.0218,-1069.23563614,-1069.23563614,-1022.14534439,-1069.23563614,-2628.99039895,-2802.98682737,-13.2309549412,188.503417544,94.2517087718,188.503624773,-1069.23563614,-1016.49397563,-2608.11107068,188.503417544,-1069.23563614,-1069.23563614,-13.2309549412,188.503417544,-8.51297980123e-16,207.237706183,44.8405242562,207.22906649,-44.8491636162,188.495559215,8.881784197e-15,0,-44.4796690331,20.2610799123,-265.986089492,-2.71517906266
0.022,-1277.3378747,-1277.3378747,-1217.73466859,-1277.3378747,-2541.45929479,-2714.4811574,-15.8060574241,188.503507654,94.2517538272,188.503714883,-1277.3378747,-1210.58176291,-2520.69695605,188.503507654,-1277.3378747,-1277.3378747,-15.8060574241,188.503507654,1.42243820317e-15,207.237805249,43.468021363,207.22906649,-43.4767597753,188.495559215,7.1054273576e-15,0,-43.4126461623,23.7312188303,-265.057220958,-2.6281285708
0.0222,-1478.18202464,-1478.18202464,-1405.80238045,-1478.18202464,-2439.33811128,-2610.55126401,-18.2913467357,188.503595058,94.251797529,188.503802287,-1478.18202464,-1397.11631803,-2418.79285903,188.503595058,-1478.18202464,-1478.18202464,-18.2913467357,188.503595058,1.4224353583e-15,207.237901339,42.1875657439,207.22906649,-42.1964002968,188.495559215,8.881784197e-15,0,-42.0927321539,27.1735180789,-264.08300513,-2.54710842013
0.0224,-1670.62684946,-1670.62684946,-1585.25325962,-1670.62684946,-2323.28489225,-2491.78769759,-20.6727009665,188.503679953,94.2518399765,188.503887182,-1670.62684946,-1575.00794266,-2303.06492246,188.503679953,-1670.62684946,-1670.62684946,-20.6727009665,188.503679953,-8.51301967271e-16,207.237994671,41.0095417798,207.22906649,-41.0184696362,188.495559215,1.06581410364e-14,0,-40.5151172057,30.5706199155,-263.065457609,-2.47278567243
0.0226,-1853.57883927,-1853.57883927,-1755.05196666,-1853.57883927,-2194.0408674,-2358.86529641,-22.9365887866,188.503762558,94.2518812792,188.503969788,-1853.57883927,-1743.22827784,-2174.26234276,188.503762558,-1853.57883927,-1853.57883927,-22.9365887866,188.503762558,-8.51300264668e-16,207.238085486,39.9437862933,207.229066547,-39.9528049835,188.495559215,1.06581410364e-14,0,-38.6760333901,33.9038277846,-262.006843995,-2.40579682885
0.0228,-2025.99842436,-2025.99842436,-1914.22949611,-2025.99842436,-2052.42463148,-2212.53935207,-25.0701463338,188.503843113,94.2519215564,188.504050342,-2025.99842436,-1900.81678585,-2033.21131084,188.503843113,-2025.99842436,-2025.99842436,-25.0701463338,188.503843113,-8.5129856207e-16,207.238174047,38.9995233119,207.22906649,-39.0086305274,188.495559215,1.06581410364e-14,0,-36.5730001325,37.1531482237,-260.909666414,-2.34674374797
0.023,-2186.90588226,-2186.90588226,-2061.88897831,-2186.90588226,-1899.32580692,-2053.64131779,-27.0612503086,188.503921873,94.2519609365,188.504129102,-2186.90588226,-2046.88653938,-1880.80842919,188.503921873,-2186.90588226,-2186.90588226,-27.0612503086,188.503921873,-8.51296859474e-16,207.238260634,38.1853022575,207.229066518,-38.1944961218,188.495559215,1.24344978758e-14,0,-34.2050710324,40.2973730878,-259.776648746,-2.29618971479
0.0232,-2335.3869047,-2335.3869047,-2197.21085096,-2335.3869047,-1735.69827273,-1883.07408387,-28.8985868611,188.503999112,94.251999556,188.504206341,-2335.3869047,-2180.62934564,-1718.01369517,188.503999112,-2335.3869047,-2335.3869047,-28.8985868611,188.503999112,3.69617380451e-15,207.23834555,37.5089422762,207.22906649,-37.5182210421,188.495559215,1.24344978758e-14,0,-31.5730756774,43.3142026962,-258.610720628,-2.25465570099
0.0234,-2470.59779289,-2470.59779289,-2319.45730539,-2470.59779289,-1562.55303043,-1701.80684738,-30.5717158783,188.504075118,94.2520375592,188.504282348,-2470.59779289,-2301.32010273,-1545.84312656,188.504075118,-2470.59779289,-2470.59779289,-30.5717158783,188.504075118,-5.39877151062e-15,207.23842911,36.9774806798,207.229066518,-36.9868430101,188.495559215,1.24344978758e-14,0,-28.6798500122,46.1804094825,-257.415000339,-2.22261682674
0.0236,-2591.77025158,-2591.77025158,-2427.97604834,-2591.77025158,-1380.95078677,-1510.86960491,-32.0711303075,188.504150195,94.2520750973,188.504357424,-2591.77025158,-2408.32043758,-1365.36111505,188.504150195,-2591.77025158,-2591.77025158,-32.0711303075,188.504150195,-5.39876071309e-15,207.238511648,36.5971282125,207.229066518,-36.6065730442,188.495559215,1.42108547152e-14,0,-25.5304488945,48.8720407809,-256.192776659,-2.20049906218
0.0238,-2698.2157547,-2698.2157547,-2522.20330344,-2698.2157547,-1191.99433546,-1311.34729995,-33.3883101768,188.504224654,94.2521123271,188.504431883,-2698.2157547,-2501.0815437,-1177.6725961,188.504224654,-2698.2157547,-2698.2157547,-33.3883101768,188.504224654,-5.39874991558e-15,207.238593507,36.3732295334,207.229066461,-36.3827561778,188.495559215,1.42108547152e-14,0,-22.1323346868,51.3646583706,-254.947489809,-2.18867617709
0.024,-2789.32945766,-2789.32945766,-2601.66611208,-2789.32945766,-996.820809326,-1104.37365805,-34.5157710074,188.504298821,94.2521494105,188.50450605,-2789.32945766,-2579.14628866,-983.915111081,188.504298821,-2789.32945766,-2789.32945766,-34.5157710074,188.504298821,3.69619880471e-15,207.238675045,36.3102302253,207.22906649,-36.3198384634,188.495559215,1.42108547152e-14,0,-18.4955360904,53.6336115045,-253.682711579,-2.18746697383
0.0242,-2864.59363424,-2864.59363424,-2665.98387767,-2864.59363424,-796.593891318,-891.124744731,-35.447106342,188.504373027,94.2521865135,188.504580256,-2864.59363424,-2642.15053128,-785.250856761,188.504373027,-2864.59363424,-2864.59363424,-35.447106342,188.504373027,-8.51277549081e-16,207.238756626,36.4116503596,207.22906649,-36.4213401662,188.495559215,1.42108547152e-14,0,-14.6327719405,55.654339238,-252.402124764,-2.19713280935
0.0244,-2923.58061836,-2923.58061836,-2714.86922967,-2923.58061836,-592.496042673,-672.812282848,-36.1770241474,188.50444761,94.2522238052,188.504654839,-2923.58061836,-2689.82373632,-582.858782684,188.50444761,-2923.58061836,-2923.58061836,-36.1770241474,188.50444761,-5.39874480792e-15,207.238838622,36.6800636351,207.229066518,-36.6898354211,188.495559215,1.59872115546e-14,0,-10.5595352956,57.4026971168,-251.109502013,-2.21787543831
0.0246,-2965.95523421,-2965.95523421,-2748.12817062,-2965.95523421,-385.720838091,-450.676767362,-36.701376885,188.504522914,94.2522614568,188.504730143,-2965.95523421,-2721.98884746,-377.926832842,188.504522914,-2965.95523421,-2965.95523421,-36.701376885,188.504522914,-5.39873401044e-15,207.238921409,37.1170835495,207.22906649,-37.1269381274,188.495559215,1.7763568394e-14,0,-6.29413391916,58.8553025533,-249.808684232,-2.24983517956
0.0248,-2991.47670078,-2991.47670078,-2765.65959534,-2991.47670078,-177.465448865,-225.980416584,-37.0171850781,188.504599281,94.2522996407,188.50480651,-2991.47670078,-2738.56152039,-171.644372618,188.504599281,-2991.47670078,-2991.47670078,-37.0171850781,188.504599281,-5.39872321299e-15,207.239005366,37.7233556509,207.229066518,-37.7332942186,188.495559215,1.59872115546e-14,0,-1.85768407697,59.989892678,-248.503558641,-2.29308943438
0.025,-3000,-3000,-2767.45416302,-3000,31.0766389872,-1.81763085112e-10,-37.1226542414,188.504677059,94.2523385294,188.504884288,-3000,-2739.5486953,34.8051062375,188.504677059,-3000,-3000,-37.1226542414,188.504677059,-8.51243454156e-16,207.239090874,38.4985559881,207.229066461,-38.5085799664,188.495559215,1.7763568394e-14,0,2.725944479,60.7856879695,-247.198036627,-2.34765155506
0.0252,-2991.47670078,-2991.47670078,-2753.59261981,-2991.47670078,238.722650889,225.980416584,-37.0171850781,188.504756589,94.2523782947,188.504963818,-2991.47670078,-2725.04661926,240.25098432,188.504756589,-2991.47670078,-2991.47670078,-37.0171850781,188.504756589,-5.39871071307e-15,207.239178308,39.4413948357,207.229066518,-39.4515063401,188.495559215,1.95399252334e-14,0,7.43023350231,61.223754693,-245.896031509,-2.4134700877
0.0254,-2965.95523421,-2965.95523421,-2724.24356679,-2965.95523421,444.307213326,450.676767362,-36.701376885,188.504838213,94.2524191064,188.505045442,-2965.95523421,-2695.23831341,443.542131393,188.504838213,-2965.95523421,-2965.95523421,-36.701376885,188.504838213,-8.5123095426e-16,207.239268044,40.5496277809,207.22906649,-40.5598289854,188.495559215,1.95399252334e-14,0,12.2261713299,61.2873589845,-244.601436344,-2.49042838413
0.0256,-2923.58061836,-2923.58061836,-2679.66077427,-2923.58061836,646.688708042,672.812282848,-36.1770241474,188.504922264,94.2524611318,188.505129493,-2923.58061836,-2650.39059797,643.553147517,188.504922264,-2923.58061836,-2923.58061836,-36.1770241474,188.504922264,-5.3986982132e-15,207.239360448,41.8200700879,207.22906649,-41.8303637524,188.495559215,1.95399252334e-14,0,17.0824571364,60.9623054464,-243.318101898,-2.57834460207
0.0258,-2864.59363424,-2864.59363424,-2620.18004838,-2864.59363424,844.755218385,891.124744731,-35.447106342,188.505009068,94.2525045342,188.505216297,-2864.59363424,-2590.85068167,839.190152377,188.505009068,-2864.59363424,-2864.59363424,-35.447106342,188.505009068,-5.39868741581e-15,207.23945588,43.2486182153,207.229066518,-43.2590072702,188.495559215,2.13162820728e-14,0,21.9657523876,60.2372532354,-242.049814908,-2.67697208394
0.026,-2789.32945766,-2789.32945766,-2546.21574816,-2789.32945766,1037.43009084,1104.37365805,-34.5157710074,188.505098945,94.2525494724,188.505306174,-2789.32945766,-2517.04242511,1029.39615353,188.505098945,-2789.32945766,-2789.32945766,-34.5157710074,188.505098945,-8.5120765705e-16,207.239554689,44.8302745223,207.22906649,-44.8407624366,188.495559215,2.13162820728e-14,0,26.8409765345,59.1040029585,-240.800276751,-2.78600012898
0.0262,-2698.2157547,-2698.2157547,-2458.2569667,-2698.2157547,1223.67704873,1311.34729995,-33.3883101768,188.505192199,94.2525960997,188.505399428,-2698.2157547,-2429.4622922,1213.15592789,188.505192199,-2698.2157547,-2698.2157547,-33.3883101768,188.505192199,-8.51205954636e-16,207.239657211,46.5591778755,207.22906649,-46.5697682804,188.495559215,2.13162820728e-14,0,31.671642997,57.5577481124,-239.573082651,-2.90505514442
0.0264,-2591.77025158,-2591.77025158,-2356.86346687,-2591.77025158,1402.50490159,1510.86960491,-32.0711303075,188.505289126,94.2526445628,188.505496355,-2591.77025158,-2328.67508975,1389.50047003,188.505289126,-2591.77025158,-2591.77025158,-32.0711303075,188.505289126,-5.39867321362e-15,207.239763771,48.4286370575,207.229066518,-48.4393340357,188.495559215,2.30926389122e-14,0,36.4202306321,55.597285412,-238.371701522,-3.03370218542
0.0266,-2470.59779289,-2470.59779289,-2242.66138867,-2470.59779289,1572.97179649,1701.80684738,-30.5717158783,188.505390003,94.2526950015,188.505597232,-2470.59779289,-2215.30951275,1557.51095168,188.505390003,-2470.59779289,-2470.59779289,-30.5717158783,188.505390003,-8.5119345489e-16,207.239874674,50.4311690331,207.22906649,-50.4419768771,188.495559215,2.30926389122e-14,0,41.0485850526,53.2251790476,-237.199456583,-3.17144686516
0.0268,-2335.3869047,-2335.3869047,-2116.33880655,-2335.3869047,1734.18907244,1883.07408387,-28.8985868611,188.505495095,94.2527475473,188.505702324,-2335.3869047,-2090.05358099,1716.32226569,188.505495095,-2335.3869047,-2335.3869047,-28.8985868611,188.505495095,-8.51191752505e-16,207.23999021,52.5585397482,207.229066518,-52.5694631527,188.495559215,2.30926389122e-14,0,45.5183435093,50.4478747513,-236.059506827,-3.31773763971
0.027,-2186.90588226,-2186.90588226,-1978.64115452,-2186.90588226,1885.32467205,2053.64131779,-27.0612503086,188.505604646,94.252802323,188.505811875,-2186.90588226,-1953.64998468,1865.12610726,188.505604646,-2186.90588226,-2186.90588226,-27.0612503086,188.505604646,-8.51190050123e-16,207.240110649,54.8018087447,207.22906649,-54.8128525831,188.495559215,2.48689957516e-14,0,49.7913764585,47.275760456,-234.954829467,-3.47196844484
0.0272,-2025.99842436,-2025.99842436,-1830.36658102,-2025.99842436,2025.60618565,2212.53935207,-25.0701463338,188.505718884,94.2528594419,188.505926113,-2025.99842436,-1806.89140578,2003.173681,188.505718884,-2025.99842436,-2025.99842436,-25.0701463338,188.505718884,-8.51188347745e-16,207.24023624,57.1513758302,207.22906649,-57.1625452845,188.495559215,2.48689957516e-14,0,53.8302385479,43.7231713355,-233.888203446,-3.63348168441
0.0274,-1853.57883927,-1853.57883927,-1672.36125016,-1853.57883927,2154.32348741,2358.86529641,-22.9365887865,188.505838015,94.2529190075,188.506045244,-1853.57883927,-1650.61583065,2129.77799263,188.505838015,-1853.57883927,-1853.57883927,-22.9365887865,188.505838015,-8.5118664537e-16,207.240367211,59.5970307291,207.229066518,-59.6083311258,188.495559215,2.6645352591e-14,0,57.5986214436,39.8083380498,-232.862194108,-3.80157154344
0.0276,-1670.62684946,-1670.62684946,-1505.5146325,-1670.62684946,2270.83104825,2491.78769759,-20.6727009664,188.505962224,94.2529811121,188.506169453,-1670.62684946,-1485.70189921,2244.31582369,188.505962224,-1670.62684946,-1670.62684946,-20.6727009664,188.505962224,-8.51184942998e-16,207.240503764,62.1280043721,207.22906649,-62.1394413168,188.495559215,2.48689957516e-14,0,61.0618008439,35.5532781048,-231.879139096,-3.97548762088
0.0278,-1478.18202464,-1478.18202464,-1330.75479929,-1478.18202464,2374.54988796,2610.55126401,-18.2913467357,188.506091674,94.2530458371,188.506298903,-1478.18202464,-1313.06430249,2346.22935103,188.506091674,-1478.18202464,-1478.18202464,-18.2913467357,188.506091674,1.42255124007e-15,207.24064608,64.7330225408,207.22906649,-64.7446017928,188.495559215,2.6645352591e-14,0,64.1870700182,30.9836313141,-230.941135589,-4.15443885117
0.028,-1277.3378747,-1277.3378747,-1149.04374368,-1277.3378747,2464.96925548,2714.4811574,-15.806057424,188.506226504,94.2531132521,188.506433733,-1277.3378747,-1133.64925129,2435.02751371,188.506226504,-1277.3378747,-1277.3378747,-15.806057424,188.506226504,-8.5118608573e-16,207.24079431,67.4003608823,207.229066461,-67.4120883417,188.495559215,2.84217094304e-14,0,66.9441524506,26.1284414223,-230.050028907,-4.33759770555
0.0282,-1069.23563614,-1069.23563614,-961.372740102,-1069.23563614,2541.64800009,2802.98682737,-13.2309549411,188.506366829,94.2531834145,188.506574058,-1069.23563614,-948.430024244,2510.28708858,188.506366829,-1069.23563614,-1069.23563614,-13.2309549411,188.506366829,-8.51184383359e-16,207.240948581,70.1179013252,207.229066518,-70.1297830989,188.495559215,2.84217094304e-14,0,69.3055864714,21.019886982,-229.207402576,-4.52410463872
0.0284,-855.05778741,-855.05778741,-768.757745674,-855.05778741,2604.21572151,2875.56536705,-10.580671533,188.506512738,94.2532563691,188.506719967,-855.05778741,-758.40259563,2571.65357573,188.506512738,-855.05778741,-855.05778741,-10.580671533,188.506512738,-1.98804992134e-15,207.241108991,72.873190254,207.229066461,-72.8852324099,188.495559215,2.84217094304e-14,0,71.2470752965,15.692965541,-228.414569887,-4.71307276788
0.0286,-636.021329766,-636.021329766,-572.234853355,-636.021329766,2652.37365933,2931.8043707,-7.87026663852,188.506664296,94.253332148,188.506871525,-636.021329766,-564.581349159,2618.84185175,188.506664296,-636.021329766,-636.021329766,-7.87026663852,188.506664296,-1.98804594525e-15,207.241275611,75.6534969509,207.22906649,-75.6657057388,188.495559215,3.01980662698e-14,0,72.7477964831,10.1851360938,-227.672567009,-4.90359274685
0.0288,-413.370872054,-413.370872054,-372.855782746,-413.370872054,2685.89540423,2971.38427709,-5.1151413191,188.50682154,94.2534107701,188.507028769,-413.370872054,-367.994857517,2651.63668506,188.50682154,-413.370872054,-413.370872054,-5.1151413191,188.50682154,2.8569251154e-16,207.241448483,78.4458740056,207.22906649,-78.4582556694,188.495559215,3.01980662698e-14,0,73.7906656019,4.53592553038,-226.982147672,-5.09473781919
0.029,-188.371558588,-188.371558588,-171.683418605,-188.371558588,2704.6273871,2994.08018528,-2.33095074633,188.506984482,94.2534922411,188.507191711,-188.371558588,-169.681734158,2669.89306588,188.506984482,-188.371558588,-188.371558588,-2.33095074633,188.506984482,-5.66958490106e-16,207.241627619,81.2372179627,207.22906649,-81.2497787231,188.495559215,3.01980662698e-14,0,74.3625497415,-1.21349450244,-226.343779472,-5.28556901048
0.0292,37.6981196498,37.6981196498,30.2126320791,37.6981196499,2708.48921914,2999.76313261,0.466484753541,188.507153106,94.2535765531,188.507360335,37.6981196498,29.3134801175,2673.53643377,188.507153106,37.6981196498,37.6981196498,0.466484753541,188.507153106,7.25304665064e-17,207.241813002,84.0143308938,207.229066518,-84.0270770666,188.495559215,3.19744231092e-14,0,74.4544274487,-7.02075338474,-225.757641789,-5.47514044113
0.0294,263.553589652,263.553589652,231.760451368,263.553589652,2697.47383341,2988.40082743,3.26126959399,188.50732737,94.2536636849,188.507534599,263.553589652,227.944386036,2662.56274824,188.50732737,263.553589652,263.553589652,3.26126959399,188.50732737,-1.4063228612e-16,207.242004584,86.7639831007,207.22906649,-86.7769208644,188.495559215,3.19744231092e-14,0,74.0614926742,-12.8427425962,-225.22362535,-5.66250471815
0.0296,487.911495585,487.911495585,431.890230553,487.911495585,2671.64748893,2960.05783262,6.03752325006,188.507507203,94.2537536017,188.507714433,487.911495585,425.166800551,2637.03847132,188.507507203,487.911495585,487.911495585,6.03752325006,188.507507203,-7.0906562503e-16,207.242202291,89.4729758799,207.22906649,-89.4861113577,188.495559215,3.19744231092e-14,0,73.1832013964,-18.6360844946,-224.741333413,-5.84671838537
0.0298,709.496991071,709.496991071,629.538680051,709.496991071,2631.14958212,2914.89519874,8.77947049466,188.507692511,94.2538462554,188.50789974,709.496991071,619.942820849,2597.10040041,188.507692511,709.496991071,709.496991071,8.77947049466,188.507692511,1.5646702738e-15,207.242406014,92.1282051504,207.229066518,-92.1415444275,188.495559215,3.37507799486e-14,0,71.8232606294,-24.3576011041,-224.31008459,-6.02684738951
0.03,927.050983125,927.050983125,823.653476765,927.050983125,2576.19231282,2853.16954889,11.4715310366,188.507883169,94.2539415844,188.508090398,927.050983125,811.244936127,2542.95540407,188.507883169,927.050983125,927.050983125,11.4715310366,188.507883169,1.56466714446e-15,207.242615621,94.7167258561,207.22906649,-94.730274713,188.495559215,3.37507799486e-14,0,69.9895606428,-29.9647753087,-223.92891726,-6.20197254046
0.0302,1139.33728657,1139.33728657,1013.19772054,1139.33728657,2507.06014549,2775.2316205,14.0984080508,188.508079029,94.2540395143,188.508286258,1139.33728657,998.060160286,2474.87999348,188.508079029,1139.33728657,1139.33728657,14.0984080508,188.508079029,1.56466401513e-15,207.242830946,97.2258158624,207.22906649,-97.239580022,188.495559215,3.5527136788e-14,0,67.6940522353,-35.4161970385,-223.596595565,-6.37119492281
0.0304,1345.14964827,1345.14964827,1197.15445037,1345.14964827,2424.10909847,2681.52427245,16.6451750982,188.508279915,94.2541399576,188.508487144,1345.14964827,1179.39424719,2393.21976566,188.508279915,1345.14964827,1345.14964827,16.6451750982,188.508279915,-7.09073594894e-16,207.243051798,99.6430411041,207.229066461,-99.6570260663,188.495559215,3.5527136788e-14,0,64.9525719494,-40.6719874402,-223.311616944,-6.53364123678
0.0306,1543.31860134,1543.31860134,1374.53118008,1543.31860134,2327.76579991,2572.57996858,19.0973609403,188.508485629,94.2542428144,188.508692858,1543.31860134,1354.27594811,2298.388648,188.508485629,1543.31860134,1543.31860134,19.0973609403,188.508485629,1.56466230395e-15,207.243277956,101.956320077,207.22906649,-101.970531219,188.495559215,3.5527136788e-14,0,61.7846190205,-45.6941945006,-223.07222116,-6.68846902592
0.0308,1732.71811027,1732.71811027,1544.36450302,1732.71811027,2218.52633012,2449.01775215,21.441031768,188.508695945,94.2543479727,188.508903175,1732.71811027,1521.7613716,2190.86796484,188.508695945,1732.71811027,1732.71811027,21.441031768,188.508695945,1.56465917463e-15,207.243509175,104.153988898,207.22906649,-104.168431268,188.495559215,3.73034936274e-14,0,58.2130887377,-50.4471542663,-222.876400767,-6.83487177026
0.031,1912.27196925,1912.27196925,1705.72471161,1912.27196925,2096.95478995,2311.53972833,23.6628703762,188.508910618,94.2544553089,188.509117847,1912.27196925,1680.93838953,2071.20525612,188.508910618,1912.27196925,1912.27196925,23.6628703762,188.508910618,1.56465604531e-15,207.243745182,106.224865437,207.229066518,-106.239543797,188.495559215,3.73034936274e-14,0,54.2639676119,-54.8978125255,-222.721912955,-6.97208380354
0.0312,2080.95991744,2080.95991744,1857.72047676,2080.95991744,1963.68160399,2160.92707466,25.7502518347,188.509129376,94.2545646881,188.509336605,2080.95991744,1830.93114428,1940.0128557,188.509129376,2080.95991744,2080.95991744,25.7502518347,188.509129376,1.564652916e-15,207.243985682,108.158313215,207.229066518,-108.173232103,188.495559215,3.73034936274e-14,0,49.9659963988,-59.0160027022,-222.606292703,-7.09938503436
0.0314,2237.82343627,2237.82343627,1999.50351804,2237.82343627,1819.40150313,1998.0356023,27.6913152256,188.50935193,94.2546759649,188.509559159,2237.82343627,1970.90458365,1797.96616452,188.50935193,2237.82343627,2237.82343627,27.6913152256,188.50935193,1.5646497867e-15,207.244230354,109.944304675,207.22906649,-109.959468203,188.495559215,3.73034936274e-14,0,45.3503074934,-62.77467661,-222.52686716,-7.21610543196
0.0316,2381.97119594,2381.97119594,2130.27330297,2381.97119594,1664.87118725,1823.79089308,29.4750310395,188.509577968,94.2547889842,188.509785197,2381.97119594,2100.06907041,1645.80161635,188.509577968,2381.97119594,2381.97119594,29.4750310395,188.509577968,-2.98282230399e-15,207.244478857,111.573482692,207.22906649,-111.588894757,188.495559215,3.90798504668e-14,0,40.450043581,-66.1500857353,-222.480771181,-7.32162925838
0.0318,2512.58412013,2512.58412013,2249.28169127,2512.58412013,1500.90662195,1639.1830402,31.0912638475,188.509807163,94.2549035815,188.510014392,2512.58412013,2217.68497621,1484.31428122,188.509807163,2512.58412013,2512.58412013,31.0912638475,188.509807163,1.56465262304e-15,207.24473083,113.037221402,207.229066461,-113.052885384,188.495559215,3.90798504668e-14,0,35.2999646126,-69.1219117042,-222.464963915,-7.4153990105
0.032,2628.92004013,2628.92004013,2355.83755447,2628.92004013,1328.37996526,1445.26102231,32.5308298922,188.510039168,94.255019584,188.510246397,2628.92004013,2323.06729695,1314.3550985,188.510039168,2628.92004013,2628.92004013,32.5308298922,188.510039168,1.56464949374e-15,207.244985893,114.327684015,207.229066518,-114.343603125,188.495559215,4.08562073062e-14,0,29.9360502314,-71.6733456618,-222.476246356,-7.49691905637
0.0322,2730.31791205,2730.31791205,2449.31127355,2730.31791205,1148.2160921,1243.12674298,33.7855492723,188.510273623,94.2551368113,188.510480852,2730.31791205,2415.59018419,1136.82769949,188.510273623,2730.31791205,2730.31791205,33.7855492723,188.510273623,1.56464636445e-15,207.245243648,115.437879592,207.22906649,-115.454056444,188.495559215,4.26325641456e-14,0,24.3951046585,-73.7911172766,-222.51127976,-7.56575893279
0.0324,2816.20157296,2816.20157296,2529.13913674,2816.20157296,961.388711203,1033.92876952,34.8482924219,188.510510153,94.2552550764,188.510717382,2816.20157296,2494.69141982,952.684809791,188.510510153,2816.20157296,2816.20157296,34.8482924219,188.510510153,6.11211219655e-15,207.245503686,116.361715585,207.229066518,-116.378152469,188.495559215,4.26325641456e-14,0,18.7143708017,-75.465475112,-222.566604808,-7.62155629171
0.0326,2886.08301476,2886.08301476,2594.82752978,2886.08301476,768.916059938,818.855806552,35.7130206224,188.510748373,94.2553741865,188.510955602,2886.08301476,2559.8767164,762.924210626,188.510748373,2886.08301476,2886.08301476,35.7130206224,188.510748373,-2.98283795045e-15,207.245765582,117.094048023,207.229066461,-117.110746803,188.495559215,4.08562073062e-14,0,12.9311599441,-76.6901210058,-222.638661429,-7.6640194667
0.0328,2939.56515715,2939.56515715,2645.95693371,2939.56515715,571.856173886,599.129941543,36.3748203158,188.510987888,94.255493944,188.511195117,2939.56515715,2610.7238619,568.584251312,188.510987888,2939.56515715,2939.56515715,36.3748203158,188.510987888,1.56463697661e-15,207.246028901,117.63072747,207.22906649,-117.647689549,188.495559215,4.26325641456e-14,0,7.08250284615,-77.4621019963,-222.723809142,-7.69292965066
0.033,2976.34410394,2976.34410394,2682.18561619,2976.34410394,371.301737317,375.999700693,36.8299310242,188.511228296,94.2556141478,188.511435525,2976.34410394,2646.8865832,370.738915092,188.511228296,2976.34410394,2976.34410394,36.8299310242,188.511228296,1.56463384734e-15,207.246293201,117.968640476,207.229066518,-117.985866877,188.495559215,4.4408920985e-14,0,1.20482744677,-77.7816640628,-222.818347824,-7.70814266073
0.0332,2996.21086982,2996.21086982,2703.25302636,2996.21086982,168.37451636,150.73295454,37.0757667177,188.511469188,94.2557345939,188.511676417,2996.21086982,2668.09814114,170.492435604,188.511469188,2996.21086982,2996.21086982,37.0757667177,188.511469188,1.56463071808e-15,207.246558034,118.105746478,207.22906649,-118.123237728,188.495559215,4.4408920985e-14,0,-4.66633240391,-77.6520726446,-222.918538777,-7.70959028593
0.0334,2999.05256785,2999.05256785,2708.98277787,2999.05256785,-35.7805962687,-75.39028633,37.1109305088,188.511710154,94.255855077,188.511917383,2999.05256785,2674.17452903,-31.0265085085,188.511710154,2999.05256785,2999.05256785,37.1109305088,188.511710154,-2.98284137258e-15,207.246822949,118.041108847,207.22906649,-118.058865007,188.495559215,4.61852778244e-14,0,-10.4965935754,-77.0794053943,-223.020625967,-7.69728119832
0.0336,2984.85305094,2984.85305094,2699.28522803,2984.85305094,-240.001916647,-301.085144554,36.93522259,188.511950783,94.2559753913,188.512158012,2984.85305094,2665.01728432,-232.67101643,188.511950783,2984.85305094,2984.85305094,36.93522259,188.511950783,1.5646335545e-15,207.247087492,117.774920195,207.229066461,-117.792940874,188.495559215,4.4408920985e-14,0,-16.2529429548,-76.0723230629,-223.120857331,-7.67130142801
0.0338,2953.69300359,2953.69300359,2674.15954178,2953.69300359,-443.117632676,-525.069176926,36.5496413686,188.512190664,94.2560953318,188.512397893,2953.69300359,2640.61578921,-433.282551664,188.512190664,2953.69300359,2953.69300359,36.5496413686,188.512190664,6.11209938663e-15,207.247351213,117.308521122,207.22906649,-117.326805523,188.495559215,4.61852778244e-14,0,-21.9039176452,-74.6418246272,-223.215506019,-7.6318143881
0.034,2905.74948339,2905.74948339,2633.6952497,2905.74948339,-643.952779394,-746.069661495,35.9563777941,188.512429391,94.2562146956,188.51263662,2905.74948339,2601.04907069,-631.69787993,188.512429391,2905.74948339,2905.74948339,35.9563777941,188.512429391,6.11208716244e-15,207.247613667,116.644412279,207.22906649,-116.662959118,188.495559215,4.61852778244e-14,0,-27.4197452765,-72.8009929209,-223.300891456,-7.57906045478
0.0342,2841.29491498,2841.29491498,2578.07319845,2841.29491498,-841.33645127,-962.830829422,35.1588029084,188.512666565,94.2563332827,188.512873794,2841.29491498,2546.48698573,-826.756279115,188.512666565,2841.29491498,2841.29491498,35.1588029084,188.512666565,6.11207493828e-15,207.247874412,115.786258817,207.229066461,-115.805066359,188.495559215,4.79616346638e-14,0,-32.7724445866,-70.5647369526,-223.373400102,-7.51335609417
0.0344,2760.6955421,2760.6955421,2507.56590767,2760.6955421,-1034.10922968,-1174.12100051,34.1614486912,188.512901795,94.2564508975,188.513109024,2760.6955421,2477.19080677,-1017.30700179,188.512901795,2760.6955421,2760.6955421,34.1614486912,188.512901795,1.06595316755e-14,207.24813302,114.738887221,207.229066461,-114.757953443,188.495559215,4.79616346638e-14,0,-37.9358873879,-67.9495369486,-223.429505798,-7.43509254616
0.0346,2664.40934644,2664.40934644,2422.53724672,2664.40934644,-1221.13072973,-1378.73958186,32.969982308,188.5131347,94.2565673502,188.513341929,2664.40934644,2393.51310939,-1202.2168878,188.5131347,2664.40934644,2664.40934644,32.969982308,188.5131347,6.1120413951e-15,207.248389072,113.508274734,207.22906649,-113.527597004,188.495559215,4.97379915032e-14,0,-42.8858239076,-64.9731977962,-223.465789583,-7.34473406249
0.0348,2552.98344538,2552.98344538,2323.44145309,2552.98344538,-1401.28723994,-1575.52388988,31.5911739085,188.513364914,94.2566824572,188.513572143,2552.98344538,2295.89698522,-1380.37810209,188.513364914,2552.98344538,2552.98344538,31.5911739085,188.513364914,-2.98290875176e-15,207.248642166,112.101529568,207.22906649,-112.121104943,188.495559215,4.79616346638e-14,0,-47.5998743419,-61.6546161476,-223.478958865,-7.2428157142
0.035,2427.05098312,2427.05098312,2210.82142574,2427.05098312,-1573.49934214,-1763.35575688,30.0328581571,188.513592086,94.2567960431,188.513799315,2427.05098312,2184.87450355,-1550.71587621,188.513592086,2427.05098312,2427.05098312,30.0328581571,188.513592086,6.11203513684e-15,207.248891915,110.526863784,207.22906649,-110.546688884,188.495559215,4.97379915032e-14,0,-52.0574901813,-58.0135658326,-223.465865847,-7.12994077136
0.0352,2287.32753303,2287.32753303,2085.30632539,2287.32753303,-1736.72948324,-1941.16788471,28.3038897148,188.513815883,94.2569079413,188.514023112,2287.32753303,2061.06445535,-1712.19622621,188.513815883,2287.32753303,2287.32753303,28.3038897148,188.513815883,1.56455395139e-15,207.249137954,108.793557197,207.22906649,-108.813628312,188.495559215,4.97379915032e-14,0,-56.2398895342,-54.0705055864,-223.423525099,-7.00677767504
0.0354,2134.60703163,2134.60703163,1947.60843839,2134.60703163,-1889.98937411,-2107.9499094,26.414092925,188.51403599,94.2570179951,188.514243219,2134.60703163,1925.16932876,-1863.83351172,188.51403599,2134.60703163,2134.60703163,26.414092925,188.51403599,6.11201978368e-15,207.249379936,106.911913186,207.22906649,-106.932226321,188.495559215,5.15143483426e-14,0,-60.1299711732,-49.8464123019,-223.349130185,-6.87405660983
0.0356,1969.75726726,1969.75726726,1798.51934792,1969.75726726,-2032.34718918,-2262.75414221,24.3742059902,188.514252118,94.2571260589,188.514459347,1969.75726726,1777.97156214,-2004.69781047,188.514252118,1969.75726726,1969.75726726,24.3742059902,188.514252118,3.83827307895e-15,207.249617544,104.893206477,207.229066518,-104.913757215,188.495559215,5.3290705182e-14,0,-63.7122124569,-45.3626422098,-223.240069241,-6.7325657014
0.0358,1793.71494917,1793.71494917,1638.90539488,1793.71494917,-2162.93443541,-2404.70095461,22.1958199549,188.514463998,94.2572319992,188.514671227,1793.71494917,1620.32905204,-2133.92196541,188.514463998,1793.71494917,1793.71494917,22.1958199549,188.514463998,1.56453092172e-15,207.249850482,102.749622375,207.229066518,-102.770406065,188.495559215,5.3290705182e-14,0,-66.9725565085,-40.640821484,-223.093939435,-6.58314685246
0.036,1607.48038494,1607.48038494,1469.70248399,1607.48038494,-2280.95247013,-2532.98377651,19.8913128429,188.51467139,94.257335695,188.514878619,1607.48038494,1453.16997465,-2250.70828493,188.51467139,1607.48038494,1607.48038494,19.8913128429,188.51467139,6.11199675405e-15,207.250078485,100.494188964,207.22906649,-100.515200656,188.495559215,5.15143483426e-14,0,-69.89829419,-35.7027668846,-222.908560208,-6.42669124609
0.0362,1412.1117965,1412.1117965,1291.91024411,1412.1117965,-2385.67853626,-2646.8736793,17.4737793235,188.514874079,94.2574370393,188.515081308,1412.1117965,1277.48692756,-2354.33475225,188.514874079,1412.1117965,1412.1117965,17.4737793235,188.514874079,1.56451556868e-15,207.250301318,98.1407016218,207.22906649,-98.1619361423,188.495559215,5.3290705182e-14,0,-72.4779463471,-30.5704361172,-222.681985245,-6.2641345341
0.0364,1208.71930714,1208.71930714,1106.58560905,1208.71930714,-2476.4713041,-2745.72351786,14.9569563043,188.515071879,94.2575359395,188.515279108,1208.71930714,1094.33046169,-2444.16073525,188.515071879,1208.71930714,1208.71930714,14.9569563043,188.515071879,3.83824692035e-15,207.250518776,95.7036410272,207.22906649,-95.7250929966,188.495559215,5.50670620214e-14,0,-74.7011516728,-25.2659067128,-222.412513094,-6.09645174334
0.0366,998.458633569,998.458633569,914.835853505,998.458633569,-2552.77579399,-2828.97160768,12.3551448758,188.515264636,94.2576323179,188.515471865,998.458633569,904.8020386,-2519.63205861,188.515264636,998.458633569,998.458633569,12.3551448758,188.515264636,-1.84609695788e-15,207.25073069,93.1980849504,207.229066461,-93.2197487733,188.495559215,5.50670620214e-14,0,-76.5585651947,-19.811381361,-222.098696382,-5.92465192166
0.0368,782.52451887,782.52451887,717.811158892,782.52451887,-2614.12768298,-2896.1449165,9.68312904951,188.515452225,94.2577261127,188.515659454,782.52451887,710.046492196,-2580.28544421,188.515452225,782.52451887,782.52451887,9.68312904951,188.515452225,4.27641215004e-16,207.250936923,90.6396143436,207.22906649,-90.6614844363,188.495559215,5.68434188608e-14,0,-78.0417719947,-14.2292168483,-221.739349581,-5.74977255962
0.037,562.143943757,562.143943757,516.696767135,562.143943757,-2660.15688095,-2946.86175219,6.95609175239,188.515634556,94.2578172779,188.515841785,562.143943757,511.244055659,-2625.7521939,188.515634556,562.143943757,562.143943757,6.95609175239,188.515634556,4.27640359723e-16,207.251137374,88.0442153215,207.229066518,-88.0662859164,188.495559215,5.50670620214e-14,0,-79.1432201757,-8.54197302957,-221.333555276,-5.57287381319
0.0372,338.569154621,338.569154621,312.704801809,338.569154621,-2690.59039606,-2980.83393156,4.18952855434,188.515811568,94.2579057842,188.516018797,338.569154621,309.602037746,-2655.76113853,188.515811568,338.569154621,338.569154621,4.18952855434,188.515811568,4.27639504443e-16,207.251331979,85.4281765819,207.229066518,-85.4504417938,188.495559215,5.68434188608e-14,0,-79.8561764707,-2.77247764777,-220.880668902,-5.39503256582
0.0374,113.07054801,113.07054801,107.065834809,113.07054801,-2705.25439137,-2997.86841792,1.39915961932,188.515983238,94.257991619,188.516190467,113.07054801,106.346231322,-2670.14074486,188.515983238,113.07054801,113.07054801,1.39915961932,188.515983238,-1.4079497101e-16,207.25152071,82.8079839945,207.229066461,-82.8304378879,188.495559215,5.68434188608e-14,0,-80.1747070999,3.05609768915,-220.380321941,-5.21733635815
0.0376,-113.07054801,-113.07054801,-98.9797219866,-113.07054801,-2704.07547092,-2997.86841792,-1.39915961976,188.516149573,94.2580747864,188.516356802,-113.07054801,-97.2878617396,-2668.82042433,188.516149573,-113.07054801,-113.07054801,-1.39915961976,188.516149573,-1.4079468942e-16,207.251703576,80.2002129555,207.22906649,-80.2228497439,188.495559215,5.86197757002e-14,0,-80.0936857033,8.92015544839,-219.832423533,-5.0408772253
0.0378,-338.56915462,-338.56915462,-304.190306619,-338.56915462,-2687.08111724,-2980.83393156,-4.18952855478,188.516310615,94.2581553077,188.516517844,-338.56915462,-300.063889552,-2651.83095707,188.516310615,-338.56915462,-338.56915462,-4.18952855478,188.516310615,-7.09228028006e-16,207.251880624,77.6214200854,207.22906649,-77.6442338728,188.495559215,6.03961325396e-14,0,-79.6088292605,14.7955893458,-219.237160531,-4.86674547197
0.038,-562.143943757,-562.143943757,-507.331903744,-562.143943757,-2654.39933752,-2946.86175219,-6.95609175283,188.516466441,94.2582332207,188.51667367,-562.143943757,-500.753514341,-2619.30409565,188.516466441,-562.143943757,-562.143943757,-6.95609175283,188.516466441,-1.8460938499e-15,207.252051936,75.0880336761,207.229066461,-75.1110187826,188.495559215,6.03961325396e-14,0,-78.7167620548,20.6577061823,-218.594995969,-4.69602342649
0.0382,-782.52451887,-782.52451887,-707.18664495,-782.52451887,-2606.25746292,-2896.1449165,-9.68312904995,188.51661716,94.25830858,188.516824389,-782.52451887,-698.145171098,-2571.47128627,188.51661716,-782.52451887,-782.52451887,-9.68312904995,188.51661716,-7.09222917367e-16,207.252217634,72.6162458658,207.229066461,-72.6393966821,188.495559215,5.86197757002e-14,0,-77.4151067836,26.4811577259,-217.90666598,-4.52977920484
0.0384,-998.458633569,-998.458633569,-902.561247713,-998.458633569,-2542.98017647,-2828.97160768,-12.3551448762,188.516762913,94.2583814566,188.516970142,-998.458633569,-891.052652979,-2508.6615916,188.516762913,-998.458633569,-998.458633569,-12.3551448762,188.516762913,-2.98295597962e-15,207.252377873,70.2219058275,207.22906649,-70.2452168856,188.495559215,6.03961325396e-14,0,-75.7026010681,32.2398878527,-217.173175168,-4.36906052619
0.0386,-1208.71930714,-1208.71930714,-1092.29518574,-1208.71930714,-2464.98673696,-2745.72351786,-14.9569563047,188.516903875,94.2584519374,188.517111104,-1208.71930714,-1078.32340822,-2431.29877813,188.516903875,-1208.71930714,-1208.71930714,-14.9569563047,188.516903875,-7.09215533016e-16,207.252532844,67.9204157293,207.229066461,-67.943881778,188.495559215,6.03961325396e-14,0,-73.5792367137,37.9070998269,-216.395790464,-4.21488861108
0.0388,-1412.1117965,-1412.1117965,-1275.26854038,-1412.1117965,-2372.7874905,-2646.8736793,-17.4737793239,188.517040249,94.2585201246,188.517247478,-1412.1117965,-1258.84649708,-2339.8976693,188.517040249,-1412.1117965,-1412.1117965,-17.4737793239,188.517040249,-7.09214114587e-16,207.252682772,65.7266303003,207.22906649,-65.750246307,188.495559215,5.68434188608e-14,0,-71.0464183129,43.4552481617,-215.576033515,-4.06825220323
0.039,-1607.48038494,-1607.48038494,-1450.40942724,-1607.48038494,-2266.97965936,-2532.98377651,-19.8913128433,188.517172271,94.2585861355,188.5173795,-1607.48038494,-1431.56009503,-2235.05975158,188.517172271,-1607.48038494,-1607.48038494,-19.8913128433,188.517172271,-2.98294717686e-15,207.252827915,63.6547606587,207.22906649,-63.6785217855,188.495559215,6.03961325396e-14,0,-68.1071370212,48.8560589099,-214.715671637,-3.93010174539
0.0392,-1793.71494917,-1793.71494917,-1616.7009666,-1793.71494917,-2148.24251225,-2404.70095461,-22.1958199553,188.517300203,94.2586501014,188.517507432,-1793.71494917,-1595.45851149,-2117.46814813,188.517300203,-1793.71494917,-1793.71494917,-22.1958199553,188.517300203,-5.25667569167e-15,207.252968561,61.718283087,207.229066518,-61.7421848664,188.495559215,5.68434188608e-14,0,-64.7661547451,54.0805815684,-213.81670739,-3.80134374867
0.0394,-1969.75726726,-1969.75726726,-1773.18769796,-1969.75726726,-2017.33192566,-2262.75414221,-24.3742059907,188.517424334,94.2587121668,188.517631563,-1969.75726726,-1749.59861728,-1987.88196887,188.517424334,-1969.75726726,-1969.75726726,-24.3742059907,188.517424334,-2.98293069763e-15,207.253105028,59.9298541546,207.229066461,-59.9538923495,188.495559215,5.3290705182e-14,0,-61.0301934301,59.0992749776,-212.881366843,-3.68283538446
0.0396,-2134.60703163,-2134.60703163,-1918.98142941,-2134.60703163,-1875.07444853,-2107.9499094,-26.4140929255,188.517544977,94.2587724887,188.517752207,-2134.60703163,-1893.10567424,-1847.13015982,188.517544977,-2134.60703163,-2134.60703163,-26.4140929255,188.517544977,-5.25665921247e-15,207.253237662,58.3012316823,207.229066518,-58.3254025382,188.495559215,5.3290705182e-14,0,-56.9081237766,63.8821287703,-211.912086587,-3.57537933575
0.0398,-2287.32753303,-2287.32753303,-2053.26643239,-2287.32753303,-1722.36089651,-1941.16788471,-28.3038897152,188.517662472,94.2588312359,188.517869701,-2287.32753303,-2025.17847138,-1696.10487871,188.517662472,-2287.32753303,-2287.32753303,-28.3038897152,188.517662472,-7.09179737767e-16,207.253366834,56.8432036042,207.229066461,-56.8675036487,188.495559215,5.3290705182e-14,0,-52.4111474287,68.3988209799,-210.911499579,-3.47971893497
0.04,-2427.05098312,-2427.05098312,-2175.30399635,-2427.05098312,-1560.1395904,-1763.35575688,-30.0328581576,188.517777175,94.2588885873,188.517984404,-2427.05098312,-2145.09378731,-1535.75452185,188.517777175,-2427.05098312,-2427.05098312,-30.0328581576,188.517777175,-5.25664728081e-15,207.253492936,55.565523684,207.229066461,-55.5899498131,188.495559215,4.97379915032e-14,0,-47.5529665904,72.618911509,-209.882419889,-3.39653362187
0.0402,-2552.98344538,-2552.98344538,-2284.43626702,-2552.98344538,-1389.40927821,-1575.52388988,-31.591173909,188.517889463,94.2589447314,188.518096692,-2552.98344538,-2252.21009742,-1367.07644295,188.517889463,-2552.98344538,-2552.98344538,-31.591173909,188.517889463,-5.25663676752e-15,207.253616384,54.476855427,207.229066461,-54.5014050014,188.495559215,5.3290705182e-14,0,-42.3499350362,76.5120701595,-208.827826455,-3.32643474546
0.0404,-2664.40934644,-2664.40934644,-2380.08940675,-2664.40934644,-1211.21185163,-1378.73958186,-32.9699823084,188.51799973,94.2589998648,188.518206959,-2664.40934644,-2345.97057214,-1191.10948458,188.51799973,-2664.40934644,-2664.40934644,-32.9699823084,188.51799973,3.83831166853e-15,207.25373761,53.5847244263,207.229066461,-53.6093952076,188.495559215,4.97379915032e-14,0,-36.8211846845,80.0483370182,-207.750845918,-3.26996173991
0.0406,-2760.6955421,-2760.6955421,-2461.77601549,-2760.6955421,-1026.62490488,-1174.12100051,-34.1614486916,188.518108383,94.2590541915,188.518315612,-2760.6955421,-2425.90530044,-1008.92637179,188.518108383,-2760.6955421,-2760.6955421,-34.1614486916,188.518108383,-5.25663393087e-15,207.253857061,52.895478785,207.22906649,-52.9202690386,188.495559215,4.61852778244e-14,0,-30.9887222117,83.1984120301,-206.654734659,-3.22757869446
0.0408,-2841.29491498,-2841.29491498,-2529.09687347,-2841.29491498,-836.754237679,-962.830829422,-35.1588029089,188.518215842,94.2591079209,188.518423071,-2841.29491498,-2491.63280996,-821.626077878,188.518215842,-2841.29491498,-2841.29491498,-35.1588029089,188.518215842,-7.09154456221e-16,207.2539752,52.4142584205,207.22906649,-52.4391668533,188.495559215,4.61852778244e-14,0,-24.8774906643,85.9339697715,-205.542860111,-3.19967134281
0.041,-2905.74948339,-2905.74948339,-2581.74195894,-2905.74948339,-642.726354037,-746.069661495,-35.9563777945,188.518322535,94.2591612675,188.518529764,-2905.74948339,-2542.86083382,-630.326215878,188.518322535,-2905.74948339,-2905.74948339,-35.9563777945,188.518322535,-7.09153037913e-16,207.254092497,52.1449727416,207.229066433,-52.169998404,188.495559215,4.61852778244e-14,0,-18.5153916119,88.2279946015,-204.418681487,-3.18654448787
0.0412,-2953.69300359,-2953.69300359,-2619.49082232,-2953.69300359,-445.681044366,-525.069176926,-36.5496413691,188.518428897,94.2592144487,188.518636127,-2953.69300359,-2579.38641737,-436.15554912,188.518428897,-2953.69300359,-2953.69300359,-36.5496413691,188.518428897,-5.256620581e-15,207.25420943,52.0902862847,207.229066461,-52.1154289422,188.495559215,4.61852778244e-14,0,-11.9332641061,90.0551307186,-203.285730002,-3.18841988212
0.0414,-2984.85305094,-2984.85305094,-2642.21228346,-2984.85305094,-246.764102465,-301.085144554,-36.9352225904,188.518535369,94.2592676844,188.518742598,-2984.85305094,-2601.09532938,-240.246674119,188.518535369,-2984.85305094,-2984.85305094,-36.9352225904,188.518535369,-5.25661006777e-15,207.254326483,52.251613915,207.229066461,-52.2768735715,188.495559215,4.61852778244e-14,0,-5.16481752054,91.3920410179,-202.14758873,-3.20543457467
0.0416,-2999.05256785,-2999.05256785,-2649.86354967,-2999.05256785,-47.1202460917,-75.3902863299,-37.1109305093,188.51864239,94.259321195,188.518849619,-2999.05256785,-2607.96088853,-43.7289478764,188.51864239,-2999.05256785,-2999.05256785,-37.1109305093,188.51864239,-7.09130593168e-16,207.25444414,52.629122287,207.22906649,-52.6544996443,188.495559215,4.26325641456e-14,0,1.75348374741,92.2177682313,-201.007872181,-3.23763973988
0.0418,-2996.21086982,-2996.21086982,-2642.48873257,-2996.21086982,152.113710664,150.732954539,-37.0757667181,188.518750401,94.2593752005,188.51895763,-2996.21086982,-2600.04218149,152.27829123,188.518750401,-2996.21086982,-2996.21086982,-37.0757667181,188.518750401,8.38580874788e-15,207.254562886,53.2217408121,207.229066433,-53.2472368449,188.495559215,3.90798504668e-14,0,8.78258476557,92.5140914631,-199.870205745,-3.28499999342
0.042,-2976.34410394,-2976.34410394,-2620.21687261,-2976.34410394,349.815386417,375.999700693,-36.8299310246,188.518859839,94.2594299193,188.519067068,-2976.34410394,-2577.48179542,346.672161514,188.518859839,-2976.34410394,-2976.34410394,-36.8299310246,188.518859839,-5.2566149079e-15,207.2546832,54.0271782279,207.22906649,-54.0527946218,188.495559215,4.26325641456e-14,0,15.8810537877,92.2658711016,-198.738205091,-3.34739320471
0.0422,-2939.56515715,-2939.56515715,-2583.25945764,-2939.56515715,544.883020388,599.129941543,-36.3748203163,188.518971134,94.2594855669,188.519178363,-2939.56515715,-2540.50304977,538.372292313,188.518971134,-2939.56515715,-2939.56515715,-36.3748203163,188.518971134,-7.0913543329e-16,207.254805556,55.0419477224,207.22906649,-55.0676865072,188.495559215,3.90798504668e-14,0,23.0053442098,91.4613750201,-197.615455659,-3.42461080633
0.0424,-2886.08301476,-2886.08301476,-2531.90755025,-2886.08301476,736.241296008,818.855806552,-35.7130206229,188.519084709,94.2595423543,188.519291938,-2886.08301476,-2489.40685583,726.326473632,188.519084709,-2886.08301476,-2886.08301476,-35.7130206229,188.519084709,-7.0913401502e-16,207.254930418,56.2613972723,207.229066461,-56.2872608926,188.495559215,3.90798504668e-14,0,30.1101027345,90.0925791491,-196.505492344,-3.51635860329
0.0426,-2816.20157296,-2816.20157296,-2466.52851505,-2816.20157296,922.846764461,1033.92876952,-34.8482924223,188.519200975,94.2596004875,188.519408204,-2816.20157296,-2424.56819388,909.515865988,188.519200975,-2816.20157296,-2816.20157296,-34.8482924223,188.519200975,-5.25660155815e-15,207.25505824,57.6797463,207.229066461,-57.7057377324,188.495559215,3.90798504668e-14,0,37.1485207001,88.1554357451,-195.411779507,-3.62225807723
0.0428,-2730.31791206,-2730.31791206,-2387.56246067,-2730.31791206,1103.69286885,1243.12674298,-33.7855492727,188.519320332,94.259660166,188.519527561,-2730.31791206,-2346.43233538,1086.95977615,188.519320332,-2730.31791206,-2730.31791206,-33.7855492727,188.519320332,-5.25659104496e-15,207.255189459,59.290128082,207.229066461,-59.3162506942,188.495559215,3.5527136788e-14,0,44.0727245718,85.6501031476,-194.337691398,-3.7418481823
0.043,-2628.92004013,-2628.92004013,-2295.51838943,-2628.92004013,1277.8145399,1445.26102231,-32.5308298926,188.519443163,94.2597215817,188.519650393,-2628.92004013,-2255.51080135,1257.71997104,188.519443163,-2628.92004013,-2628.92004013,-32.5308298926,188.519443163,-5.25658053179e-15,207.255324498,61.0846365094,207.22906649,-61.1108942039,188.495559215,3.19744231092e-14,0,50.8342006858,82.5811313511,-193.286493132,-3.87458762237
0.0432,-2512.58412013,-2512.58412013,-2190.97016364,-2512.58412013,1444.29238645,1639.1830402,-31.0912638479,188.519569836,94.2597849179,188.519777065,-2512.58412013,-2152.37717748,1420.9045605,188.519569836,-2512.58412013,-2512.58412013,-31.0912638479,188.519569836,-7.09101057239e-16,207.25546376,63.0543779433,207.22906649,-63.0807748923,188.495559215,3.5527136788e-14,0,57.3842485392,78.9575984508,-192.261322295,-4.01985760026
0.0434,-2381.97119594,-2381.97119594,-2074.55228048,-2381.97119594,1602.25645704,1823.79089308,-29.47503104,188.519700697,94.2598503485,188.519907926,-2381.97119594,-2037.66277472,1575.67142719,188.519700697,-2381.97119594,-2381.97119594,-29.47503104,188.519700697,3.83836932236e-15,207.255607626,65.1895261109,207.229066461,-65.2160669092,188.495559215,3.19744231092e-14,0,63.6744562,74.793193802,-191.265171309,-4.17696502338
0.0436,-2237.82343627,-2237.82343627,-1946.9555538,-2237.82343627,1750.88961592,1998.0356023,-27.691315226,188.519836073,94.2599180367,188.520043303,-2237.82343627,-1912.05224378,1721.23125628,188.519836073,-2237.82343627,-2237.82343627,-27.691315226,188.519836073,-7.09107315769e-16,207.255756457,67.479380995,207.229066433,-67.5060706364,188.495559215,3.5527136788e-14,0,69.6571908478,70.1062446782,-190.300870636,-4.34514615053
0.0438,-2080.95991744,-2080.95991744,-1808.9226913,-2080.95991744,1889.43051297,2160.92707466,-25.7502518351,188.519976269,94.2599881346,188.520183498,-2080.95991744,-1776.2791276,1856.85014653,188.519976269,-2080.95991744,-2080.95991744,-25.7502518351,188.519976269,-5.25657485895e-15,207.255910586,69.9124305546,207.229066461,-69.9392743152,188.495559215,3.19744231092e-14,0,75.2860969906,64.9196841715,-189.37107293,-4.52357065939
0.044,-1912.27196925,-1912.27196925,-1661.24385137,-1912.27196925,2017.17620697,2311.53972833,-23.6628703766,188.520121564,94.260060782,188.520328793,-1912.27196925,-1631.12144343,1981.85187327,188.520121564,-1912.27196925,-1912.27196925,-23.6628703766,188.520121564,-2.98282986511e-15,207.256070321,72.4764146507,207.229066461,-72.5034181729,188.495559215,2.84217094304e-14,0,80.516594628,59.2609591603,-188.478238205,-4.71134611384
0.0442,-1732.71811027,-1732.71811027,-1504.75216277,-1732.71811027,2133.48442247,2449.01775215,-21.4410317684,188.520272212,94.2601361058,188.520479441,-1732.71811027,-1477.39727275,2095.61978496,188.520272212,-1732.71811027,-1732.71811027,-21.4410317684,188.520272212,-7.09089418763e-16,207.256235941,75.1583915055,207.22906649,-75.1855606401,188.495559215,2.48689957516e-14,0,85.3063694586,53.161878227,-187.624620127,-4.90752280607
0.0444,-1543.31860134,-1543.31860134,-1340.31927496,-1543.31860134,2237.77551119,2572.57996858,-19.0973609407,188.520428439,94.2602142197,188.520635669,-1543.31860134,-1315.96043118,2197.5984164,188.520428439,-1543.31860134,-1543.31860134,-19.0973609407,188.520428439,-2.98282248128e-15,207.256407695,77.9448054433,207.229066461,-77.9721463152,188.495559215,2.84217094304e-14,0,89.6158472752,46.6584005359,-186.812253484,-5.11109894769
0.0446,-1345.14964827,-1345.14964827,-1168.85091708,-1345.14964827,2329.53409567,2681.52427245,-16.6451750986,188.520590446,94.260295223,188.520797675,-1345.14964827,-1147.69619024,2287.29479697,188.520590446,-1345.14964827,-1345.14964827,-16.6451750986,188.520590446,1.56465244575e-15,207.256585802,80.8215563595,207.22906649,-80.8490753545,188.495559215,2.48689957516e-14,0,93.4086448264,39.7903677454,-186.042942921,-5.32102618061
0.0448,-1139.33728657,-1139.33728657,-991.282515257,-1139.33728657,2408.31047295,2775.2316205,-14.0984080512,188.520758401,94.2603792003,188.52096563,-1139.33728657,-973.517102524,2364.27954402,188.520758401,-1139.33728657,-1139.33728657,-14.0984080512,188.520758401,-7.09085164248e-16,207.256770449,83.7740704119,207.229066461,-83.8017740268,188.495559215,2.84217094304e-14,0,96.6519897907,32.6011821104,-185.318252982,-5.53621537757
0.045,-927.050983125,-927.050983125,-808.574842164,-927.050983125,2473.72175042,2853.16954889,-11.471531037,188.520932443,94.2604662215,188.521139672,-927.050983125,-794.358897054,2428.18771295,188.520932443,-927.050983125,-927.050983125,-11.471531037,188.520932443,-7.0908374608e-16,207.256961789,86.7873712182,207.229066461,-86.8152661997,188.495559215,2.48689957516e-14,0,99.3171029443,25.1374349116,-184.63949954,-5.75554269956
0.0452,-709.496991071,-709.496991071,-621.709730652,-709.496991071,2525.45279373,2914.89519874,-8.77947049507,188.521112681,94.2605563406,188.52131991,-709.496991071,-611.176475956,2478.71949575,188.521112681,-709.496991071,-709.496991071,-8.77947049507,188.521112681,-1.84594956826e-15,207.25715994,89.8461524248,207.229066461,-89.8742455725,188.495559215,2.13162820728e-14,0,101.379536262,17.4484902909,-184.007742629,-5.97785587649
0.0454,-487.911495585,-487.911495585,-431.68582332,-487.911495585,2563.25695055,2960.05783262,-6.03752325047,188.521299192,94.2606495962,188.521506422,-487.911495585,-424.939976482,2515.64072967,188.521299192,-487.911495585,-487.911495585,-6.03752325047,188.521299192,-7.09078636018e-16,207.257364987,92.9348503053,207.229066433,-92.9631485047,188.495559215,1.7763568394e-14,0,102.819461389,9.58603038552,-183.423780754,-6.20198067528
0.0456,-263.553589652,-263.553589652,-239.514373309,-263.553589652,2586.95662797,2988.40082743,-3.26126959441,188.521492022,94.2607460108,188.521699251,-263.553589652,-236.630910811,2538.78330479,188.521492022,-263.553589652,-263.553589652,-3.26126959441,188.521492022,-1.40643597688e-16,207.257576981,96.037717104,207.229066518,-96.0662273167,188.495559215,2.13162820728e-14,0,103.621903834,1.60356838058,-182.888146672,-6.42672751914
0.0458,-37.69811965,-37.69811965,-46.2150691848,-37.6981196499,2596.4436773,2999.76313261,-0.466484753952,188.521691181,94.2608455907,188.52189841,-37.69811965,-47.2383484519,2548.04541999,188.521691181,-37.69811965,-37.69811965,-0.466484753952,188.521691181,1.46508864279e-18,207.257795934,99.1388947964,207.229066518,-99.1676239716,188.495559215,1.7763568394e-14,0,103.776919103,-6.44406332667,-182.401104702,-6.6508982201
0.046,188.371558588,188.371558588,147.188114851,188.371558588,2591.67965831,2994.08018528,2.33095074592,188.521896652,94.2609483261,188.522103881,188.371558588,142.244862246,2543.39176909,188.521896652,188.371558588,188.371558588,2.33095074592,188.521896652,1.43573490756e-16,207.258021825,102.222489059,207.22906649,-102.251444057,188.495559215,2.13162820728e-14,0,103.279708114,-14.5012422042,-181.962649536,-6.87329278645
0.0462,413.370872054,413.370872054,339.671066038,413.370872054,2572.69592581,2971.38427709,5.11514131869,188.522108382,94.261054191,188.522315611,413.370872054,330.825863748,2524.85359381,188.522108382,413.370872054,413.370872054,5.11514131869,188.522108382,7.12006823784e-16,207.258254598,105.272643209,207.229066461,-105.301831008,188.495559215,1.7763568394e-14,0,102.130670206,-22.5120939733,-181.572506607,-7.09271626623
0.0464,636.021329766,636.021329766,530.213686937,636.021329766,2539.59360243,2931.8043707,7.87026663811,188.522326286,94.2611631431,188.522533515,636.021329766,517.515565773,2492.52867529,188.522326286,636.021329766,636.021329766,7.87026663811,188.522326286,1.84887264012e-15,207.258494158,108.273613155,207.229066461,-108.303040501,188.495559215,1.42108547152e-14,0,100.335393252,-30.4210322357,-181.230133957,-7.30798558699
0.0466,855.05778741,855.05778741,717.804070425,855.05778741,2492.54337018,2875.56536705,10.5806715325,188.522550249,94.2612751245,188.522757478,855.05778741,701.332449531,2446.58118864,188.522550249,855.05778741,855.05778741,10.5806715325,188.522550249,-4.24865538319e-16,207.258740379,111.209841371,207.22906649,-111.239514961,188.495559215,1.7763568394e-14,0,97.9045814134,-38.1732912929,-180.934725637,-7.51793635302
0.0468,1069.23563614,1069.23563614,901.442712391,1069.23563614,2431.7851352,2802.98682737,13.2309549407,188.522780122,94.2613900612,188.522987351,1069.23563614,881.306423294,2387.24148072,188.522780122,1069.23563614,1069.23563614,13.2309549407,188.522780122,2.98573703246e-15,207.258993098,114.066031843,207.22906649,-114.095958102,188.495559215,1.42108547152e-14,0,94.8539222476,-45.7154442945,-180.685216581,-7.72142955989
0.047,1277.3378747,1277.3378747,1080.14676449,1277.3378747,2357.62748943,2714.4811574,15.8060574236,188.523015728,94.2615078638,188.523222957,1277.3378747,1056.48273682,2314.80568522,188.523015728,1277.3378747,1277.3378747,15.8060574236,188.523015728,7.11996580292e-16,207.259252119,116.827224076,207.22906649,-116.8574094,188.495559215,1.06581410364e-14,0,91.2038958502,-52.9958991846,-180.48028896,-7.91735818814
0.0472,1478.18202464,1478.18202464,1252.95434696,1478.18202464,2270.4470142,2610.55126401,18.2913467353,188.523256856,94.2616284282,188.523464085,1478.18202464,1225.92598188,2229.63522381,188.523256856,1478.18202464,1478.18202464,18.2913467353,188.523256856,7.11995156301e-16,207.259517212,119.478867948,207.229066518,-119.50931838,188.495559215,1.42108547152e-14,0,86.9795297878,-59.9653654011,-180.318379945,-8.10465363669
0.0474,1670.62684946,1670.62684946,1418.9289087,1670.62684946,2170.6873438,2491.78769759,20.672700966,188.52350327,94.2617516352,188.523710499,1670.62684946,1388.72416928,2132.15610028,188.52350327,1670.62684946,1670.62684946,20.672700966,188.52350327,7.11993732312e-16,207.259788116,122.006897241,207.229066461,-122.037618554,188.495559215,1.06581410364e-14,0,82.2101044136,-66.5772848944,-180.19769086,-8.28229195958
0.0476,1853.57883927,1853.57883927,1577.16365484,1853.57883927,2058.85802527,2358.86529641,22.9365887861,188.523754704,94.2618773519,188.523961933,1853.57883927,1543.99290956,2022.85802619,188.523754704,1853.57883927,1853.57883927,22.9365887861,188.523754704,2.98572678902e-15,207.260064538,124.397803098,207.22906649,-124.428800816,188.495559215,7.1054273576e-15,0,76.9288140227,-72.7882217781,-180.116197653,-8.44929986785
0.0478,2025.99842436,2025.99842436,1726.78601148,2025.99842436,1935.53309079,2212.53935207,25.0701463334,188.524010863,94.2620054317,188.524218093,2025.99842436,1690.87966787,1902.29328214,188.524010863,2025.99842436,2025.99842436,25.0701463334,188.524010863,2.98572081758e-15,207.260346156,126.638706684,207.22906649,-126.669986062,188.495559215,1.06581410364e-14,0,71.1723899483,-78.5582057559,-180.071662637,-8.60476046288
0.048,2186.90588226,2186.90588226,1866.96214549,2186.90588226,1801.34937247,2053.64131779,27.0612503082,188.524271431,94.2621357155,188.52447866,2186.90588226,1828.56811731,1771.07534524,188.524271431,2186.90588226,2186.90588226,27.0612503082,188.524271431,7.53318380754e-15,207.26063262,128.717430919,207.229066433,-128.74899674,188.495559215,7.1054273576e-15,0,64.9806922987,-83.8510254126,-180.061647421,-8.74781866551
0.0482,2335.3869047,2335.3869047,1996.90149041,2335.3869047,1657.00447846,1883.07408387,28.8985868606,188.524536064,94.2622680318,188.524743293,2335.3869047,1956.28253994,1629.87718943,188.524536064,2335.3869047,2335.3869047,28.8985868606,188.524536064,2.98569977979e-15,207.260923553,130.622570246,207.229066461,-130.654427008,188.495559215,3.5527136788e-15,0,58.3962774111,-88.6344684344,-180.083526974,-8.8776863103
0.0484,2470.59779289,2470.59779289,2115.8612925,2470.59779289,1503.25445655,1701.80684738,30.5717158779,188.524804396,94.2624021982,188.525011625,2470.59779289,2073.29229488,1479.42928422,188.524804396,2470.59779289,2470.59779289,30.5717158779,188.524804396,2.98569380839e-15,207.261218554,132.343559295,207.229066518,-132.375711105,188.495559215,0,0,51.4639484041,-92.8805068818,-180.134504715,-8.99364687278
0.0486,2591.77025158,2591.77025158,2223.15110929,2591.77025158,1340.91107174,1510.86960491,32.0711303071,188.525076044,94.2625380218,188.525283273,2591.77025158,2178.91628146,1320.51720655,188.525076044,2591.77025158,2591.77025158,32.0711303071,188.525076044,7.53315679841e-15,207.261517198,133.870739132,207.229066461,-133.903189537,188.495559215,3.5527136788e-15,0,44.2302962831,-96.5654266758,-180.211628571,-9.09505980309
0.0488,2698.2157547,2698.2157547,2318.13727056,2698.2157547,1170.83872312,1311.34729995,33.3883101764,188.525350601,94.2626753005,188.52555783,2698.2157547,2272.52741154,1153.97888994,188.525350601,2698.2157547,2698.2157547,33.3883101764,188.525350601,2.98567277071e-15,207.261819042,135.195420355,207.229066461,-135.228172567,188.495559215,0,0,36.7432390453,-99.6699015404,-180.311807891,-9.18136443763
0.049,2789.32945766,2789.32945766,2400.24721698,2789.32945766,993.95093915,1104.37365805,34.515771007,188.525627647,94.2628138236,188.525834876,2789.32945766,2353.55699948,980.70143903,188.525627647,2789.32945766,2789.32945766,34.515771007,188.525627647,2.98566679937e-15,207.262123623,136.309943706,207.22906649,-136.343000551,188.495559215,3.5527136788e-15,0,29.0515660023,-102.179012649,-180.431831125,-9.25208346713
0.0492,2864.59363424,2864.59363424,2468.97372275,2864.59363424,811.206478734,891.124744731,35.4471063415,188.525906747,94.2629533735,188.526113976,2864.59363424,2421.49907892,801.617535801,188.525906747,2864.59363424,2864.59363424,35.4471063415,188.525906747,7.53312978944e-15,207.262430461,137.20773682,207.229066461,-137.241100518,188.495559215,0,0,21.2044942245,-104.082216237,-180.568384174,-9.30682593737
0.0494,2923.58061836,2923.58061836,2523.87890348,2923.58061836,623.604994008,672.812282848,36.1770241469,188.526187452,94.2630937261,188.526394681,2923.58061836,2475.91453868,617.701383826,188.526187452,2923.58061836,2923.58061836,36.1770241469,188.526187452,2.9856457618e-15,207.262739063,137.883366257,207.22906649,-137.917038487,188.495559215,-3.5527136788e-15,0,13.2512435051,-105.37326233,-180.718069292,-9.34528976614
0.0496,2965.95523421,2965.95523421,2564.59801359,2965.95523421,432.18228693,450.676767362,36.7013768846,188.526469305,94.2632346526,188.526676534,2965.95523421,2516.43508423,429.964221879,188.526469305,2965.95523421,2965.95523421,36.7013768846,188.526469305,-1.56182917088e-15,207.263048928,138.332584739,207.22906649,-138.366566878,188.495559215,-7.1054273576e-15,0,5.24063565813,-106.050068599,-180.877424446,-9.36726375796
0.0498,2991.47670078,2991.47670078,2590.84292483,2991.47670078,238.005135992,225.980416584,37.0171850776,188.526751841,94.2633759204,188.52695907,2991.47670078,2542.76690506,239.449375696,188.526751841,2991.47670078,2991.47670078,37.0171850776,188.526751841,7.53311187557e-15,207.263359544,138.552373677,207.22906649,-138.586666468,188.495559215,-3.5527136788e-15,0,-2.77927676905,-106.114554045,-181.042943019,-9.37262910598
0.05,3000,3000,2602.40529052,3000,42.1657314303,6.3471530097e-11,37.1226542409,188.527034589,94.2635172946,188.527241818,3000,2554.69405452,47.2268860712,188.527034589,3000,3000,37.1226542409,188.527034589,7.53309680936e-15,207.263670393,138.54097867,207.22906649,-138.575582263,188.495559215,-7.1054273576e-15,0,-10.7615480826,-105.572437849,-181.211093739,-9.36136036799
0.0502,2991.47670078,2991.47670078,2599.15928261,2991.47670078,-154.22428199,-225.980416584,37.0171850776,188.527317078,94.2636585389,188.527524307,2991.47670078,2552.08141636,-145.612292642,188.527317078,2991.47670078,2991.47670078,37.0171850776,188.527317078,2.98561278178e-15,207.263980956,138.297938555,207.22906649,-138.332852742,188.495559215,-3.5527136788e-15,0,-18.6606399368,-104.433009184,-181.37834073,-9.33352591233
0.0504,2965.95523421,2965.95523421,2581.06390968,2965.95523421,-350.040109153,-450.676767362,36.7013768846,188.527598835,94.2637994175,188.527806064,2965.95523421,2534.87726793,-337.962477662,188.527598835,2965.95523421,2965.95523421,36.7013768846,188.527598835,2.98560681057e-15,207.264290716,137.824107915,207.22906649,-137.85933187,188.495559215,-7.1054273576e-15,0,-26.4326822705,-102.708874114,-181.541163564,-9.28928782621
0.0506,2923.58061836,2923.58061836,2548.16480387,2923.58061836,-544.150433023,-672.812282848,36.1770241469,188.527879392,94.263939696,188.528086621,2923.58061836,2503.11531456,-528.709806056,188.527879392,2923.58061836,2923.58061836,36.1770241469,188.527879392,7.53306980075e-15,207.264599156,137.121671051,207.22906649,-137.157203425,188.495559215,-3.5527136788e-15,0,-34.0356931924,-100.415685909,-181.69607721,-9.22890128886
0.0508,2864.59363424,2864.59363424,2500.59549212,2864.59363424,-735.424315232,-891.124744731,35.4471063415,188.528158286,94.2640791428,188.528365515,2864.59363424,2456.91621222,-716.739092829,188.528158286,2864.59363424,2864.59363424,35.4471063415,188.528158286,2.98558577323e-15,207.264905767,136.194148123,207.229066461,-136.2299871,188.495559215,-7.1054273576e-15,0,-41.4297572931,-97.5718651279,-181.839651745,-9.15271340773
0.051,2789.32945766,2789.32945766,2438.57804593,2789.32945766,-922.738323032,-1104.37365805,34.515771007,188.528435062,94.2642175308,188.528642291,2789.32945766,2396.48845944,-900.940952449,188.528435062,2789.32945766,2789.32945766,34.515771007,188.528435062,2.98557980207e-15,207.26521005,135.046392769,207.22906649,-135.082536034,188.495559215,-1.06581410364e-14,0,-48.5771628248,-94.1983157125,-181.968531754,-9.06116152669
0.0512,2698.2157547,2698.2157547,2362.42313568,2698.2157547,-1104.98382556,-1311.34729995,33.3883101764,188.528709277,94.2643546385,188.528916506,2698.2157547,2322.12868671,-1080.21912482,188.528709277,2698.2157547,2698.2157547,33.3883101764,188.528709277,7.53304279231e-15,207.265511518,133.684580684,207.229066461,-133.721025367,188.495559215,-1.42108547152e-14,0,-55.4424991127,-90.3181431019,-182.079455262,-8.9547710104
0.0514,2591.77025158,2591.77025158,2272.52939545,2591.77025158,-1281.07439261,-1510.86960491,32.0711303071,188.528980502,94.2644902511,188.529187731,2591.77025158,2234.22123662,-1253.49793565,188.528980502,2591.77025158,2591.77025158,32.0711303071,188.528980502,7.53302772624e-15,207.265809699,132.116188705,207.229066518,-132.152931628,188.495559215,-1.06581410364e-14,0,-61.992716429,-85.9563799605,-182.16927214,-8.83415252022
0.0516,2470.59779289,2470.59779289,2169.38213745,2470.59779289,-1449.95323664,-1701.80684738,30.5717158779,188.529248325,94.2646241624,188.529455554,2470.59779289,2133.23707716,-1419.72982967,188.529248325,2470.59779289,2470.59779289,30.5717158779,188.529248325,7.5330126602e-15,207.266104139,130.349965364,207.229066461,-130.387002709,188.495559215,-1.42108547152e-14,0,-68.1971513549,-81.1397246339,-182.234961835,-8.69999879135
0.0518,2335.3869047,2335.3869047,2053.5513387,2335.3869047,-1610.60061371,-1883.07408387,28.8985868606,188.529512351,94.2647561756,188.52971958,2335.3869047,2019.73195911,-1577.90288653,188.529512351,2335.3869047,2335.3869047,28.8985868606,188.529512351,2.98552863279e-15,207.266394405,128.395890832,207.229066461,-128.433218418,188.495559215,-1.7763568394e-14,0,-74.0275213445,-75.8962967888,-182.273650366,-8.55308093294
0.052,2186.90588226,2186.90588226,1925.68895387,2186.90588226,-1762.04112551,-2053.64131779,27.0612503082,188.529772209,94.2648861047,188.529979438,2186.90588226,1894.34387596,-1727.04825937,188.529772209,2186.90588226,2186.90588226,27.0612503082,188.529772209,2.98552266174e-15,207.266680089,126.265128255,207.22906649,-126.302741576,188.495559215,-1.42108547152e-14,0,-79.457892803,-70.2554140126,-182.28262646,-8.39424426636
0.0522,2025.99842436,2025.99842436,1786.525497,2025.99842436,-1903.35082514,-2212.53935207,25.0701463334,188.530027551,94.2650137757,188.53023478,2025.99842436,1757.78975929,-1866.24743094,188.530027551,2025.99842436,2025.99842436,25.0701463334,188.530027551,2.9855166907e-15,207.266960808,123.969965875,207.229066461,-124.00785985,188.495559215,-1.7763568394e-14,0,-84.4646274381,-64.2473923176,-182.25935675,-8.22440372884
0.0524,1853.57883927,1853.57883927,1636.86596186,1853.57883927,-2033.66407471,-2358.86529641,22.9365887861,188.530278055,94.2651390276,188.530485284,1853.57883927,1610.86148489,-1994.63923326,188.530278055,1853.57883927,1853.57883927,22.9365887861,188.530278055,7.11776238977e-16,207.267236208,121.523749053,207.22906649,-121.561918502,188.495559215,-2.13162820728e-14,0,-89.0263119949,-57.9033726804,-182.20149995,-8.04453886303
0.0526,1670.62684946,1670.62684946,1477.58504582,1670.62684946,-2152.18004959,-2491.78769759,20.672700966,188.530523427,94.2652617136,188.530730656,1670.62684946,1454.42114687,-2111.42651677,188.530523427,1670.62684946,1670.62684946,20.672700966,188.530523427,2.98550929612e-15,207.267505966,118.940805286,207.229066461,-118.979244462,188.495559215,-1.7763568394e-14,0,-93.1236766554,-51.2551748249,-182.106919934,-7.85568842485
0.0528,1478.18202465,1478.18202465,1309.62176208,1478.18202465,-2258.16884788,-2610.55126401,18.2913467353,188.530763404,94.2653817019,188.530970633,1478.18202465,1289.39569144,-2215.88242592,188.530763404,1478.18202465,1478.18202465,18.2913467353,188.530763404,7.11768844413e-16,207.267769793,116.236359119,207.229066433,-116.27506213,188.495559215,-2.13162820728e-14,0,-96.7395074543,-44.3351785933,-181.973697621,-7.6589446346
0.053,1277.3378747,1277.3378747,1133.97342827,1277.3378747,-2350.9770978,-2714.4811574,15.8060574236,188.530997754,94.2654988768,188.531204983,1277.3378747,1116.77089301,-2307.35616453,188.530997754,1277.3378747,1277.3378747,15.8060574236,188.530997754,-1.56196705982e-15,207.268027434,113.426440865,207.229066461,-113.465401537,188.495559215,-2.48689957516e-14,0,-99.8585579461,-37.1762323246,-181.800141636,-7.45544710847
0.0532,1069.23563614,1069.23563614,951.689129301,1069.23563614,-2430.03303642,-2802.98682737,13.2309549407,188.531226278,94.2656131392,188.531433507,1069.23563614,937.584778089,-2385.27822377,188.531226278,1069.23563614,1069.23563614,13.2309549407,188.531226278,2.98550502551e-15,207.26827867,110.527787566,207.22906649,-110.566999443,188.495559215,-2.13162820728e-14,0,-102.467465153,-29.8115868313,-181.584797658,-7.24637649912
0.0534,855.05778741,855.05778741,763.862664743,855.05778741,-2494.85095608,-2875.56536705,10.5806715326,188.531448815,94.2657244073,188.531656044,855.05778741,752.92050468,-2449.16495946,188.531448815,855.05778741,855.05778741,10.5806715326,188.531448815,1.84863181415e-15,207.268523323,107.557737708,207.229066461,-107.597194234,188.495559215,-2.48689957516e-14,0,-104.554674426,-22.2748527257,-181.326456419,-7.03294788657
0.0536,636.021329766,636.021329766,571.625088383,636.021329766,-2545.03501043,-2931.8043707,7.87026663811,188.531665235,94.2658326174,188.531872464,636.021329766,563.898812742,-2498.62251199,188.531665235,636.021329766,636.021329766,7.87026663811,188.531665235,1.84862811689e-15,207.268761252,104.534120888,207.229066461,-104.573815345,188.495559215,-2.84217094304e-14,0,-106.110377401,-14.5999781383,-181.024160304,-6.81640395097
0.0538,413.370872054,413.370872054,376.136870464,413.370872054,-2580.28228526,-2971.38427709,5.11514131869,188.531875448,94.2659377242,188.532082677,413.370872054,371.670075791,-2533.34996438,188.531875448,413.370872054,413.370872054,5.11514131869,188.531875448,7.11757179291e-16,207.268992358,101.475142658,207.22906649,-101.515068245,188.495559215,-2.48689957516e-14,0,-107.126466594,-6.82124319596,-180.677208521,-6.59800797174
0.054,188.371558588,188.371558588,178.579795361,188.371558588,-2600.38514771,-2994.08018528,2.33095074593,188.532079402,94.2660397009,188.532286631,188.371558588,177.406074932,-2553.14175552,188.532079402,188.371558588,188.371558588,2.33095074593,188.532079402,4.27538945691e-16,207.269216581,98.399266094,207.229066461,-98.4394158477,188.495559215,-2.84217094304e-14,0,-107.596509519,1.02673289265,-180.285160805,-6.37903668674
0.0542,-37.6981196499,-37.6981196499,-19.8513578438,-37.69811965,-2605.23279171,-2999.76313261,-0.466484753948,188.53227708,94.2661385399,188.532484309,-37.6981196499,-17.7084562381,-2557.88925771,188.53227708,-37.6981196499,-37.6981196499,-0.466484753948,188.53227708,-6.98413270388e-17,207.269433905,95.3250903785,207.22906649,-95.3654574758,188.495559215,-3.19744231092e-14,0,-107.515744421,8.90897674173,-179.847839647,-6.16077305832
0.0544,-263.553589652,-263.553589652,-217.957239256,-263.553589652,-2594.81201691,-2988.40082743,-3.2612695944,188.532468505,94.2662342523,188.532675734,-263.553589652,-212.484394635,-2547.58156113,188.532468505,-263.553589652,-263.553589652,-3.2612695944,188.532468505,-8.51437415096e-16,207.269644354,92.2712287903,207.229066461,-92.3118063582,188.495559215,-2.84217094304e-14,0,-106.881098902,16.7901425568,-179.365331023,-5.94449898127
0.0546,-487.911495585,-487.911495585,-414.542396524,-487.911495585,-2569.20717463,-2960.05783262,-6.03752325046,188.532653737,94.2663268683,188.532860966,-487.911495585,-405.736836342,-2522.30539128,188.532653737,-487.911495585,-487.911495585,-6.03752325046,188.532653737,-2.83002092049e-16,207.269847995,89.2561856508,207.229066461,-89.2969668244,188.495559215,-3.19744231092e-14,0,-105.691231835,24.6344958174,-178.837983641,-5.73148798056
0.0548,-709.496991071,-709.496991071,-608.423680768,-709.496991071,-2528.59934193,-2914.89519874,-8.77947049506,188.532832874,94.2664164369,188.533040103,-709.496991071,-596.293636172,-2482.24422798,188.532832874,-709.496991071,-709.496991071,-8.77947049506,188.532832874,8.53865714304e-16,207.270044936,86.2982340753,207.229066461,-86.3392122041,188.495559215,-2.84217094304e-14,0,-103.946598104,32.4059039251,-178.266406687,-5.52299793459
0.055,-927.050983125,-927.050983125,-798.438522405,-927.050983125,-2473.26467486,-2853.16954889,-11.471531037,188.533006051,94.2665030254,188.53321328,-927.050983125,-783.003807325,-2427.67657079,188.533006051,-927.050983125,-927.050983125,-11.471531037,188.533006051,-2.83003233775e-16,207.270235324,83.4152960479,207.229066461,-83.4564646028,188.495559215,-3.19744231092e-14,0,-101.649534798,40.0678387598,-177.651466102,-5.32026387204
0.0552,-1139.33728657,-1139.33728657,-983.452981442,-1139.33728657,-2403.57202445,-2775.2316205,-14.0984080512,188.533173439,94.2665867194,188.533380668,-1139.33728657,-964.745679175,-2358.97344392,188.533173439,-1139.33728657,-1139.33728657,-14.0984080512,188.533173439,3.12759905328e-15,207.270419348,80.6248249412,207.22906649,-80.6661775193,188.495559215,-3.5527136788e-14,0,-98.8043666852,47.5833958095,-176.994279407,-5.12449087737
0.0554,-1345.14964827,-1345.14964827,-1162.36950184,-1345.14964827,-2319.97978429,-2681.52427245,-16.6451750986,188.533335243,94.2666676217,188.533542472,-1345.14964827,-1140.43473926,-2276.59510469,188.533335243,-1345.14964827,-1345.14964827,-16.6451750986,188.533335243,-3.69361064401e-15,207.270597233,77.9436919987,207.229066461,-77.9852224204,188.495559215,-3.90798504668e-14,0,-95.4175279478,54.9153341529,-176.296209106,-4.93684715263
0.0556,-1543.31860134,-1543.31860134,-1334.13429133,-1543.31860134,-2223.03207315,-2572.57996858,-19.0973609407,188.533491704,94.2667458522,188.533698933,-1543.31860134,-1309.03107616,-2181.08707001,188.533491704,-1543.31860134,-1543.31860134,-19.0973609407,188.533491704,-1.4198687761e-15,207.270769244,75.3880776465,207.22906649,-75.4297801428,188.495559215,-3.5527136788e-14,0,-91.4976964681,62.0261410474,-175.558854704,-4.75845726892
0.0558,-1732.71811027,-1732.71811027,-1497.74425815,-1732.71811027,-2113.35423794,-2449.01775215,-21.4410317684,188.533643094,94.2668215468,188.533850323,-1732.71811027,-1469.54635122,-2073.07544277,188.533643094,-1732.71811027,-1732.71811027,-21.4410317684,188.533643094,8.53868544337e-16,207.270935679,72.973369211,207.22906649,-73.0152381236,188.495559215,-3.90798504668e-14,0,-87.0559362932,68.8781242396,-174.784043396,-4.59039565367
0.056,-1912.27196925,-1912.27196925,-1652.25344746,-1912.27196925,-1991.64779627,-2311.53972833,-23.6628703766,188.533789713,94.2668948567,188.533996942,-1912.27196925,-1621.05023958,-1953.26166962,188.533789713,-1912.27196925,-1912.27196925,-23.6628703766,188.533789713,-5.96733660549e-15,207.271096871,70.7140640914,207.22906649,-70.7560941857,188.495559215,-3.5527136788e-14,0,-82.1058433924,75.4335343907,-173.97381946,-4.43368034459
0.0562,-2080.95991744,-2080.95991744,-1796.77891476,-2080.95991744,-1858.68481826,-2160.92707466,-25.7502518351,188.533931895,94.2669659474,188.534139124,-2080.95991744,-1762.67627447,-1822.41672735,188.533931895,-2080.95991744,-2080.95991744,-25.7502518351,188.533931895,8.53878771263e-16,207.271253183,68.6236813366,207.229066461,-68.6658677184,188.495559215,-3.90798504668e-14,0,-76.6636893782,81.6547191871,-173.130432445,-4.28926705402
0.0564,-2237.82343627,-2237.82343627,-1930.50600361,-2237.82343627,-1715.30187721,-1998.0356023,-27.691315226,188.534069995,94.2670349976,188.534277224,-2237.82343627,-1893.62706271,-1681.37488025,188.534069995,-2237.82343627,-2237.82343627,-27.691315226,188.534069995,8.53877063507e-16,207.271405008,66.7146805525,207.229066461,-66.757018793,188.495559215,-4.26325641456e-14,0,-70.7485576125,87.5043098431,-172.256324196,-4.15804357095
0.0566,-2381.97119594,-2381.97119594,-2052.69297403,-2381.97119594,-1562.39357999,-1823.79089308,-29.4750310399,188.534204396,94.2671021981,188.534411625,-2381.97119594,-2013.17881481,-1531.02701777,188.534204396,-2381.97119594,-2381.97119594,-29.4750310399,188.534204396,-3.69359360564e-15,207.271552766,64.9983898699,207.22906649,-65.0408758608,188.495559215,-4.61852778244e-14,0,-64.3824659357,92.9454397752,-171.354114801,-4.04082454141
0.0568,-2512.58412013,-2512.58412013,-2162.67497527,-2512.58412013,-1400.90581131,-1639.1830402,-31.0912638479,188.534335502,94.2671677509,188.534542731,-2512.58412013,-2120.6851868,-1372.31371914,188.534335502,-2512.58412013,-2512.58412013,-31.0912638479,188.534335502,8.53882742934e-16,207.271696902,63.4849422276,207.229066433,-63.5275723591,188.495559215,-4.26325641456e-14,0,-57.5904702951,97.9419943076,-170.426587543,-3.93834665016
0.057,-2628.92004013,-2628.92004013,-2259.86731992,-2628.92004013,-1231.82870987,-1445.26102231,-32.5308298926,188.534463735,94.2672318673,188.534670964,-2628.92004013,-2215.58038869,-1206.21806189,188.534463735,-2628.92004013,-2628.92004013,-32.5308298926,188.534463735,8.53881035171e-16,207.271837879,62.1832215488,207.229066461,-62.22599266,188.495559215,-4.61852778244e-14,0,-50.4007436531,102.45888932,-169.476672944,-3.85126424024
0.0572,-2730.31791205,-2730.31791205,-2343.76808021,-2730.31791205,-1056.18950912,-1243.12674298,-33.7855492727,188.534589535,94.2672947673,188.534796764,-2730.31791205,-2297.38158625,-1033.75831861,188.534589535,-2730.31791205,-2730.31791205,-33.7855492727,188.534589535,-3.69358963399e-15,207.271976181,61.1008180976,207.22906649,-61.1437274609,188.495559215,-4.26325641456e-14,0,-42.8446248873,106.462375862,-168.507431976,-3.78014538839
0.0574,-2816.20157296,-2816.20157296,-2413.95997425,-2816.20157296,-875.045263694,-1033.92876952,-34.8482924223,188.534713356,94.2673566779,188.534920585,-2816.20157296,-2365.69056293,-855.980562039,188.534713356,-2816.20157296,-2816.20157296,-34.8482924223,188.534713356,-3.69358224681e-15,207.272112308,60.2439933717,207.229066405,-60.2870388353,188.495559215,-4.61852778244e-14,0,-34.9566327805,109.920366876,-167.522038559,-3.72546846821
0.0576,-2886.08301476,-2886.08301476,-2470.11158885,-2886.08301476,-689.475586555,-818.855806552,-35.7130206228,188.534835664,94.2674178318,188.535042893,-2886.08301476,-2420.19469645,-673.951313788,188.534835664,-2886.08301476,-2886.08301476,-35.7130206228,188.534835664,-3.69357485966e-15,207.272246772,59.6176548302,207.229066461,-59.6608348204,188.495559215,-4.97379915032e-14,0,-26.7744408032,112.802781411,-166.523761432,-3.68761921352
0.0578,-2939.56515715,-2939.56515715,-2511.97791708,-2939.56515715,-500.575417492,-599.129941543,-36.3748203162,188.534956932,94.267478466,188.535164161,-2939.56515715,-2460.6672282,-488.750255588,188.534956932,-2939.56515715,-2939.56515715,-36.3748203162,188.534956932,-3.69356747251e-15,207.272380092,59.2253402472,207.229066461,-59.2686535535,188.495559215,-4.61852778244e-14,0,-18.3388090302,115.081900967,-165.515945497,-3.6668883083
0.058,-2976.34410394,-2976.34410394,-2539.40027988,-2976.34410394,-309.447934605,-375.999700693,-36.8299310246,188.535077641,94.2675388203,188.53528487,-2976.34410394,-2486.96690467,-301.463123467,188.535077641,-2976.34410394,-2976.34410394,-36.8299310246,188.535077641,-8.24102904678e-15,207.272512798,59.0692106485,207.229066461,-59.1126566333,188.495559215,-4.97379915032e-14,0,-9.69347035652,116.732732054,-164.501992752,-3.66346950971
0.0582,-2996.21086982,-2996.21086982,-2552.30561853,-2996.21086982,-117.197625765,-150.732954539,-37.0757667181,188.535198273,94.2675991363,188.535405502,-2996.21086982,-2499.03697775,-113.174799112,188.535198273,-2996.21086982,-2996.21086982,-37.0757667181,188.535198273,8.53925358051e-16,207.272645418,59.1500529051,207.22906649,-59.1936315339,188.495559215,-5.3290705182e-14,0,-0.884969024551,117.733368536,-163.485342919,-3.6774583249
0.0584,-2999.05256785,-2999.05256785,-2550.70524599,-2999.05256785,75.0763861258,75.39028633,-37.1109305092,188.535319311,94.2676596554,188.53552654,-2999.05256785,-2496.90366382,75.0373013172,188.535319311,-2999.05256785,-2999.05256785,-37.1109305092,188.535319311,8.53923650202e-16,207.272778486,59.4672909081,207.229066461,-59.5110025791,188.495559215,-4.97379915032e-14,0,8.03754955434,118.065347023,-162.469453865,-3.7088512415
0.0586,-2984.85305094,-2984.85305094,-2534.69304964,-2984.85305094,266.286753199,301.085144554,-36.9352225904,188.535441235,94.2677206177,188.535648465,-2984.85305094,-2480.67405376,262.109533668,188.535441235,-2984.85305094,-2984.85305094,-36.9352225904,188.535441235,-3.69354701904e-15,207.272912528,60.0190044641,207.229066433,-60.0628501593,188.495559215,-5.3290705182e-14,0,17.0225977258,117.713988328,-161.457781951,-3.75754552647
0.0588,-2953.69300359,-2953.69300359,-2504.44324736,-2953.69300359,455.363975233,525.069176926,-36.549641369,188.535564522,94.2677822611,188.535771751,-2953.69300359,-2450.53358882,446.997951005,188.535564522,-2953.69300359,-2953.69300359,-36.549641369,188.535564522,-3.69353963195e-15,207.273048067,60.801956296,207.22906649,-60.845937569,188.495559215,-5.68434188608e-14,0,26.0166522618,116.668718015,-160.453762393,-3.82333958662
0.059,-2905.74948339,-2905.74948339,-2460.20769177,-2905.74948339,641.262131302,746.069661495,-35.9563777945,188.535689638,94.267844819,188.535896867,-2905.74948339,-2406.74309635,628.683848598,188.535689638,-2905.74948339,-2905.74948339,-35.9563777945,188.535689638,-3.69353224488e-15,207.273185618,61.8116262257,207.22906649,-61.8557450482,188.495559215,-5.3290705182e-14,0,34.964506759,114.923359104,-159.46078977,-3.90593389922
0.0592,-2841.29491498,-2841.29491498,-2402.31283302,-2841.29491498,822.964220567,962.830829422,-35.1588029088,188.53581704,94.26790852,188.536024269,-2841.29491498,-2349.6355089,806.178877787,188.53581704,-2841.29491498,-2841.29491498,-35.1588029088,188.53581704,5.40141306497e-15,207.273325682,63.0422514379,207.229066461,-63.0865103223,188.495559215,-5.68434188608e-14,0,43.8096667206,112.476390314,-158.48219877,-4.00493249916
0.0594,-2760.6955421,-2760.6955421,-2331.15633369,-2760.6955421,999.487116096,1174.12100051,-34.1614486916,188.535947172,94.2679735859,188.536154401,-2760.6955421,-2279.61225862,978.529737992,188.535947172,-2760.6955421,-2760.6955421,-34.1614486916,188.535947172,-8.24100462203e-15,207.273468746,64.4868731797,207.229066461,-64.5312751716,188.495559215,-6.03961325396e-14,0,52.4947833199,109.331163574,-157.521245304,-4.11984502499
0.0596,-2664.40934644,-2664.40934644,-2247.20344915,-2664.40934644,1169.88610504,1378.73958186,-32.9699823084,188.536080462,94.2680402309,188.536287691,-2664.40934644,-2197.13947302,1144.82242187,188.536080462,-2664.40934644,-2664.40934644,-32.9699823084,188.536080462,8.53949782749e-16,207.273615283,66.1373887956,207.229066433,-66.1819372922,188.495559215,-5.68434188608e-14,0,60.96212092,105.496075134,-156.581088065,-4.25008930356
0.0598,-2552.98344538,-2552.98344538,-2150.98316234,-2552.98344538,1333.25902526,1575.52388988,-31.5911739089,188.536217321,94.2681086605,188.53642455,-2552.98344538,-2102.74395823,1304.18602969,188.536217321,-2552.98344538,-2552.98344538,-31.5911739089,188.536217321,8.53948074851e-16,207.273765744,67.9846079946,207.229066433,-68.0293069749,188.495559215,-6.03961325396e-14,0,69.1540526071,100.984685239,-155.664770671,-4.39499446948
0.06,-2427.05098312,-2427.05098312,-2043.08418382,-2427.05098312,1488.74999383,1763.35575688,-30.0328581575,188.53635814,94.2681790702,188.536565369,-2427.05098312,-1997.00909207,1455.79615248,188.53635814,-2427.05098312,-2427.05098312,-30.0328581575,188.53635814,-3.69352259444e-15,207.273920559,70.0183141232,207.229066461,-70.0631678745,188.495559215,-6.39488462184e-14,0,77.0135772629,95.8157821616,-154.775204467,-4.55380459264
0.0602,-2287.32753303,-2287.32753303,-1924.15079896,-2287.32753303,1635.55274152,1941.16788471,-28.3038897152,188.536503289,94.2682516445,188.536710518,-2287.32753303,-1880.57060469,1598.87784417,188.536503289,-2287.32753303,-2287.32753303,-28.3038897152,188.536503289,-3.6935152074e-15,207.274080133,72.2273280919,207.229066461,-72.2723414357,188.495559215,-6.03961325396e-14,0,84.4848510982,90.0133872701,-153.91515209,-4.72568280429
0.0604,-2134.60703163,-2134.60703163,-1794.87866598,-2134.60703163,1772.91356831,2107.9499094,-26.4140929254,188.536653112,94.2683265562,188.536860341,-2134.60703163,-1754.11236027,1732.7082041,188.536653112,-2134.60703163,-2134.60703163,-26.4140929254,188.536653112,8.53961141018e-16,207.274244846,74.599576205,207.229066461,-74.6447542974,188.495559215,-6.39488462184e-14,0,91.5137260968,83.6066988072,-153.087211894,-4.90971588877
0.0606,-1969.75726726,-1969.75726726,-1656.01053767,-1969.75726726,1900.13393507,2262.75414221,-24.3742059906,188.53680793,94.2684039652,188.537015159,-1969.75726726,-1618.3621067,1856.61859066,188.53680793,-1969.75726726,-1969.75726726,-24.3742059906,188.53680793,3.1276939138e-15,207.274415051,77.1221600473,207.229066461,-77.1675083157,188.495559215,-6.75015598972e-14,0,98.0482874871,76.6299730884,-152.293803319,-5.104919326
0.0608,-1793.71494917,-1793.71494917,-1508.3319998,-1793.71494917,2016.57272261,2404.70095461,-22.1958199552,188.536968036,94.2684840181,188.537175265,-1793.71494917,-1474.08729435,1969.9965053,188.536968036,-1793.71494917,-1793.71494917,-22.1958199552,188.536968036,-3.69351578368e-15,207.274591069,79.7814282775,207.22906649,-79.8269526049,188.495559215,-6.39488462184e-14,0,104.039382189,69.1223429446,-151.537153287,-5.31024274618
0.061,-1607.48038494,-1607.48038494,-1352.6671894,-1607.48038494,2121.64817056,2532.98377651,-19.8913128433,188.537133694,94.2685668469,188.537340923,-1607.48038494,-1322.09091923,2072.28716431,188.537133694,-1607.48038494,-1607.48038494,-19.8913128433,188.537133694,-5.96724287735e-15,207.27477319,82.5630508959,207.229066433,-82.6087573326,188.495559215,-6.75015598972e-14,0,109.441130158,61.1275743151,-150.819283697,-5.52457577716
0.0612,-1412.1117965,-1412.1117965,-1189.87457274,-1412.1117965,2214.83953979,2646.8736793,-17.4737793239,188.537305138,94.2686525689,188.537512367,-1412.1117965,-1163.20747643,2162.99481072,188.537305138,-1412.1117965,-1412.1117965,-17.4737793239,188.537305138,-1.41976198148e-15,207.274961673,85.4520939291,207.229066461,-85.4979887659,188.495559215,-7.1054273576e-14,0,114.211410698,52.6937630392,-150.1420001,-5.74675424074
0.0614,-1208.71930714,-1208.71930714,-1020.84273709,-1208.71930714,2295.68850401,2745.72351786,-14.9569563047,188.537482572,94.2687412858,188.537689801,-1208.71930714,-998.29896843,2241.68377587,188.537482572,-1208.71930714,-1208.71930714,-14.9569563047,188.537482572,-1.41975914196e-15,207.275156741,88.4330954254,207.229066461,-88.4791854079,188.495559215,-6.75015598972e-14,0,118.312316112,43.8729749387,-149.506881601,-5.97556667434
0.0616,-998.458633569,-998.458633569,-846.486261782,-998.458633569,2363.80032248,2828.97160768,-12.3551448762,188.537666167,94.2688330834,188.537873396,-998.458633569,-828.251037694,2307.97935161,188.537666167,-998.458633569,-998.458633569,-12.3551448762,188.537666167,-1.41975630245e-15,207.275358583,91.4901429713,207.229066461,-91.5364348223,188.495559215,-7.1054273576e-14,0,121.710565508,34.7208333544,-148.915272064,-6.20976113007
0.0618,-782.52451887,-782.52451887,-667.741615407,-782.52451887,2418.84478958,2896.1449165,-9.68312904988,188.537856062,94.2689280309,188.538063291,-782.52451887,-653.969159526,2361.56847079,188.537856062,-782.52451887,-782.52451887,-9.68312904988,188.537856062,-1.41975346294e-15,207.27556735,94.6069504917,207.229066461,-94.6534510864,188.495559215,-6.75015598972e-14,0,124.377872172,25.2960592163,-148.368272645,-6.44805222423
0.062,-562.143943757,-562.143943757,-485.563130584,-562.143943757,2460.55701681,2946.86175219,-6.95609175276,188.538052362,94.2690261808,188.538259591,-562.143943757,-476.374948499,2402.20026065,188.538052362,-562.143943757,-562.143943757,-6.95609175276,188.538052362,8.53983857264e-16,207.275783159,97.766936183,207.229066461,-97.8136525619,188.495559215,-7.1054273576e-14,0,126.291258669,15.6599696373,-147.866735722,-6.6891283859
0.0622,-338.56915462,-338.56915462,-300.918998555,-338.56915462,2488.73803038,2980.83393156,-4.18952855471,188.538255137,94.2691275687,188.538462366,-338.56915462,-296.402509027,2429.68645173,188.538255137,-338.56915462,-338.56915462,-4.18952855471,188.538255137,-2.82885091051e-16,207.276006088,100.953300685,207.229066518,-101.00024001,188.495559215,-7.46069872548e-14,0,127.433314637,5.87594173587,-147.41126023,-6.93165927507
0.0624,-113.07054801,-113.07054801,-114.787322518,-113.07054801,2503.25524004,2997.86841792,-1.39915961969,188.538464426,94.2692322128,188.538671655,-113.07054801,-114.994868967,2443.90170658,188.538464426,-113.07054801,-113.07054801,-1.39915961969,188.538464426,1.33228480596e-18,207.276236176,104.14910543,207.229066461,-104.196274806,188.495559215,-7.81597009336e-14,0,127.792393227,-3.99115093955,-147.00218844,-7.17430331663
0.0626,113.07054801,113.07054801,71.8478288899,113.07054801,2504.04274762,2997.86841792,1.39915961939,188.538680228,94.269340114,188.538887457,113.07054801,66.8995742426,2444.78383369,188.538680228,113.07054801,113.07054801,1.39915961939,188.538680228,1.43440687185e-16,207.276473426,107.337350726,207.229066433,-107.384757348,188.495559215,-7.46069872548e-14,0,127.362743135,-13.8755215547,-146.639604203,-7.41571531894
0.0628,338.56915462,338.56915462,258.000339456,338.56915462,2491.10154849,2980.83393156,4.18952855441,188.538902512,94.2694512561,188.539109741,338.56915462,248.330567902,2432.33394705,188.538902512,338.56915462,338.56915462,4.18952855441,188.538902512,5.69765615435e-16,207.276717801,110.501054436,207.229066433,-110.548705452,188.495559215,-7.81597009336e-14,0,126.144574285,-23.7110645019,-146.323332647,-7.65455412191
0.063,562.143943757,562.143943757,442.685989615,562.143943757,2464.49957873,2946.86175219,6.95609175246,188.539131211,94.2695656053,188.53933844,562.143943757,428.349545389,2406.6165191,188.539131211,562.143943757,562.143943757,6.95609175246,188.539131211,1.13819809608e-15,207.276969229,113.623330414,207.22906649,-113.671232847,188.495559215,-7.46069872548e-14,0,124.144056304,-33.4319529242,-146.052941359,-7.88949024256
0.0632,782.52451887,782.52451887,624.926406118,782.52451887,2424.37165705,2896.1449165,9.68312904958,188.539366222,94.2696831108,188.539573451,782.52451887,606.013176108,2367.7593816,188.539366222,782.52451887,782.52451887,9.68312904958,188.539366222,1.13819581969e-15,207.277227596,116.68746677,207.229066461,-116.735627583,188.495559215,-7.81597009336e-14,0,121.373250117,-42.973230848,-145.827743011,-8.11921346261
0.0634,998.458633569,998.458633569,803.753064112,998.458633569,2370.91925938,2828.97160768,12.3551448759,188.53960741,94.2698037049,188.539814639,998.458633569,780.386981577,2315.95360485,188.53960741,998.458633569,998.458633569,12.3551448759,188.53960741,2.27506078364e-15,207.277492755,119.677004457,207.229066461,-119.725430451,188.495559215,-8.17124146124e-14,0,117.849974072,-52.2713916808,-145.646799445,-8.3424403264
0.0636,1208.71930714,1208.71930714,978.21132526,1208.71930714,2304.4101701,2745.72351786,14.9569563044,188.539854607,94.2699273033,188.540061836,1208.71930714,950.549004263,2251.45330355,188.539854607,1208.71930714,1208.71930714,14.9569563044,188.539854607,1.32175282989e-18,207.277764519,122.575815469,207.22906649,-122.624513195,188.495559215,-8.52651282912e-14,0,113.597607111,-61.264935105,-145.508927164,-8.55792149415
0.0638,1412.1117965,1412.1117965,1147.36454654,1412.1117965,2225.17793505,2646.8736793,17.4737793236,188.540107611,94.2700538053,188.54031484,1412.1117965,1115.59357281,2174.57528448,188.540107611,1412.1117965,1412.1117965,17.4737793236,188.540107611,2.27505623088e-15,207.278042668,125.368180722,207.229066433,-125.417156575,188.495559215,-8.881784197e-14,0,108.64483255,-69.8948948653,-145.412704224,-8.76444892028
0.064,1607.48038494,1607.48038494,1310.29824501,1607.48038494,2133.62115567,2532.98377651,19.891312843,188.540366189,94.2701830946,188.540573418,1607.48038494,1274.63515192,2085.69857843,188.540366189,1607.48038494,1607.48038494,19.891312843,188.540366189,4.54878616147e-15,207.278326945,128.038867801,207.229066433,-128.088128,188.495559215,-8.52651282912e-14,0,103.025326981,-78.105330516,-145.356478458,-8.96086280329
0.0642,1793.71494917,1793.71494917,1466.12433723,1793.71494917,2030.20253982,2404.70095461,22.1958199549,188.540630079,94.2703150395,188.540837308,1793.71494917,1426.81230246,1985.26376017,188.540630079,1793.71494917,1793.71494917,22.1958199549,188.540630079,1.30810251525e-18,207.278617061,130.573208451,207.229066461,-130.622758712,188.495559215,-8.881784197e-14,0,96.7773996597,-85.8437769232,-145.338377022,-9.14605827933
0.0644,1969.75726726,1969.75726726,1613.98543786,1969.75726726,1915.44774543,2262.75414221,24.3742059903,188.540898988,94.2704494938,188.541106217,1969.75726726,1571.29173901,1873.77209456,188.540898988,1969.75726726,1969.75726726,24.3742059903,188.540898988,2.2750425806e-15,207.278912695,132.957174242,207.229066461,-133.007020158,188.495559215,-8.52651282912e-14,0,89.9435885253,-93.0616461335,-145.356317159,-9.31899180817
0.0646,2134.60703163,2134.60703163,1753.05921761,2134.60703163,1789.94392718,2107.9499094,26.4140929251,188.541172594,94.2705862972,188.541379823,2134.60703163,1707.27248908,1751.78440589,188.541172594,2134.60703163,2134.60703163,26.4140929251,188.541172594,-2.27243093088e-15,207.279213494,135.177452743,207.22906649,-135.227599436,188.495559215,-8.881784197e-14,0,82.5702195773,-99.7145771472,-145.408018175,-9.47868722734
0.0648,2287.32753303,2287.32753303,1882.56280257,2287.32753303,1654.33802139,1941.16788471,28.3038897149,188.541450553,94.2707252763,188.541657782,2287.32753303,1833.99013843,1619.91970694,188.541450553,2287.32753303,2287.32753303,28.3038897149,188.541450553,2.27504257537e-15,207.279519077,137.22152102,207.229066518,-137.271973337,188.495559215,-8.52651282912e-14,0,74.7069368553,-105.762730125,-145.4910145,-9.62424142622
0.065,2427.05098312,2427.05098312,2001.75719523,2427.05098312,1509.33467876,1763.35575688,30.0328581572,188.541732491,94.2708662453,188.54193972,2427.05098312,1950.72114381,1478.85348344,188.541732491,2427.05098312,2427.05098312,30.0328581572,188.541732491,6.82250698669e-15,207.279829035,139.077718526,207.229066461,-139.128480777,188.495559215,-8.881784197e-14,0,66.4062105586,-111.171022606,-145.60266982,-9.7548296201
0.0652,2552.98344538,2552.98344538,2109.95169626,2552.98344538,1355.69388208,1575.52388988,31.5911739086,188.542018014,94.271009007,188.542225243,2552.98344538,2056.78719369,1329.31567205,188.542018014,2552.98344538,2552.98344538,31.5911739086,188.542018014,-2.2724445811e-15,207.280142935,140.735316873,207.229066461,-140.786393035,188.495559215,-9.23705556488e-14,0,57.7228310594,-115.909306385,-145.740192136,-9.86971018014
0.0654,2664.40934644,2664.40934644,2206.50828721,2664.40934644,1194.22816291,1378.73958186,32.9699823081,188.542306708,94.2711533539,188.542513937,2664.40934644,2151.55957554,1172.08823207,188.542306708,2664.40934644,2664.40934644,32.9699823081,188.542306708,-2.27244003622e-15,207.280460321,142.184587926,207.229066461,-142.235981477,188.495559215,-8.881784197e-14,0,48.7133965396,-119.952484791,-145.900649725,-9.96822900413
0.0656,2760.6955421,2760.6955421,2290.84595102,2760.6955421,1025.79945915,1174.12100051,34.1614486913,188.542598138,94.2712990689,188.542805367,2760.6955421,2234.46352686,1008.00235355,188.542598138,2760.6955421,2760.6955421,34.1614486913,188.542598138,2.27503347005e-15,207.280780714,143.41686815,207.229066461,-143.468582092,188.495559215,-9.23705556488e-14,0,39.4358018873,-123.280571161,-146.080987856,-10.049823389
0.0658,2841.29491498,2841.29491498,2362.44487176,2841.29491498,851.315537037,962.830829422,35.1588029085,188.542891854,94.2714459268,188.543099083,2841.29491498,2304.98250719,837.935212495,188.542891854,2841.29491498,2841.29491498,35.1588029085,188.542891854,-2.27244004141e-15,207.281103621,144.424619585,207.229066518,-144.476656438,188.495559215,-8.881784197e-14,0,29.9487361598,-125.878690339,-146.278046219,-10.1140253954
0.066,2905.74948339,2905.74948339,2420.85048965,2905.74948339,671.726026752,746.069661495,35.9563777942,188.543187391,94.2715936953,188.54339462,2905.74948339,2362.66236667,662.806323427,188.543187391,2905.74948339,2905.74948339,35.9563777942,188.543187391,-2.27243549653e-15,207.28142853,145.201486439,207.22906649,-145.253848244,188.495559215,-9.23705556488e-14,0,20.3111955303,-127.737025995,-146.488576917,-10.1604646709
0.0662,2953.69300359,2953.69300359,2465.67733717,2953.69300359,488.018009188,525.069176926,36.5496413687,188.543484272,94.271742136,188.543691501,2953.69300359,2407.11533022,483.573415268,188.543484272,2953.69300359,2953.69300359,36.5496413687,188.543484272,-2.27243095166e-15,207.281754916,145.742347091,207.229066461,-145.795035216,188.495559215,-9.59232693276e-14,0,10.5820180356,-128.850717432,-146.70926296,-10.188870728
0.0664,2984.85305094,2984.85305094,2496.61263395,2984.85305094,301.211212141,301.085144554,36.9352225901,188.543782013,94.2718910063,188.543989242,2984.85305094,2438.02377407,301.227890888,188.543782013,2984.85305094,2984.85305094,36.9352225901,188.543782013,2.27504255459e-15,207.282082248,146.043359727,207.22906649,-146.096375248,188.495559215,-9.94759830064e-14,0,0.819445799962,-129.219710363,-146.936737127,-10.1990746501
0.0666,2999.05256785,2999.05256785,2513.4195544,2999.05256785,112.352771353,75.39028633,37.1109305089,188.54408012,94.27204006,188.544287349,2999.05256785,2455.14369982,116.789815738,188.54408012,2999.05256785,2999.05256785,37.1109305089,188.54408012,2.27503800451e-15,207.282409982,146.102003336,207.22906649,-146.155346579,188.495559215,-1.03028696685e-13,0,-8.91928040467,-128.848566768,-147.167601111,-10.1910102276
0.0668,2996.21086982,2996.21086982,2515.94015105,2996.21086982,-77.4883754465,-150.732954539,37.0757667178,188.544378099,94.2721890494,188.544585328,2996.21086982,2458.30788773,-68.6974930005,188.544378099,2996.21086982,2996.21086982,37.0757667178,188.544378099,-2.27243550696e-15,207.282737576,145.917110294,207.229066433,-145.970781088,188.495559215,-9.94759830064e-14,0,-18.5782902293,-127.746239532,-147.398444819,-10.1647145035
0.067,2976.34410394,2976.34410394,2504.09784018,2976.34410394,-267.227485814,-375.999700693,36.8299310243,188.544675452,94.2723377259,188.544882681,2976.34410394,2447.42862577,-254.173308919,188.544675452,2976.34410394,2976.34410394,36.8299310243,188.544675452,6.8225069607e-15,207.283064481,145.488892615,207.22906649,-145.542890312,188.495559215,-1.03028696685e-13,0,-28.1034133729,-125.925817921,-147.625865729,-10.120327738
0.0672,2939.56515715,2939.56515715,2477.89944187,2939.56515715,-455.77032319,-599.129941543,36.3748203159,188.544971684,94.2724858421,188.545178913,2939.56515715,2422.50000535,-438.565688137,188.544971684,2939.56515715,2939.56515715,36.3748203159,188.544971684,6.8224933157e-15,207.283390154,144.818960071,207.229066433,-144.873283438,188.495559215,-1.06581410364e-13,0,-37.4424676174,-123.404250258,-147.846488193,-10.0580927773
0.0674,2886.08301476,2886.08301476,2437.43667906,2886.08301476,-642.019783936,-818.855806552,35.7130206225,188.545266306,94.272633153,188.545473535,2886.08301476,2383.59967732,-620.798018798,188.545266306,2886.08301476,2886.08301476,35.7130206225,188.545266306,2.27501070933e-15,207.283714057,143.91032964,207.22906649,-143.964976917,188.495559215,-1.03028696685e-13,0,-46.5455041392,-120.202050242,-148.056982575,-9.97835384427
0.0676,2816.20157296,2816.20157296,2382.88714032,2816.20157296,-824.882754365,-1033.92876952,34.848292422,188.545558834,94.2727794172,188.545766063,2816.20157296,2330.89007279,-799.79583643,188.545558834,2816.20157296,2816.20157296,34.848292422,188.545558834,6.82247512071e-15,207.284035658,142.767426193,207.229066433,-142.822395064,188.495559215,-1.06581410364e-13,0,-55.3650099121,-116.342993319,-148.254084111,-9.88155474112
0.0678,2730.31791206,2730.31791206,2314.51461469,2730.31791205,-1003.27718013,-1243.12674298,33.7855492724,188.545848797,94.2729243985,188.546056026,2730.31791206,2264.61898528,-974.493890342,188.545848797,2730.31791206,2730.31791206,33.7855492724,188.545848797,6.82246147577e-15,207.284354438,141.396073788,207.229066461,-141.451361443,188.495559215,-1.03028696685e-13,0,-63.856067991,-111.853809343,-148.434611394,-9.76823648915
0.068,2628.92004013,2628.92004013,2232.66881895,2628.92004013,-1176.13925573,-1445.26102231,32.5308298923,188.546135735,94.2730678677,188.546342964,2628.92004013,2185.11953613,-1143.84336257,188.546135735,2628.92004013,2628.92004013,32.5308298923,188.546135735,6.82244783086e-15,207.284669894,139.803477377,207.229066461,-139.859080521,188.495559215,-1.06581410364e-13,0,-71.9764773439,-106.763877431,-148.595484373,-9.63903440314
0.0682,2512.58412013,2512.58412013,2137.78443442,2512.58412013,-1342.43069761,-1639.1830402,31.0912638476,188.546419206,94.2732096032,188.546626436,2512.58412013,2092.80942838,-1306.81920324,188.546419206,2512.58412013,2512.58412013,31.0912638476,188.546419206,6.82243418598e-15,207.284981537,137.998194873,207.229066405,-138.054109582,188.495559215,-1.03028696685e-13,0,-79.6868347494,-101.10492847,-148.733741764,-9.49467463085
0.0684,2381.97119594,2381.97119594,2030.3794922,2381.97119594,-1501.14600658,-1823.79089308,29.4750310396,188.546698786,94.2733493932,188.546906015,2381.97119594,1988.18953115,-1462.42748127,188.546698786,2381.97119594,2381.97119594,29.4750310396,188.546698786,6.82242054113e-15,207.285288903,135.990098387,207.22906649,-136.04632058,188.495559215,-1.06581410364e-13,0,-86.9505820065,-94.9107601633,-148.846557775,-9.33597016194
0.0686,2237.82343627,2237.82343627,1911.05303668,2237.82343627,-1651.31966729,-1998.0356023,27.6913152257,188.546974073,94.2734870363,188.547181302,2237.82343627,1871.84171354,-1609.71269648,188.546974073,2237.82343627,2237.82343627,27.6913152257,188.546974073,-2.27253102649e-15,207.285591549,133.79032737,207.229066461,-133.846852127,188.495559215,-1.10134124043e-13,0,-93.7340223553,-88.2169688204,-148.931258059,-9.16381634304
0.0688,2080.95991744,2080.95991744,1780.48212653,2080.95991744,-1792.03319304,-2160.92707466,25.7502518347,188.547244686,94.2736223432,188.547451915,2080.95991744,1744.4259917,-1747.76495451,188.547244686,2080.95991744,2080.95991744,25.7502518347,188.547244686,6.82241144136e-15,207.285889057,131.411229193,207.22906649,-131.468051508,188.495559215,-1.13686837722e-13,0,-100.00631052,-81.0607013763,-148.985334786,-8.97918590894
0.069,1912.27196925,1912.27196925,1639.41811873,1912.27196925,-1922.42195205,-2311.53972833,23.6628703763,188.547510276,94.2737551378,188.547717505,1912.27196925,1606.67692554,-1875.72693713,188.547510276,1912.27196925,1912.27196925,23.6628703763,188.547510276,1.19435445443e-18,207.286181042,128.866292894,207.229066433,-128.923407152,188.495559215,-1.10134124043e-13,0,-105.739421189,-73.4804302561,-149.006460773,-8.7831235726
0.0692,1732.71811027,1732.71811027,1488.68231542,1732.71811027,-2041.68169117,-2449.01775215,21.4410317681,188.547770517,94.2738852584,188.547977746,1732.71811027,1459.39935094,-1992.80057766,188.547770517,1732.71811027,1732.71811027,21.4410317681,188.547770517,-2.27254012863e-15,207.286467147,126.170071304,207.229066461,-126.227471689,188.495559215,-1.13686837722e-13,0,-110.908100995,-65.5157528873,-148.992502569,-8.57674018908
0.0694,1543.31860134,1543.31860134,1329.160937,1543.31860134,-2149.07468632,-2572.57996858,19.0973609404,188.548025117,94.2740125585,188.548232346,1543.31860134,1303.46340315,-2098.25336596,188.548025117,1543.31860134,1543.31860134,19.0973609404,188.548025117,2.27493337784e-15,207.28674705,123.338095993,207.229066461,-123.395776252,188.495559215,-1.172395514e-13,0,-115.489809189,-57.2072167319,-148.941532443,-8.36120654126
0.0696,1345.14964827,1345.14964827,1161.79952029,1345.14964827,-2243.93544858,-2681.52427245,16.6451750983,188.548273816,94.2741369079,188.548481045,1345.14964827,1139.79893851,-2191.42420656,188.548273816,1345.14964827,1345.14964827,16.6451750983,188.548273816,2.27492882798e-15,207.287020466,120.386782676,207.229066461,-120.444736379,188.495559215,-1.20792265079e-13,0,-119.464652157,-48.5961698671,-148.851839191,-8.13774676704
0.0698,1139.33728657,1139.33728657,987.596723592,1139.33728657,-2325.67591332,-2775.2316205,14.0984080509,188.548516387,94.2742581937,188.548723617,1139.33728657,969.389329819,-2271.72875177,188.548516387,1139.33728657,1139.33728657,14.0984080509,188.548516387,2.27492427812e-15,207.287287145,117.333330035,207.229066433,-117.391550408,188.495559215,-1.172395514e-13,0,-122.815316787,-39.7246362357,-148.721937707,-7.90763148035
0.07,927.050983125,927.050983125,807.597654029,927.050983125,-2393.79005933,-2853.16954889,11.4715310367,188.548752641,94.2743763207,188.548959871,927.050983125,793.264760861,-2338.66415296,188.548752641,927.050983125,927.050983125,11.4715310367,188.548752641,1.13805248793e-15,207.287546879,114.195610821,207.229066433,-114.254090916,188.495559215,-1.20792265079e-13,0,-125.527007365,-30.6352139085,-148.55057727,-7.67217060946
0.0702,709.496991071,709.496991071,622.88671621,709.496991071,-2447.85788816,-2914.89519874,8.77947049473,188.548982425,94.2744912124,188.549189654,709.496991071,612.495014275,-2391.81315444,188.548982425,709.496991071,709.496991071,8.77947049473,188.548982425,1.18297147943e-18,207.2877995,110.992057592,207.229066433,-111.050790302,188.495559215,-1.172395514e-13,0,-127.587390291,-21.370993901,-148.336748497,-7.43270600841
0.0704,487.911495585,487.911495585,434.580110323,487.911495585,-2487.54873282,-2960.05783262,6.03752325014,188.549205622,94.2746028112,188.549412851,487.911495585,428.181891931,-2430.84749714,188.549205622,487.911495585,487.911495585,6.03752325014,188.549205622,1.18296911349e-18,207.288044879,107.741543144,207.229066433,-107.80052123,188.495559215,-1.20792265079e-13,0,-128.986550318,-11.9754964507,-148.079688909,-7.19060386807
0.0706,263.553589652,263.553589652,243.817993611,263.553589652,-2512.62383336,-2988.40082743,3.26126959408,188.549422158,94.2747110789,188.549629387,263.553589652,241.45127869,-2455.53056416,188.549422158,263.553589652,263.553589652,3.26126959408,188.549422158,5.69616586922e-16,207.288282935,104.463257015,207.229066433,-104.522473185,188.495559215,-1.24344978758e-13,0,-129.716961427,-2.49262104385,-147.778887115,-6.9472469853
0.0708,37.6981196503,37.6981196503,51.7564409334,37.6981196502,-2522.93817355,-2999.76313261,0.466484753625,188.549631994,94.2748159972,188.549839223,37.6981196503,53.4449967691,-2465.71926286,188.549631994,37.6981196503,37.6981196503,0.466484753625,188.549631994,7.22360300373e-17,207.288513626,101.176579088,207.229066461,-101.236026005,188.495559215,-1.20792265079e-13,0,-129.773474685,7.03339394673,-147.434085547,-6.7040269186
0.071,-188.371558588,-188.371558588,-140.440769958,-188.371558588,-2518.44152693,-2994.08018528,-2.33095074625,188.549835135,94.2749175674,188.550042364,-188.371558588,-134.687525482,-2461.36508662,188.549835135,-188.371558588,-188.371558588,-2.33095074625,188.549835135,-1.40926722e-16,207.288736956,97.9009514749,207.22906649,-97.9606217022,188.495559215,-1.24344978758e-13,0,-129.153324659,16.5580065296,-147.045281769,-6.46233609058
0.0712,-413.370872054,-413.370872054,-331.61041105,-413.370872054,-2499.17873339,-2971.38427709,-5.11514131901,188.550031621,94.2750158106,188.55023885,-413.370872054,-321.797621455,-2442.51438059,188.550031621,-413.370872054,-413.370872054,-5.11514131901,188.550031621,-4.25143250234e-16,207.28895297,94.6557493508,207.229066461,-94.7156355294,188.495559215,-1.20792265079e-13,0,-127.856155153,26.0364059557,-146.612728324,-6.2235598664
0.0714,-636.021329766,-636.021329766,-520.598061313,-636.021329766,-2465.28916725,-2931.8043707,-7.87026663844,188.550221535,94.2751107677,188.550428764,-636.021329766,-506.745758489,-2409.30776792,188.550221535,-636.021329766,-636.021329766,-7.87026663844,188.550221535,-1.5620096403e-15,207.289161758,91.4601526558,207.229066461,-91.5202476495,188.495559215,-1.24344978758e-13,0,-125.884064118,35.4235519673,-146.136931147,-5.98906866938
0.0716,-855.05778741,-855.05778741,-706.266235757,-855.05778741,-2417.00544521,-2875.56536705,-10.5806715329,188.550404998,94.2752024989,188.550612227,-855.05778741,-688.409770659,-2361.97879068,188.550404998,-855.05778741,-855.05778741,-10.5806715329,188.550404998,-4.25139275932e-16,207.289363454,88.3330196738,207.229066461,-88.393316342,188.495559215,-1.27897692437e-13,0,-123.241666791,44.6742231225,-145.618646534,-5.76021016269
0.0718,-1069.23563614,-1069.23563614,-887.502349684,-1069.23563614,-2354.65134879,-2802.98682737,-13.230954941,188.550582167,94.2752910835,188.550789396,-1069.23563614,-865.692916075,-2300.85173627,188.550582167,-1069.23563614,-1069.23563614,-13.230954941,188.550582167,-1.562005666e-15,207.289558231,85.2927626073,207.229066461,-85.3532540963,188.495559215,-1.31450406116e-13,0,-119.936175232,53.7430787095,-145.058876689,-5.53830155812
0.072,-1277.3378747,-1277.3378747,-1063.22639611,-1277.3378747,-2278.63903544,-2714.4811574,-15.8060574239,188.550753238,94.2753766192,188.550960467,-1277.3378747,-1037.53162695,-2226.33873183,188.550753238,-1277.3378747,-1277.3378747,-15.8060574239,188.550753238,7.11731938703e-16,207.289746304,82.3572279215,207.22906649,-82.4179074604,188.495559215,-1.35003119794e-13,0,-115.977491668,62.584738387,-144.458863885,-5.32462207958
0.0722,-1478.18202464,-1478.18202464,-1232.39830068,-1478.18202464,-2189.46552587,-2610.55126401,-18.2913467356,188.550918443,94.2754592216,188.551125672,-1478.18202464,-1202.90291727,-2138.93609114,188.550918443,-1478.18202464,-1478.18202464,-18.2913467356,188.550918443,7.1173051524e-16,207.289927928,79.5435807407,207.229066461,-79.6044419044,188.495559215,-1.31450406116e-13,0,-111.378312287,71.1538832494,-143.820083263,-5.12040564112
0.0724,-1670.62684946,-1670.62684946,-1394.02484858,-1670.62684946,-2087.70856473,-2491.78769759,-20.6727009663,188.551078047,94.2755390236,188.551285276,-1670.62684946,-1360.83133462,-2039.22002166,188.551078047,-1670.62684946,-1670.62684946,-20.6727009663,188.551078047,-3.83573986962e-15,207.290103394,76.8681958616,207.229066433,-76.9292324473,188.495559215,-1.35003119794e-13,0,-106.154237506,79.4053814001,-143.144234312,-4.92683376492
0.0726,-1853.57883927,-1853.57883927,-1547.1661524,-1853.57883927,-1974.02185356,-2358.86529641,-22.9365887864,188.551232348,94.275616174,188.551439577,-1853.57883927,-1510.39542609,-1927.84168796,188.551232348,-1853.57883927,-1853.57883927,-22.9365887864,188.551232348,-8.38320115954e-15,207.29027303,74.3465548754,207.229066461,-74.4077611631,188.495559215,-1.31450406116e-13,0,-100.32388415,87.2944404573,-142.43323108,-4.74502879658
0.0728,-2025.99842436,-2025.99842436,-1690.9415768,-2025.99842436,-1849.12977166,-2212.53935207,-25.0701463337,188.551381674,94.2756908371,188.551588903,-2025.99842436,-1650.73362818,-1805.52175933,188.551381674,-2025.99842436,-2025.99842436,-25.0701463337,188.551381674,-1.56198095106e-15,207.290437197,71.9931517243,207.229066433,-72.0545221423,188.495559215,-1.35003119794e-13,0,-93.9089945728,94.7767886186,-141.689191178,-4.57604744025
0.073,-2186.90588226,-2186.90588226,-1824.53509669,-2186.90588226,-1713.82159213,-2053.64131779,-27.0612503085,188.551526383,94.2757631914,188.551733612,-2186.90588226,-1781.04955921,-1673.04444676,188.551526383,-2186.90588226,-2186.90588226,-27.0612503085,188.551526383,-3.8357123078e-15,207.290596287,69.8214053214,207.229066433,-69.8829348356,188.495559215,-1.38555833473e-13,0,-86.9345373978,101.808885094,-140.914423629,-4.42087466756
0.0732,-2335.3869047,-2335.3869047,-1947.20002942,-2335.3869047,-1568.94532238,-1883.07408387,-28.898586861,188.551666857,94.2758334287,188.551874086,-2335.3869047,-1900.61665125,-1531.25117118,188.551666857,-2335.3869047,-2335.3869047,-28.898586861,188.551666857,-3.83570463638e-15,207.290750723,67.8435822427,207.229066461,-67.9052661465,188.495559215,-1.35003119794e-13,0,-79.428794426,108.348159808,-140.111415637,-4.28041801883
0.0734,-2470.59779289,-2470.59779289,-2058.26312751,-2470.59779289,-1415.40118083,-1701.80684738,-30.5717158782,188.551803505,94.2759017523,188.552010734,-2470.59779289,-2008.78211059,-1381.03387309,188.551803505,-2470.59779289,-2470.59779289,-30.5717158782,188.551803505,7.11771996415e-16,207.290900951,66.0707278252,207.229066461,-66.1325619796,188.495559215,-1.38555833473e-13,0,-71.4234281673,114.353281387,-139.28281836,-4.15550234647
0.0736,-2591.77025158,-2591.77025158,-2157.12799912,-2591.77025158,-1254.13484673,-1510.86960491,-32.0711303074,188.551936753,94.2759683765,188.552143982,-2591.77025158,-2104.97017338,-1223.32811317,188.551936753,-2591.77025158,-2591.77025158,-32.0711303074,188.551936753,7.11770572873e-16,207.291047442,64.5126077235,207.229066433,-64.5745883792,188.495559215,-1.35003119794e-13,0,-62.953524612,119.784451496,-138.431431749,-4.0468650141
0.0738,-2698.2157547,-2698.2157547,-2243.27785316,-2698.2157547,-1086.13049567,-1311.34729995,-33.3883101767,188.552067049,94.2760335245,188.552274278,-2698.2157547,-2188.68465629,-1059.1059744,188.552067049,-2698.2157547,-2698.2157547,-33.3883101767,188.552067049,-3.83569981206e-15,207.291190687,63.1776587963,207.229066461,-63.2397827311,188.495559215,-1.38555833473e-13,0,-54.057606061,124.603722733,-137.560188559,-3.95515159652
0.074,-2789.32945766,-2789.32945766,-2316.27756361,-2789.32945766,-912.403758715,-1104.37365805,-34.5157710073,188.552194856,94.2760974279,188.552402085,-2789.32945766,-2259.51079899,-889.368916098,188.552194856,-2789.32945766,-2789.32945766,-34.5157710073,188.552194856,7.11776820725e-16,207.291331196,62.0729504824,207.229066433,-62.1352149229,188.495559215,-1.42108547152e-13,0,-44.7776092698,128.77533639,-136.67213761,-3.88091208849
0.0742,-2864.59363424,-2864.59363424,-2375.77505943,-2864.59363424,-733.994615006,-891.124744731,-35.4471063419,188.552320649,94.2761603244,188.552527878,-2864.59363424,-2317.11640855,-715.140586632,188.552320649,-2864.59363424,-2864.59363424,-35.4471063419,188.552320649,-8.38316252562e-15,207.291469491,61.2041559815,207.229066433,-61.2665587046,188.495559215,-1.38555833473e-13,0,-35.1588246448,132.266075639,-135.7704264,-3.8245976618
0.0744,-2923.58061836,-2923.58061836,-2421.50206104,-2923.58061836,-551.960350684,-672.812282848,-36.1770241473,188.552444914,94.2762224569,188.552652143,-2923.58061836,-2361.25233117,-537.459739372,188.552444914,-2923.58061836,-2923.58061836,-36.1770241473,188.552444914,7.11792163481e-16,207.291606106,60.5755335987,207.229066461,-60.6380729168,188.495559215,-1.42108547152e-13,0,-25.2497929149,135.045628946,-134.858283168,-3.78655797256
0.0746,-2965.95523421,-2965.95523421,-2453.27417751,-2965.95523421,-367.368587605,-450.676767362,-36.7013768849,188.552568144,94.2762840719,188.552775373,-2965.95523421,-2391.75226947,-357.373251078,188.552568144,-2965.95523421,-2965.95523421,-36.7013768849,188.552568144,-3.8356782215e-15,207.291741583,60.1899178326,207.22906649,-60.2525926165,188.495559215,-1.45661260831e-13,0,-15.1021564227,137.086957933,-133.938998507,-3.76703905208
0.0748,-2991.47670078,-2991.47670078,-2470.99040894,-2991.47670078,-181.290504422,-225.980416584,-37.017185078,188.552690836,94.2763454182,188.552898065,-2991.47670078,-2408.53199667,-175.929375363,188.552690836,-2991.47670078,-2991.47670078,-37.017185078,188.552690836,-3.83567055015e-15,207.291876469,60.0487198532,207.229066433,-60.1115295643,188.495559215,-1.4921397451e-13,0,-4.7704630646,138.366663399,-133.015906628,-3.7661817767
0.075,-3000,-3000,-2474.63207346,-3000,5.20575557268,-1.27204076549e-10,-37.1226542412,188.55281349,94.276406745,188.553020719,-3000,-2411.58799053,5.82877985735,188.55281349,-3000,-3000,-37.1226542412,188.55281349,7.1180608258e-16,207.292011313,60.1519373953,207.22906649,-60.2148819225,188.495559215,-1.45661260831e-13,0,5.68807820162,138.865342844,-132.092366397,-3.78402094338
0.0752,-2991.47670078,-2991.47670078,-2464.26122288,-2991.47670078,191.061382094,225.980416584,-37.017185078,188.552936602,94.2764683012,188.553143831,-2991.47670078,-2400.9955601,186.86943514,188.552936602,-2991.47670078,-2991.47670078,-37.017185078,188.552936602,-8.38313326382e-15,207.292146661,60.4981725514,207.229066433,-60.5612524676,188.495559215,-1.4921397451e-13,0,16.2138903441,138.567932621,-131.171742232,-3.82048493972
0.0754,-2965.95523421,-2965.95523421,-2440.01856797,-2965.95523421,375.232917199,450.676767362,-36.7013768849,188.553060667,94.2765303333,188.553267896,-2965.95523421,-2376.90648897,366.178005611,188.553060667,-2965.95523421,-2965.95523421,-36.7013768849,188.553060667,7.1182142522e-16,207.292283055,61.0846587121,207.22906649,-61.1478750259,188.495559215,-1.52766688188e-13,0,26.7453688263,137.464027743,-130.25738498,-3.87539602835
0.0756,-2923.58061836,-2923.58061836,-2402.12099277,-2923.58061836,556.697906612,672.812282848,-36.1770241473,188.553186169,94.2765930843,188.553393398,-2923.58061836,-2339.54628433,542.762554885,188.553186169,-2923.58061836,-2923.58061836,-36.1770241473,188.553186169,-3.83564895982e-15,207.29242103,61.907294035,207.229066461,-61.9706483216,188.495559215,-1.4921397451e-13,0,37.21926778,135.548172467,-129.352612883,-3.94847122731
0.0758,-2864.59363424,-2864.59363424,-2350.85867609,-2864.59363424,734.46021021,891.124744731,-35.4471063419,188.553313585,94.2766567924,188.553520814,-2864.59363424,-2289.21105196,715.658872226,188.553313585,-2864.59363424,-2864.59363424,-35.4471063419,188.553313585,-3.83564128853e-15,207.292561109,62.9606825411,207.229066433,-63.0241768596,188.495559215,-1.52766688188e-13,0,47.5711288271,132.820114991,-128.460692741,-4.03932379982
0.076,-2789.32945766,-2789.32945766,-2286.59191003,-2789.32945766,907.554901813,1104.37365805,-34.5157710073,188.55344338,94.2767216898,188.553650609,-2789.32945766,-2226.26409714,883.935099644,188.55344338,-2789.32945766,-2789.32945766,-34.5157710073,188.55344338,-3.83563361725e-15,207.292703803,64.2381809354,207.229066433,-64.3018179669,188.495559215,-1.4921397451e-13,0,57.7357485781,129.285019978,-127.584821367,-4.1474653277
0.0762,-2698.2157547,-2698.2157547,-2209.74762713,-2698.2157547,1075.05279551,1311.34729995,-33.3883101767,188.553576002,94.2767880011,188.553783231,-2698.2157547,-2151.1322636,1046.69595553,188.553576002,-2698.2157547,-2698.2157547,-33.3883101767,188.553576002,7.11843015403e-16,207.292849607,65.7319517434,207.229066461,-65.7957345807,188.495559215,-1.52766688188e-13,0,67.6476799466,124.953633133,-126.728107459,-4.27230837545
0.0764,-2591.77025158,-2591.77025158,-2120.81573091,-2591.77025158,1236.06454886,1510.86960491,-32.0711303074,188.553711885,94.2768559424,188.553919114,-2591.77025158,-2064.30211533,1203.08650403,188.553711885,-2591.77025158,-2591.77025158,-32.0711303074,188.553711885,-3.83562736968e-15,207.292998994,67.4330207109,207.229066433,-67.4969528945,188.495559215,-1.56319401867e-13,0,77.2417615396,119.842392732,-125.893553973,-4.41316971215
0.0766,-2470.59779289,-2470.59779289,-2020.34523162,-2470.59779289,1389.74438814,1701.80684738,-30.5717158782,188.55385144,94.2769257201,188.554058669,-2470.59779289,-1966.31596172,1352.29552535,188.55385144,-2470.59779289,-2470.59779289,-30.5717158782,188.55385144,-3.83561969843e-15,207.293152419,69.331338793,207.229066433,-69.3954244642,188.495559215,-1.52766688188e-13,0,86.4536686635,113.973483763,-125.084041113,-4.56927409189
0.0768,-2335.3869047,-2335.3869047,-1908.94028219,-2335.3869047,1535.29342512,1883.07408387,-28.8985868609,188.55399506,94.2769975299,188.554202289,-2335.3869047,-1857.76783013,1493.55845758,188.55399506,-2335.3869047,-2335.3869047,-28.8985868609,188.55399506,7.11856934197e-16,207.293310312,71.4158483744,207.229066433,-71.4800919202,188.495559215,-1.56319401867e-13,0,95.2204788271,107.374831235,-124.302310015,-4.73975855329
0.077,-2186.90588226,-2186.90588226,-1787.25610343,-2186.90588226,1671.96261538,2053.64131779,-27.0612503085,188.554143111,94.2770715556,188.55435034,-2186.90588226,-1739.29937175,1626.15997013,188.554143111,-2186.90588226,-2186.90588226,-27.0612503085,188.554143111,-8.38308241231e-15,207.293473077,73.6745516062,207.229066461,-73.7389579447,188.495559215,-1.52766688188e-13,0,103.481244139,100.080030168,-123.55094724,-4.92367723273
0.0772,-2025.99842436,-2025.99842436,-1655.99488981,-2025.99842436,1799.05534458,2212.53935207,-25.0701463337,188.554295937,94.2771479685,188.554503166,-2025.99842436,-1611.59579979,1749.43615814,188.554295937,-2025.99842436,-2025.99842436,-25.0701463337,188.554295937,-1.56186220407e-15,207.293641092,76.0945823789,207.229066461,-76.1591567317,188.495559215,-1.56319401867e-13,0,111.177562614,92.1282108612,-122.832370141,-5.12000664582
0.0774,-1853.57883927,-1853.57883927,-1515.90167053,-1853.57883927,1915.92969355,2358.86529641,-22.9365887864,188.554453852,94.277226926,188.554661081,-1853.57883927,-1475.38182933,1862.77641844,188.554453852,-1853.57883927,-1853.57883927,-22.9365887864,188.554453852,-1.56185908034e-15,207.293814701,78.6622797549,207.229066433,-78.727027679,188.495559215,-1.59872115546e-13,0,118.254140215,83.5638390656,-122.14881321,-5.32765142615
0.0776,-1670.62684946,-1670.62684946,-1367.7602103,-1670.62684946,2022.00038271,2491.78769759,-20.6727009663,188.554617143,94.2773085717,188.554824373,-1670.62684946,-1331.41770952,1965.62501168,188.554617143,-1670.62684946,-1670.62684946,-20.6727009663,188.554617143,-3.83559043733e-15,207.293994221,81.36326316,207.229066461,-81.4281906281,188.495559215,-1.63424829225e-13,0,124.659335381,74.436451888,-121.502315453,-5.54545047045
0.0778,-1478.18202464,-1478.18202464,-1212.38891,-1478.18202464,2116.7404429,2610.55126401,-18.2913467356,188.554786068,94.2773930339,188.554993297,-1478.18202464,-1180.49530039,2057.48236676,188.554786068,-1478.18202464,-1478.18202464,-18.2913467356,188.554786068,7.11886195242e-16,207.294179934,84.1825093329,207.229066433,-84.2476225089,188.495559215,-1.66977542904e-13,0,130.345677914,64.8003312912,-120.894708899,-5.77218347416
0.078,-1277.3378747,-1277.3378747,-1050.63678272,-1277.3378747,2199.68262394,2714.4811574,-15.8060574239,188.55496085,94.2774804252,188.555168079,-1277.3378747,-1023.43427493,2137.90614336,188.55496085,-1277.3378747,-1277.3378747,-15.8060574239,188.55496085,7.11884771471e-16,207.294372087,87.1044295132,207.229066461,-87.1697348181,188.495559215,-1.63424829225e-13,0,135.270354364,54.7141182311,-120.327608272,-6.00657780208
0.0782,-1069.23563614,-1069.23563614,-883.379451831,-1069.23563614,2270.42057988,2802.98682737,-13.230954941,188.555141684,94.2775708422,188.555348913,-1069.23563614,-861.078382462,2206.5120993,188.555141684,-1069.23563614,-1069.23563614,-13.230954941,188.555141684,-1.56185113299e-15,207.294570893,90.1129477322,207.22906649,-90.1784518998,188.495559215,-1.66977542904e-13,0,139.395652461,44.2403714671,-119.802401916,-6.24731567369
0.0784,-855.05778741,-855.05778741,-711.515237055,-855.05778741,2328.60984912,2875.56536705,-10.5806715329,188.55532873,94.2776643649,188.555535959,-855.05778741,-694.291843285,2262.97478562,188.55532873,-855.05778741,-855.05778741,-10.5806715329,188.55532873,-4.24980768947e-16,207.294776528,93.1915798485,207.229066405,-93.2572895688,188.495559215,-1.63424829225e-13,0,142.689357722,33.4450761274,-119.320243997,-6.49304160407
0.0786,-636.021329766,-636.021329766,-535.961263781,-636.021329766,2373.96865653,2931.8043707,-7.87026663841,188.555522113,94.2777610563,188.555729342,-636.021329766,-523.955797363,2307.02810206,188.555522113,-636.021329766,-636.021329766,-7.87026663841,188.555522113,-4.24979918986e-16,207.29498913,96.3235118091,207.229066433,-96.3894341489,188.495559215,-1.66977542904e-13,0,145.125096071,22.3971079641,-118.882048048,-6.74237007686
0.0788,-413.370872054,-413.370872054,-357.649652677,-413.370872054,2406.27855933,2971.38427709,-5.11514131899,188.555721924,94.277860962,188.555929153,-413.370872054,-350.964866544,2338.46573918,188.555721924,-413.370872054,-413.370872054,-5.11514131899,188.555721924,-9.93412689201e-16,207.295208799,99.4916795194,207.229066461,-99.5578215611,188.495559215,-1.70530256582e-13,0,146.682617117,11.1676600799,-118.488481876,-6.99389338698
0.079,-188.371558588,-188.371558588,-177.523716833,-188.371558588,2425.38494853,2994.08018528,-2.33095074623,188.55592822,94.2779641102,188.556135449,-188.371558588,-176.223743998,2357.14152217,188.55592822,-188.371558588,-188.371558588,-2.33095074623,188.55592822,1.43456537971e-16,207.295435599,102.67884773,207.229066461,-102.745216619,188.495559215,-1.66977542904e-13,0,147.348013698,-0.170360462511,-118.13996387,-7.24618962747
0.0792,37.6981196498,37.6981196498,3.46578398815,37.69811965,2431.19742861,2999.76313261,0.466484753649,188.556141023,94.2780705115,188.556348252,37.6981196498,-0.643861657762,2362.96968265,188.556141023,37.6981196498,37.6981196498,0.466484753649,188.556141023,1.43456251058e-16,207.29566955,105.867689461,207.229066433,-105.934292236,188.495559215,-1.70530256582e-13,0,147.113874297,-11.5429581567,-117.836660722,-7.49783075611
0.0794,263.553589652,263.553589652,184.364408512,263.553589652,2423.69006989,2988.40082743,3.2612695941,188.556360317,94.2781801587,188.556567547,263.553589652,174.859955023,2355.9250535,188.556360317,263.553589652,263.553589652,3.2612695941,188.556360317,1.43455964146e-16,207.295910639,109.040864885,207.229066461,-109.107708748,188.495559215,-1.66977542904e-13,0,145.979366036,-22.8756883534,-117.578486587,-7.74739071491
0.0796,487.911495585,487.911495585,364.217774164,487.911495585,2402.90155517,2960.05783262,6.03752325017,188.556586054,94.2782930271,188.556793283,487.911495585,349.37280019,2336.043211,188.556586054,487.911495585,487.911495585,6.03752325017,188.556586054,1.43455677234e-16,207.296158811,112.181101054,207.229066433,-112.248193099,188.495559215,-1.70530256582e-13,0,143.95024708,-34.0943017333,-117.365103666,-7.99345353721
0.0798,709.496991071,709.496991071,542.075347886,709.496991071,2368.93519694,2914.89519874,8.77947049476,188.556818148,94.2784090742,188.557025377,709.496991071,521.983058238,2303.42053822,188.556818148,709.496991071,709.496991071,8.77947049476,188.556818148,1.84875625085e-15,207.296413971,115.271270931,207.229066433,-115.33861811,188.495559215,-1.74082970261e-13,0,141.038808445,-45.1253853063,-117.195924227,-8.23462141524
0.08,927.050983125,927.050983125,716.994245787,927.050983125,2321.95884479,2853.16954889,11.4715310367,188.557056481,94.2785282404,188.55726371,927.050983125,691.785790141,2258.21423107,188.557056481,927.050983125,927.050983125,11.4715310367,188.557056481,-4.2498192736e-16,207.29667599,118.294472367,207.229066433,-118.362081559,188.495559215,-1.7763568394e-13,0,137.263746337,-55.8969913429,-117.070114038,-8.4695226629
0.0802,1139.33728657,1139.33728657,888.043111328,1139.33728657,2262.20464172,2775.2316205,14.0984080509,188.557300898,94.2786504489,188.557508127,1139.33728657,857.8862185,2200.64220034,188.557300898,1139.33728657,1139.33728657,14.0984080509,188.557300898,-4.24981077397e-16,207.296944698,121.234107375,207.229066433,-121.301985291,188.495559215,-1.74082970261e-13,0,132.649967298,-66.3392459354,-116.986597206,-8.69681954762
0.0804,1345.14964827,1345.14964827,1054.30603025,1345.14964827,2189.96864713,2681.52427245,16.6451750983,188.557551212,94.278775606,188.557758441,1345.14964827,1019.40326934,2130.98288872,188.557551212,1345.14964827,1345.14964827,16.6451750983,188.557551212,-4.24980227436e-16,207.29721989,124.07396093,207.229066433,-124.142114034,188.495559215,-1.7763568394e-13,0,127.228329487,-76.3849292523,-116.944062375,-8.91521592713
0.0806,1543.31860134,1543.31860134,1214.8865415,1543.31860134,2105.61026974,2572.57996858,19.0973609404,188.557807204,94.2789036021,188.558014433,1543.31860134,1175.4732419,2049.57493752,188.557807204,1543.31860134,1543.31860134,19.0973609404,188.557807204,1.84875510322e-15,207.297501324,126.798279464,207.229066461,-126.866714074,188.495559215,-1.81188397619e-13,0,121.035324445,-85.9700201389,-116.94097027,-9.12346466675
0.0808,1732.71811027,1732.71811027,1368.91170009,1732.71811027,2009.55152763,2449.01775215,21.4410317681,188.558068623,94.2790343113,188.558275852,1732.71811027,1325.25356152,1956.8167211,188.558068623,1732.71811027,1732.71811027,21.4410317681,188.558068623,-4.24983074983e-16,207.297788723,129.391849399,207.229066461,-129.460571401,188.495559215,-1.84741111298e-13,0,114.112704597,-95.0341983683,-116.975562521,-9.32037477537
0.081,1912.27196925,1912.27196925,1515.53623677,1912.27196925,1902.27606607,2311.53972833,23.6628703763,188.558335186,94.2791675929,188.558542415,1912.27196925,1467.92667079,1853.16566885,188.558335186,1912.27196925,1912.27196925,23.6628703763,188.558335186,1.84875225568e-15,207.298081779,131.840074331,207.22906649,-131.909089393,188.495559215,-1.7763568394e-13,0,106.50706255,-103.521298681,-117.045871735,-9.50481823865
0.0812,2080.95991744,2080.95991744,1653.94676651,2080.95991744,1784.32795218,2160.92707466,25.7502518348,188.558606583,94.2793032915,188.558813812,2080.95991744,1602.70400917,1739.13739404,188.558606583,2080.95991744,2080.95991744,25.7502518348,188.558606583,1.84874855818e-15,207.298380148,134.129052132,207.229066433,-134.198365536,188.495559215,-1.7763568394e-13,0,98.2693689398,-111.379711627,-117.149732744,-9.67573649053
0.0814,2237.82343627,2237.82343627,1783.36607365,2237.82343627,1656.31016858,1998.0356023,27.6913152257,188.558882475,94.2794412377,188.559089705,2237.82343627,1728.83011668,1615.30453928,188.558882475,2237.82343627,2237.82343627,27.6913152257,188.558882475,1.84874486069e-15,207.29868346,136.245650411,207.22906649,-136.315267147,188.495559215,-1.70530256582e-13,0,89.4544760804,-118.562727247,-117.284794978,-9.83214650559
0.0816,2381.97119594,2381.97119594,1903.05742084,2381.97119594,1518.88282955,1823.79089308,29.4750310396,188.559162499,94.2795812496,188.559369728,2381.97119594,1845.58680638,1482.29536228,188.559162499,2381.97119594,2381.97119594,29.4750310396,188.559162499,1.8487411632e-15,207.298991314,138.177580923,207.229066461,-138.247505493,188.495559215,-1.70530256582e-13,0,80.120595128,-125.028818628,-117.44853588,-9.97314645737
0.0818,2512.58412013,2512.58412013,2012.32889106,2512.58412013,1372.76103821,1639.1830402,31.0912638476,188.559446266,94.2797231328,188.559653495,2512.58412013,1952.29741963,1340.79196688,188.559446266,2512.58412013,2512.58412013,31.0912638476,188.559446266,1.84873746572e-15,207.299303282,139.913471639,207.229066433,-139.983708148,188.495559215,-1.63424829225e-13,0,70.328754637,-130.741863512,-117.638275294,-10.0979209298
0.082,2628.92004013,2628.92004013,2110.53770561,2628.92004013,1218.71241579,1445.26102231,32.5308298923,188.559733364,94.279866682,188.559940593,2628.92004013,2048.33110376,1191.52821106,188.559733364,2628.92004013,2628.92004013,32.5308298923,188.559733364,1.84873376825e-15,207.299618914,141.442936718,207.229066433,-141.513488869,188.495559215,-1.63424829225e-13,0,60.14224853,-135.671303184,-117.851190741,-10.205745632
0.0822,2730.31791205,2730.31791205,2197.0945082,2730.31791206,1057.55422269,1243.12674298,33.7855492724,188.560023363,94.2800116817,188.560230593,2730.31791205,2133.10710423,1035.28719776,188.560023363,2730.31791205,2730.31791205,33.7855492724,188.560023363,1.84873007079e-15,207.299937735,142.756643713,207.229066461,-142.82751474,188.495559215,-1.63424829225e-13,0,49.6260813779,-139.792238989,-118.084333499,-10.295991608
0.0824,2816.20157296,2816.20157296,2271.46755571,2816.20157296,890.150113055,1033.92876952,34.848292422,188.560315816,94.2801579078,188.560523045,2816.20157296,2206.09900748,872.898391304,188.560315816,2816.20157296,2816.20157296,34.848292422,188.560315816,6.39619533473e-15,207.300259252,143.846377283,207.229066433,-143.917569754,188.495559215,-1.56319401867e-13,0,38.8464186944,-143.085467878,-118.334645393,-10.3681288991
0.0826,2886.08301476,2886.08301476,2333.18678763,2886.08301476,717.406448533,818.855806552,35.7130206226,188.560610256,94.2803051279,188.560817485,2886.08301476,2266.83890594,705.234272021,188.560610256,2886.08301476,2886.08301476,35.7130206226,188.560610256,-2.69875538044e-15,207.300582955,144.705098271,207.229066461,-144.776614497,188.495559215,-1.56319401867e-13,0,27.8700495341,-145.5374594,-118.598976193,-10.4217296549
0.0828,2939.56515715,2939.56515715,2381.84771505,2939.56515715,540.268225856,599.129941543,36.3748203159,188.560906207,94.2804531035,188.561113436,2939.56515715,2314.92142083,533.206585656,188.560906207,2939.56515715,2939.56515715,36.3748203159,188.560906207,1.84871897846e-15,207.300908319,145.326999545,207.229066433,-145.398841056,188.495559215,-1.56319401867e-13,0,16.7638682079,-147.14027746,-118.874101539,-10.4564706566
0.083,2976.34410394,2976.34410394,2417.11508574,2976.34410394,359.714554429,375.999700693,36.8299310243,188.561203181,94.2806015905,188.56141041,2976.34410394,2350.00753642,357.762111575,188.561203181,2976.34410394,2976.34410394,36.8299310243,188.561203181,1.84871528102e-15,207.301234808,145.707554698,207.229066433,-145.779722741,188.495559215,-1.56319401867e-13,0,5.59438124654,-147.891451047,-119.156741273,-10.4721352568
0.0832,2996.21086982,2996.21086982,2438.72626981,2996.21086982,176.753752917,150.732954539,37.0757667178,188.561500682,94.2807503411,188.561707911,2996.21086982,2371.82818468,179.878022248,188.561500682,2996.21086982,2996.21086982,37.0757667178,188.561500682,-2.6987573778e-15,207.301561876,145.843562633,207.229066405,-145.916057726,188.495559215,-1.56319401867e-13,0,-5.5727549572,-147.793798841,-119.443578078,-10.4686147051
0.0834,2999.05256785,2999.05256785,2446.49431087,2999.05256785,-7.58198508065,-75.3902863299,37.110930509,188.561798209,94.2808991047,188.562005438,2999.05256785,2380.18752011,0.556773331846,188.561798209,2999.05256785,2999.05256785,37.110930509,188.561798209,6.3961859425e-15,207.301888973,145.73318401,207.229066461,-145.806006198,188.495559215,-1.4921397451e-13,0,-16.6731612812,-146.855213196,-119.731276329,-10.4459088695
0.0836,2984.85305094,2984.85305094,2440.31059473,2984.85305094,-192.242272443,-301.085144554,36.9352225901,188.56209526,94.2810476298,188.562302489,2984.85305094,2374.96583172,-179.179386728,188.56209526,2984.85305094,2984.85305094,36.9352225901,188.56209526,1.84870418875e-15,207.302215545,145.375971377,207.229066433,-145.449120135,188.495559215,-1.4921397451e-13,0,-27.6441240958,-145.088409519,-120.016501034,-10.404126332
0.0838,2953.69300359,2953.69300359,2420.14707342,2953.69300359,-376.164590814,-525.069176926,36.5496413687,188.56239133,94.2811956649,188.562598559,2953.69300359,2356.12202289,-358.294330353,188.56239133,2953.69300359,2953.69300359,36.5496413687,188.56239133,6.39616945274e-15,207.30254104,144.772891074,207.229066433,-144.846365347,188.495559215,-1.42108547152e-13,0,-38.4249418906,-142.510647337,-120.295936764,-10.3434838735
0.084,2905.74948339,2905.74948339,2386.05800845,2905.74948339,-558.280635933,-746.069661495,35.9563777942,188.562685921,94.2813429605,188.56289315,2905.74948339,2323.69561895,-535.744283144,188.562685921,2905.74948339,2905.74948339,35.9563777942,188.562685921,6.39615666041e-15,207.302864909,143.926336795,207.229066461,-144.000134977,188.495559215,-1.42108547152e-13,0,-48.9572285594,-139.143429566,-120.566306473,-10.2643053345
0.0842,2841.29491498,2841.29491498,2338.1811688,2841.29491498,-737.522962816,-962.830829422,35.1588029085,188.56297854,94.2814892699,188.563185769,2841.29491498,2277.80822948,-710.484398678,188.56297854,2841.29491498,2841.29491498,35.1588029085,188.56297854,1.84867490672e-15,207.303186609,142.840134323,207.229066433,-142.914254197,188.495559215,-1.42108547152e-13,0,-59.1851726282,-135.012186489,-120.824390079,-10.1670198736
0.0844,2760.6955421,2760.6955421,2276.7384636,2760.6955421,-912.831821084,-1174.12100051,34.1614486913,188.563268703,94.2816343513,188.563475932,2760.6955421,2218.66444285,-881.475557802,188.563268703,2760.6955421,2760.6955421,34.1614486913,188.563268703,1.84867120937e-15,207.30350561,141.519536525,207.229066461,-141.593975418,188.495559215,-1.35003119794e-13,0,-69.0557526342,-130.145950871,-121.067042729,-10.0521596164
0.0846,2664.40934644,2664.40934644,2202.03594736,2664.40934644,-1083.16218084,-1378.73958186,32.9699823081,188.563555938,94.2817779691,188.563763167,2664.40934644,2146.55208169,-1047.69139779,188.563555938,2664.40934644,2664.40934644,32.9699823081,188.563555938,-2.69880144937e-15,207.303821392,139.971209288,207.229066433,-140.045963904,188.495559215,-1.35003119794e-13,0,-78.5189098354,-124.577030343,-121.29121262,-9.92035672567
0.0848,2552.98344538,2552.98344538,2114.46319779,2552.98344538,-1247.49083092,-1575.52388988,31.5911739086,188.56383979,94.2819198948,188.564047019,2552.98344538,2061.84181841,-1208.12544376,188.56383979,2552.98344538,2552.98344538,31.5911739086,188.56383979,6.39614187102e-15,207.304133454,138.203206599,207.229066433,-138.27827327,188.495559215,-1.27897692437e-13,0,-87.5276802556,-118.340682826,-121.49395829,-9.77233988989
0.085,2427.05098312,2427.05098312,2014.49201029,2427.05098312,-1404.82353538,-1763.35575688,30.0328581572,188.564119818,94.2820599091,188.564327047,2427.05098312,1964.98608601,-1361.79833111,188.564119818,2427.05098312,2427.05098312,30.0328581572,188.564119818,1.84866011736e-15,207.304441313,136.224936455,207.229066405,-136.300310966,188.495559215,-1.27897692437e-13,0,-96.0382888939,-111.474800206,-121.672465273,-9.60893026941
0.0852,2287.32753303,2287.32753303,1902.67443227,2287.32753303,-1554.2021261,-1941.16788471,28.3038897149,188.564395606,94.2821978031,188.564602835,2287.32753303,1856.51730831,-1507.76498684,188.564395606,2287.32753303,2287.32753303,28.3038897149,188.564395606,6.39612538144e-15,207.30474451,134.047115684,207.229066461,-134.12279342,188.495559215,-1.27897692437e-13,0,-104.010209581,-104.01960491,-121.82406203,-9.4310369028
0.0854,2134.60703163,2134.60703163,1779.64009116,2134.60703163,-1694.71150582,-2107.9499094,26.4140929251,188.564666758,94.282333379,188.564873987,2134.60703163,1737.04539518,-1645.12174518,188.564666758,2134.60703163,2134.60703163,26.4140929251,188.564666758,1.8486436278e-15,207.30504261,131.68171531,207.229066461,-131.75769117,188.495559215,-1.27897692437e-13,0,-111.406194577,-96.0173632515,-121.946235063,-9.23965161938
0.0856,1969.75726726,1969.75726726,1646.09286372,1969.75726726,-1825.48644085,-2262.75414221,24.3742059903,188.564932905,94.2824664523,188.565140134,1969.75726726,1607.2545536,-1773.01326654,188.564932905,1969.75726726,1969.75726726,24.3742059903,188.564932905,4.12237441122e-15,207.305335207,129.141895443,207.229066433,-129.218163897,188.495559215,-1.27897692437e-13,0,-118.192278419,-87.5121186727,-122.036643117,-9.03584346618
0.0858,1793.71494917,1793.71494917,1502.80685293,1793.71494917,-1945.71811014,-2404.70095461,22.195819955,188.565193704,94.2825968522,188.565400933,1793.71494917,1467.89937344,-1890.63922621,188.565193704,1793.71494917,1793.71494917,22.195819955,188.565193704,6.39610064717e-15,207.305621926,126.441930741,207.229066433,-126.518485924,188.495559215,-1.20792265079e-13,0,-124.337760887,-78.5494471529,-122.093130418,-8.8207527009
0.086,1607.48038494,1607.48038494,1350.62174457,1607.48038494,-2054.66029697,-2532.98377651,19.891312843,188.565448846,94.2827244231,188.565656075,1607.48038494,1319.80026551,-1997.26064931,188.565448846,1607.48038494,1607.48038494,19.891312843,188.565448846,1.84861889359e-15,207.305902426,123.597126722,207.229066433,-123.673962342,188.495559215,-1.20792265079e-13,0,-129.8151741,-69.1762361871,-122.11373883,-8.59558436463
0.0862,1412.1117965,1412.1117965,1190.43752313,1412.1117965,-2151.63518653,-2646.8736793,17.4737793236,188.565698051,94.2828490256,188.56590528,1412.1117965,1163.83822553,-2092.20585411,188.565698051,1412.1117965,1412.1117965,17.4737793236,188.565698051,1.84861519636e-15,207.306176398,120.623726934,207.229066433,-120.700836555,188.495559215,-1.13686837722e-13,0,-134.600238822,-59.4404878472,-122.096718904,-8.36160149067
0.0864,1208.71930714,1208.71930714,1023.20864256,1208.71930714,-2236.0386688,-2745.72351786,14.9569563044,188.565941074,94.2829705371,188.566148303,1208.71930714,1000.94902688,-2174.87589422,188.565941074,1208.71930714,1208.71930714,14.9569563044,188.565941074,4.12234597983e-15,207.306443573,117.538812786,207.229066461,-117.616189648,188.495559215,-1.13686837722e-13,0,-138.671814929,-49.3911455972,-122.04053973,-8.12011796773
0.0866,998.458633569,998.458633569,849.937644554,998.458633569,-2307.34511069,-2828.97160768,12.3551448759,188.566177706,94.2830888529,188.566384935,998.458633569,832.116830015,-2244.74946211,188.566177706,998.458633569,998.458633569,12.3551448759,188.566177706,1.84860325445e-15,207.306703722,114.360195637,207.229066433,-114.437832596,188.495559215,-1.13686837722e-13,0,-142.011850781,-39.0779436675,-121.943897542,-7.87249111808
0.0868,782.52451887,782.52451887,671.668340084,782.52451887,-2365.11151528,-2896.1449165,9.68312904961,188.566407774,94.2832038868,188.566615003,782.52451887,658.367333894,-2301.38716452,188.566407774,782.52451887,782.52451887,9.68312904961,188.566407774,1.84859955724e-15,207.306956655,111.106301993,207.229066461,-111.184191912,188.495559215,-1.06581410364e-13,0,-144.605335842,-28.5512770562,-121.805723041,-7.62011401239
0.087,562.143943757,562.143943757,489.47855877,562.143943757,-2408.98103707,-2946.86175219,6.95609175249,188.566631143,94.2833155717,188.566838373,562.143943757,480.760469855,-2344.43513692,188.566631143,562.143943757,562.143943757,6.95609175249,188.566631143,7.11728619698e-16,207.307202225,107.796054453,207.229066461,-107.874189944,188.495559215,-1.06581410364e-13,0,-146.440260434,-17.8620894796,-121.625187371,-7.36440758526
0.0872,338.569154621,338.569154621,304.47259762,338.56915462,-2438.68579399,-2980.83393156,4.18952855444,188.56684772,94.2834238599,188.567054949,338.569154621,300.382780871,-2373.62793274,188.56684772,338.569154621,338.569154621,4.18952855444,188.56684772,7.11727196242e-16,207.307440325,104.448747069,207.229066405,-104.527120594,188.495559215,-9.94759830064e-14,0,-147.507585906,-7.06177602892,-121.401706737,-7.10681257566
0.0874,113.07054801,113.07054801,117.773382774,113.07054801,-2454.04895325,-2997.86841792,1.39915961942,188.567057447,94.2835287235,188.567264676,113.07054801,118.33949656,-2388.79066306,188.567057447,113.07054801,113.07054801,1.39915961942,188.567057447,1.1837475713e-18,207.307670896,101.083917677,207.229066433,-101.162521794,188.495559215,-9.94759830064e-14,0,-147.80122782,3.7979032574,-121.134945627,-6.84878135866
0.0876,-113.07054801,-113.07054801,-69.485513546,-113.07054801,-2454.98605823,-2997.86841792,-1.39915961966,188.567260309,94.2836301547,188.567467538,-113.07054801,-64.2535415938,-2389.84035104,188.567260309,-113.07054801,-113.07054801,-1.39915961966,188.567260309,-2.83033064883e-16,207.30789392,97.7212184668,207.229066461,-97.8000456261,188.495559215,-9.94759830064e-14,0,-147.318054008,14.6649030383,-120.824818621,-6.59176969422
0.0878,-338.56915462,-338.56915462,-256.167981763,-338.569154621,-2441.50558379,-2980.83393156,-4.18952855468,188.567456331,94.2837281656,188.56766356,-338.56915462,-246.278088325,-2376.7864879,188.567456331,-338.56915462,-338.56915462,-4.18952855468,188.567456331,-9.93574524036e-16,207.308109423,94.380284816,207.229066461,-94.4593275163,188.495559215,-9.94759830064e-14,0,-146.057898559,25.4869699611,-120.471490786,-6.33722846065
0.088,-562.143943757,-562.143943757,-441.143462681,-562.143943757,-2413.7087156,-2946.86175219,-6.95609175273,188.567645577,94.2838227886,188.567852806,-562.143943757,-426.621676669,-2349.73078575,188.567645577,-562.143943757,-562.143943757,-6.95609175273,188.567645577,-9.93572536889e-16,207.308317477,91.0806047022,207.229066433,-91.1598554115,188.495559215,-9.94759830064e-14,0,-144.023591938,36.211722106,-120.075376639,-6.08659539918
0.0882,-782.52451887,-782.52451887,-623.294993572,-782.52451887,-2371.78835238,-2896.1449165,-9.68312904985,188.567828151,94.2839140753,188.56803538,-782.52451887,-604.185755885,-2308.86612613,188.567828151,-782.52451887,-782.52451887,-9.68312904985,188.567828151,-3.26730503044e-15,207.308518195,87.8413889408,207.229066433,-87.9208404023,188.495559215,-9.23705556488e-14,0,-141.22100663,46.7867351146,-119.637137702,-5.84128693724
0.0884,-998.458633569,-998.458633569,-801.527067948,-998.458633569,-2316.02735527,-2828.97160768,-12.3551448761,188.568004194,94.2840020971,188.568211423,-998.458633569,-777.893628164,-2254.4747309,188.568004194,-998.458633569,-998.458633569,-12.3551448761,188.568004194,-2.13043125549e-15,207.308711735,84.6814447045,207.229066461,-84.7610896813,188.495559215,-9.23705556488e-14,0,-137.659116841,57.1596393335,-119.157678651,-5.6026901165
0.0886,-1208.71930714,-1208.71930714,-974.773290927,-1208.71930714,-2246.79605442,-2745.72351786,-14.9569563046,188.568173889,94.2840869443,188.568381118,-1208.71930714,-946.698168781,-2186.92556615,188.568173889,-1208.71930714,-1208.71930714,-14.9569563046,188.568173889,-3.26729423498e-15,207.308898294,81.6190516949,207.229066461,-81.6988832384,188.495559215,-8.52651282912e-14,0,-133.350070013,67.2782320542,-118.638142087,-5.37215469238
0.0888,-1412.1117965,-1412.1117965,-1142.0036939,-1412.1117965,-2164.54906452,-2646.8736793,-17.4737793238,188.568337451,94.2841687254,188.56854468,-1412.1117965,-1109.58918188,-2106.67103583,188.568337451,-1412.1117965,-1412.1117965,-17.4737793238,188.568337451,-9.93553219702e-16,207.309078112,78.6718437672,207.229066405,-78.7518551057,188.495559215,-8.52651282912e-14,0,-128.309267166,77.0906084676,-118.07990196,-5.15098542941
0.089,-1607.48038494,-1607.48038494,-1302.23169674,-1607.48038494,-2069.82142889,-2532.98377651,-19.8913128432,188.568495133,94.2842475665,188.568702362,-1607.48038494,-1265.60038349,-2014.24298573,188.568495133,-1607.48038494,-1607.48038494,-19.8913128432,188.568495133,-9.93551232598e-16,207.309251465,75.8566957116,207.229066433,-75.9368804369,188.495559215,-8.52651282912e-14,0,-122.555448393,86.5453144557,-117.484555673,-4.94043465719
0.0892,-1793.71494917,-1793.71494917,-1454.52059544,-1793.71494917,-1963.22416854,-2404.70095461,-22.1958199552,188.568647221,94.2843236105,188.56885445,-1793.71494917,-1413.81587967,-1910.24810131,188.568647221,-1793.71494917,-1793.71494917,-22.1958199552,188.568647221,-9.93549245497e-16,207.309418669,73.189617157,207.229066433,-73.2699690919,188.495559215,-7.81597009336e-14,0,-116.110779307,95.5915236557,-116.853914934,-4.7416951089
0.0894,-1969.75726726,-1969.75726726,-1597.98957293,-1969.75726726,-1845.43926269,-2262.75414221,-24.3742059906,188.568794033,94.2843970163,188.569001262,-1969.75726726,-1553.3761416,-1795.36272729,188.568794033,-1969.75726726,-1969.75726726,-24.3742059906,188.568794033,-3.2672817391e-15,207.309580071,70.6856535375,207.229066433,-70.7661668395,188.495559215,-7.81597009336e-14,0,-109.000933715,104.179240541,-116.189995379,-4.5558931039
0.0896,-2134.60703163,-2134.60703163,-1731.81912986,-2134.60703163,-1717.21415765,-2107.9499094,-26.4140929254,188.568935915,94.2844679573,188.569143144,-2134.60703163,-1683.48336658,-1670.32721456,188.568935915,-2134.60703163,-2134.60703163,-26.4140929254,188.568935915,3.55392823755e-15,207.309736054,68.3587953746,207.229066405,-68.4394646618,188.495559215,-7.1054273576e-14,0,-101.255167498,112.259530415,-115.495005049,-4.38408209294
0.0898,-2287.32753303,-2287.32753303,-1855.25594484,-2287.32753303,-1579.35583412,-1941.16788471,-28.3038897151,188.569073242,94.2845366209,188.569280471,-2287.32753303,-1803.40623938,-1535.93982547,188.569073242,-2287.32753303,-2287.32753303,-28.3038897151,188.569073242,-9.93547831693e-16,207.309887029,66.2218968272,207.229066433,-66.302717061,188.495559215,-7.1054273576e-14,0,-92.9063784369,119.784776394,-114.771331781,-4.22723662362
0.09,-2427.05098312,-2427.05098312,-1967.61708351,-2427.05098312,-1432.72454479,-1763.35575688,-30.0328581575,188.569206414,94.2846032069,188.569413643,-2427.05098312,-1912.48400767,-1393.05031985,188.569206414,-2427.05098312,-2427.05098312,-30.0328581575,188.569206414,-5.541014806e-15,207.310033436,64.2866029441,207.229066405,-64.3675696259,188.495559215,-7.1054273576e-14,0,-83.9911466613,126.708962527,-114.021529569,-4.08624674003
0.0902,-2552.98344538,-2552.98344538,-2068.29357837,-2552.98344538,-1278.22725185,-1575.52388988,-31.5911739089,188.569335852,94.2846679262,188.569543082,-2552.98344538,-2010.12989973,-1242.55325114,188.569335852,-2552.98344538,-2552.98344538,-31.5911739089,188.569335852,-9.93534762581e-16,207.310175739,62.5632875562,207.229066433,-62.6443965259,188.495559215,-6.39488462184e-14,0,-74.5497504541,132.987981331,-113.248304002,-3.96191286961
0.0904,-2664.40934644,-2664.40934644,-2156.75332348,-2664.40934644,-1116.81088589,-1378.73958186,-32.9699823083,188.569462,94.2847309999,188.569669229,-2664.40934644,-2095.83382521,-1085.38110533,188.569462,-2664.40934644,-2664.40934644,-32.9699823083,188.569462,-9.93532775513e-16,207.310314424,61.0610002875,207.229066405,-61.1422479452,188.495559215,-6.39488462184e-14,0,-64.6261523784,138.579963103,-112.454496831,-3.85494120581
0.0906,-2760.6955421,-2760.6955421,-2232.54331825,-2760.6955421,-949.455450697,-1174.12100051,-34.1614486915,188.569585314,94.2847926572,188.569792544,-2760.6955421,-2169.16440018,-922.497306067,188.569585314,-2760.6955421,-2760.6955421,-34.1614486915,188.569585314,-5.54099974985e-15,207.310449994,59.7874246538,207.229066433,-59.8688078808,188.495559215,-6.39488462184e-14,0,-54.2679510162,143.445623535,-111.643069781,-3.76593963398
0.0908,-2841.29491498,-2841.29491498,-2295.29122957,-2841.29491498,-777.167099141,-962.830829422,-35.1588029088,188.56970627,94.2848531349,188.569913499,-2841.29491498,-2229.770265,-754.88922209,188.56970627,-2841.29491498,-2841.29491498,-35.1588029088,188.56970627,-9.93519706461e-16,207.31058297,58.7488458753,207.229066405,-58.8303620769,188.495559215,-6.39488462184e-14,0,-43.5262941293,147.548625342,-110.817087675,-3.6954142034
0.091,-2905.74948339,-2905.74948339,-2344.70631688,-2905.74948339,-600.971195783,-746.069661495,-35.9563777945,188.56982535,94.2849126752,188.570032579,-2905.74948339,-2277.38074743,-583.561190169,188.56982535,-2905.74948339,-2905.74948339,-35.9563777945,188.56982535,-9.93517719424e-16,207.310713886,57.9501291513,207.229066405,-58.0317762814,188.495559215,-5.68434188608e-14,0,-32.455749628,150.855948897,-109.979700984,-3.6437661865
0.0912,-2953.69300359,-2953.69300359,-2380.57971389,-2953.69300359,-421.905489341,-525.069176926,-36.549641369,188.569943049,94.2849715246,188.570150278,-2953.69300359,-2311.80586575,-409.527686891,188.569943049,-2953.69300359,-2953.69300359,-36.549641369,188.569943049,-9.9351573239e-16,207.310843282,57.3947078586,207.229066433,-57.4764843735,188.495559215,-5.68434188608e-14,0,-21.114131496,153.338266236,-109.134127898,-3.61128972188
0.0914,-2984.85305094,-2984.85305094,-2402.78411914,-2984.85305094,-241.013398331,-301.085144554,-36.9352225903,188.570059865,94.2850299324,188.570267094,-2984.85305094,-2332.93573258,-233.806648428,188.570059865,-2984.85305094,-2984.85305094,-36.9352225903,188.570059865,-9.93513745361e-16,207.310971707,57.0845813453,207.229066433,-57.1664863377,188.495559215,-5.68434188608e-14,0,-9.5622786046,154.970312266,-108.283636009,-3.5981700754
0.0916,-2999.05256785,-2999.05256785,-2411.27291087,-2999.05256785,-59.3375260409,-75.3902863301,-37.1109305092,188.570176298,94.2850881492,188.570383527,-2999.05256785,-2340.73937767,-57.4130635812,188.570176298,-2999.05256785,-2999.05256785,-37.1109305092,188.570176298,-5.54098071973e-15,207.311099712,57.0203225017,207.229066433,-57.102355441,188.495559215,-4.97379915032e-14,0,2.13621470927,155.731246629,-107.431523731,-3.60448250927
0.0918,-2996.21086982,-2996.21086982,-2406.07874237,-2996.21086982,122.086606491,150.732954539,-37.075766718,188.570292851,94.2851464254,188.57050008,-2996.21086982,-2335.26305406,118.647177466,188.570292851,-2996.21086982,-2996.21086982,-37.075766718,188.570292851,-9.93500676385e-16,207.311227848,57.2010933757,207.229066405,-57.2832544153,188.495559215,-4.97379915032e-14,0,13.915316502,155.604999415,-106.581101537,-3.63019178638
0.092,-2976.34410394,-2976.34410394,-2387.31165179,-2976.34410394,302.236504436,375.999700693,-36.8299310245,188.57041002,94.28520501,188.570617249,-2976.34410394,-2316.62806602,293.383065918,188.57041002,-2976.34410394,-2976.34410394,-36.8299310245,188.57041002,-9.93498689386e-16,207.311356662,57.6246699393,207.229066433,-57.7069598541,188.495559215,-4.26325641456e-14,0,25.7069226757,154.580593787,-105.735673148,-3.67515229269
0.0922,-2939.56515715,-2939.56515715,-2355.15674198,-2939.56515715,480.108347162,599.129941543,-36.3748203162,188.570528298,94.2852641489,188.570735527,-2939.56515715,-2285.02818146,465.823924007,188.570528298,-2939.56515715,-2939.56515715,-36.3748203162,188.570528298,-5.54096566379e-15,207.311486695,58.2874745429,207.229066433,-58.3698945011,188.495559215,-4.26325641456e-14,0,37.4412682007,152.652438647,-104.89851675,-3.73910879778
0.0924,-2886.08301476,-2886.08301476,-2309.87147855,-2886.08301476,654.722249067,818.855806552,-35.7130206228,188.570648167,94.2853240836,188.570855396,-2886.08301476,-2240.72668278,635.024424322,188.570648167,-2886.08301476,-2886.08301476,-35.7130206228,188.570648167,3.55398334093e-15,207.311618478,59.184614867,207.229066405,-59.2671665437,188.495559215,-4.26325641456e-14,0,49.0473812258,149.820584656,-104.072866377,-3.82169782933
0.0926,-2816.20157296,-2816.20157296,-2251.7826568,-2816.20157296,825.127175954,1033.92876952,-34.8482924222,188.5707701,94.2853850502,188.570977329,-2816.20157296,-2184.05311231,800.069231634,188.5707701,-2816.20157296,-2816.20157296,-34.8482924222,188.5707701,-9.9349272843e-16,207.311752529,60.3099296987,207.229066461,-60.3926155163,188.495559215,-3.5527136788e-14,0,60.4535762485,146.090937234,-103.261893537,-3.9224496744
0.0928,-2730.31791206,-2730.31791206,-2181.2830953,-2730.31791205,990.40544109,1243.12674298,-33.7855492726,188.570894555,94.2854472777,188.571101785,-2730.31791206,-2115.39977634,960.077187158,188.570894555,-2730.31791206,-2730.31791206,-33.7855492726,188.570894555,-5.54095970284e-15,207.311889353,61.6560412943,207.229066405,-61.7388638845,188.495559215,-3.5527136788e-14,0,71.5879815361,141.475420713,-102.468689208,-4.04079097616
0.093,-2628.92004013,-2628.92004013,-2098.82809723,-2628.92004013,1149.67683768,1445.26102231,-32.5308298925,188.571021974,94.2855109871,188.571229203,-2628.92004013,-2035.21805263,1114.20510361,188.571021974,-2628.92004013,-2628.92004013,-32.5308298925,188.571021974,-9.93479659538e-16,207.312029435,63.2144112289,207.229066433,-63.2973738989,188.495559215,-2.84217094304e-14,0,82.3790951656,135.99208838,-101.69624629,-4.17604793213
0.0932,-2512.58412013,-2512.58412013,-2004.93174275,-2512.58412013,1302.10234734,1639.1830402,-31.0912638478,188.57115278,94.2855763901,188.571360009,-2512.58412013,-1944.01457054,1261.65110822,188.57115278,-2512.58412013,-2512.58412013,-31.0912638478,188.57115278,-5.54094663398e-15,207.312173241,64.9754023254,207.229066433,-65.0585087981,188.495559215,-2.84217094304e-14,0,92.7563632329,129.665173948,-100.947442622,-4.32745005561
0.0934,-2381.97119594,-2381.97119594,-1900.16303989,-2381.97119594,1446.88749259,1823.79089308,-29.4750310399,188.571287376,94.2856436879,188.571494605,-2381.97119594,-1842.34729297,1401.65761423,188.571287376,-2381.97119594,-2381.97119594,-29.4750310399,188.571287376,-9.93466590698e-16,207.312321214,66.9283435047,207.229066433,-67.01159798,188.495559215,-2.84217094304e-14,0,102.65077316,122.525080824,-100.225024659,-4.49413449968
0.0936,-2237.82343627,-2237.82343627,-1785.14199867,-2237.82343627,1583.28528715,1998.0356023,-27.6913152259,188.571426141,94.2857130706,188.57163337,-2237.82343627,-1730.8215701,1533.51387403,188.571426141,-2237.82343627,-2237.82343627,-27.6913152259,188.571426141,-5.54093356516e-15,207.31247377,69.0615982711,207.229066461,-69.1450052796,188.495559215,-2.84217094304e-14,0,111.99545445,114.608306534,-99.5315918942,-4.67515089911
0.0938,-2080.95991744,-2080.95991744,-1660.53563967,-2080.95991744,1710.59885956,2160.92707466,-25.750251835,188.571569431,94.2857847156,188.57177666,-2080.95991744,-1610.08617505,1656.55820226,188.571569431,-2080.95991744,-2080.95991744,-25.750251835,188.571569431,-5.54092248331e-15,207.312631301,71.3626354635,207.229066433,-71.4462000426,188.495559215,-2.84217094304e-14,0,120.726278882,105.957300666,-98.8695821265,-4.86946672337
0.094,-1912.27196925,-1912.27196925,-1527.05399988,-1912.27196925,1828.18371625,2311.53972833,-23.6628703765,188.571717575,94.2858587874,188.571924804,-1912.27196925,-1480.82938894,1770.17983536,188.571717575,-1912.27196925,-1912.27196925,-23.6628703765,188.571717575,-3.26717692078e-15,207.312794168,73.818102777,207.229066433,-73.9018302235,188.495559215,-2.13162820728e-14,0,128.782451845,96.6202558165,-98.241257645,-5.07597309015
0.0942,-1732.71811027,-1732.71811027,-1385.44612885,-1732.71811027,1935.44972204,2449.01775215,-21.4410317683,188.571870873,94.2859354364,188.572078102,-1732.71811027,-1343.77512436,1873.82051862,188.571870873,-1732.71811027,-1732.71811027,-21.4410317683,188.571870873,-9.9343590573e-16,207.312962701,76.4139013588,207.229066461,-76.4977973006,188.495559215,-2.13162820728e-14,0,136.107086463,86.6508321236,-97.6486924173,-5.29349102693
0.0944,-1543.31860134,-1543.31860134,-1236.49613415,-1543.31860134,2031.8627741,2572.57996858,-19.0973609406,188.572029596,94.2860147982,188.572236825,-1543.31860134,-1199.67914986,1966.97579747,188.572029596,-1543.31860134,-1543.31860134,-19.0973609406,188.572029596,-3.26716839956e-15,207.313137199,79.1352618933,207.229066461,-79.2193323474,188.495559215,-1.42108547152e-14,0,142.647752195,76.1078171191,-97.09376035,-5.52077812493
0.0946,-1345.14964827,-1345.14964827,-1081.01925064,-1345.14964827,2116.94624494,2681.52427245,-16.6451750985,188.572193986,94.2860969931,188.572401215,-1345.14964827,-1049.32538321,2049.19610098,188.572193986,-1345.14964827,-1345.14964827,-16.6451750985,188.572193986,-3.26716186523e-15,207.313317927,81.9668219686,207.229066433,-82.0510731702,188.495559215,-1.42108547152e-14,0,148.356989838,65.0547237366,-96.5781246881,-5.75653556818
0.0948,-1139.33728657,-1139.33728657,-919.857987428,-1139.33728657,2190.28217704,2775.2316205,-14.0984080512,188.572364251,94.2861821255,188.57257148,-1139.33728657,-893.522309845,2120.08760111,188.572364251,-1139.33728657,-1139.33728657,-14.0984080512,188.572364251,-9.93420850213e-16,207.313505113,84.8927035928,207.229066461,-84.9771419719,188.495559215,-1.42108547152e-14,0,153.192785256,53.5593304128,-96.1032286141,-5.99941547742
0.095,-927.050983125,-927.050983125,-753.878309678,-927.050983125,2251.51229763,2853.16954889,-11.4715310369,188.572540567,94.2862702833,188.572747796,-927.050983125,-733.099474293,2179.31292716,188.572540567,-927.050983125,-927.050983125,-11.4715310369,188.572540567,-2.13028610372e-15,207.313698952,87.8965913355,207.229066433,-87.9812235666,188.495559215,-7.1054273576e-15,0,157.11899467,41.6931682132,-95.6702870992,-6.24802854774
0.0952,-709.496991071,-709.496991071,-583.96590425,-709.496991071,2300.33883969,2914.89519874,-8.77947049498,188.572723075,94.2863615376,188.572930304,-709.496991071,-568.9040951,2226.59172224,188.572723075,-709.496991071,-709.496991071,-8.77947049498,188.572723075,1.43452637544e-16,207.313899599,90.9618108869,207.229066433,-91.0466437199,188.495559215,-7.1054273576e-15,0,160.105715048,29.530960886,-95.2802800529,-6.50095191625
0.0954,-487.911495585,-487.911495585,-411.022471167,-487.911495585,2336.52522629,2960.05783262,-6.03752325038,188.572911885,94.2864559423,188.573119114,-487.911495585,-401.797733792,2261.70110773,188.572911885,-487.911495585,-487.911495585,-6.03752325038,188.572911885,-4.24981269536e-16,207.314107173,94.0714073181,207.229066433,-94.1564477417,188.495559215,0,0,162.129593925,17.1500245512,-94.9339468089,-6.75673723537
0.0956,-263.553589653,-263.553589653,-235.96208617,-263.553589652,2359.89660527,2988.40082743,-3.26126959432,188.573107068,94.286553534,188.573314297,-263.553589653,-232.653063841,2284.47604305,188.573107068,-263.553589653,-263.553589653,-3.26126959432,188.573107068,-9.93414039748e-16,207.314321755,97.2082239687,207.229066405,-97.2934789981,188.495559215,0,0,163.1740739,4.62963448663,-94.6317819798,-7.01391888583
0.0958,-37.6981196501,-37.6981196501,-59.7075648087,-37.6981196499,2370.34027633,2999.76313261,-0.466484753864,188.573308663,94.2866543315,188.573515892,-37.6981196501,-62.3506569826,2294.80962897,188.573308663,-37.6981196501,-37.6981196501,-0.466484753864,188.573308663,1.34678238311e-18,207.314543385,100.354980946,207.229066433,-100.440457547,188.495559215,0,0,163.22956808,-7.94963297787,-94.3740327011,-7.27102230269
0.096,188.371558588,188.371558588,116.813128528,188.371558588,2367.80599678,2994.08018528,2.33095074601,188.573516673,94.2867583363,188.573723902,188.371558588,108.224169398,2292.65334024,188.573516673,188.371558588,188.371558588,2.33095074601,188.573516673,1.43455184733e-16,207.314772067,103.494353265,207.229066433,-103.580058626,188.495559215,0,0,162.293563805,-20.5065749696,-94.1606972833,-7.52657234706
0.0962,413.370872054,413.370872054,292.670503353,413.370872054,2352.30619051,2971.38427709,5.11514131877,188.573731064,94.2868655319,188.573938293,413.370872054,278.184534661,2278.01721564,188.573731064,413.370872054,413.370872054,5.11514131877,188.573731064,4.2767170791e-16,207.315007766,106.609050244,207.229066433,-106.694991238,188.495559215,7.1054273576e-15,0,160.370653153,-32.9600442538,-93.9915252758,-7.77910169603
0.0964,636.021329766,636.021329766,466.937153579,636.021329766,2323.91604462,2931.8043707,7.8702666382,188.573951769,94.2869758844,188.574158998,636.021329766,446.645162766,2250.96998824,188.573951769,636.021329766,636.021329766,7.8702666382,188.573951769,1.56453809292e-15,207.315250406,109.681892902,207.229066433,-109.768076586,188.495559215,7.1054273576e-15,0,157.472489861,-45.2296301908,-93.8660189448,-8.02715918276
0.0966,855.05778741,855.05778741,638.691434772,855.05778741,2282.77349998,2875.56536705,10.5806715326,188.574178685,94.2870893425,188.574385914,855.05778741,612.725629043,2211.63916277,188.574178685,855.05778741,855.05778741,10.5806715326,188.574178685,4.27667723495e-16,207.315499874,112.695893496,207.229066433,-112.782326609,188.495559215,7.1054273576e-15,0,153.617673482,-57.2363296564,-93.7834361544,-8.26931805967
0.0968,1069.23563614,1069.23563614,807.021160915,1069.23563614,2229.07911852,2802.98682737,13.2309549408,188.574411675,94.2872058375,188.574618904,1069.23563614,775.55363791,2160.2110203,188.574411675,1069.23563614,1069.23563614,13.2309549408,188.574411675,2.70140134886e-15,207.315756019,115.634333134,207.229066433,-115.721022352,188.495559215,7.1054273576e-15,0,148.831562755,-68.9031992761,-93.7427946359,-8.50418411716
0.097,1277.3378747,1277.3378747,971.027397057,1277.3378747,2163.09581529,2714.4811574,15.8060574237,188.574650568,94.287325284,188.574857797,1277.3378747,934.268421988,2096.93053611,188.574650568,1277.3378747,1277.3378747,15.8060574237,188.574650568,4.27661465363e-16,207.316018654,118.480840445,207.229066461,-118.567792376,188.495559215,1.42108547152e-14,0,143.146021248,-80.1559807264,-93.7428776186,-8.73040363206
0.0972,1478.18202464,1478.18202464,1129.82829489,1478.18202464,2085.14843798,2610.55126401,18.2913467353,188.57489516,94.2874475801,188.575102389,1478.18202464,1088.02420813,2022.10118994,188.57489516,1478.18202464,1478.18202464,18.2913467353,188.57489516,2.70139509074e-15,207.316287555,121.219470054,207.229066433,-121.306690906,188.495559215,1.42108547152e-14,0,136.599099429,-90.9236913281,-93.7822407928,-8.94667108006
0.0974,1670.62684946,1670.62684946,1282.56304044,1670.62684946,1995.62316539,2491.78769759,20.6727009661,188.575145216,94.2875726078,188.575352445,1670.62684946,1235.99383254,1936.08463519,188.575145216,1670.62684946,1670.62684946,20.6727009661,188.575145216,2.70138968795e-15,207.316562462,123.834780097,207.229066433,-123.922275827,188.495559215,2.13162820728e-14,0,129.234658208,-101.139172847,-93.859220561,-9.1517365884
0.0976,1853.57883927,1853.57883927,1428.39585338,1853.57883927,1894.96670959,2358.86529641,22.9365887862,188.575400467,94.2877002336,188.575607696,1853.57883927,1377.37244185,1839.30020804,188.575400467,1853.57883927,1853.57883927,22.9365887862,188.575400467,4.27649804482e-16,207.316843082,126.311909795,207.229066433,-126.399686146,188.495559215,2.13162820728e-14,0,121.101939922,-110.739592159,-93.9719435357,-9.34441306608
0.0978,2025.99842436,2025.99842436,1566.520096,2025.99842436,1783.68527968,2212.53935207,25.0701463335,188.575660619,94.2878303094,188.575867848,2025.99842436,1511.38134954,1732.224227,188.575660619,2025.99842436,2025.99842436,25.0701463335,188.575660619,4.27648949183e-16,207.317129088,128.636656582,207.229066461,-128.724718947,188.495559215,2.84217094304e-14,0,112.255093422,-119.666888345,-94.1183372224,-9.52358299092
0.098,2186.90588226,2186.90588226,1696.16242276,2186.90588226,1662.34329689,2053.64131779,27.0612503083,188.575925346,94.2879626728,188.576132575,2186.90588226,1637.27197458,1615.38906881,188.575925346,2186.90588226,2186.90588226,27.0612503083,188.575925346,4.27648093886e-16,207.317420125,130.795551986,207.229066405,-130.883905312,188.495559215,2.84217094304e-14,0,102.752660536,-127.868161742,-94.296141835,-9.68820479467
0.0982,2335.3869047,2335.3869047,1816.58701466,2335.3869047,1531.56180917,1883.07408387,28.8985868607,188.576194296,94.2880971481,188.576401525,2335.3869047,1754.32991597,1489.38195976,188.576194296,2335.3869047,2335.3869047,28.8985868607,188.576194296,4.27647238591e-16,207.317715805,132.775936067,207.229066433,-132.864585154,188.495559215,2.84217094304e-14,0,92.6570316308,-135.296001534,-94.5029231686,-9.83731882949
0.0984,2470.59779289,2470.59779289,1927.09982065,2470.59779289,1392.01660347,1701.80684738,30.5717158779,188.576467094,94.288233547,188.576674323,2470.59779289,1861.87907958,1354.8434771,188.576467094,2470.59779289,2470.59779289,30.5717158779,188.576467094,4.97511534469e-15,207.318015715,134.566031337,207.229066433,-134.654980291,188.495559215,3.5527136788e-14,0,82.0338783171,-141.908749516,-94.7360864626,-9.97005286185
0.0986,2591.77025158,2591.77025158,2027.05283499,2591.77025158,1244.43595849,1510.86960491,32.0711303072,188.57674334,94.28837167,188.576950569,2591.77025158,1959.28589358,1212.46569297,188.57674334,2591.77025158,2591.77025158,32.0711303072,188.57674334,4.97510539447e-15,207.318319415,136.155012906,207.229066433,-136.2442656,188.495559215,3.5527136788e-14,0,70.9515714435,-147.670698839,-94.9928911696,-10.0856270821
0.0988,2698.2157547,2698.2157547,2115.84832524,2698.2157547,1089.59804819,1311.34729995,33.3883101764,188.577022614,94.2885113068,188.577229843,2698.2157547,2045.96351993,1062.98996861,188.577022614,2698.2157547,2698.2157547,33.3883101764,188.577022614,4.27626482876e-16,207.318626444,137.533077747,207.229066433,-137.622637473,188.495559215,3.5527136788e-14,0,59.4805925508,-152.552227598,-95.2704665524,-10.1833585811
0.099,2789.32945766,2789.32945766,2192.94302439,2789.32945766,928.3279378,1104.37365805,34.515771007,188.577304475,94.2886522377,188.577511704,2789.32945766,2121.37608008,907.204329728,188.577304475,2789.32945766,2789.32945766,34.515771007,188.577304475,4.97509458902e-15,207.318936319,138.691509724,207.229066433,-138.781379281,188.495559215,3.5527136788e-14,0,47.6929467498,-156.529868236,-95.5658280125,-10.262665288
0.0992,2864.59363424,2864.59363424,2257.85219676,2864.59363424,761.49419799,891.124744731,35.4471063416,188.57758847,94.2887942348,188.577795699,2864.59363424,2185.04279633,745.940447416,188.57758847,2864.59363424,2864.59363424,35.4471063416,188.57758847,4.27615677444e-16,207.319248537,139.622741252,207.229066376,-139.712923012,188.495559215,3.5527136788e-14,0,35.6615846877,-159.58631479,-95.8758940658,-10.323069327
0.0994,2923.58061836,2923.58061836,2310.15357659,2923.58061836,590.005082557,672.812282848,36.177024147,188.577874126,94.2889370629,188.578081355,2923.58061836,2236.54205006,580.070159046,188.577874126,2923.58061836,2923.58061836,36.177024147,188.577874126,4.27614822214e-16,207.319562583,140.320410848,207.229066405,-140.410906682,188.495559215,4.26325641456e-14,0,23.4598407739,-161.710370964,-96.1975038608,-10.3641997924
0.0996,2965.95523421,2965.95523421,2349.49108765,2965.95523421,414.804312841,450.676767362,36.7013768847,188.578160962,94.2890804812,188.578368191,2965.95523421,2275.51525613,410.50157306,188.578160962,2965.95523421,2965.95523421,36.7013768847,188.578160962,4.27613966985e-16,207.319877927,140.779415458,207.229066433,-140.870226636,188.495559215,4.26325641456e-14,0,11.1608942698,-162.896842905,-96.5274351471,-10.3857949079
0.0998,2991.47670078,2991.47670078,2375.57833053,2991.47670078,236.86642158,225.980416584,37.0171850777,188.578448488,94.2892242441,188.578655717,2991.47670078,2301.67054005,238.174699936,188.578448488,2991.47670078,2991.47670078,37.0171850777,188.578448488,4.97508207315e-15,207.320194028,140.995957047,207.229066433,-141.087084302,188.495559215,4.97379915032e-14,0,-1.16274089649,-163.146381357,-96.862422585,-10.3877035755
0.1,3000,3000,2388.20174898,3000,57.1917187256,-1.40430920833e-10,37.122654241,188.578736206,94.2893681031,188.578943435,3000,2314.78612013,64.056674556,188.578736206,3000,3000,37.122654241,188.578736206,4.27603161604e-16,207.320510341,140.967582881,207.229066433,-141.059026491,188.495559215,4.97379915032e-14,0,-13.4396925068,-162.465278508,-97.1991762993,-10.3698862859
